ARM GAS  C:\Users\nicx5\AppData\Local\Temp\ccBxLq1r.s 			page 1


   1              		.cpu cortex-m7
   2              		.arch armv7e-m
   3              		.fpu fpv5-d16
   4              		.eabi_attribute 28, 1
   5              		.eabi_attribute 20, 1
   6              		.eabi_attribute 21, 1
   7              		.eabi_attribute 23, 3
   8              		.eabi_attribute 24, 1
   9              		.eabi_attribute 25, 1
  10              		.eabi_attribute 26, 1
  11              		.eabi_attribute 30, 4
  12              		.eabi_attribute 34, 1
  13              		.eabi_attribute 18, 4
  14              		.file	"stm32h7xx_hal_dma.c"
  15              		.file 1 "D:/Program Files/msys64/mingw64/arm-none-eabi/include/machine/_default_types.h"
  16              		.file 2 "D:/Program Files/msys64/mingw64/arm-none-eabi/include/sys/_stdint.h"
  17              		.file 3 "Drivers/CMSIS/Device/ST/STM32H7xx/Include/stm32h750xx.h"
  18              		.file 4 "Drivers/STM32H7xx_HAL_Driver/Inc/stm32h7xx_hal_def.h"
  19              		.file 5 "Drivers/STM32H7xx_HAL_Driver/Inc/stm32h7xx_hal_dma.h"
  20              		.file 6 "Drivers/STM32H7xx_HAL_Driver/Src/stm32h7xx_hal_dma.c"
  21              		.file 7 "Drivers/CMSIS/Device/ST/STM32H7xx/Include/system_stm32h7xx.h"
  22              		.file 8 "Drivers/STM32H7xx_HAL_Driver/Inc/stm32h7xx_hal.h"
  23              		.section	.gnu.debuglto_.debug_info,"e",%progbits
  24              	.Ldebug_info0:
  25              		.hidden	stm32h7xx_hal_dma.c.5e6ed95f
  26              		.weak	stm32h7xx_hal_dma.c.5e6ed95f
  27              	stm32h7xx_hal_dma.c.5e6ed95f:
  28 0000 F20B0000 		.4byte	0xbf2
  29 0004 0200     		.2byte	0x2
  30 0006 00000000 		.4byte	.Ldebug_abbrev0
  31 000a 04       		.byte	0x4
  32 000b 01       		.uleb128 0x1
  33 000c 56000000 		.4byte	.LASF151
  34 0010 0C       		.byte	0xc
  35 0011 11000000 		.4byte	.LASF152
  36 0015 75090000 		.4byte	.LASF153
  37 0019 00000000 		.4byte	.Ldebug_line0
  38 001d 02       		.uleb128 0x2
  39 001e 02       		.byte	0x2
  40 001f 05       		.byte	0x5
  41 0020 1E050000 		.4byte	.LASF0
  42 0024 02       		.uleb128 0x2
  43 0025 01       		.byte	0x1
  44 0026 06       		.byte	0x6
  45 0027 5B020000 		.4byte	.LASF1
  46 002b 03       		.uleb128 0x3
  47 002c 4B010000 		.4byte	.LASF5
  48 0030 01       		.byte	0x1
  49 0031 2B       		.byte	0x2b
  50 0032 18       		.byte	0x18
  51 0033 37000000 		.4byte	0x37
  52 0037 02       		.uleb128 0x2
  53 0038 01       		.byte	0x1
  54 0039 08       		.byte	0x8
  55 003a 6E060000 		.4byte	.LASF2
  56 003e 02       		.uleb128 0x2
  57 003f 02       		.byte	0x2
ARM GAS  C:\Users\nicx5\AppData\Local\Temp\ccBxLq1r.s 			page 2


  58 0040 07       		.byte	0x7
  59 0041 A3040000 		.4byte	.LASF3
  60 0045 02       		.uleb128 0x2
  61 0046 04       		.byte	0x4
  62 0047 05       		.byte	0x5
  63 0048 E7020000 		.4byte	.LASF4
  64 004c 03       		.uleb128 0x3
  65 004d 76030000 		.4byte	.LASF6
  66 0051 01       		.byte	0x1
  67 0052 4F       		.byte	0x4f
  68 0053 19       		.byte	0x19
  69 0054 58000000 		.4byte	0x58
  70 0058 02       		.uleb128 0x2
  71 0059 04       		.byte	0x4
  72 005a 07       		.byte	0x7
  73 005b 42040000 		.4byte	.LASF7
  74 005f 02       		.uleb128 0x2
  75 0060 08       		.byte	0x8
  76 0061 05       		.byte	0x5
  77 0062 4D020000 		.4byte	.LASF8
  78 0066 02       		.uleb128 0x2
  79 0067 08       		.byte	0x8
  80 0068 07       		.byte	0x7
  81 0069 C3010000 		.4byte	.LASF9
  82 006d 04       		.uleb128 0x4
  83 006e 04       		.byte	0x4
  84 006f 05       		.byte	0x5
  85 0070 696E7400 		.ascii	"int\000"
  86 0074 02       		.uleb128 0x2
  87 0075 04       		.byte	0x4
  88 0076 07       		.byte	0x7
  89 0077 D3030000 		.4byte	.LASF10
  90 007b 03       		.uleb128 0x3
  91 007c CF080000 		.4byte	.LASF11
  92 0080 02       		.byte	0x2
  93 0081 18       		.byte	0x18
  94 0082 13       		.byte	0x13
  95 0083 2B000000 		.4byte	0x2b
  96 0087 05       		.uleb128 0x5
  97 0088 7B000000 		.4byte	0x7b
  98 008c 03       		.uleb128 0x3
  99 008d 38070000 		.4byte	.LASF12
 100 0091 02       		.byte	0x2
 101 0092 30       		.byte	0x30
 102 0093 14       		.byte	0x14
 103 0094 4C000000 		.4byte	0x4c
 104 0098 06       		.uleb128 0x6
 105 0099 8C000000 		.4byte	0x8c
 106 009d 05       		.uleb128 0x5
 107 009e 98000000 		.4byte	0x98
 108 00a2 07       		.uleb128 0x7
 109 00a3 01040000 		.4byte	.LASF154
 110 00a7 07       		.byte	0x7
 111 00a8 39       		.byte	0x39
 112 00a9 11       		.byte	0x11
 113 00aa 8C000000 		.4byte	0x8c
 114 00ae 01       		.byte	0x1
ARM GAS  C:\Users\nicx5\AppData\Local\Temp\ccBxLq1r.s 			page 3


 115 00af 01       		.byte	0x1
 116 00b0 08       		.uleb128 0x8
 117 00b1 58       		.byte	0x58
 118 00b2 03       		.byte	0x3
 119 00b3 0A02     		.2byte	0x20a
 120 00b5 09       		.byte	0x9
 121 00b6 7A010000 		.4byte	0x17a
 122 00ba 09       		.uleb128 0x9
 123 00bb DA010000 		.4byte	.LASF13
 124 00bf 03       		.byte	0x3
 125 00c0 0C02     		.2byte	0x20c
 126 00c2 11       		.byte	0x11
 127 00c3 98000000 		.4byte	0x98
 128 00c7 02       		.byte	0x2
 129 00c8 23       		.byte	0x23
 130 00c9 00       		.uleb128 0
 131 00ca 0A       		.uleb128 0xa
 132 00cb 435200   		.ascii	"CR\000"
 133 00ce 03       		.byte	0x3
 134 00cf 0D02     		.2byte	0x20d
 135 00d1 11       		.byte	0x11
 136 00d2 98000000 		.4byte	0x98
 137 00d6 02       		.byte	0x2
 138 00d7 23       		.byte	0x23
 139 00d8 04       		.uleb128 0x4
 140 00d9 09       		.uleb128 0x9
 141 00da 25060000 		.4byte	.LASF14
 142 00de 03       		.byte	0x3
 143 00df 0E02     		.2byte	0x20e
 144 00e1 0C       		.byte	0xc
 145 00e2 7A010000 		.4byte	0x17a
 146 00e6 02       		.byte	0x2
 147 00e7 23       		.byte	0x23
 148 00e8 08       		.uleb128 0x8
 149 00e9 09       		.uleb128 0x9
 150 00ea 0D090000 		.4byte	.LASF15
 151 00ee 03       		.byte	0x3
 152 00ef 0F02     		.2byte	0x20f
 153 00f1 11       		.byte	0x11
 154 00f2 98000000 		.4byte	0x98
 155 00f6 02       		.byte	0x2
 156 00f7 23       		.byte	0x23
 157 00f8 34       		.uleb128 0x34
 158 00f9 09       		.uleb128 0x9
 159 00fa 2F060000 		.4byte	.LASF16
 160 00fe 03       		.byte	0x3
 161 00ff 1002     		.2byte	0x210
 162 0101 0C       		.byte	0xc
 163 0102 8C000000 		.4byte	0x8c
 164 0106 02       		.byte	0x2
 165 0107 23       		.byte	0x23
 166 0108 38       		.uleb128 0x38
 167 0109 09       		.uleb128 0x9
 168 010a BE030000 		.4byte	.LASF17
 169 010e 03       		.byte	0x3
 170 010f 1102     		.2byte	0x211
 171 0111 11       		.byte	0x11
ARM GAS  C:\Users\nicx5\AppData\Local\Temp\ccBxLq1r.s 			page 4


 172 0112 98000000 		.4byte	0x98
 173 0116 02       		.byte	0x2
 174 0117 23       		.byte	0x23
 175 0118 3C       		.uleb128 0x3c
 176 0119 09       		.uleb128 0x9
 177 011a 39060000 		.4byte	.LASF18
 178 011e 03       		.byte	0x3
 179 011f 1202     		.2byte	0x212
 180 0121 0C       		.byte	0xc
 181 0122 8C000000 		.4byte	0x8c
 182 0126 02       		.byte	0x2
 183 0127 23       		.byte	0x23
 184 0128 40       		.uleb128 0x40
 185 0129 09       		.uleb128 0x9
 186 012a 5E070000 		.4byte	.LASF19
 187 012e 03       		.byte	0x3
 188 012f 1302     		.2byte	0x213
 189 0131 11       		.byte	0x11
 190 0132 98000000 		.4byte	0x98
 191 0136 02       		.byte	0x2
 192 0137 23       		.byte	0x23
 193 0138 44       		.uleb128 0x44
 194 0139 09       		.uleb128 0x9
 195 013a 43060000 		.4byte	.LASF20
 196 013e 03       		.byte	0x3
 197 013f 1402     		.2byte	0x214
 198 0141 0C       		.byte	0xc
 199 0142 8C000000 		.4byte	0x8c
 200 0146 02       		.byte	0x2
 201 0147 23       		.byte	0x23
 202 0148 48       		.uleb128 0x48
 203 0149 09       		.uleb128 0x9
 204 014a 43010000 		.4byte	.LASF21
 205 014e 03       		.byte	0x3
 206 014f 1502     		.2byte	0x215
 207 0151 11       		.byte	0x11
 208 0152 98000000 		.4byte	0x98
 209 0156 02       		.byte	0x2
 210 0157 23       		.byte	0x23
 211 0158 4C       		.uleb128 0x4c
 212 0159 09       		.uleb128 0x9
 213 015a 4D060000 		.4byte	.LASF22
 214 015e 03       		.byte	0x3
 215 015f 1602     		.2byte	0x216
 216 0161 0C       		.byte	0xc
 217 0162 8C000000 		.4byte	0x8c
 218 0166 02       		.byte	0x2
 219 0167 23       		.byte	0x23
 220 0168 50       		.uleb128 0x50
 221 0169 09       		.uleb128 0x9
 222 016a 30080000 		.4byte	.LASF23
 223 016e 03       		.byte	0x3
 224 016f 1702     		.2byte	0x217
 225 0171 11       		.byte	0x11
 226 0172 98000000 		.4byte	0x98
 227 0176 02       		.byte	0x2
 228 0177 23       		.byte	0x23
ARM GAS  C:\Users\nicx5\AppData\Local\Temp\ccBxLq1r.s 			page 5


 229 0178 54       		.uleb128 0x54
 230 0179 00       		.byte	0
 231 017a 0B       		.uleb128 0xb
 232 017b 8C000000 		.4byte	0x8c
 233 017f 8A010000 		.4byte	0x18a
 234 0183 0C       		.uleb128 0xc
 235 0184 74000000 		.4byte	0x74
 236 0188 0A       		.byte	0xa
 237 0189 00       		.byte	0
 238 018a 0D       		.uleb128 0xd
 239 018b FE060000 		.4byte	.LASF24
 240 018f 03       		.byte	0x3
 241 0190 1802     		.2byte	0x218
 242 0192 02       		.byte	0x2
 243 0193 B0000000 		.4byte	0xb0
 244 0197 08       		.uleb128 0x8
 245 0198 18       		.byte	0x18
 246 0199 03       		.byte	0x3
 247 019a 3002     		.2byte	0x230
 248 019c 09       		.byte	0x9
 249 019d 01020000 		.4byte	0x201
 250 01a1 0A       		.uleb128 0xa
 251 01a2 435200   		.ascii	"CR\000"
 252 01a5 03       		.byte	0x3
 253 01a6 3202     		.2byte	0x232
 254 01a8 11       		.byte	0x11
 255 01a9 98000000 		.4byte	0x98
 256 01ad 02       		.byte	0x2
 257 01ae 23       		.byte	0x23
 258 01af 00       		.uleb128 0
 259 01b0 09       		.uleb128 0x9
 260 01b1 18080000 		.4byte	.LASF25
 261 01b5 03       		.byte	0x3
 262 01b6 3302     		.2byte	0x233
 263 01b8 11       		.byte	0x11
 264 01b9 98000000 		.4byte	0x98
 265 01bd 02       		.byte	0x2
 266 01be 23       		.byte	0x23
 267 01bf 04       		.uleb128 0x4
 268 01c0 0A       		.uleb128 0xa
 269 01c1 50415200 		.ascii	"PAR\000"
 270 01c5 03       		.byte	0x3
 271 01c6 3402     		.2byte	0x234
 272 01c8 11       		.byte	0x11
 273 01c9 98000000 		.4byte	0x98
 274 01cd 02       		.byte	0x2
 275 01ce 23       		.byte	0x23
 276 01cf 08       		.uleb128 0x8
 277 01d0 09       		.uleb128 0x9
 278 01d1 46000000 		.4byte	.LASF26
 279 01d5 03       		.byte	0x3
 280 01d6 3502     		.2byte	0x235
 281 01d8 11       		.byte	0x11
 282 01d9 98000000 		.4byte	0x98
 283 01dd 02       		.byte	0x2
 284 01de 23       		.byte	0x23
 285 01df 0C       		.uleb128 0xc
ARM GAS  C:\Users\nicx5\AppData\Local\Temp\ccBxLq1r.s 			page 6


 286 01e0 09       		.uleb128 0x9
 287 01e1 40080000 		.4byte	.LASF27
 288 01e5 03       		.byte	0x3
 289 01e6 3602     		.2byte	0x236
 290 01e8 11       		.byte	0x11
 291 01e9 98000000 		.4byte	0x98
 292 01ed 02       		.byte	0x2
 293 01ee 23       		.byte	0x23
 294 01ef 10       		.uleb128 0x10
 295 01f0 0A       		.uleb128 0xa
 296 01f1 46435200 		.ascii	"FCR\000"
 297 01f5 03       		.byte	0x3
 298 01f6 3702     		.2byte	0x237
 299 01f8 11       		.byte	0x11
 300 01f9 98000000 		.4byte	0x98
 301 01fd 02       		.byte	0x2
 302 01fe 23       		.byte	0x23
 303 01ff 14       		.uleb128 0x14
 304 0200 00       		.byte	0
 305 0201 0D       		.uleb128 0xd
 306 0202 1D080000 		.4byte	.LASF28
 307 0206 03       		.byte	0x3
 308 0207 3802     		.2byte	0x238
 309 0209 03       		.byte	0x3
 310 020a 97010000 		.4byte	0x197
 311 020e 08       		.uleb128 0x8
 312 020f 14       		.byte	0x14
 313 0210 03       		.byte	0x3
 314 0211 4202     		.2byte	0x242
 315 0213 09       		.byte	0x9
 316 0214 69020000 		.4byte	0x269
 317 0218 0A       		.uleb128 0xa
 318 0219 43435200 		.ascii	"CCR\000"
 319 021d 03       		.byte	0x3
 320 021e 4402     		.2byte	0x244
 321 0220 11       		.byte	0x11
 322 0221 98000000 		.4byte	0x98
 323 0225 02       		.byte	0x2
 324 0226 23       		.byte	0x23
 325 0227 00       		.uleb128 0
 326 0228 09       		.uleb128 0x9
 327 0229 B6080000 		.4byte	.LASF29
 328 022d 03       		.byte	0x3
 329 022e 4502     		.2byte	0x245
 330 0230 11       		.byte	0x11
 331 0231 98000000 		.4byte	0x98
 332 0235 02       		.byte	0x2
 333 0236 23       		.byte	0x23
 334 0237 04       		.uleb128 0x4
 335 0238 09       		.uleb128 0x9
 336 0239 25040000 		.4byte	.LASF30
 337 023d 03       		.byte	0x3
 338 023e 4602     		.2byte	0x246
 339 0240 11       		.byte	0x11
 340 0241 98000000 		.4byte	0x98
 341 0245 02       		.byte	0x2
 342 0246 23       		.byte	0x23
ARM GAS  C:\Users\nicx5\AppData\Local\Temp\ccBxLq1r.s 			page 7


 343 0247 08       		.uleb128 0x8
 344 0248 09       		.uleb128 0x9
 345 0249 03020000 		.4byte	.LASF31
 346 024d 03       		.byte	0x3
 347 024e 4702     		.2byte	0x247
 348 0250 11       		.byte	0x11
 349 0251 98000000 		.4byte	0x98
 350 0255 02       		.byte	0x2
 351 0256 23       		.byte	0x23
 352 0257 0C       		.uleb128 0xc
 353 0258 09       		.uleb128 0x9
 354 0259 07090000 		.4byte	.LASF32
 355 025d 03       		.byte	0x3
 356 025e 4802     		.2byte	0x248
 357 0260 11       		.byte	0x11
 358 0261 98000000 		.4byte	0x98
 359 0265 02       		.byte	0x2
 360 0266 23       		.byte	0x23
 361 0267 10       		.uleb128 0x10
 362 0268 00       		.byte	0
 363 0269 0D       		.uleb128 0xd
 364 026a 67070000 		.4byte	.LASF33
 365 026e 03       		.byte	0x3
 366 026f 4902     		.2byte	0x249
 367 0271 03       		.byte	0x3
 368 0272 0E020000 		.4byte	0x20e
 369 0276 08       		.uleb128 0x8
 370 0277 04       		.byte	0x4
 371 0278 03       		.byte	0x3
 372 0279 5102     		.2byte	0x251
 373 027b 09       		.byte	0x9
 374 027c 91020000 		.4byte	0x291
 375 0280 0A       		.uleb128 0xa
 376 0281 43435200 		.ascii	"CCR\000"
 377 0285 03       		.byte	0x3
 378 0286 5302     		.2byte	0x253
 379 0288 12       		.byte	0x12
 380 0289 98000000 		.4byte	0x98
 381 028d 02       		.byte	0x2
 382 028e 23       		.byte	0x23
 383 028f 00       		.uleb128 0
 384 0290 00       		.byte	0
 385 0291 0D       		.uleb128 0xd
 386 0292 71080000 		.4byte	.LASF34
 387 0296 03       		.byte	0x3
 388 0297 5402     		.2byte	0x254
 389 0299 02       		.byte	0x2
 390 029a 76020000 		.4byte	0x276
 391 029e 08       		.uleb128 0x8
 392 029f 08       		.byte	0x8
 393 02a0 03       		.byte	0x3
 394 02a1 5602     		.2byte	0x256
 395 02a3 09       		.byte	0x9
 396 02a4 C9020000 		.4byte	0x2c9
 397 02a8 0A       		.uleb128 0xa
 398 02a9 43535200 		.ascii	"CSR\000"
 399 02ad 03       		.byte	0x3
ARM GAS  C:\Users\nicx5\AppData\Local\Temp\ccBxLq1r.s 			page 8


 400 02ae 5802     		.2byte	0x258
 401 02b0 12       		.byte	0x12
 402 02b1 98000000 		.4byte	0x98
 403 02b5 02       		.byte	0x2
 404 02b6 23       		.byte	0x23
 405 02b7 00       		.uleb128 0
 406 02b8 0A       		.uleb128 0xa
 407 02b9 43465200 		.ascii	"CFR\000"
 408 02bd 03       		.byte	0x3
 409 02be 5902     		.2byte	0x259
 410 02c0 12       		.byte	0x12
 411 02c1 98000000 		.4byte	0x98
 412 02c5 02       		.byte	0x2
 413 02c6 23       		.byte	0x23
 414 02c7 04       		.uleb128 0x4
 415 02c8 00       		.byte	0
 416 02c9 0D       		.uleb128 0xd
 417 02ca 85010000 		.4byte	.LASF35
 418 02ce 03       		.byte	0x3
 419 02cf 5A02     		.2byte	0x25a
 420 02d1 02       		.byte	0x2
 421 02d2 9E020000 		.4byte	0x29e
 422 02d6 08       		.uleb128 0x8
 423 02d7 04       		.byte	0x4
 424 02d8 03       		.byte	0x3
 425 02d9 5C02     		.2byte	0x25c
 426 02db 09       		.byte	0x9
 427 02dc F1020000 		.4byte	0x2f1
 428 02e0 09       		.uleb128 0x9
 429 02e1 F8050000 		.4byte	.LASF36
 430 02e5 03       		.byte	0x3
 431 02e6 5E02     		.2byte	0x25e
 432 02e8 12       		.byte	0x12
 433 02e9 98000000 		.4byte	0x98
 434 02ed 02       		.byte	0x2
 435 02ee 23       		.byte	0x23
 436 02ef 00       		.uleb128 0
 437 02f0 00       		.byte	0
 438 02f1 0D       		.uleb128 0xd
 439 02f2 DE050000 		.4byte	.LASF37
 440 02f6 03       		.byte	0x3
 441 02f7 5F02     		.2byte	0x25f
 442 02f9 02       		.byte	0x2
 443 02fa D6020000 		.4byte	0x2d6
 444 02fe 08       		.uleb128 0x8
 445 02ff 08       		.byte	0x8
 446 0300 03       		.byte	0x3
 447 0301 6102     		.2byte	0x261
 448 0303 09       		.byte	0x9
 449 0304 29030000 		.4byte	0x329
 450 0308 09       		.uleb128 0x9
 451 0309 D1060000 		.4byte	.LASF38
 452 030d 03       		.byte	0x3
 453 030e 6302     		.2byte	0x263
 454 0310 12       		.byte	0x12
 455 0311 98000000 		.4byte	0x98
 456 0315 02       		.byte	0x2
ARM GAS  C:\Users\nicx5\AppData\Local\Temp\ccBxLq1r.s 			page 9


 457 0316 23       		.byte	0x23
 458 0317 00       		.uleb128 0
 459 0318 09       		.uleb128 0x9
 460 0319 F8040000 		.4byte	.LASF39
 461 031d 03       		.byte	0x3
 462 031e 6402     		.2byte	0x264
 463 0320 12       		.byte	0x12
 464 0321 98000000 		.4byte	0x98
 465 0325 02       		.byte	0x2
 466 0326 23       		.byte	0x23
 467 0327 04       		.uleb128 0x4
 468 0328 00       		.byte	0
 469 0329 0D       		.uleb128 0xd
 470 032a 55090000 		.4byte	.LASF40
 471 032e 03       		.byte	0x3
 472 032f 6502     		.2byte	0x265
 473 0331 02       		.byte	0x2
 474 0332 FE020000 		.4byte	0x2fe
 475 0336 02       		.uleb128 0x2
 476 0337 08       		.byte	0x8
 477 0338 04       		.byte	0x4
 478 0339 75050000 		.4byte	.LASF41
 479 033d 0E       		.uleb128 0xe
 480 033e 04       		.byte	0x4
 481 033f 02       		.uleb128 0x2
 482 0340 01       		.byte	0x1
 483 0341 08       		.byte	0x8
 484 0342 8F070000 		.4byte	.LASF42
 485 0346 02       		.uleb128 0x2
 486 0347 04       		.byte	0x4
 487 0348 04       		.byte	0x4
 488 0349 FD050000 		.4byte	.LASF43
 489 034d 02       		.uleb128 0x2
 490 034e 08       		.byte	0x8
 491 034f 04       		.byte	0x4
 492 0350 49030000 		.4byte	.LASF44
 493 0354 0F       		.uleb128 0xf
 494 0355 07       		.byte	0x7
 495 0356 01       		.byte	0x1
 496 0357 37000000 		.4byte	0x37
 497 035b 04       		.byte	0x4
 498 035c 28       		.byte	0x28
 499 035d 01       		.byte	0x1
 500 035e 7B030000 		.4byte	0x37b
 501 0362 10       		.uleb128 0x10
 502 0363 71040000 		.4byte	.LASF45
 503 0367 00       		.byte	0
 504 0368 10       		.uleb128 0x10
 505 0369 4A070000 		.4byte	.LASF46
 506 036d 01       		.byte	0x1
 507 036e 10       		.uleb128 0x10
 508 036f 69010000 		.4byte	.LASF47
 509 0373 02       		.byte	0x2
 510 0374 10       		.uleb128 0x10
 511 0375 C7030000 		.4byte	.LASF48
 512 0379 03       		.byte	0x3
 513 037a 00       		.byte	0
ARM GAS  C:\Users\nicx5\AppData\Local\Temp\ccBxLq1r.s 			page 10


 514 037b 03       		.uleb128 0x3
 515 037c FE040000 		.4byte	.LASF49
 516 0380 04       		.byte	0x4
 517 0381 2D       		.byte	0x2d
 518 0382 03       		.byte	0x3
 519 0383 54030000 		.4byte	0x354
 520 0387 0F       		.uleb128 0xf
 521 0388 07       		.byte	0x7
 522 0389 01       		.byte	0x1
 523 038a 37000000 		.4byte	0x37
 524 038e 04       		.byte	0x4
 525 038f 33       		.byte	0x33
 526 0390 01       		.byte	0x1
 527 0391 A2030000 		.4byte	0x3a2
 528 0395 10       		.uleb128 0x10
 529 0396 33090000 		.4byte	.LASF50
 530 039a 00       		.byte	0
 531 039b 10       		.uleb128 0x10
 532 039c 99050000 		.4byte	.LASF51
 533 03a0 01       		.byte	0x1
 534 03a1 00       		.byte	0
 535 03a2 03       		.uleb128 0x3
 536 03a3 D7020000 		.4byte	.LASF52
 537 03a7 04       		.byte	0x4
 538 03a8 36       		.byte	0x36
 539 03a9 03       		.byte	0x3
 540 03aa 87030000 		.4byte	0x387
 541 03ae 11       		.uleb128 0x11
 542 03af 30       		.byte	0x30
 543 03b0 05       		.byte	0x5
 544 03b1 30       		.byte	0x30
 545 03b2 09       		.byte	0x9
 546 03b3 6C040000 		.4byte	0x46c
 547 03b7 12       		.uleb128 0x12
 548 03b8 6E030000 		.4byte	.LASF53
 549 03bc 05       		.byte	0x5
 550 03bd 32       		.byte	0x32
 551 03be 0C       		.byte	0xc
 552 03bf 8C000000 		.4byte	0x8c
 553 03c3 02       		.byte	0x2
 554 03c4 23       		.byte	0x23
 555 03c5 00       		.uleb128 0
 556 03c6 12       		.uleb128 0x12
 557 03c7 89030000 		.4byte	.LASF54
 558 03cb 05       		.byte	0x5
 559 03cc 35       		.byte	0x35
 560 03cd 0C       		.byte	0xc
 561 03ce 8C000000 		.4byte	0x8c
 562 03d2 02       		.byte	0x2
 563 03d3 23       		.byte	0x23
 564 03d4 04       		.uleb128 0x4
 565 03d5 12       		.uleb128 0x12
 566 03d6 F0020000 		.4byte	.LASF55
 567 03da 05       		.byte	0x5
 568 03db 39       		.byte	0x39
 569 03dc 0C       		.byte	0xc
 570 03dd 8C000000 		.4byte	0x8c
ARM GAS  C:\Users\nicx5\AppData\Local\Temp\ccBxLq1r.s 			page 11


 571 03e1 02       		.byte	0x2
 572 03e2 23       		.byte	0x23
 573 03e3 08       		.uleb128 0x8
 574 03e4 12       		.uleb128 0x12
 575 03e5 CA060000 		.4byte	.LASF56
 576 03e9 05       		.byte	0x5
 577 03ea 3C       		.byte	0x3c
 578 03eb 0C       		.byte	0xc
 579 03ec 8C000000 		.4byte	0x8c
 580 03f0 02       		.byte	0x2
 581 03f1 23       		.byte	0x23
 582 03f2 0C       		.uleb128 0xc
 583 03f3 12       		.uleb128 0x12
 584 03f4 45080000 		.4byte	.LASF57
 585 03f8 05       		.byte	0x5
 586 03f9 3F       		.byte	0x3f
 587 03fa 0C       		.byte	0xc
 588 03fb 8C000000 		.4byte	0x8c
 589 03ff 02       		.byte	0x2
 590 0400 23       		.byte	0x23
 591 0401 10       		.uleb128 0x10
 592 0402 12       		.uleb128 0x12
 593 0403 E7040000 		.4byte	.LASF58
 594 0407 05       		.byte	0x5
 595 0408 42       		.byte	0x42
 596 0409 0C       		.byte	0xc
 597 040a 8C000000 		.4byte	0x8c
 598 040e 02       		.byte	0x2
 599 040f 23       		.byte	0x23
 600 0410 14       		.uleb128 0x14
 601 0411 12       		.uleb128 0x12
 602 0412 C0070000 		.4byte	.LASF59
 603 0416 05       		.byte	0x5
 604 0417 45       		.byte	0x45
 605 0418 0C       		.byte	0xc
 606 0419 8C000000 		.4byte	0x8c
 607 041d 02       		.byte	0x2
 608 041e 23       		.byte	0x23
 609 041f 18       		.uleb128 0x18
 610 0420 12       		.uleb128 0x12
 611 0421 B6040000 		.4byte	.LASF60
 612 0425 05       		.byte	0x5
 613 0426 4A       		.byte	0x4a
 614 0427 0C       		.byte	0xc
 615 0428 8C000000 		.4byte	0x8c
 616 042c 02       		.byte	0x2
 617 042d 23       		.byte	0x23
 618 042e 1C       		.uleb128 0x1c
 619 042f 12       		.uleb128 0x12
 620 0430 41070000 		.4byte	.LASF61
 621 0434 05       		.byte	0x5
 622 0435 4D       		.byte	0x4d
 623 0436 0C       		.byte	0xc
 624 0437 8C000000 		.4byte	0x8c
 625 043b 02       		.byte	0x2
 626 043c 23       		.byte	0x23
 627 043d 20       		.uleb128 0x20
ARM GAS  C:\Users\nicx5\AppData\Local\Temp\ccBxLq1r.s 			page 12


 628 043e 12       		.uleb128 0x12
 629 043f 81070000 		.4byte	.LASF62
 630 0443 05       		.byte	0x5
 631 0444 52       		.byte	0x52
 632 0445 0C       		.byte	0xc
 633 0446 8C000000 		.4byte	0x8c
 634 044a 02       		.byte	0x2
 635 044b 23       		.byte	0x23
 636 044c 24       		.uleb128 0x24
 637 044d 12       		.uleb128 0x12
 638 044e FA020000 		.4byte	.LASF63
 639 0452 05       		.byte	0x5
 640 0453 55       		.byte	0x55
 641 0454 0C       		.byte	0xc
 642 0455 8C000000 		.4byte	0x8c
 643 0459 02       		.byte	0x2
 644 045a 23       		.byte	0x23
 645 045b 28       		.uleb128 0x28
 646 045c 12       		.uleb128 0x12
 647 045d C7090000 		.4byte	.LASF64
 648 0461 05       		.byte	0x5
 649 0462 5B       		.byte	0x5b
 650 0463 0C       		.byte	0xc
 651 0464 8C000000 		.4byte	0x8c
 652 0468 02       		.byte	0x2
 653 0469 23       		.byte	0x23
 654 046a 2C       		.uleb128 0x2c
 655 046b 00       		.byte	0
 656 046c 03       		.uleb128 0x3
 657 046d 33010000 		.4byte	.LASF65
 658 0471 05       		.byte	0x5
 659 0472 60       		.byte	0x60
 660 0473 02       		.byte	0x2
 661 0474 AE030000 		.4byte	0x3ae
 662 0478 0F       		.uleb128 0xf
 663 0479 07       		.byte	0x7
 664 047a 01       		.byte	0x1
 665 047b 37000000 		.4byte	0x37
 666 047f 05       		.byte	0x5
 667 0480 66       		.byte	0x66
 668 0481 01       		.byte	0x1
 669 0482 A5040000 		.4byte	0x4a5
 670 0486 10       		.uleb128 0x10
 671 0487 E0030000 		.4byte	.LASF66
 672 048b 00       		.byte	0
 673 048c 10       		.uleb128 0x10
 674 048d 41050000 		.4byte	.LASF67
 675 0491 01       		.byte	0x1
 676 0492 10       		.uleb128 0x10
 677 0493 AD060000 		.4byte	.LASF68
 678 0497 02       		.byte	0x2
 679 0498 10       		.uleb128 0x10
 680 0499 35030000 		.4byte	.LASF69
 681 049d 03       		.byte	0x3
 682 049e 10       		.uleb128 0x10
 683 049f C9040000 		.4byte	.LASF70
 684 04a3 04       		.byte	0x4
ARM GAS  C:\Users\nicx5\AppData\Local\Temp\ccBxLq1r.s 			page 13


 685 04a4 00       		.byte	0
 686 04a5 03       		.uleb128 0x3
 687 04a6 8A060000 		.4byte	.LASF71
 688 04aa 05       		.byte	0x5
 689 04ab 6C       		.byte	0x6c
 690 04ac 02       		.byte	0x2
 691 04ad 78040000 		.4byte	0x478
 692 04b1 06       		.uleb128 0x6
 693 04b2 A5040000 		.4byte	0x4a5
 694 04b6 0F       		.uleb128 0xf
 695 04b7 07       		.byte	0x7
 696 04b8 01       		.byte	0x1
 697 04b9 37000000 		.4byte	0x37
 698 04bd 05       		.byte	0x5
 699 04be 72       		.byte	0x72
 700 04bf 01       		.byte	0x1
 701 04c0 D1040000 		.4byte	0x4d1
 702 04c4 10       		.uleb128 0x10
 703 04c5 A4050000 		.4byte	.LASF72
 704 04c9 00       		.byte	0
 705 04ca 10       		.uleb128 0x10
 706 04cb 1F030000 		.4byte	.LASF73
 707 04cf 01       		.byte	0x1
 708 04d0 00       		.byte	0
 709 04d1 03       		.uleb128 0x3
 710 04d2 9D070000 		.4byte	.LASF74
 711 04d6 05       		.byte	0x5
 712 04d7 75       		.byte	0x75
 713 04d8 02       		.byte	0x2
 714 04d9 B6040000 		.4byte	0x4b6
 715 04dd 0F       		.uleb128 0xf
 716 04de 07       		.byte	0x7
 717 04df 01       		.byte	0x1
 718 04e0 37000000 		.4byte	0x37
 719 04e4 05       		.byte	0x5
 720 04e5 7B       		.byte	0x7b
 721 04e6 01       		.byte	0x1
 722 04e7 16050000 		.4byte	0x516
 723 04eb 10       		.uleb128 0x10
 724 04ec 2A040000 		.4byte	.LASF75
 725 04f0 00       		.byte	0
 726 04f1 10       		.uleb128 0x10
 727 04f2 03030000 		.4byte	.LASF76
 728 04f6 01       		.byte	0x1
 729 04f7 10       		.uleb128 0x10
 730 04f8 E9010000 		.4byte	.LASF77
 731 04fc 02       		.byte	0x2
 732 04fd 10       		.uleb128 0x10
 733 04fe D3070000 		.4byte	.LASF78
 734 0502 03       		.byte	0x3
 735 0503 10       		.uleb128 0x10
 736 0504 28050000 		.4byte	.LASF79
 737 0508 04       		.byte	0x4
 738 0509 10       		.uleb128 0x10
 739 050a FF070000 		.4byte	.LASF80
 740 050e 05       		.byte	0x5
 741 050f 10       		.uleb128 0x10
ARM GAS  C:\Users\nicx5\AppData\Local\Temp\ccBxLq1r.s 			page 14


 742 0510 67020000 		.4byte	.LASF81
 743 0514 06       		.byte	0x6
 744 0515 00       		.byte	0
 745 0516 03       		.uleb128 0x3
 746 0517 93030000 		.4byte	.LASF82
 747 051b 05       		.byte	0x5
 748 051c 83       		.byte	0x83
 749 051d 02       		.byte	0x2
 750 051e DD040000 		.4byte	0x4dd
 751 0522 13       		.uleb128 0x13
 752 0523 24070000 		.4byte	.LASF155
 753 0527 78       		.byte	0x78
 754 0528 05       		.byte	0x5
 755 0529 88       		.byte	0x88
 756 052a 10       		.byte	0x10
 757 052b 5C060000 		.4byte	0x65c
 758 052f 12       		.uleb128 0x12
 759 0530 1C060000 		.4byte	.LASF83
 760 0534 05       		.byte	0x5
 761 0535 8A       		.byte	0x8a
 762 0536 24       		.byte	0x24
 763 0537 3D030000 		.4byte	0x33d
 764 053b 02       		.byte	0x2
 765 053c 23       		.byte	0x23
 766 053d 00       		.uleb128 0
 767 053e 12       		.uleb128 0x12
 768 053f 55050000 		.4byte	.LASF84
 769 0543 05       		.byte	0x5
 770 0544 8C       		.byte	0x8c
 771 0545 23       		.byte	0x23
 772 0546 6C040000 		.4byte	0x46c
 773 054a 02       		.byte	0x2
 774 054b 23       		.byte	0x23
 775 054c 04       		.uleb128 0x4
 776 054d 12       		.uleb128 0x12
 777 054e 69030000 		.4byte	.LASF85
 778 0552 05       		.byte	0x5
 779 0553 8E       		.byte	0x8e
 780 0554 23       		.byte	0x23
 781 0555 A2030000 		.4byte	0x3a2
 782 0559 02       		.byte	0x2
 783 055a 23       		.byte	0x23
 784 055b 34       		.uleb128 0x34
 785 055c 12       		.uleb128 0x12
 786 055d BA070000 		.4byte	.LASF86
 787 0561 05       		.byte	0x5
 788 0562 90       		.byte	0x90
 789 0563 23       		.byte	0x23
 790 0564 B1040000 		.4byte	0x4b1
 791 0568 02       		.byte	0x2
 792 0569 23       		.byte	0x23
 793 056a 35       		.uleb128 0x35
 794 056b 12       		.uleb128 0x12
 795 056c 62030000 		.4byte	.LASF87
 796 0570 05       		.byte	0x5
 797 0571 92       		.byte	0x92
 798 0572 24       		.byte	0x24
ARM GAS  C:\Users\nicx5\AppData\Local\Temp\ccBxLq1r.s 			page 15


 799 0573 3D030000 		.4byte	0x33d
 800 0577 02       		.byte	0x2
 801 0578 23       		.byte	0x23
 802 0579 38       		.uleb128 0x38
 803 057a 12       		.uleb128 0x12
 804 057b B6090000 		.4byte	.LASF88
 805 057f 05       		.byte	0x5
 806 0580 94       		.byte	0x94
 807 0581 26       		.byte	0x26
 808 0582 6E060000 		.4byte	0x66e
 809 0586 02       		.byte	0x2
 810 0587 23       		.byte	0x23
 811 0588 3C       		.uleb128 0x3c
 812 0589 12       		.uleb128 0x12
 813 058a 89020000 		.4byte	.LASF89
 814 058e 05       		.byte	0x5
 815 058f 96       		.byte	0x96
 816 0590 26       		.byte	0x26
 817 0591 6E060000 		.4byte	0x66e
 818 0595 02       		.byte	0x2
 819 0596 23       		.byte	0x23
 820 0597 40       		.uleb128 0x40
 821 0598 12       		.uleb128 0x12
 822 0599 C4020000 		.4byte	.LASF90
 823 059d 05       		.byte	0x5
 824 059e 98       		.byte	0x98
 825 059f 26       		.byte	0x26
 826 05a0 6E060000 		.4byte	0x66e
 827 05a4 02       		.byte	0x2
 828 05a5 23       		.byte	0x23
 829 05a6 44       		.uleb128 0x44
 830 05a7 12       		.uleb128 0x12
 831 05a8 57060000 		.4byte	.LASF91
 832 05ac 05       		.byte	0x5
 833 05ad 9A       		.byte	0x9a
 834 05ae 26       		.byte	0x26
 835 05af 6E060000 		.4byte	0x66e
 836 05b3 02       		.byte	0x2
 837 05b4 23       		.byte	0x23
 838 05b5 48       		.uleb128 0x48
 839 05b6 12       		.uleb128 0x12
 840 05b7 CC050000 		.4byte	.LASF92
 841 05bb 05       		.byte	0x5
 842 05bc 9C       		.byte	0x9c
 843 05bd 26       		.byte	0x26
 844 05be 6E060000 		.4byte	0x66e
 845 05c2 02       		.byte	0x2
 846 05c3 23       		.byte	0x23
 847 05c4 4C       		.uleb128 0x4c
 848 05c5 12       		.uleb128 0x12
 849 05c6 89090000 		.4byte	.LASF93
 850 05ca 05       		.byte	0x5
 851 05cb 9E       		.byte	0x9e
 852 05cc 26       		.byte	0x26
 853 05cd 6E060000 		.4byte	0x66e
 854 05d1 02       		.byte	0x2
 855 05d2 23       		.byte	0x23
ARM GAS  C:\Users\nicx5\AppData\Local\Temp\ccBxLq1r.s 			page 16


 856 05d3 50       		.uleb128 0x50
 857 05d4 12       		.uleb128 0x12
 858 05d5 DD040000 		.4byte	.LASF94
 859 05d9 05       		.byte	0x5
 860 05da A0       		.byte	0xa0
 861 05db 23       		.byte	0x23
 862 05dc 98000000 		.4byte	0x98
 863 05e0 02       		.byte	0x2
 864 05e1 23       		.byte	0x23
 865 05e2 54       		.uleb128 0x54
 866 05e3 12       		.uleb128 0x12
 867 05e4 50030000 		.4byte	.LASF95
 868 05e8 05       		.byte	0x5
 869 05e9 A2       		.byte	0xa2
 870 05ea 23       		.byte	0x23
 871 05eb 8C000000 		.4byte	0x8c
 872 05ef 02       		.byte	0x2
 873 05f0 23       		.byte	0x23
 874 05f1 58       		.uleb128 0x58
 875 05f2 12       		.uleb128 0x12
 876 05f3 65040000 		.4byte	.LASF96
 877 05f7 05       		.byte	0x5
 878 05f8 A4       		.byte	0xa4
 879 05f9 23       		.byte	0x23
 880 05fa 8C000000 		.4byte	0x8c
 881 05fe 02       		.byte	0x2
 882 05ff 23       		.byte	0x23
 883 0600 5C       		.uleb128 0x5c
 884 0601 12       		.uleb128 0x12
 885 0602 F1070000 		.4byte	.LASF97
 886 0606 05       		.byte	0x5
 887 0607 A6       		.byte	0xa6
 888 0608 24       		.byte	0x24
 889 0609 74060000 		.4byte	0x674
 890 060d 02       		.byte	0x2
 891 060e 23       		.byte	0x23
 892 060f 60       		.uleb128 0x60
 893 0610 12       		.uleb128 0x12
 894 0611 55010000 		.4byte	.LASF98
 895 0615 05       		.byte	0x5
 896 0616 A8       		.byte	0xa8
 897 0617 24       		.byte	0x24
 898 0618 7A060000 		.4byte	0x67a
 899 061c 02       		.byte	0x2
 900 061d 23       		.byte	0x23
 901 061e 64       		.uleb128 0x64
 902 061f 12       		.uleb128 0x12
 903 0620 59080000 		.4byte	.LASF99
 904 0624 05       		.byte	0x5
 905 0625 AA       		.byte	0xaa
 906 0626 23       		.byte	0x23
 907 0627 8C000000 		.4byte	0x8c
 908 062b 02       		.byte	0x2
 909 062c 23       		.byte	0x23
 910 062d 68       		.uleb128 0x68
 911 062e 12       		.uleb128 0x12
 912 062f AD030000 		.4byte	.LASF100
ARM GAS  C:\Users\nicx5\AppData\Local\Temp\ccBxLq1r.s 			page 17


 913 0633 05       		.byte	0x5
 914 0634 AD       		.byte	0xad
 915 0635 24       		.byte	0x24
 916 0636 80060000 		.4byte	0x680
 917 063a 02       		.byte	0x2
 918 063b 23       		.byte	0x23
 919 063c 6C       		.uleb128 0x6c
 920 063d 12       		.uleb128 0x12
 921 063e 0D070000 		.4byte	.LASF101
 922 0642 05       		.byte	0x5
 923 0643 AF       		.byte	0xaf
 924 0644 24       		.byte	0x24
 925 0645 86060000 		.4byte	0x686
 926 0649 02       		.byte	0x2
 927 064a 23       		.byte	0x23
 928 064b 70       		.uleb128 0x70
 929 064c 12       		.uleb128 0x12
 930 064d 9B090000 		.4byte	.LASF102
 931 0651 05       		.byte	0x5
 932 0652 B1       		.byte	0xb1
 933 0653 23       		.byte	0x23
 934 0654 8C000000 		.4byte	0x8c
 935 0658 02       		.byte	0x2
 936 0659 23       		.byte	0x23
 937 065a 74       		.uleb128 0x74
 938 065b 00       		.byte	0
 939 065c 14       		.uleb128 0x14
 940 065d 01       		.byte	0x1
 941 065e 68060000 		.4byte	0x668
 942 0662 15       		.uleb128 0x15
 943 0663 68060000 		.4byte	0x668
 944 0667 00       		.byte	0
 945 0668 16       		.uleb128 0x16
 946 0669 04       		.byte	0x4
 947 066a 22050000 		.4byte	0x522
 948 066e 16       		.uleb128 0x16
 949 066f 04       		.byte	0x4
 950 0670 5C060000 		.4byte	0x65c
 951 0674 16       		.uleb128 0x16
 952 0675 04       		.byte	0x4
 953 0676 91020000 		.4byte	0x291
 954 067a 16       		.uleb128 0x16
 955 067b 04       		.byte	0x4
 956 067c C9020000 		.4byte	0x2c9
 957 0680 16       		.uleb128 0x16
 958 0681 04       		.byte	0x4
 959 0682 F1020000 		.4byte	0x2f1
 960 0686 16       		.uleb128 0x16
 961 0687 04       		.byte	0x4
 962 0688 29030000 		.4byte	0x329
 963 068c 03       		.uleb128 0x3
 964 068d BA050000 		.4byte	.LASF103
 965 0691 05       		.byte	0x5
 966 0692 B3       		.byte	0xb3
 967 0693 02       		.byte	0x2
 968 0694 22050000 		.4byte	0x522
 969 0698 16       		.uleb128 0x16
ARM GAS  C:\Users\nicx5\AppData\Local\Temp\ccBxLq1r.s 			page 18


 970 0699 04       		.byte	0x4
 971 069a 8C060000 		.4byte	0x68c
 972 069e 11       		.uleb128 0x11
 973 069f 0C       		.byte	0xc
 974 06a0 06       		.byte	0x6
 975 06a1 70       		.byte	0x70
 976 06a2 09       		.byte	0x9
 977 06a3 D5060000 		.4byte	0x6d5
 978 06a7 17       		.uleb128 0x17
 979 06a8 49535200 		.ascii	"ISR\000"
 980 06ac 06       		.byte	0x6
 981 06ad 72       		.byte	0x72
 982 06ae 11       		.byte	0x11
 983 06af 98000000 		.4byte	0x98
 984 06b3 02       		.byte	0x2
 985 06b4 23       		.byte	0x23
 986 06b5 00       		.uleb128 0
 987 06b6 12       		.uleb128 0x12
 988 06b7 9E020000 		.4byte	.LASF104
 989 06bb 06       		.byte	0x6
 990 06bc 73       		.byte	0x73
 991 06bd 11       		.byte	0x11
 992 06be 98000000 		.4byte	0x98
 993 06c2 02       		.byte	0x2
 994 06c3 23       		.byte	0x23
 995 06c4 04       		.uleb128 0x4
 996 06c5 12       		.uleb128 0x12
 997 06c6 7C070000 		.4byte	.LASF105
 998 06ca 06       		.byte	0x6
 999 06cb 74       		.byte	0x74
 1000 06cc 11       		.byte	0x11
 1001 06cd 98000000 		.4byte	0x98
 1002 06d1 02       		.byte	0x2
 1003 06d2 23       		.byte	0x23
 1004 06d3 08       		.uleb128 0x8
 1005 06d4 00       		.byte	0
 1006 06d5 03       		.uleb128 0x3
 1007 06d6 20090000 		.4byte	.LASF106
 1008 06da 06       		.byte	0x6
 1009 06db 75       		.byte	0x75
 1010 06dc 03       		.byte	0x3
 1011 06dd 9E060000 		.4byte	0x69e
 1012 06e1 11       		.uleb128 0x11
 1013 06e2 08       		.byte	0x8
 1014 06e3 06       		.byte	0x6
 1015 06e4 77       		.byte	0x77
 1016 06e5 09       		.byte	0x9
 1017 06e6 09070000 		.4byte	0x709
 1018 06ea 17       		.uleb128 0x17
 1019 06eb 49535200 		.ascii	"ISR\000"
 1020 06ef 06       		.byte	0x6
 1021 06f0 79       		.byte	0x79
 1022 06f1 11       		.byte	0x11
 1023 06f2 98000000 		.4byte	0x98
 1024 06f6 02       		.byte	0x2
 1025 06f7 23       		.byte	0x23
 1026 06f8 00       		.uleb128 0
ARM GAS  C:\Users\nicx5\AppData\Local\Temp\ccBxLq1r.s 			page 19


 1027 06f9 12       		.uleb128 0x12
 1028 06fa 7C070000 		.4byte	.LASF105
 1029 06fe 06       		.byte	0x6
 1030 06ff 7A       		.byte	0x7a
 1031 0700 11       		.byte	0x11
 1032 0701 98000000 		.4byte	0x98
 1033 0705 02       		.byte	0x2
 1034 0706 23       		.byte	0x23
 1035 0707 04       		.uleb128 0x4
 1036 0708 00       		.byte	0
 1037 0709 03       		.uleb128 0x3
 1038 070a 11040000 		.4byte	.LASF107
 1039 070e 06       		.byte	0x6
 1040 070f 7B       		.byte	0x7b
 1041 0710 03       		.byte	0x3
 1042 0711 E1060000 		.4byte	0x6e1
 1043 0715 18       		.uleb128 0x18
 1044 0716 01       		.byte	0x1
 1045 0717 69050000 		.4byte	.LASF156
 1046 071b 08       		.byte	0x8
 1047 071c 3304     		.2byte	0x433
 1048 071e 0A       		.byte	0xa
 1049 071f 01       		.byte	0x1
 1050 0720 8C000000 		.4byte	0x8c
 1051 0724 01       		.byte	0x1
 1052 0725 19       		.uleb128 0x19
 1053 0726 09020000 		.4byte	.LASF108
 1054 072a 06       		.byte	0x6
 1055 072b E907     		.2byte	0x7e9
 1056 072d 0D       		.byte	0xd
 1057 072e 01       		.byte	0x1
 1058 072f 4E070000 		.4byte	0x74e
 1059 0733 1A       		.uleb128 0x1a
 1060 0734 48090000 		.4byte	.LASF110
 1061 0738 06       		.byte	0x6
 1062 0739 E907     		.2byte	0x7e9
 1063 073b 44       		.byte	0x44
 1064 073c 98060000 		.4byte	0x698
 1065 0740 1B       		.uleb128 0x1b
 1066 0741 38080000 		.4byte	.LASF111
 1067 0745 06       		.byte	0x6
 1068 0746 EB07     		.2byte	0x7eb
 1069 0748 0C       		.byte	0xc
 1070 0749 8C000000 		.4byte	0x8c
 1071 074d 00       		.byte	0
 1072 074e 19       		.uleb128 0x19
 1073 074f A2010000 		.4byte	.LASF109
 1074 0753 06       		.byte	0x6
 1075 0754 C607     		.2byte	0x7c6
 1076 0756 0D       		.byte	0xd
 1077 0757 01       		.byte	0x1
 1078 0758 84070000 		.4byte	0x784
 1079 075c 1A       		.uleb128 0x1a
 1080 075d 48090000 		.4byte	.LASF110
 1081 0761 06       		.byte	0x6
 1082 0762 C607     		.2byte	0x7c6
 1083 0764 41       		.byte	0x41
ARM GAS  C:\Users\nicx5\AppData\Local\Temp\ccBxLq1r.s 			page 20


 1084 0765 98060000 		.4byte	0x698
 1085 0769 1B       		.uleb128 0x1b
 1086 076a 9F060000 		.4byte	.LASF112
 1087 076e 06       		.byte	0x6
 1088 076f C807     		.2byte	0x7c8
 1089 0771 0C       		.byte	0xc
 1090 0772 8C000000 		.4byte	0x8c
 1091 0776 1B       		.uleb128 0x1b
 1092 0777 78040000 		.4byte	.LASF113
 1093 077b 06       		.byte	0x6
 1094 077c C907     		.2byte	0x7c9
 1095 077e 0C       		.byte	0xc
 1096 077f 8C000000 		.4byte	0x8c
 1097 0783 00       		.byte	0
 1098 0784 1C       		.uleb128 0x1c
 1099 0785 72010000 		.4byte	.LASF115
 1100 0789 06       		.byte	0x6
 1101 078a 6807     		.2byte	0x768
 1102 078c 1A       		.byte	0x1a
 1103 078d 01       		.byte	0x1
 1104 078e 7B030000 		.4byte	0x37b
 1105 0792 B1070000 		.4byte	0x7b1
 1106 0796 1A       		.uleb128 0x1a
 1107 0797 48090000 		.4byte	.LASF110
 1108 079b 06       		.byte	0x6
 1109 079c 6807     		.2byte	0x768
 1110 079e 40       		.byte	0x40
 1111 079f 98060000 		.4byte	0x698
 1112 07a3 1B       		.uleb128 0x1b
 1113 07a4 94080000 		.4byte	.LASF114
 1114 07a8 06       		.byte	0x6
 1115 07a9 6A07     		.2byte	0x76a
 1116 07ab 15       		.byte	0x15
 1117 07ac 7B030000 		.4byte	0x37b
 1118 07b0 00       		.byte	0
 1119 07b1 1C       		.uleb128 0x1c
 1120 07b2 81050000 		.4byte	.LASF116
 1121 07b6 06       		.byte	0x6
 1122 07b7 4407     		.2byte	0x744
 1123 07b9 11       		.byte	0x11
 1124 07ba 01       		.byte	0x1
 1125 07bb 8C000000 		.4byte	0x8c
 1126 07bf ED070000 		.4byte	0x7ed
 1127 07c3 1A       		.uleb128 0x1a
 1128 07c4 48090000 		.4byte	.LASF110
 1129 07c8 06       		.byte	0x6
 1130 07c9 4407     		.2byte	0x744
 1131 07cb 3C       		.byte	0x3c
 1132 07cc 98060000 		.4byte	0x698
 1133 07d0 1D       		.uleb128 0x1d
 1134 07d1 1B       		.uleb128 0x1b
 1135 07d2 9F060000 		.4byte	.LASF112
 1136 07d6 06       		.byte	0x6
 1137 07d7 4807     		.2byte	0x748
 1138 07d9 0E       		.byte	0xe
 1139 07da 8C000000 		.4byte	0x8c
 1140 07de 1B       		.uleb128 0x1b
ARM GAS  C:\Users\nicx5\AppData\Local\Temp\ccBxLq1r.s 			page 21


 1141 07df D7080000 		.4byte	.LASF117
 1142 07e3 06       		.byte	0x6
 1143 07e4 4B07     		.2byte	0x74b
 1144 07e6 1A       		.byte	0x1a
 1145 07e7 FD070000 		.4byte	0x7fd
 1146 07eb 00       		.byte	0
 1147 07ec 00       		.byte	0
 1148 07ed 0B       		.uleb128 0xb
 1149 07ee 87000000 		.4byte	0x87
 1150 07f2 FD070000 		.4byte	0x7fd
 1151 07f6 0C       		.uleb128 0xc
 1152 07f7 74000000 		.4byte	0x74
 1153 07fb 07       		.byte	0x7
 1154 07fc 00       		.byte	0
 1155 07fd 05       		.uleb128 0x5
 1156 07fe ED070000 		.4byte	0x7ed
 1157 0802 19       		.uleb128 0x19
 1158 0803 DF060000 		.4byte	.LASF118
 1159 0807 06       		.byte	0x6
 1160 0808 ED06     		.2byte	0x6ed
 1161 080a 0D       		.byte	0xd
 1162 080b 01       		.byte	0x1
 1163 080c 5F080000 		.4byte	0x85f
 1164 0810 1A       		.uleb128 0x1a
 1165 0811 48090000 		.4byte	.LASF110
 1166 0815 06       		.byte	0x6
 1167 0816 ED06     		.2byte	0x6ed
 1168 0818 2E       		.byte	0x2e
 1169 0819 98060000 		.4byte	0x698
 1170 081d 1A       		.uleb128 0x1a
 1171 081e 06000000 		.4byte	.LASF119
 1172 0822 06       		.byte	0x6
 1173 0823 ED06     		.2byte	0x6ed
 1174 0825 3D       		.byte	0x3d
 1175 0826 8C000000 		.4byte	0x8c
 1176 082a 1A       		.uleb128 0x1a
 1177 082b B9020000 		.4byte	.LASF120
 1178 082f 06       		.byte	0x6
 1179 0830 ED06     		.2byte	0x6ed
 1180 0832 52       		.byte	0x52
 1181 0833 8C000000 		.4byte	0x8c
 1182 0837 1A       		.uleb128 0x1a
 1183 0838 4B000000 		.4byte	.LASF121
 1184 083c 06       		.byte	0x6
 1185 083d ED06     		.2byte	0x6ed
 1186 083f 67       		.byte	0x67
 1187 0840 8C000000 		.4byte	0x8c
 1188 0844 1B       		.uleb128 0x1b
 1189 0845 D6060000 		.4byte	.LASF122
 1190 0849 06       		.byte	0x6
 1191 084a F006     		.2byte	0x6f0
 1192 084c 18       		.byte	0x18
 1193 084d 5F080000 		.4byte	0x85f
 1194 0851 1B       		.uleb128 0x1b
 1195 0852 BF040000 		.4byte	.LASF123
 1196 0856 06       		.byte	0x6
 1197 0857 F106     		.2byte	0x6f1
ARM GAS  C:\Users\nicx5\AppData\Local\Temp\ccBxLq1r.s 			page 22


 1198 0859 18       		.byte	0x18
 1199 085a 65080000 		.4byte	0x865
 1200 085e 00       		.byte	0
 1201 085f 16       		.uleb128 0x16
 1202 0860 04       		.byte	0x4
 1203 0861 D5060000 		.4byte	0x6d5
 1204 0865 16       		.uleb128 0x16
 1205 0866 04       		.byte	0x4
 1206 0867 09070000 		.4byte	0x709
 1207 086b 1E       		.uleb128 0x1e
 1208 086c 01       		.byte	0x1
 1209 086d ED060000 		.4byte	.LASF124
 1210 0871 06       		.byte	0x6
 1211 0872 D306     		.2byte	0x6d3
 1212 0874 0A       		.byte	0xa
 1213 0875 01       		.byte	0x1
 1214 0876 8C000000 		.4byte	0x8c
 1215 087a 8C080000 		.4byte	0x88c
 1216 087e 1A       		.uleb128 0x1a
 1217 087f 48090000 		.4byte	.LASF110
 1218 0883 06       		.byte	0x6
 1219 0884 D306     		.2byte	0x6d3
 1220 0886 2E       		.byte	0x2e
 1221 0887 98060000 		.4byte	0x698
 1222 088b 00       		.byte	0
 1223 088c 1E       		.uleb128 0x1e
 1224 088d 01       		.byte	0x1
 1225 088e 3C020000 		.4byte	.LASF125
 1226 0892 06       		.byte	0x6
 1227 0893 C806     		.2byte	0x6c8
 1228 0895 16       		.byte	0x16
 1229 0896 01       		.byte	0x1
 1230 0897 A5040000 		.4byte	0x4a5
 1231 089b AD080000 		.4byte	0x8ad
 1232 089f 1A       		.uleb128 0x1a
 1233 08a0 48090000 		.4byte	.LASF110
 1234 08a4 06       		.byte	0x6
 1235 08a5 C806     		.2byte	0x6c8
 1236 08a7 3A       		.byte	0x3a
 1237 08a8 98060000 		.4byte	0x698
 1238 08ac 00       		.byte	0
 1239 08ad 1E       		.uleb128 0x1e
 1240 08ae 01       		.byte	0x1
 1241 08af 9B080000 		.4byte	.LASF126
 1242 08b3 06       		.byte	0x6
 1243 08b4 6D06     		.2byte	0x66d
 1244 08b6 13       		.byte	0x13
 1245 08b7 01       		.byte	0x1
 1246 08b8 7B030000 		.4byte	0x37b
 1247 08bc E8080000 		.4byte	0x8e8
 1248 08c0 1A       		.uleb128 0x1a
 1249 08c1 48090000 		.4byte	.LASF110
 1250 08c5 06       		.byte	0x6
 1251 08c6 6D06     		.2byte	0x66d
 1252 08c8 41       		.byte	0x41
 1253 08c9 98060000 		.4byte	0x698
 1254 08cd 1A       		.uleb128 0x1a
ARM GAS  C:\Users\nicx5\AppData\Local\Temp\ccBxLq1r.s 			page 23


 1255 08ce 7E020000 		.4byte	.LASF127
 1256 08d2 06       		.byte	0x6
 1257 08d3 6D06     		.2byte	0x66d
 1258 08d5 61       		.byte	0x61
 1259 08d6 16050000 		.4byte	0x516
 1260 08da 1B       		.uleb128 0x1b
 1261 08db 94080000 		.4byte	.LASF114
 1262 08df 06       		.byte	0x6
 1263 08e0 6F06     		.2byte	0x66f
 1264 08e2 15       		.byte	0x15
 1265 08e3 7B030000 		.4byte	0x37b
 1266 08e7 00       		.byte	0
 1267 08e8 1E       		.uleb128 0x1e
 1268 08e9 01       		.byte	0x1
 1269 08ea 03060000 		.4byte	.LASF128
 1270 08ee 06       		.byte	0x6
 1271 08ef 2A06     		.2byte	0x62a
 1272 08f1 13       		.byte	0x13
 1273 08f2 01       		.byte	0x1
 1274 08f3 7B030000 		.4byte	0x37b
 1275 08f7 30090000 		.4byte	0x930
 1276 08fb 1A       		.uleb128 0x1a
 1277 08fc 48090000 		.4byte	.LASF110
 1278 0900 06       		.byte	0x6
 1279 0901 2A06     		.2byte	0x62a
 1280 0903 3F       		.byte	0x3f
 1281 0904 98060000 		.4byte	0x698
 1282 0908 1A       		.uleb128 0x1a
 1283 0909 7E020000 		.4byte	.LASF127
 1284 090d 06       		.byte	0x6
 1285 090e 2A06     		.2byte	0x62a
 1286 0910 5F       		.byte	0x5f
 1287 0911 16050000 		.4byte	0x516
 1288 0915 1A       		.uleb128 0x1a
 1289 0916 54070000 		.4byte	.LASF129
 1290 091a 06       		.byte	0x6
 1291 091b 2A06     		.2byte	0x62a
 1292 091d 73       		.byte	0x73
 1293 091e 3C090000 		.4byte	0x93c
 1294 0922 1B       		.uleb128 0x1b
 1295 0923 94080000 		.4byte	.LASF114
 1296 0927 06       		.byte	0x6
 1297 0928 2D06     		.2byte	0x62d
 1298 092a 15       		.byte	0x15
 1299 092b 7B030000 		.4byte	0x37b
 1300 092f 00       		.byte	0
 1301 0930 14       		.uleb128 0x14
 1302 0931 01       		.byte	0x1
 1303 0932 3C090000 		.4byte	0x93c
 1304 0936 15       		.uleb128 0x15
 1305 0937 98060000 		.4byte	0x698
 1306 093b 00       		.byte	0
 1307 093c 16       		.uleb128 0x16
 1308 093d 04       		.byte	0x4
 1309 093e 30090000 		.4byte	0x930
 1310 0942 1F       		.uleb128 0x1f
 1311 0943 01       		.byte	0x1
ARM GAS  C:\Users\nicx5\AppData\Local\Temp\ccBxLq1r.s 			page 24


 1312 0944 BC080000 		.4byte	.LASF148
 1313 0948 06       		.byte	0x6
 1314 0949 B804     		.2byte	0x4b8
 1315 094b 06       		.byte	0x6
 1316 094c 01       		.byte	0x1
 1317 094d BA090000 		.4byte	0x9ba
 1318 0951 1A       		.uleb128 0x1a
 1319 0952 48090000 		.4byte	.LASF110
 1320 0956 06       		.byte	0x6
 1321 0957 B804     		.2byte	0x4b8
 1322 0959 2C       		.byte	0x2c
 1323 095a 98060000 		.4byte	0x698
 1324 095e 1B       		.uleb128 0x1b
 1325 095f 15090000 		.4byte	.LASF130
 1326 0963 06       		.byte	0x6
 1327 0964 BA04     		.2byte	0x4ba
 1328 0966 0C       		.byte	0xc
 1329 0967 8C000000 		.4byte	0x8c
 1330 096b 1B       		.uleb128 0x1b
 1331 096c 88080000 		.4byte	.LASF131
 1332 0970 06       		.byte	0x6
 1333 0971 BA04     		.2byte	0x4ba
 1334 0973 18       		.byte	0x18
 1335 0974 8C000000 		.4byte	0x8c
 1336 0978 1B       		.uleb128 0x1b
 1337 0979 E1010000 		.4byte	.LASF132
 1338 097d 06       		.byte	0x6
 1339 097e BB04     		.2byte	0x4bb
 1340 0980 0C       		.byte	0xc
 1341 0981 8C000000 		.4byte	0x8c
 1342 0985 1B       		.uleb128 0x1b
 1343 0986 00000000 		.4byte	.LASF133
 1344 098a 06       		.byte	0x6
 1345 098b BC04     		.2byte	0x4bc
 1346 098d 11       		.byte	0x11
 1347 098e 98000000 		.4byte	0x98
 1348 0992 1B       		.uleb128 0x1b
 1349 0993 4D090000 		.4byte	.LASF134
 1350 0997 06       		.byte	0x6
 1351 0998 BD04     		.2byte	0x4bd
 1352 099a 0C       		.byte	0xc
 1353 099b 8C000000 		.4byte	0x8c
 1354 099f 1B       		.uleb128 0x1b
 1355 09a0 D6060000 		.4byte	.LASF122
 1356 09a4 06       		.byte	0x6
 1357 09a5 C004     		.2byte	0x4c0
 1358 09a7 18       		.byte	0x18
 1359 09a8 5F080000 		.4byte	0x85f
 1360 09ac 1B       		.uleb128 0x1b
 1361 09ad BF040000 		.4byte	.LASF123
 1362 09b1 06       		.byte	0x6
 1363 09b2 C104     		.2byte	0x4c1
 1364 09b4 18       		.byte	0x18
 1365 09b5 65080000 		.4byte	0x865
 1366 09b9 00       		.byte	0
 1367 09ba 1E       		.uleb128 0x1e
 1368 09bb 01       		.byte	0x1
ARM GAS  C:\Users\nicx5\AppData\Local\Temp\ccBxLq1r.s 			page 25


 1369 09bc 8B040000 		.4byte	.LASF135
 1370 09c0 06       		.byte	0x6
 1371 09c1 D503     		.2byte	0x3d5
 1372 09c3 13       		.byte	0x13
 1373 09c4 01       		.byte	0x1
 1374 09c5 7B030000 		.4byte	0x37b
 1375 09c9 360A0000 		.4byte	0xa36
 1376 09cd 1A       		.uleb128 0x1a
 1377 09ce 48090000 		.4byte	.LASF110
 1378 09d2 06       		.byte	0x6
 1379 09d3 D503     		.2byte	0x3d5
 1380 09d5 3E       		.byte	0x3e
 1381 09d6 98060000 		.4byte	0x698
 1382 09da 1A       		.uleb128 0x1a
 1383 09db 7C060000 		.4byte	.LASF136
 1384 09df 06       		.byte	0x6
 1385 09e0 D503     		.2byte	0x3d5
 1386 09e2 61       		.byte	0x61
 1387 09e3 D1040000 		.4byte	0x4d1
 1388 09e7 1A       		.uleb128 0x1a
 1389 09e8 81030000 		.4byte	.LASF137
 1390 09ec 06       		.byte	0x6
 1391 09ed D503     		.2byte	0x3d5
 1392 09ef 79       		.byte	0x79
 1393 09f0 8C000000 		.4byte	0x8c
 1394 09f4 1B       		.uleb128 0x1b
 1395 09f5 94080000 		.4byte	.LASF114
 1396 09f9 06       		.byte	0x6
 1397 09fa D703     		.2byte	0x3d7
 1398 09fc 15       		.byte	0x15
 1399 09fd 7B030000 		.4byte	0x37b
 1400 0a01 1B       		.uleb128 0x1b
 1401 0a02 5A050000 		.4byte	.LASF138
 1402 0a06 06       		.byte	0x6
 1403 0a07 D803     		.2byte	0x3d8
 1404 0a09 0C       		.byte	0xc
 1405 0a0a 8C000000 		.4byte	0x8c
 1406 0a0e 1B       		.uleb128 0x1b
 1407 0a0f C0060000 		.4byte	.LASF139
 1408 0a13 06       		.byte	0x6
 1409 0a14 D903     		.2byte	0x3d9
 1410 0a16 0C       		.byte	0xc
 1411 0a17 8C000000 		.4byte	0x8c
 1412 0a1b 1B       		.uleb128 0x1b
 1413 0a1c 40090000 		.4byte	.LASF140
 1414 0a20 06       		.byte	0x6
 1415 0a21 DC03     		.2byte	0x3dc
 1416 0a23 12       		.byte	0x12
 1417 0a24 360A0000 		.4byte	0xa36
 1418 0a28 1B       		.uleb128 0x1b
 1419 0a29 94070000 		.4byte	.LASF141
 1420 0a2d 06       		.byte	0x6
 1421 0a2e DE03     		.2byte	0x3de
 1422 0a30 12       		.byte	0x12
 1423 0a31 360A0000 		.4byte	0xa36
 1424 0a35 00       		.byte	0
 1425 0a36 16       		.uleb128 0x16
ARM GAS  C:\Users\nicx5\AppData\Local\Temp\ccBxLq1r.s 			page 26


 1426 0a37 04       		.byte	0x4
 1427 0a38 98000000 		.4byte	0x98
 1428 0a3c 1E       		.uleb128 0x1e
 1429 0a3d 01       		.byte	0x1
 1430 0a3e 54040000 		.4byte	.LASF142
 1431 0a42 06       		.byte	0x6
 1432 0a43 8103     		.2byte	0x381
 1433 0a45 13       		.byte	0x13
 1434 0a46 01       		.byte	0x1
 1435 0a47 7B030000 		.4byte	0x37b
 1436 0a4b 6A0A0000 		.4byte	0xa6a
 1437 0a4f 1A       		.uleb128 0x1a
 1438 0a50 48090000 		.4byte	.LASF110
 1439 0a54 06       		.byte	0x6
 1440 0a55 8103     		.2byte	0x381
 1441 0a57 37       		.byte	0x37
 1442 0a58 98060000 		.4byte	0x698
 1443 0a5c 1B       		.uleb128 0x1b
 1444 0a5d BF040000 		.4byte	.LASF123
 1445 0a61 06       		.byte	0x6
 1446 0a62 8303     		.2byte	0x383
 1447 0a64 18       		.byte	0x18
 1448 0a65 65080000 		.4byte	0x865
 1449 0a69 00       		.byte	0
 1450 0a6a 1E       		.uleb128 0x1e
 1451 0a6b 01       		.byte	0x1
 1452 0a6c 10050000 		.4byte	.LASF143
 1453 0a70 06       		.byte	0x6
 1454 0a71 0D03     		.2byte	0x30d
 1455 0a73 13       		.byte	0x13
 1456 0a74 01       		.byte	0x1
 1457 0a75 7B030000 		.4byte	0x37b
 1458 0a79 BF0A0000 		.4byte	0xabf
 1459 0a7d 1A       		.uleb128 0x1a
 1460 0a7e 48090000 		.4byte	.LASF110
 1461 0a82 06       		.byte	0x6
 1462 0a83 0D03     		.2byte	0x30d
 1463 0a85 34       		.byte	0x34
 1464 0a86 98060000 		.4byte	0x698
 1465 0a8a 1B       		.uleb128 0x1b
 1466 0a8b D6060000 		.4byte	.LASF122
 1467 0a8f 06       		.byte	0x6
 1468 0a90 1003     		.2byte	0x310
 1469 0a92 17       		.byte	0x17
 1470 0a93 5F080000 		.4byte	0x85f
 1471 0a97 1B       		.uleb128 0x1b
 1472 0a98 BF040000 		.4byte	.LASF123
 1473 0a9c 06       		.byte	0x6
 1474 0a9d 1103     		.2byte	0x311
 1475 0a9f 18       		.byte	0x18
 1476 0aa0 65080000 		.4byte	0x865
 1477 0aa4 1B       		.uleb128 0x1b
 1478 0aa5 F8080000 		.4byte	.LASF144
 1479 0aa9 06       		.byte	0x6
 1480 0aaa 1203     		.2byte	0x312
 1481 0aac 18       		.byte	0x18
 1482 0aad BF0A0000 		.4byte	0xabf
ARM GAS  C:\Users\nicx5\AppData\Local\Temp\ccBxLq1r.s 			page 27


 1483 0ab1 1B       		.uleb128 0x1b
 1484 0ab2 C0060000 		.4byte	.LASF139
 1485 0ab6 06       		.byte	0x6
 1486 0ab7 1403     		.2byte	0x314
 1487 0ab9 0C       		.byte	0xc
 1488 0aba 8C000000 		.4byte	0x8c
 1489 0abe 00       		.byte	0
 1490 0abf 16       		.uleb128 0x16
 1491 0ac0 04       		.byte	0x4
 1492 0ac1 9D000000 		.4byte	0x9d
 1493 0ac5 1E       		.uleb128 0x1e
 1494 0ac6 01       		.byte	0x1
 1495 0ac7 A8020000 		.4byte	.LASF145
 1496 0acb 06       		.byte	0x6
 1497 0acc A902     		.2byte	0x2a9
 1498 0ace 13       		.byte	0x13
 1499 0acf 01       		.byte	0x1
 1500 0ad0 7B030000 		.4byte	0x37b
 1501 0ad4 1A0B0000 		.4byte	0xb1a
 1502 0ad8 1A       		.uleb128 0x1a
 1503 0ad9 48090000 		.4byte	.LASF110
 1504 0add 06       		.byte	0x6
 1505 0ade A902     		.2byte	0x2a9
 1506 0ae0 37       		.byte	0x37
 1507 0ae1 98060000 		.4byte	0x698
 1508 0ae5 1A       		.uleb128 0x1a
 1509 0ae6 06000000 		.4byte	.LASF119
 1510 0aea 06       		.byte	0x6
 1511 0aeb A902     		.2byte	0x2a9
 1512 0aed 46       		.byte	0x46
 1513 0aee 8C000000 		.4byte	0x8c
 1514 0af2 1A       		.uleb128 0x1a
 1515 0af3 B9020000 		.4byte	.LASF120
 1516 0af7 06       		.byte	0x6
 1517 0af8 A902     		.2byte	0x2a9
 1518 0afa 5B       		.byte	0x5b
 1519 0afb 8C000000 		.4byte	0x8c
 1520 0aff 1A       		.uleb128 0x1a
 1521 0b00 4B000000 		.4byte	.LASF121
 1522 0b04 06       		.byte	0x6
 1523 0b05 A902     		.2byte	0x2a9
 1524 0b07 70       		.byte	0x70
 1525 0b08 8C000000 		.4byte	0x8c
 1526 0b0c 1B       		.uleb128 0x1b
 1527 0b0d 94080000 		.4byte	.LASF114
 1528 0b11 06       		.byte	0x6
 1529 0b12 AB02     		.2byte	0x2ab
 1530 0b14 15       		.byte	0x15
 1531 0b15 7B030000 		.4byte	0x37b
 1532 0b19 00       		.byte	0
 1533 0b1a 1E       		.uleb128 0x1e
 1534 0b1b 01       		.byte	0x1
 1535 0b1c C5070000 		.4byte	.LASF146
 1536 0b20 06       		.byte	0x6
 1537 0b21 7102     		.2byte	0x271
 1538 0b23 13       		.byte	0x13
 1539 0b24 01       		.byte	0x1
ARM GAS  C:\Users\nicx5\AppData\Local\Temp\ccBxLq1r.s 			page 28


 1540 0b25 7B030000 		.4byte	0x37b
 1541 0b29 6F0B0000 		.4byte	0xb6f
 1542 0b2d 1A       		.uleb128 0x1a
 1543 0b2e 48090000 		.4byte	.LASF110
 1544 0b32 06       		.byte	0x6
 1545 0b33 7102     		.2byte	0x271
 1546 0b35 34       		.byte	0x34
 1547 0b36 98060000 		.4byte	0x698
 1548 0b3a 1A       		.uleb128 0x1a
 1549 0b3b 06000000 		.4byte	.LASF119
 1550 0b3f 06       		.byte	0x6
 1551 0b40 7102     		.2byte	0x271
 1552 0b42 43       		.byte	0x43
 1553 0b43 8C000000 		.4byte	0x8c
 1554 0b47 1A       		.uleb128 0x1a
 1555 0b48 B9020000 		.4byte	.LASF120
 1556 0b4c 06       		.byte	0x6
 1557 0b4d 7102     		.2byte	0x271
 1558 0b4f 58       		.byte	0x58
 1559 0b50 8C000000 		.4byte	0x8c
 1560 0b54 1A       		.uleb128 0x1a
 1561 0b55 4B000000 		.4byte	.LASF121
 1562 0b59 06       		.byte	0x6
 1563 0b5a 7102     		.2byte	0x271
 1564 0b5c 6D       		.byte	0x6d
 1565 0b5d 8C000000 		.4byte	0x8c
 1566 0b61 1B       		.uleb128 0x1b
 1567 0b62 94080000 		.4byte	.LASF114
 1568 0b66 06       		.byte	0x6
 1569 0b67 7302     		.2byte	0x273
 1570 0b69 15       		.byte	0x15
 1571 0b6a 7B030000 		.4byte	0x37b
 1572 0b6e 00       		.byte	0
 1573 0b6f 1E       		.uleb128 0x1e
 1574 0b70 01       		.byte	0x1
 1575 0b71 2D020000 		.4byte	.LASF147
 1576 0b75 06       		.byte	0x6
 1577 0b76 D401     		.2byte	0x1d4
 1578 0b78 13       		.byte	0x13
 1579 0b79 01       		.byte	0x1
 1580 0b7a 7B030000 		.4byte	0x37b
 1581 0b7e AA0B0000 		.4byte	0xbaa
 1582 0b82 1A       		.uleb128 0x1a
 1583 0b83 48090000 		.4byte	.LASF110
 1584 0b87 06       		.byte	0x6
 1585 0b88 D401     		.2byte	0x1d4
 1586 0b8a 35       		.byte	0x35
 1587 0b8b 98060000 		.4byte	0x698
 1588 0b8f 1B       		.uleb128 0x1b
 1589 0b90 D6060000 		.4byte	.LASF122
 1590 0b94 06       		.byte	0x6
 1591 0b95 D601     		.2byte	0x1d6
 1592 0b97 17       		.byte	0x17
 1593 0b98 5F080000 		.4byte	0x85f
 1594 0b9c 1B       		.uleb128 0x1b
 1595 0b9d BF040000 		.4byte	.LASF123
 1596 0ba1 06       		.byte	0x6
ARM GAS  C:\Users\nicx5\AppData\Local\Temp\ccBxLq1r.s 			page 29


 1597 0ba2 D701     		.2byte	0x1d7
 1598 0ba4 18       		.byte	0x18
 1599 0ba5 65080000 		.4byte	0x865
 1600 0ba9 00       		.byte	0
 1601 0baa 20       		.uleb128 0x20
 1602 0bab 01       		.byte	0x1
 1603 0bac F4030000 		.4byte	.LASF149
 1604 0bb0 06       		.byte	0x6
 1605 0bb1 D8       		.byte	0xd8
 1606 0bb2 13       		.byte	0x13
 1607 0bb3 01       		.byte	0x1
 1608 0bb4 7B030000 		.4byte	0x37b
 1609 0bb8 21       		.uleb128 0x21
 1610 0bb9 48090000 		.4byte	.LASF110
 1611 0bbd 06       		.byte	0x6
 1612 0bbe D8       		.byte	0xd8
 1613 0bbf 33       		.byte	0x33
 1614 0bc0 98060000 		.4byte	0x698
 1615 0bc4 22       		.uleb128 0x22
 1616 0bc5 EA080000 		.4byte	.LASF150
 1617 0bc9 06       		.byte	0x6
 1618 0bca DA       		.byte	0xda
 1619 0bcb 0C       		.byte	0xc
 1620 0bcc 8C000000 		.4byte	0x8c
 1621 0bd0 22       		.uleb128 0x22
 1622 0bd1 C0060000 		.4byte	.LASF139
 1623 0bd5 06       		.byte	0x6
 1624 0bd6 DB       		.byte	0xdb
 1625 0bd7 0C       		.byte	0xc
 1626 0bd8 8C000000 		.4byte	0x8c
 1627 0bdc 22       		.uleb128 0x22
 1628 0bdd D6060000 		.4byte	.LASF122
 1629 0be1 06       		.byte	0x6
 1630 0be2 DC       		.byte	0xdc
 1631 0be3 17       		.byte	0x17
 1632 0be4 5F080000 		.4byte	0x85f
 1633 0be8 22       		.uleb128 0x22
 1634 0be9 BF040000 		.4byte	.LASF123
 1635 0bed 06       		.byte	0x6
 1636 0bee DD       		.byte	0xdd
 1637 0bef 18       		.byte	0x18
 1638 0bf0 65080000 		.4byte	0x865
 1639 0bf4 00       		.byte	0
 1640 0bf5 00       		.byte	0
 1641              		.section	.gnu.debuglto_.debug_abbrev,"e",%progbits
 1642              	.Ldebug_abbrev0:
 1643 0000 01       		.uleb128 0x1
 1644 0001 11       		.uleb128 0x11
 1645 0002 01       		.byte	0x1
 1646 0003 25       		.uleb128 0x25
 1647 0004 0E       		.uleb128 0xe
 1648 0005 13       		.uleb128 0x13
 1649 0006 0B       		.uleb128 0xb
 1650 0007 03       		.uleb128 0x3
 1651 0008 0E       		.uleb128 0xe
 1652 0009 1B       		.uleb128 0x1b
 1653 000a 0E       		.uleb128 0xe
ARM GAS  C:\Users\nicx5\AppData\Local\Temp\ccBxLq1r.s 			page 30


 1654 000b 10       		.uleb128 0x10
 1655 000c 06       		.uleb128 0x6
 1656 000d 00       		.byte	0
 1657 000e 00       		.byte	0
 1658 000f 02       		.uleb128 0x2
 1659 0010 24       		.uleb128 0x24
 1660 0011 00       		.byte	0
 1661 0012 0B       		.uleb128 0xb
 1662 0013 0B       		.uleb128 0xb
 1663 0014 3E       		.uleb128 0x3e
 1664 0015 0B       		.uleb128 0xb
 1665 0016 03       		.uleb128 0x3
 1666 0017 0E       		.uleb128 0xe
 1667 0018 00       		.byte	0
 1668 0019 00       		.byte	0
 1669 001a 03       		.uleb128 0x3
 1670 001b 16       		.uleb128 0x16
 1671 001c 00       		.byte	0
 1672 001d 03       		.uleb128 0x3
 1673 001e 0E       		.uleb128 0xe
 1674 001f 3A       		.uleb128 0x3a
 1675 0020 0B       		.uleb128 0xb
 1676 0021 3B       		.uleb128 0x3b
 1677 0022 0B       		.uleb128 0xb
 1678 0023 39       		.uleb128 0x39
 1679 0024 0B       		.uleb128 0xb
 1680 0025 49       		.uleb128 0x49
 1681 0026 13       		.uleb128 0x13
 1682 0027 00       		.byte	0
 1683 0028 00       		.byte	0
 1684 0029 04       		.uleb128 0x4
 1685 002a 24       		.uleb128 0x24
 1686 002b 00       		.byte	0
 1687 002c 0B       		.uleb128 0xb
 1688 002d 0B       		.uleb128 0xb
 1689 002e 3E       		.uleb128 0x3e
 1690 002f 0B       		.uleb128 0xb
 1691 0030 03       		.uleb128 0x3
 1692 0031 08       		.uleb128 0x8
 1693 0032 00       		.byte	0
 1694 0033 00       		.byte	0
 1695 0034 05       		.uleb128 0x5
 1696 0035 26       		.uleb128 0x26
 1697 0036 00       		.byte	0
 1698 0037 49       		.uleb128 0x49
 1699 0038 13       		.uleb128 0x13
 1700 0039 00       		.byte	0
 1701 003a 00       		.byte	0
 1702 003b 06       		.uleb128 0x6
 1703 003c 35       		.uleb128 0x35
 1704 003d 00       		.byte	0
 1705 003e 49       		.uleb128 0x49
 1706 003f 13       		.uleb128 0x13
 1707 0040 00       		.byte	0
 1708 0041 00       		.byte	0
 1709 0042 07       		.uleb128 0x7
 1710 0043 34       		.uleb128 0x34
ARM GAS  C:\Users\nicx5\AppData\Local\Temp\ccBxLq1r.s 			page 31


 1711 0044 00       		.byte	0
 1712 0045 03       		.uleb128 0x3
 1713 0046 0E       		.uleb128 0xe
 1714 0047 3A       		.uleb128 0x3a
 1715 0048 0B       		.uleb128 0xb
 1716 0049 3B       		.uleb128 0x3b
 1717 004a 0B       		.uleb128 0xb
 1718 004b 39       		.uleb128 0x39
 1719 004c 0B       		.uleb128 0xb
 1720 004d 49       		.uleb128 0x49
 1721 004e 13       		.uleb128 0x13
 1722 004f 3F       		.uleb128 0x3f
 1723 0050 0C       		.uleb128 0xc
 1724 0051 3C       		.uleb128 0x3c
 1725 0052 0C       		.uleb128 0xc
 1726 0053 00       		.byte	0
 1727 0054 00       		.byte	0
 1728 0055 08       		.uleb128 0x8
 1729 0056 13       		.uleb128 0x13
 1730 0057 01       		.byte	0x1
 1731 0058 0B       		.uleb128 0xb
 1732 0059 0B       		.uleb128 0xb
 1733 005a 3A       		.uleb128 0x3a
 1734 005b 0B       		.uleb128 0xb
 1735 005c 3B       		.uleb128 0x3b
 1736 005d 05       		.uleb128 0x5
 1737 005e 39       		.uleb128 0x39
 1738 005f 0B       		.uleb128 0xb
 1739 0060 01       		.uleb128 0x1
 1740 0061 13       		.uleb128 0x13
 1741 0062 00       		.byte	0
 1742 0063 00       		.byte	0
 1743 0064 09       		.uleb128 0x9
 1744 0065 0D       		.uleb128 0xd
 1745 0066 00       		.byte	0
 1746 0067 03       		.uleb128 0x3
 1747 0068 0E       		.uleb128 0xe
 1748 0069 3A       		.uleb128 0x3a
 1749 006a 0B       		.uleb128 0xb
 1750 006b 3B       		.uleb128 0x3b
 1751 006c 05       		.uleb128 0x5
 1752 006d 39       		.uleb128 0x39
 1753 006e 0B       		.uleb128 0xb
 1754 006f 49       		.uleb128 0x49
 1755 0070 13       		.uleb128 0x13
 1756 0071 38       		.uleb128 0x38
 1757 0072 0A       		.uleb128 0xa
 1758 0073 00       		.byte	0
 1759 0074 00       		.byte	0
 1760 0075 0A       		.uleb128 0xa
 1761 0076 0D       		.uleb128 0xd
 1762 0077 00       		.byte	0
 1763 0078 03       		.uleb128 0x3
 1764 0079 08       		.uleb128 0x8
 1765 007a 3A       		.uleb128 0x3a
 1766 007b 0B       		.uleb128 0xb
 1767 007c 3B       		.uleb128 0x3b
ARM GAS  C:\Users\nicx5\AppData\Local\Temp\ccBxLq1r.s 			page 32


 1768 007d 05       		.uleb128 0x5
 1769 007e 39       		.uleb128 0x39
 1770 007f 0B       		.uleb128 0xb
 1771 0080 49       		.uleb128 0x49
 1772 0081 13       		.uleb128 0x13
 1773 0082 38       		.uleb128 0x38
 1774 0083 0A       		.uleb128 0xa
 1775 0084 00       		.byte	0
 1776 0085 00       		.byte	0
 1777 0086 0B       		.uleb128 0xb
 1778 0087 01       		.uleb128 0x1
 1779 0088 01       		.byte	0x1
 1780 0089 49       		.uleb128 0x49
 1781 008a 13       		.uleb128 0x13
 1782 008b 01       		.uleb128 0x1
 1783 008c 13       		.uleb128 0x13
 1784 008d 00       		.byte	0
 1785 008e 00       		.byte	0
 1786 008f 0C       		.uleb128 0xc
 1787 0090 21       		.uleb128 0x21
 1788 0091 00       		.byte	0
 1789 0092 49       		.uleb128 0x49
 1790 0093 13       		.uleb128 0x13
 1791 0094 2F       		.uleb128 0x2f
 1792 0095 0B       		.uleb128 0xb
 1793 0096 00       		.byte	0
 1794 0097 00       		.byte	0
 1795 0098 0D       		.uleb128 0xd
 1796 0099 16       		.uleb128 0x16
 1797 009a 00       		.byte	0
 1798 009b 03       		.uleb128 0x3
 1799 009c 0E       		.uleb128 0xe
 1800 009d 3A       		.uleb128 0x3a
 1801 009e 0B       		.uleb128 0xb
 1802 009f 3B       		.uleb128 0x3b
 1803 00a0 05       		.uleb128 0x5
 1804 00a1 39       		.uleb128 0x39
 1805 00a2 0B       		.uleb128 0xb
 1806 00a3 49       		.uleb128 0x49
 1807 00a4 13       		.uleb128 0x13
 1808 00a5 00       		.byte	0
 1809 00a6 00       		.byte	0
 1810 00a7 0E       		.uleb128 0xe
 1811 00a8 0F       		.uleb128 0xf
 1812 00a9 00       		.byte	0
 1813 00aa 0B       		.uleb128 0xb
 1814 00ab 0B       		.uleb128 0xb
 1815 00ac 00       		.byte	0
 1816 00ad 00       		.byte	0
 1817 00ae 0F       		.uleb128 0xf
 1818 00af 04       		.uleb128 0x4
 1819 00b0 01       		.byte	0x1
 1820 00b1 3E       		.uleb128 0x3e
 1821 00b2 0B       		.uleb128 0xb
 1822 00b3 0B       		.uleb128 0xb
 1823 00b4 0B       		.uleb128 0xb
 1824 00b5 49       		.uleb128 0x49
ARM GAS  C:\Users\nicx5\AppData\Local\Temp\ccBxLq1r.s 			page 33


 1825 00b6 13       		.uleb128 0x13
 1826 00b7 3A       		.uleb128 0x3a
 1827 00b8 0B       		.uleb128 0xb
 1828 00b9 3B       		.uleb128 0x3b
 1829 00ba 0B       		.uleb128 0xb
 1830 00bb 39       		.uleb128 0x39
 1831 00bc 0B       		.uleb128 0xb
 1832 00bd 01       		.uleb128 0x1
 1833 00be 13       		.uleb128 0x13
 1834 00bf 00       		.byte	0
 1835 00c0 00       		.byte	0
 1836 00c1 10       		.uleb128 0x10
 1837 00c2 28       		.uleb128 0x28
 1838 00c3 00       		.byte	0
 1839 00c4 03       		.uleb128 0x3
 1840 00c5 0E       		.uleb128 0xe
 1841 00c6 1C       		.uleb128 0x1c
 1842 00c7 0B       		.uleb128 0xb
 1843 00c8 00       		.byte	0
 1844 00c9 00       		.byte	0
 1845 00ca 11       		.uleb128 0x11
 1846 00cb 13       		.uleb128 0x13
 1847 00cc 01       		.byte	0x1
 1848 00cd 0B       		.uleb128 0xb
 1849 00ce 0B       		.uleb128 0xb
 1850 00cf 3A       		.uleb128 0x3a
 1851 00d0 0B       		.uleb128 0xb
 1852 00d1 3B       		.uleb128 0x3b
 1853 00d2 0B       		.uleb128 0xb
 1854 00d3 39       		.uleb128 0x39
 1855 00d4 0B       		.uleb128 0xb
 1856 00d5 01       		.uleb128 0x1
 1857 00d6 13       		.uleb128 0x13
 1858 00d7 00       		.byte	0
 1859 00d8 00       		.byte	0
 1860 00d9 12       		.uleb128 0x12
 1861 00da 0D       		.uleb128 0xd
 1862 00db 00       		.byte	0
 1863 00dc 03       		.uleb128 0x3
 1864 00dd 0E       		.uleb128 0xe
 1865 00de 3A       		.uleb128 0x3a
 1866 00df 0B       		.uleb128 0xb
 1867 00e0 3B       		.uleb128 0x3b
 1868 00e1 0B       		.uleb128 0xb
 1869 00e2 39       		.uleb128 0x39
 1870 00e3 0B       		.uleb128 0xb
 1871 00e4 49       		.uleb128 0x49
 1872 00e5 13       		.uleb128 0x13
 1873 00e6 38       		.uleb128 0x38
 1874 00e7 0A       		.uleb128 0xa
 1875 00e8 00       		.byte	0
 1876 00e9 00       		.byte	0
 1877 00ea 13       		.uleb128 0x13
 1878 00eb 13       		.uleb128 0x13
 1879 00ec 01       		.byte	0x1
 1880 00ed 03       		.uleb128 0x3
 1881 00ee 0E       		.uleb128 0xe
ARM GAS  C:\Users\nicx5\AppData\Local\Temp\ccBxLq1r.s 			page 34


 1882 00ef 0B       		.uleb128 0xb
 1883 00f0 0B       		.uleb128 0xb
 1884 00f1 3A       		.uleb128 0x3a
 1885 00f2 0B       		.uleb128 0xb
 1886 00f3 3B       		.uleb128 0x3b
 1887 00f4 0B       		.uleb128 0xb
 1888 00f5 39       		.uleb128 0x39
 1889 00f6 0B       		.uleb128 0xb
 1890 00f7 01       		.uleb128 0x1
 1891 00f8 13       		.uleb128 0x13
 1892 00f9 00       		.byte	0
 1893 00fa 00       		.byte	0
 1894 00fb 14       		.uleb128 0x14
 1895 00fc 15       		.uleb128 0x15
 1896 00fd 01       		.byte	0x1
 1897 00fe 27       		.uleb128 0x27
 1898 00ff 0C       		.uleb128 0xc
 1899 0100 01       		.uleb128 0x1
 1900 0101 13       		.uleb128 0x13
 1901 0102 00       		.byte	0
 1902 0103 00       		.byte	0
 1903 0104 15       		.uleb128 0x15
 1904 0105 05       		.uleb128 0x5
 1905 0106 00       		.byte	0
 1906 0107 49       		.uleb128 0x49
 1907 0108 13       		.uleb128 0x13
 1908 0109 00       		.byte	0
 1909 010a 00       		.byte	0
 1910 010b 16       		.uleb128 0x16
 1911 010c 0F       		.uleb128 0xf
 1912 010d 00       		.byte	0
 1913 010e 0B       		.uleb128 0xb
 1914 010f 0B       		.uleb128 0xb
 1915 0110 49       		.uleb128 0x49
 1916 0111 13       		.uleb128 0x13
 1917 0112 00       		.byte	0
 1918 0113 00       		.byte	0
 1919 0114 17       		.uleb128 0x17
 1920 0115 0D       		.uleb128 0xd
 1921 0116 00       		.byte	0
 1922 0117 03       		.uleb128 0x3
 1923 0118 08       		.uleb128 0x8
 1924 0119 3A       		.uleb128 0x3a
 1925 011a 0B       		.uleb128 0xb
 1926 011b 3B       		.uleb128 0x3b
 1927 011c 0B       		.uleb128 0xb
 1928 011d 39       		.uleb128 0x39
 1929 011e 0B       		.uleb128 0xb
 1930 011f 49       		.uleb128 0x49
 1931 0120 13       		.uleb128 0x13
 1932 0121 38       		.uleb128 0x38
 1933 0122 0A       		.uleb128 0xa
 1934 0123 00       		.byte	0
 1935 0124 00       		.byte	0
 1936 0125 18       		.uleb128 0x18
 1937 0126 2E       		.uleb128 0x2e
 1938 0127 00       		.byte	0
ARM GAS  C:\Users\nicx5\AppData\Local\Temp\ccBxLq1r.s 			page 35


 1939 0128 3F       		.uleb128 0x3f
 1940 0129 0C       		.uleb128 0xc
 1941 012a 03       		.uleb128 0x3
 1942 012b 0E       		.uleb128 0xe
 1943 012c 3A       		.uleb128 0x3a
 1944 012d 0B       		.uleb128 0xb
 1945 012e 3B       		.uleb128 0x3b
 1946 012f 05       		.uleb128 0x5
 1947 0130 39       		.uleb128 0x39
 1948 0131 0B       		.uleb128 0xb
 1949 0132 27       		.uleb128 0x27
 1950 0133 0C       		.uleb128 0xc
 1951 0134 49       		.uleb128 0x49
 1952 0135 13       		.uleb128 0x13
 1953 0136 3C       		.uleb128 0x3c
 1954 0137 0C       		.uleb128 0xc
 1955 0138 00       		.byte	0
 1956 0139 00       		.byte	0
 1957 013a 19       		.uleb128 0x19
 1958 013b 2E       		.uleb128 0x2e
 1959 013c 01       		.byte	0x1
 1960 013d 03       		.uleb128 0x3
 1961 013e 0E       		.uleb128 0xe
 1962 013f 3A       		.uleb128 0x3a
 1963 0140 0B       		.uleb128 0xb
 1964 0141 3B       		.uleb128 0x3b
 1965 0142 05       		.uleb128 0x5
 1966 0143 39       		.uleb128 0x39
 1967 0144 0B       		.uleb128 0xb
 1968 0145 27       		.uleb128 0x27
 1969 0146 0C       		.uleb128 0xc
 1970 0147 01       		.uleb128 0x1
 1971 0148 13       		.uleb128 0x13
 1972 0149 00       		.byte	0
 1973 014a 00       		.byte	0
 1974 014b 1A       		.uleb128 0x1a
 1975 014c 05       		.uleb128 0x5
 1976 014d 00       		.byte	0
 1977 014e 03       		.uleb128 0x3
 1978 014f 0E       		.uleb128 0xe
 1979 0150 3A       		.uleb128 0x3a
 1980 0151 0B       		.uleb128 0xb
 1981 0152 3B       		.uleb128 0x3b
 1982 0153 05       		.uleb128 0x5
 1983 0154 39       		.uleb128 0x39
 1984 0155 0B       		.uleb128 0xb
 1985 0156 49       		.uleb128 0x49
 1986 0157 13       		.uleb128 0x13
 1987 0158 00       		.byte	0
 1988 0159 00       		.byte	0
 1989 015a 1B       		.uleb128 0x1b
 1990 015b 34       		.uleb128 0x34
 1991 015c 00       		.byte	0
 1992 015d 03       		.uleb128 0x3
 1993 015e 0E       		.uleb128 0xe
 1994 015f 3A       		.uleb128 0x3a
 1995 0160 0B       		.uleb128 0xb
ARM GAS  C:\Users\nicx5\AppData\Local\Temp\ccBxLq1r.s 			page 36


 1996 0161 3B       		.uleb128 0x3b
 1997 0162 05       		.uleb128 0x5
 1998 0163 39       		.uleb128 0x39
 1999 0164 0B       		.uleb128 0xb
 2000 0165 49       		.uleb128 0x49
 2001 0166 13       		.uleb128 0x13
 2002 0167 00       		.byte	0
 2003 0168 00       		.byte	0
 2004 0169 1C       		.uleb128 0x1c
 2005 016a 2E       		.uleb128 0x2e
 2006 016b 01       		.byte	0x1
 2007 016c 03       		.uleb128 0x3
 2008 016d 0E       		.uleb128 0xe
 2009 016e 3A       		.uleb128 0x3a
 2010 016f 0B       		.uleb128 0xb
 2011 0170 3B       		.uleb128 0x3b
 2012 0171 05       		.uleb128 0x5
 2013 0172 39       		.uleb128 0x39
 2014 0173 0B       		.uleb128 0xb
 2015 0174 27       		.uleb128 0x27
 2016 0175 0C       		.uleb128 0xc
 2017 0176 49       		.uleb128 0x49
 2018 0177 13       		.uleb128 0x13
 2019 0178 01       		.uleb128 0x1
 2020 0179 13       		.uleb128 0x13
 2021 017a 00       		.byte	0
 2022 017b 00       		.byte	0
 2023 017c 1D       		.uleb128 0x1d
 2024 017d 0B       		.uleb128 0xb
 2025 017e 01       		.byte	0x1
 2026 017f 00       		.byte	0
 2027 0180 00       		.byte	0
 2028 0181 1E       		.uleb128 0x1e
 2029 0182 2E       		.uleb128 0x2e
 2030 0183 01       		.byte	0x1
 2031 0184 3F       		.uleb128 0x3f
 2032 0185 0C       		.uleb128 0xc
 2033 0186 03       		.uleb128 0x3
 2034 0187 0E       		.uleb128 0xe
 2035 0188 3A       		.uleb128 0x3a
 2036 0189 0B       		.uleb128 0xb
 2037 018a 3B       		.uleb128 0x3b
 2038 018b 05       		.uleb128 0x5
 2039 018c 39       		.uleb128 0x39
 2040 018d 0B       		.uleb128 0xb
 2041 018e 27       		.uleb128 0x27
 2042 018f 0C       		.uleb128 0xc
 2043 0190 49       		.uleb128 0x49
 2044 0191 13       		.uleb128 0x13
 2045 0192 01       		.uleb128 0x1
 2046 0193 13       		.uleb128 0x13
 2047 0194 00       		.byte	0
 2048 0195 00       		.byte	0
 2049 0196 1F       		.uleb128 0x1f
 2050 0197 2E       		.uleb128 0x2e
 2051 0198 01       		.byte	0x1
 2052 0199 3F       		.uleb128 0x3f
ARM GAS  C:\Users\nicx5\AppData\Local\Temp\ccBxLq1r.s 			page 37


 2053 019a 0C       		.uleb128 0xc
 2054 019b 03       		.uleb128 0x3
 2055 019c 0E       		.uleb128 0xe
 2056 019d 3A       		.uleb128 0x3a
 2057 019e 0B       		.uleb128 0xb
 2058 019f 3B       		.uleb128 0x3b
 2059 01a0 05       		.uleb128 0x5
 2060 01a1 39       		.uleb128 0x39
 2061 01a2 0B       		.uleb128 0xb
 2062 01a3 27       		.uleb128 0x27
 2063 01a4 0C       		.uleb128 0xc
 2064 01a5 01       		.uleb128 0x1
 2065 01a6 13       		.uleb128 0x13
 2066 01a7 00       		.byte	0
 2067 01a8 00       		.byte	0
 2068 01a9 20       		.uleb128 0x20
 2069 01aa 2E       		.uleb128 0x2e
 2070 01ab 01       		.byte	0x1
 2071 01ac 3F       		.uleb128 0x3f
 2072 01ad 0C       		.uleb128 0xc
 2073 01ae 03       		.uleb128 0x3
 2074 01af 0E       		.uleb128 0xe
 2075 01b0 3A       		.uleb128 0x3a
 2076 01b1 0B       		.uleb128 0xb
 2077 01b2 3B       		.uleb128 0x3b
 2078 01b3 0B       		.uleb128 0xb
 2079 01b4 39       		.uleb128 0x39
 2080 01b5 0B       		.uleb128 0xb
 2081 01b6 27       		.uleb128 0x27
 2082 01b7 0C       		.uleb128 0xc
 2083 01b8 49       		.uleb128 0x49
 2084 01b9 13       		.uleb128 0x13
 2085 01ba 00       		.byte	0
 2086 01bb 00       		.byte	0
 2087 01bc 21       		.uleb128 0x21
 2088 01bd 05       		.uleb128 0x5
 2089 01be 00       		.byte	0
 2090 01bf 03       		.uleb128 0x3
 2091 01c0 0E       		.uleb128 0xe
 2092 01c1 3A       		.uleb128 0x3a
 2093 01c2 0B       		.uleb128 0xb
 2094 01c3 3B       		.uleb128 0x3b
 2095 01c4 0B       		.uleb128 0xb
 2096 01c5 39       		.uleb128 0x39
 2097 01c6 0B       		.uleb128 0xb
 2098 01c7 49       		.uleb128 0x49
 2099 01c8 13       		.uleb128 0x13
 2100 01c9 00       		.byte	0
 2101 01ca 00       		.byte	0
 2102 01cb 22       		.uleb128 0x22
 2103 01cc 34       		.uleb128 0x34
 2104 01cd 00       		.byte	0
 2105 01ce 03       		.uleb128 0x3
 2106 01cf 0E       		.uleb128 0xe
 2107 01d0 3A       		.uleb128 0x3a
 2108 01d1 0B       		.uleb128 0xb
 2109 01d2 3B       		.uleb128 0x3b
ARM GAS  C:\Users\nicx5\AppData\Local\Temp\ccBxLq1r.s 			page 38


 2110 01d3 0B       		.uleb128 0xb
 2111 01d4 39       		.uleb128 0x39
 2112 01d5 0B       		.uleb128 0xb
 2113 01d6 49       		.uleb128 0x49
 2114 01d7 13       		.uleb128 0x13
 2115 01d8 00       		.byte	0
 2116 01d9 00       		.byte	0
 2117 01da 00       		.byte	0
 2118              		.section	.gnu.debuglto_.debug_line,"e",%progbits
 2119              	.Ldebug_line0:
 2120 0000 9D010000 		.4byte	.LELT0-.LSLT0
 2121              	.LSLT0:
 2122 0004 0200     		.2byte	0x2
 2123 0006 97010000 		.4byte	.LELTP0-.LASLTP0
 2124              	.LASLTP0:
 2125 000a 01       		.byte	0x1
 2126 000b 01       		.byte	0x1
 2127 000c F6       		.byte	0xf6
 2128 000d F2       		.byte	0xf2
 2129 000e 0D       		.byte	0xd
 2130 000f 00       		.byte	0
 2131 0010 01       		.byte	0x1
 2132 0011 01       		.byte	0x1
 2133 0012 01       		.byte	0x1
 2134 0013 01       		.byte	0x1
 2135 0014 00       		.byte	0
 2136 0015 00       		.byte	0
 2137 0016 00       		.byte	0
 2138 0017 01       		.byte	0x1
 2139 0018 00       		.byte	0
 2140 0019 00       		.byte	0
 2141 001a 01       		.byte	0x1
 2142 001b 443A2F50 		.ascii	"D:/Program Files/msys64/mingw64/arm-none-eabi/inclu"
 2142      726F6772 
 2142      616D2046 
 2142      696C6573 
 2142      2F6D7379 
 2143 004e 64652F6D 		.ascii	"de/machine"
 2143      61636869 
 2143      6E65
 2144 0058 00       		.byte	0
 2145 0059 443A2F50 		.ascii	"D:/Program Files/msys64/mingw64/arm-none-eabi/inclu"
 2145      726F6772 
 2145      616D2046 
 2145      696C6573 
 2145      2F6D7379 
 2146 008c 64652F73 		.ascii	"de/sys"
 2146      7973
 2147 0092 00       		.byte	0
 2148 0093 44726976 		.ascii	"Drivers/CMSIS/Device/ST/STM32H7xx/Include"
 2148      6572732F 
 2148      434D5349 
 2148      532F4465 
 2148      76696365 
 2149 00bc 00       		.byte	0
 2150 00bd 44726976 		.ascii	"Drivers/STM32H7xx_HAL_Driver/Inc"
 2150      6572732F 
ARM GAS  C:\Users\nicx5\AppData\Local\Temp\ccBxLq1r.s 			page 39


 2150      53544D33 
 2150      32483778 
 2150      785F4841 
 2151 00dd 00       		.byte	0
 2152 00de 44726976 		.ascii	"Drivers/STM32H7xx_HAL_Driver/Src"
 2152      6572732F 
 2152      53544D33 
 2152      32483778 
 2152      785F4841 
 2153 00fe 00       		.byte	0
 2154 00ff 00       		.byte	0
 2155 0100 5F646566 		.ascii	"_default_types.h\000"
 2155      61756C74 
 2155      5F747970 
 2155      65732E68 
 2155      00
 2156 0111 01       		.uleb128 0x1
 2157 0112 00       		.uleb128 0
 2158 0113 00       		.uleb128 0
 2159 0114 5F737464 		.ascii	"_stdint.h\000"
 2159      696E742E 
 2159      6800
 2160 011e 02       		.uleb128 0x2
 2161 011f 00       		.uleb128 0
 2162 0120 00       		.uleb128 0
 2163 0121 73746D33 		.ascii	"stm32h750xx.h\000"
 2163      32683735 
 2163      3078782E 
 2163      6800
 2164 012f 03       		.uleb128 0x3
 2165 0130 00       		.uleb128 0
 2166 0131 00       		.uleb128 0
 2167 0132 73746D33 		.ascii	"stm32h7xx_hal_def.h\000"
 2167      32683778 
 2167      785F6861 
 2167      6C5F6465 
 2167      662E6800 
 2168 0146 04       		.uleb128 0x4
 2169 0147 00       		.uleb128 0
 2170 0148 00       		.uleb128 0
 2171 0149 73746D33 		.ascii	"stm32h7xx_hal_dma.h\000"
 2171      32683778 
 2171      785F6861 
 2171      6C5F646D 
 2171      612E6800 
 2172 015d 04       		.uleb128 0x4
 2173 015e 00       		.uleb128 0
 2174 015f 00       		.uleb128 0
 2175 0160 73746D33 		.ascii	"stm32h7xx_hal_dma.c\000"
 2175      32683778 
 2175      785F6861 
 2175      6C5F646D 
 2175      612E6300 
 2176 0174 05       		.uleb128 0x5
 2177 0175 00       		.uleb128 0
 2178 0176 00       		.uleb128 0
 2179 0177 73797374 		.ascii	"system_stm32h7xx.h\000"
ARM GAS  C:\Users\nicx5\AppData\Local\Temp\ccBxLq1r.s 			page 40


 2179      656D5F73 
 2179      746D3332 
 2179      68377878 
 2179      2E6800
 2180 018a 03       		.uleb128 0x3
 2181 018b 00       		.uleb128 0
 2182 018c 00       		.uleb128 0
 2183 018d 73746D33 		.ascii	"stm32h7xx_hal.h\000"
 2183      32683778 
 2183      785F6861 
 2183      6C2E6800 
 2184 019d 04       		.uleb128 0x4
 2185 019e 00       		.uleb128 0
 2186 019f 00       		.uleb128 0
 2187 01a0 00       		.byte	0
 2188              	.LELTP0:
 2189              	.LELT0:
 2190              		.section	.gnu.debuglto_.debug_str,"eMS",%progbits,1
 2191              	.LASF133:
 2192 0000 636F756E 		.ascii	"count\000"
 2192      7400
 2193              	.LASF119:
 2194 0006 53726341 		.ascii	"SrcAddress\000"
 2194      64647265 
 2194      737300
 2195              	.LASF152:
 2196 0011 44726976 		.ascii	"Drivers/STM32H7xx_HAL_Driver/Src/stm32h7xx_hal_dma."
 2196      6572732F 
 2196      53544D33 
 2196      32483778 
 2196      785F4841 
 2197 0044 6300     		.ascii	"c\000"
 2198              	.LASF26:
 2199 0046 4D304152 		.ascii	"M0AR\000"
 2199      00
 2200              	.LASF121:
 2201 004b 44617461 		.ascii	"DataLength\000"
 2201      4C656E67 
 2201      746800
 2202              	.LASF151:
 2203 0056 474E5520 		.ascii	"GNU C17 13.3.0 -mcpu=cortex-m7 -mthumb -mfpu=fpv5-d"
 2203      43313720 
 2203      31332E33 
 2203      2E30202D 
 2203      6D637075 
 2204 0089 3136202D 		.ascii	"16 -mfloat-abi=hard -march=armv7e-m+fp.dp -g -gdwar"
 2204      6D666C6F 
 2204      61742D61 
 2204      62693D68 
 2204      61726420 
 2205 00bc 662D3220 		.ascii	"f-2 -Os -fdata-sections -ffunction-sections -flto -"
 2205      2D4F7320 
 2205      2D666461 
 2205      74612D73 
 2205      65637469 
 2206 00ef 666D6572 		.ascii	"fmerge-constants -fno-unwind-tables -fno-asynchrono"
 2206      67652D63 
ARM GAS  C:\Users\nicx5\AppData\Local\Temp\ccBxLq1r.s 			page 41


 2206      6F6E7374 
 2206      616E7473 
 2206      202D666E 
 2207 0122 75732D75 		.ascii	"us-unwind-tables\000"
 2207      6E77696E 
 2207      642D7461 
 2207      626C6573 
 2207      00
 2208              	.LASF65:
 2209 0133 444D415F 		.ascii	"DMA_InitTypeDef\000"
 2209      496E6974 
 2209      54797065 
 2209      44656600 
 2210              	.LASF21:
 2211 0143 41504232 		.ascii	"APB2FZ1\000"
 2211      465A3100 
 2212              	.LASF5:
 2213 014b 5F5F7569 		.ascii	"__uint8_t\000"
 2213      6E74385F 
 2213      7400
 2214              	.LASF98:
 2215 0155 444D416D 		.ascii	"DMAmuxChannelStatus\000"
 2215      75784368 
 2215      616E6E65 
 2215      6C537461 
 2215      74757300 
 2216              	.LASF47:
 2217 0169 48414C5F 		.ascii	"HAL_BUSY\000"
 2217      42555359 
 2217      00
 2218              	.LASF115:
 2219 0172 444D415F 		.ascii	"DMA_CheckFifoParam\000"
 2219      43686563 
 2219      6B466966 
 2219      6F506172 
 2219      616D00
 2220              	.LASF35:
 2221 0185 444D414D 		.ascii	"DMAMUX_ChannelStatus_TypeDef\000"
 2221      55585F43 
 2221      68616E6E 
 2221      656C5374 
 2221      61747573 
 2222              	.LASF109:
 2223 01a2 444D415F 		.ascii	"DMA_CalcDMAMUXChannelBaseAndMask\000"
 2223      43616C63 
 2223      444D414D 
 2223      55584368 
 2223      616E6E65 
 2224              	.LASF9:
 2225 01c3 6C6F6E67 		.ascii	"long long unsigned int\000"
 2225      206C6F6E 
 2225      6720756E 
 2225      7369676E 
 2225      65642069 
 2226              	.LASF13:
 2227 01da 4944434F 		.ascii	"IDCODE\000"
 2227      444500
ARM GAS  C:\Users\nicx5\AppData\Local\Temp\ccBxLq1r.s 			page 42


 2228              	.LASF132:
 2229 01e1 6363725F 		.ascii	"ccr_reg\000"
 2229      72656700 
 2230              	.LASF77:
 2231 01e9 48414C5F 		.ascii	"HAL_DMA_XFER_M1CPLT_CB_ID\000"
 2231      444D415F 
 2231      58464552 
 2231      5F4D3143 
 2231      504C545F 
 2232              	.LASF31:
 2233 0203 434D3041 		.ascii	"CM0AR\000"
 2233      5200
 2234              	.LASF108:
 2235 0209 444D415F 		.ascii	"DMA_CalcDMAMUXRequestGenBaseAndMask\000"
 2235      43616C63 
 2235      444D414D 
 2235      55585265 
 2235      71756573 
 2236              	.LASF147:
 2237 022d 48414C5F 		.ascii	"HAL_DMA_DeInit\000"
 2237      444D415F 
 2237      4465496E 
 2237      697400
 2238              	.LASF125:
 2239 023c 48414C5F 		.ascii	"HAL_DMA_GetState\000"
 2239      444D415F 
 2239      47657453 
 2239      74617465 
 2239      00
 2240              	.LASF8:
 2241 024d 6C6F6E67 		.ascii	"long long int\000"
 2241      206C6F6E 
 2241      6720696E 
 2241      7400
 2242              	.LASF1:
 2243 025b 7369676E 		.ascii	"signed char\000"
 2243      65642063 
 2243      68617200 
 2244              	.LASF81:
 2245 0267 48414C5F 		.ascii	"HAL_DMA_XFER_ALL_CB_ID\000"
 2245      444D415F 
 2245      58464552 
 2245      5F414C4C 
 2245      5F43425F 
 2246              	.LASF127:
 2247 027e 43616C6C 		.ascii	"CallbackID\000"
 2247      6261636B 
 2247      494400
 2248              	.LASF89:
 2249 0289 58666572 		.ascii	"XferHalfCpltCallback\000"
 2249      48616C66 
 2249      43706C74 
 2249      43616C6C 
 2249      6261636B 
 2250              	.LASF104:
 2251 029e 52657365 		.ascii	"Reserved0\000"
 2251      72766564 
ARM GAS  C:\Users\nicx5\AppData\Local\Temp\ccBxLq1r.s 			page 43


 2251      3000
 2252              	.LASF145:
 2253 02a8 48414C5F 		.ascii	"HAL_DMA_Start_IT\000"
 2253      444D415F 
 2253      53746172 
 2253      745F4954 
 2253      00
 2254              	.LASF120:
 2255 02b9 44737441 		.ascii	"DstAddress\000"
 2255      64647265 
 2255      737300
 2256              	.LASF90:
 2257 02c4 58666572 		.ascii	"XferM1CpltCallback\000"
 2257      4D314370 
 2257      6C744361 
 2257      6C6C6261 
 2257      636B00
 2258              	.LASF52:
 2259 02d7 48414C5F 		.ascii	"HAL_LockTypeDef\000"
 2259      4C6F636B 
 2259      54797065 
 2259      44656600 
 2260              	.LASF4:
 2261 02e7 6C6F6E67 		.ascii	"long int\000"
 2261      20696E74 
 2261      00
 2262              	.LASF55:
 2263 02f0 50657269 		.ascii	"PeriphInc\000"
 2263      7068496E 
 2263      6300
 2264              	.LASF63:
 2265 02fa 4D656D42 		.ascii	"MemBurst\000"
 2265      75727374 
 2265      00
 2266              	.LASF76:
 2267 0303 48414C5F 		.ascii	"HAL_DMA_XFER_HALFCPLT_CB_ID\000"
 2267      444D415F 
 2267      58464552 
 2267      5F48414C 
 2267      4643504C 
 2268              	.LASF73:
 2269 031f 48414C5F 		.ascii	"HAL_DMA_HALF_TRANSFER\000"
 2269      444D415F 
 2269      48414C46 
 2269      5F545241 
 2269      4E534645 
 2270              	.LASF69:
 2271 0335 48414C5F 		.ascii	"HAL_DMA_STATE_ERROR\000"
 2271      444D415F 
 2271      53544154 
 2271      455F4552 
 2271      524F5200 
 2272              	.LASF44:
 2273 0349 646F7562 		.ascii	"double\000"
 2273      6C6500
 2274              	.LASF95:
 2275 0350 53747265 		.ascii	"StreamBaseAddress\000"
ARM GAS  C:\Users\nicx5\AppData\Local\Temp\ccBxLq1r.s 			page 44


 2275      616D4261 
 2275      73654164 
 2275      64726573 
 2275      7300
 2276              	.LASF87:
 2277 0362 50617265 		.ascii	"Parent\000"
 2277      6E7400
 2278              	.LASF85:
 2279 0369 4C6F636B 		.ascii	"Lock\000"
 2279      00
 2280              	.LASF53:
 2281 036e 52657175 		.ascii	"Request\000"
 2281      65737400 
 2282              	.LASF6:
 2283 0376 5F5F7569 		.ascii	"__uint32_t\000"
 2283      6E743332 
 2283      5F7400
 2284              	.LASF137:
 2285 0381 54696D65 		.ascii	"Timeout\000"
 2285      6F757400 
 2286              	.LASF54:
 2287 0389 44697265 		.ascii	"Direction\000"
 2287      6374696F 
 2287      6E00
 2288              	.LASF82:
 2289 0393 48414C5F 		.ascii	"HAL_DMA_CallbackIDTypeDef\000"
 2289      444D415F 
 2289      43616C6C 
 2289      6261636B 
 2289      49445479 
 2290              	.LASF100:
 2291 03ad 444D416D 		.ascii	"DMAmuxRequestGen\000"
 2291      75785265 
 2291      71756573 
 2291      7447656E 
 2291      00
 2292              	.LASF17:
 2293 03be 41504231 		.ascii	"APB1LFZ1\000"
 2293      4C465A31 
 2293      00
 2294              	.LASF48:
 2295 03c7 48414C5F 		.ascii	"HAL_TIMEOUT\000"
 2295      54494D45 
 2295      4F555400 
 2296              	.LASF10:
 2297 03d3 756E7369 		.ascii	"unsigned int\000"
 2297      676E6564 
 2297      20696E74 
 2297      00
 2298              	.LASF66:
 2299 03e0 48414C5F 		.ascii	"HAL_DMA_STATE_RESET\000"
 2299      444D415F 
 2299      53544154 
 2299      455F5245 
 2299      53455400 
 2300              	.LASF149:
 2301 03f4 48414C5F 		.ascii	"HAL_DMA_Init\000"
ARM GAS  C:\Users\nicx5\AppData\Local\Temp\ccBxLq1r.s 			page 45


 2301      444D415F 
 2301      496E6974 
 2301      00
 2302              	.LASF154:
 2303 0401 53797374 		.ascii	"SystemCoreClock\000"
 2303      656D436F 
 2303      7265436C 
 2303      6F636B00 
 2304              	.LASF107:
 2305 0411 42444D41 		.ascii	"BDMA_Base_Registers\000"
 2305      5F426173 
 2305      655F5265 
 2305      67697374 
 2305      65727300 
 2306              	.LASF30:
 2307 0425 43504152 		.ascii	"CPAR\000"
 2307      00
 2308              	.LASF75:
 2309 042a 48414C5F 		.ascii	"HAL_DMA_XFER_CPLT_CB_ID\000"
 2309      444D415F 
 2309      58464552 
 2309      5F43504C 
 2309      545F4342 
 2310              	.LASF7:
 2311 0442 6C6F6E67 		.ascii	"long unsigned int\000"
 2311      20756E73 
 2311      69676E65 
 2311      6420696E 
 2311      7400
 2312              	.LASF142:
 2313 0454 48414C5F 		.ascii	"HAL_DMA_Abort_IT\000"
 2313      444D415F 
 2313      41626F72 
 2313      745F4954 
 2313      00
 2314              	.LASF96:
 2315 0465 53747265 		.ascii	"StreamIndex\000"
 2315      616D496E 
 2315      64657800 
 2316              	.LASF45:
 2317 0471 48414C5F 		.ascii	"HAL_OK\000"
 2317      4F4B00
 2318              	.LASF113:
 2319 0478 73747265 		.ascii	"stream_baseaddress\000"
 2319      616D5F62 
 2319      61736561 
 2319      64647265 
 2319      737300
 2320              	.LASF135:
 2321 048b 48414C5F 		.ascii	"HAL_DMA_PollForTransfer\000"
 2321      444D415F 
 2321      506F6C6C 
 2321      466F7254 
 2321      72616E73 
 2322              	.LASF3:
 2323 04a3 73686F72 		.ascii	"short unsigned int\000"
 2323      7420756E 
ARM GAS  C:\Users\nicx5\AppData\Local\Temp\ccBxLq1r.s 			page 46


 2323      7369676E 
 2323      65642069 
 2323      6E7400
 2324              	.LASF60:
 2325 04b6 5072696F 		.ascii	"Priority\000"
 2325      72697479 
 2325      00
 2326              	.LASF123:
 2327 04bf 72656773 		.ascii	"regs_bdma\000"
 2327      5F62646D 
 2327      6100
 2328              	.LASF70:
 2329 04c9 48414C5F 		.ascii	"HAL_DMA_STATE_ABORT\000"
 2329      444D415F 
 2329      53544154 
 2329      455F4142 
 2329      4F525400 
 2330              	.LASF94:
 2331 04dd 4572726F 		.ascii	"ErrorCode\000"
 2331      72436F64 
 2331      6500
 2332              	.LASF58:
 2333 04e7 4D656D44 		.ascii	"MemDataAlignment\000"
 2333      61746141 
 2333      6C69676E 
 2333      6D656E74 
 2333      00
 2334              	.LASF39:
 2335 04f8 52474346 		.ascii	"RGCFR\000"
 2335      5200
 2336              	.LASF49:
 2337 04fe 48414C5F 		.ascii	"HAL_StatusTypeDef\000"
 2337      53746174 
 2337      75735479 
 2337      70654465 
 2337      6600
 2338              	.LASF143:
 2339 0510 48414C5F 		.ascii	"HAL_DMA_Abort\000"
 2339      444D415F 
 2339      41626F72 
 2339      7400
 2340              	.LASF0:
 2341 051e 73686F72 		.ascii	"short int\000"
 2341      7420696E 
 2341      7400
 2342              	.LASF79:
 2343 0528 48414C5F 		.ascii	"HAL_DMA_XFER_ERROR_CB_ID\000"
 2343      444D415F 
 2343      58464552 
 2343      5F455252 
 2343      4F525F43 
 2344              	.LASF67:
 2345 0541 48414C5F 		.ascii	"HAL_DMA_STATE_READY\000"
 2345      444D415F 
 2345      53544154 
 2345      455F5245 
 2345      41445900 
ARM GAS  C:\Users\nicx5\AppData\Local\Temp\ccBxLq1r.s 			page 47


 2346              	.LASF84:
 2347 0555 496E6974 		.ascii	"Init\000"
 2347      00
 2348              	.LASF138:
 2349 055a 63706C74 		.ascii	"cpltlevel_mask\000"
 2349      6C657665 
 2349      6C5F6D61 
 2349      736B00
 2350              	.LASF156:
 2351 0569 48414C5F 		.ascii	"HAL_GetTick\000"
 2351      47657454 
 2351      69636B00 
 2352              	.LASF41:
 2353 0575 6C6F6E67 		.ascii	"long double\000"
 2353      20646F75 
 2353      626C6500 
 2354              	.LASF116:
 2355 0581 444D415F 		.ascii	"DMA_CalcBaseAndBitshift\000"
 2355      43616C63 
 2355      42617365 
 2355      416E6442 
 2355      69747368 
 2356              	.LASF51:
 2357 0599 48414C5F 		.ascii	"HAL_LOCKED\000"
 2357      4C4F434B 
 2357      454400
 2358              	.LASF72:
 2359 05a4 48414C5F 		.ascii	"HAL_DMA_FULL_TRANSFER\000"
 2359      444D415F 
 2359      46554C4C 
 2359      5F545241 
 2359      4E534645 
 2360              	.LASF103:
 2361 05ba 444D415F 		.ascii	"DMA_HandleTypeDef\000"
 2361      48616E64 
 2361      6C655479 
 2361      70654465 
 2361      6600
 2362              	.LASF92:
 2363 05cc 58666572 		.ascii	"XferErrorCallback\000"
 2363      4572726F 
 2363      7243616C 
 2363      6C626163 
 2363      6B00
 2364              	.LASF37:
 2365 05de 444D414D 		.ascii	"DMAMUX_RequestGen_TypeDef\000"
 2365      55585F52 
 2365      65717565 
 2365      73744765 
 2365      6E5F5479 
 2366              	.LASF36:
 2367 05f8 52474352 		.ascii	"RGCR\000"
 2367      00
 2368              	.LASF43:
 2369 05fd 666C6F61 		.ascii	"float\000"
 2369      7400
 2370              	.LASF128:
ARM GAS  C:\Users\nicx5\AppData\Local\Temp\ccBxLq1r.s 			page 48


 2371 0603 48414C5F 		.ascii	"HAL_DMA_RegisterCallback\000"
 2371      444D415F 
 2371      52656769 
 2371      73746572 
 2371      43616C6C 
 2372              	.LASF83:
 2373 061c 496E7374 		.ascii	"Instance\000"
 2373      616E6365 
 2373      00
 2374              	.LASF14:
 2375 0625 52455345 		.ascii	"RESERVED4\000"
 2375      52564544 
 2375      3400
 2376              	.LASF16:
 2377 062f 52455345 		.ascii	"RESERVED5\000"
 2377      52564544 
 2377      3500
 2378              	.LASF18:
 2379 0639 52455345 		.ascii	"RESERVED6\000"
 2379      52564544 
 2379      3600
 2380              	.LASF20:
 2381 0643 52455345 		.ascii	"RESERVED7\000"
 2381      52564544 
 2381      3700
 2382              	.LASF22:
 2383 064d 52455345 		.ascii	"RESERVED8\000"
 2383      52564544 
 2383      3800
 2384              	.LASF91:
 2385 0657 58666572 		.ascii	"XferM1HalfCpltCallback\000"
 2385      4D314861 
 2385      6C664370 
 2385      6C744361 
 2385      6C6C6261 
 2386              	.LASF2:
 2387 066e 756E7369 		.ascii	"unsigned char\000"
 2387      676E6564 
 2387      20636861 
 2387      7200
 2388              	.LASF136:
 2389 067c 436F6D70 		.ascii	"CompleteLevel\000"
 2389      6C657465 
 2389      4C657665 
 2389      6C00
 2390              	.LASF71:
 2391 068a 48414C5F 		.ascii	"HAL_DMA_StateTypeDef\000"
 2391      444D415F 
 2391      53746174 
 2391      65547970 
 2391      65446566 
 2392              	.LASF112:
 2393 069f 73747265 		.ascii	"stream_number\000"
 2393      616D5F6E 
 2393      756D6265 
 2393      7200
 2394              	.LASF68:
ARM GAS  C:\Users\nicx5\AppData\Local\Temp\ccBxLq1r.s 			page 49


 2395 06ad 48414C5F 		.ascii	"HAL_DMA_STATE_BUSY\000"
 2395      444D415F 
 2395      53544154 
 2395      455F4255 
 2395      535900
 2396              	.LASF139:
 2397 06c0 7469636B 		.ascii	"tickstart\000"
 2397      73746172 
 2397      7400
 2398              	.LASF56:
 2399 06ca 4D656D49 		.ascii	"MemInc\000"
 2399      6E6300
 2400              	.LASF38:
 2401 06d1 52475352 		.ascii	"RGSR\000"
 2401      00
 2402              	.LASF122:
 2403 06d6 72656773 		.ascii	"regs_dma\000"
 2403      5F646D61 
 2403      00
 2404              	.LASF118:
 2405 06df 444D415F 		.ascii	"DMA_SetConfig\000"
 2405      53657443 
 2405      6F6E6669 
 2405      6700
 2406              	.LASF124:
 2407 06ed 48414C5F 		.ascii	"HAL_DMA_GetError\000"
 2407      444D415F 
 2407      47657445 
 2407      72726F72 
 2407      00
 2408              	.LASF24:
 2409 06fe 4442474D 		.ascii	"DBGMCU_TypeDef\000"
 2409      43555F54 
 2409      79706544 
 2409      656600
 2410              	.LASF101:
 2411 070d 444D416D 		.ascii	"DMAmuxRequestGenStatus\000"
 2411      75785265 
 2411      71756573 
 2411      7447656E 
 2411      53746174 
 2412              	.LASF155:
 2413 0724 5F5F444D 		.ascii	"__DMA_HandleTypeDef\000"
 2413      415F4861 
 2413      6E646C65 
 2413      54797065 
 2413      44656600 
 2414              	.LASF12:
 2415 0738 75696E74 		.ascii	"uint32_t\000"
 2415      33325F74 
 2415      00
 2416              	.LASF61:
 2417 0741 4649464F 		.ascii	"FIFOMode\000"
 2417      4D6F6465 
 2417      00
 2418              	.LASF46:
 2419 074a 48414C5F 		.ascii	"HAL_ERROR\000"
ARM GAS  C:\Users\nicx5\AppData\Local\Temp\ccBxLq1r.s 			page 50


 2419      4552524F 
 2419      5200
 2420              	.LASF129:
 2421 0754 7043616C 		.ascii	"pCallback\000"
 2421      6C626163 
 2421      6B00
 2422              	.LASF19:
 2423 075e 41504231 		.ascii	"APB1HFZ1\000"
 2423      48465A31 
 2423      00
 2424              	.LASF33:
 2425 0767 42444D41 		.ascii	"BDMA_Channel_TypeDef\000"
 2425      5F436861 
 2425      6E6E656C 
 2425      5F547970 
 2425      65446566 
 2426              	.LASF105:
 2427 077c 49464352 		.ascii	"IFCR\000"
 2427      00
 2428              	.LASF62:
 2429 0781 4649464F 		.ascii	"FIFOThreshold\000"
 2429      54687265 
 2429      73686F6C 
 2429      6400
 2430              	.LASF42:
 2431 078f 63686172 		.ascii	"char\000"
 2431      00
 2432              	.LASF141:
 2433 0794 69666372 		.ascii	"ifcr_reg\000"
 2433      5F726567 
 2433      00
 2434              	.LASF74:
 2435 079d 48414C5F 		.ascii	"HAL_DMA_LevelCompleteTypeDef\000"
 2435      444D415F 
 2435      4C657665 
 2435      6C436F6D 
 2435      706C6574 
 2436              	.LASF86:
 2437 07ba 53746174 		.ascii	"State\000"
 2437      6500
 2438              	.LASF59:
 2439 07c0 4D6F6465 		.ascii	"Mode\000"
 2439      00
 2440              	.LASF146:
 2441 07c5 48414C5F 		.ascii	"HAL_DMA_Start\000"
 2441      444D415F 
 2441      53746172 
 2441      7400
 2442              	.LASF78:
 2443 07d3 48414C5F 		.ascii	"HAL_DMA_XFER_M1HALFCPLT_CB_ID\000"
 2443      444D415F 
 2443      58464552 
 2443      5F4D3148 
 2443      414C4643 
 2444              	.LASF97:
 2445 07f1 444D416D 		.ascii	"DMAmuxChannel\000"
 2445      75784368 
ARM GAS  C:\Users\nicx5\AppData\Local\Temp\ccBxLq1r.s 			page 51


 2445      616E6E65 
 2445      6C00
 2446              	.LASF80:
 2447 07ff 48414C5F 		.ascii	"HAL_DMA_XFER_ABORT_CB_ID\000"
 2447      444D415F 
 2447      58464552 
 2447      5F41424F 
 2447      52545F43 
 2448              	.LASF25:
 2449 0818 4E445452 		.ascii	"NDTR\000"
 2449      00
 2450              	.LASF28:
 2451 081d 444D415F 		.ascii	"DMA_Stream_TypeDef\000"
 2451      53747265 
 2451      616D5F54 
 2451      79706544 
 2451      656600
 2452              	.LASF23:
 2453 0830 41504234 		.ascii	"APB4FZ1\000"
 2453      465A3100 
 2454              	.LASF111:
 2455 0838 72657175 		.ascii	"request\000"
 2455      65737400 
 2456              	.LASF27:
 2457 0840 4D314152 		.ascii	"M1AR\000"
 2457      00
 2458              	.LASF57:
 2459 0845 50657269 		.ascii	"PeriphDataAlignment\000"
 2459      70684461 
 2459      7461416C 
 2459      69676E6D 
 2459      656E7400 
 2460              	.LASF99:
 2461 0859 444D416D 		.ascii	"DMAmuxChannelStatusMask\000"
 2461      75784368 
 2461      616E6E65 
 2461      6C537461 
 2461      7475734D 
 2462              	.LASF34:
 2463 0871 444D414D 		.ascii	"DMAMUX_Channel_TypeDef\000"
 2463      55585F43 
 2463      68616E6E 
 2463      656C5F54 
 2463      79706544 
 2464              	.LASF131:
 2465 0888 746D7069 		.ascii	"tmpisr_bdma\000"
 2465      73725F62 
 2465      646D6100 
 2466              	.LASF114:
 2467 0894 73746174 		.ascii	"status\000"
 2467      757300
 2468              	.LASF126:
 2469 089b 48414C5F 		.ascii	"HAL_DMA_UnRegisterCallback\000"
 2469      444D415F 
 2469      556E5265 
 2469      67697374 
 2469      65724361 
ARM GAS  C:\Users\nicx5\AppData\Local\Temp\ccBxLq1r.s 			page 52


 2470              	.LASF29:
 2471 08b6 434E4454 		.ascii	"CNDTR\000"
 2471      5200
 2472              	.LASF148:
 2473 08bc 48414C5F 		.ascii	"HAL_DMA_IRQHandler\000"
 2473      444D415F 
 2473      49525148 
 2473      616E646C 
 2473      657200
 2474              	.LASF11:
 2475 08cf 75696E74 		.ascii	"uint8_t\000"
 2475      385F7400 
 2476              	.LASF117:
 2477 08d7 666C6167 		.ascii	"flagBitshiftOffset\000"
 2477      42697473 
 2477      68696674 
 2477      4F666673 
 2477      657400
 2478              	.LASF150:
 2479 08ea 72656769 		.ascii	"registerValue\000"
 2479      73746572 
 2479      56616C75 
 2479      6500
 2480              	.LASF144:
 2481 08f8 656E6162 		.ascii	"enableRegister\000"
 2481      6C655265 
 2481      67697374 
 2481      657200
 2482              	.LASF32:
 2483 0907 434D3141 		.ascii	"CM1AR\000"
 2483      5200
 2484              	.LASF15:
 2485 090d 41504233 		.ascii	"APB3FZ1\000"
 2485      465A3100 
 2486              	.LASF130:
 2487 0915 746D7069 		.ascii	"tmpisr_dma\000"
 2487      73725F64 
 2487      6D6100
 2488              	.LASF106:
 2489 0920 444D415F 		.ascii	"DMA_Base_Registers\000"
 2489      42617365 
 2489      5F526567 
 2489      69737465 
 2489      727300
 2490              	.LASF50:
 2491 0933 48414C5F 		.ascii	"HAL_UNLOCKED\000"
 2491      554E4C4F 
 2491      434B4544 
 2491      00
 2492              	.LASF140:
 2493 0940 6973725F 		.ascii	"isr_reg\000"
 2493      72656700 
 2494              	.LASF110:
 2495 0948 68646D61 		.ascii	"hdma\000"
 2495      00
 2496              	.LASF134:
 2497 094d 74696D65 		.ascii	"timeout\000"
ARM GAS  C:\Users\nicx5\AppData\Local\Temp\ccBxLq1r.s 			page 53


 2497      6F757400 
 2498              	.LASF40:
 2499 0955 444D414D 		.ascii	"DMAMUX_RequestGenStatus_TypeDef\000"
 2499      55585F52 
 2499      65717565 
 2499      73744765 
 2499      6E537461 
 2500              	.LASF153:
 2501 0975 453A5C57 		.ascii	"E:\\Works\\STM32\\HBox\000"
 2501      6F726B73 
 2501      5C53544D 
 2501      33325C48 
 2501      426F7800 
 2502              	.LASF93:
 2503 0989 58666572 		.ascii	"XferAbortCallback\000"
 2503      41626F72 
 2503      7443616C 
 2503      6C626163 
 2503      6B00
 2504              	.LASF102:
 2505 099b 444D416D 		.ascii	"DMAmuxRequestGenStatusMask\000"
 2505      75785265 
 2505      71756573 
 2505      7447656E 
 2505      53746174 
 2506              	.LASF88:
 2507 09b6 58666572 		.ascii	"XferCpltCallback\000"
 2507      43706C74 
 2507      43616C6C 
 2507      6261636B 
 2507      00
 2508              	.LASF64:
 2509 09c7 50657269 		.ascii	"PeriphBurst\000"
 2509      70684275 
 2509      72737400 
 2510              		.text
 2511              		.section	.gnu.lto_.profile.1f2f3510,"e",%progbits
 2512 0000 28B52FFD 		.ascii	"(\265/\375 \030\205\000\000P\024\000\000\000\000\002"
 2512      20188500 
 2512      00501400 
 2512      00000002 
 2513 0010 08001000 		.ascii	"\010\000\020\000\001\0002@\002"
 2513      01003240 
 2513      02
 2514              		.text
 2515              		.section	.gnu.lto_.icf.1f2f3510,"e",%progbits
 2516 0000 28B52FFD 		.ascii	"(\265/\375`\007\007\305\022\000\322O;9P\215\322\001"
 2516      600707C5 
 2516      1200D24F 
 2516      3B39508D 
 2516      D201
 2517 0012 20AC7FE1 		.ascii	" \254\177\341e\361\026\220\222\004?\013\263\355\266"
 2517      65F11690 
 2517      92043F0B 
 2517      B3EDB6
 2518 0021 E2DA9714 		.ascii	"\342\332\227\024\346\"6\244x\332\"\211Y\314\314\314"
 2518      E62236A4 
ARM GAS  C:\Users\nicx5\AppData\Local\Temp\ccBxLq1r.s 			page 54


 2518      78DA2289 
 2518      59CCCCCC 
 2519 0031 B245CCE2 		.ascii	"\262E\314\342\233\031D\250$vI#\273\033\331{/\233\335"
 2519      9B1944A8 
 2519      24764923 
 2519      BB1BD97B 
 2519      2F9BDD
 2520 0044 244919DC 		.ascii	"$I\031\334\347?3\0009\010q\277\036H\246\226\246\177"
 2520      E73F3300 
 2520      390871BF 
 2520      1E48A696 
 2520      A67F
 2521 0056 0168C4D7 		.ascii	"\001h\304\327a\335\376\335\346\207\012\352\263\365\265"
 2521      61DDFEDD 
 2521      E6870AEA 
 2521      B3F5B5
 2522 0065 A9C91865 		.ascii	"\251\311\030e4I\205\006\221G\203\335\273\366 \011\343"
 2522      34498506 
 2522      914783DD 
 2522      BBF62009 
 2522      E3
 2523 0076 9460E104 		.ascii	"\224`\341\004\201FX5r\347^/\3015:\255D\230\254\177g"
 2523      81465835 
 2523      72E75E2F 
 2523      C1353AAD 
 2523      4498AC7F 
 2524 008b 73A07C21 		.ascii	"s\240|!\332\2773\026\320\022\303\212i\366m\246\2366"
 2524      DABF3316 
 2524      D012C38A 
 2524      69F66DA6 
 2524      9E36
 2525 009d 47ABB967 		.ascii	"G\253\271g7.P)\331\277\323\006P\217*E\025\251\334\316"
 2525      372E5029 
 2525      D9BFD306 
 2525      508F2A45 
 2525      15A9DCCE 
 2526 00b1 99AA0D64 		.ascii	"\231\252\015d\"#\211\014\354\366\335+8\032\253K\237"
 2526      2223890C 
 2526      ECF6DD2B 
 2526      381AAB4B 
 2526      9F
 2527 00c2 6BDC9458 		.ascii	"k\334\224X\244,5+m8\036\334\340B\307a\342z\010\211\204"
 2527      A42C352B 
 2527      6D381EDC 
 2527      E042C761 
 2527      E27A0889 
 2528 00d7 02F3AC56 		.ascii	"\002\363\254V\010\004\223\216\246\364\374\331\362\374"
 2528      0804938E 
 2528      A6F4FCD9 
 2528      F2FC
 2529 00e5 885DDEB7 		.ascii	"\210]\336\267\034\236\373\327\373\177\237/0?\036\337"
 2529      1C9EFBD7 
 2529      FB7F9F2F 
 2529      303F1EDF 
 2530 00f5 09738CB5 		.ascii	"\011s\214\265\002\200\273\250\221\2660\222\0302\354"
 2530      0280BBA8 
 2530      91B63092 
ARM GAS  C:\Users\nicx5\AppData\Local\Temp\ccBxLq1r.s 			page 55


 2530      1832EC
 2531 0104 06708221 		.ascii	"\006p\202!\0322z\022@\302$G\270 dh\206dDSPPP\311\306"
 2531      1A327A12 
 2531      40C22447 
 2531      B8206468 
 2531      86644453 
 2532 011d 01A4010E 		.ascii	"\001\244\001\016\235*\320a{\327\231\012\3748,\366)."
 2532      9D2AD061 
 2532      7BD7990A 
 2532      FC382CF6 
 2532      292E
 2533 012f F8EBAD9F 		.ascii	"\370\353\255\237\306A\305\273\322\344\222]?\343\027"
 2533      C641C5BB 
 2533      D2E4925D 
 2533      3FE317
 2534 013e CDD7A2BF 		.ascii	"\315\327\242\277\245\327\323E\377B\310\304\312iM\311"
 2534      A5D7D345 
 2534      FF42C8C4 
 2534      CA694DC9 
 2535 014e 36EA1BDC 		.ascii	"6\352\033\334\376\217\212'H\000\227;\371\365k\036\242"
 2535      FE8F8A27 
 2535      4800973B 
 2535      F9F56B1E 
 2535      A2
 2536 015f 2C751FF6 		.ascii	",u\037\366\013\332\320\256H\213\325\242f\351,\301\376"
 2536      0BDAD0AE 
 2536      488BD5A2 
 2536      66E92CC1 
 2536      FE
 2537 0170 F85CE66C 		.ascii	"\370\\\346l\200\016\360q\355\312\215%\332\222\206\325"
 2537      800EF071 
 2537      EDCA8D25 
 2537      DA9286D5 
 2538 0180 AE123248 		.ascii	"\256\0222H\230\326\314\334\001|\323iV~\202\336\252\220"
 2538      98D6CCDC 
 2538      017CD369 
 2538      567E82DE 
 2538      AA90
 2539 0192 C8FE1E29 		.ascii	"\310\376\036)B\225j\000\231\217i\351\201\225\0009\325"
 2539      42956A00 
 2539      998F69E9 
 2539      81950039 
 2539      D5
 2540 01a3 E897AF1A 		.ascii	"\350\227\257\032\300\3566@\0142?\365\2311)H\241\033"
 2540      C0EE3640 
 2540      0C323FF5 
 2540      99312948 
 2540      A11B
 2541 01b5 8F8FF5DB 		.ascii	"\217\217\365\333\305\355=\365\211V\363<\364m\363\271"
 2541      C5ED3DF5 
 2541      8956F33C 
 2541      F46DF3B9 
 2542 01c5 EB51DAAD 		.ascii	"\353Q\332\255\331\033\340\231\263\260\337\372~\273\032"
 2542      D91BE099 
 2542      B3B0DFFA 
 2542      7EBB1A
 2543 01d4 0887F79C 		.ascii	"\010\207\367\234\233\242\351\313\316\373X\222\330\266"
ARM GAS  C:\Users\nicx5\AppData\Local\Temp\ccBxLq1r.s 			page 56


 2543      9BA2E9CB 
 2543      CEFB5892 
 2543      D8B6
 2544 01e2 80EC0FEF 		.ascii	"\200\354\017\357\231\345\374\336\226\251+\257\033\305"
 2544      99E5FCDE 
 2544      96A92BAF 
 2544      1BC5
 2545 01f0 6C0FA26F 		.ascii	"l\017\242o\363\020z\237\372\001\013\177{\230\215\240"
 2545      F3107A9F 
 2545      FA010B7F 
 2545      7B988DA0 
 2546 0200 7434167E 		.ascii	"t4\026~\313eb&W\304\362E\336V_u\263GP\237\327X\017="
 2546      CB656226 
 2546      57C4F245 
 2546      DE565F75 
 2546      B347509F 
 2547 0218 10EA14CB 		.ascii	"\020\352\024\313\022\235\210\222\361\272Sx\275\327\310"
 2547      129D8892 
 2547      F1BA5378 
 2547      BDD7C8
 2548 0227 EE962538 		.ascii	"\356\226%8>)m\223\232\225\370\330\376!\017\015\230\204"
 2548      3E296D93 
 2548      9A95F8D8 
 2548      FE210F0D 
 2548      9884
 2549 0239 15B51DF1 		.ascii	"\025\265\035\361\352\224\032\343\265\301p\030\220\021"
 2549      EA941AE3 
 2549      B5C17018 
 2549      9011
 2550 0247 4DEB7C3A 		.ascii	"M\353|:\270\313\357\361L\002W|\034\364\377\221\247u"
 2550      B8CBEFF1 
 2550      4C02577C 
 2550      1CF4FF91 
 2550      A775
 2551 0259 A917C039 		.ascii	"\251\027\3009\345f\265\3143"
 2551      E566B5CC 
 2551      33
 2552              		.text
 2553              		.section	.gnu.lto_.ipa_sra.1f2f3510,"e",%progbits
 2554 0000 28B52FFD 		.ascii	"(\265/\375`\322\000}\004\000\"E\017\030\240'\351\377"
 2554      60D2007D 
 2554      04002245 
 2554      0F18A027 
 2554      E9FF
 2555 0012 FF3FF8FF 		.ascii	"\377?\370\377\377\377?,\243vo\377\377\377\177kM\312"
 2555      FFFF3F2C 
 2555      A3766FFF 
 2555      FFFF7F6B 
 2555      4DCA
 2556 0024 9D526AEA 		.ascii	"\235Rj\352\013\025\215BK<\204\252\303\030taF\230\201"
 2556      0B158D42 
 2556      4B3C84AA 
 2556      C3187461 
 2556      469881
 2557 0037 C00DAC01 		.ascii	"\300\015\254\001\311\252u\3261\236V\207\034O\332\353"
 2557      C9AA75D6 
 2557      319E5687 
ARM GAS  C:\Users\nicx5\AppData\Local\Temp\ccBxLq1r.s 			page 57


 2557      1C4FDAEB 
 2558 0047 2CDE0823 		.ascii	",\336\010# \220\002\252\242\362\015\012,\023\204\030"
 2558      209002AA 
 2558      A2F20D0A 
 2558      2C138418 
 2559 0057 77404DC1 		.ascii	"w@M\301#\304\241Q\246Y\270\210@\301D\306\247n\214\226"
 2559      23C4A151 
 2559      A659B888 
 2559      40C144C6 
 2559      A76E8C96 
 2560 006b B3943686 		.ascii	"\263\2246\206@E@\301\004C^\247d,,?\314\303m\201!\006"
 2560      404540C1 
 2560      04435EA7 
 2560      642C2C3F 
 2560      CCC36D81 
 2561 0081 075F80A5 		.ascii	"\007_\200\245=\302\014f\210\034\360\203\276L\0337\012"
 2561      3DC20C66 
 2561      881CF083 
 2561      BE4C1B37 
 2561      0A
 2562 0092 3D65F7EA 		.ascii	"=e\367\352\"\014\001"
 2562      220C01
 2563              		.text
 2564              		.section	.gnu.lto_.inline.1f2f3510,"e",%progbits
 2565 0000 28B52FFD 		.ascii	"(\265/\375`\270\035uD\000\332Z\254\023H\200ZN:\235:"
 2565      60B81D75 
 2565      4400DA5A 
 2565      AC134880 
 2565      5A4E3A9D 
 2566 0015 15E11373 		.ascii	"\025\341\023s\370\207\202\245\276d\236C5vK\010\2104"
 2566      F88782A5 
 2566      BE649E43 
 2566      35764B08 
 2566      8834
 2567 0027 BA1355E3 		.ascii	"\272\023U\343\017w+\370\017\334\334}\016'\306p\207\335"
 2567      0F772BF8 
 2567      0FDCDC7D 
 2567      0E27C670 
 2567      87DD
 2568 0039 9A5AAEE5 		.ascii	"\232Z\256\345\026\217T\323=\235\303\260\\\245\364\021"
 2568      168F54D3 
 2568      3D9DC3B0 
 2568      5CA5F411 
 2569 0049 BE04F1AE 		.ascii	"\276\004\361\256<\201\326/\273I\333[\356\024\"\001'"
 2569      3C81D62F 
 2569      BB49DB5B 
 2569      EE142201 
 2569      27
 2570 005a 01280118 		.ascii	"\001(\001\030\247v\271\\.\357\205\215\3149\353\3365"
 2570      A776B95C 
 2570      2EEF858D 
 2570      CC39EBDE 
 2570      35
 2571 006b E777DAB9 		.ascii	"\347w\332\271s\316E\346\177\"\347L\364\353\274\331\272"
 2571      73CE45E6 
 2571      7F22E74C 
 2571      F4EBBCD9 
ARM GAS  C:\Users\nicx5\AppData\Local\Temp\ccBxLq1r.s 			page 58


 2571      BA
 2572 007c A7EB93CA 		.ascii	"\247\353\223\312\323$JX)\310\\\177\330l\357\007\347"
 2572      D3244A58 
 2572      29C85C7F 
 2572      D86CEF07 
 2572      E7
 2573 008d 9CEB03F3 		.ascii	"\234\353\003\363<-\254\315f\353W\327~P\275*OE\332\327"
 2573      3C2DACCD 
 2573      66EB57D7 
 2573      7E50BD2A 
 2573      4F45DAD7 
 2574 00a1 1F93A787 		.ascii	"\037\223\247\207\216\363\032d\221\334^$)\334\376Oc\366"
 2574      8EF31A64 
 2574      91DC5E24 
 2574      29DCFE4F 
 2574      63F6
 2575 00b3 F6D4E047 		.ascii	"\366\324\340G\345\376.\360\002o\332t\323\270\033\034"
 2575      E5FE2EF0 
 2575      026FDA74 
 2575      D3B81B1C 
 2576 00c3 BBEFB7D0 		.ascii	"\273\357\267\320.\301\234|\361\376 [\204\314\212\247"
 2576      2EC19C7C 
 2576      F1FE205B 
 2576      84CC8AA7 
 2577 00d3 05374EBA 		.ascii	"\0057N\272\270\266\264\262\220G\254\253&L\210CD\020"
 2577      B8B6B4B2 
 2577      9047ACAB 
 2577      264C8843 
 2577      4410
 2578 00e5 ADEC0225 		.ascii	"\255\354\002%\205\302\353\177\234sjk\364\210\322\242"
 2578      85C2EB7F 
 2578      9C736A6B 
 2578      F488D2A2 
 2579 00f5 D6E89C81 		.ascii	"\326\350\234\201=&e\004\015\3732\320*\311\250I\203\317"
 2579      3D266504 
 2579      0DFB32D0 
 2579      2AC9A849 
 2579      83CF
 2580 0107 9C769A8D 		.ascii	"\234v\232\215\256,|sj\301\250i\341\201\217\321\232\203"
 2580      AE2C7C73 
 2580      6AC1A869 
 2580      E1818FD1 
 2580      9A83
 2581 0119 BD96830A 		.ascii	"\275\226\203\012\023>F\217\321\240\235S\372\220\303"
 2581      133E468F 
 2581      D1A09D53 
 2581      FA90C3
 2582 0128 C7C7C2E6 		.ascii	"\307\307\302\346B\365D\206\337\357\241u\341\245\346"
 2582      42F54486 
 2582      DFEFA175 
 2582      E1A5E6
 2583 0137 85F383E8 		.ascii	"\205\363\203\3500k7dL\270qR\354Z\221\304\005\267\225"
 2583      306B3764 
 2583      4CB87152 
 2583      EC5A91C4 
 2583      05B795
 2584 014a A685CC8A 		.ascii	"\246\205\314\212B&)\035\227`\025\257\210\222\232\300"
ARM GAS  C:\Users\nicx5\AppData\Local\Temp\ccBxLq1r.s 			page 59


 2584      4226291D 
 2584      976015AF 
 2584      88929AC0 
 2585 015a 3149B342 		.ascii	"1I\263BVE\325%u\247\211\377\355\315IY\251\036\214\271"
 2585      5645D525 
 2585      75A789FF 
 2585      EDCD4959 
 2585      A91E8CB9 
 2586 016e D34357F0 		.ascii	"\323CW\360\032\242\251\204\020q\253+\376\234+\030\022"
 2586      1AA2A984 
 2586      1071AB2B 
 2586      FE9C2B18 
 2586      12
 2587 017f 45A4DE76 		.ascii	"E\244\336v\216\004Q\343\345h7\337\367}S\373\213\222"
 2587      8E0451E3 
 2587      E56837DF 
 2587      F77D53FB 
 2587      8B92
 2588 0191 D1D146CD 		.ascii	"\321\321F\315\374Y\246\266\267%\275\2323\220U\222Y\223"
 2588      FC59A6B6 
 2588      B725BD9A 
 2588      33905592 
 2588      5993
 2589 01a3 2F9A7F38 		.ascii	"/\232\1778\377|9w\006\372r\006\336\363L\305\356\257"
 2589      FF7C3977 
 2589      06FA7206 
 2589      DEF34CC5 
 2589      EEAF
 2590 01b5 2F48A47B 		.ascii	"/H\244{_\037\260\353\207\000\316\243gg\311\244\231Y"
 2590      5F1FB0EB 
 2590      8700CEA3 
 2590      6767C9A4 
 2590      9959
 2591 01c7 591919D9 		.ascii	"Y\031\031\331\330\230\230XX]\326\007\346{Z\330\250\335"
 2591      D8989858 
 2591      585DD607 
 2591      E67B5AD8 
 2591      A8DD
 2592 01d9 D51FB300 		.ascii	"\325\037\263\000\022\255\035H\006\327\275uF\263\240"
 2592      12AD1D48 
 2592      06D7BD75 
 2592      46B3A0
 2593 01e8 D519CD86 		.ascii	"\325\031\315\206\355E\014\026\213\036\014&=\272\370"
 2593      ED450C16 
 2593      8B1E0C26 
 2593      3DBAF8
 2594 01f7 A06917CD 		.ascii	"\240i\027\315h.\232\221\027\315\305\213\346\024\315"
 2594      682E9A91 
 2594      17CDC58B 
 2594      E614CD
 2595 0206 F91EA339 		.ascii	"\371\036\2439\243h\306\371\355w\272\236\267<s\006\256"
 2595      A368C6F9 
 2595      ED77BA9E 
 2595      B73C7306 
 2595      AE
 2596 0217 FE58E869 		.ascii	"\376X\350i\024}[\243\352\217\271\323$\316\230\222R\331"
 2596      147D5BA3 
ARM GAS  C:\Users\nicx5\AppData\Local\Temp\ccBxLq1r.s 			page 60


 2596      EA8FB9D3 
 2596      24CE9892 
 2596      52D9
 2597 0229 ECAD2C8D 		.ascii	"\354\255,\215\214klJ\014G\230\016\271\"*\211@Tr+L\204"
 2597      8C6B6C4A 
 2597      0C47980E 
 2597      B9222A89 
 2597      4054722B 
 2598 023f DFAB4143 		.ascii	"\337\253AC\332\306\244\261\312N\003zQ\2405&\215Vt\027"
 2598      DAC6A4B1 
 2598      CA4E037A 
 2598      51A03526 
 2598      8D567417 
 2599 0253 05EAA431 		.ascii	"\005\352\2441i\244\376^a\027s\316\003\336\367\376\352"
 2599      69A4FE5E 
 2599      611773CE 
 2599      03DEF7FE 
 2599      EA
 2600 0264 7F3D3536 		.ascii	"\177=56\007f\207^ K\365\024ENwf\017[\365\370\"\241\251"
 2600      0766875E 
 2600      204BF514 
 2600      454E7766 
 2600      0F5BF5F8 
 2601 027b 70D2E99B 		.ascii	"p\322\351\233\201Z\215\351\352XoY\350Pc\332\335\234"
 2601      815A8DE9 
 2601      EA586F59 
 2601      E85063DA 
 2601      DD9C
 2602 028d CFFCC16A 		.ascii	"\317\374\301jy\241\031\325\343\234Z(\252'\257\000\215"
 2602      79A119D5 
 2602      E39C5A28 
 2602      AA27AF00 
 2602      8D
 2603 029e 71FEF5D8 		.ascii	"q\376\365\330\234rG}\331\015\256w\001!l\276\362\262"
 2603      9C72477D 
 2603      D90DAE77 
 2603      01216CBE 
 2603      F2B2
 2604 02b0 C3B6095B 		.ascii	"\303\266\011[K)NLN\012!\013\344X\245\243U<\300\225\332"
 2604      4B294E4C 
 2604      4E0A210B 
 2604      E458A5A3 
 2604      553CC095 
 2605 02c5 7B06A57B 		.ascii	"{\006\245{\034\363<>\205\035\246ds\304o|\006{\012\014"
 2605      1CF33C3E 
 2605      851DA664 
 2605      73C46F7C 
 2605      067B0A0C 
 2606 02d9 2BCB3DF6 		.ascii	"+\313=\366\035\301\020\202}o\014\264>\246\270\334\352"
 2606      1DC11082 
 2606      7D6F0CB4 
 2606      3EA6B8DC 
 2606      EA
 2607 02ea 51A2DD11 		.ascii	"Q\242\335\021t\275-\332Z/\230\007\232\250\273\232\022"
 2607      74BD2DDA 
 2607      5A2F9807 
 2607      9AA8BB9A 
ARM GAS  C:\Users\nicx5\AppData\Local\Temp\ccBxLq1r.s 			page 61


 2607      12
 2608 02fb 3624E7BC 		.ascii	"6$\347\274\345\024\232 5\003m\221\245e\032\334TE\260"
 2608      E5149A20 
 2608      35036D91 
 2608      A5651ADC 
 2608      5445B0
 2609 030e 1638B549 		.ascii	"\0268\265I\316\234\265\300]\265UC\016\007\355\261\214"
 2609      CE9CB5C0 
 2609      5DB55543 
 2609      0E07EDB1 
 2609      8C
 2610 031f 8F2EDC47 		.ascii	"\217.\334G3OS\030\204\205Bj\233\2630\264\312/X.t\210"
 2610      334F5318 
 2610      8485426A 
 2610      9BB330B4 
 2610      CA2F582E 
 2611 0335 CCF39478 		.ascii	"\314\363\224xl=\251M\277\371\361+\257{\366\347\365\177"
 2611      6C3DA94D 
 2611      BFF9F12B 
 2611      AF7BF6E7 
 2611      F57F
 2612 0347 A16E7B91 		.ascii	"\241n{\221\225\303B\275\361\033\0075\022\252kI\302\317"
 2612      95C342BD 
 2612      F11B0735 
 2612      12AA6B49 
 2612      C2CF
 2613 0359 0B6F92AE 		.ascii	"\013o\222\256\253Z\255M\254&\314\332C\267\257\"\354"
 2613      AB5AAD4D 
 2613      AC26CCDA 
 2613      43B7AF22 
 2613      EC
 2614 036a 5318272A 		.ascii	"S\030'*\235\342\000\236A\251\376\347\325\021\267Vs/"
 2614      9DE2009E 
 2614      41A9FEE7 
 2614      D511B756 
 2614      732F
 2615 037c DBB4FCC0 		.ascii	"\333\264\374\300\377\260\227E+MzUKL\240\\\3558hU\034"
 2615      FFB09745 
 2615      2B4D7A55 
 2615      4B4CA05C 
 2615      ED386855 
 2616 0391 2D29A9C8 		.ascii	"-)\251\310\264\312\231\236\3013x\012\235N\341\3349,"
 2616      B4CA999E 
 2616      C133780A 
 2616      9D4EE1DC 
 2616      392C
 2617 03a3 3B877D84 		.ascii	";\207}\204sS\366\376\020\335\364d\024\206A\250y8\311"
 2617      7353F6FE 
 2617      10DDF464 
 2617      148641A8 
 2617      7938C9
 2618 03b6 9155B0EF 		.ascii	"\221U\260\357\236!\306\375/@\367\277\331$)\351\202\201"
 2618      9E21C6FD 
 2618      2F40F7BF 
 2618      D92429E9 
 2618      8281
 2619 03c8 06803FA8 		.ascii	"\006\200?\250\307\004\327\371\277\373\2056\247\003\262"
ARM GAS  C:\Users\nicx5\AppData\Local\Temp\ccBxLq1r.s 			page 62


 2619      C704D7F9 
 2619      BFFB8536 
 2619      A703B2
 2620 03d7 1E672031 		.ascii	"\036g 13\337\014\020\27034\253\005\023\225]\020=\263"
 2620      33DF0C10 
 2620      B83334AB 
 2620      0513955D 
 2620      103DB3
 2621 03ea 01B35630 		.ascii	"\001\263V0\333\264dQ\262\325\265\332[\263\005\010\024"
 2621      DBB46451 
 2621      B2D5B5DA 
 2621      5BB30508 
 2621      14
 2622 03fb 8417B8F8 		.ascii	"\204\027\270\370<O\024\275\330\347\363\325Zkw\367\315"
 2622      3C4F14BD 
 2622      D8E7F3D5 
 2622      5A6B77F7 
 2622      CD
 2623 040c 1E3A078D 		.ascii	"\036:\007\215,\271\376^\234\3328$0_>\277\370\027\013"
 2623      2CB9FE5E 
 2623      9CDA3824 
 2623      305F3EBF 
 2623      F8170B
 2624 041f 7BE94698 		.ascii	"{\351F\230&\363}q\332b\3244\271\321\277)N/5h\023t\255"
 2624      26F37D71 
 2624      DA62D434 
 2624      B9D1BF29 
 2624      4E2F3568 
 2625 0436 BA6BBB56 		.ascii	"\272k\273V0\023\364P\345\211\355X3BO`J\033\252\270\232"
 2625      3013F450 
 2625      E589ED58 
 2625      33424F60 
 2625      4A1BAAB8 
 2626 044b 2579E66A 		.ascii	"%y\346ji\316\352K&r\360\0135\331\015\2608\233\264C\216"
 2626      69CEEA4B 
 2626      2672F00B 
 2626      35D90DB0 
 2626      389BB443 
 2627 0460 34A1D9AA 		.ascii	"4\241\331\252{\372\316\373\320ljV1\352\261.\013\365"
 2627      7BFACEFB 
 2627      D06C6A56 
 2627      31EAB12E 
 2627      0BF5
 2628 0472 D70F2D49 		.ascii	"\327\017-I\352\221.\007Y\255\243(en\216}>\241\035ce"
 2628      EA912E07 
 2628      59ADA328 
 2628      656E8E7D 
 2628      3EA11D63 
 2629 0487 74C537EC 		.ascii	"t\3057\3546U\234\336v\307A]\364\302\206\334M\255\326"
 2629      36559CDE 
 2629      76C7415D 
 2629      F4C286DC 
 2629      4DADD6
 2630 049a 9321681C 		.ascii	"\223!h\034~\015\366B\306\217\3351j\\+Rn\000\262eG+N"
 2630      7E0DF642 
 2630      C68FDD31 
 2630      6A5C2B52 
ARM GAS  C:\Users\nicx5\AppData\Local\Temp\ccBxLq1r.s 			page 63


 2630      6E00B265 
 2631 04b1 BAE3B3E5 		.ascii	"\272\343\263\345f(\271\352\211h#SQ\251\232\261UfM[<"
 2631      6628B9EA 
 2631      89682353 
 2631      51A99AB1 
 2631      55664D5B 
 2632 04c6 C7F9C26B 		.ascii	"\307\371\302k\344\323\265\022\275\206\254\324\236&\366"
 2632      E4D3B512 
 2632      BD86ACD4 
 2632      9E26F6
 2633 04d5 5FB1549F 		.ascii	"_\261T\237&V\013\246O\017U\336\353\210\276ZRD\326_\307"
 2633      26560BA6 
 2633      4F0F55DE 
 2633      EB88BE5A 
 2633      5244D65F 
 2634 04ea 294A1991 		.ascii	")J\031\2212\323\266\342\242\012\353\034\324i\002\201"
 2634      32D3B6E2 
 2634      A20AEB1C 
 2634      D4690281 
 2635 04fa F5A84145 		.ascii	"\365\250AEfdfDF\222$\205\014c\261\005DAd\206\3566\022"
 2635      66646644 
 2635      46922485 
 2635      0C63B105 
 2635      44416486 
 2636 0511 40F33488 		.ascii	"@\3634\210\361\234\322\206\210\214\210\210\210H \"Q"
 2636      F19CD286 
 2636      888C8888 
 2636      88482022 
 2636      51
 2637 0522 9214A590 		.ascii	"\222\024\245\220\016N\323\342)\240\221\012\376H\245"
 2637      0E4ED3E2 
 2637      29A0910A 
 2637      FE48A5
 2638 0531 B6CB3CBB 		.ascii	"\266\313<\273\273\204\260\362\245\032B\3309\251\304"
 2638      BB84B0F2 
 2638      A51A42D8 
 2638      39A9C4
 2639 0540 333EB487 		.ascii	"3>\264\207\312\032\330\024\333\306\3644\212\331\336"
 2639      CA1AD814 
 2639      DBC6F434 
 2639      8AD9DE
 2640 054f B893BA74 		.ascii	"\270\223\272t\306\217\013\247Y\026\352\205\345\010\240"
 2640      C68F0BA7 
 2640      5916EA85 
 2640      E508A0
 2641 055e 28F7BE99 		.ascii	"(\367\276\231a\010\366Uh\2715\221\034\370\260\005\362"
 2641      6108F655 
 2641      68B93591 
 2641      1CF8B005 
 2641      F2
 2642 056f 593EB620 		.ascii	"Y>\266 \260\216\236\264\264=\341\307\205\372\212\360"
 2642      B08E9EB4 
 2642      B43DE1C7 
 2642      85FA8AF0 
 2643 057f 596B9E91 		.ascii	"Yk\236\221a\316\241\036-\372\"[u#\034\242\276n<\226"
 2643      61CEA11E 
 2643      2DFA225B 
ARM GAS  C:\Users\nicx5\AppData\Local\Temp\ccBxLq1r.s 			page 64


 2643      75231CA2 
 2643      BE6E3C96 
 2644 0593 DF8E8C46 		.ascii	"\337\216\214F\223`+\270\024Y\003\017V\215f\360\363\011"
 2644      93602BB8 
 2644      1459030F 
 2644      568D66F0 
 2644      F309
 2645 05a5 0C7B7262 		.ascii	"\014{rb\232\3324\012#;\0111j\023\243\374\307v7\307\006"
 2645      9ADA340A 
 2645      233B0931 
 2645      6A13A3FC 
 2645      C77637C7 
 2646 05ba 231B6289 		.ascii	"#\033b\211Fc%\265_\333\372k\2078b\216,\263l\360\261"
 2646      466325B5 
 2646      5FDBFA6B 
 2646      8738628E 
 2646      2CB36CF0 
 2647 05cf 91AD7772 		.ascii	"\221\255wrx\015\332\251\351\" \315Dfna\3519\034\364"
 2647      780DDAA9 
 2647      E92220CD 
 2647      44666E61 
 2647      E9391CF4 
 2648 05e3 E28F5849 		.ascii	"\342\217XIq\330\357$\011\305\010\000wU\247\216S\017"
 2648      71D8EF24 
 2648      09C50800 
 2648      7755A78E 
 2648      530F
 2649 05f5 88579793 		.ascii	"\210W\227\223\313\261\250*+X\267\374\273mf<r\216\355"
 2649      CBB1A82A 
 2649      2B58B7FC 
 2649      BB6D663C 
 2649      728EED
 2650 0608 CA8FB7D3 		.ascii	"\312\217\267\323>\222F\\t\322cP-\350\276xk\352\345\017"
 2650      3E92465C 
 2650      74D26350 
 2650      2DE8BE78 
 2650      6BEAE50F 
 2651 061c 275EF5BF 		.ascii	"'^\365\277\366\353\207\250\213\272\221\247\270\177%"
 2651      F6EB87A8 
 2651      8BBA91A7 
 2651      B87F25
 2652 062b FF206694 		.ascii	"\377 f\224\322\304\224h\201m0b\242\003\261\204\351\331"
 2652      D2C49468 
 2652      816D3062 
 2652      A203B184 
 2652      E9D9
 2653 063d 25E66302 		.ascii	"%\346c\002\276\022\333'>\303t\023/\211\030\010\366\026"
 2653      BE12DB27 
 2653      3EC37413 
 2653      2F891808 
 2653      F616
 2654 064f 8268C0ED 		.ascii	"\202h\300\355\222c\204\350E\321\2216DG\261G\345C\251"
 2654      926384E8 
 2654      45D19136 
 2654      4447B147 
 2654      E543A9
 2655 0662 FC3F3D57 		.ascii	"\374?=WeDyv\356\203@\246\212\017\313C\261\205\3749\373"
ARM GAS  C:\Users\nicx5\AppData\Local\Temp\ccBxLq1r.s 			page 65


 2655      65447976 
 2655      EE8340A6 
 2655      8A0FCB43 
 2655      B185FC39 
 2656 0677 2CF0E858 		.ascii	",\360\350XAV\244&\341I\334mF`p\177\201vQn*o\022\332"
 2656      4156A426 
 2656      E149DC6D 
 2656      4660707F 
 2656      8176516E 
 2657 068f 7FBD903C 		.ascii	"\177\275\220<+\364\247\363\245\276\240j)4\360\307\203"
 2657      2BF4A7F3 
 2657      A5BEA06A 
 2657      2934F0C7 
 2657      83
 2658 06a0 3E3405CA 		.ascii	">4\005\312\251F\031\322$\277\363L\"gL\224j2x\035P\030"
 2658      A94619D2 
 2658      24BFF34C 
 2658      22674C94 
 2658      6A32781D 
 2659 06b6 905F1D21 		.ascii	"\220_\035!\236\007\205\016%\346\3601\340\207\262\013"
 2659      9E07850E 
 2659      25E6F031 
 2659      E087B20B 
 2660 06c6 9F88818A 		.ascii	"\237\210\201\212\320\"\231\261&\355+-\300\322\273;O"
 2660      D02299B1 
 2660      26ED2B2D 
 2660      C0D2BB3B 
 2660      4F
 2661 06d7 743C15A0 		.ascii	"t<\025\240ZP\366\277\256,\375\002\342J\037\002\323\267"
 2661      5A50F6BF 
 2661      AE2CFD02 
 2661      E24A1F02 
 2661      D3B7
 2662 06e9 9830CB6B 		.ascii	"\2300\313k\2404\205\225\223\331xi\201\312\350\006\016"
 2662      A0348595 
 2662      93D97869 
 2662      81CAE806 
 2662      0E
 2663 06fa 1EC9E411 		.ascii	"\036\311\344\021\277\201\276\036#1\250\220\352a\351"
 2663      BF81BE1E 
 2663      2331A890 
 2663      EA61E9
 2664 0709 98496456 		.ascii	"\230IdV\024p\256\350\233\0200\244\017\200\341\015\373"
 2664      1470AEE8 
 2664      9B1030A4 
 2664      0F80E10D 
 2664      FB
 2665 071a 886ED5B6 		.ascii	"\210n\325\266`x\000i\212\001`t\000\264\324\235\177\034"
 2665      60780069 
 2665      8A016074 
 2665      00B4D49D 
 2665      7F1C
 2666 072c 27C57EBB 		.ascii	"'\305~\273\234\241\335\327S\006e\274D\221(\032e\037"
 2666      9CA1DDD7 
 2666      530665BC 
 2666      4491281A 
 2666      651F
ARM GAS  C:\Users\nicx5\AppData\Local\Temp\ccBxLq1r.s 			page 66


 2667 073e 6F34110C 		.ascii	"o4\021\014\234\033\251$\335\024\025\207\\\024=\202\\"
 2667      9C1BA924 
 2667      DD141587 
 2667      5C143D82 
 2667      5C
 2668 074f 748ACC13 		.ascii	"t\212\314\023\245%\270H\232\033\013\021\300\351\206"
 2668      A525B848 
 2668      9A1B0B11 
 2668      C0E986
 2669 075e 4F6D1C6D 		.ascii	"Om\034m;\202\011\221\254\027\264kEi\270$\023\377\244"
 2669      3B820991 
 2669      AC17B46B 
 2669      4569B824 
 2669      13FFA4
 2670 0771 2A9DD0BF 		.ascii	"*\235\320\277\342a7Tl\2619\014\207ac\303\206I9l\364"
 2670      E2613754 
 2670      6CB1390C 
 2670      876163C3 
 2670      8649396C 
 2671 0786 6658E2C3 		.ascii	"fX\342\303VC\220\010\316M\013[\355c\333*\034\005rJ\330"
 2671      56439008 
 2671      CE4D0B5B 
 2671      ED63DB2A 
 2671      1C05724A 
 2672 079b C1BEB473 		.ascii	"\301\276\264s];s\016 \200\213\301A\014P\332\360P6ZA"
 2672      5D3B730E 
 2672      20808BC1 
 2672      410C50DA 
 2672      F050365A 
 2673 07b0 D2937021 		.ascii	"\322\223p!G\214)\350\005\234u\021fH\267\322U\210\360"
 2673      478C29E8 
 2673      059C7511 
 2673      6648B7D2 
 2673      5588F0
 2674 07c3 8EAC9BE6 		.ascii	"\216\254\233\346u\234s\234\031\000\360O "
 2674      759C739C 
 2674      1900F04F 
 2674      20
 2675 07d0 96B1AB58 		.ascii	"\226\261\253X[[\265\245\313\353\206\020\247&]NW\220"
 2675      5B5BB5A5 
 2675      CBEB8610 
 2675      A7265D4E 
 2675      5790
 2676 07e2 63EFE0A1 		.ascii	"c\357\340\241\321\365Oh\024\377\274f\306\320\230\305"
 2676      D1F54F68 
 2676      14FFBC66 
 2676      C6D098C5 
 2677 07f2 761A2E01 		.ascii	"v\032.\001\235\244\240\031\226\336\376m\347\223(R\343"
 2677      9DA4A019 
 2677      96DEFE6D 
 2677      E7932852 
 2677      E3
 2678 0803 3C4696D5 		.ascii	"<F\226\325\330xh\333^9\314\001\303~\177;\2662>c\356"
 2678      D87868DB 
 2678      5E39CC01 
 2678      C37E7F3B 
 2678      B6323E63 
ARM GAS  C:\Users\nicx5\AppData\Local\Temp\ccBxLq1r.s 			page 67


 2679 0818 EBA11E08 		.ascii	"\353\241\036\010\023\216z\254\230\002\267\0008n\354"
 2679      138E7AAC 
 2679      9802B700 
 2679      386EEC
 2680 0827 4300A0F2 		.ascii	"C\000\240\362`\234\177\3369F\015\332\320/\005\347)O"
 2680      609C7FDE 
 2680      39460DDA 
 2680      D02F05E7 
 2680      294F
 2681 0839 FE6038F1 		.ascii	"\376`8\361\301Ks/\030\356h\360\362\311\013f'\032\374"
 2681      C14B732F 
 2681      18EE68F0 
 2681      F2C90B66 
 2681      271AFC
 2682 084c 69F2C2C3 		.ascii	"i\362\302\3039\036\217fI\271\331\203X\230\203&,/+\227"
 2682      391E8F66 
 2682      49B9D983 
 2682      58988326 
 2682      2C2F2B97 
 2683 0860 9B24A420 		.ascii	"\233$\244 \011T\313\003\260\031\01590phyjh\235\"\032"
 2683      0954CB03 
 2683      B0190D39 
 2683      30706879 
 2683      6A689D22 
 2684 0875 B16F26D6 		.ascii	"\261o&\326\363\3508B\375\241 \355\311CA\371+\006g\002"
 2684      F3E83842 
 2684      FDA120ED 
 2684      C94341F9 
 2684      2B066702 
 2685 0889 224F7F74 		.ascii	"\"O\177t\221\340\325\350\263y\242]\345\277\360"
 2685      91E0D5E8 
 2685      B379A25D 
 2685      E5BFF0
 2686              		.text
 2687              		.section	.gnu.lto_.jmpfuncs.1f2f3510,"e",%progbits
 2688 0000 28B52FFD 		.ascii	"(\265/\375`\205\003u\006\000\322\210\033\"\240'\351"
 2688      60850375 
 2688      0600D288 
 2688      1B22A027 
 2688      E9
 2689 0011 FFF3AA6C 		.ascii	"\377\363\252lEd\377\357\355\371\377/\301\012w\204\315"
 2689      4564FFEF 
 2689      EDF9FF2F 
 2689      C10A7784 
 2689      CD
 2690 0022 E9BFDBF9 		.ascii	"\351\277\333\371~\373\377\337\337\266\275w\222\001\335"
 2690      7EFBFFDF 
 2690      DFB6BD77 
 2690      9201DD
 2691 0031 7ABF609C 		.ascii	"z\277`\234\345M\321\260t\022\250R\242\236\213\036H!"
 2691      E54DD1B0 
 2691      7412A852 
 2691      A29E8B1E 
 2691      4821
 2692 0043 E4A28451 		.ascii	"\344\242\204Qj\021mc\311H\307\177\313\207\326P \014"
 2692      6A116D63 
 2692      C948C77F 
ARM GAS  C:\Users\nicx5\AppData\Local\Temp\ccBxLq1r.s 			page 68


 2692      CB87D650 
 2692      200C
 2693 0055 5A41A252 		.ascii	"ZA\242RM\011\234\235\330e\255\265F\250#t\333D\245\261"
 2693      4D099C9D 
 2693      D865ADB5 
 2693      46A82374 
 2693      DB44A5B1 
 2694 0069 B73C0248 		.ascii	"\267<\002Hp\353\375my\177c\271\365\365\217e\212\217"
 2694      70EBFD6D 
 2694      797F63B9 
 2694      F5F58F65 
 2694      8A8F
 2695 007b 2520B082 		.ascii	"% \260\202\021\"\";Qdp)\367\\\276\0219:+kX\363\006q"
 2695      1122223B 
 2695      51647029 
 2695      F75CBE11 
 2695      393A2B6B 
 2696 0093 853112A8 		.ascii	"\2051\022\250\340W\346\300|\324~\007n\243\221\020\341"
 2696      E057E6C0 
 2696      7CD47E07 
 2696      6EA39110 
 2696      E1
 2697 00a4 256BF55B 		.ascii	"%k\365[\362=\0346\\\223O\254\217v\022\003o\232\334$"
 2697      F23D1C36 
 2697      5C934FAC 
 2697      8F761203 
 2697      6F9ADC24 
 2698 00b8 B04E0371 		.ascii	"\260N\003q[q\221\030\023\2034\331t\"\014\236h\353\233"
 2698      5B719118 
 2698      138334D9 
 2698      74220C9E 
 2698      68EB9B
 2699 00cb 1E9EF032 		.ascii	"\036\236\3602\321\020BF\255Q\013\356\006"
 2699      D1104246 
 2699      AD510BEE 
 2699      06
 2700              		.text
 2701              		.section	.gnu.lto_.pureconst.1f2f3510,"e",%progbits
 2702 0000 28B52FFD 		.ascii	"(\265/\375 A\255\001\000\022D\014\025\220+\035\177\252"
 2702      2041AD01 
 2702      0012440C 
 2702      15902B1D 
 2702      7FAA
 2703 0012 FFFF7FF6 		.ascii	"\377\377\177\366\377\003<\337\361\276\357\373\333.\221"
 2703      FF033CDF 
 2703      F1BEEFFB 
 2703      DB2E91
 2704 0021 01FE78B9 		.ascii	"\001\376x\271\343\2153\276\270\342\211#~\270\341\205"
 2704      E38D33BE 
 2704      B8E28923 
 2704      7EB8E185 
 2705 0031 133EB8E0 		.ascii	"\023>\270\340\201k\004x\362\3256(\000"
 2705      816B0478 
 2705      F2D53628 
 2705      00
 2706              		.text
 2707              		.section	.gnu.lto_.ipa_modref.1f2f3510,"e",%progbits
ARM GAS  C:\Users\nicx5\AppData\Local\Temp\ccBxLq1r.s 			page 69


 2708 0000 28B52FFD 		.ascii	"(\265/\375`\324\007\315\023\000F\023:+\220%Mc\340;\345"
 2708      60D407CD 
 2708      13004613 
 2708      3A2B9025 
 2708      4D63E03B 
 2709 0015 EE7BFFB8 		.ascii	"\356{\377\270\345\377\325\377\377\245\306\375\005\330"
 2709      E5FFD5FF 
 2709      FFA5C6FD 
 2709      05D8
 2710 0023 B7CDB69B 		.ascii	"\267\315\266\233\010\001\210\235\337~\263\366\377\377"
 2710      0801889D 
 2710      DF7EB3F6 
 2710      FFFF
 2711 0031 FFDBB6E5 		.ascii	"\377\333\266\345\336[\312\024)\000,\0000\000\372\203"
 2711      DE5BCA14 
 2711      29002C00 
 2711      3000FA83 
 2712 0041 F671B249 		.ascii	"\366q\262I}d\022\337\334u\222\253\222\334\325\211\215"
 2712      7D6412DF 
 2712      DC7592AB 
 2712      92DCD589 
 2712      8D
 2713 0052 E38ADC9D 		.ascii	"\343\212\334\235r\323\370\256Nm\243\306\331J\266\227"
 2713      72D3F8AE 
 2713      4E6DA3C6 
 2713      D94AB697 
 2714 0062 CC13ECC4 		.ascii	"\314\023\354\304\010\200\311.\223\026\354%\233\3236"
 2714      0880C92E 
 2714      9316EC25 
 2714      9BD336
 2715 0071 3189206B 		.ascii	"1\211 ka\314\025LwU\262\331VTB\344: \373\244\306T\300"
 2715      61CC154C 
 2715      7755B2D9 
 2715      565442E4 
 2715      3A20FBA4 
 2716 0088 F553F892 		.ascii	"\365S\370\222\215R\362%\361w \006K*\301\200\236\013"
 2716      8D52F225 
 2716      F1772006 
 2716      4B2AC180 
 2716      9E0B
 2717 009a E848EDAA 		.ascii	"\350H\355\252\222&\202\236g\230I\210\025\240;\214\350"
 2717      9226829E 
 2717      67984988 
 2717      15A03B8C 
 2717      E8
 2718 00ab ADE19750 		.ascii	"\255\341\227PI\273\343L_\222\031\364&: kB\336\267V\\"
 2718      49BBE34C 
 2718      5F9219F4 
 2718      263A206B 
 2718      42DEB756 
 2719 00c0 6364F4AA 		.ascii	"cd\364\252\353\010\372\354\201\011\315\003=\017\330"
 2719      EB08FAEC 
 2719      8109CD03 
 2719      3D0FD8
 2720 00cf 02AC641D 		.ascii	"\002\254d\035zO{\013-\230\246\244\2567\016\3238Lc\334"
 2720      7A4F7B0B 
 2720      2D98A6A4 
ARM GAS  C:\Users\nicx5\AppData\Local\Temp\ccBxLq1r.s 			page 70


 2720      AE370ED3 
 2720      384C63DC 
 2721 00e3 C33D1CCB 		.ascii	"\303=\034\313@\013\232\007\212\366e#\361F\264+\334\001"
 2721      400B9A07 
 2721      8AF66523 
 2721      F146B42B 
 2721      DC01
 2722 00f5 80D4A891 		.ascii	"\200\324\250\221e5\233\2442\254\001\300\"\221\0312\017"
 2722      65359BA4 
 2722      32AC01C0 
 2722      22911932 
 2722      0F
 2723 0106 12406269 		.ascii	"\022@bi\260$\031t\204f\002I\"\005)IIJ\303\030j#@\223"
 2723      B0241974 
 2723      84660249 
 2723      22052949 
 2723      494AC318 
 2724 011e 08F4642C 		.ascii	"\010\364d,\\\0212b\033\210\205.+\233\267K\322\272!\245"
 2724      5C113262 
 2724      1B88852E 
 2724      2B9BB74B 
 2724      D2BA21A5 
 2725 0132 D77E4093 		.ascii	"\327~@\223\311\354<f\344^\242\253\231n\3559X\220dt\320"
 2725      C9EC3C66 
 2725      E45EA2AB 
 2725      996EED39 
 2725      58906474 
 2726 0147 5A391D65 		.ascii	"Z9\035e\212m\316\222\2500b\022\224\226\264\373\004\014"
 2726      8A6DCE92 
 2726      A8306212 
 2726      9496B4FB 
 2726      040C
 2727 0159 54001253 		.ascii	"T\000\022S/\247\372|\364&7\326\332\363\322)\033\245"
 2727      2FA7FA7C 
 2727      F42637D6 
 2727      DAF3D229 
 2727      1BA5
 2728 016b 86090446 		.ascii	"\206\011\004F,:m\264Mnt\365\000\264)]\213\251-\342]"
 2728      2C3A6DB4 
 2728      4D6E74F5 
 2728      00B4295D 
 2728      8BA92DE2 
 2729 0180 A7A73405 		.ascii	"\247\2474\005u\273\363\304\205(1U\332\017=\327j\342"
 2729      75BBF3C4 
 2729      85283155 
 2729      DA0F3DD7 
 2729      6AE2
 2730 0192 95100B52 		.ascii	"\225\020\013R\276f\243\242\352\207\357=@\001\223\200"
 2730      BE66A3A2 
 2730      EA87EF3D 
 2730      40019380 
 2731 01a2 70A1C50E 		.ascii	"p\241\305\016\301\020\003S\316e[l\312\312\270\313\330"
 2731      C1100353 
 2731      CE655B6C 
 2731      CACAB8CB 
 2731      D8
 2732 01b3 5A9180AC 		.ascii	"Z\221\200\254\206\275E\345*\022*/x<\007\220@\354\201"
ARM GAS  C:\Users\nicx5\AppData\Local\Temp\ccBxLq1r.s 			page 71


 2732      86BD45E5 
 2732      2A122A2F 
 2732      783C0790 
 2732      40EC81
 2733 01c6 85FE8BDE 		.ascii	"\205\376\213\336\0041\030\232\241\331\367\317\215\367"
 2733      0431189A 
 2733      A1D9F7CF 
 2733      8DF7
 2734 01d4 E4113115 		.ascii	"\344\0211\025\314}\365\360\356d#\213\257d\037\232W`"
 2734      CC7DF5F0 
 2734      EE64238B 
 2734      AF641F9A 
 2734      5760
 2735 01e6 EDF162EF 		.ascii	"\355\361b\357g\200TP\255\033\325\334'0\346R~\010\310"
 2735      67805450 
 2735      AD1BD5DC 
 2735      2730E652 
 2735      7E08C8
 2736 01f9 E4DEB88F 		.ascii	"\344\336\270\217{\306\205\022\263\277:\213V\372\011"
 2736      7BC68512 
 2736      B3BF3A8B 
 2736      56FA09
 2737 0208 3EA7B946 		.ascii	">\247\271F\366\300,\217tI!D\2669\335\250\007\375\377"
 2737      F6C02C8F 
 2737      74492144 
 2737      B639DDA8 
 2737      07FDFF
 2738 021b 4597892A 		.ascii	"E\227\211*\031\347\352\350.#@-\321\004\024\373F\004"
 2738      19E7EAE8 
 2738      2E23402D 
 2738      D10414FB 
 2738      4604
 2739 022d 2F9FBB8D 		.ascii	"/\237\273\215\211c\0241\015uB\320\014\216>\236h\265"
 2739      89631431 
 2739      0D7542D0 
 2739      0C8E3E9E 
 2739      68B5
 2740 023f F8BD2C99 		.ascii	"\370\275,\231\252\203\233\317\025\013\312\004\002K\342"
 2740      AA839BCF 
 2740      150BCA04 
 2740      024BE2
 2741 024e 41A08087 		.ascii	"A\240\200\207Pn\207\305\207x\226i\313j\016\341\315\277"
 2741      506E87C5 
 2741      87789669 
 2741      CB6A0EE1 
 2741      CDBF
 2742 0260 C8247057 		.ascii	"\310$pWNDu\244>u\352X\032\337\274\254\327\324Z5w\032"
 2742      4E4475A4 
 2742      3E75EA58 
 2742      1ADFBCAC 
 2742      D7D45A35 
 2743 0276 04963DED 		.ascii	"\004\226=\355\375\352\240\256U2-\374\014"
 2743      FDEAA0AE 
 2743      55322DFC 
 2743      0C
 2744              		.text
 2745              		.section	.gnu.lto_.lto.1f2f3510,"e",%progbits
ARM GAS  C:\Users\nicx5\AppData\Local\Temp\ccBxLq1r.s 			page 72


 2746 0000 0D000100 		.ascii	"\015\000\001\000\001\000\001\000"
 2746      01000100 
 2747              		.text
 2748              		.section	.gnu.lto_HAL_DMA_Init.335.1f2f3510,"e",%progbits
 2749 0000 28B52FFD 		.ascii	"(\265/\375`\001#\345\207\000:\3174/E \014c\351\373."
 2749      600123E5 
 2749      87003ACF 
 2749      342F4520 
 2749      0C63E9FB 
 2750 0015 5049478F 		.ascii	"PIG\21796%K\324\021\265p\331~\323\350.3\020\322\357"
 2750      3936254B 
 2750      D411B570 
 2750      D97ED3E8 
 2750      2E3310D2 
 2751 002a AA084674 		.ascii	"\252\010Ft!\252c\032^\011\031N\354C\275\000\357\331"
 2751      21AA631A 
 2751      5E09194E 
 2751      EC43BD00 
 2751      EFD9
 2752 003c E8157982 		.ascii	"\350\025y\202\2142]\252\302\365H\226\271\320\232H\224"
 2752      8C325DAA 
 2752      C2F54896 
 2752      B9D09A48 
 2752      94
 2753 004d 6089DC84 		.ascii	"`\211\334\204\244\224R\325\002\273\002\345\002\3279"
 2753      A49452D5 
 2753      02BB02E5 
 2753      02D739
 2754 005c C375C670 		.ascii	"\303u\306p\235/<\235\243\2563\324u~\272\316N\327\271"
 2754      9D2F3C9D 
 2754      A3AE33D4 
 2754      757EBACE 
 2754      4ED7B9
 2755 006f E93A335D 		.ascii	"\351:3]\347\245\353\254t\235\223\2563\322u>\272\316"
 2755      E7A5EBAC 
 2755      749D93AE 
 2755      33D2753E 
 2755      BACE
 2756 0081 46D7B9E8 		.ascii	"F\327\271\350:[\270\316D\327\271\302u\036\272\316B\327"
 2756      3A5BB8CE 
 2756      44D7B9C2 
 2756      751EBACE 
 2756      42D7
 2757 0093 39E83A03 		.ascii	"9\350:\003]\347\237\353\014\275\316\024\256\263\317"
 2757      5DE79FEB 
 2757      0CBDCE14 
 2757      AEB3CF
 2758 00a2 757E5EE7 		.ascii	"u~^\347\313:\263\327\331y\235\233\327\371\257\263\263"
 2758      CB3AB3D7 
 2758      D9799D9B 
 2758      D7F9AFB3 
 2758      B3
 2759 00b3 CEDD6E57 		.ascii	"\316\335nW\221H\022+\300\266\305\313\274\3236:\323P"
 2759      9148122B 
 2759      C0B6C5CB 
 2759      BCD3363A 
 2759      D350
ARM GAS  C:\Users\nicx5\AppData\Local\Temp\ccBxLq1r.s 			page 73


 2760 00c5 E9C16EC2 		.ascii	"\351\301n\302\356\302nk7\231\233\231\203p\203\3510m"
 2760      EEC26E6B 
 2760      37999B99 
 2760      837083E9 
 2760      306D
 2761 00d7 D8870C45 		.ascii	"\330\207\014E\262Z\245QB\242\3328#\327*E6(\224\0321"
 2761      B25AA551 
 2761      42A2DA38 
 2761      23D72A45 
 2761      3628941A 
 2762 00ec 52A7A78C 		.ascii	"R\247\247\214\204\024,Q\274c\301\263\235H$\014\300<"
 2762      84142C51 
 2762      BC63C1B3 
 2762      9D48240C 
 2762      C03C
 2763 00fe 58C190DA 		.ascii	"X\301\220\332\223''F\360T\266-!U;\271\307\023i\313\000"
 2763      93272746 
 2763      F054B62D 
 2763      21553BB9 
 2763      C71369CB 
 2764 0113 EECCCDA5 		.ascii	"\356\314\315\245\273\004i/\0270Q\333bv\260A\333\022"
 2764      BB04692F 
 2764      173051DB 
 2764      6276B041 
 2764      DB12
 2765 0125 7AE0B067 		.ascii	"z\340\260g;\243\332\210mg\263-\260\355\014\241\025\204"
 2765      3BA3DA88 
 2765      6D67B32D 
 2765      B0ED0CA1 
 2765      1584
 2766 0137 D192D6A6 		.ascii	"\321\222\326\246\204F\212\225K\312\334i[\302\253\367"
 2766      84468A95 
 2766      4BCADC69 
 2766      5BC2ABF7 
 2767 0147 E324476B 		.ascii	"\343$Gk>\303f\270\014'2\"\223\3411,\206\017\331\312"
 2767      3EC366B8 
 2767      0C273222 
 2767      93E1312C 
 2767      860FD9CA 
 2768 015b 865CC861 		.ascii	"\206\\\310a\230\360\204\227\211\022$\272F\210\340\332"
 2768      98F08497 
 2768      891224BA 
 2768      4688E0DA 
 2769 016b D2CAC20A 		.ascii	"\322\312\302\012\001\342\303\225\225\207*\252)\251h"
 2769      01E2C395 
 2769      95872AAA 
 2769      29A968
 2770 017a 070E1B34 		.ascii	"\007\016\0334d\300p!\012\352\311\251\211iI)\211\025"
 2770      64C07021 
 2770      0AEAC9A9 
 2770      89694929 
 2770      8915
 2771 018c 918E8C8A 		.ascii	"\221\216\214\212,\020U\030\022\012\002\372\201R\360"
 2771      2C105518 
 2771      120A02FA 
 2771      8152F0
 2772 019b 795ED6D9 		.ascii	"y^\326\331|G\343Nk>s\330\025\324@R\316\345E\261k6S\246"
ARM GAS  C:\Users\nicx5\AppData\Local\Temp\ccBxLq1r.s 			page 74


 2772      7C47E34E 
 2772      6B3E73D8 
 2772      15D44052 
 2772      CEE545B1 
 2773 01b3 282F8A93 		.ascii	"(/\212\223\346\304\346T%\007u\232\362\246M\232Fq\200"
 2773      E6C4E654 
 2773      2507759A 
 2773      F2A64D9A 
 2773      467180
 2774 01c6 6F7DD8CD 		.ascii	"o}\330\315\014\362\246L\234\021\233syQ\352\232\3114"
 2774      0CF2A64C 
 2774      9C119B73 
 2774      7951EA9A 
 2774      C934
 2775 01d8 E54DEB8E 		.ascii	"\345M\353\216\362\246t\316c\234\2101rX\304J\304\020"
 2775      F2A674CE 
 2775      639C8831 
 2775      7258C44A 
 2775      C410
 2776 01ea AEF02D8C 		.ascii	"\256\360-\214\033\0236\345M\207\234\310\364\332cBO\211"
 2776      1B1336E5 
 2776      4D879CC8 
 2776      F4DA6342 
 2776      4F89
 2777 01fc 3C244EE8 		.ascii	"<$N\350\3023\002S\304\035\256\022\266(\265&\263$\261"
 2777      C2330253 
 2777      C41DAE12 
 2777      B628B526 
 2777      B324B1
 2778 020f E6849003 		.ascii	"\346\204\220\003\"\362C3K\362\010\011Mh\022J\310\243"
 2778      22F24333 
 2778      4BF20809 
 2778      4D68124A 
 2778      C8A3
 2779 0221 BC699C5F 		.ascii	"\274i\234_\335/\2537\355\001\2047^\345(\367\306\212"
 2779      DD2FAB37 
 2779      ED018437 
 2779      5EE528F7 
 2779      C68A
 2780 0233 1CA353F9 		.ascii	"\034\243S\371`\3236\325\304p'-M;\312\271i:\265\355\001"
 2780      60D336D5 
 2780      C470272D 
 2780      4D3BCAB9 
 2780      693AB5ED 
 2781 0248 94F220DA 		.ascii	"\224\362 \332\246\003\032\016\212\033\316h0\223!\204"
 2781      A6031A0E 
 2781      8A1BCE68 
 2781      30932184 
 2782 0258 C6500DB4 		.ascii	"\306P\015\264s!\021\321\243\254\310\221q\250&\224\036"
 2782      732111D1 
 2782      A3ACC891 
 2782      71A82694 
 2782      1E
 2783 0269 1E663BCA 		.ascii	"\036f;\312%6\243>hl\003\343O\367+\017\311`;y5\243\332"
 2783      2536A33E 
 2783      686C03E3 
 2783      4FF72B0F 
ARM GAS  C:\Users\nicx5\AppData\Local\Temp\ccBxLq1r.s 			page 75


 2783      C9603B79 
 2784 0280 2FDEE428 		.ascii	"/\336\344(7\330\214j\333\326\2133u\351\245\346\324\035"
 2784      37D88C6A 
 2784      DBD68B33 
 2784      75E9A5E6 
 2784      D41D
 2785 0292 E35C3BCA 		.ascii	"\343\\;\312ui\032\301\211\"\331V\344\270\270\222\243"
 2785      75691AC1 
 2785      8922D956 
 2785      E4B8B892 
 2785      A3
 2786 02a3 9C20A027 		.ascii	"\234 \240'\265\332\226f\305\206\242d\311\333\221$\215"
 2786      B5DA9666 
 2786      C586A264 
 2786      C9DB9124 
 2786      8D
 2787 02b4 D42CF165 		.ascii	"\324,\361eK\265)oz\327\374\3021l\250\370\321\205<$["
 2787      4BB5296F 
 2787      7AD7FCC2 
 2787      316CA8F8 
 2787      D1853C24 
 2788 02c9 DAA8CC07 		.ascii	"\332\250\314\007^\344ga\012Q_\205\352\020U\010/\350"
 2788      5EE46761 
 2788      0A515F85 
 2788      EA105508 
 2788      2FE8
 2789 02db 0EC8EEC7 		.ascii	"\016\310\356\307\011\264\011\005&>u\317v\224\243\273"
 2789      09B40905 
 2789      263E75CF 
 2789      7694A3BB 
 2790 02eb 6D2C9BB3 		.ascii	"m,\233\263Y\005y\205I\320\221\265\246\205:3\220}\330"
 2790      59057985 
 2790      49D091B5 
 2790      A6853A33 
 2790      907DD8
 2791 02fe 17ACC8FD 		.ascii	"\027\254\310\375ys(\212]\1773+\313\2203AG\2044\241\210"
 2791      7973288A 
 2791      5D7F332B 
 2791      CB903341 
 2791      478434A1 
 2792 0313 76AEF461 		.ascii	"v\256\364a;\334\221\251\373\375j\333\226\375\355\010"
 2792      3BDC91A9 
 2792      FBFD6ADB 
 2792      96FDED08 
 2793 0323 926619CD 		.ascii	"\222f\031\315\314F\231\231\011\263\023V\017\364\320"
 2793      CC469999 
 2793      09B31356 
 2793      0FF4D0
 2794 0332 C3B6B929 		.ascii	"\303\266\271)\032\030o\245@2u\374\374\223\033\205\367"
 2794      1A186FA5 
 2794      403275FC 
 2794      FC931B85 
 2794      F7
 2795 0343 79E8BFE0 		.ascii	"y\350\277\340\022;msS\024\255Gz\225G\212\302C#\311\010"
 2795      123B6D73 
 2795      5314AD47 
 2795      7A95478A 
ARM GAS  C:\Users\nicx5\AppData\Local\Temp\ccBxLq1r.s 			page 76


 2795      C24323C9 
 2796 0358 0EAAA968 		.ascii	"\016\252\251h<\322\027Tf\321\230-\332I\302\347_T\007"
 2796      3CD21754 
 2796      66D1982D 
 2796      DA49C2E7 
 2796      5F5407
 2797 036b D5F4ECF8 		.ascii	"\325\364\354\370\266V\026\266`:\312\352\370\035\357"
 2797      B65616B6 
 2797      603ACAEA 
 2797      F81DEF
 2798 037a 0C6CA39B 		.ascii	"\014l\243\233\306\321\361m\355\376{\242\346\231u\034"
 2798      C6D1F16D 
 2798      EDFE7BA2 
 2798      E699751C 
 2799 038a CF186504 		.ascii	"\317\030e\004\321\361T\325\301=\301\246\271/[\224\242"
 2799      D1F154D5 
 2799      C13DC1A6 
 2799      B92F5B94 
 2799      A2
 2800 039b ECF3950A 		.ascii	"\354\363\225\012\015\345tG\331\373\317\027RbY&\343>"
 2800      0DE57447 
 2800      D9FBCF17 
 2800      52625926 
 2800      E33E
 2801 03ad 8FEA60E1 		.ascii	"\217\352`\341O+y\016\3733\252\203O\247'\330l\333\266"
 2801      4F2B790E 
 2801      FB33AA83 
 2801      4FA727D8 
 2801      6CDBB6
 2802 03c0 4DFABEEE 		.ascii	"M\372\276\356G\264\323c\023\000+\355\355\375d\015\017"
 2802      47B4D363 
 2802      13002BED 
 2802      EDFD640D 
 2802      0F
 2803 03d1 D4AB929E 		.ascii	"\324\253\222\236\236\250\226\262\314/ZN\230\323\010"
 2803      9EA896B2 
 2803      CC2F5A4E 
 2803      98D308
 2804 03e0 EAD57249 		.ascii	"\352\325rI\321\316\004\244\226\262\316\357D\30373\276"
 2804      D1CE04A4 
 2804      96B2CEEF 
 2804      44C33733 
 2804      BE
 2805 03f1 F9CEEF60 		.ascii	"\371\316\357`\307Ve\372\323\346\223]\2758/\302\234\302"
 2805      C75665FA 
 2805      D3E6935D 
 2805      BD382FC2 
 2805      9CC2
 2806 0403 C4A37FC8 		.ascii	"\304\243\177\3107K\241\314\314\314=\035e\375\377/f\033"
 2806      374BA1CC 
 2806      CCCC3D1D 
 2806      65FDFF2F 
 2806      661B
 2807 0415 DDF4A7CC 		.ascii	"\335\364\247\314\014\326\"\2049b \303\205\000l;\375"
 2807      0CD62284 
 2807      396220C3 
 2807      85006C3B 
ARM GAS  C:\Users\nicx5\AppData\Local\Temp\ccBxLq1r.s 			page 77


 2807      FD
 2808 0426 4F200E6A 		.ascii	"O \016j\360s\304\300m\000\313L@\207`\300\363\212A\017"
 2808      F073C4C0 
 2808      6D00CB4C 
 2808      408760C0 
 2808      F38A410F 
 2809 043a 8A37022C 		.ascii	"\2127\002,\363\214f\254\361l[(JT)\352\265\360\247\354"
 2809      F38C66AC 
 2809      F16C5B28 
 2809      4A5429EA 
 2809      B5F0A7EC 
 2810 044e C4BB7C6C 		.ascii	"\304\273|l\274x_\260@Q\235x{[\216\037\364\0319\011\335"
 2810      BC785FB0 
 2810      40519D78 
 2810      7B5B8E1F 
 2810      F4193909 
 2811 0463 A86E9200 		.ascii	"\250n\222\000\273 U\311\240h\313\365\202\025\253\205"
 2811      BB2055C9 
 2811      A068CBF5 
 2811      8215AB85 
 2812 0473 278F576E 		.ascii	"'\217Wn\276\020\271\015Y\264&\261V\250|+\303\001\244"
 2812      BE10B90D 
 2812      59B426B1 
 2812      56A87C2B 
 2812      C301A4
 2813 0486 1B6A7385 		.ascii	"\033js\205\203;\"D\370\330b<X\013\242.z\023\311K\240"
 2813      833B2244 
 2813      F8D8623C 
 2813      580BA22E 
 2813      7A13C94B 
 2814 049b 21726E7D 		.ascii	"!rn}%\204J~\266\\\233\206z#@\237<\262]\304\224@!m\310"
 2814      25844A7E 
 2814      B65C9B86 
 2814      7A23409F 
 2814      3CB25DC4 
 2815 04b4 A2CF9D13 		.ascii	"\242\317\235\023\">\225m\005\242\243\243\367l\223E$"
 2815      223E956D 
 2815      05A2A3A3 
 2815      F76C9345 
 2815      24
 2816 04c5 D9A6CD25 		.ascii	"\331\246\315%\324\260T\307M\034K-\342\320\205\222\213"
 2816      D4B054C7 
 2816      4D1C4B2D 
 2816      E2D08592 
 2816      8B
 2817 04d6 F3FBB8D9 		.ascii	"\363\373\270\331\016i\345\232\347\260\375*\230\027h"
 2817      0E69E59A 
 2817      E7B0FD2A 
 2817      981768
 2818 04e5 449EF36C 		.ascii	"D\236\363l\333v\213\233\314Y\242\215\247_;\373\331\352"
 2818      DB768B9B 
 2818      CC59A28D 
 2818      A75F3BFB 
 2818      D9EA
 2819 04f7 A0DA4FF9 		.ascii	"\240\332O\371)\317\265R\222\204\307\306'/w\202[x\340"
 2819      29CFB552 
 2819      9284C7C6 
ARM GAS  C:\Users\nicx5\AppData\Local\Temp\ccBxLq1r.s 			page 78


 2819      272F7782 
 2819      5B78E0
 2820 050a 089BDD52 		.ascii	"\010\233\335RL\324\346\374\3671\367\005,\215\2372\214"
 2820      4CD4E6FC 
 2820      F731F705 
 2820      2C8D9F32 
 2820      8C
 2821 051b 14E27BF8 		.ascii	"\024\342{\370\351\211\323\365\355\350\314\370.\354("
 2821      E989D3F5 
 2821      EDE8CCF8 
 2821      2EEC28
 2822 052a 35CF6421 		.ascii	"5\317d!gv`\314\373m\3067\234'\323_c'\311>l\013v\221"
 2822      677660CC 
 2822      FB6DC637 
 2822      9C27D35F 
 2822      6327C93E 
 2823 0542 8EAD6732 		.ascii	"\216\255g2a\232\177\0377\033\302%2\362W\231\233\260"
 2823      619A7F1F 
 2823      371BC225 
 2823      32F25799 
 2823      9BB0
 2824 0554 19885999 		.ascii	"\031\210Y\231\217\036\021\220\361\330\241\243\007\233"
 2824      8F1E1190 
 2824      F1D8A1A3 
 2824      079B
 2825 0562 C7C418B0 		.ascii	"\307\304\030\260\321^\272ita\363\014\326Y\200\353,\203"
 2825      D15EBA69 
 2825      7461F30C 
 2825      D65980EB 
 2825      2C83
 2826 0574 9D03086B 		.ascii	"\235\003\010kks\214\2666\203]g\030?\316/\240\316.\256"
 2826      6B738CB6 
 2826      36835D67 
 2826      183FCE2F 
 2826      A0CE2EAE 
 2827 0588 738BEB0C 		.ascii	"s\213\353\014\000\005g\026\327y\205\217\263\212\353"
 2827      00056716 
 2827      D779858F 
 2827      B38AEB
 2828 0597 9CE23AA3 		.ascii	"\234\342:\243`\235\277\256\363\211\353\354u\235M\\\347"
 2828      609DBFAE 
 2828      F389EBEC 
 2828      759D4D5C 
 2828      E7
 2829 05a8 12D799C4 		.ascii	"\022\327\231\304u\356\272\316#\256\263\210\353\314u"
 2829      75EEBACE 
 2829      23AEB388 
 2829      EBCC75
 2830 05b7 9DB7AEB3 		.ascii	"\235\267\256\263\326u\316\272\316X\3279\304u\006q\235"
 2830      D675CEBA 
 2830      CE58D739 
 2830      C4750671 
 2830      9D
 2831 05c8 3F5CE7AB 		.ascii	"?\\\347\253\353lu\235=\\\347\252\353Lu\235\247\256\263"
 2831      EB6C759D 
 2831      3D5CE7AA 
 2831      EB4C759D 
ARM GAS  C:\Users\nicx5\AppData\Local\Temp\ccBxLq1r.s 			page 79


 2831      A7AEB3
 2832 05db D4758E5E 		.ascii	"\324u\216^\347\016\327\231\303u\336p\2355\004Ss\344"
 2832      E70ED799 
 2832      C375DE70 
 2832      9D350453 
 2832      73E4
 2833 05ed 3C747288 		.ascii	"<tr\210\240\214\357\360\321\377\301\0043B\333\334\264"
 2833      A08CEFF0 
 2833      D1FFC104 
 2833      3342DBDC 
 2833      B4
 2834 05fe 190496C3 		.ascii	"\031\004\226\303w\370f\333\343#@rxh\246\007V\337\307"
 2834      77F866DB 
 2834      E3234072 
 2834      7868A607 
 2834      56DFC7
 2835 0611 08E9E1AB 		.ascii	"\010\351\341\253\334\266\224\335\360?Ao\330\252\276"
 2835      DCB694DD 
 2835      F03F416F 
 2835      D8AABE
 2836 0620 6FC3AB70 		.ascii	"o\303\253p\021\244O\307\015\177U\035T\243\202\311\300"
 2836      11A44FC7 
 2836      0D7F551D 
 2836      54A382C9 
 2836      C0
 2837 0631 9D36AEA3 		.ascii	"\2356\256\243\254\215g\200\012\034\033E<\2047\030\240"
 2837      AC8D6780 
 2837      0A1C1B45 
 2837      3C843718 
 2837      A0
 2838 0642 C505413B 		.ascii	"\305\005A;\302\266\323\306SU\257\260tc3\023\340\214"
 2838      C2B6D3C6 
 2838      5355AFB0 
 2838      74633313 
 2838      E08C
 2839 0654 54AA20B8 		.ascii	"T\252 \270\001\324\0038i\325xTUC\345\014\204C\331mj"
 2839      01D40338 
 2839      69D57854 
 2839      5543E50C 
 2839      8443D96D 
 2840 0669 083AB661 		.ascii	"\010:\266a\272\2030%g\240\0266\303\251\271k\327\311"
 2840      BA833025 
 2840      67A01636 
 2840      C3A9B96B 
 2840      D7C9
 2841 067b 22556D1F 		.ascii	"\"Um\037\275q\032\225\374:\226\035\3328\025\263p\260"
 2841      BD711A95 
 2841      FC3A961D 
 2841      DA3815B3 
 2841      70B0
 2842 068d 663DD5A8 		.ascii	"f=\325\250\033\252@\271(\321\340\344\231\205\321\316"
 2842      1BAA40B9 
 2842      28D1E0E4 
 2842      9985D1CE 
 2843 069d 10A06106 		.ascii	"\020\240a\006(\263w9\220\200Qf\357n\034)\237\312>LC"
 2843      28B37739 
 2843      90805166 
ARM GAS  C:\Users\nicx5\AppData\Local\Temp\ccBxLq1r.s 			page 80


 2843      EF6E1C29 
 2843      9FCA3E4C 
 2844 06b2 123F63E6 		.ascii	"\022?c\346\314\010\232\022'*\005l;\235\207o\226\031"
 2844      CC089A12 
 2844      272A056C 
 2844      3B9D876F 
 2844      9619
 2845 06c4 DEA9ADE1 		.ascii	"\336\251\255\341\357\032\266<P\035e1|\206\007\012\\"
 2845      EF1AB63C 
 2845      501D6531 
 2845      7C86070A 
 2845      5C
 2846 06d5 E288520C 		.ascii	"\342\210R\014\037V\035T\003\274\002\344\233\260\243"
 2846      1F561D54 
 2846      03BC02E4 
 2846      9BB0A3
 2847 06e4 2E3C90CF 		.ascii	".<\220\3170\331\266\007\313i4A\263\363~\273\360.\350"
 2847      30D9B607 
 2847      CB693441 
 2847      B3F37EBB 
 2847      F02EE8
 2848 06f7 04DC13B3 		.ascii	"\004\334\023\263\243J\367w\031\246\364\301\035\036\006"
 2848      A34AF777 
 2848      19A6F4C1 
 2848      1D1E06
 2849 0706 A6BF2FED 		.ascii	"\246\277/\355\2065\256\002\035['\014\203\"A\2752\375"
 2849      8635AE02 
 2849      1D5B270C 
 2849      832241BD 
 2849      32FD
 2850 0718 4D7141BC 		.ascii	"MqA\274\272\013hl\324W\200\374\3404\236\031\015\012"
 2850      BA0B686C 
 2850      D45780FC 
 2850      E0349E19 
 2850      0D0A
 2851 072a 5A14EFB7 		.ascii	"Z\024\357\267\250\227>\021\362k\\\225\347\326\361\265"
 2851      A8973E11 
 2851      F26B5C95 
 2851      E7D6F1B5 
 2852 073a 454959A8 		.ascii	"EIY\250\357\304.\322**\227'*\324W\371]\232=\275\331"
 2852      EFC42ED2 
 2852      2A2A9727 
 2852      2AD457F9 
 2852      5D9A3DBD 
 2853 074f 3BF77C8B 		.ascii	";\367|\213\024\206\226\022O\017\003\311/N\220\025\305"
 2853      14869612 
 2853      4F0F03C9 
 2853      2F4E9015 
 2853      C5
 2854 0760 22504D60 		.ascii	"\"PM`\337\207M\204\207\013\245S\004\317M&\260\217\361"
 2854      DF874D84 
 2854      870BA553 
 2854      04CF4D26 
 2854      B08FF1
 2855 0773 712ED74E 		.ascii	"q.\327N?\3012\037\177\364esS\277?\037w:\312\366x\037"
 2855      3FC1321F 
 2855      7FF46573 
ARM GAS  C:\Users\nicx5\AppData\Local\Temp\ccBxLq1r.s 			page 81


 2855      53BF3F1F 
 2855      773ACAF6 
 2856 0789 7E507AA0 		.ascii	"~Pz\240\3619\226\036|\227ne\201*\035_d\014\207\322\374"
 2856      F139961E 
 2856      7C976E65 
 2856      812A1D5F 
 2856      640C87D2 
 2857 079e 95F6694F 		.ascii	"\225\366iO\0210!\330G\360\316\313:\276\277(\335\237"
 2857      113021D8 
 2857      47F0CECB 
 2857      3ABEBF28 
 2857      DD9F
 2858 07b0 76D7E200 		.ascii	"v\327\342\000\235\000\235\012\2324S\334o\014\031\252"
 2858      9D009D0A 
 2858      9A3453DC 
 2858      6F0C19AA 
 2859 07c0 574F1476 		.ascii	"WO\024v\224\325\363=\227\"e\325Q\266\235\236"
 2859      94D5F33D 
 2859      972265D5 
 2859      51B69D9E 
 2860 07d0 C7CC92DD 		.ascii	"\307\314\222\335w\314\314\222\376\326J\361\027\333\253"
 2860      77CCCC92 
 2860      FED64AF1 
 2860      17DBAB
 2861 07df B16929DB 		.ascii	"\261i)\333\364N\337lwS\264\252\343I\237~\367l\372\245"
 2861      F44EDF6C 
 2861      7753B4AA 
 2861      E3499F7E 
 2861      F76CFAA5 
 2862 07f3 CBB717F4 		.ascii	"\313\267\027\364v\307\330\364}\354r\262\030Y\"{wC\205"
 2862      76C7D8F4 
 2862      7DEC72B2 
 2862      1859227B 
 2862      774385
 2863 0806 5289C783 		.ascii	"R\211\307\203}\\ffffGY\246\3572|#\224\231\247m;\312"
 2863      7D5C6666 
 2863      66664759 
 2863      A6EF327C 
 2863      239499A7 
 2864 081d 2E3DD3DF 		.ascii	".=\323\3375\264)\316\304\351\274\016\355\317\331\330"
 2864      35B429CE 
 2864      C4E9BC0E 
 2864      EDCFD9D8 
 2865 082d 3E69D1A8 		.ascii	">i\321\250\260\355\\z\250\352`\241\221\024L\260\377"
 2865      B0ED5C7A 
 2865      A8EA60A1 
 2865      91144CB0 
 2865      FF
 2866 083e 52632253 		.ascii	"Rc\"Sz\262w\256Iz\244Wz\350\232\266\271\251\006\236"
 2866      7AB277AE 
 2866      497AA457 
 2866      7AE89AB6 
 2866      B9A9069E 
 2867 0852 81B40225 		.ascii	"\201\264\002%;\222\276\202+\236D\012\346HL =X\265\245"
 2867      3B92BE82 
 2867      2B9E440A 
 2867      E6484C20 
ARM GAS  C:\Users\nicx5\AppData\Local\Temp\ccBxLq1r.s 			page 82


 2867      3D58B5A5 
 2868 0866 34FA2016 		.ascii	"4\372 \026\346Yj&\261/\300\307\265\224=\372\256@\217"
 2868      E6596A26 
 2868      B12FC0C7 
 2868      B5943DFA 
 2868      AE408F
 2869 0879 934EB991 		.ascii	"\223N\271\221\246\243\237\222\022\310\303\350y|\377"
 2869      A6A39F92 
 2869      12C8C3E8 
 2869      797CFF
 2870 0888 2DB153F4 		.ascii	"-\261S\364\026\336H\213\023\201+\372'\267D\242\257\360"
 2870      16DE488B 
 2870      13812BFA 
 2870      27B744A2 
 2870      AFF0
 2871 089a 169608BA 		.ascii	"\026\226\010\272\233\364j\210\024\321C#\023\207^\350"
 2871      9BF46A88 
 2871      14D14323 
 2871      13875EE8 
 2872 08aa 2B3CF4B0 		.ascii	"+<\364\260\213\263I\201\254\351\030\372'\267\240\007"
 2872      8BB34981 
 2872      ACE918FA 
 2872      27B7A007 
 2873 08ba 7AA1FF89 		.ascii	"z\241\377\211\254k\373\342S\351\225\253I\005=4\022\361"
 2873      AC6BFBE2 
 2873      53E995AB 
 2873      49053D34 
 2873      12F1
 2874 08cc E7A10163 		.ascii	"\347\241\001cR\036b\007\224\215\3750\313\201c\254\014"
 2874      521E6207 
 2874      948DFD30 
 2874      CB8163AC 
 2874      0C
 2875 08dd E84799D8 		.ascii	"\350G\231\330\017\263\035\016\344\370\341#Fv\343)Fv"
 2875      0FB31D0E 
 2875      E4F8E123 
 2875      4676E329 
 2875      4676
 2876 08ef A3011B66 		.ascii	"\243\001\033f8\306\312|\370\001\255\0217\306\266\306"
 2876      38C6CA7C 
 2876      F801AD11 
 2876      37C6B6C6 
 2877 08ff B4AC9CC4 		.ascii	"\264\254\234\304\310n@\320d\007\254\304\310n\330\340"
 2877      C86E40D0 
 2877      6407ACC4 
 2877      C86ED8E0 
 2878 090f 21060104 		.ascii	"!\006\001\004!\260\310~\230]9PF\300\225\215\030(\\\330"
 2878      21B0C87E 
 2878      985D3950 
 2878      46C0958D 
 2878      18285CD8 
 2879 0923 000284CB 		.ascii	"\000\002\204\313\305\225Y\331\330\0049\312Vh1\020\011"
 2879      C59559D9 
 2879      D80439CA 
 2879      56683110 
 2879      09
 2880 0934 52B85020 		.ascii	"R\270P \004VX\001\004(`\266\243L\002\004\024\350bQ\304"
ARM GAS  C:\Users\nicx5\AppData\Local\Temp\ccBxLq1r.s 			page 83


 2880      04565801 
 2880      042860B6 
 2880      A34C0204 
 2880      14E86251 
 2881 0949 FD556E35 		.ascii	"\375Un5\220\2241|\260\341X*~7\032\033@\000\317_j\337"
 2881      9094317C 
 2881      B0E1582A 
 2881      7E371A1B 
 2881      4000CF5F 
 2882 095f F626CCCB 		.ascii	"\366&\314\313\244\265\231g\274`\015\2508/^\313\245\242"
 2882      A4B59967 
 2882      BC600DA8 
 2882      382F5ECB 
 2882      A5A2
 2883 0971 5E0BBD08 		.ascii	"^\013\275\010\306\010\224&\260\367\327Wpx\201\"\245"
 2883      C6089426 
 2883      B0F7D757 
 2883      70788122 
 2883      A5
 2884 0982 35C8C1E4 		.ascii	"5\310\301\344E\275\352\2510%Q\016\030\2148O\005\360"
 2884      45BDEAA9 
 2884      3025510E 
 2884      188C384F 
 2884      05F0
 2885 0994 4CF26C04 		.ascii	"L\362l\0040\034l;\241\201\221\357\007\343sT\007\325"
 2885      301C6C3B 
 2885      A18191EF 
 2885      07E37354 
 2885      07D5
 2886 09a6 E67C1F8E 		.ascii	"\346|\037\216\027\317\244e\362l\362\251|g\224g%\230"
 2886      17CFA465 
 2886      F26CF2A9 
 2886      7C679467 
 2886      2598
 2887 09b8 C8C1B633 		.ascii	"\310\301\2663\006\365ZH\347\367r\270x&\256\3063\023"
 2887      06F55A48 
 2887      E7F772B8 
 2887      7826AEC6 
 2887      3313
 2888 09ca B80EED9A 		.ascii	"\270\016\355\232\300\370>\276-e[|\227!\010R6\305\267"
 2888      C0F83EBE 
 2888      2D655B7C 
 2888      97210852 
 2888      36C5B7
 2889 09dd 78A04BB6 		.ascii	"x\240K\266\273\251\226=\000.\377\311\343\235]\317\354"
 2889      BBA9963D 
 2889      002EFFC9 
 2889      E39D5DCF 
 2889      EC
 2890 09ee 78ED60DB 		.ascii	"x\355`\333\351\203\371vR\000\236FuP\355\354\204o\262"
 2890      E983F976 
 2890      52009E46 
 2890      7550EDEC 
 2890      846FB2
 2891 0a01 83C52BD1 		.ascii	"\203\305+\321Y\361\314gz\276\216\356\354\316Y\246\010"
 2891      59F1CC67 
 2891      7ABE8EEE 
ARM GAS  C:\Users\nicx5\AppData\Local\Temp\ccBxLq1r.s 			page 84


 2891      ECCE59A6 
 2891      08
 2892 0a12 32B69D37 		.ascii	"2\266\2357\316\233ea\346\257x\240\303\264WB\246\342"
 2892      CE9B6561 
 2892      E6AF78A0 
 2892      C3B45742 
 2892      A6E2
 2893 0a24 9592486B 		.ascii	"\225\222Hk \011K\3615\252\203Y\342\274\370>/\375rR\251"
 2893      20094BF1 
 2893      35AA8359 
 2893      E2BCF83E 
 2893      2FFD7252 
 2894 0a39 8F63EAA2 		.ascii	"\217c\352\242^\261<!\377\320\270xl\024*\276\310\023"
 2894      5EB13C21 
 2894      FFD0B878 
 2894      6C142ABE 
 2894      C813
 2895 0a4b 41B145F5 		.ascii	"A\261E\365r\032khm\336o\034\225%J%\011l-\026\257C\352"
 2895      721A6B68 
 2895      6DDE6F1C 
 2895      95254A25 
 2895      096C2D16 
 2896 0a62 00A0E6B1 		.ascii	"\000\240\346\261\015\025Y\244Y\364%[V8\255\037\307D"
 2896      0D1559A4 
 2896      59F4255B 
 2896      5638AD1F 
 2896      C744
 2897 0a74 C506D726 		.ascii	"\305\006\327&\027\275\024h\036Y@\017P\270\342\242\017"
 2897      17BD1468 
 2897      1E59400F 
 2897      50B8E2A2 
 2897      0F
 2898 0a85 9CE4979B 		.ascii	"\234\344\227\233\376\372\246\365gO\232\023\036\\\211"
 2898      FEFAA6F5 
 2898      674F9A13 
 2898      1E5C89
 2899 0a94 C6D479B5 		.ascii	"\306\324y\265y\\\012\203\304\004\233\305\015%\370\225"
 2899      795C0A83 
 2899      C4049BC5 
 2899      0D25F895 
 2900 0aa4 E8A0BFFE 		.ascii	"\350\240\277\376\255[DD \261\346zF\357\260k\361\221"
 2900      AD5B4444 
 2900      20B1E67A 
 2900      46EFB06B 
 2900      F191
 2901 0ab6 29B1D48D 		.ascii	")\261\324\215P\263h\3078)\"M\177\275[\033N\325\011\027"
 2901      50B368C7 
 2901      3829224D 
 2901      7FBD5B1B 
 2901      4ED50917 
 2902 0aca 07570F43 		.ascii	"\007W\017C'\204\255\015\036\277\314\034\016\264\320"
 2902      2784AD0D 
 2902      1EBFCC1C 
 2902      0EB4D0
 2903 0ad9 2CCA5DD2 		.ascii	",\312]\322e}\037\267b\177}[o\237`\033\2543\375\365Y"
 2903      657D1FB7 
 2903      627F7D5B 
ARM GAS  C:\Users\nicx5\AppData\Local\Temp\ccBxLq1r.s 			page 85


 2903      6F9F601B 
 2903      AC33FDF5 
 2904 0aee 14BCA409 		.ascii	"\024\274\244\011\014a\246\277^C\320\011L\370@\224\351"
 2904      0C61A6BF 
 2904      5E43D009 
 2904      4CF84094 
 2904      E9
 2905 0aff AF2F32AA 		.ascii	"\257/2\252\222\226\366\341\373\022\373\353\335\276>"
 2905      9296F6E1 
 2905      FB12FBEB 
 2905      DDBE3E
 2906 0b0e B004253A 		.ascii	"\260\004%:c,\257\276\217\313\252z\000\252\241\216\262"
 2906      632CAFBE 
 2906      8FCBAA7A 
 2906      00AAA18E 
 2906      B2
 2907 0b1f 29F064BE 		.ascii	")\360d\276\361\320\327\226q\302\355\327^\310\031\026"
 2907      F1D0D796 
 2907      71C2EDD7 
 2907      5EC81916 
 2908 0b2f 34B8A70A 		.ascii	"4\270\247\012\326\274Yz}\233\320'\036\272\307\226g\232"
 2908      D6BC597A 
 2908      7D9BD027 
 2908      1EBAC796 
 2908      679A
 2909 0b41 D826DEEB 		.ascii	"\330&\336\353A\254\275\232\211\327\021\3107\366=X\342"
 2909      41ACBD9A 
 2909      89D711C8 
 2909      37F63D58 
 2909      E2
 2910 0b52 C73E839E 		.ascii	"\307>\203\236\022\357p\260`\222\370L\251\363\362\315"
 2910      12EF70B0 
 2910      6092F84C 
 2910      A9F3F2CD 
 2911 0b62 52ADEB49 		.ascii	"R\255\353I\274\001\201ly:\312\216\370\256\347:d\343"
 2911      BC01816C 
 2911      793ACA8E 
 2911      F8AEE73A 
 2911      64E3
 2912 0b74 42014C1D 		.ascii	"B\001L\0356\"~\304\203P\302v\367\"\376\006\266\355Q"
 2912      36227EC4 
 2912      8350C276 
 2912      F722FE06 
 2912      B6ED51
 2913 0b87 8BC483E5 		.ascii	"\213\304\203\345\213\030\327\213}\377m}\326siij\375"
 2913      8B18D78B 
 2913      7DFF6D7D 
 2913      D6736969 
 2913      6AFD
 2914 0b99 969D3A5A 		.ascii	"\226\235:Z\017\235$\202\365 >\213/\304c]M\010\361\320"
 2914      0F9D2482 
 2914      F5203E8B 
 2914      2FC4635D 
 2914      4D08F1D0 
 2915 0bad 49B80F6F 		.ascii	"I\270\017o\365 \226\\\375\007:\225W\017\235|\363\360"
 2915      F520965C 
 2915      FD073A95 
ARM GAS  C:\Users\nicx5\AppData\Local\Temp\ccBxLq1r.s 			page 86


 2915      570F9D7C 
 2915      F3F0
 2916 0bbf 546FF53F 		.ascii	"To\365?\230\034\264U\275\007\312\311\252\207N\272M}"
 2916      981CB455 
 2916      BD07CAC9 
 2916      AA874EBA 
 2916      4D7D
 2917 0bd1 F4A9ECB4 		.ascii	"\364\251\354\264\3159\011-\365\001\203\016\250\302@"
 2917      CD39092D 
 2917      F501830E 
 2917      A8C240
 2918 0be0 398ED2CC 		.ascii	"9\216\322\314\320\314\210\210H\222$i\014\"\014\020\210"
 2918      D0CC8888 
 2918      48922469 
 2918      0C220C10 
 2918      88
 2919 0bf1 22392829 		.ascii	"\"9()\275\001\022\340By\020\254\261\033\031%I\222\235"
 2919      BD0112E0 
 2919      427910AC 
 2919      B11B1925 
 2919      49929D
 2920 0c04 35CB0C15 		.ascii	"5\313\014\025]\366rY\237\205\330W\300P\320g\306\225"
 2920      5DF67259 
 2920      9F85D857 
 2920      C050D067 
 2920      C695
 2921 0c16 2368B712 		.ascii	"#h\267\022j\321Z[\332\362L\326Nb\223\267S\245_#\212"
 2921      6AD15A5B 
 2921      DAF24CD6 
 2921      4E6293B7 
 2921      53A55F23 
 2922 0c2b D84C2A1F 		.ascii	"\330L*\037\230\222\204\274\266\330\300x:\214Py\033\351"
 2922      989284BC 
 2922      B6D8C078 
 2922      3A8C5079 
 2922      1BE9
 2923 0c3d 1C42601D 		.ascii	"\034B`\035\330\033\302hS\027`\027\023\376\340\334(8"
 2923      D81BC268 
 2923      53176017 
 2923      13FEE0DC 
 2923      2838
 2924 0c4f BE7A92CD 		.ascii	"\276z\222\3154\366r\231\2226\277X\2338t4\365|\205\213"
 2924      34F67299 
 2924      9236BF58 
 2924      9B387434 
 2924      F57C858B 
 2925 0c63 CC35CC99 		.ascii	"\3145\314\231\304\366\3279\247\223\311\2042`\257\261"
 2925      C4F6D739 
 2925      A793C984 
 2925      3260AFB1 
 2926 0c73 CCA44A28 		.ascii	"\314\244J(\277\036T8\235}\024\337\213\351\251-T\341"
 2926      BF1E5438 
 2926      9D7D14DF 
 2926      8BE9A92D 
 2926      54E1
 2927 0c85 604E70A0 		.ascii	"`Np\240\210W\372\323\220&\025\213\216\016\332\337d\260"
 2927      8857FAD3 
ARM GAS  C:\Users\nicx5\AppData\Local\Temp\ccBxLq1r.s 			page 87


 2927      9026158B 
 2927      8E0EDADF 
 2927      64B0
 2928 0c97 0CC5CC02 		.ascii	"\014\305\314\002k\011\215M\177\214\037\006.7\3227\371"
 2928      6B098D4D 
 2928      7F8C1F06 
 2928      2E37D237 
 2928      F9
 2929 0ca8 16FB9B53 		.ascii	"\026\373\233S^\351Mp\0211\\\331\326vJ)!\232VB\"\326"
 2929      5EE94D70 
 2929      11315CD9 
 2929      D6764A29 
 2929      219A5642 
 2930 0cbe E7985761 		.ascii	"\347\230Wa\321\347\315V2\031\3646\177\272\304J\343\306"
 2930      D1E7CD56 
 2930      3219F436 
 2930      7FBAC44A 
 2930      E3C6
 2931 0cd0 58107B29 		.ascii	"X\020{)\271\364k\235\030F\327\015\314\306\016\332\024"
 2931      B9F46B9D 
 2931      1846D70D 
 2931      CCC60EDA 
 2931      14
 2932 0ce1 21123F26 		.ascii	"!\022?&\257\304\015p~\2141\007\200\236\\Az0\375\011"
 2932      AFC40D70 
 2932      7E8C3107 
 2932      809E5C41 
 2932      7A30FD09 
 2933 0cf5 96078D21 		.ascii	"\226\007\215!U\036\345,\030\2460\002\217PO\3712\327"
 2933      551EE52C 
 2933      18A63002 
 2933      8F504FF9 
 2933      32D7
 2934 0d07 2EA62510 		.ascii	".\246%\020\331\261\333\364h\3316\034\003J\011\246\223"
 2934      D9B1DBF4 
 2934      68D9361C 
 2934      034A09A6 
 2934      93
 2935 0d18 63E143C3 		.ascii	"c\341C\303Rx|U\264\370o:A\202\037\226\344c\342\013O"
 2935      52787C55 
 2935      B4F86F3A 
 2935      41821F96 
 2935      E463E20B 
 2936 0d2d CE933E03 		.ascii	"\316\223>\003X{<\364g\002\213 j\027!\305U\222\2237\262"
 2936      587B3CF4 
 2936      67028B20 
 2936      6A1721C5 
 2936      55929337 
 2937 0d42 8876A9D9 		.ascii	"\210v\251\331\011b~h}\274\256Pt\377\301N1\032&)\331"
 2937      09627E68 
 2937      7DBCAE50 
 2937      74FFC14E 
 2937      311A2629 
 2938 0d57 D8B48BEC 		.ascii	"\330\264\213\354@m\302\232\213KY\326\3437\225nlKE\305"
 2938      406DC29A 
 2938      8B4B59D6 
 2938      E337956E 
ARM GAS  C:\Users\nicx5\AppData\Local\Temp\ccBxLq1r.s 			page 88


 2938      6C4B45C5 
 2939 0d6b 113E2534 		.ascii	"\021>%4\201e\012\314\006J&-\215YT\224\335t\223\204\317"
 2939      81650ACC 
 2939      064A262D 
 2939      8D595494 
 2939      DD749384 
 2940 0d80 FFA98E4B 		.ascii	"\377\251\216K\202\323\223\211O\200_\211\210\223\262"
 2940      82D39389 
 2940      4F805F89 
 2940      8893B2
 2941 0d8f 0BA0BB07 		.ascii	"\013\240\273\007\251zN\023\317n\035\202\036\023\350"
 2941      A97A4E13 
 2941      CF6E1D82 
 2941      1E13E8
 2942 0d9e F9CB4CB8 		.ascii	"\371\313L\270\024\020&\300L!\230e\206/Vb\0303`A\260"
 2942      141026C0 
 2942      4C219865 
 2942      862F5662 
 2942      18336041 
 2943 0db3 02074F74 		.ascii	"\002\007Ot\352c\013s_2R\222\024\322S\321\335\224\246"
 2943      EA630B73 
 2943      5F325292 
 2943      14D253D1 
 2943      DD94A6
 2944 0dc6 81DC3670 		.ascii	"\201\3346px+\345\035{\313S\246\245$:\346\271\242=\012"
 2944      782BE51D 
 2944      7BCB53A6 
 2944      A5243AE6 
 2944      B9A23D0A 
 2945 0dda EC247FC9 		.ascii	"\354$\177\311{\343\302\322\305\231x \374\342\327\027"
 2945      7BE3C2D2 
 2945      C5997820 
 2945      FCE2D717 
 2946 0dea A41BD941 		.ascii	"\244\033\331A\330\310;O\275\301D\211;\015\310U\267\324"
 2946      D8C83B4F 
 2946      BDC14489 
 2946      3B0DC855 
 2946      B7D4
 2947 0dfc DC0FC10E 		.ascii	"\334\017\301\016\227z\277\324\012\364\343\316\352\322"
 2947      977ABFD4 
 2947      0AF4E3CE 
 2947      EAD2
 2948 0e0a 1D4D075D 		.ascii	"\035M\007]\255p\\\250\031.K\351\221\276`\016G\326\000"
 2948      AD705CA8 
 2948      192E4BE9 
 2948      91BE600E 
 2948      47D600
 2949 0e1d 2CA9E56C 		.ascii	",\251\345l\356\245\016AS\012w\006\024\207\215-\256\361"
 2949      EEA50E41 
 2949      530A7706 
 2949      14878D2D 
 2949      AEF1
 2950 0e2f E3D30B31 		.ascii	"\343\323\0131\237\326\262\223\311_\320\031\015ec\016"
 2950      9FD6B293 
 2950      C95FD019 
 2950      0D65630E 
 2951 0e3f A42C89D3 		.ascii	"\244,\211\323\3007\035\217\006\367\211\032Q\\\217$q"
ARM GAS  C:\Users\nicx5\AppData\Local\Temp\ccBxLq1r.s 			page 89


 2951      C0371D8F 
 2951      06F7891A 
 2951      515C8F24 
 2951      71
 2952 0e50 DB11D612 		.ascii	"\333\021\326\022\327~\237\226\354R.\267:hp\034h&\037"
 2952      D77E9F96 
 2952      EC522EB7 
 2952      3A68701C 
 2952      68261F
 2953 0e63 82E75856 		.ascii	"\202\347XV\001\313\3150\237\242\222\320HTB\222\346I"
 2953      01CBCD30 
 2953      9FA292D0 
 2953      48544292 
 2953      E649
 2954 0e75 FF887DD7 		.ascii	"\377\210}\327|\244\004UQ}\001\342\331UA\022\311J\365"
 2954      7CA40455 
 2954      517D01E2 
 2954      D9554112 
 2954      C94AF5
 2955 0e88 85AC13D3 		.ascii	"\205\254\023\323\272\256t(L\205\252`\211\346\251\034"
 2955      BAAE7428 
 2955      4C85AA60 
 2955      89E6A91C 
 2956 0e98 3BEA14FC 		.ascii	";\352\024\374\"\214I[\2661$\334-u'\366f#\244\247\210"
 2956      228C495B 
 2956      B63124DC 
 2956      2D7527F6 
 2956      6623A4A7 
 2957 0ead E6C4BE82 		.ascii	"\346\304\276\202\032\362?\314\245\015\265R6\207\204"
 2957      1AF23FCC 
 2957      A50DB552 
 2957      368784
 2958 0ebc FCEF931C 		.ascii	"\374\357\223\034\270\3558\034\002\323XGl\302\036\216"
 2958      B8ED381C 
 2958      02D35847 
 2958      6CC21E8E 
 2959 0ecc 0863E788 		.ascii	"\010c\347\210\213\265\374<[\032A+c\024\002\261a\034"
 2959      8BB5FC3C 
 2959      5B1A412B 
 2959      631402B1 
 2959      611C
 2960 0ede 4E38F42E 		.ascii	"N8\364.!R\002>s\325\005\273\342\324(%\225\012\325r\262"
 2960      2152023E 
 2960      73D505BB 
 2960      E2D42825 
 2960      950AD572 
 2961 0ef3 74747BB7 		.ascii	"tt{\2678\214\237\200\374\302\2024\203l\242\022\371("
 2961      388C9F80 
 2961      FCC28234 
 2961      836CA212 
 2961      F928
 2962 0f05 DB7E14B6 		.ascii	"\333~\024\266\343\217\027p\353I\205\325\255I\220[?+"
 2962      E38F1770 
 2962      EB4985D5 
 2962      AD49905B 
 2962      3F2B
 2963 0f17 04832C01 		.ascii	"\004\203,\001\375\001\204\000\270\321\027.\362&\314"
ARM GAS  C:\Users\nicx5\AppData\Local\Temp\ccBxLq1r.s 			page 90


 2963      FD018400 
 2963      B8D1172E 
 2963      F226CC
 2964 0f26 5A09E2DA 		.ascii	"Z\011\342\332\300\376\344\215\370\347]\337\335\362\216"
 2964      C0FEE48D 
 2964      F8E75DDF 
 2964      DDF28E
 2965 0f35 362611F2 		.ascii	"6&\021\362-L\030\201\335)\213[\361[\211\336\215\224"
 2965      2D4C1881 
 2965      DD298B5B 
 2965      F15B89DE 
 2965      8D94
 2966 0f47 83DF30A7 		.ascii	"\203\3370\247\332t\2134\324\375\301\365\307i#,Q\003"
 2966      DA748B34 
 2966      D4FDC1F5 
 2966      C769232C 
 2966      5103
 2967 0f59 8136D8F3 		.ascii	"\2016\330\363\226#J\335 \031)\215\015>\244\245\025\036"
 2967      96234ADD 
 2967      2019298D 
 2967      0D3EA4A5 
 2967      151E
 2968 0f6b BC6A6B0A 		.ascii	"\274jk\012!\376\012\225RF\236\352\006\241\353\030C:"
 2968      21FE0A95 
 2968      52469EEA 
 2968      06A1EB18 
 2968      433A
 2969 0f7d 22DCEE94 		.ascii	"\"\334\356\224\025\212E\346\340-\274\264e\263\023s\007"
 2969      158A45E6 
 2969      E02DBCB4 
 2969      65B31373 
 2969      07
 2970 0f8e E69FB90D 		.ascii	"\346\237\271\015j4\241\203\030\373P\331v\357\310\320"
 2970      6A34A183 
 2970      18FB50D9 
 2970      76EFC8D0 
 2971 0f9e 1E97     		.ascii	"\036\227"
 2972 0fa0 3FA2912E 		.ascii	"?\242\221.\266\244\262\003\336C\000\312\247#\211\015"
 2972      B6A4B203 
 2972      DE4300CA 
 2972      A723890D 
 2973 0fb0 46444B19 		.ascii	"FDK\031\233\273@\337\263\352\214;\"K\227\016\3718\322"
 2973      9BBB40DF 
 2973      B3EA8C3B 
 2973      224B970E 
 2973      F938D2
 2974 0fc3 7BAA5CCB 		.ascii	"{\252\\\313t:\333\3031\234P#\233\224\356\232\346d\262"
 2974      743ADBC3 
 2974      319C5023 
 2974      9B94EE9A 
 2974      E664B2
 2975 0fd6 30DBAE2F 		.ascii	"0\333\256/s\037\213m_[\301\017z\003&\240i<(\375\007"
 2975      731F8B6D 
 2975      5F5BC10F 
 2975      7A0326A0 
 2975      693C28FD 
 2976 0feb B5F81349 		.ascii	"\265\370\023I\177\315\024J\317\247r \000\226@\247\015"
ARM GAS  C:\Users\nicx5\AppData\Local\Temp\ccBxLq1r.s 			page 91


 2976      7FCD144A 
 2976      CFA77220 
 2976      009640A7 
 2976      0D
 2977 0ffc 080E9DEB 		.ascii	"\010\016\235\353\264\000:\355\241\312*\003TI\235\300"
 2977      B4003AED 
 2977      A1CA2A03 
 2977      54499DC0 
 2978 100c CB7ED4FD 		.ascii	"\313~\324\375k\376\247\0115-w2\270Vfb\3378\204\346\273"
 2978      6BFEA709 
 2978      352D7732 
 2978      B8566662 
 2978      DF3884E6 
 2979 1021 1A091CFF 		.ascii	"\032\011\034\377\322W\011`\355\246\026\315\367\323\225"
 2979      D2570960 
 2979      EDA616CD 
 2979      F7D395
 2980 1030 440CBBCC 		.ascii	"D\014\273\314D\243\324a\265\363\016oCr+U\370\022\205"
 2980      44A3D461 
 2980      B5F30E6F 
 2980      43722B55 
 2980      F81285
 2981 1043 45DED0A5 		.ascii	"E\336\320\245\321f5-\335\362>\211\014\344\021\265\024"
 2981      D166352D 
 2981      DDF23E89 
 2981      0CE411B5 
 2981      14
 2982 1054 E540785C 		.ascii	"\345@x\\\341\240\227\026\370_!\231\322\327\352C\227"
 2982      E1A09716 
 2982      F85F2199 
 2982      D2D7EA43 
 2982      97
 2983 1065 B4D91E9F 		.ascii	"\264\331\036\237\333\200\216,T\355\023w\\\217\264\313"
 2983      DB808E2C 
 2983      54ED1377 
 2983      5C8FB4CB 
 2984 1075 6A411595 		.ascii	"jA\025\225\342\"\220\212(\207\361\367\324\005kWq\225"
 2984      E222908A 
 2984      2887F1F7 
 2984      D4056B57 
 2984      7195
 2985 1087 A37AC5D7 		.ascii	"\243z\305\327\274\356i_u\224\253\270\312Q\365\2760\327"
 2985      BCEE695F 
 2985      7594ABB8 
 2985      CA51F5BE 
 2985      30D7
 2986 1099 87D487FB 		.ascii	"\207\324\207\373\371\267u\361V;\242[\233\264\032\037"
 2986      F9B775F1 
 2986      563BA25B 
 2986      9BB41A1F 
 2987 10a9 9B9E8809 		.ascii	"\233\236\210\011*\221\325\256We]\012\251\247\253X\260"
 2987      2A91D5AE 
 2987      57655D0A 
 2987      A9A7AB58 
 2987      B0
 2988 10ba 7E53BF1B 		.ascii	"~S\277\033\263\022\001\277\347%?\021`\321\210\177k\036"
 2988      B31201BF 
ARM GAS  C:\Users\nicx5\AppData\Local\Temp\ccBxLq1r.s 			page 92


 2988      E7253F11 
 2988      60D1887F 
 2988      6B1E
 2989 10cc FB6104C7 		.ascii	"\373a\004\3073\020GBv5`'s\035\361\236n\215S\013\335"
 2989      33104742 
 2989      76356027 
 2989      731DF19E 
 2989      6E8D530B 
 2990 10e1 3C868416 		.ascii	"<\206\204\026\302\"\006\345\010\217q\234\303<\312 \026"
 2990      C22206E5 
 2990      088F719C 
 2990      C33CCA20 
 2990      16
 2991 10f2 61113187 		.ascii	"a\0211\207\226\257+\2149K\245\366\315\234\010t\021\010"
 2991      96AF2B8C 
 2991      394BA5F6 
 2991      CD9C0874 
 2991      1108
 2992 1104 FC10     		.ascii	"\374\020"
 2993              		.text
 2994              		.section	.gnu.lto_HAL_DMA_DeInit.336.1f2f3510,"e",%progbits
 2995 0000 28B52FFD 		.ascii	"(\265/\375`6\023\365E\000\252k\374\030; ^\233\016\233"
 2995      603613F5 
 2995      4500AA6B 
 2995      FC183B20 
 2995      5E9B0E9B 
 2996 0014 E2246188 		.ascii	"\342$a\210\227f J\020\343:bf\251:\376\323\327K\265_"
 2996      9766204A 
 2996      10E33A62 
 2996      66A93AFE 
 2996      D3D74BB5 
 2997 0029 266E7E21 		.ascii	"&n~!\005\3541\306O\034\300x\234\3743\003\030\233\251"
 2997      05EC31C6 
 2997      4F1CC078 
 2997      9CFC3303 
 2997      189BA9
 2998 003c 4B9F1E66 		.ascii	"K\237\036f\236\347\213\206\010\221\335\244L)\207\001"
 2998      9EE78B86 
 2998      0891DDA4 
 2998      4C298701 
 2999 004c 63018601 		.ascii	"c\001\206\001q\254\344\333\031\257\201\303<\371\355"
 2999      71ACE4DB 
 2999      19AF81C3 
 2999      3CF9ED
 3000 005b 3FF7DD7D 		.ascii	"?\367\335}\207?\3437:u\251\216[\243H%\032\034\322\207"
 3000      873FE337 
 3000      3A75A98E 
 3000      5BA34825 
 3000      1A1CD287 
 3001 006f 97907070 		.ascii	"\227\220pp\337\336 \272\356A!\321\253\264\023\307\\"
 3001      DFDE20BA 
 3001      EE4121D1 
 3001      ABB413C7 
 3001      5C
 3002 0080 AD873D86 		.ascii	"\255\207=\206t\351\312!g\367\247\362Uv\274b\0167\212"
 3002      74E9CA21 
 3002      67F7A7F2 
ARM GAS  C:\Users\nicx5\AppData\Local\Temp\ccBxLq1r.s 			page 93


 3002      5576BC62 
 3002      0E378A
 3003 0093 634FCA2F 		.ascii	"cO\312/q\314-\340\030\244\017K}\322~\030\372G\373aw"
 3003      71CC2DE0 
 3003      18A40F4B 
 3003      7DD27E18 
 3003      FA47FB61 
 3004 00a8 F72FB11D 		.ascii	"\367/\261\035nez\303r\223*'\213l\351\214c.\227\026|"
 3004      6E657AC3 
 3004      72932A27 
 3004      8B6CE98C 
 3004      632E9716 
 3005 00bd EB8B8581 		.ascii	"\353\213\205\201}yuqm\025 \240\2255\000\353J@\000\253"
 3005      7D797571 
 3005      6D1520A0 
 3005      953500EB 
 3005      4A4000AB 
 3006 00d1 2AAA29A9 		.ascii	"*\252)\251(\250\352\223\023\200&\246%\245$\244#\243"
 3006      28A8EA93 
 3006      138026A6 
 3006      25A524A4 
 3006      23A3
 3007 00e3 22A221A1 		.ascii	"\"\242!\241  \352\317T\032\3350Tg\253\277\333\2135~"
 3007      2020EACF 
 3007      541ADD30 
 3007      5467ABBF 
 3007      DB8B357E 
 3008 00f7 D117378A 		.ascii	"\321\0277\212\233K\3564?,\363\301\240Yv\300\344yK\273"
 3008      9B4BEE34 
 3008      3F2CF3C1 
 3008      A05976C0 
 3008      E4794BBB 
 3009 010b 4C68521D 		.ascii	"LhR\035\341\334\234\374%\347\275,\355\344\030\332\305"
 3009      E1DC9CFC 
 3009      25E7BD2C 
 3009      EDE418DA 
 3009      C5
 3010 011c C95D5C50 		.ascii	"\311]\\P\252N\2670BY,\264\012\367I\270UY \015\0014Z"
 3010      AA4EB730 
 3010      42592CB4 
 3010      0AF749B8 
 3010      5559200D 
 3011 0133 67B22807 		.ascii	"g\262(\007\230\301Zr\007\347\257&\325d\001]\002p\261"
 3011      98C15A72 
 3011      07E7AF26 
 3011      D564015D 
 3011      0270B1
 3012 0146 8AACDA42 		.ascii	"\212\254\332B\245e*\213\024\226(F\250mu\361I\321\251"
 3012      A5652A8B 
 3012      14962846 
 3012      A86D75F1 
 3012      49D1A9
 3013 0159 0A002A4D 		.ascii	"\012\000*M\211L\210K\320\260\314\354\023(5\010\035/"
 3013      894C884B 
 3013      D0B0CCEC 
 3013      13283508 
 3013      1D2F
ARM GAS  C:\Users\nicx5\AppData\Local\Temp\ccBxLq1r.s 			page 94


 3014 016b 59692AE9 		.ascii	"Yi*\351\325\330m.\271#|\244\301\243@#\300\242?\"\355"
 3014      D5D86D2E 
 3014      B9237CA4 
 3014      C1A34023 
 3014      C0A23F22 
 3015 0180 901221BD 		.ascii	"\220\022!\275\240$@H\250G~\214L\363\244oi\207\027\205"
 3015      A0244048 
 3015      A8477E8C 
 3015      4CF3A46F 
 3015      69871785 
 3016 0194 DB3D6028 		.ascii	"\333=`(\0017Q\214\010e\337\240Gy\221n\276\361\247\014"
 3016      0137518C 
 3016      0865DFA0 
 3016      4779916E 
 3016      BEF1A70C 
 3017 01a8 ED0433F4 		.ascii	"\355\0043\364\257\232\257\241aR\342\270\010ey@\251Y"
 3017      AF9AAFA1 
 3017      6152E2B8 
 3017      08657940 
 3017      A959
 3018 01ba F444F9C6 		.ascii	"\364D\371\306\317>\262\330\234\243\016\3428\366<\227"
 3018      CF3EB2D8 
 3018      9CA30EE2 
 3018      38F63C97 
 3019 01ca BD7B37F0 		.ascii	"\275{7\360\356\320'w\277\272\017\375\010\257\277\030"
 3019      EED02777 
 3019      BFBA0FFD 
 3019      08AFBF18 
 3020 01da 6895B656 		.ascii	"h\225\266V\363\223\017\353\255\247r!>\015\032\035\""
 3020      F3930FEB 
 3020      ADA77221 
 3020      3E0D1A1D 
 3020      22
 3021 01eb 48EC8761 		.ascii	"H\354\207aM\366\206\206g\2224\240\246\234\343\034\372"
 3021      4DF68686 
 3021      679234A0 
 3021      A69CE31C 
 3021      FA
 3022 01fc 7EBF9F8F 		.ascii	"~\277\237\217\265\265\206\352\250'\034\036Vc\335\335"
 3022      B5B586EA 
 3022      A8271C1E 
 3022      5663DDDD 
 3023 020c ECCB9C49 		.ascii	"\354\313\234I\343\230\317\200?\031\035(\310\374\323"
 3023      E398CF80 
 3023      3F191D28 
 3023      C8FCD3
 3024 021b F6C35A37 		.ascii	"\366\303Z7\310\262u\324X\276\317\273\037H\210\336\377"
 3024      C8B275D4 
 3024      58BECFBB 
 3024      1F4888DE 
 3024      FF
 3025 022c D4BC1EED 		.ascii	"\324\274\036\355]\346L\271D#\2718Ih\034\035\267\310"
 3025      5DE64CB9 
 3025      4423B938 
 3025      49681C1D 
 3025      B7C8
 3026 023e 8EEEC26F 		.ascii	"\216\356\302o\342/\321\244W\352\207\3307\304\275\244"
ARM GAS  C:\Users\nicx5\AppData\Local\Temp\ccBxLq1r.s 			page 95


 3026      E22FD1A4 
 3026      57EA87D8 
 3026      37C4BDA4 
 3027 024e 6606CA11 		.ascii	"f\006\312\021\322J\022\3451\302#(\316.w\231\210d\261"
 3027      D24A12E5 
 3027      31C22328 
 3027      CE2E7799 
 3027      8864B1
 3028 0261 0442F452 		.ascii	"\004B\364Ru\343\024R\367.\275\002\253\320\375\270\305"
 3028      75E31452 
 3028      F72EBD02 
 3028      ABD0FDB8 
 3028      C5
 3029 0272 49FAE3D6 		.ascii	"I\372\343\326G\337\324\316w\375r\322\314\236t2\254."
 3029      47DFD4CE 
 3029      77FD72D2 
 3029      CC9E7432 
 3029      AC2E
 3030 0284 53CA6094 		.ascii	"S\312`\224k\365\\\030\253\004n-R\366\303R\210\007k@"
 3030      6BF55C18 
 3030      AB046E2D 
 3030      52F6C352 
 3030      88076B40 
 3031 0298 87C671B1 		.ascii	"\207\306q\261\335\373\234\375:\202\273\212\357\372\034"
 3031      DDFB9CFD 
 3031      3A82BB8A 
 3031      EFFA1C
 3032 02a7 691CC706 		.ascii	"i\034\307\006\374\255H`!\025|\370\365t{\325X\327[>&"
 3032      FCAD4860 
 3032      21157CF8 
 3032      F5747BD5 
 3032      58D75B3E 
 3033 02bc 85DD37D0 		.ascii	"\205\3357\320\177GC\351\005\213\326\200\356\237cWu\226"
 3033      7F4743E9 
 3033      058BD680 
 3033      EE9F6357 
 3033      7596
 3034 02ce 95383CF2 		.ascii	"\2258<\362\247/\200\263@\361\033\377h1\3212\316_\347"
 3034      A72F80B3 
 3034      40F11BFF 
 3034      6831D132 
 3034      CE5FE7
 3035 02e1 BA650DE8 		.ascii	"\272e\015\350\257\277\337\357\327\365\237\373s\337\273"
 3035      AFBFDFEF 
 3035      D7F59FFB 
 3035      73DFBB
 3036 02f0 7EFB7EF5 		.ascii	"~\373~\365\212\377U\317\276\264\263+\375dO\232fG\332"
 3036      8AFF55CF 
 3036      BEB4B32B 
 3036      FD644F9A 
 3036      6647DA
 3037 0303 D98F7676 		.ascii	"\331\217vv\243\235\275H\232\235(\232}hg\027\332\331"
 3037      A39DBD48 
 3037      9A9D289A 
 3037      7D686717 
 3037      DAD9
 3038 0315 837676A0 		.ascii	"\203vv\240\235\235\272\263\377\354\354\323\235]\272"
ARM GAS  C:\Users\nicx5\AppData\Local\Temp\ccBxLq1r.s 			page 96


 3038      9D9DBAB3 
 3038      FFECECD3 
 3038      9D5DBA
 3039 0324 B34777F6 		.ascii	"\263Gw\366\275\263\303;;tg\327p\366\227\320\344%\262"
 3039      BDB3C33B 
 3039      3B7467D7 
 3039      70F697D0 
 3039      E425B2
 3040 0337 88166173 		.ascii	"\210\026as.u\245\217_\341\224.!\355n=\314@2\235\265"
 3040      2E75A58F 
 3040      5FE1942E 
 3040      21ED6E3D 
 3040      CC40329D 
 3041 034c D03A05EA 		.ascii	"\320:\005\352\306\2309\316 \375\217\265\2054\325\257"
 3041      C69839CE 
 3041      20FD8FB5 
 3041      8534D5AF 
 3042 035c 071F2CE7 		.ascii	"\007\037,\347\003\351 \355\365\226\347\200t\213\015"
 3042      03E920ED 
 3042      F596E780 
 3042      748B0D
 3043 036b 579C5CE9 		.ascii	"W\234\\\351\337R\365\225\256\352C\325\231\315\206\256"
 3043      DF52F595 
 3043      AEEA43D5 
 3043      99CD86AE 
 3044 037b 676286D3 		.ascii	"gb\206\323\254\222\337\330,f\354\241\2251\273\251m\350"
 3044      AC92DFD8 
 3044      2C66ECA1 
 3044      9531BBA9 
 3044      6DE8
 3045 038d FE7DBF90 		.ascii	"\376}\277\220K0\271\204x\221\020!\267\376\342\313j^"
 3045      4B30B984 
 3045      78911021 
 3045      B7FEE2CB 
 3045      6A5E
 3046 039f 67814CC9 		.ascii	"g\201L\311\001g\360\020\230L\020\231\250\325\015\033"
 3046      0167F010 
 3046      984C1099 
 3046      A8D50D1B 
 3047 03af 93BDCC2A 		.ascii	"\223\275\314*\364\374\3027\000\211T\312\367\315\340"
 3047      F4FCC237 
 3047      008954CA 
 3047      F7CDE0
 3048 03be 9A27583F 		.ascii	"\232'X?\332\375\301\347\301c\325\213P\325\326\2702\307"
 3048      DAFDC1E7 
 3048      C163D58B 
 3048      50D5D6B8 
 3048      32C7
 3049 03d0 39D50D1E 		.ascii	"9\325\015\036k\377\350\350\230\036|\242\036kK\365T\007"
 3049      6BFFE8E8 
 3049      981E7CA2 
 3049      1E6B4BF5 
 3049      5407
 3050 03e2 1D4EF8CD 		.ascii	"\035N\370\3152\251\306\360\267\275\316\351\322\317}"
 3050      32A9C6F0 
 3050      B7BDCEE9 
 3050      D2CF7D
ARM GAS  C:\Users\nicx5\AppData\Local\Temp\ccBxLq1r.s 			page 97


 3051 03f1 A96BFE7A 		.ascii	"\251k\376zTw\351*M\270\317\253\306\372S\256jw\012\026"
 3051      5477E92A 
 3051      4DB8CFAB 
 3051      C6FA53AE 
 3051      6A770A16 
 3052 0405 F2CF4575 		.ascii	"\362\317EuN\334\343\241\337\034f\\\234z\254\355\216"
 3052      4EDCE3A1 
 3052      DF1C665C 
 3052      9C7AACED 
 3052      8E
 3053 0416 E135A168 		.ascii	"\3415\241h\3709\214~\033>\216g\207\177\243\371m\336"
 3053      F8398C7E 
 3053      1B3E8E67 
 3053      877FA3F9 
 3053      6DDE
 3054 0428 FDC363B2 		.ascii	"\375\303c\262\361/\333\226$\264/\264^x{XI\027\346\012"
 3054      F12FDB96 
 3054      24B42FB4 
 3054      5E787B58 
 3054      4917E60A 
 3055 043c E6CA69E3 		.ascii	"\346\312i\343\236\222\211\361\316\207\231BD\200\244"
 3055      9E9289F1 
 3055      CE879942 
 3055      4480A4
 3056 044b 370B7681 		.ascii	"7\013v\201\023@\314\245\036L\254\264\012\363PLn^\025"
 3056      1340CCA5 
 3056      1E4CACB4 
 3056      0AF3504C 
 3056      6E5E15
 3057 045e 98DF9953 		.ascii	"\230\337\231S\262T_\274\323\3137/S^.\203\370\200!\""
 3057      B2545FBC 
 3057      D3CB372F 
 3057      535E2E83 
 3057      F8802122 
 3058 0472 D5E58FF6 		.ascii	"\325\345\217\366\340u\243\270\374\223#\2237\250H/V%"
 3058      E075A3B8 
 3058      FC932393 
 3058      37A8482F 
 3058      5625
 3059 0484 992FD52D 		.ascii	"\231/\325-\227cy\335\315'-\222b\356\362\370\2344\240"
 3059      976379DD 
 3059      CD272D92 
 3059      62EEF2F8 
 3059      9C34A0
 3060 0497 7F967FFD 		.ascii	"\177\226\177\375]\317\323&\213\011\000\313\277\016\373"
 3060      5DCFD326 
 3060      8B0900CB 
 3060      BF0EFB
 3061 04a6 2363F9D8 		.ascii	"#c\371\330\004\371\257\255\236\323\020N\036\323\343"
 3061      04F9AFAD 
 3061      9ED3104E 
 3061      1ED3E3
 3062 04b5 BF46A2EC 		.ascii	"\277F\242\354\273>.i\300+\037gjhfl*\322\326\244gjh'"
 3062      BB3E2E69 
 3062      C02B1F67 
 3062      6A68666C 
 3062      2AD2D6A4 
ARM GAS  C:\Users\nicx5\AppData\Local\Temp\ccBxLq1r.s 			page 98


 3063 04cd CCD854A4 		.ascii	"\314\330T\244\255M=\205\030\002\2644\003ib[\32535\264"
 3063      AD4D3D85 
 3063      1802B434 
 3063      0369625B 
 3063      D53335B4 
 3064 04e1 155047B1 		.ascii	"\025PG\261u\246\206f\366\342l\305\212/0\265\031l\\("
 3064      75A68666 
 3064      F6E26CC5 
 3064      8A2F30B5 
 3064      196C5C28 
 3065 04f5 D63A7099 		.ascii	"\326:p\231]x@ff\303\306\0012.\266\2654\032,\326$\210"
 3065      5D784066 
 3065      66C3C601 
 3065      322EB6B5 
 3065      341A2CD6 
 3066 050b B90D1810 		.ascii	"\271\015\030\020\310F|\201a\360\320a\004\233\2135\030"
 3066      C8467C81 
 3066      61F0D061 
 3066      049B8B35 
 3066      18
 3067 051c 6523C626 		.ascii	"e#\306& \271;7~h\254\377\034\300\2177]\302\374\255\373"
 3067      20B93B37 
 3067      7E68ACFF 
 3067      1CC08F37 
 3067      5DC2FCAD 
 3068 0531 1BBFA84D 		.ascii	"\033\277\250M\035 \372\337\272\227t\235\273/iwp\325"
 3068      1D20FADF 
 3068      BA97749D 
 3068      BB2F6977 
 3068      70D5
 3069 0543 70711CC7 		.ascii	"pq\034\307b\032\260\323\222\352\316f\206l\273C\345\025"
 3069      621AB0D3 
 3069      92EACE66 
 3069      866CBB43 
 3069      E515
 3070 0555 B9D98667 		.ascii	"\271\331\206g\273\267\351\311\3356\317(\255\3271\022"
 3070      BBB7E9C9 
 3070      DD36CF28 
 3070      ADD73112 
 3071 0565 B36D4F76 		.ascii	"\263mOv\324\322z\035\023\373d\356`\3337o\377\334\262"
 3071      D4D27A1D 
 3071      13FB64EE 
 3071      60DB376F 
 3071      FFDCB2
 3072 0578 A21F3653 		.ascii	"\242\0376S\211\344\313R\3362b\037\253\334v\267\302\345"
 3072      89E4CB52 
 3072      DE32621F 
 3072      ABDC76B7 
 3072      C2E5
 3073 058a 43AB5C94 		.ascii	"C\253\\\224\314\013\3223JY\006\314\300\207\342\242\002"
 3073      CC0BD233 
 3073      4A5906CC 
 3073      C087E2A2 
 3073      02
 3074 059b 9BDCF74F 		.ascii	"\233\334\367O\324\232\024h\275\220\213aJ>\362\240\240"
 3074      D49A1468 
 3074      BD908B61 
ARM GAS  C:\Users\nicx5\AppData\Local\Temp\ccBxLq1r.s 			page 99


 3074      4A3EF2A0 
 3074      A0
 3075 05ac 072B9D05 		.ascii	"\007+\235\005\027\373a\352a]\006T\322,\262Y\353\"\011"
 3075      17FB61EA 
 3075      615D0654 
 3075      D22CB259 
 3075      EB2209
 3076 05bf 124A90DC 		.ascii	"\022J\220\334\304\017\204u\310\002\255\332~\370B\221"
 3076      C40F8475 
 3076      C802ADDA 
 3076      7EF84291 
 3077 05cf CC440D49 		.ascii	"\314D\015I;A\346\375c\347\317\021rv\301\242_\266\217"
 3077      3B41E6FD 
 3077      63E7CF11 
 3077      7276C1A2 
 3077      5FB68F
 3078 05e2 F4989534 		.ascii	"\364\230\2254C_\266\215\364\221\016\302\323C\017{$\353"
 3078      435FB68D 
 3078      F4910EC2 
 3078      D3430F7B 
 3078      24EB
 3079 05f4 956969DD 		.ascii	"\225ii\335\232$'\261*y\270\2525\322Z\217q\276\212\370"
 3079      9A2427B1 
 3079      2A79B8AA 
 3079      35D25A8F 
 3079      71BE8AF8 
 3080 0608 F2112325 		.ascii	"\362\021#%\254L\310`\354\207\247\230~\031\257\254H\217"
 3080      AC4CC860 
 3080      EC87A798 
 3080      7E19AFAC 
 3080      488F
 3081 061a 709289C0 		.ascii	"p\222\211\300 \322N2\036\027\377\262\220 &\254\201c"
 3081      20D24E32 
 3081      1E17FFB2 
 3081      902026AC 
 3081      8163
 3082 062c 5A32ADD7 		.ascii	"Z2\255\327\261\220\213\005\320K\306\036\322cV\344X\007"
 3082      B1908B05 
 3082      D04BC61E 
 3082      D26356E4 
 3082      5807
 3083 063e 7356C690 		.ascii	"sV\306\220~\372\307>\254\\\205b\215\222?\201\220\250"
 3083      7EFAC73E 
 3083      AC5C8562 
 3083      8D923F81 
 3083      90A8
 3084 0650 51540695 		.ascii	"QT\006\2253\"\"\")HAI\322\001aF2\206\250l\003\021\240"
 3084      33222222 
 3084      29484149 
 3084      D2016146 
 3084      3286A86C 
 3085 0667 1CA62CA4 		.ascii	"\034\246,\244L\012\012\222\372t\272\021\345\026>\033"
 3085      4C0A0A92 
 3085      FA74BA11 
 3085      E5163E1B 
 3086 0677 98BE46DA 		.ascii	"\230\276F\332\000\327N\305R\007\357\251\220d\215\212"
 3086      00D74EC5 
ARM GAS  C:\Users\nicx5\AppData\Local\Temp\ccBxLq1r.s 			page 100


 3086      5207EFA9 
 3086      90648D8A 
 3087 0687 DB14FBF9 		.ascii	"\333\024\373\371\005\357\357\016\374a\362#\254\211\225"
 3087      05EFEF0E 
 3087      FC61F223 
 3087      AC8995
 3088 0696 3F51B908 		.ascii	"?Q\271\010\004\014\217\222\202\347%Q(C\321(\355\376"
 3088      040C8F92 
 3088      82E72551 
 3088      2843D128 
 3088      EDFE
 3089 06a8 8A4D8E32 		.ascii	"\212M\2162\\N\000E7\235\245\341\033=\357\014\300Gbf"
 3089      5C4E0045 
 3089      379DA5E1 
 3089      1B3DEF0C 
 3089      C0476266 
 3090 06bc 08C70F51 		.ascii	"\010\307\017Q!I\306\205Wv\305\326j5\2423g\304:\024>"
 3090      2149C685 
 3090      5776C5D6 
 3090      6A35A233 
 3090      67C43A14 
 3091 06d1 71A2D164 		.ascii	"q\242\321d\307\201\015\245\266\250x/\003\313\271nb\007"
 3091      C7810DA5 
 3091      B6A8782F 
 3091      03CBB96E 
 3091      6207
 3092 06e3 CBA20E1B 		.ascii	"\313\242\016\033\302{\224K\335\311\300\352b\252\201"
 3092      C27B944B 
 3092      DDC9C0EA 
 3092      62AA81
 3093 06f2 2AD5C794 		.ascii	"*\325\307\224\016\325)\363\301\240\0271\341\233\333"
 3093      0ED529F3 
 3093      C1A01731 
 3093      E19BDB
 3094 0701 8F8815A3 		.ascii	"\217\210\025\243V\020\314\312\300{c\025Y\213\321R>\377"
 3094      5610CCCA 
 3094      C07B6315 
 3094      598BD152 
 3094      3EFF
 3095 0713 1FD0E23A 		.ascii	"\037\320\342:W\321\2613\024T\245\002\263\232Jde\214"
 3095      57D1B133 
 3095      1454A502 
 3095      B39A4A64 
 3095      658C
 3096 0725 29F12F66 		.ascii	")\361/fB5\2647\030\357I\241\3313}\227R)\224\247[\240"
 3096      4235B437 
 3096      18EF49A1 
 3096      D9337D97 
 3096      522994A7 
 3097 073b 3825057F 		.ascii	"8%\005\177\211Fi\315\253P\371\351A9\247\225V \221\340"
 3097      894669CD 
 3097      AB50F9E9 
 3097      4139A795 
 3097      562091E0 
 3098 074f 259DA3C9 		.ascii	"%\235\243\311\205\263\3438C\021{I;\213\255Mn\241\332"
 3098      85B3E338 
 3098      43117B49 
ARM GAS  C:\Users\nicx5\AppData\Local\Temp\ccBxLq1r.s 			page 101


 3098      3B8BAD4D 
 3098      6EA1DA
 3099 0762 B2D024D8 		.ascii	"\262\320$\330\026\317\221'i\207P|Nf\375?f|~\201g\200"
 3099      16CF9127 
 3099      6987507C 
 3099      4E66FD3F 
 3099      667C7E81 
 3100 0778 11DED2B5 		.ascii	"\021\336\322\265\235\275[O \021\246\362\331;K\023\362"
 3100      9DBD5B4F 
 3100      2011A6F2 
 3100      D93B4B13 
 3100      F2
 3101 0789 9C3EF87B 		.ascii	"\234>\370{\244\025\3713\006\354h\365P0\257urOs\002\244"
 3101      A415F933 
 3101      06EC68F5 
 3101      5030AF75 
 3101      724F7302 
 3102 079e 57D81996 		.ascii	"W\330\031\226\356s\340\220D\214L\213\261\034^\223\277"
 3102      EE73E090 
 3102      448C4C8B 
 3102      B11C5E93 
 3102      BF
 3103 07af 892110F3 		.ascii	"\211!\020\363\231\226T\340\006>*\0048\277vV\024\326"
 3103      999654E0 
 3103      063E2A04 
 3103      38BF7656 
 3103      14D6
 3104 07c1 5C6FCA02 		.ascii	"\\o\312\002\360L>*\0048\277vb^\271"
 3104      F04C3E2A 
 3104      0438BF76 
 3104      625EB9
 3105 07d0 BEA1ABA9 		.ascii	"\276\241\253\251\014\300\033\271\250\000\371\316\273"
 3105      0CC01BB9 
 3105      A800F9CE 
 3105      BB
 3106 07dd 04A8DD20 		.ascii	"\004\250\335 \312\035\004WS/rr\316X\212\201\330ps#b"
 3106      CA1D0457 
 3106      532F7272 
 3106      CE588A81 
 3106      D8707323 
 3107 07f2 A379E48C 		.ascii	"\243y\344\214.\005\347\031Ee\026b\177\336\000\026\330"
 3107      2E05E719 
 3107      45651662 
 3107      7FDE0016 
 3107      D8
 3108 0803 4EED0F1E 		.ascii	"N\355\017\036\251\037I\231\340\273\211,dXl\245g\325"
 3108      A91F4999 
 3108      E0BB892C 
 3108      64586CA5 
 3108      67D5
 3109 0815 374DD81A 		.ascii	"7M\330\032_\210\263\342\010+\311d\017$8qj\266\014\211"
 3109      5F88B3E2 
 3109      082BC964 
 3109      0F243871 
 3109      6AB60C89 
 3110 0829 9A29D778 		.ascii	"\232)\327x\321\226\257\336d\332\345\335\260[\305\227"
 3110      D196AFDE 
ARM GAS  C:\Users\nicx5\AppData\Local\Temp\ccBxLq1r.s 			page 102


 3110      64DAE5DD 
 3110      B05BC597 
 3111 0839 3CB2FFC0 		.ascii	"<\262\377\300\303\334\304>\247\2522I\037u\361\364\371"
 3111      C3DCC43E 
 3111      A7AA3249 
 3111      1F75F1F4 
 3111      F9
 3112 084a 7106F1DC 		.ascii	"q\006\361\334\272\347\371N\251\321[\305m\021\276\257"
 3112      BAE7F94E 
 3112      A9D15BC5 
 3112      6D11BEAF 
 3113 085a 0CCC6734 		.ascii	"\014\314g4\371p\240\353\250\266\033\342l\020\012\333"
 3113      F970A0EB 
 3113      A8B61BE2 
 3113      6C100ADB 
 3114 086a D0543B8F 		.ascii	"\320T;\217C`y&j\256-J\025\245\001q5\365r\2101;U^1m\\"
 3114      43607926 
 3114      6AAE2D4A 
 3114      15A50171 
 3114      35F57288 
 3115 0885 74DE2186 		.ascii	"t\336!\206\017VZAm!\266(J\226&JS\244)U\021U\267\011"
 3115      0F565A41 
 3115      6D21B628 
 3115      4A96264A 
 3115      53A42955 
 3116 089d 5DA28281 		.ascii	"]\242\202\201(\276\337%1\032\255\334\273T)\252\250V"
 3116      28BEDF25 
 3116      311AADDC 
 3116      BB5429AA 
 3116      A856
 3117 08af 505B082B 		.ascii	"P[\010+\213\222\245\021@\267\245\260;\255*\255\333D"
 3117      8B92A511 
 3117      40B7A5B0 
 3117      3BAD2AAD 
 3117      DB44
 3118 08c1 D694F68B 		.ascii	"\326\224\366\213\030\343\037"
 3118      18E31F
 3119              		.text
 3120              		.section	.gnu.lto_HAL_DMA_Start.337.1f2f3510,"e",%progbits
 3121 0000 28B52FFD 		.ascii	"(\265/\375`C\003E\030\000\026+\235G\240ZQ:\305w\352"
 3121      60430345 
 3121      1800162B 
 3121      9D47A05A 
 3121      513AC577 
 3122 0015 7944239F 		.ascii	"yD#\237\014\347\325.7\327G}\005\030H\322H\215\310\205"
 3122      0CE7D52E 
 3122      37D7477D 
 3122      051848D2 
 3122      488DC885 
 3123 0029 7C18606A 		.ascii	"|\030`j\256\356\2676\003\3712\241~\316\324\015\275\220"
 3123      AEEEB736 
 3123      03F932A1 
 3123      7ECED40D 
 3123      BD90
 3124 003b C6607918 		.ascii	"\306`y\030r\334^\243\320\022/\017oj\205Qc\223\316\217"
 3124      72DC5EA3 
 3124      D0122F0F 
ARM GAS  C:\Users\nicx5\AppData\Local\Temp\ccBxLq1r.s 			page 103


 3124      6F6A8551 
 3124      6393CE8F 
 3125 004f 8410B2E5 		.ascii	"\204\020\262\345N2\206\000\203\000\214\000G\1772\332"
 3125      4E328600 
 3125      83008C00 
 3125      477F32DA 
 3126 005f 01DD70C0 		.ascii	"\001\335p\300p\351\3661X\017\345\305\00470^\254'0^\334"
 3126      70E9F631 
 3126      580FE5C5 
 3126      0437305E 
 3126      AC27305E 
 3127 0074 DDFD791D 		.ascii	"\335\375y\035\255\216\233\313\223\235\010+\252\034Y"
 3127      AD8E9BCB 
 3127      939D082B 
 3127      AA1C59
 3128 0083 DE74FB5C 		.ascii	"\336t\373\\\\\344\272\227\344(V\246\272}\213\227\254"
 3128      5CE4BA97 
 3128      E42856A6 
 3128      BA7D8B97 
 3128      AC
 3129 0094 D3C6C9B1 		.ascii	"\323\306\311\261\372\360\010s\243u&U\003UA\320\354\234"
 3129      FAF00873 
 3129      A3752655 
 3129      035541D0 
 3129      EC9C
 3130 00a6 4854AC13 		.ascii	"HT\254\023\272\273u\276\250ew?x\005Jh,\321\372\335\322"
 3130      BABB75BE 
 3130      A865773F 
 3130      78054A68 
 3130      2CD1FADD 
 3131 00bb B9427002 		.ascii	"\271Bp\002cK\353tQw\256\270Y\362\340\251\214\223G)i"
 3131      634BEB74 
 3131      5177AEB8 
 3131      59F2E0A9 
 3131      8C934729 
 3132 00d0 A1BB97C6 		.ascii	"\241\273\227\3068k|u\276\273\274\335\315\261\313\010"
 3132      386B7C75 
 3132      BEBBBCDD 
 3132      CDB1CB08 
 3133 00e0 02E3817F 		.ascii	"\002\343\201\177\023\037;:\334$SF\3064\035\256\257\005"
 3133      131F3B3A 
 3133      DC245346 
 3133      C6341DAE 
 3133      AF05
 3134 00f2 E5A63D0F 		.ascii	"\345\246=\017\207\303\341\362\220\335\377\376\000\367"
 3134      87C3E1F2 
 3134      90DDFFFE 
 3134      00F7
 3135 0100 FDADF77E 		.ascii	"\375\255\367~\000\177\372\313\245K\216tY\244K+\335\013"
 3135      007FFACB 
 3135      A54B8E74 
 3135      59A44B2B 
 3135      DD0B
 3136 0112 60226B7E 		.ascii	"`\"k~:*Hu\367\030\276i1\"\325\221\335\375\356\251\034"
 3136      3A2A4875 
 3136      F718BE69 
 3136      3122D591 
ARM GAS  C:\Users\nicx5\AppData\Local\Temp\ccBxLq1r.s 			page 104


 3136      DDFDEEA9 
 3137 0127 EDF05401 		.ascii	"\355\360T\001\355>x\240\216\266R\363\317\214\225\027"
 3137      ED3E78A0 
 3137      8EB652F3 
 3137      CF8C9517 
 3138 0137 35DDBE05 		.ascii	"5\335\276\005\027\367g\311\323%\352\227\344t\244*P>"
 3138      17F767C9 
 3138      D325EA97 
 3138      E474A42A 
 3138      503E
 3139 0149 35464E40 		.ascii	"5FN@L?\245\307\242&\350\031H8P\224\027y\214\000Qz){"
 3139      4C3FA5C7 
 3139      A226E819 
 3139      48385094 
 3139      17798C00 
 3140 0161 A74709C2 		.ascii	"\247G\011\302\262\347\203\260J@\237\305\270\033;\225"
 3140      B2E783B0 
 3140      4A409FC5 
 3140      B81B3B95 
 3141 0171 EC001303 		.ascii	"\354\000\023\003\2466B&g\263\004\305D\266h\000n1\000"
 3141      A6364226 
 3141      67B304C5 
 3141      44B66800 
 3141      6E3100
 3142 0184 2E799746 		.ascii	".y\227F\202>\0063\311/VNU\0346#\321H\331'\252\304\245"
 3142      823E0633 
 3142      C92F564E 
 3142      551C3623 
 3142      D148D927 
 3143 019b 88CAEE1F 		.ascii	"\210\312\356\037\2249\014\351\375\230\267\357\"\004"
 3143      94390CE9 
 3143      FD98B7EF 
 3143      2204
 3144 01a9 CBB5C0CA 		.ascii	"\313\265\300\3126, 4M\234\247\035\"7\3756\2363\354\332"
 3144      362C2034 
 3144      4D9CA71D 
 3144      2237FD36 
 3144      9E33ECDA 
 3145 01bd 7EE55676 		.ascii	"~\345Vvw\204\275\225\023)\212\\<\353\364v\314\333\236"
 3145      7784BD95 
 3145      13298A5C 
 3145      3CEBF476 
 3145      CCDB9E
 3146 01d0 39419000 		.ascii	"9A\220\000\255\352O\245\254\344@17\355\256\321X\262"
 3146      ADEA4FA5 
 3146      ACE44031 
 3146      37EDAED1 
 3146      58B2
 3147 01e2 4FD41917 		.ascii	"O\324\031\027\364j?E\306\301\024\224\275.\246\212\234"
 3147      F46A3F45 
 3147      C6C11494 
 3147      BD2EA68A 
 3147      9C
 3148 01f3 2C678EB5 		.ascii	",g\216\265\034\211\023\264\016\262\234,gj`\231&\015"
 3148      1C8913B4 
 3148      0EB29C2C 
 3148      676A6099 
ARM GAS  C:\Users\nicx5\AppData\Local\Temp\ccBxLq1r.s 			page 105


 3148      260D
 3149 0205 379B5D18 		.ascii	"7\233]\030\302\005\261v\304\213\302\214\026\201\366"
 3149      C205B176 
 3149      C48BC28C 
 3149      1681F6
 3150 0214 6A804066 		.ascii	"j\200@f\233\325\352\0165\220\331f1\023\262Z\355\347"
 3150      9BD5EA0E 
 3150      3590D966 
 3150      3113B25A 
 3150      EDE7
 3151 0226 812D67BA 		.ascii	"\201-g\272\206pA\256X\207\013\260XQ\221\004\230\313"
 3151      867041AE 
 3151      58870BB0 
 3151      58519104 
 3151      98CB
 3152 0238 C4D15694 		.ascii	"\304\321V\224\300ixm\321\015\003L\350\347\201\007\020"
 3152      C069786D 
 3152      D10D034C 
 3152      E8E78107 
 3152      10
 3153 0249 41422611 		.ascii	"AB&\021\356\026B\250\302\206\002\273\353\353\327\256"
 3153      EE1642A8 
 3153      C28602BB 
 3153      EBEBD7AE 
 3154 0259 233301A5 		.ascii	"#3\001\245\341U\245\301_\351\252\014\377\313I\236\261"
 3154      E155A5C1 
 3154      5FE9AA0C 
 3154      FFCB499E 
 3154      B1
 3155 026a BB24534E 		.ascii	"\273$SN\332=\360kaW\273\273\313\247\360\261\023\242"
 3155      DA3DF06B 
 3155      6157BBBB 
 3155      CBA7F0B1 
 3155      13A2
 3156 027c 19D3731B 		.ascii	"\031\323s\033\003C\250Q8\351\004\306\011\212\314\214"
 3156      0343A851 
 3156      38E904C6 
 3156      098ACC8C 
 3157 028c 4C983449 		.ascii	"L\2304Ir\260\"\032\262\333\021\260\255\206\232\026\332"
 3157      72B0221A 
 3157      B2DB11B0 
 3157      AD869A16 
 3157      DA
 3158 029d 0CD9A6A9 		.ascii	"\014\331\246\251\245d\251LQ\356\023)(\261\000\342\311"
 3158      A564A94C 
 3158      51EE1329 
 3158      28B100E2 
 3158      C9
 3159 02ae B63B0E7F 		.ascii	"\266;\016\177&\207\272P\264\310\333\306\226\372\354"
 3159      2687BA50 
 3159      B4C8DBC6 
 3159      96FAEC
 3160 02bd 5DF31B50 		.ascii	"]\363\033P\355\373[\201}w\005\216L/\270Z\220v\310\371"
 3160      EDFB5B81 
 3160      7D77058E 
 3160      4C2FB85A 
 3160      9076C8F9 
ARM GAS  C:\Users\nicx5\AppData\Local\Temp\ccBxLq1r.s 			page 106


 3161 02d1 51E332DF 		.ascii	"Q\3432\337\252Y\027.\220\016\245\005\335\317\371\027"
 3161      AA59172E 
 3161      900EA505 
 3161      DDCFF917 
 3162 02e1 B2F91117 		.ascii	"\262\371\021\027\307'\304r\300\313$B\236Q\265\214\243"
 3162      C727C472 
 3162      C0CB2442 
 3162      9E51B58C 
 3162      A3
 3163 02f2 F2E7D48B 		.ascii	"\362\347\324\213\354\312\000\222\326&r&rW\224\277\216"
 3163      ECCA0092 
 3163      D6267226 
 3163      725794BF 
 3163      8E
 3164 0303 CCC7D748 		.ascii	"\314\307\327HjU\012=\001co\252\310\003\377"
 3164      6A550A3D 
 3164      01636FAA 
 3164      C803FF
 3165              		.text
 3166              		.section	.gnu.lto_HAL_DMA_Start_IT.338.1f2f3510,"e",%progbits
 3167 0000 28B52FFD 		.ascii	"(\265/\375`C\003E\030\000\026\353\234G\240ZQ:\204>\347"
 3167      60430345 
 3167      180016EB 
 3167      9C47A05A 
 3167      513A843E 
 3168 0015 D9436C00 		.ascii	"\331Cl\000\301l\341\300\212q\015\365\025R\200j\202\034"
 3168      C16CE1C0 
 3168      8A710DF5 
 3168      1552806A 
 3168      821C
 3169 0027 BB8EB4B1 		.ascii	"\273\216\264\261\000\337\364\337\316\253b\235\231P?"
 3169      00DFF4DF 
 3169      CEAB629D 
 3169      99503F
 3170 0036 67EA865E 		.ascii	"g\352\206^Hc\260<\0149n\257q\365\240\251\017\217}\360"
 3170      4863B03C 
 3170      0C396EAF 
 3170      71F5A0A9 
 3170      0F8F7DF0 
 3171 004a 928559EB 		.ascii	"\222\205Y\353kB\010\331r'\031\205\000\202\000\215\000"
 3171      6B4208D9 
 3171      72271985 
 3171      0082008D 
 3171      00
 3172 005b 46672ADA 		.ascii	"Fg*\332\001\335U`\240\272}\015\326\003\3710\301[\342"
 3172      01DD5560 
 3172      A0BA7D0D 
 3172      D603F930 
 3172      C15BE2
 3173 006e C37A02E2 		.ascii	"\303z\002\342\303\335\335\236\227\321\352\270\241\236"
 3173      C3DDDD9E 
 3173      97D1EAB8 
 3173      A19E
 3174 007c EC44A051 		.ascii	"\354D\240Q\242\003\013\234n\237\213\215\\wr\024\303"
 3174      A2030B9C 
 3174      6E9F8B8D 
 3174      5C777214 
ARM GAS  C:\Users\nicx5\AppData\Local\Temp\ccBxLq1r.s 			page 107


 3174      C3
 3175 008d CA54B76F 		.ascii	"\312T\267oqre\342\370(V\036\037_r\260L\244\332\232\032"
 3175      717265E2 
 3175      F828561E 
 3175      1F5F72B0 
 3175      4CA4DA9A 
 3176 00a2 9266C73C 		.ascii	"\222f\307<\242a\235\320\335,\363E%\273\373\301+Pb#\211"
 3176      A2619DD0 
 3176      DD2CF345 
 3176      25BBFBC1 
 3176      2B506223 
 3177 00b7 D6EF92CE 		.ascii	"\326\357\222\3165\202\023\030ZX\246\213\272c\345\315"
 3177      35821318 
 3177      5A58A68B 
 3177      BA63E5CD 
 3178 00c7 92074F65 		.ascii	"\222\007Oe\230<JG\013\335\2754\206y\343\253\363\335"
 3178      983C4A47 
 3178      0BDDBD34 
 3178      8679E3AB 
 3178      F3DD
 3179 00d9 E5EDAE8E 		.ascii	"\345\355\256\216]F\020\342\201\177\023 ;zn\222.j\304"
 3179      5D4610E2 
 3179      817F1320 
 3179      3B7A6E92 
 3179      2E6AC4
 3180 00ec 343DD7D7 		.ascii	"4=\327\327\202\362\322\236\317\363<\227\213\354\376"
 3180      82F2D29E 
 3180      CFF33C97 
 3180      8BECFE
 3181 00fb F707B8EF 		.ascii	"\367\007\270\357g\275\367\0038\323O.\335Q\244\313!]"
 3181      67BDF703 
 3181      38D34F2E 
 3181      DD51A4CB 
 3181      215D
 3182 010d 5AE95E00 		.ascii	"Z\351^\000O\251\372\355\360y\352\376q\302\3510\341\226"
 3182      4FA9FAED 
 3182      F079EAFE 
 3182      71C2E930 
 3182      E196
 3183 011f 23BBFBDD 		.ascii	"#\273\373\335S1\33210\343g\367\301\003u\264g4\377\314"
 3183      5331DA31 
 3183      30E367F7 
 3183      C10375B4 
 3183      6734FFCC 
 3184 0133 A071C2A6 		.ascii	"\240q\302\246\333\307\340\341\336$[\247\323\017\011"
 3184      DBC7E0E1 
 3184      DE245BA7 
 3184      D30F09
 3185 0142 EA47544D 		.ascii	"\352GTM>7Ec~\230~J\217EM\3205\216z\240 \037\266\274"
 3185      3E374563 
 3185      7E987E4A 
 3185      8F454DD0 
 3185      358E7AA0 
 3186 015a FC507A29 		.ascii	"\374Pz){(\217\022\\\310\017RS\002\372,\304\335\330\267"
 3186      7B288F12 
 3186      5CC80F52 
 3186      5302FA2C 
ARM GAS  C:\Users\nicx5\AppData\Local\Temp\ccBxLq1r.s 			page 108


 3186      C4DDD8B7 
 3187 016e C80E2835 		.ascii	"\310\016(5Pj#\305\344TIMJ#\213\006`\026\003`\222wi$"
 3187      506A23C5 
 3187      E454494D 
 3187      4A238B06 
 3187      60160360 
 3188 0186 E863308F 		.ascii	"\350c0\217\374b\345L\305\241\022\207D\312<N%\3764Dv"
 3188      FC62E54C 
 3188      C5A11287 
 3188      44CA3C4E 
 3188      25FE3444 
 3189 019b 07A1CCA1 		.ascii	"\007\241\314\241H\357\307\274}\024\231+\317\002#\333"
 3189      48EFC7BC 
 3189      7D14992B 
 3189      CF0223DB 
 3190 01ab AC84D035 		.ascii	"\254\204\3205q\230x\204\274\364\233x\316\260k\273\225"
 3190      71987884 
 3190      BCF49B78 
 3190      CEB06BBB 
 3190      95
 3191 01bc 1BD9DD3E 		.ascii	"\033\331\335>\373*'R\030yx\326\351\355\230\267\013\242"
 3191      FB2A2752 
 3191      187978D6 
 3191      E9ED98B7 
 3191      0BA2
 3192 01ce A40C4102 		.ascii	"\244\014A\002,S\177\372TFN\023\363\322\356\026\211$"
 3192      2C537FFA 
 3192      54464E13 
 3192      F3D2EE16 
 3192      8924
 3193 01e0 F3389D71 		.ascii	"\3638\235qA\347\354\243\210<\350R\265\327\005\245\212"
 3193      41E7ECA3 
 3193      883CE852 
 3193      B5D705A5 
 3193      8A
 3194 01f1 9C2C578A 		.ascii	"\234,W\212\265\034\211\023\264\016\262\234,WjX\225%"
 3194      B51C8913 
 3194      B40EB29C 
 3194      2C576A58 
 3194      9525
 3195 0203 0D379B5D 		.ascii	"\0157\233]\020\302\001\255v\304\213\302\214\346C{9@"
 3195      10C201AD 
 3195      76C48BC2 
 3195      8CE6437B 
 3195      3940
 3196 0215 20B3CD6A 		.ascii	" \263\315ju\205\034\310l\263\230\011Y\255\326\003\301"
 3196      75851CC8 
 3196      6CB39809 
 3196      59ADD603 
 3196      C1
 3197 0226 962B5D42 		.ascii	"\226+]B8 W\254\303\005X\214\210H\002\314U\342h+J\340"
 3197      382057AC 
 3197      C305588C 
 3197      884802CC 
 3197      55E2682B 
 3198 023c 34BC96E8 		.ascii	"4\274\226\350\206\001\026\324\003\301\003\010\240\240"
 3198      860116D4 
ARM GAS  C:\Users\nicx5\AppData\Local\Temp\ccBxLq1r.s 			page 109


 3198      03C10308 
 3198      A0A0
 3199 024a 7208770B 		.ascii	"r\010w\013\021TaC\201\335\365\365kW\221\231\000\215"
 3199      11546143 
 3199      81DDF5F5 
 3199      6B579199 
 3199      008D
 3200 025c 28732A0D 		.ascii	"(s*\015\3764\240\220\341G}\344\032\273;2e\244\335\003"
 3200      FE34A090 
 3200      E1477DE4 
 3200      1ABB3B32 
 3200      65A4DD03 
 3201 0270 BF1676B5 		.ascii	"\277\026v\265\273\233|\012 ;\2514b\026\334\304C\250"
 3201      BB9B7C0A 
 3201      203BA934 
 3201      6216DCC4 
 3201      43A8
 3202 0282 6130EA04 		.ascii	"a0\352\004\306\011\212\314\214L\2304Ir\240\"\032\262"
 3202      C6098ACC 
 3202      8C4C9834 
 3202      4972A022 
 3202      1AB2
 3203 0294 F311A031 		.ascii	"\363\021\2401\206*\255l\006\331\246\251\267\344]\231"
 3203      862AAD6C 
 3203      06D9A6A9 
 3203      B7E45D99 
 3204 02a4 6BEE1B29 		.ascii	"k\356\033)\270\005\000\361d\243O\016`On\272}\264\315"
 3204      B80500F1 
 3204      64A34F0E 
 3204      604F6EBA 
 3204      7DB4CD
 3205 02b7 43EC40F9 		.ascii	"C\354@\371,\"b\365\233\256v\364\315\203\275r\255\230"
 3205      2C2262F5 
 3205      9BAE76F4 
 3205      CD83BD72 
 3205      AD98
 3206 02c9 9C01FCFA 		.ascii	"\234\001\374\372D\373\011\346\250\3532\321T\242kb\361"
 3206      44FB09E6 
 3206      A8EB32D1 
 3206      54A26B62 
 3206      F1
 3207 02da 190AC5B4 		.ascii	"\031\012\305\264\217\257\023\262\361\210\213\307Mh\325"
 3207      8FAF13B2 
 3207      F1888BC7 
 3207      4D68D5
 3208 02e9 FA36093B 		.ascii	"\3726\011;\317V\275\343\350\376\234zq]\331C\022\006"
 3208      CF56BDE3 
 3208      E8FE9C7A 
 3208      715DD943 
 3208      1206
 3209 02fb 1D10049B 		.ascii	"\035\020\004\233\260\030\247`\017\303\327PjO\012W\203"
 3209      B018A760 
 3209      0FC3D750 
 3209      6A4F0A57 
 3209      83
 3210 030c B110AA88 		.ascii	"\261\020\252\210#\376"
 3210      23FE
ARM GAS  C:\Users\nicx5\AppData\Local\Temp\ccBxLq1r.s 			page 110


 3211              		.text
 3212              		.section	.gnu.lto_HAL_DMA_Abort.339.1f2f3510,"e",%progbits
 3213 0000 28B52FFD 		.ascii	"(\265/\375`* \315c\000\252\224x\"I \316\332\351\203"
 3213      602A20CD 
 3213      6300AA94 
 3213      78224920 
 3213      CEDAE983 
 3214 0014 9A5E129C 		.ascii	"\232^\022\234\226a\007\032St\367G\236$M\330\377S\200"
 3214      9661071A 
 3214      5374F747 
 3214      9E244DD8 
 3214      FF5380
 3215 0027 06280C07 		.ascii	"\006(\014\007\207\015\351\310\347\2157r\007\210Fe\276"
 3215      870DE9C8 
 3215      E78D3772 
 3215      07884665 
 3215      BE
 3216 0038 47EBB715 		.ascii	"G\353\267\025#\266\314C?\371\351\253\227wA\351;\347"
 3216      23B6CC43 
 3216      3FF9E9AB 
 3216      977741E9 
 3216      3BE7
 3217 004a 0E980B1E 		.ascii	"\016\230\013\036/X\255\331\222\266\367N2\245$\002\342"
 3217      2F58ADD9 
 3217      92B6F74E 
 3217      32A52402 
 3217      E2
 3218 005b 011602BD 		.ascii	"\001\026\002\275\374\230L\234\330\004\214[\214\210\241"
 3218      FC984C9C 
 3218      D8048C5B 
 3218      8C88A1
 3219 006a 13C751AA 		.ascii	"\023\307Q\252\177k\273\274\364\276\366\234fl9\275\330"
 3219      7F6BBBBC 
 3219      F4BEF69C 
 3219      666C39BD 
 3219      D8
 3220 007b 8A9DD888 		.ascii	"\212\235\330\210m\355\3036\354\302&\3548=\330\325\026"
 3220      6DEDC336 
 3220      ECC226EC 
 3220      383DD8D5 
 3220      16
 3221 008c 6C381DD8 		.ascii	"l8\035\330\200\375\246\335\364_\267i6\355\327kZM\367"
 3221      80FDA6DD 
 3221      F45FB769 
 3221      36EDD76B 
 3221      5A4DF7
 3222 009f 759A46D3 		.ascii	"u\232F\323|M\3553m\246\3134\231\336k\275\036\323y-\246"
 3222      7C4DED33 
 3222      6DA6CB34 
 3222      99DE6BBD 
 3222      1ED3792D 
 3223 00b4 C3345EDF 		.ascii	"\3034^\3375\230\266\353\272\236vc\323\265\264\277t4"
 3223      3598B6EB 
 3223      BA9E7663 
 3223      D3B5B4BF 
 3223      7434
 3224 00c6 2B000056 		.ascii	"+\000\000V\250H\201\205\342\204\211\253\022$\254\252"
ARM GAS  C:\Users\nicx5\AppData\Local\Temp\ccBxLq1r.s 			page 111


 3224      A8488185 
 3224      E28489AB 
 3224      1224ACAA 
 3225 00d6 46508908 		.ascii	"FP\211\010\001\342\203\207\016S\034\2446Di\200zrj\312"
 3225      01E28387 
 3225      0E531CA4 
 3225      36446980 
 3225      7A726ACA 
 3226 00ea C0B4A494 		.ascii	"\300\264\244\224\204tdT\004\023\015\011\005\001\375"
 3226      84746454 
 3226      04130D09 
 3226      0501FD
 3227 00f9 F8F4F028 		.ascii	"\370\364\360(1\274I\244\333\262\237\227\355=\274\257"
 3227      31BC49A4 
 3227      DBB29F97 
 3227      ED3DBCAF 
 3228 0109 792DCDD1 		.ascii	"y-\315\321\352=\347\320\233\261\250\215i\230[\316\341"
 3228      EA3DE7D0 
 3228      9BB1A88D 
 3228      69985BCE 
 3228      E1
 3229 011a 22A1A29B 		.ascii	"\"\241\242\233\304?\3046V6\207~\206k\012\325\020\366"
 3229      C43FC436 
 3229      5636877E 
 3229      866B0AD5 
 3229      10F6
 3230 012c C5D91BD4 		.ascii	"\305\331\033\324\253\216\021\314\203#&0\014 \336\233"
 3230      AB8E11CC 
 3230      83232630 
 3230      0C20DE9B 
 3231 013c 3B375EFE 		.ascii	";7^\376\240m\346\330t\361\343\262fKan5}r\336i\250\240"
 3231      A06DE6D8 
 3231      74F1E3B2 
 3231      664B616E 
 3231      357D72DE 
 3232 0153 81E39B42 		.ascii	"\201\343\233B};#\305\314\263\214\223Ls\217\211\336\222"
 3232      7D3B23C5 
 3232      CCB38C93 
 3232      4C738F89 
 3232      DE92
 3233 0165 316C794A 		.ascii	"1lyJ\304$\011\263\206\207\344\356H\\n0Km\314\023\320"
 3233      C42409B3 
 3233      8687E4EE 
 3233      485C6E30 
 3233      4B6DCC13 
 3234 017a 72DBD539 		.ascii	"r\333\3259\2212-Fz\232\346\335\310\256\230\213s.\265"
 3234      91322D46 
 3234      7A9AE6DD 
 3234      C8AE988B 
 3234      732EB5
 3235 018d 3111D997 		.ascii	"1\021\331\227\202I\003$7\035+m\323\002\323\210\264="
 3235      82490324 
 3235      371D2B6D 
 3235      D302D388 
 3235      B43D
 3236 019f 31C1FBCB 		.ascii	"1\301\373\313YG\227\332\230fY\217\0018\002pg\205\035"
 3236      594797DA 
ARM GAS  C:\Users\nicx5\AppData\Local\Temp\ccBxLq1r.s 			page 112


 3236      9866598F 
 3236      01380270 
 3236      67851D
 3237 01b2 152FA470 		.ascii	"\025/\244p\001\253\016\012:'\024M$^!\226\260\2228,\262"
 3237      01AB0E0A 
 3237      3A27144D 
 3237      245E2196 
 3237      B092382C 
 3238 01c7 32AC73B6 		.ascii	"2\254s\266H\033\363G\256*\364\021\205TnD\374\205h\003"
 3238      481BF347 
 3238      AE2AF411 
 3238      85546E44 
 3238      FC856803 
 3239 01db 82CD073F 		.ascii	"\202\315\007?\017k:\250\231\352\343\260'\245\267aLT"
 3239      0F6B3AA8 
 3239      99EAE3B0 
 3239      27A5B761 
 3239      4C54
 3240 01ed 9E063150 		.ascii	"\236\0061Pa\236\360\234\356\232\274d\2002\315-uQ\342"
 3240      619EF09C 
 3240      EE9ABC64 
 3240      8032CD2D 
 3240      7551E2
 3241 0200 92B40549 		.ascii	"\222\264\005I\2160\037!Y\030=\265\011\211\363\"8x\012"
 3241      8E301F21 
 3241      59183DB5 
 3241      0989F322 
 3241      38780A
 3242 0213 D1DB9014 		.ascii	"\321\333\220\024\241g\220\023\250\371\303\304gI\017"
 3242      A1679013 
 3242      A8F9C3C4 
 3242      67490F
 3243 0222 1B8F1265 		.ascii	"\033\217\022e\022\014k/\222\244\007\0069\202dA\014b"
 3243      120C6B2F 
 3243      92A40706 
 3243      39826441 
 3243      0C62
 3244 0234 59F3512B 		.ascii	"Y\363Q+c\207\220\344\015\372\225 T\262\213dQ\206\004"
 3244      638790E4 
 3244      0DFA9520 
 3244      54B28B64 
 3244      518604
 3245 0247 CC99DA10 		.ascii	"\314\231\332\020o}\324\310X\2478\216\3072\013\364\304"
 3245      6F7DD4C8 
 3245      58A7388E 
 3245      C7320BF4 
 3245      C4
 3246 0258 EACF9650 		.ascii	"\352\317\226P\301l\214\217\232\017V\211\327\002\026"
 3246      C16C8C8F 
 3246      9A0F5689 
 3246      D70216
 3247 0267 AFF38CA6 		.ascii	"\257\363\214\246\306\314\031\311\"\216\343\316gjB\274"
 3247      C6CC19C9 
 3247      228EE3CE 
 3247      676A42BC 
 3248 0277 41F0EED7 		.ascii	"A\360\356\327Kw'\351.\232\006C\320\370\304]\331/pWz"
 3248      4B7727E9 
ARM GAS  C:\Users\nicx5\AppData\Local\Temp\ccBxLq1r.s 			page 113


 3248      2E9A0643 
 3248      D0F8C45D 
 3248      D92F7057 
 3249 028c 9A08BA71 		.ascii	"\232\010\272q\203V\236\036f\324w\015\312\232r\321\247"
 3249      83569E1E 
 3249      66D4770D 
 3249      CA9A72D1 
 3249      A7
 3250 029d 3D43DA12 		.ascii	"=C\332\0221\364\225\020\022DC\345\215F%\0352q!\331$"
 3250      31F49510 
 3250      124443E5 
 3250      8D46251D 
 3250      327121D9 
 3251 02b2 9292E2A5 		.ascii	"\222\222\342\245\005\344?\233\215\315\342 \336\207n"
 3251      05E43F9B 
 3251      8DCDE220 
 3251      DE876E
 3252 02c1 7E020A1D 		.ascii	"~\002\012\035p3}\230\377\310\011\025\033\024t\3779X"
 3252      70337D98 
 3252      FFC80915 
 3252      1B1474FF 
 3252      3958
 3253 02d3 A51D86DB 		.ascii	"\245\035\206\333\355\302\367`$\3438N^\305\236\331P."
 3253      EDC2F760 
 3253      24E3384E 
 3253      5EC59ED9 
 3253      502E
 3254 02e5 069DB1F3 		.ascii	"\006\235\261\363p\273#\360\274\030H\315\020\315\253"
 3254      70BB23F0 
 3254      BC1848CD 
 3254      10CDAB
 3255 02f4 57ED9808 		.ascii	"W\355\230\010\364{\266\331e\270\376\036\350\014\273"
 3255      F47BB6D9 
 3255      65B8FE1E 
 3255      E80CBB
 3256 0303 29703C19 		.ascii	")p<\031\3118vb\242\375n\271\304\202\344\233\267\376"
 3256      C9387662 
 3256      A2FD6EB9 
 3256      C482E49B 
 3256      B7FE
 3257 0315 494EA8F4 		.ascii	"IN\250\364\231]Uml\304:\025\250\254{\027\342\351\365"
 3257      995D556D 
 3257      6CC43A15 
 3257      A8AC7B17 
 3257      E2E9F5
 3258 0328 F87F763B 		.ascii	"\370\177v;\011\356\210\367@W\350#;vUu\216\352\035\352"
 3258      09EE88F7 
 3258      4057E823 
 3258      3B765575 
 3258      8EEA1DEA 
 3259 033c 4E62F9B1 		.ascii	"Nb\371\261\201r7\027\215\354gT\357\200M\230?\326^\255"
 3259      81723717 
 3259      8DEC6754 
 3259      EF804D98 
 3259      3FD65EAD 
 3260 0350 D2ACBA59 		.ascii	"\322\254\272Y\251:\011\214\363cG{\344\177\266\373\330"
 3260      A93A098C 
ARM GAS  C:\Users\nicx5\AppData\Local\Temp\ccBxLq1r.s 			page 114


 3260      F363477B 
 3260      E47FB6FB 
 3260      D8
 3261 0361 1F5A5CBF 		.ascii	"\037Z\\\277\263\333\247\336*\\\352\215ue\345]\334G8"
 3261      B3DBA7DE 
 3261      2A5CEA8D 
 3261      7565E55D 
 3261      DC4738
 3262 0374 D49BAA73 		.ascii	"\324\233\252sKy\324{\303\233;\252'\267\20677\324\233"
 3262      4B79D47B 
 3262      C39B3BAA 
 3262      27B78637 
 3262      37D49B
 3263 0387 FB8927B7 		.ascii	"\373\211'\267\323\233\273I\231;\303\233\233\351\315"
 3263      D39BBB49 
 3263      993BC39B 
 3263      9BE9CD
 3264 0396 BDF4E656 		.ascii	"\275\364\346Vzs'\275\271\221\336\334Gon\2437wQ27\374"
 3264      7A7327BD 
 3264      B991DEDC 
 3264      476F6EA3 
 3264      37775132 
 3265 03ac E6267A73 		.ascii	"\346&zs\017\275\271\205\336\334Aon\2407\367\317\233"
 3265      0FBDB985 
 3265      DEDC416F 
 3265      6EA037F7 
 3265      CF9B
 3266 03be DBE7CDDD 		.ascii	"\333\347\315\335\363\346\346ys+1\344\306\360\346~\337"
 3266      F3E6E679 
 3266      732B31E4 
 3266      C6F0E67E 
 3266      DF
 3267 03cf DCC93737 		.ascii	"\334\31177\362\315\355\276\271\33377\233\314\235\221"
 3267      F2CDEDBE 
 3267      B9DB3737 
 3267      9BCC9D91 
 3268 03df B93D8177 		.ascii	"\271=\201w\203'U\302A/\216\231<\322\211\337\264f\250"
 3268      832755C2 
 3268      412F8E99 
 3268      3CD289DF 
 3268      B466A8
 3269 03f2 38D43DEA 		.ascii	"8\324=\352.u\237:\333\355\335]B\273\027\377\342t^\327"
 3269      2E759F3A 
 3269      DBEDDD5D 
 3269      42BB17FF 
 3269      E2745ED7 
 3270 0406 4AF86C1A 		.ascii	"J\370l\032\026H\207\221\314\342\020#\322\017\330\370"
 3270      16488791 
 3270      CCE21023 
 3270      D20FD8F8 
 3271 0416 CE1719CD 		.ascii	"\316\027\031\315T\361\037n\321\020\340D\031\251#$\275"
 3271      54F11F6E 
 3271      D110E044 
 3271      19A92324 
 3271      BD
 3272 0427 85ADBCE8 		.ascii	"\205\255\274\350\206\362\310\261[\374\200o\030\373\026"
 3272      86F2C8B1 
ARM GAS  C:\Users\nicx5\AppData\Local\Temp\ccBxLq1r.s 			page 115


 3272      5BFC806F 
 3272      18FB16
 3273 0436 E338FAC1 		.ascii	"\3438\372\301\333\366 It\347E\316\335\276\305\271\224"
 3273      DBF62049 
 3273      74E745CE 
 3273      DDBEC5B9 
 3273      94
 3274 0447 E05D4868 		.ascii	"\340]Hh\2418\256\323G&\216\243!\272E\322['\207]oY\037"
 3274      A138AED3 
 3274      47268EA3 
 3274      21BA45D2 
 3274      5B27875D 
 3275 045e 72BDB5BA 		.ascii	"r\275\265\272*!\360\220\237Z\026-8\267\301.\020\345"
 3275      2A21F090 
 3275      9F5A162D 
 3275      38B7C12E 
 3275      10E5
 3276 0470 9688CCC5 		.ascii	"\226\210\314\305!0\345\022}kHg\350>\345\016=\321#\253"
 3276      2130E512 
 3276      7D6B4867 
 3276      E83EE50E 
 3276      3DD123AB 
 3277 0484 79C932CB 		.ascii	"y\3112\313R\213\277\265\207\340z;\364\317\207\266\246"
 3277      528BBFB5 
 3277      87E07A3B 
 3277      F4CF87B6 
 3277      A6
 3278 0495 2C639DE2 		.ascii	",c\235\342\316\306q\034\037`\000\242\233\223\361n\027"
 3278      CEC6711C 
 3278      1F6000A2 
 3278      9B93F16E 
 3278      17
 3279 04a6 59C99DF7 		.ascii	"Y\311\235\367\345\012n7\005\031\211\014\246W\263\312"
 3279      E50A6E37 
 3279      0519890C 
 3279      A657B3CA 
 3280 04b6 71CA4598 		.ascii	"q\312E\230\260\254\203Izls\012\370\247\373\343\261\271"
 3280      B0AC8349 
 3280      7A6C730A 
 3280      F8A7FBE3 
 3280      B1B9
 3281 04c8 A1F9E09D 		.ascii	"\241\371\340\235\316\303\025z\017C\367G\365A/\364\034"
 3281      CEC3157A 
 3281      0F43F747 
 3281      F5412FF4 
 3281      1C
 3282 04d9 D8C8AA30 		.ascii	"\330\310\2520\237\031\364_:\254r\017\347P\212G\000\320"
 3282      9F19F45F 
 3282      3AAC720F 
 3282      E7508A47 
 3282      00D0
 3283 04eb 0BC940FC 		.ascii	"\013\311@\374\347\201\376\375\221\203\374\274\326\000"
 3283      E781FEFD 
 3283      9183FCBC 
 3283      D600
 3284 04f9 3E9FE6E8 		.ascii	">\237\346\350Sn\317\373<\262NF\323\352\371,<\250\364"
 3284      536ECFFB 
ARM GAS  C:\Users\nicx5\AppData\Local\Temp\ccBxLq1r.s 			page 116


 3284      3CB24E46 
 3284      D3EAF92C 
 3284      3CA8F4
 3285 050c 9902B0C8 		.ascii	"\231\002\260\310\012\000\200\025*R`\2418a\342\252\004"
 3285      0A008015 
 3285      2A5260A1 
 3285      3861E2AA 
 3285      04
 3286 051d 0922AB7F 		.ascii	"\011\"\253\177\266\013\253\223\300\270\212\347\177\244"
 3286      B60BAB93 
 3286      C0B88AE7 
 3286      7FA4
 3287 052b B8A37C9E 		.ascii	"\270\243|\236\177\307\3442Y\036\333`\311\005\207\353"
 3287      7FC7E432 
 3287      591EDB60 
 3287      C90587EB 
 3288 053b ADF25338 		.ascii	"\255\362S8\241\322\271\314\304\201\341\225\234P\261"
 3288      A1D2B9CC 
 3288      C481E195 
 3288      9C50B1
 3289 054a 387300A9 		.ascii	"8s\000\251d\031A\344\352\215c\250\234\261`\376K\024"
 3289      641941E4 
 3289      EA8D63A8 
 3289      9CB160FE 
 3289      4B14
 3290 055c 61A57E23 		.ascii	"a\245~#[\210\276v\332\346\371\0001\275\"\035\257\037"
 3290      5B88BE76 
 3290      DAE6F900 
 3290      31BD221D 
 3290      AF1F
 3291 056e AA082AB5 		.ascii	"\252\010*\265@\361\240\204\012\024\345\256C\033\375"
 3291      40F1A084 
 3291      0A14E5AE 
 3291      431BFD
 3292 057d D13463A7 		.ascii	"\3214c\247S\201\316\001\320\245\336\370\0067\036\365"
 3292      5381CE01 
 3292      D0A5DEF8 
 3292      06371EF5 
 3293 058d E71ADA38 		.ascii	"\347\032\3328\024\033\177\362s\2475\336\244\3063\364"
 3293      141B7FF2 
 3293      73A735DE 
 3293      A4C633F4 
 3294 059d 39531A5F 		.ascii	"9S\032_B\343J\377l>O\372gS\311\230{{H\377l\037.vEV/"
 3294      42E34AFF 
 3294      6C3E4FFA 
 3294      6753C998 
 3294      7B7B48FF 
 3295 05b8 226D8544 		.ascii	"\"m\205D\243\253\337\360'\364\031\317\357\3222q\252"
 3295      A3ABDFF0 
 3295      27F419CF 
 3295      EFD23271 
 3295      AA
 3296 05c9 1B9E85D8 		.ascii	"\033\236\205\330\321U\035:\377vu\007\371,8>\372\224"
 3296      D1551D3A 
 3296      FF767507 
 3296      F92C383E 
 3296      FA94
ARM GAS  C:\Users\nicx5\AppData\Local\Temp\ccBxLq1r.s 			page 117


 3297 05db EB3EF27B 		.ascii	"\353>\362{\370\226^|\216;\330\330\276\234-@\237r\331"
 3297      F8965E7C 
 3297      8E3BD8D8 
 3297      BE9C2D40 
 3297      9F72D9
 3298 05ee 6FBF874F 		.ascii	"o\277\207O\000OD\034\201\000\003~\313\011\3251(G\214"
 3298      004F441C 
 3298      8100037E 
 3298      CB09D531 
 3298      28478C
 3299 0601 16138CFE 		.ascii	"\026\023\214\376\371rM\304\016\021@\321<3\214\341\355"
 3299      F9724DC4 
 3299      0E1140D1 
 3299      3C338CE1 
 3299      ED
 3300 0612 C3597D5B 		.ascii	"\303Y}[=+\"&\367>\241W\363\214\361\347\361\361Q\216"
 3300      3D2B2226 
 3300      F73EA157 
 3300      F38CF1E7 
 3300      F1F1518E 
 3301 0626 4FB9C97F 		.ascii	"O\271\311\177\377g\254\354\010\363\231\335\235\200W"
 3301      FF67ACEC 
 3301      08F399DD 
 3301      9D8057
 3302 0635 63088EB0 		.ascii	"c\010\216\260@\013\327\333\344{\351\210\203\305(\005"
 3302      400BD7DB 
 3302      E47BE988 
 3302      83C52805 
 3303 0645 B6A2B8EB 		.ascii	"\266\242\270\353\223\333\023n\"Heg\204\350\207\031\225"
 3303      93DB136E 
 3303      22486567 
 3303      84E88719 
 3303      95
 3304 0656 8E85BAA1 		.ascii	"\216\205\272\241\305\2376\240\0178B}\327\263\275\027"
 3304      C59F36A0 
 3304      0F38427D 
 3304      D7B3BD17 
 3305 0666 82A2826E 		.ascii	"\202\242\202n\347\203\016\250I\315k\327\"?fA\362\364"
 3305      E7830EA8 
 3305      49CD6BD7 
 3305      223F6641 
 3305      F2F4
 3306 0678 89045C5F 		.ascii	"\211\004\\_5\266\302lt\201%\271\276jd\260\025f\243\013"
 3306      35B6C26C 
 3306      748125B9 
 3306      BE6A64B0 
 3306      1566A30B 
 3307 068c EC05EBDA 		.ascii	"\354\005\353\332\021\346e\243\353EW\216\014\2708\350"
 3307      11E665A3 
 3307      EB45578E 
 3307      0CB838E8 
 3308 069c F2D901C6 		.ascii	"\362\331\001\306\265#\014\007\015\257\035okp\205U\243"
 3308      B5230C07 
 3308      0DAF1D6F 
 3308      6B708555 
 3308      A3
 3309 06ad CB44D795 		.ascii	"\313D\327\225\010&\256\257\0327\330\246!\202\353\253"
ARM GAS  C:\Users\nicx5\AppData\Local\Temp\ccBxLq1r.s 			page 118


 3309      0826AEAF 
 3309      1A37D8A6 
 3309      2182EBAB 
 3310 06bd C6560EAE 		.ascii	"\306V\016\256\0337\254H|\355\010\243\242\001\006\203"
 3310      1B37AC48 
 3310      7CED08A3 
 3310      A2010683 
 3311 06cd 6A8B0101 		.ascii	"j\213\001\001\264\266D\020\341\204\026U\030X\027\010"
 3311      B4B64410 
 3311      E1841655 
 3311      18581708 
 3312 06dd 5E60055C 		.ascii	"^`\005\\\265\010\035\014\2405\303\212D\013\010`\314"
 3312      B5081D0C 
 3312      A035C38A 
 3312      440B0860 
 3312      CC
 3313 06ee 08C301D6 		.ascii	"\010\303\001\326A\214\031)\014 \352\356h\354\357\354"
 3313      418C1929 
 3313      0C20EAEE 
 3313      68ECEFEC 
 3314 06fe A434C7B4 		.ascii	"\2444\307\264\260\366\245\253$\015\016\356\335\227\256"
 3314      B0F6A5AB 
 3314      240D0EEE 
 3314      DD97AE
 3315 070d 94D4370B 		.ascii	"\224\3247\013\261/\223\333Q\245\010\230\247\250\005"
 3315      B12F93DB 
 3315      51A50898 
 3315      A7A805
 3316 071c 4F4687E6 		.ascii	"OF\207\346U\252\350\014\213\032\222\301\330-\343\226"
 3316      55AAE80C 
 3316      8B1A92C1 
 3316      D82DE396 
 3317 072c 28B46876 		.ascii	"(\264hv\361\2351J\215\344)\217\250\307\341\204\"\311"
 3317      F19D314A 
 3317      8DE4298F 
 3317      A8C7E184 
 3317      22C9
 3318 073e D22E0DCF 		.ascii	"\322.\015\317\344\204\212%6B}4\253Y\346O\017\365o5I"
 3318      E4848A25 
 3318      36427D34 
 3318      AB59E64F 
 3318      0FF56F35 
 3319 0753 86CE2DA1 		.ascii	"\206\316-\241K\266\247\317rB\023\011\207\326\234\251"
 3319      4BB6A7CF 
 3319      72421309 
 3319      87D69CA9 
 3320 0763 03B3E13A 		.ascii	"\003\263\341:\275\207a\222\271\330p\372\014\211rMN\262"
 3320      BD876192 
 3320      B9D870FA 
 3320      0C89724D 
 3320      4EB2
 3321 0775 5CDC00CB 		.ascii	"\\\334\000\313'Z^\256\267o\365\214Q\012%\253\320\364"
 3321      275A5EAE 
 3321      B76FF58C 
 3321      510A25AB 
 3321      D0F4
 3322 0787 339CD028 		.ascii	"3\234\320(9\213W\206WJ\3042\244J\246\243\307\265\035"
ARM GAS  C:\Users\nicx5\AppData\Local\Temp\ccBxLq1r.s 			page 119


 3322      398B5786 
 3322      574AC432 
 3322      A44AA6A3 
 3322      C7B51D
 3323 079a 9F789063 		.ascii	"\237x\220cA\317r\245\203Gj\0175\0348:\374\3554/\012"
 3323      41CF72A5 
 3323      83476A0F 
 3323      351C383A 
 3323      FCED342F 
 3324 07af F9BA7365 		.ascii	"\371\272seMh\314a\247U\214\202\343\005\207\237MZIa\003"
 3324      4D68CC61 
 3324      A7558C82 
 3324      E305879F 
 3324      4D5A4961 
 3325 07c4 171CF6BA 		.ascii	"\027\034\366\272aC\203\256\03242\340"
 3325      614383AE 
 3325      1A3432E0 
 3326 07d0 C260EB02 		.ascii	"\302`\353\002\013f\310\250\340\237\015'B\241\000\311"
 3326      0B66C8A8 
 3326      E09F0D27 
 3326      42A100C9 
 3327 07e0 99AF5859 		.ascii	"\231\257XY\232-\2454\205U\217>\313\247\\\244G6\222\331"
 3327      9A2DA534 
 3327      85558F3E 
 3327      CBA75CA4 
 3327      473692D9 
 3328 07f4 614671A3 		.ascii	"aFq\243?\372\036>8\243w\240\252\342}Z\364*\276\035{"
 3328      3FFA1E3E 
 3328      38A377A0 
 3328      AAE27D5A 
 3328      F42ABE1D 
 3329 0809 2BFA1980 		.ascii	"+\372\031\200fQ\"\0230M\311O\347\022\310\222\312T\363"
 3329      66512213 
 3329      304DC94F 
 3329      E712C892 
 3329      CA54F3
 3330 081c 03D7DBB6 		.ascii	"\003\327\333\266\361\214q\3513\023gze\035\231\235&\237"
 3330      F18C71E9 
 3330      3313677A 
 3330      651D999D 
 3330      269F
 3331 082e 72957EE9 		.ascii	"r\225~\351\253\240\224\035aZ\311)(}\216:X\357RwJz\254"
 3331      ABA0941D 
 3331      615AC929 
 3331      287D8E3A 
 3331      58EF5277 
 3332 0845 6F512873 		.ascii	"oQ(s\024\303\222\335x$\375\005N(b\013\312;n1\002\257"
 3332      14C392DD 
 3332      7824FD05 
 3332      4E28620B 
 3332      CA3B6E31 
 3333 085b 41695824 		.ascii	"AiX$\000\024<\222\023\022\301\033*\024\013k\020\300"
 3333      00143C92 
 3333      1312C11B 
 3333      2A140B6B 
 3333      10C0
 3334 086d FFD32AC6 		.ascii	"\377\323*\306\030\006\334`\332\022_\300]%\244\272\200"
ARM GAS  C:\Users\nicx5\AppData\Local\Temp\ccBxLq1r.s 			page 120


 3334      1806DC60 
 3334      DA125FC0 
 3334      5D25A4BA 
 3334      80
 3335 087e 5D6D0BDA 		.ascii	"]m\013\332\003\260\357U\2358\000\347\246\025\255\001"
 3335      03B0EF55 
 3335      9D3800E7 
 3335      A615AD01 
 3336 088e F89B6641 		.ascii	"\370\233fAZ\300l\2338c\014\300.\340\012\201\013\300"
 3336      5AC06C9B 
 3336      38630CC0 
 3336      2EE00A81 
 3336      0BC0
 3337 08a0 2F550A10 		.ascii	"/U\012\020\005\340\236\301#\216\011\004\202\223\250"
 3337      05E09EC1 
 3337      238E0904 
 3337      8293A8
 3338 08af 82E03987 		.ascii	"\202\3409\207!\222\231\021\021\221$I\322\030\362\014"
 3338      21929911 
 3338      11912449 
 3338      D218F20C 
 3339 08bf 08718E21 		.ascii	"\010q\216!\204\251\007\022\000\302 \210\207D\257DDF"
 3339      84A90712 
 3339      00C22088 
 3339      8744AF44 
 3339      4446
 3340 08d1 2465D632 		.ascii	"$e\3262\006\372/d\316c\302\252v\366\264Y\237\030\236"
 3340      06FA2F64 
 3340      CE63C2AA 
 3340      76F6B459 
 3340      9F189E
 3341 08e4 4ABFEC34 		.ascii	"J\277\3544|\230R\265\015!\222\333\376\206B\320\352R"
 3341      7C9852B5 
 3341      0D2192DB 
 3341      FE8642D0 
 3341      EA52
 3342 08f6 4E9BBFB8 		.ascii	"N\233\277\270p=\263\"z\325K\310i\201I\004q;\313\324"
 3342      703DB322 
 3342      7AD54BC8 
 3342      69814904 
 3342      713BCBD4 
 3343 090a D0E61399 		.ascii	"\320\346\023\231\214\362r\2220\377\005\326\012\362A"
 3343      8CF27292 
 3343      30FF05D6 
 3343      0AF241
 3344 0919 54A42207 		.ascii	"T\244\"\007q\200\030v\346\234\302B)^>Ns\024\215\215"
 3344      71801876 
 3344      E69CC242 
 3344      295E3E4E 
 3344      73148D8D 
 3345 092d 99BE4731 		.ascii	"\231\276G1.`\3476_\002\317K\312F:\202H\226z\226%X\337"
 3345      2E60E736 
 3345      5F02CF4B 
 3345      CA463A82 
 3345      48967A96 
 3346 0944 85BF3EC8 		.ascii	"\205\277>\310\264nz\307G\001om\256H\261y\274\215\343"
 3346      B46E7AC7 
ARM GAS  C:\Users\nicx5\AppData\Local\Temp\ccBxLq1r.s 			page 121


 3346      47016F6D 
 3346      AE48B179 
 3346      BC8DE3
 3347 0957 51690D77 		.ascii	"Qi\015w\356\355\366\256\343p88N\207\273\357\275\324"
 3347      EEEDF6AE 
 3347      E3703838 
 3347      4E87BBEF 
 3347      BDD4
 3348 0969 BEEA5C11 		.ascii	"\276\352\\\021y\320l\330\242p\367\"S\266\036\247I)\322"
 3348      79D06CD8 
 3348      A270F722 
 3348      53B61EA7 
 3348      4929D2
 3349 097c 09548988 		.ascii	"\011T\211\210\262|\261\217)A\345^\337\200&\211\034\316"
 3349      B27CB18F 
 3349      2941E55E 
 3349      DF802689 
 3349      1CCE
 3350 098e CAEEC5EA 		.ascii	"\312\356\305\352\307r\301F\215\346\3240\266%\021@\013"
 3350      C772C146 
 3350      8DE6D430 
 3350      B6251140 
 3350      0B
 3351 099f AA98285A 		.ascii	"\252\230(ZJ\007)\332\215d\002z\203%\311r\031\030b\221"
 3351      4A0729DA 
 3351      8D64027A 
 3351      8325C972 
 3351      19186291 
 3352 09b3 EDF6E2DA 		.ascii	"\355\366\342\332m\312\345/5[>U_\271S\311W\345)?\224"
 3352      6DCAE52F 
 3352      355B3E55 
 3352      5FB953C9 
 3352      57E5293F 
 3353 09c8 FC2A966E 		.ascii	"\374*\226n@\002\367o-c#na\215 \015\344\341\001!qA\366"
 3353      4002F76F 
 3353      2D63236E 
 3353      618D200D 
 3353      E4E10121 
 3354 09df 02BE2722 		.ascii	"\002\276'\"2[\246\010\262\377\024\303H,\360hbA\345\262"
 3354      325BA608 
 3354      B2FF14C3 
 3354      482CF068 
 3354      6241E5B2 
 3355 09f3 643682C4 		.ascii	"d6\202\304\010\362I\032<k'\027\325?\202\021\222\250"
 3355      08F2491A 
 3355      3C6B2717 
 3355      D53F8211 
 3355      92A8
 3356 0a05 AEA46E13 		.ascii	"\256\244n\023\3144[\314\364\301\343\300@6$\242{\345"
 3356      CC345BCC 
 3356      F4C1E3C0 
 3356      403624A2 
 3356      7BE5
 3357 0a17 B4AB9FDB 		.ascii	"\264\253\237\333n\351\254g\230\362\\\344\345\235\200"
 3357      6EE9AC67 
 3357      98F25CE4 
 3357      E59D80
ARM GAS  C:\Users\nicx5\AppData\Local\Temp\ccBxLq1r.s 			page 122


 3358 0a26 3CD5BA4E 		.ascii	"<\325\272N\300]\245%8\353\231EdLqtD\030\012\207\303"
 3358      C05DA525 
 3358      38EB9945 
 3358      644C7174 
 3358      44180A87 
 3359 0a3b A140180E 		.ascii	"\241@\030\016E\021)[^J+\365\274=\347\215D\261\262\242"
 3359      4511295B 
 3359      5E4A2BF5 
 3359      BC3DE78D 
 3359      44B1B2A2 
 3360 0a4f DE8BE42B 		.ascii	"\336\213\344+\314\362\3279\205[x\031,\244v\351\335\213"
 3360      CCF2D739 
 3360      855B7819 
 3360      2CA476E9 
 3360      DD8B
 3361 0a61 31C97CA3 		.ascii	"1\311|\2432i\033Q\022\240\272\204\327\3352\255\\NL-"
 3361      32691B51 
 3361      12A0BA84 
 3361      D7DD32AD 
 3361      5C4E4C2D 
 3362 0a75 D6AC0C93 		.ascii	"\326\254\014\223\351JD#\371aW\203}\020\254\333D;\003"
 3362      E94A4423 
 3362      F9615783 
 3362      7D10ACDB 
 3362      443B03
 3363 0a88 F7A6E36C 		.ascii	"\367\246\343l;\234\376\263}r\312\317\343\347d='\252"
 3363      3B9CFEB3 
 3363      7D72CACF 
 3363      E3E7643D 
 3363      27AA
 3364 0a9a 53FB3CDA 		.ascii	"S\373<\332N\336s2<\025\317\243\363\344='\333S\361<\232"
 3364      4EDE7332 
 3364      3C15CFA3 
 3364      F3E43D27 
 3364      DB53F13C 
 3365 0aaf 4FDE7332 		.ascii	"O\336s2?\025\317\243\377\3449'\276\000\336\033\255\313"
 3365      3F15CFA3 
 3365      FFE43927 
 3365      BE00DE1B 
 3365      ADCB
 3366 0ac1 02165465 		.ascii	"\002\026Te\000\315\015\274P#\3626\374\366OY\034\330"
 3366      00CD0DBC 
 3366      5023F236 
 3366      FCF64F59 
 3366      1CD8
 3367 0ad3 3BB7F62A 		.ascii	";\267\366*\340\326}V\221\033\204/\021o\274\001\311\204"
 3367      E0D67D56 
 3367      911B842F 
 3367      116FBC01 
 3367      C984
 3368 0ae5 6C0C078C 		.ascii	"l\014\007\214QL\376\230\006{\021\333Wt\220n:Cz\203\376"
 3368      514CFE98 
 3368      067B11DB 
 3368      5774906E 
 3368      3A437A83 
 3369 0afa EF368DBA 		.ascii	"\3576\215\272\274\274\227_\344uU\267+c~\\\365\007Kx"
 3369      BCBC975F 
ARM GAS  C:\Users\nicx5\AppData\Local\Temp\ccBxLq1r.s 			page 123


 3369      E47555B7 
 3369      2B637E5C 
 3369      F5074B78 
 3370 0b0e BC4F9C6D 		.ascii	"\274O\234mK+\242_\310\300\002\005o\273\331\367\304\024"
 3370      4B2BA25F 
 3370      C8C00205 
 3370      6FBBD9F7 
 3370      C414
 3371 0b20 F4129E50 		.ascii	"\364\022\236P\314L:SS\220=A\335\266\024\207\031{\232"
 3371      CC4C3A53 
 3371      53903D41 
 3371      DDB61487 
 3371      197B9A
 3372 0b33 DC8ADCC9 		.ascii	"\334\212\334\311Ec<\271$*\366H9D\206\201\206S:\347\031"
 3372      45633CB9 
 3372      242AF648 
 3372      39448681 
 3372      86533AE7 
 3373 0b48 265327A3 		.ascii	"&S'\243\305\034\240Z\247\336\333\034\240&\345(5\022"
 3373      C51CA05A 
 3373      A7DEDB1C 
 3373      A026E528 
 3373      3512
 3374 0b5a 0A6AFE01 		.ascii	"\012j\376\001\343<B1\223\024\232\006\273\3742\313N\031"
 3374      E33C4231 
 3374      93149A06 
 3374      BBFC32CB 
 3374      4E19
 3375 0b6c A239C295 		.ascii	"\2429\302\225\231K48y\003\017\313\304b\232\002r\240"
 3375      994B3438 
 3375      79030FCB 
 3375      C4629A02 
 3375      72A0
 3376 0b7e 0EE31126 		.ascii	"\016\343\021&\\zQ\261`\225\254*/\255\347\342\215}\202"
 3376      5C7A51B1 
 3376      6095AC2A 
 3376      2FADE7E2 
 3376      8D7D82
 3377 0b91 C7FBDBAB 		.ascii	"\307\373\333\253\237\326)\275g`y\247_;\206N\315\324"
 3377      9FD629BD 
 3377      676079A7 
 3377      5F3B864E 
 3377      CDD4
 3378 0ba3 A221F842 		.ascii	"\242!\370B\233t\002R \001\345O'=8\210j\362\242\007w"
 3378      9B740252 
 3378      2001E54F 
 3378      273D3888 
 3378      6AF2A207 
 3379 0bb8 0F44803B 		.ascii	"\017D\200;\031\212\365\036\232\312\230\371\200B]\234"
 3379      198AF51E 
 3379      9ACA98F9 
 3379      80425D9C 
 3380 0bc8 7D23E640 		.ascii	"}#\346@\362)H\313\315\357%u\357's\2333\221\233\375\013"
 3380      F22948CB 
 3380      CDEF2575 
 3380      EF27739B 
 3380      33919BFD 
ARM GAS  C:\Users\nicx5\AppData\Local\Temp\ccBxLq1r.s 			page 124


 3381 0bdd DCEC4F66 		.ascii	"\334\354Of\177\337\003\367;\023\020;\016\237q2m\371"
 3381      7FDF03F7 
 3381      3B13103B 
 3381      0E9F7132 
 3381      6DF9
 3382 0bef 2660D5D7 		.ascii	"&`\325\327\246}\233\320\337\177\306\355\337\0044\367"
 3382      A67D9BD0 
 3382      DF7FC6ED 
 3382      DF0434F7 
 3383 0bff 27B0DF6B 		.ascii	"'\260\337k\026\210\273\230\030)t\350~/\037Gb%\305C|"
 3383      1688BB98 
 3383      182974E8 
 3383      7E2F1F47 
 3383      6225C543 
 3384 0c14 538BA2C7 		.ascii	"S\213\242\307I\317\276\200\2458|{q\2708\024\010\365"
 3384      49CFBE80 
 3384      A5387C7B 
 3384      71B83814 
 3384      08F5
 3385 0c26 56C22BE7 		.ascii	"V\302+\347\366\221\372\320\214\262\251\370\002\306\335"
 3385      F691FAD0 
 3385      8CB2A9F8 
 3385      02C6DD
 3386 0c35 ACE9142C 		.ascii	"\254\351\024,\254\335V\212yI\267\277\020\230W9\014O"
 3386      ACDD568A 
 3386      7949B7BF 
 3386      10985739 
 3386      0C4F
 3387 0c47 F2D92239 		.ascii	"\362\331\"9\237R?\266o2\012\236\304s-q\016G\377\037"
 3387      9F523FB6 
 3387      6F320A9E 
 3387      C4732D71 
 3387      0E47FF1F 
 3388 0c5b 714F9211 		.ascii	"qO\222\021y\275\277\225{\343\005\376\025\012\3431\364"
 3388      79BDBF95 
 3388      7BE305FE 
 3388      150AE331 
 3388      F4
 3389 0c6c 83BD6AC3 		.ascii	"\203\275j\303\350g~{\336\237\312x{\300\231\330%P^\021"
 3389      E8677E7B 
 3389      DE9FCA78 
 3389      7BC099D8 
 3389      25505E11 
 3390 0c80 B04B1B   		.ascii	"\260K\033"
 3391              		.text
 3392              		.section	.gnu.lto_HAL_DMA_Abort_IT.340.1f2f3510,"e",%progbits
 3393 0000 28B52FFD 		.ascii	"(\265/\375`\271\001M\021\000\366\037vH\260TN:\374\315"
 3393      60B9014D 
 3393      1100F61F 
 3393      7648B054 
 3393      4E3AFCCD 
 3394 0014 1526B9AF 		.ascii	"\025&\271\257\037W~\376\305\340\016\321\0300\254\210"
 3394      1F577EFE 
 3394      C5E00ED1 
 3394      1830AC88 
 3395 0024 9459EA99 		.ascii	"\224Y\352\231\006\347UC\210\354\226?B\033w\243[}\372"
 3395      06E75543 
ARM GAS  C:\Users\nicx5\AppData\Local\Temp\ccBxLq1r.s 			page 125


 3395      88EC963F 
 3395      421B77A3 
 3395      5B7DFA
 3396 0037 3F661656 		.ascii	"?f\026V\330s\010\360\217Pg\336b\326\317\375K\373\223"
 3396      D87308F0 
 3396      8F5067DE 
 3396      62D6CFFD 
 3396      4BFB93
 3397 004a 0309307C 		.ascii	"\003\0110|\363g\333&[\356\224\002_\000]\000a\000\236"
 3397      F367DB26 
 3397      5BEE9402 
 3397      5F005D00 
 3397      61009E
 3398 005d BC8079CF 		.ascii	"\274\200y\317\266_fC\336\351nM\025]\370br\322\321\265"
 3398      B65F6643 
 3398      DEE96E4D 
 3398      155DF862 
 3398      72D2D1B5 
 3399 0071 0BCA54EA 		.ascii	"\013\312T\352\273\303\246'5\356\374\223\217\3500\002"
 3399      BBC3A627 
 3399      35EEFC93 
 3399      8FE83002 
 3400 0081 9F31A77B 		.ascii	"\2371\247{0\231\244\037G\224\276\246\313\224\017I\256"
 3400      3099A41F 
 3400      4794BEA6 
 3400      CB940F49 
 3400      AE
 3401 0092 EC2ECA77 		.ascii	"\354.\312w\024U.\220\341A+\3453\222(9\226\274\270\325"
 3401      14552E90 
 3401      E1412BE5 
 3401      33922839 
 3401      96BCB8D5 
 3402 00a6 E387AF43 		.ascii	"\343\207\257C\2140\231\335uT\372\230\356\330m\367\330"
 3402      8C3099DD 
 3402      7554FA98 
 3402      EED86DF7 
 3402      D8
 3403 00b7 0EB28F23 		.ascii	"\016\262\217#E661H\0245\312\227\253P\366\251\376\351"
 3403      45363631 
 3403      481435CA 
 3403      97AB50F6 
 3403      A9FEE9
 3404 00ca 68E945AB 		.ascii	"h\351E\253\214\376\211z]a\211@\260cwD\223\256%\342\371"
 3404      8CFE897A 
 3404      5D618940 
 3404      B0637744 
 3404      93AE25E2 
 3405 00df 6061FBF6 		.ascii	"`a\373\366\301!\024\225 5\366\255\252\202\342\236X5"
 3405      C1211495 
 3405      2035F6AD 
 3405      AA82E29E 
 3405      5835
 3406 00f1 027E3529 		.ascii	"\002~5)\331\005\023\334\263\206\230\012\217\232\030"
 3406      D90513DC 
 3406      B386980A 
 3406      8F9A18
 3407 0100 5FC39F71 		.ascii	"_\303\237q\032C\247\022r\200]\257![\273`\213ib\367V"
ARM GAS  C:\Users\nicx5\AppData\Local\Temp\ccBxLq1r.s 			page 126


 3407      1A43A712 
 3407      72805DAF 
 3407      215BBB60 
 3407      8B6962F7 
 3408 0115 3E603EF6 		.ascii	">`>\366\037W\244\020\2425S\342T\373\226\023\257\244"
 3408      1F57A410 
 3408      A23553E2 
 3408      54FB9613 
 3408      AFA4
 3409 0127 2A152986 		.ascii	"*\025)\206G!\364\332\357L\233\3477p\005\236Z\236\302"
 3409      4721F4DA 
 3409      EF4C9BE7 
 3409      3770059E 
 3409      5A9EC2
 3410 013a 87E17B00 		.ascii	"\207\341{\000)\001C\306\377\314+K\026\022\333\347X?"
 3410      290143C6 
 3410      FFCC2B4B 
 3410      1612DBE7 
 3410      583F
 3411 014c B15D1231 		.ascii	"\261]\0221\376UN\027\333\335K\335\273\032\200\252\302"
 3411      FE554E17 
 3411      DBDD4BDD 
 3411      BB1A80AA 
 3411      C2
 3412 015d 52232B08 		.ascii	"R#+\010\223\250\211\0266\270T\243l\013\315\251,Y\\G"
 3412      93A88916 
 3412      36B854A3 
 3412      6C0BCDA9 
 3412      2C595C47 
 3413 0171 91891F4E 		.ascii	"\221\211\037N\271\010U\0045\234\015\003M\227s\313\001"
 3413      B9085504 
 3413      359C0D03 
 3413      4D9773CB 
 3413      01
 3414 0182 70865903 		.ascii	"p\206Y\003\333-\3466s9P\303\331t\244q\\j8\033\255\247"
 3414      DB2DE636 
 3414      733950C3 
 3414      D974A471 
 3414      5C6A381B 
 3415 0198 A6A3F302 		.ascii	"\246\243\363\002\203\333\240\223\341\344ld\264\011\017"
 3415      83DBA093 
 3415      E1E46C64 
 3415      B4090F
 3416 01a7 66684040 		.ascii	"fh@@\014fd\272\334\215\303N.\302\314@>\020fn^`h*\330"
 3416      0C6664BA 
 3416      DC8DC34E 
 3416      2EC2CC40 
 3416      3E10666E 
 3417 01c0 DCE87872 		.ascii	"\334\350xr>\026n\034HP\261\015\356\345*\224-=\325\020"
 3417      3E166E1C 
 3417      4850B10D 
 3417      EEE52A94 
 3417      2D3DD510 
 3418 01d4 4B2840CC 		.ascii	"K(@\314\1777\245.\331\226j\231\"M\202iT\037\000z\346"
 3418      7F37A52E 
 3418      D9966A99 
 3418      224D8269 
ARM GAS  C:\Users\nicx5\AppData\Local\Temp\ccBxLq1r.s 			page 127


 3418      541F007A 
 3419 01e9 E2197CCE 		.ascii	"\342\031|\3169\276\271g|\343\356f\033\264\251O\350]"
 3419      39BEB967 
 3419      7CE3EE66 
 3419      1BB4A94F 
 3419      E85D
 3420 01fb 461066D8 		.ascii	"F\020f\330\035\033\033\010\211\215\217\220\003\330\001"
 3420      1D1B1B08 
 3420      898D8F90 
 3420      03D801
 3421 020a 48813C4C 		.ascii	"H\201<L\202}T\311\003C\350\353@\306\262\2505\006\222"
 3421      827D54C9 
 3421      0343E8EB 
 3421      40C6B2A8 
 3421      350692
 3422 021d 26204BE0 		.ascii	"& K\340\225J\226\2422\323jo\011\341\20600f\304\336U"
 3422      954A96A2 
 3422      32D36A6F 
 3422      09E18630 
 3422      3066C4DE 
 3423 0232 F6       		.ascii	"\366"
 3424              		.text
 3425              		.section	.gnu.lto_HAL_DMA_PollForTransfer.341.1f2f3510,"e",%progbits
 3426 0000 28B52FFD 		.ascii	"(\265/\375`\313*\355\217\000\032\333,2C\0200m\247\003"
 3426      60CB2AED 
 3426      8F001ADB 
 3426      2C324310 
 3426      306DA703 
 3427 0014 BAFF442F 		.ascii	"\272\377D/IS\037XQ\024\025[bv\"\347\033\302Tb\333\030"
 3427      49531F58 
 3427      5114155B 
 3427      627622E7 
 3427      1BC25462 
 3428 002a 4C4B9C96 		.ascii	"LK\234\226\004\246}5\374\023b_%i}\303\032\015\342\321"
 3428      04A67D35 
 3428      FC13625F 
 3428      25697DC3 
 3428      1A0DE2D1 
 3429 003e E10357F8 		.ascii	"\341\003W\370\347\273\237+\361=\331\377\341=!{IK)\245"
 3429      E7BB9F2B 
 3429      F13DD9FF 
 3429      E13D217B 
 3429      494B29A5 
 3430 0052 2503B402 		.ascii	"%\003\264\002\033\003\327C\271\257>/G.R\366\274\356"
 3430      1B03D743 
 3430      B9AF3E2F 
 3430      472E52F6 
 3430      BCEE
 3431 0064 D8B93E3A 		.ascii	"\330\271>:vp\205\352d\331\366\265\3435R\356\3546S\351"
 3431      767085EA 
 3431      64D9F6B5 
 3431      E33552EE 
 3431      EC3653E9 
 3432 0078 2D8B19CF 		.ascii	"-\213\031\317\211\267^\332G\024\274N:\266\355\035\211"
 3432      89B75EDA 
 3432      4714BC4E 
 3432      3AB6ED1D 
ARM GAS  C:\Users\nicx5\AppData\Local\Temp\ccBxLq1r.s 			page 128


 3432      89
 3433 0089 66728FDD 		.ascii	"fr\217\335$=Y\313;\257\345S{F\366\270\301\234\254\367"
 3433      243D59CB 
 3433      3BAFE553 
 3433      7B46F6B8 
 3433      C19CACF7 
 3434 009d B6B3A09F 		.ascii	"\266\263\240\237Z)di\022\334f&\001f\2713\267\010\215"
 3434      5A296469 
 3434      12DC6626 
 3434      0166B933 
 3434      B7088D
 3435 00b0 46834E83 		.ascii	"F\203N\203\001[h[\311I\301\266\2753\301\317\333\314"
 3435      015B685B 
 3435      C949C1B6 
 3435      BD33C1CF 
 3435      DBCC
 3436 00c2 A7BEC036 		.ascii	"\247\276\3006s\331Il3\253\2544`\350\267\202g\300\022"
 3436      73D9496C 
 3436      33ABAC34 
 3436      60E8B782 
 3436      67C012
 3437 00d5 B8CEE9C0 		.ascii	"\270\316\351\300/\262m\357P|\0306\301\241\335b\035\326"
 3437      2FB26DEF 
 3437      507C1836 
 3437      C1A1DD62 
 3437      1DD6
 3438 00e7 D106EBAF 		.ascii	"\321\006\353\257n\271\222\257L\311\223<\210\005\261"
 3438      6EB992AF 
 3438      4CC9933C 
 3438      8805B1
 3439 00f6 24477220 		.ascii	"$Gr >\201!\331\312\200\370\221\377\260#\373\341F\356"
 3439      3E8121D9 
 3439      CA80F891 
 3439      FFB023FB 
 3439      E146EE
 3440 0109 C37C9891 		.ascii	"\303|\230\221\027Y\221\367\260\036\316\303\211\\e<\214"
 3440      175991F7 
 3440      B01ECEC3 
 3440      895C653C 
 3440      8C
 3441 011a C877D80E 		.ascii	"\310w\330\016\327\341C6\201\015\231\016\317a9\034\207"
 3441      D7E14336 
 3441      810D990E 
 3441      CF61391C 
 3441      87
 3442 012b E1702113 		.ascii	"\341p!\023\362 \227\300o\230\004\026\344@v\303\200\374"
 3442      F22097C0 
 3442      6F980416 
 3442      E44076C3 
 3442      80FC
 3443 013d C77EDC86 		.ascii	"\307~\334\206\331p\037\363\361\036\3531\225\363\030"
 3443      D9701FF3 
 3443      F11EEB31 
 3443      95F318
 3444 014c 8FD7F0DD 		.ascii	"\217\327\360\335\014\0311`\274\270r\321\202\205\323"
 3444      0C193160 
 3444      BCB872D1 
ARM GAS  C:\Users\nicx5\AppData\Local\Temp\ccBxLq1r.s 			page 129


 3444      8285D3
 3445 015b 6A858A2A 		.ascii	"j\205\212*\252\024(N\230(AbJ*j\204\210\020 >x\200zr"
 3445      AA14284E 
 3445      98284162 
 3445      4A2A6A84 
 3445      8810203E 
 3446 0173 EAD0C4C4 		.ascii	"\352\320\304\304a\203\206\014K\030.(%Y\250\200tdTD\201"
 3446      6183860C 
 3446      4B182E28 
 3446      2559A880 
 3446      74645444 
 3447 0188 6848E836 		.ascii	"hH\3506Y\346\362\035\312=\345\253[\254\303\242\015&"
 3447      59E6F21D 
 3447      CA3DE5AB 
 3447      5BACC3A2 
 3447      0D26
 3448 019a FD2AEB56 		.ascii	"\375*\353V\354Ie\345\365JI999h\220 A\222\222\221\221"
 3448      EC4965E5 
 3448      F54A4939 
 3448      39396890 
 3448      20419292 
 3449 01b0 81FC9CD0 		.ascii	"\201\374\234\320\010\331\307\312\007\020\243\230\231"
 3449      08D9C7CA 
 3449      0710A398 
 3449      99
 3450 01bd F3A31B94 		.ascii	"\363\243\033\224\346?M,G\305f?u\032\017\373\230\300"
 3450      E63F4D2C 
 3450      47C5663F 
 3450      751A0FFB 
 3450      98C0
 3451 01cf C79091CE 		.ascii	"\307\220\221\316\342\034E9{\342\350\011\314\343&\021"
 3451      E21C4539 
 3451      7BE2E809 
 3451      CCE32611 
 3452 01df B0FA87C7 		.ascii	"\260\372\207\307\017\261\315\0356v\372\3668\327Y\034"
 3452      0FB1CD1D 
 3452      3676FAF6 
 3452      38D7591C 
 3453 01ef C1F990A9 		.ascii	"\301\371\220\251-j\327\306\331\204!\206j\232\351\244"
 3453      2D6AD7C6 
 3453      D9842186 
 3453      6A9AE9A4 
 3454 01ff 699EF3C4 		.ascii	"i\236\363\304A[T\004g9u\315q0\264E\3178\303aj\213\326"
 3454      415B5404 
 3454      673975CD 
 3454      7130B445 
 3454      CF38C361 
 3455 0216 61688B8E 		.ascii	"ah\213\216q.LC\0307\030\246\0040o\340H\230\012\276\005"
 3455      712E4C43 
 3455      183718A6 
 3455      04306FE0 
 3455      48980ABE 
 3456 022b 6E71A305 		.ascii	"nq\243\0050\313\037\026\277+m\326\330x\320g\205\357"
 3456      30CB1F16 
 3456      BF2B6DD6 
 3456      D878D067 
 3456      85EF
ARM GAS  C:\Users\nicx5\AppData\Local\Temp\ccBxLq1r.s 			page 130


 3457 023d 6C4F8A5E 		.ascii	"lO\212^\024*\224<3<\351\2322\276cj\213>\231Q\211\241"
 3457      142A943C 
 3457      333CE99A 
 3457      32BE636A 
 3457      8B3E9951 
 3458 0253 2D2AC665 		.ascii	"-*\306e\240\001\024\343\012c\222\322_,\237\350\330!"
 3458      A00114E3 
 3458      0A6392D2 
 3458      5F2C9FE8 
 3458      D821
 3459 0265 6B44B4EB 		.ascii	"kD\264\353\322\311\313\026\311&\2036\310\257\314Pq!"
 3459      D2C9CB16 
 3459      C9268336 
 3459      C8AFCC50 
 3459      7121
 3460 0277 9DE36B11 		.ascii	"\235\343k\021\351,\374\264\323O\243[\365\351\025}\370"
 3460      E92CFCB4 
 3460      D34FA35B 
 3460      F5E9157D 
 3460      F8
 3461 0288 B88AA50C 		.ascii	"\270\212\245\014?<p\215\210&h\331 `)l2h\222^\265H\245"
 3461      3F3C708D 
 3461      882668D9 
 3461      2060296C 
 3461      3268925E 
 3462 029f 98620F8A 		.ascii	"\230b\017\212:'\016M\230P\302\220\004\235\2519Rr\242"
 3462      3A270E4D 
 3462      9850C290 
 3462      049DA939 
 3462      5272A2
 3463 02b2 E28C0814 		.ascii	"\342\214\010\024\341&\004 \210\277\017~~\015E\006\215"
 3463      E1260420 
 3463      88BF0F7E 
 3463      7E0D4506 
 3463      8D
 3464 02c3 D13D2841 		.ascii	"\321=(A=\261i\247\276\021\274\303\020\225\022\232\374"
 3464      3DB169A7 
 3464      BE11BCC3 
 3464      1095129A 
 3464      FC
 3465 02d4 7AA9D6D6 		.ascii	"z\251\326\326\005M3Aqhb\265\245\245\351\015\210hh\310"
 3465      054D3341 
 3465      716862B5 
 3465      A5A5E90D 
 3465      886868C8 
 3466 02e8 A089E01A 		.ascii	"\240\211\340\032\216\310(\341d\250;\343K\313)-\206j"
 3466      8EC828E1 
 3466      64A83BE3 
 3466      4BCB292D 
 3466      866A
 3467 02fa 8D8866B7 		.ascii	"\215\210f\267\274p\247\013\237&\203\246\3061\210\271"
 3467      BC70A70B 
 3467      9F2683A6 
 3467      C63188B9 
 3468 030a 10A71426 		.ascii	"\020\247\024&\011\214\005\270\012S\244\267\243-FZ\212"
 3468      098C05B8 
 3468      0A53A4B7 
ARM GAS  C:\Users\nicx5\AppData\Local\Temp\ccBxLq1r.s 			page 131


 3468      A32D465A 
 3468      8A
 3469 031b B250C042 		.ascii	"\262P\300BtehM\310\203\333\210hV\232\313\022y\312\254"
 3469      7465684D 
 3469      C883DB88 
 3469      68569ACB 
 3469      1279CAAC 
 3470 032f 194D215B 		.ascii	"\031M![&y\360\227\247\311\240\215q\266\211E6\210O:\205"
 3470      2679F097 
 3470      A7C9A08D 
 3470      71B68945 
 3470      36884F3A 
 3471 0344 4A338DA6 		.ascii	"J3\215\246\214-\237\332\266\025\363%\222[\224\376\345"
 3471      8C2D9FDA 
 3471      B615F325 
 3471      925B94FE 
 3471      E5
 3472 0355 8A109E00 		.ascii	"\212\020\236\000\032M\011[\022\261\011T\246\375\332"
 3472      1A4D095B 
 3472      12B10954 
 3472      A6FDDA
 3473 0364 CDA644DD 		.ascii	"\315\246D\335\233Xm\333\262K\247\2445\367X3\017\011"
 3473      9B586DDB 
 3473      B24BA7A4 
 3473      35F75833 
 3473      0F09
 3474 0376 327308CC 		.ascii	"2s\010\314O.\002\225sHU>P2<\\c_o;\212m\376\375\"\310"
 3474      4F2E0295 
 3474      7348553E 
 3474      50323C5C 
 3474      635F6F3B 
 3475 0390 1AFDC7F1 		.ascii	"\032\375\307\361\002\033\002\260\315l\276\222\251\335"
 3475      021B02B0 
 3475      CD6CBE92 
 3475      A9DD
 3476 039e 8ECAA91C 		.ascii	"\216\312\251\034Z\235\245(\026\351\033/o\361\251\243"
 3476      5A9DA528 
 3476      16E91B2F 
 3476      6FF1A9A3 
 3477 03ae D8A347FA 		.ascii	"\330\243G\372#72+\321\2172\363\000\315\347\007\343\005"
 3477      2337322B 
 3477      D18F32F3 
 3477      00CDE707 
 3477      E305
 3478 03c0 053CD966 		.ascii	"\005<\331f\036\375V\026\225\361B\231\031\014g\254\035"
 3478      1EFD5616 
 3478      95F14299 
 3478      190C67AC 
 3478      1D
 3479 03d1 A2A8B9C0 		.ascii	"\242\250\271\300V%\321\016R*{2\030\343\214\226$\307"
 3479      5625D10E 
 3479      522A7B32 
 3479      18E38C96 
 3479      24C7
 3480 03e3 A7C2410C 		.ascii	"\247\302A\014\264\020\307\312\224s\"T\270\253\2269K"
 3480      B410C7CA 
 3480      94732254 
ARM GAS  C:\Users\nicx5\AppData\Local\Temp\ccBxLq1r.s 			page 132


 3480      B8AB9639 
 3480      4B
 3481 03f4 447A1BEC 		.ascii	"Dz\033\354\312?\327\243'hN\365>| \030\235\261.\245X"
 3481      CA3FD7A3 
 3481      27684EF5 
 3481      3E7C2018 
 3481      9DB12EA5 
 3482 0409 1A8BD8AA 		.ascii	"\032\213\330\252\314\305\260A\012_O\006\357\024QJ\344"
 3482      CCC5B041 
 3482      0A5F4F06 
 3482      EF14514A 
 3482      E4
 3483 041a D854A247 		.ascii	"\330T\242G<\312\2418+\220*\303\330\204\356@d\350b%\356"
 3483      3CCAA138 
 3483      2B902AC3 
 3483      D884EE40 
 3483      64E86225 
 3484 042f BE297928 		.ascii	"\276)y(d\014\324|8^\266OZ\264fF\326\277\206\242\216"
 3484      640CD47C 
 3484      385EB64F 
 3484      5AB46646 
 3484      D6BF86A2 
 3485 0444 96C38CFE 		.ascii	"\226\303\214\376\354\324\016\214\222}\270\253#\242\007"
 3485      ECD40E8C 
 3485      927DB8AB 
 3485      23A207
 3486 0453 1E2CF38E 		.ascii	"\036,\363\216.\344q\333\266\275V\260\217\262\207\035"
 3486      2EE471DB 
 3486      B6BD56B0 
 3486      8FB2871D 
 3487 0463 57C5B6BD 		.ascii	"W\305\266\275Xf\037]\302\017\015o&\336\254}\255R\351"
 3487      58661F5D 
 3487      C20F0D6F 
 3487      26DEAC7D 
 3487      AD52E9
 3488 0476 AD75C0F4 		.ascii	"\255u\300\364\006\302\366O\345-2+\320\202@n\333rqr\007"
 3488      06C2F64F 
 3488      E52D322B 
 3488      D082406E 
 3488      DB727172 
 3489 048b 6E70A681 		.ascii	"np\246\201\033\246\231\3758\246vx\037e\252k\035\036"
 3489      1BA699FD 
 3489      38A67678 
 3489      1F65AA6B 
 3489      1D1E
 3490 049d 290871CB 		.ascii	")\010q\313n\356#go\362\037\216\2711`\211\374T\236b\230"
 3490      6EEE2367 
 3490      6FF21F8E 
 3490      B9316089 
 3490      FC549E62 
 3491 04b2 5FB9AF5E 		.ascii	"_\271\257^\020[\312\310?C\276\367\372\011\311\231\205"
 3491      105BCAC8 
 3491      3F43BEF7 
 3491      FA09C999 
 3491      85
 3492 04c3 10F1960E 		.ascii	"\020\361\226\016\371\276\303\026}1n\312*\025\345\035"
 3492      F9BEC316 
ARM GAS  C:\Users\nicx5\AppData\Local\Temp\ccBxLq1r.s 			page 133


 3492      7D316ECA 
 3492      2A15E51D 
 3493 04d3 6E28DB6D 		.ascii	"n(\333m\272\351\330\300\274\222\347(\325 \266^\311w"
 3493      BAE9D8C0 
 3493      BC92E728 
 3493      D520B65E 
 3493      C977
 3494 04e5 5FFE70DC 		.ascii	"_\376p\334\0349(\014\030\376)sGi(m\326w\335\375\305"
 3494      1C39280C 
 3494      18FE2973 
 3494      4769286D 
 3494      D677DDFD 
 3495 04fa B5B54449 		.ascii	"\265\265DI\3435#ij\363\021#\335\327\254\325v\335E:M"
 3495      E3352369 
 3495      6AF31123 
 3495      DDD7ACD5 
 3495      76DD453A 
 3496 050f 3791DE6B 		.ascii	"7\221\336k\036\302\316\010t_\263\217\356k\356q\235y"
 3496      1EC2CE08 
 3496      745FB38F 
 3496      EE6BEE71 
 3496      9D79
 3497 0521 5CE7ACEB 		.ascii	"\\\347\254\353\274\343:\037p\235u\\g\003\232\316\317"
 3497      BCE33A1F 
 3497      709D755C 
 3497      67039ACE 
 3497      CF
 3498 0532 EB9CE33A 		.ascii	"\353\234\343:\027p\235\011\270\316\003\\g\034\327Y\200"
 3498      17709D09 
 3498      B8CE035C 
 3498      671CD759 
 3498      80
 3499 0543 A6F38DEB 		.ascii	"\246\363\215\353l\343:\007p\235k\\g\000\2563\215\353"
 3499      6CE33A07 
 3499      709D6B5C 
 3499      6700AE33 
 3499      8DEB
 3500 0555 8C759D67 		.ascii	"\214u\235g\0249\313\270\3161\2563\214\353\374\342:_"
 3500      1439CBB8 
 3500      CE31AE33 
 3500      8CEBFCE2 
 3500      3A5F
 3501 0567 5D671714 		.ascii	"]g\027\024\234[\0209\263h:;\257\263\325u^q\235U\\\347"
 3501      9C5B1039 
 3501      B3683A3B 
 3501      AFB3D575 
 3501      5E719D55 
 3502 057d AAEB4C75 		.ascii	"\252\353Lu\235S\\g\024\327\371\304u6q\235K\\g\022\327"
 3502      9D535C67 
 3502      14D7F9C4 
 3502      7536719D 
 3502      4B5C6712 
 3503 0592 79EA3A4B 		.ascii	"y\352:K]\347\250\353<\342:\213\270\316!\2563\210\353"
 3503      5DE7A8EB 
 3503      3CE23A8B 
 3503      B8CE21AE 
 3503      3388EB
ARM GAS  C:\Users\nicx5\AppData\Local\Temp\ccBxLq1r.s 			page 134


 3504 05a5 FCE13A7B 		.ascii	"\374\341:{\270\316P\327\371\351:;]\347\016\327\271\351"
 3504      B8CE50D7 
 3504      F9E93A3B 
 3504      5DE70ED7 
 3504      B9E9
 3505 05b7 3A335D67 		.ascii	":3]g\016\327y\303u\326p\23534\235\227\206\2341\\\347"
 3505      0ED779C3 
 3505      75D6709D 
 3505      33349D97 
 3505      869C315C 
 3506 05cc 0BD759E9 		.ascii	"\013\327Y\351:']g\013\327\271\302uF\272\316GB\316F\327"
 3506      3A275D67 
 3506      0BD7B9C2 
 3506      7546BACE 
 3506      4742CE46 
 3507 05e1 B9E83A53 		.ascii	"\271\350:S\270\316D\327y\350:\013]\347{\235\233\327"
 3507      B8CE44D7 
 3507      79E83A0B 
 3507      5DE77B9D 
 3507      9BD7
 3508 05f3 99799D97 		.ascii	"\231y\235\227Mgg\235\273\2450\305\254\301\333B\302M"
 3508      4D67679D 
 3508      BBA530C5 
 3508      ACC1DB42 
 3508      C24D
 3509 0605 DB6EA98C 		.ascii	"\333n\251\214l\3550\337\214i\274nj\367^w_/\231\233\231"
 3509      6CED30DF 
 3509      8C69BC6E 
 3509      6AF75E77 
 3509      5F2F999B 
 3510 061a 35E0CE6B 		.ascii	"5\340\316k\275\346k6\355\307DI\326,\3466Po\241\264\217"
 3510      BDE66B36 
 3510      EDC74449 
 3510      D62CE636 
 3510      506FA1B4 
 3511 062f B7278171 		.ascii	"\267'\201qu\276\350\031\223A9\345D\236\031\032\007\035"
 3511      75BEE819 
 3511      934139E5 
 3511      449E191A 
 3511      071D
 3512 0641 E32DE5E6 		.ascii	"\343-\345\346\302\026\366bj\236\332\213\355\373\341"
 3512      C216F662 
 3512      6A9EDA8B 
 3512      EDFBE1
 3513 0650 C2CD9821 		.ascii	"\302\315\230!:\270/1\3307\275\030\345\004\020`|\275"
 3513      3AB82F31 
 3513      D837BD18 
 3513      E5041060 
 3513      7CBD
 3514 0662 D5E1905F 		.ascii	"\325\341\220_\361V?\"nL.\372\321\025?\201\273a\363#"
 3514      F1563F22 
 3514      6E4C2EFA 
 3514      D1153F81 
 3514      BB61F323 
 3515 0676 D712BE38 		.ascii	"\327\022\2768\252\254\254\254l/\266\277\376\012PR\321"
 3515      AAACACAC 
 3515      6C2FB6BF 
ARM GAS  C:\Users\nicx5\AppData\Local\Temp\ccBxLq1r.s 			page 135


 3515      FE0A5052 
 3515      D1
 3516 0687 700A98AB 		.ascii	"p\012\230\253\252\024\317\004\254\346\001\252\251\353"
 3516      AA14CF04 
 3516      ACE601AA 
 3516      A9EB
 3517 0695 35404CCC 		.ascii	"5@L\314y\261v.\336\254\200n\210*\362\3501U\370\265\205"
 3517      79B1762E 
 3517      DEAC806E 
 3517      882AF2E8 
 3517      3155F8B5 
 3518 06aa BFC8251C 		.ascii	"\277\310%\034E\027K\026S\277\364?\271\206\323\314;\034"
 3518      45174B16 
 3518      53BFF43F 
 3518      B986D3CC 
 3518      3B1C
 3519 06bc CDA7FD4D 		.ascii	"\315\247\375M\033:\3072+\340g\2004\361Q.\377\230\240"
 3519      1B3AC732 
 3519      2BE06780 
 3519      34F1512E 
 3519      FF98A0
 3520 06cf E3D225DE 		.ascii	"\343\322%\336D\231\022\325!\312\2714-HL\375\210'!\365"
 3520      449912D5 
 3520      21CAB934 
 3520      2D484CFD 
 3520      882721F5 
 3521 06e3 9EA5A79E 		.ascii	"\236\245\247\236\310-\352\245\236Jl.\352\225\214\340"
 3521      C82DEAA5 
 3521      9E4A6C2E 
 3521      EA958CE0 
 3522 06f3 AB63F181 		.ascii	"\253c\361\201/ND\\\224\016\361\"\300\204\340cs\202\370"
 3522      2F4E445C 
 3522      940EF122 
 3522      C084E063 
 3522      7382F8
 3523 0706 F04F0FC2 		.ascii	"\360O\017\302\303{\224\376\360Dtc\223P\357\341\251\252"
 3523      C37B94FE 
 3523      F0447463 
 3523      9350EFE1 
 3523      A9AA
 3524 0718 4CA17EC9 		.ascii	"L\241~\311\023\244\225\323W\177lxc\022J\037\361\234"
 3524      13A495D3 
 3524      577F6C78 
 3524      63124A1F 
 3524      F19C
 3525 072a 4B3B3D91 		.ascii	"K;=\221\330\330\344\247\355)vx\267\2467\351\243\264"
 3525      D8D8E4A7 
 3525      ED297678 
 3525      B7A637E9 
 3525      A3B4
 3526 073c 9BBEC337 		.ascii	"\233\276\3037\253\220\251ui\372\246\251\235\357\245"
 3526      AB90A975 
 3526      69FAA6A9 
 3526      9DEFA5
 3527 074b 69492A60 		.ascii	"iI*`\331\012\246\356(\226\3033}o\370\014\317\341U\320"
 3527      D90AA6EE 
 3527      2896C333 
ARM GAS  C:\Users\nicx5\AppData\Local\Temp\ccBxLq1r.s 			page 136


 3527      7D6FF80C 
 3527      CFE155D0 
 3528 075f 8D5D35FC 		.ascii	"\215]5\374\206\247\022c\323\360J2\354\315\001*[KSQ\365"
 3528      86A71263 
 3528      D3F04A32 
 3528      ECCD012A 
 3528      5B4B5351 
 3529 0774 DD266F91 		.ascii	"\335&o\221\352O|\3253\023\311\254\244\370\333Q,\325"
 3529      EA4F7CD5 
 3529      3313C9AC 
 3529      A4F8DB51 
 3529      2CD5
 3530 0786 0B41A2F8 		.ascii	"\013A\242\370\024\177D\350X>\310\324\016\314\3274\310"
 3530      147F44E8 
 3530      583EC8D4 
 3530      0ECCD734 
 3530      C8
 3531 0797 D361B89D 		.ascii	"\323a\270\235\260\315<\361\257g\266\206\367\247\247"
 3531      B0CD3CF1 
 3531      AF67B686 
 3531      F7A7A7
 3532 07a6 09DB11AA 		.ascii	"\011\333\021\252\024\255.\347\326\205jO\365\311\310"
 3532      14AD2EE7 
 3532      D6856A4F 
 3532      F5C9C8
 3533 07b5 514CA167 		.ascii	"QL\241gp\331\247\235\242\310\323K\377T6P\332\341\211"
 3533      70D9A79D 
 3533      A2C8D34B 
 3533      FF543650 
 3533      DAE189
 3534 07c8 44AB10A0 		.ascii	"D\253\020\24082\023\325"
 3534      383213D5 
 3535 07d0 AA51DA9D 		.ascii	"\252Q\332\235\230\022x\006\225\326\314\214!\201\330"
 3535      98127806 
 3535      95D6CC8C 
 3535      2181D8
 3536 07df 4BEF54A6 		.ascii	"K\357T\246F@\205Sw\254RZ\314\344I\331\251^Y\003\247"
 3536      46408553 
 3536      77AC525A 
 3536      CCE449D9 
 3536      A95E5903 
 3537 07f4 51750607 		.ascii	"Qu\006\007\325\336\252\214x8\356\303^\372\246rd\026"
 3537      D5DEAA8C 
 3537      7838EEC3 
 3537      5EFAA672 
 3537      6416
 3538 0806 B035224C 		.ascii	"\2605\"L\350\245_\001\306\316\033\225\020\206\275\364"
 3538      E8A55F01 
 3538      C6CE1B95 
 3538      1086BDF4 
 3539 0816 201A528C 		.ascii	" \032R\214\032\"\010:\275\364J\207k$\313>\314\351%\267"
 3539      1A22083A 
 3539      BDF44A87 
 3539      6B24CB3E 
 3539      CCE925B7 
 3540 082a C28C4B9F 		.ascii	"\302\214K\237!ko\372\326\3035A\017b\276<i\375\01150"
 3540      216B6FFA 
ARM GAS  C:\Users\nicx5\AppData\Local\Temp\ccBxLq1r.s 			page 137


 3540      D6C33541 
 3540      0F62BE3C 
 3540      69FD0935 
 3541 083f 529C8CBC 		.ascii	"R\234\214\274\017$\337x\034\224\361*H\364 \217P\241"
 3541      0F24DF78 
 3541      1C94F12A 
 3541      48F4208F 
 3541      50A1
 3542 0851 F3B42959 		.ascii	"\363\264)YP3/]\3026\363\310\205\307\340g\027\336\001"
 3542      50332F5D 
 3542      C236F3C8 
 3542      85C7E067 
 3542      17DE01
 3543 0864 BD3F3EA0 		.ascii	"\275?>\240\264\224~\331Q\254V\322+AI\352\322K|2b\341"
 3543      B4947ED9 
 3543      51AC56D2 
 3543      2B4149EA 
 3543      D24B7C32 
 3544 087a BDA35823 		.ascii	"\275\243X#\025\336\302\037\351yY\205w`j\347zr\254 *"
 3544      15DEC21F 
 3544      E9795985 
 3544      77606AE7 
 3544      7A72AC20 
 3545 088f 4E0F7742 		.ascii	"N\017wBg\351\271\025Y?\350\320E\205\204lf\037N\366\247"
 3545      67E9B915 
 3545      593FE8D0 
 3545      4585846C 
 3545      661F4EF6 
 3546 08a4 5905ADE9 		.ascii	"Y\005\255\351\341X\251\355\013\007%\177\342\254R\312"
 3546      E158A9ED 
 3546      0B07257F 
 3546      E2AC52CA 
 3547 08b4 8625DFE3 		.ascii	"\206%\337\343\317\230\271\276\361\304\352<\214\213n"
 3547      CF98B9BE 
 3547      F1C4EA3C 
 3547      8C8B6E
 3548 08c3 EB9BDA16 		.ascii	"\353\233\332\026\260\2019\230\223\2507)3\024\215\177"
 3548      B0813998 
 3548      93A83729 
 3548      33148D7F 
 3549 08d3 FD68267B 		.ascii	"\375h&{;\004\252\346\313\336\270\330fn\375'J9(z\243"
 3549      3B04AAE6 
 3549      CBDEB8D8 
 3549      666EFD27 
 3549      4A39287A 
 3550 08e8 67D2915D 		.ascii	"g\322\221]\301\240#\364\265\350\033xC\235\353\361X`"
 3550      C1A023F4 
 3550      B5E81B78 
 3550      439DEBF1 
 3550      5860
 3551 08fa 4C4A283C 		.ascii	"LJ(<RG\261JZ\262\211\236\302 \242.\252\033\207%\337"
 3551      5247B14A 
 3551      5AB2899E 
 3551      C220A22E 
 3551      AA1B8725 
 3552 090f 7D43DF7D 		.ascii	"}C\337}z\3113\023\307&\235:\212\025\372\241?\202\244"
 3552      7AC93313 
ARM GAS  C:\Users\nicx5\AppData\Local\Temp\ccBxLq1r.s 			page 138


 3552      C7269D3A 
 3552      8A15FAA1 
 3552      3F82A4
 3553 0922 D1915E42 		.ascii	"\321\221^B\237dj\007V\351\210\344\366\006n\203\005l"
 3553      9F646A07 
 3553      56E988E4 
 3553      F6066E83 
 3553      056C
 3554 0934 91BFCA53 		.ascii	"\221\277\312S\334Q\231\370\344\347\245\004\015\023T"
 3554      DC5199F8 
 3554      E4E7A504 
 3554      0D1354
 3555 0943 D2B99503 		.ascii	"\322\271\225\003\2127\353\004\001L\2344\021\322\204"
 3555      8A37EB04 
 3555      014C9C34 
 3555      11D284
 3556 0952 09BB8489 		.ascii	"\011\273\204\211\020\256 [M\266$ b\324\244KH\023&K\210"
 3556      10AE205B 
 3556      4DB62420 
 3556      62D4A44B 
 3556      4813264B 
 3557 0967 246922C4 		.ascii	"$i\"\304$I\363\210VW\220.\"F\222\334&N\"\320\342J\322"
 3557      2449F388 
 3557      5657902E 
 3557      224692DC 
 3557      264E22D0 
 3558 097e A3B9A545 		.ascii	"\243\271\245E\201V\016\255&Z[\022pEP\243\210\215X\271"
 3558      81560EAD 
 3558      265A5B12 
 3558      704550A3 
 3558      888D58B9 
 3559 0992 28A2E5D4 		.ascii	"(\242\345\324\262:\321$\204\253\010\222%\0239!\204\253"
 3559      B23AD124 
 3559      84AB0892 
 3559      25133921 
 3559      84AB
 3560 09a4 48902D21 		.ascii	"H\220-!H\220T\251\340j\302\004\005\221.\036(\202\344"
 3560      489054A9 
 3560      E06AC204 
 3560      05912E1E 
 3560      2882E4
 3561 09b7 A0812348 		.ascii	"\240\201#H\005\025\260\300\201\202I\227\026\005I\272"
 3561      0515B0C0 
 3561      81824997 
 3561      160549BA 
 3562 09c7 02B0E20A 		.ascii	"\002\260\342\012\"\000\000\007\003U*\236=x0\300dIW\004"
 3562      22000007 
 3562      03552A9E 
 3562      3D7830C0 
 3562      64495704 
 3563 09db 3F18B8B2 		.ascii	"?\030\270\262\241\304\314w\355OyC\0253\215\035\326\177"
 3563      A1C4CC77 
 3563      ED4F7943 
 3563      15338D1D 
 3563      D67F
 3564 09ed 8DE5ECB1 		.ascii	"\215\345\354\261\361\273\241,\002\214\3003\026\330\223"
 3564      F1BBA12C 
ARM GAS  C:\Users\nicx5\AppData\Local\Temp\ccBxLq1r.s 			page 139


 3564      028CC033 
 3564      16D893
 3565 09fc C5B55887 		.ascii	"\305\265X\207\035\240\343{\262\017x\"1\003^\307\037"
 3565      1DA0E37B 
 3565      B20F7822 
 3565      31035EC7 
 3565      1F
 3566 0a0d 25FE1303 		.ascii	"%\376\023\003\036I\241\232\216\362\310\342\261\343\263"
 3566      1E49A19A 
 3566      8EF2C8E2 
 3566      B1E3B3
 3567 0a1c 5E6C47A1 		.ascii	"^lG\241\237\006{\366\327\263\333'\364\271\301S\203g"
 3567      9F067BF6 
 3567      D7B3DB27 
 3567      F4B9C153 
 3567      8367
 3568 0a2e 064F0C9E 		.ascii	"\006O\014\236\027<-xV\360\364zR\360t\362l\362d\362\374"
 3568      173C2D78 
 3568      56F0F47A 
 3568      52F074F2 
 3568      6CF264F2 
 3569 0a43 E8B31084 		.ascii	"\350\263\020\204\256\377\312*\344R\011D\203\324\233"
 3569      AEFFCA2A 
 3569      E4520944 
 3569      83D49B
 3570 0a52 158F1072 		.ascii	"\025\217\020r\202\001p|\212\216b\007\370#:\001\036\307"
 3570      8201707C 
 3570      8A8E6207 
 3570      F8233A01 
 3570      1EC7
 3571 0a64 5B5519E4 		.ascii	"[U\031\344%\300\277Y\235\233\2730\011rd\240\223>\026"
 3571      25C0BF59 
 3571      9D9BBB30 
 3571      097264A0 
 3571      933E16
 3572 0a77 F02EED1C 		.ascii	"\360.\355\034/\244G\300\027\360Gn\221^\004<\003\204"
 3572      2FA447C0 
 3572      17F0476E 
 3572      915E043C 
 3572      0384
 3573 0a89 8C4E6630 		.ascii	"\214Nf0\002E\353\207 \205`Ou\371g\221K\317\340Ul\353"
 3573      0245EB87 
 3573      2085604F 
 3573      75F96791 
 3573      4BCFE055 
 3574 0a9f C63F5588 		.ascii	"\306?U\210rmI\242\325\210\215\215\222jUI\0145\011\236"
 3574      726D49A2 
 3574      D5888D8D 
 3574      926A5549 
 3574      0C35099E 
 3575 0ab3 C126B340 		.ascii	"\301&\263@$7\336\251R|\"\034\271c}1\006\213\021;\325"
 3575      2437DEA9 
 3575      527C221C 
 3575      B9637D31 
 3575      068B113B 
 3576 0ac8 C13D51AD 		.ascii	"\301=Q\255:\203\222jn\212\334\370\246\306\231\251\021"
 3576      3A83926A 
ARM GAS  C:\Users\nicx5\AppData\Local\Temp\ccBxLq1r.s 			page 140


 3576      6E8ADCF8 
 3576      A6C699A9 
 3576      11
 3577 0ad9 B9F12B02 		.ascii	"\271\361+\002\265a\031r\343A\334\321\362'\344\306+}"
 3577      B5611972 
 3577      E341DCD1 
 3577      F227E4C6 
 3577      2B7D
 3578 0aeb A4A09707 		.ascii	"\244\240\227\007n\234p\303\011\345\230\202\217q\202"
 3578      6E9C70C3 
 3578      09E59882 
 3578      8F7182
 3579 0afa 5411BA11 		.ascii	"T\021\272\021qI\224s\300\306/\005\005\3606\236IHf%\032"
 3579      71499473 
 3579      C0C62F05 
 3579      05F0369E 
 3579      49486625 
 3580 0b0f C03F9DD4 		.ascii	"\300?\235\324\343\036\027\304\326\354\273\017\212G\371"
 3580      E31E17C4 
 3580      D6ECBB0F 
 3580      8A47F9
 3581 0b1e C6EB5EB6 		.ascii	"\306\353^\266m\3336P\306@\227/L\\\2574\346\013\024\222"
 3581      6DDB3650 
 3581      C640972F 
 3581      4C5CAF34 
 3581      E60B1492 
 3582 0b32 EF287FA6 		.ascii	"\357(\177\246\324e\214i\353\265\250\215\221\002u\344"
 3582      D4658C69 
 3582      EBB5A88D 
 3582      910275E4 
 3583 0b42 1BCA9F31 		.ascii	"\033\312\2371S\217\347%\224\217o\263?c9V\004\001\251"
 3583      538FE725 
 3583      948F6FB3 
 3583      3F633956 
 3583      0401A9
 3584 0b55 01A86909 		.ascii	"\001\250i\011\300\327\370f\025G\000\276)mP\021\253\212"
 3584      C0D7F866 
 3584      154700BE 
 3584      296D5011 
 3584      AB8A
 3585 0b67 37122036 		.ascii	"7\022 6\230\306\017`\336\227\005h|\267\301\372\031O"
 3585      98C60F60 
 3585      DE970568 
 3585      7CB7C1FA 
 3585      194F
 3586 0b79 E389DC3A 		.ascii	"\343\211\334:p>X\217\304\003_T\204\202A\257h\261\315"
 3586      703E588F 
 3586      C4035F54 
 3586      848241AF 
 3586      68B1CD
 3587 0b8c 9CF139B2 		.ascii	"\234\3619\262\270\036-\031\35748\367\247@\214D\247\013"
 3587      B81E2D19 
 3587      EF3438F7 
 3587      A7408C44 
 3587      A70B
 3588 0b9e E3637C93 		.ascii	"\343c|\223\016\021\306;M\355\310\004R^mq;:\336 \245"
 3588      0E11C63B 
ARM GAS  C:\Users\nicx5\AppData\Local\Temp\ccBxLq1r.s 			page 141


 3588      4DEDC804 
 3588      525E6D71 
 3588      3B3ADE20 
 3589 0bb3 8F788E1F 		.ascii	"\217x\216\037\030\022\342%\260\327/\276\347\344-^\275"
 3589      1812E225 
 3589      B0D72FBE 
 3589      E7E42D5E 
 3589      BD
 3590 0bc4 8B7FF145 		.ascii	"\213\177\361EbP.~x\365\020L\355\300\272\270\241\323"
 3590      62502E7E 
 3590      78F5104C 
 3590      EDC0BAB8 
 3590      A1D3
 3591 0bd6 814A81BA 		.ascii	"\201J\201\272\335#l3]\274\002\037\270\234#-^jj\007\026"
 3591      DD236C33 
 3591      5DBC021F 
 3591      B89C232D 
 3591      5E6A6A07 
 3592 0beb 58AD0323 		.ascii	"X\255\003#\366\343\3418\011\313\002:\365\302$,\276C"
 3592      F6E3E138 
 3592      09CB023A 
 3592      F5C2242C 
 3592      BE43
 3593 0bfd 57209A2B 		.ascii	"W \232+c~\010\250Y\221\022\267\370\230\266\325\245k"
 3593      637E08A8 
 3593      599112B7 
 3593      F898B6D5 
 3593      A56B
 3594 0c0f 981E7C06 		.ascii	"\230\036|\006=\264\255\361\210\303\244\246\020\364\225"
 3594      3DB4ADF1 
 3594      88C3A4A6 
 3594      10F495
 3595 0c1e 45B5EA05 		.ascii	"E\265\352\005\252\333!W\305\003\010\317\001XZ\212!\233"
 3595      AADB2157 
 3595      C50308CF 
 3595      01585A8A 
 3595      219B
 3596 0c30 0EE65DD9 		.ascii	"\016\346]\331\333\023\347/\251~\177\356\014pviK{:\331"
 3596      DB13E72F 
 3596      A97E7FEE 
 3596      0C707669 
 3596      4B7B3AD9 
 3597 0c44 A0ACE570 		.ascii	"\240\254\345p\276\011\341\253\000'\011\034\270\021\340"
 3597      BE09E1AB 
 3597      0027091C 
 3597      B811E0
 3598 0c53 5413A56F 		.ascii	"T\023\245o\000g\221\336\227\031\016g\022\030CJ\001\234"
 3598      006791DE 
 3598      97190E67 
 3598      1218434A 
 3598      019C
 3599 0c65 1C04EDB0 		.ascii	"\034\004\355\260\335p\216Hs\027g\303\331b\256\361J\000"
 3599      DD708E48 
 3599      731767C3 
 3599      D962AEF1 
 3599      4A00
 3600 0c77 4E41BE2C 		.ascii	"NA\276,u5\234\200\244pd\0008\275\224\231Vi8\027\373"
ARM GAS  C:\Users\nicx5\AppData\Local\Temp\ccBxLq1r.s 			page 142


 3600      75359C80 
 3600      A4706400 
 3600      38BD9499 
 3600      56693817 
 3601 0c8c 3CE66139 		.ascii	"<\346a9\003\327\364\251\315p\3769\003\203\177\250\202"
 3601      03D7F4A9 
 3601      CD70FE39 
 3601      03837FA8 
 3601      82
 3602 0c9d A02D0C5B 		.ascii	"\240-\014[efFDD$I\222\014\007\302\014\210a\3141\007"
 3602      65664644 
 3602      44244992 
 3602      0C07C20C 
 3602      8861CC31 
 3603 0cb2 A50F1280 		.ascii	"\245\017\022\200\342$\307\324H\255FHD\232\024\2444\214"
 3603      E224C7D4 
 3603      48AD4648 
 3603      449A14A4 
 3603      348C
 3604 0cc4 01E08337 		.ascii	"\001\340\2037GD4mz3|(G\257\273F\341\231\217\303~\324"
 3604      4744346D 
 3604      7A337C28 
 3604      47AFBB46 
 3604      E1998FC3 
 3605 0cda 67DF0B74 		.ascii	"g\337\013t\356V\236\343\0270Q\035\0067\211\244\337)"
 3605      EE569EE3 
 3605      1730511D 
 3605      063789A4 
 3605      DF29
 3606 0cec D10E3F95 		.ascii	"\321\016?\225l\210\354\"\271\177)\277\342{\010JI\004"
 3606      6C88EC22 
 3606      B97F29BF 
 3606      E27B084A 
 3606      4904
 3607 0cfe 024A2006 		.ascii	"\002J \006\2344\254p\320\264\240\241i\201\003\203\025"
 3607      9C34AC70 
 3607      D0B4A0A1 
 3607      69810383 
 3607      15
 3608 0d0f 86883C03 		.ascii	"\206\210<\003\317\300i\242\243\005\216j\300\302\244"
 3608      CFC069A2 
 3608      A3058E6A 
 3608      C0C2A4
 3609 0d1e 3FBCE10B 		.ascii	"?\274\341\013\265\360\316\235f\260<\202\330\007\026"
 3609      B5F0CE9D 
 3609      66B03C82 
 3609      D80716
 3610 0d2d 8AFB14BA 		.ascii	"\212\373\024\272s\335\227\202\342V\232\207\327\032\032"
 3610      73DD9782 
 3610      E2569A87 
 3610      D71A1A
 3611 0d3c 283F03D1 		.ascii	"(?\003\321\033\315\022\337\355\245\336b\235|\177Q^\267"
 3611      1BCD12DF 
 3611      EDA5DE62 
 3611      9D7C7F51 
 3611      5EB7
 3612 0d4e A273074E 		.ascii	"\242s\007N\260\257\267)\031\234=\2227P\270v\210~\365"
ARM GAS  C:\Users\nicx5\AppData\Local\Temp\ccBxLq1r.s 			page 143


 3612      B0AFB729 
 3612      199C3D92 
 3612      3750B876 
 3612      887EF5
 3613 0d61 BD940E13 		.ascii	"\275\224\016\023qI\362\226\212p\033\346\244\3024\021"
 3613      7149F296 
 3613      8A701BE6 
 3613      A4C23411 
 3614 0d71 3F74B8D8 		.ascii	"?t\270\330\000\027\346m\311\021\317\225r\327!\315\351"
 3614      0017E66D 
 3614      C911CF95 
 3614      72D721CD 
 3614      E9
 3615 0d82 331E5470 		.ascii	"3\036Tp\247)\204\251\302\236FA6.\370\227\326L\031g\322"
 3615      A72984A9 
 3615      C29E4641 
 3615      362EF897 
 3615      D64C1967 
 3616 0d97 32256855 		.ascii	"2%hU\014\255-T%\231D\026o\224\000\032\363\200q\027M"
 3616      0CAD2D54 
 3616      25994416 
 3616      6F94001A 
 3616      F3807117 
 3617 0dac 8EAF98DA 		.ascii	"\216\257\230\332\273PB\003\021\260Q\367[\333P\257\306"
 3617      BB504203 
 3617      11B051F7 
 3617      5BDB50AF 
 3617      C6
 3618 0dbd FC37626E 		.ascii	"\3747bn\004\364*\351z\207\035\215\207\350\254\301 \351"
 3618      04F42AE9 
 3618      7A871D8D 
 3618      87E8ACC1 
 3618      20E9
 3619 0dcf 6A27D241 		.ascii	"j'\322Ae\272?\370\3216W\377\270V5xJQ\346\307\002\343"
 3619      65BA3FF8 
 3619      D13657FF 
 3619      B8563578 
 3619      4A51E6C7 
 3620 0de5 4DC5A4A0 		.ascii	"M\305\244\240\012\245\261\271\025wJh\306\310\246[\001"
 3620      0AA5B1B9 
 3620      15774A68 
 3620      C6C8A65B 
 3620      01
 3621 0df6 17085823 		.ascii	"\027\010X#6\200\012\004\027fjOw\243\2436\265\017+\311"
 3621      36800A04 
 3621      17666A4F 
 3621      77A3A336 
 3621      B50F2BC9 
 3622 0e0a 657FD3C6 		.ascii	"e\177\323\306\337\305\021\231\353\010\031\377\037Aj"
 3622      DFC51199 
 3622      EB0819FF 
 3622      1F416A
 3623 0e19 FC31F6AB 		.ascii	"\3741\366\253q\016\242\3304\\gnb([\000#\350T\001\274"
 3623      710EA2D8 
 3623      345C676E 
 3623      62285B00 
 3623      23E85401 
ARM GAS  C:\Users\nicx5\AppData\Local\Temp\ccBxLq1r.s 			page 144


 3624 0e2e 29F20CF0 		.ascii	")\362\014\360\227\033\031\316\350l\260BT\354;\312]\365"
 3624      971B19CE 
 3624      E86CB042 
 3624      54EC3BCA 
 3624      5DF5
 3625 0e40 A511CE16 		.ascii	"\245\021\316\026\026r\336\010;\014\013\010\226J\007"
 3625      1672DE08 
 3625      3B0C0B08 
 3625      964A07
 3626 0e4f 86D0C025 		.ascii	"\206\320\300%\\\200\324\011\203\006\277\251\011|\223"
 3626      5C80D409 
 3626      8306BFA9 
 3626      097C93
 3627 0e5e 1D8BEEB5 		.ascii	"\035\213\356\265.\265\253\272\017\274\354\224\310Dv"
 3627      2EB5ABBA 
 3627      0FBCEC94 
 3627      C84476
 3628 0e6d 1074CB1F 		.ascii	"\020t\313\037\304\0372\211\\A\362|Z\253\004\360\235"
 3628      C41F3289 
 3628      5C41F27C 
 3628      5AAB04F0 
 3628      9D
 3629 0e7e 4D3B2512 		.ascii	"M;%\022\011\317(R\203r\220\003`\025\023l\227\203\215"
 3629      09CF2852 
 3629      83729003 
 3629      6015136C 
 3629      97838D
 3630 0e91 8AD5CDC0 		.ascii	"\212\325\315\300\262\330UvC\003+C\261\300#\210\340/"
 3630      B2D85576 
 3630      43032B43 
 3630      B1C02388 
 3630      E02F
 3631 0ea3 05A27E13 		.ascii	"\005\242~\023+\376\030P\345\002\355b\023\026d\035\311"
 3631      2BFE1850 
 3631      E502ED62 
 3631      1316641D 
 3631      C9
 3632 0eb4 097077D8 		.ascii	"\011pw\330*p\342J\257\342\003\235\335\347\203\246_R"
 3632      2A70E24A 
 3632      AFE2039D 
 3632      DDE783A6 
 3632      5F52
 3633 0ec6 CDE2B3F6 		.ascii	"\315\342\263\366\343\262\305J\000\261\374\3159QL\220"
 3633      E3B2C54A 
 3633      00B1FCCD 
 3633      39514C90 
 3634 0ed6 CC6FA944 		.ascii	"\314o\251Du\246RK\372lK\305T\275\0029\277)\341P}\272"
 3634      75A6524B 
 3634      FA6C4BC5 
 3634      54BD0239 
 3634      BF29E150 
 3635 0eec 020960A9 		.ascii	"\002\011`\251\340\201@\304}\321\217\267.4\210\005ai"
 3635      E08140C4 
 3635      7DD18FB7 
 3635      2E348805 
 3635      6169
 3636 0efe 82E548B5 		.ascii	"\202\345H\265\353\300\222gXkt%\020J\001\315\217\240"
ARM GAS  C:\Users\nicx5\AppData\Local\Temp\ccBxLq1r.s 			page 145


 3636      EBC09267 
 3636      586B7425 
 3636      104A01CD 
 3636      8FA0
 3637 0f10 92A2D44A 		.ascii	"\222\242\324J\317@l\330\001\250\021\340\371\037\343"
 3637      CF406CD8 
 3637      01A811E0 
 3637      F91FE3
 3638 0f1f E19ABFB8 		.ascii	"\341\232\277\270,w?\314\017P\321\236!YT\026\214F\030"
 3638      2C773FCC 
 3638      0F50D19E 
 3638      21595416 
 3638      8C4618
 3639 0f32 E0F02DFC 		.ascii	"\340\360-\374R\014\300\304\202)^;\252l\230\333\3046"
 3639      520CC0C4 
 3639      82295E3B 
 3639      AA6C98DB 
 3639      C436
 3640 0f44 FD38B3A7 		.ascii	"\3758\263\247\220t\002X\235\016\240l\267\307)q \033"
 3640      90740258 
 3640      9D0EA06C 
 3640      B7C72971 
 3640      201B
 3641 0f56 0F825B2C 		.ascii	"\017\202[,0\322\274\246\270\323\247R\032\320\260RqK"
 3641      30D2BCA6 
 3641      B8D3A752 
 3641      1AD0B052 
 3641      714B
 3642 0f68 C2B88C54 		.ascii	"\302\270\214T8.a!\247\202\035\320\347\247\335\016d}"
 3642      382E6121 
 3642      A7821DD0 
 3642      E7A7DD0E 
 3642      647D
 3643 0f7a 33C429E0 		.ascii	"3\304)\340\270V\024\2436 \362\017\210\213\266:\237\021"
 3643      B85614A3 
 3643      3620F20F 
 3643      888BB63A 
 3643      9F11
 3644 0f8c 8F052041 		.ascii	"\217\005 AD^\367'\260\007H\303\346\233\204V\032I\357"
 3644      445EF727 
 3644      B00748C3 
 3644      E69B8456 
 3644      1A49EF
 3645 0f9f 12       		.ascii	"\022"
 3646 0fa0 27335EBD 		.ascii	"'3^\275%\273\025\036(\033\013;\314\263T\335f-\002\367"
 3646      25BB151E 
 3646      281B0B3B 
 3646      CCB354DD 
 3646      662D02F7 
 3647 0fb4 D15CB1D4 		.ascii	"\321\\\261\324\226;\002\345\343\214/\206\003`B\214\303"
 3647      963B02E5 
 3647      E38C2F86 
 3647      0360428C 
 3647      C3
 3648 0fc5 D6408A30 		.ascii	"\326@\2120\206am\361\023\276\230\205ngq\023\017|\010"
 3648      86616DF1 
 3648      13BE9885 
ARM GAS  C:\Users\nicx5\AppData\Local\Temp\ccBxLq1r.s 			page 146


 3648      6E677113 
 3648      0F7C08
 3649 0fd8 60D32908 		.ascii	"`\323)\010Z\341\\\"\033*\021[)\011*\226\320\237\374"
 3649      5AE15C22 
 3649      1B2A115B 
 3649      29092A96 
 3649      D09FFC
 3650 0feb A64E27A2 		.ascii	"\246N'\242|L\272\206D\016Ve\243\234U\236?\336\226\010"
 3650      7C4CBA86 
 3650      440E5665 
 3650      A39C559E 
 3650      3FDE9608 
 3651 0fff E01A34F5 		.ascii	"\340\0324\365xb\0078\213-\003\320\230\273\343Q'L\247"
 3651      78620738 
 3651      8B2D03D0 
 3651      98BBE351 
 3651      274CA7
 3652 1012 3B3103E7 		.ascii	";1\003\347\231\2730\0104\266M\015\0031\331V\257K\"F"
 3652      99BB3008 
 3652      34B64D0D 
 3652      0331D956 
 3652      AF4B2246 
 3653 1026 753770C9 		.ascii	"u7p\311\357\327\031\005\017\317\376\375\355)\230\361"
 3653      EFD71905 
 3653      0FCFFEFD 
 3653      ED2998F1 
 3654 1036 94B2EDF6 		.ascii	"\224\262\355\366\312A\216\010\027w\322\236\251\260\006"
 3654      CA418E08 
 3654      1777D29E 
 3654      A9B006
 3655 1045 076AEAD1 		.ascii	"\007j\352\321\1774\035\202bsv[&\211g\324:\343\030\220"
 3655      7F341D82 
 3655      6273765B 
 3655      268967D4 
 3655      3AE31890 
 3656 1059 6DB4DE20 		.ascii	"m\264\336 \031\"\207>\310\203\335\023\205\261\374\006"
 3656      1922873E 
 3656      C883DD13 
 3656      85B1FC06 
 3657 1069 297BEA41 		.ascii	"){\352AS\031\222\357\320\230\0117j\030dc\263\267h\306"
 3657      531992EF 
 3657      D0980937 
 3657      6A186463 
 3657      B3B768C6 
 3658 107d 84465B3A 		.ascii	"\204F[:\331G\320 \356\021\214\316\301\225'E\376c\356"
 3658      D947D020 
 3658      EE118CCE 
 3658      C1952745 
 3658      FE63EE
 3659 1090 361C9808 		.ascii	"6\034\230\010\005n\204\342\035`_$}v\020X1\241\260\034"
 3659      056E84E2 
 3659      1D605F24 
 3659      7D761058 
 3659      31A1B01C 
 3660 10a4 54CCD6FF 		.ascii	"T\314\326\377z4/\341\233\003\3363\036Q\366\311\263#"
 3660      7A342FE1 
 3660      9B03DE33 
ARM GAS  C:\Users\nicx5\AppData\Local\Temp\ccBxLq1r.s 			page 147


 3660      1E51F6C9 
 3660      B323
 3661 10b6 8C6D5B92 		.ascii	"\214m[\222^\032\372%\362}I\325\217\234%\2470\256\271"
 3661      5E1AFA25 
 3661      F27D49D5 
 3661      8F9C25A7 
 3661      30AEB9
 3662 10c9 32868296 		.ascii	"2\206\202\226j\255\253\204\267\300|\036uz\231\321I1"
 3662      6AADAB84 
 3662      B7C07C1E 
 3662      757A99D1 
 3662      4931
 3663 10db 0F150910 		.ascii	"\017\025\011\020(\026\331m\335\317\325\006\251-\244"
 3663      2816D96D 
 3663      DDCFD506 
 3663      A92DA4
 3664 10ea 0957D208 		.ascii	"\011W\322\010^\243\245D*y\320\333\015\317\021\321\224"
 3664      5EA3A544 
 3664      2A79D0DB 
 3664      0DCF11D1 
 3664      94
 3665 10fb BE7F7E71 		.ascii	"\276\177~q\332#`\240\225\000\220(!<\220\024!<H\0241"
 3665      DA2360A0 
 3665      95009028 
 3665      213C9014 
 3665      213C4814 
 3666 1110 1C484241 		.ascii	"\034HBA\213\0018\351\002&\356\212n\253\206J1kO\324\200"
 3666      8B0138E9 
 3666      0226EE8A 
 3666      6EAB864A 
 3666      316B4FD4 
 3667 1125 903AC407 		.ascii	"\220:\304\007\320\032\304\017h\025\306\007I\035\302"
 3667      D01AC40F 
 3667      6815C607 
 3667      491DC2
 3668 1134 0380A97A 		.ascii	"\003\200\251z:\305\341<j\351m\214\347\226\035\356\367"
 3668      3AC5E13C 
 3668      6AE96D8C 
 3668      E7961DEE 
 3668      F7
 3669 1145 66D91396 		.ascii	"f\331\023\226GAw\224\250\024\346\225I\305b\302\377\""
 3669      47417794 
 3669      A814E695 
 3669      49C562C2 
 3669      FF22
 3670 1157 465480BA 		.ascii	"FT\200\272\237*\347\006\264\206\362\330z\210\023\220"
 3670      9F2AE706 
 3670      B486F2D8 
 3670      7A881390 
 3671 1167 22C60348 		.ascii	"\"\306\003H!\206\003h!\302\011h\021\302\011\264\020"
 3671      21860368 
 3671      21C20968 
 3671      11C209B4 
 3671      10
 3672 1178 E201B418 		.ascii	"\342\001\264\030\361\200\024%4p}\255\025\324@\201\314"
 3672      F1801425 
 3672      34707DAD 
ARM GAS  C:\Users\nicx5\AppData\Local\Temp\ccBxLq1r.s 			page 148


 3672      15D44081 
 3672      CC
 3673 1189 7ACCD57D 		.ascii	"z\314\325}\234i\035\004\211\005\242\302:\204?\356\331"
 3673      9C691D04 
 3673      8905A2C2 
 3673      3A843FEE 
 3673      D9
 3674 119a 0D740DF5 		.ascii	"\015t\015\365jx\364\231\0001\305\350\241\260\020\257"
 3674      6A78F499 
 3674      0031C5E8 
 3674      A1B010AF 
 3675 11aa 61428E8E 		.ascii	"aB\216\216\202\025\202\234\263\004S\200\224F\002$\322"
 3675      8215829C 
 3675      B3045380 
 3675      94460224 
 3675      D2
 3676 11bb 12B0269C 		.ascii	"\022\260&\234P\033\254\320\313\023K\374\317\3715\225"
 3676      501BACD0 
 3676      CB134BFC 
 3676      CFF93595 
 3677 11cb D2596D02 		.ascii	"\322Ym\002\312\242\004\272,\210\277\253\372\230\336"
 3677      CAA204BA 
 3677      2C88BFAB 
 3677      FA98DE
 3678 11da 55DF045E 		.ascii	"U\337\004^\270\314`B<i\340\206'\000\250`\011(1\3448"
 3678      B8CC6042 
 3678      3C69E086 
 3678      2700A860 
 3678      092831E4 
 3679 11ef 6A180A89 		.ascii	"j\030\012\2114$ \251\202kn\031\004\215\201\274%\237"
 3679      342420A9 
 3679      826B6E19 
 3679      048D81BC 
 3679      259F
 3680 1201 4532C2AA 		.ascii	"E2\302\252\035\002"
 3680      1D02
 3681              		.text
 3682              		.section	.gnu.lto_HAL_DMA_IRQHandler.342.1f2f3510,"e",%progbits
 3683 0000 28B52FFD 		.ascii	"(\265/\375`\2373\205\246\000\352\366d7C\0200m\247\003"
 3683      609F3385 
 3683      A600EAF6 
 3683      64374310 
 3683      306DA703 
 3684 0014 6B780078 		.ascii	"kx\000x\313\214\035\345e\"\210\024\230\340U\350\250"
 3684      CB8C1DE5 
 3684      65228814 
 3684      98E055E8 
 3684      A8
 3685 0025 BE98C590 		.ascii	"\276\230\305\220\"\276\250\0245e\326\2100&\215\352\341"
 3685      22BEA814 
 3685      3565D688 
 3685      30268DEA 
 3685      E1
 3686 0036 D17C721D 		.ascii	"\321|r\0354\376P\3401\264\002\340\037\370\332]\301\003"
 3686      34FE50E0 
 3686      31B402E0 
 3686      1FF8DA5D 
ARM GAS  C:\Users\nicx5\AppData\Local\Temp\ccBxLq1r.s 			page 149


 3686      C103
 3687 0048 F810F962 		.ascii	"\370\020\371b\327HHK)\245f\003\370\002\203\003tm\307"
 3687      D748484B 
 3687      29A56603 
 3687      F8028303 
 3687      746DC7
 3688 005b 44477E75 		.ascii	"DG~uW:\216\332\026\262m\204\263\303\271+4X0\316f\036"
 3688      573A8EDA 
 3688      16B26D84 
 3688      B3C3B92B 
 3688      345830CE 
 3689 0071 41CA3D6A 		.ascii	"A\312=j\221\302M\011\244C\003\311\330\266\200^c\327"
 3689      91C24D09 
 3689      A44303C9 
 3689      D8B6805E 
 3689      63D7
 3690 0083 2B404034 		.ascii	"+@@4\221\035%\363f\301\262\235\353F5bl.p6\363B\232\020"
 3690      911D25F3 
 3690      66C1B29D 
 3690      EB463562 
 3690      6C2E7036 
 3691 009b 662B06DE 		.ascii	"f+\006\336\236i\277\217\010j\306\030\333\366\015E3\031"
 3691      9E69BF8F 
 3691      086AC618 
 3691      DBF60D45 
 3691      3319
 3692 00ad 8AB399CC 		.ascii	"\212\263\231\314G$\010ign\020:\004\254~c\205\217\332"
 3692      47240869 
 3692      676E103A 
 3692      04AC7E63 
 3692      858FDA
 3693 00c0 7650DB08 		.ascii	"vP\333\010m\373\246\202\1778\233\331\324\030n3\227}"
 3693      6DFBA682 
 3693      7F389BD9 
 3693      D4186E33 
 3693      977D
 3694 00d2 E13693B1 		.ascii	"\3416\223\261\230\0215H\333V\010\015\343\006v\220m\333"
 3694      98113548 
 3694      DB56080D 
 3694      E3067690 
 3694      6DDB
 3695 00e4 3E7D1A07 		.ascii	">}\032\007:V7X\177\265Ww5Wo5\226\326jigu\264\241}\245"
 3695      3A563758 
 3695      7FB55777 
 3695      35576F35 
 3695      96D66A69 
 3696 00fe 5BCE7225 		.ascii	"[\316r%S\362$Kr$\017bH\026\304\217\354\310X\016\304"
 3696      53F2244B 
 3696      72240F62 
 3696      4816C48F 
 3696      ECC8580E 
 3697 0113 80B89119 		.ascii	"\200\270\221\031y\221\0259\221\021\371\220\015\271\220"
 3697      79911539 
 3697      9111F990 
 3697      0DB990
 3698 0122 FFB01F26 		.ascii	"\377\260\037&\344A\026\3540\356\303\201\014\310|\370"
 3698      E44116EC 
ARM GAS  C:\Users\nicx5\AppData\Local\Temp\ccBxLq1r.s 			page 150


 3698      30EEC381 
 3698      0CC87CF8 
 3699 0132 8FFD780F 		.ascii	"\217\375x\017\367\261\036\346\343<\274\307xX\217\363"
 3699      F7B11EE6 
 3699      E33CBCC7 
 3699      78588FF3 
 3700 0142 F80E97C0 		.ascii	"\370\016\227\300xL\002\217\300v\370\216\3530\035\266"
 3700      784C028F 
 3700      C076F88E 
 3700      EB301DB6 
 3701 0152 E33AA6E3 		.ascii	"\343:\246\3439\236\303r\034\307p,\207\257,\002\277\345"
 3701      399EC372 
 3701      1CC7702C 
 3701      87AF2C02 
 3701      BFE5
 3702 0164 C071C346 		.ascii	"\300q\303F\015\0323d\304\200\361\302E\013(\026+\236"
 3702      0D1A3364 
 3702      C480F1C2 
 3702      450B2816 
 3702      2B9E
 3703 0176 9C54A440 		.ascii	"\234T\244@q\302\304\263\004\211\021\"B\200\370\320\304"
 3703      71C2C4B3 
 3703      04891122 
 3703      4280F8D0 
 3703      C4
 3704 0187 E4A1C312 		.ascii	"\344\241\303\022\007\245\015\0322$a@\272pd\241\202\021"
 3704      07A50D1A 
 3704      32246140 
 3704      BA7064A1 
 3704      8211
 3705 0199 85A20944 		.ascii	"\205\242\011DCB\316\346e.\337\261\270\207\264\\\351"
 3705      4342CEE6 
 3705      652EDFB1 
 3705      B887B45C 
 3705      E9
 3706 01aa 06FB12E3 		.ascii	"\006\373\022\343\355%\015\343\335U&%\363\346\352-\351"
 3706      ED250DE3 
 3706      DD552625 
 3706      F3E6EA2D 
 3706      E9
 3707 01bb 176F2C67 		.ascii	"\027o,gY\272\265\244Y\244a\336\322\316\222~yG\033*\355"
 3707      59BAB5A4 
 3707      59A461DE 
 3707      D2CE927E 
 3707      79471B2A 
 3708 01d0 F2BEE2C5 		.ascii	"\362\276\342\305\345\335\202I\267\234\263Y\347J)\230"
 3708      E5DD8249 
 3708      B79CB359 
 3708      E74A2998 
 3709 01e0 4A67CA49 		.ascii	"Jg\312I\351\244\263\244ds\244d\244\363 H)\244\263\240"
 3709      E9A4B3A4 
 3709      6473A464 
 3709      A4F32048 
 3709      29A4B3A0 
 3710 01f4 47A9A2B3 		.ascii	"G\251\242\263\343b\2423v\020\242s\240Cg@\224\206\316"
 3710      E362A233 
 3710      7610A273 
ARM GAS  C:\Users\nicx5\AppData\Local\Temp\ccBxLq1r.s 			page 151


 3710      A0436740 
 3710      9486CE
 3711 0207 8D8C7F16 		.ascii	"\215\214\177\026\377\024\375\022\367 \366\361\241\036"
 3711      FF14FD12 
 3711      F720F6F1 
 3711      A11E
 3712 0215 362C94E6 		.ascii	"6,\224\346q\376\263\327\354\207\020ij\306N\363\340]"
 3712      71FEB3D7 
 3712      EC871069 
 3712      6AC64EF3 
 3712      E05D
 3713 0227 1D67C10A 		.ascii	"\035g\301\012f\352\272\303\226\246Q:IS\351\030\347>"
 3713      66EABAC3 
 3713      96A6513A 
 3713      4953E918 
 3713      E73E
 3714 0239 4B1B70DA 		.ascii	"K\033p\332\250K\323\250\335\362\257s\360\320q\016\014"
 3714      A84BD3A8 
 3714      DDF2AF73 
 3714      F0D0710E 
 3714      0C
 3715 024a 51D70CC8 		.ascii	"Q\327\014\310g\203\027\311;.S3t\315\177s~\326=p\372"
 3715      678317C9 
 3715      3B2E5333 
 3715      74CD7F73 
 3715      7ED63D70 
 3716 025f DEE80981 		.ascii	"\336\350\011\201\017\204<n{mx\326\350\251\311Ks'\255"
 3716      0F843C6E 
 3716      7B6D78D6 
 3716      E8A9C94B 
 3716      7327AD
 3717 0272 04347855 		.ascii	"\0044xU\022\250#\240\305q\266\263G\306\371NZ6\306\271"
 3717      12A823A0 
 3717      C571B6B3 
 3717      47C6F94E 
 3717      5A36C6B9 
 3718 0286 0E1D31CE 		.ascii	"\016\0351\316va\232\353\302\2209\323\315\225}q\236S"
 3718      76619AEB 
 3718      C29039D3 
 3718      CD957D71 
 3718      9E53
 3719 0298 D62C5796 		.ascii	"\326,W\2264\215\2069\307e\001s\206\003\2234\215~9\313"
 3719      348D8639 
 3719      C7650173 
 3719      86039334 
 3719      8D7E39CB 
 3720 02ac 69EAF030 		.ascii	"i\352\3600^\342\334q\231\236\2255_\273\232E\350\262"
 3720      5EE2DC71 
 3720      999E9535 
 3720      5FBB9A45 
 3720      E8B2
 3721 02be EBA59769 		.ascii	"\353\245\227i\224\313\371m\311ejf\253s,M\243[8*\263"
 3721      94CBF96D 
 3721      C9656A66 
 3721      AB732C4D 
 3721      A35B382A 
 3722 02d3 7E630955 		.ascii	"~c\011U\247\345ni\032\365Z\026\261)\256\365\232\030"
ARM GAS  C:\Users\nicx5\AppData\Local\Temp\ccBxLq1r.s 			page 152


 3722      A7E56E69 
 3722      1AF55A16 
 3722      B129AEF5 
 3722      9A18
 3723 02e5 A5DB98F4 		.ascii	"\245\333\230\364\0324n\2366c\215\3231\311\236\021)\003"
 3723      1A346E9E 
 3723      36638DD3 
 3723      31C99E11 
 3723      2903
 3724 02f7 32C6220C 		.ascii	"2\306\"\014\305\027\211.\020[\034B\031\262(\\\361\347"
 3724      C517892E 
 3724      105B1C42 
 3724      19B2285C 
 3724      F1E7
 3725 0309 E9CFC94F 		.ascii	"\351\317\311O\305\236\024}(\364\234\340\033\344&\226"
 3725      C59E147D 
 3725      28F49CE0 
 3725      1BE42696 
 3726 0319 A6D1B23C 		.ascii	"\246\321\262<\376,a\307I\334\365\210\273:.\"\204\235"
 3726      FE2C61C7 
 3726      49DCF588 
 3726      BB3A2E22 
 3726      849D
 3727 032b 83D8EB0F 		.ascii	"\203\330\353\017kbt\336T7\347Lt\342\270\207=\253w\330"
 3727      6B6274DE 
 3727      5437E74C 
 3727      74E2B887 
 3727      3DAB77D8 
 3728 033f 83E34B6F 		.ascii	"\203\343Ko\232\303\233\020\\\351\015\010\276\301\255"
 3728      9AC39B10 
 3728      5CE90D08 
 3728      BEC1AD
 3729 034e 35B8B579 		.ascii	"5\270\265y\006\2675\236\364a:\246\2461\244q\244@15\313"
 3729      06B7359E 
 3729      F4613AA6 
 3729      A631A471 
 3729      A4403135 
 3730 0363 A6B66D7B 		.ascii	"\246\266m{M,\315/,M\243|I\323h\241\037U-P+\240\031\221"
 3730      4D2CCD2F 
 3730      2C4DA37C 
 3730      49D368A1 
 3730      1F552D50 
 3731 037b A130A6A8 		.ascii	"\2410\246\250l\202\030\2420CdB`\234\035(\366\245\211"
 3731      6C8218A2 
 3731      30436442 
 3731      609C1D28 
 3731      F6A589
 3732 038e E56A31A5 		.ascii	"\345j1\245\313\254_\246 lCFAKty\001\014\035\302\266"
 3732      CBAC5FA6 
 3732      206C4346 
 3732      414B7479 
 3732      010C1DC2 
 3733 03a3 EB0F6B62 		.ascii	"\353\017kbh\334\233:\332\266e\357\3222\326\334Y\232"
 3733      68DC9B3A 
 3733      DAB665EF 
 3733      D232D6DC 
 3733      599A
ARM GAS  C:\Users\nicx5\AppData\Local\Temp\ccBxLq1r.s 			page 153


 3734 03b5 99688D99 		.ascii	"\231h\215\231\3270?\241\002\314w\366\363\336'\352\242"
 3734      D7303FA1 
 3734      02CC77F6 
 3734      F3DE27EA 
 3734      A2
 3735 03c6 35C9D4CF 		.ascii	"5\311\324\317\273|\346\0339b\371\022%\322\212W\313o"
 3735      BB7CE61B 
 3735      3962F912 
 3735      25D28A57 
 3735      CB6F
 3736 03d8 42B50AE9 		.ascii	"B\265\012\351\033$C\323\345\002\363\215\013m\213\357"
 3736      1B2443D3 
 3736      E502F38D 
 3736      0B6D8BEF 
 3737 03e8 A18E7138 		.ascii	"\241\216q8PO\361\250\015\3735\351e\241\214`\323\251"
 3737      504FF1A8 
 3737      0DFB35E9 
 3737      65A18C60 
 3737      D3A9
 3738 03fa 4D2B706D 		.ascii	"M+pm\335q2{yF\214\017\367d\225y\024\366\260K;1\265\242"
 3738      DD71327B 
 3738      79468C0F 
 3738      F7649579 
 3738      14F6B04B 
 3739 0412 37C12BC7 		.ascii	"7\301+\307'n\002\332\035!5b\310\210\266\304\034\256"
 3739      276E02DA 
 3739      1D213562 
 3739      C888B6C4 
 3739      1CAE
 3740 0424 68CDDF96 		.ascii	"h\315\337\226\2416\354\005\260\2648Be\0049\234\2451"
 3740      A136EC05 
 3740      B0B43842 
 3740      6504399C 
 3740      A531
 3741 0436 E3BCB275 		.ascii	"\343\274\262u\207D\345\233^\223\261\341b\3449\203\273"
 3741      8744E59B 
 3741      5E93B1E1 
 3741      62E43983 
 3741      BB
 3742 0447 7B2EECCC 		.ascii	"{.\354\314\361m\300|\023\301\215yt\223K4$9S\265\260"
 3742      F16DC07C 
 3742      13C18D79 
 3742      74934B34 
 3742      243953B5 
 3743 045c B2FF2A2F 		.ascii	"\262\377*/\333\255V\254\371\360\376\367(\314\362Jf."
 3743      DBAD56AC 
 3743      F9F0FEF7 
 3743      28CCF24A 
 3743      662E
 3744 046e D27AF8F0 		.ascii	"\322z\370\360\377R\255P7\260\357\271\006:\317\236\225"
 3744      FF52AD50 
 3744      37B0EFB9 
 3744      063ACF9E 
 3744      95
 3745 047f 3F0ED0C0 		.ascii	"?\016\320\300\000L\355\353\273\256\255\224\341#\255"
 3745      004CEDEB 
 3745      BBAEAD94 
ARM GAS  C:\Users\nicx5\AppData\Local\Temp\ccBxLq1r.s 			page 154


 3745      E123AD
 3746 048e 37C5D9B6 		.ascii	"7\305\331\266f0\270\363\254\374A2\003\315\202\257g\242"
 3746      6630B8F3 
 3746      ACFC4132 
 3746      03CD82AF 
 3746      67A2
 3747 04a0 5AAF69AC 		.ascii	"Z\257i\254\335\200e\240\236e\250\2763\257\357\267n\202"
 3747      DD8065A0 
 3747      9E65A8BE 
 3747      33AFEFB7 
 3747      6E82
 3748 04b2 7E7B7D53 		.ascii	"~{}S\212\245\022\312I\272\204+g\333\2660\270\361\254"
 3748      8AA512CA 
 3748      49BA842B 
 3748      67DBB630 
 3748      B8F1AC
 3749 04c5 184E39D3 		.ascii	"\030N9\323\254\334f\372k@\265\366\231q}_\273\011j\327"
 3749      ACDC66FA 
 3749      6B40B5F6 
 3749      99717D5F 
 3749      BB096AD7 
 3750 04d9 F6F3F637 		.ascii	"\366\363\3667\327\177\234\026\010\321\2172\367]\333"
 3750      D77F9C16 
 3750      08D18F32 
 3750      F75DDB
 3751 04e8 B9E24EE3 		.ascii	"\271\342N\343%M\274\273\232\334f\366\033@\375\002\375"
 3751      254DBCBB 
 3751      9ADC66F6 
 3751      1B40FD02 
 3751      FD
 3752 04f9 2843E171 		.ascii	"(C\341q\344\236r\033\256M\240a\257\037e\307\303\350"
 3752      E49E721B 
 3752      AE4DA061 
 3752      AF1F65C7 
 3752      C3E8
 3753 050b 7810D7F0 		.ascii	"x\020\327\360\024\006\266\236\345\267+\376U\356\366"
 3753      1406B69E 
 3753      E5B72BFE 
 3753      55EEF6
 3754 051a 43098DF2 		.ascii	"C\011\215\362S\231\325\206\234\233\315\220sW\207\234"
 3754      5399D586 
 3754      9C9BCD90 
 3754      7357879C 
 3755 052a DBACE59A 		.ascii	"\333\254\345\232;\254\347\232\033\254\353\232\373\253"
 3755      3BACE79A 
 3755      1BACEB9A 
 3755      FBAB
 3756 0538 DF9ADBAB 		.ascii	"\337\232\333\253\337twW_\233\233k\310\371\312\351L\345"
 3756      DF747757 
 3756      5F9B9B6B 
 3756      C8F9CAE9 
 3756      4CE5
 3757 054a 3A4FB9CE 		.ascii	":O\271\316R\256s\224\353lu\235+\270\316P\234\316U\327"
 3757      52AE7394 
 3757      EB6C759D 
 3757      2BB8CE50 
 3757      9CCE55D7 
ARM GAS  C:\Users\nicx5\AppData\Local\Temp\ccBxLq1r.s 			page 155


 3758 055e F9C975A6 		.ascii	"\371\311u\246\272\316\0248\235\2358\235'\270\316M\256"
 3758      BACE1438 
 3758      9D9D389D 
 3758      27B8CE4D 
 3758      AE
 3759 056f 3393EBBC 		.ascii	"3\223\353\274\344:Kp\235\247\234\316J\256s\222\353\034"
 3759      E43A4B70 
 3759      9DA79CCE 
 3759      4AAE7392 
 3759      EB1C
 3760 0581 C17546E2 		.ascii	"\301uF\342t\206\300\351|\344:?p\235\035\270\316F\256"
 3760      7486C0E9 
 3760      7CE43A3F 
 3760      709D1DB8 
 3760      CE46AE
 3761 0594 7303D799 		.ascii	"s\003\327\231\201\353\\\344:/\340t&r\235\025\270\316"
 3761      81EB5CE4 
 3761      3A2FE074 
 3761      26729D15 
 3761      B8CE
 3762 05a6 095C6704 		.ascii	"\011\\g\004\256\363\220\353,\344:\007\271\316\007\\"
 3762      AEF390EB 
 3762      2CE43A07 
 3762      B9CE075C 
 3763 05b6 6720D7D9 		.ascii	"g \327\331\200\353\374\243\351,u\235\013\270\316\004"
 3763      80EBFCA3 
 3763      E92C759D 
 3763      0BB8CE04 
 3764 05c6 5CE7019C 		.ascii	"\\\347\001\234\316Q\327Y\200\353\034\300u\366q\235\001"
 3764      CE51D759 
 3764      80EB1CC0 
 3764      75F6719D 
 3764      01
 3765 05d7 703AF770 		.ascii	"p:\367p:\363\270\316;\256\263\216\353\234\343:\343p"
 3765      3AF3B8CE 
 3765      3BAEB38E 
 3765      EB9CE33A 
 3765      E370
 3766 05e9 3ADFB8CE 		.ascii	":\337\270\3166\256s\215\353L\303\351<\303\351,\343:"
 3766      36AE738D 
 3766      EB4CC3E9 
 3766      3CC3E92C 
 3766      E33A
 3767 05fb C7B8CE30 		.ascii	"\307\270\3160\256\363\213\353\354B\310\271\305u\206"
 3767      AEF38BEB 
 3767      EC42C8B9 
 3767      C57586
 3768 060a BACE2CAE 		.ascii	"\272\316,\256\363\212\353\374\324tv\272\316*\256s\212"
 3768      F38AEBFC 
 3768      D47476BA 
 3768      CE2AAE73 
 3768      8A
 3769 061b EB8CE23A 		.ascii	"\353\214\342:\237p:\233\270\316\317\353\\\342:\223\270"
 3769      9F703A9B 
 3769      B8CECFEB 
 3769      5CE23A93 
 3769      B8
ARM GAS  C:\Users\nicx5\AppData\Local\Temp\ccBxLq1r.s 			page 156


 3770 062c CE239CCE 		.ascii	"\316#\234\316\"\234\316!\2563\210\353\374\341:7]g\246"
 3770      229CCE21 
 3770      AE3388EB 
 3770      FCE13A37 
 3770      5D67A6
 3771 063f EBECE13A 		.ascii	"\353\354\341:w\270\316K\327\231\303uV\272\316\033\256"
 3771      77B8CE4B 
 3771      D799C375 
 3771      56BACE1B 
 3771      AE
 3772 0650 B386EB9C 		.ascii	"\263\206\353\234\341:']g\014\327\031\351:_\270\316G"
 3772      E13A275D 
 3772      670CD719 
 3772      E93A5FB8 
 3772      CE47
 3773 0662 D7D9C275 		.ascii	"\327\331\302u\256p\235\215\2563\205\353\\t\235'\\g\242"
 3773      AE709D8D 
 3773      AE3385EB 
 3773      5C749D27 
 3773      5C67A2
 3774 0675 EB3C749D 		.ascii	"\353<t\235\205\256\263\363:7\257\363\275\316\314\353"
 3774      85AEB3F3 
 3774      3A37AFF3 
 3774      BDCECCEB 
 3775 0685 BC6C3AFF 		.ascii	"\274l:\377u\366\353\334=\327\364j\274Vq\250i[2Y\310"
 3775      75F6EBDC 
 3775      3DD7F46A 
 3775      BC5671A8 
 3775      695B3259 
 3776 069a 960F136F 		.ascii	"\226\017\023oM\277u_\273\341\272\345\272\347\272\353"
 3776      4DBF755F 
 3776      BBE1BAE5 
 3776      BAE7BAEB 
 3777 06aa FA3277C7 		.ascii	"\3722w\307i\021ZN\307\365\234\0167\200\027\2000\000"
 3777      69115A4E 
 3777      C7F59C0E 
 3777      37801780 
 3777      3000
 3778 06bc 4F6424C0 		.ascii	"Od$\300G\007\015\300\373x\2438A\000\276*qp\200\036\211"
 3778      47070DC0 
 3778      FB78A338 
 3778      4100BE2A 
 3778      7170801E 
 3779 06d1 68513DD6 		.ascii	"hQ=\326x`\017DJ\001x \0126\263d\266\002\340\361\035"
 3779      78600F44 
 3779      4A017820 
 3779      0A36B364 
 3779      B602E0F1 
 3780 06e6 A9E67C78 		.ascii	"\251\346|x \266\021\261\365\031\343c\007\231\326\361"
 3780      20B611B1 
 3780      F519E363 
 3780      0799D6F1 
 3781 06f6 3BFC7420 		.ascii	";\374t \262I:\224\203\003@\016\027\3238>G\037\216\177"
 3781      B2493A94 
 3781      8303400E 
 3781      17D3383E 
 3781      471F8E7F 
ARM GAS  C:\Users\nicx5\AppData\Local\Temp\ccBxLq1r.s 			page 157


 3782 070a 8278A602 		.ascii	"\202x\246\002\317\327\240\036\203x\334\360\303\350\264"
 3782      CFD7A01E 
 3782      8378DCF0 
 3782      C3E8B4
 3783 0719 6601DA71 		.ascii	"f\001\332q\343\333\020\253\215\363\335\360\363'\020"
 3783      E3DB10AB 
 3783      8DF3DDF0 
 3783      F32710
 3784 0728 04961B36 		.ascii	"\004\226\0336\307\203\345\306\211\005\321z\026\260\261"
 3784      C783E5C6 
 3784      8905D17A 
 3784      16B0B1
 3785 0737 DCEE1D2C 		.ascii	"\334\356\035,8Lhh\330+\233\015\307Cq\326\005\350\232"
 3785      384C6868 
 3785      D82B9B0D 
 3785      C74371D6 
 3785      05E89A
 3786 074a A39FD7C6 		.ascii	"\243\237\327\306\013\371\241\352\250\361v\250\252M\343"
 3786      0BF9A1EA 
 3786      A8F176A8 
 3786      AA4DE3
 3787 0759 6BBC115B 		.ascii	"k\274\021[\035\032\204\222DQD\300\0343>\311\317n\306"
 3787      1D1A8492 
 3787      445144C0 
 3787      1C333EC9 
 3787      CF6EC6
 3788 076c BB64E193 		.ascii	"\273d\341\223\320\026\211C\006\235\214GA\265B\033c\374"
 3788      D0168943 
 3788      069D8C47 
 3788      41B5421B 
 3788      63FC
 3789 077e 9CCA6C3F 		.ascii	"\234\312l?/\214\217\361F]\340`\274\2235\302\302\027"
 3789      2F8C8FF1 
 3789      465DE060 
 3789      BC9335C2 
 3789      C217
 3790 0790 7F7552D8 		.ascii	"\177uR\330\317\353\342_\274Q\2278.\336\011\241\340\204"
 3790      CFEBE25F 
 3790      BC519738 
 3790      2EDE09A1 
 3790      E084
 3791 07a2 2C70106F 		.ascii	",p\020o4\026\234\333\342\033+\004\177\203\005\247\305"
 3791      34169CDB 
 3791      E21B2B04 
 3791      7F8305A7 
 3791      C5
 3792 07b3 0321744B 		.ascii	"\003!tK\341 \020\266\261\361U>\032\243\321l\236\211"
 3792      E12010B6 
 3792      B1F1553E 
 3792      1AA3D16C 
 3792      9E89
 3793 07c5 2F7246AB 		.ascii	"/rF\253\375\325g\271\252\001\365"
 3793      FDD567B9 
 3793      AA01F5
 3794 07d0 CD86C543 		.ascii	"\315\206\305C\275\020\027V\034os7X\323\035=n3Y|\213"
 3794      BD101756 
 3794      1C6F7337 
ARM GAS  C:\Users\nicx5\AppData\Local\Temp\ccBxLq1r.s 			page 158


 3794      58D31D3D 
 3794      6E33597C 
 3795 07e5 9115B2F0 		.ascii	"\221\025\262\360\342Fc\305\267\232w\351\247_\361\315"
 3795      E24663C5 
 3795      B79A77E9 
 3795      A75FF1CD 
 3796 07f5 416C58D3 		.ascii	"AlX\323!QO\237\203.Lvl\306!V\256\314\226\014CA\026L"
 3796      21514F9F 
 3796      832E4C76 
 3796      6CC62156 
 3796      AECC960C 
 3797 080d 4318A3F0 		.ascii	"C\030\243\360N\2265c0\376\264\323?\\\323\361\363\370"
 3797      4E963563 
 3797      30FEB4D3 
 3797      3F5CD3F1 
 3797      F3F8
 3798 081f C20FD6CF 		.ascii	"\302\017\326\317\330\241\271 \024|3J\306\026\203w\226"
 3798      D8A1B920 
 3798      147C334A 
 3798      C6168377 
 3798      96
 3799 0830 7959CA40 		.ascii	"yY\312@\011\266\323;\334\315\213\276\261\350\203\025"
 3799      09B6D33B 
 3799      DCCD8BBE 
 3799      B1E88315 
 3800 0840 BADE8DAD 		.ascii	"\272\336\215\255\010\024,\242\263H\302\023\340\235\017"
 3800      08142CA2 
 3800      B348C213 
 3800      E09D0F
 3801 084f 22B14E5F 		.ascii	"\"\261N_\345\346\323N\337p\034\370\020\272Q\361\327"
 3801      E5E6D34E 
 3801      DF701CF8 
 3801      10BA51F1 
 3801      D7
 3802 0860 4EEFA244 		.ascii	"N\357\242D\011\037\004J\341\327N/B\006\336\335\007("
 3802      091F044A 
 3802      E1D74E2F 
 3802      4206DEDD 
 3802      0728
 3803 0872 F6B4D37F 		.ascii	"\366\264\323\177\320\033\341\021\212v\242\257\235\376"
 3803      D01BE111 
 3803      8A76A2AF 
 3803      9DFE
 3804 0880 F2C9F136 		.ascii	"\362\311\3616|\350\364JT+\224\360\314\204\212\024\257"
 3804      7CE8F44A 
 3804      542B94F0 
 3804      CC848A14 
 3804      AF
 3805 0891 02C537F5 		.ascii	"\002\3057\365\363\246\350\305>\361(\234\315\211A\312"
 3805      F3A6E8C5 
 3805      3EF1289C 
 3805      CD8941CA 
 3806 08a1 A78941A4 		.ascii	"\247\211A\244\262\267\272\022&\276\015\325\230\370\023"
 3806      B2B7BA12 
 3806      26BE0DD5 
 3806      98F813
 3807 08b0 542BD48D 		.ascii	"T+\324\215\304\323\323\250\004\365\363\226\370\347\033"
ARM GAS  C:\Users\nicx5\AppData\Local\Temp\ccBxLq1r.s 			page 159


 3807      C4D3D3A8 
 3807      04F5F396 
 3807      F8E71B
 3808 08bf B1514B3C 		.ascii	"\261QK<\025\325z\035L\033Ab\304\223\340`\304\257\015"
 3808      15D57A1D 
 3808      4C1B4162 
 3808      C493E060 
 3808      C4AF0D
 3809 08d2 9A891021 		.ascii	"\232\211\020!\030\342\253>m\021>\374\214\010<A7\020"
 3809      18E2AB3E 
 3809      6D113EFC 
 3809      8C083C41 
 3809      3710
 3810 08e4 4BDE5DCF 		.ascii	"K\336]\317!\236\233\262^\312.Xf(\214\317\331\207\252"
 3810      219E9BB2 
 3810      5ECA2E58 
 3810      66288CCF 
 3810      D987AA
 3811 08f7 1BE23B52 		.ascii	"\033\342;R\216\341\000nV\025\342SP\255P,\0057\274<M"
 3811      8EE1006E 
 3811      5615E253 
 3811      50AD502C 
 3811      0537BC3C 
 3812 090c 20BE0DE5 		.ascii	" \276\015\345\0246}x\020o\024\347c>|\325\037\342R\240"
 3812      14367D78 
 3812      106F14E7 
 3812      633E7CD5 
 3812      1FE252A0 
 3813 0920 B3364C4D 		.ascii	"\2636LM\337|\025Z\246oz\243\2700L\377\344\017\220\003"
 3813      DF7C155A 
 3813      A66F7AA3 
 3813      B8304CFF 
 3813      E40F9003 
 3814 0934 98BF0F3C 		.ascii	"\230\277\017<|\365\261\273\352\341\273\312\330\035\336"
 3814      7CF5B1BB 
 3814      EAE1BBCA 
 3814      D81DDE
 3815 0943 C3061DFE 		.ascii	"\303\006\035\376\250\035\2268\374R\205~^\016\177f^\226"
 3815      A81D9638 
 3815      FC52857E 
 3815      5E0E7F66 
 3815      5E96
 3816 0955 94B838F6 		.ascii	"\224\2708\366\206W\032\333\320\210A\314\217\220\203"
 3816      86571ADB 
 3816      D08841CC 
 3816      8F9083
 3817 0964 06EFEA0C 		.ascii	"\006\357\352\014\257!\210\207e\360sSJ\302\360I\317\314"
 3817      AF218887 
 3817      65F07353 
 3817      4AC2F049 
 3817      CFCC
 3818 0976 736C0C4F 		.ascii	"sl\014Ot\2465\351\247\346e\003\322\227\367\363^x$\347"
 3818      74A635E9 
 3818      A7E66503 
 3818      D297F7F3 
 3818      5E7824E7 
 3819 098a BAE06776 		.ascii	"\272\340gv\344X\274\355\243'b\323\232\214\356y\324`"
ARM GAS  C:\Users\nicx5\AppData\Local\Temp\ccBxLq1r.s 			page 160


 3819      E458BCED 
 3819      A32762D3 
 3819      9A8CEE79 
 3819      D460
 3820 099c A1C25B28 		.ascii	"\241\302[(\300\263*\354)\314\360U#o\233\302\033}\367"
 3820      C0B32AEC 
 3820      29CCF055 
 3820      236F9BC2 
 3820      1B7DF7
 3821 09af D753F816 		.ascii	"\327S\370\026gZ\225\321=\200IE\317\374\303\241\035\272"
 3821      675A95D1 
 3821      3D804945 
 3821      CFFCC3A1 
 3821      1DBA
 3822 09c1 9F77C217 		.ascii	"\237w\302\027}\263\013\026.?:;\341;P\255j\367\231\201"
 3822      7DB30B16 
 3822      2E3F3A3B 
 3822      E13B50AD 
 3822      6AF79981 
 3823 09d5 34A589A6 		.ascii	"4\245\211\246\364\307\366\234\021\275d\223\356\002d"
 3823      F4C7F69C 
 3823      11BD6493 
 3823      EE0264
 3824 09e4 94CD6625 		.ascii	"\224\315f%\373y\207\236\350\213\034!\207\372\"g\020"
 3824      FB79879E 
 3824      E88B1C21 
 3824      87FA2267 
 3824      10
 3825 09f5 D60D6268 		.ascii	"\326\015bh'\267\315^\310\354\256\261\205\276\315\276"
 3825      27B7CD5E 
 3825      C8ECAEB1 
 3825      85BECDBE 
 3826 0a05 880DCB9D 		.ascii	"\210\015\313\235e?\257\363\205\2769(Hc\003U\031\022"
 3826      653FAFF3 
 3826      85BE3928 
 3826      48630355 
 3826      1912
 3827 0a17 95C06DA6 		.ascii	"\225\300m\246\3635 +\264\352K\344@u\272\330!\365\363"
 3827      F335202B 
 3827      B4EA4BE4 
 3827      4075BAD8 
 3827      21F5F3
 3828 0a2a 36BFAF72 		.ascii	"6\277\257r\014\263\274\362~\363\231yX\276\004H\250\224"
 3828      0CB3BCF2 
 3828      7EF39979 
 3828      58BE0448 
 3828      A894
 3829 0a3c 0C594569 		.ascii	"\014YEi\002\205J\012\321\222)\253#VI\2224\245<\231R"
 3829      02854A0A 
 3829      D19229AB 
 3829      23564992 
 3829      34A53C99 
 3830 0a51 95842965 		.ascii	"\225\204)eJ\325\024U\023)M$TJ\234H\250\224Dp$\312\222"
 3830      4AD51455 
 3830      13294D24 
 3830      544A9C48 
 3830      A8944470 
ARM GAS  C:\Users\nicx5\AppData\Local\Temp\ccBxLq1r.s 			page 161


 3831 0a68 292B2196 		.ascii	")+!\226\340\305\014%S0\246^8u@B\245\204\311\222\223"
 3831      E0C50C25 
 3831      5330A65E 
 3831      38754042 
 3831      A584C992 
 3832 0a7d 3821A152 		.ascii	"8!\241Rr\204\002$L\230@\265\240\222\022\345)\211\325"
 3832      72840224 
 3832      4C9840B5 
 3832      A09212E5 
 3832      2989D5
 3833 0a90 90A72352 		.ascii	"\220\247#R;\242\216T\251\022#\352)\212\325\024\225&"
 3833      3BA28E54 
 3833      A91223EA 
 3833      298AD514 
 3833      9526
 3834 0aa2 5600BCE0 		.ascii	"V\000\274\340*U<\242\214@\265\370\201\300\020#Q\234"
 3834      2A553CA2 
 3834      8C40B5F8 
 3834      81C01023 
 3834      519C
 3835 0ab4 58551131 		.ascii	"XU\0211B\303\007\0223\277\265:\240\217\205[\3049J\033"
 3835      42C30712 
 3835      33BFB53A 
 3835      A08F855B 
 3835      C4394A1B 
 3836 0ac8 8CCA9638 		.ascii	"\214\312\2268\252\320\026\275\376\242\362\2157GeR.\012"
 3836      AAD016BD 
 3836      FEA2F28D 
 3836      37476552 
 3836      2E0A
 3837 0ada 9C231C16 		.ascii	"\234#\034\026\034\024\205\201\320f\376\361\327)\034"
 3837      1C148581 
 3837      D066FEF1 
 3837      D7291C
 3838 0ae9 E04C792B 		.ascii	"\340Ly+2\345\341\330H\2616\366\363Fy)!D\211\002\327"
 3838      32E5E1D8 
 3838      48B136F6 
 3838      F3467929 
 3838      21448902 
 3839 0afe 41115761 		.ascii	"A\021Wa{Y5\243\225\322\026\274\356\252\000\312W\320"
 3839      7B5935A3 
 3839      95D216BC 
 3839      EEAA00CA 
 3839      57D0
 3840 0b10 8C0D25DB 		.ascii	"\214\015%\333\350\242\2033\315U\225}s\301\262\364V\325"
 3840      E8A28333 
 3840      CD55957D 
 3840      73C1B2F4 
 3840      56D5
 3841 0b22 37DFBB55 		.ascii	"7\337\273U\375s,\333\006\313\273Y\313\236\261UB>i\343"
 3841      FD732CDB 
 3841      06CBBB59 
 3841      CB9EB155 
 3841      423E69E3 
 3842 0b36 D8CF4BF5 		.ascii	"\330\317K\365O\330PU\"jQ@A%\240\324I%Z\226\223W\343"
 3842      4FD85055 
 3842      226A5140 
ARM GAS  C:\Users\nicx5\AppData\Local\Temp\ccBxLq1r.s 			page 162


 3842      4125A0D4 
 3842      49255A96 
 3843 0b4d 8492323A 		.ascii	"\204\2222:\001\345k\315i\350\004\337\206\2376\001e["
 3843      01E56BCD 
 3843      69E804DF 
 3843      869F3601 
 3843      655B
 3844 0b5f 1AC8BED2 		.ascii	"\032\310\276\322\344\3074qJ6z\032\273e\362eL(\317\246"
 3844      E4C73471 
 3844      4A367A1A 
 3844      BB65F265 
 3844      4C28CFA6 
 3845 0b73 AA939216 		.ascii	"\252\223\222\026\334\000b-y%\303%\277tK\003b\361\252"
 3845      DC00622D 
 3845      7925C325 
 3845      BF744B03 
 3845      62F1AA
 3846 0b86 8104DF86 		.ascii	"\201\004\337\206S/\3017\343\274\253\247\236(Ok2:\235"
 3846      532FC137 
 3846      E3BCABA7 
 3846      9E284F6B 
 3846      323A9D
 3847 0b99 4C8CFB93 		.ascii	"L\214\373\223ZQ\362k\223lN-\326\014\224|\343\241U)\201"
 3847      5A51F26B 
 3847      936C4E2D 
 3847      D60C947C 
 3847      E3A15529 
 3848 0bae 4227A918 		.ascii	"B'\251\030|\3659\030\324\021|\222\027\342:\023\025\301"
 3848      7CF53918 
 3848      D4117C92 
 3848      17E23A13 
 3848      15C1
 3849 0bc0 47D159AF 		.ascii	"G\321Y\257\202\030/@\342jH\004\015Z\000\201\240\264"
 3849      82182F40 
 3849      E26A4804 
 3849      0D5A0081 
 3849      A0B4
 3850 0bd2 2A10FC14 		.ascii	"*\020\374\024\002AfWG\036\377,\267\376\250\034\3716"
 3850      02416657 
 3850      471EFF2C 
 3850      B7FEA81C 
 3850      F936
 3851 0be4 FC3247DE 		.ascii	"\3742G\3360\375<Ny\240p\371\300\243\007v\016\2458\340"
 3851      30FD3C4E 
 3851      79A070F9 
 3851      C0A30776 
 3851      0EA538E0 
 3852 0bf8 1DF60E3C 		.ascii	"\035\366\016<\363\221\312\000\232\027\363d:v\001\272"
 3852      F391CA00 
 3852      9A17F364 
 3852      3A7601BA 
 3853 0c08 663390C1 		.ascii	"f3\220\301\023\305\310+u\330\033\371\245\233=Nq\324"
 3853      13C5C82B 
 3853      75D81BF9 
 3853      A59B3D4E 
 3853      71D4
 3854 0c1a 5835C0C0 		.ascii	"X5\300\3007\360L\307\"\014<\221t\201/\362F\203Ov\265"
ARM GAS  C:\Users\nicx5\AppData\Local\Temp\ccBxLq1r.s 			page 163


 3854      37F04CC7 
 3854      220C3C91 
 3854      74812FF2 
 3854      46834F76 
 3855 0c2f C033A15A 		.ascii	"\3003\241Z\241\215a\337r=\345\277T\331qA\230\243\237"
 3855      A18D61DF 
 3855      723DE5BF 
 3855      54D97141 
 3855      98A39F
 3856 0c42 BECABE0A 		.ascii	"\276\312\276\012\270`\235bdP\250\255 \321\335\225*\304"
 3856      B8609D62 
 3856      6450A8AD 
 3856      20D1DD95 
 3856      2AC4
 3857 0c54 3B15EA16 		.ascii	";\025\352\026\237\354e\330\323\243\202CT\243\200\315"
 3857      9FEC65D8 
 3857      D3A38243 
 3857      54A380CD 
 3858 0c64 8A34624E 		.ascii	"\2124bN\304h\015\032f9\216\253\316\004D\034\323\350"
 3858      C4680D1A 
 3858      66398EAB 
 3858      CE04441C 
 3858      D3E8
 3859 0c76 E865199B 		.ascii	"\350e\031\233\020\371\256K\363Y\210\274\007\252\025"
 3859      10F9AE4B 
 3859      F35988BC 
 3859      07AA15
 3860 0c85 EA68468F 		.ascii	"\352hF\217\311\2039.y/\354\240\004\377[LOX6\034\324"
 3860      C983392E 
 3860      792FECA0 
 3860      04FF5B4C 
 3860      4F58361C 
 3861 0c9a D2E84D7D 		.ascii	"\322\350M}U\201o\276\004^\2017:\323J\340\251\260gh\224"
 3861      55816FBE 
 3861      045E8137 
 3861      3AD34AE0 
 3861      A9B06768 
 3862 0caf 7CB5FBE9 		.ascii	"|\265\373\351\312\316\350u\330S\021\370\015\201C\036"
 3862      CACEE875 
 3862      D85311F8 
 3862      0D81431E 
 3863 0cbf 8137CAFB 		.ascii	"\2017\312\373\254!_\205jmq]\244\374>\207W\272$_\025"
 3863      AC215F85 
 3863      6A6D715D 
 3863      A4FC3E87 
 3863      57BA245F 
 3864 0cd4 F23DFC84 		.ascii	"\362=\374\204|\303\365\017^\335 /\344[k\014\\\007y&"
 3864      7CC3F50F 
 3864      5EDD202F 
 3864      E45B6B0C 
 3864      5C077926 
 3865 0ce8 EA97EB62 		.ascii	"\352\227\353b\341\"\237\356e\333\266m\004H\016\370\277"
 3865      E1229FEE 
 3865      65DBB66D 
 3865      04480EF8 
 3865      BF
 3866 0cf9 22D940FE 		.ascii	"\"\331@\376\200\254\006\204;\200|T\006\016\312 0\340"
ARM GAS  C:\Users\nicx5\AppData\Local\Temp\ccBxLq1r.s 			page 164


 3866      80AC0684 
 3866      3B807C54 
 3866      060ECA20 
 3866      30E0
 3867 0d0b 292BFB79 		.ascii	")+\373y\177\274\001\337\034\024\251\001\341\220\037"
 3867      7FBC01DF 
 3867      1C14A901 
 3867      E1901F
 3868 0d1a 9F830E86 		.ascii	"\237\203\016\206\035\033\330\221C\354\2073\325\007\244"
 3868      1D1BD891 
 3868      43EC8733 
 3868      D507A4
 3869 0d29 FE059FE4 		.ascii	"\376\005\237\3446p@\212\345<\306\031\221b\300\254>\015"
 3869      3670408A 
 3869      E53CC619 
 3869      9162C0AC 
 3869      3E0D
 3870 0d3b 4875971D 		.ascii	"Hu\227\035I\006\244Z.KN\021)'\303zY@\352\271l\321#\""
 3870      4906A45A 
 3870      2E4B4E11 
 3870      2927C37A 
 3870      5940EAB9 
 3871 0d53 B51441CD 		.ascii	"\265\024A\315\232\002R\267\215\0201\001)!\26232\004"
 3871      9A0252B7 
 3871      8D103101 
 3871      2921B233 
 3871      3204
 3872 0d65 A48AB64C 		.ascii	"\244\212\266L\025\207H\035\011\352\255\021\"\245tH&"
 3872      1587481D 
 3872      09EAAD11 
 3872      22A57448 
 3872      26
 3873 0d76 3288D423 		.ascii	"2\210\324#\241\211\003y\200\324\367\200\224z!+t\321"
 3873      A1890379 
 3873      80D4F780 
 3873      947A212B 
 3873      74D1
 3874 0d88 6DE9D841 		.ascii	"m\351\330A\005\0326\015F\240\236*\220\002\276\353\010"
 3874      051A360D 
 3874      46A09E2A 
 3874      9002BEEB 
 3874      08
 3875 0d99 F802BEC9 		.ascii	"\370\002\276\311\026\210\200g\242\372\342\231\304\270"
 3875      16888067 
 3875      A2FAE299 
 3875      C4B8
 3876 0da7 0FF20CA0 		.ascii	"\017\362\014\240\323\003<\215\306\001~\211j\275*R\352"
 3876      D3033C8D 
 3876      C6017E89 
 3876      6ABD2A52 
 3876      EA
 3877 0db8 E94AA4FE 		.ascii	"\351J\244\376\210R\344cTi\325\"\025\365m\270\030\265"
 3877      8852E463 
 3877      5469D522 
 3877      15F56DB8 
 3877      18B5
 3878 0dca A6E8665A 		.ascii	"\246\350fZ\300W\367:\021O\221\032\330\346\365\241\011"
ARM GAS  C:\Users\nicx5\AppData\Local\Temp\ccBxLq1r.s 			page 165


 3878      C057F73A 
 3878      114F911A 
 3878      D8E6F5A1 
 3878      09
 3879 0ddb 34342C5E 		.ascii	"44,^\"\245\000\205T\213\375\014\204A\250\3431\326\241"
 3879      22A50085 
 3879      548BFD0C 
 3879      8441A8E3 
 3879      31D6A1
 3880 0dee 322B991A 		.ascii	"2+\231\032\022\021\221$)(\2441\003\031 \014\007\303"
 3880      12119124 
 3880      2928A431 
 3880      0319200C 
 3880      07C3
 3881 0e00 2C51059B 		.ascii	",Q\005\233\017\023\300H\210\303\301\272|2xdD\244LAI"
 3881      0F13C048 
 3881      88C3C1BA 
 3881      7C327864 
 3881      44A44C41 
 3882 0e15 41920E1F 		.ascii	"A\222\016\037\014\300\335\033\2750\201\256KE9\233y\226"
 3882      0CC0DD1B 
 3882      BD3081AE 
 3882      4B45399B 
 3882      7996
 3883 0e27 12EDF244 		.ascii	"\022\355\362D0!\"I\033\003\034tl\032\231\324\255J\263"
 3883      30212249 
 3883      1B031C74 
 3883      6C1A99D4 
 3883      AD4AB3
 3884 0e3a DDA980C0 		.ascii	"\335\251\200\300\2005{*0\317\306\217\211LK\204azfX\325"
 3884      80357B2A 
 3884      30CFC68F 
 3884      894C4B84 
 3884      617A6658 
 3885 0e4f CCB38F10 		.ascii	"\314\263\217\020\257e\200\315O?\250\254\252\325\024"
 3885      AF6580CD 
 3885      4F3FA8AC 
 3885      AAD514
 3886 0e5e 324D9F5D 		.ascii	"2M\237]J\355D-\370A7nU\261 \315\373\366`\354\351\000"
 3886      4AED442D 
 3886      F841376E 
 3886      55B120CD 
 3886      FBF660EC 
 3887 0e74 2A0A79F9 		.ascii	"*\012y\371s;M\346\022\311\013O\200#\376i,Rp\013E\253"
 3887      733B4DE6 
 3887      12C90B4F 
 3887      8023FE69 
 3887      2C52700B 
 3888 0e8a 17D3C105 		.ascii	"\027\323\301\0055\376I@\014C\346FE\226\242%\234\265"
 3888      35FE4940 
 3888      0C43E646 
 3888      4596A225 
 3888      9CB5
 3889 0e9c C26D3232 		.ascii	"\302m22\331k\007\307\215\001w?\312M\204\334w\023\311"
 3889      D96B07C7 
 3889      8D01773F 
 3889      CA4D84DC 
ARM GAS  C:\Users\nicx5\AppData\Local\Temp\ccBxLq1r.s 			page 166


 3889      7713C9
 3890 0eaf 749BA10D 		.ascii	"t\233\241\015]q\025M\252\262\242\243m\021Z(V\220tk\231"
 3890      5D71154D 
 3890      AAB2A2A3 
 3890      6D115A28 
 3890      5690746B 
 3891 0ec4 D8219DDB 		.ascii	"\330!\235\333tRE\273\032\311`\307x\213\266\343\215\377"
 3891      745245BB 
 3891      1AC960C7 
 3891      788BB6E3 
 3891      8DFF
 3892 0ed6 80D576C8 		.ascii	"\200\325v\310\216Z\312\333\211\232\327\247\321~A\016"
 3892      8E5ACADB 
 3892      899AD7A7 
 3892      D17E410E 
 3893 0ee6 CE0EEA1B 		.ascii	"\316\016\352\033\244\023\2130jl27\340\236\342\001\376"
 3893      A4138B30 
 3893      6A6C3237 
 3893      E09EE201 
 3893      FE
 3894 0ef7 414C3A84 		.ascii	"AL:\204\032jg\257w\324\347\260\025/a2\0066\345\237\255"
 3894      1A6A67AF 
 3894      77D4E7B0 
 3894      152F6132 
 3894      0636E59F 
 3895 0f0c 48685215 		.ascii	"HhR\025\324\010\315\360\317z\023\336\264\007\316'\307"
 3895      D408CDF0 
 3895      CF7A13DE 
 3895      B407CE27 
 3895      C7
 3896 0f1d 04B5B53E 		.ascii	"\004\265\265>\354\324\310\231<\377\214H\205\017M03\244"
 3896      ECD4C899 
 3896      3CFF8C48 
 3896      850F4D30 
 3896      33A4
 3897 0f2f 311C1465 		.ascii	"1\034\024ew]\310\3435\037\2113/\225\243d\254\223\274"
 3897      775DC8E3 
 3897      351F8933 
 3897      2F95A364 
 3897      AC93BC
 3898 0f42 4162CF38 		.ascii	"Ab\3178K\270x\017)\251\334\005^\315Z\010\372~\021\255"
 3898      4BB8780F 
 3898      29A9DC05 
 3898      5ECD5A08 
 3898      FA7E11AD 
 3899 0f56 BBCF0989 		.ascii	"\273\317\011\211\245c\232^\344B^gc,\031\225^uQ\352\340"
 3899      A5639A5E 
 3899      E4425E67 
 3899      632C1995 
 3899      5E7551EA 
 3900 0f6b 2630E195 		.ascii	"&0\341\225\354Qz\023\215f\377\312\321 \346\331\371\355"
 3900      EC517A13 
 3900      8D66FFCA 
 3900      D120E6D9 
 3900      F9ED
 3901 0f7d 2AA17675 		.ascii	"*\241vu\012<\313\203q,\331\231{\203\016&\222\270p*\013"
 3901      0A3CCB83 
ARM GAS  C:\Users\nicx5\AppData\Local\Temp\ccBxLq1r.s 			page 167


 3901      712CD999 
 3901      7B830E26 
 3901      92B8702A 
 3902 0f92 AFC73AA4 		.ascii	"\257\307:\244J\002\250\0150\356\012\314*+"
 3902      4A02A80D 
 3902      30EE0ACC 
 3902      2A2B
 3903 0fa0 A1942D86 		.ascii	"\241\224-\206\250C\267\305l\371Pst\000\252B3\347\306"
 3903      A843B7C5 
 3903      6CF95073 
 3903      7400AA42 
 3903      33E7C6
 3904 0fb3 451EC504 		.ascii	"E\036\305\004\217\356I\246\273t3\220@O\206\250\334\236"
 3904      8FEE49A6 
 3904      BB743390 
 3904      404F86A8 
 3904      DC9E
 3905 0fc5 01525E0D 		.ascii	"\001R^\015\373\263\206\016\245j\206\235\300\212\322"
 3905      FBB3860E 
 3905      A56A869D 
 3905      C08AD2
 3906 0fd4 B003334E 		.ascii	"\260\0033N\337\215\351\222\302\003\274\220\036i@-q\360"
 3906      DF8DE992 
 3906      C203BC90 
 3906      1E69402D 
 3906      71F0
 3907 0fe6 9CCFBB93 		.ascii	"\234\317\273\223\275\222Y\"\177\201\034\012D!\272\247"
 3907      BD925922 
 3907      7F811C0A 
 3907      4421BAA7 
 3908 0ff6 E33711B1 		.ascii	"\3437\021\261`M\236W\352\346F\014T\037\374\342\275\207"
 3908      604D9E57 
 3908      EAE6460C 
 3908      541FFCE2 
 3908      BD87
 3909 1008 B5C9A5EC 		.ascii	"\265\311\245\354~U7t&\313\364:G\346r\346\0006T\376\300"
 3909      7E553774 
 3909      26CBF43A 
 3909      47E672E6 
 3909      003654FE 
 3910 101d 56EF7CDE 		.ascii	"V\357|\336\305m/\356&\012\353\237\366\255U\022\314\271"
 3910      C56D2FEE 
 3910      260AEB9F 
 3910      F6AD5512 
 3910      CCB9
 3911 102f 80661D2A 		.ascii	"\200f\035*\361\037}\017\345\327l\017D\244\362\272^\222"
 3911      F11F7D0F 
 3911      E5D76C0F 
 3911      44A4F2BA 
 3911      5E92
 3912 1041 11448503 		.ascii	"\021D\205\003QX\020Q\345e\2752 N\303g\222N\210\012\371"
 3912      51581051 
 3912      E565BD32 
 3912      204EC367 
 3912      924E880A 
 3913 1056 6446993E 		.ascii	"dF\231>\204|\004\266\345g)\236\360S8\364\215\221\305"
 3913      847C04B6 
ARM GAS  C:\Users\nicx5\AppData\Local\Temp\ccBxLq1r.s 			page 168


 3913      E567299E 
 3913      F05338F4 
 3913      8D91C5
 3914 1069 46D33CFE 		.ascii	"F\323<\376V\024G\005T\362\354[`j>D\2014\\\360\254P{"
 3914      56144705 
 3914      54F2EC5B 
 3914      606A3E44 
 3914      81345CF0 
 3915 1080 B01309C8 		.ascii	"\260\023\011\310\024\"u\341Z\007\301\231\314\214S^z"
 3915      142275E1 
 3915      5A07C199 
 3915      CC8C535E 
 3915      7A
 3916 1091 D6B93C07 		.ascii	"\326\271<\007\242\234$\025\353\010*\022\227\252gx\206"
 3916      A29C2415 
 3916      EB082A12 
 3916      97AA6778 
 3916      86
 3917 10a2 A4071054 		.ascii	"\244\007\020T\2538?\201\235\305\324$AZ\213\021\247\355"
 3917      AB383F81 
 3917      9DC5D424 
 3917      415A8B11 
 3917      A7ED
 3918 10b4 A449328A 		.ascii	"\244I2\212\222\240\222\377\240\226\320\021\204\353\270"
 3918      92A092FF 
 3918      A096D011 
 3918      84EBB8
 3919 10c3 6F894393 		.ascii	"o\211C\223\236-\350^\337\213\343\202\220\344d\360}9"
 3919      9E2DE85E 
 3919      DF8BE382 
 3919      90E464F0 
 3919      7D39
 3920 10d5 7F0950C6 		.ascii	"\177\011P\306\203\212\321mVfG\330\2048q\244\003\004"
 3920      838AD16D 
 3920      566647D8 
 3920      843871A4 
 3920      0304
 3921 10e7 933D71E9 		.ascii	"\223=q\351I\252nid\267\354P\374d?\357\033\336\334\242"
 3921      49AA6E69 
 3921      64B7EC50 
 3921      FC643FEF 
 3921      1BDEDCA2 
 3922 10fb 7D394EE0 		.ascii	"}9N\340\024\267?&\276-J\274\240n\256hD\021\240\372\023"
 3922      14B73F26 
 3922      BE2D4ABC 
 3922      A06EAE68 
 3922      4411A0FA 
 3923 1110 0B96D043 		.ascii	"\013\226\320Cd\350\345\204(\274\200\276?\370\021\340"
 3923      64E8E584 
 3923      28BC80BE 
 3923      3FF811E0 
 3924 1120 AF081355 		.ascii	"\257\010\023U\300R\361\334h\333\033d\251\314@7\252\220"
 3924      C052F1DC 
 3924      68DB1B64 
 3924      A9CC4037 
 3924      AA90
 3925 1132 96A1CEA8 		.ascii	"\226\241\316\250\207b-=p\316\003\216\036`o\216|\016"
ARM GAS  C:\Users\nicx5\AppData\Local\Temp\ccBxLq1r.s 			page 169


 3925      87622D3D 
 3925      70CE038E 
 3925      1E606F8E 
 3925      7C0E
 3926 1144 A190012A 		.ascii	"\241\220\001*\033Y\242\270\316\334\306\307\266\017\345"
 3926      1B59A2B8 
 3926      CEDCC6C7 
 3926      B60FE5
 3927 1153 038F74B0 		.ascii	"\003\217t\260\362\3368\001\027\036[\3447'\224\202b\256"
 3927      F2DE3801 
 3927      171E5BE4 
 3927      37279482 
 3927      62AE
 3928 1165 78214B5F 		.ascii	"x!K_Ut\330N1\360!]K\235\336\3550Z~w\344q\362\244Hh\004"
 3928      5574D84E 
 3928      31F0215D 
 3928      4B9DDEED 
 3928      305A7E77 
 3929 1180 01694034 		.ascii	"\001i@4W\337\221-\262\2651\031\247X\020\031{f\011\232"
 3929      57DF912D 
 3929      B2B53119 
 3929      A7581019 
 3929      7B66099A 
 3930 1194 03E80F43 		.ascii	"\003\350\017C8\205\371Yf\376L\325\337 V\373p\212C\350"
 3930      3885F959 
 3930      66FE4CD5 
 3930      DF2056FB 
 3930      708A43E8 
 3931 11a8 9E317ABE 		.ascii	"\2361z\276,)\220@\036\203]\000\370\011\324\306#w&\216"
 3931      2C299040 
 3931      1E835D00 
 3931      F809D4C6 
 3931      2377268E 
 3932 11bc FD5BFB31 		.ascii	"\375[\3731a\342\\v\027\226\332\322\216\331\017*<fv\235"
 3932      61E25C76 
 3932      1796DAD2 
 3932      8ED90F2A 
 3932      3C66769D 
 3933 11d0 5804E03F 		.ascii	"X\004\340?\261\032\277\\\010\020\267'\221X\264\036h"
 3933      B11ABF5C 
 3933      0810B727 
 3933      9158B41E 
 3933      68
 3934 11e1 E2AD61B9 		.ascii	"\342\255a\271\257\366\374\351\363\247G\002*0L6'\021"
 3934      AFF6FCE9 
 3934      F3A74702 
 3934      2A304C36 
 3934      2711
 3935 11f3 EE181A93 		.ascii	"\356\030\032\223`8\373\247\361\0167\334\3348\3503M\306"
 3935      6038FBA7 
 3935      F10E37DC 
 3935      DC38E833 
 3935      4DC6
 3936 1205 85374C0B 		.ascii	"\2057L\013\214\236\201\277\204\350\022T\267mA>#=r\335"
 3936      8C9E81BF 
 3936      84E81254 
 3936      B76D413E 
ARM GAS  C:\Users\nicx5\AppData\Local\Temp\ccBxLq1r.s 			page 170


 3936      233D72DD 
 3937 1219 CF91BE15 		.ascii	"\317\221\276\025\354-\203\205!\344\364P0\201\016\220"
 3937      EC2D8385 
 3937      21E4F450 
 3937      30810E90 
 3938 1229 841902CF 		.ascii	"\204\031\002\317s\014\264h\034w^\271\011\375\\\304\006"
 3938      730CB468 
 3938      1C775EB9 
 3938      09FD5CC4 
 3938      06
 3939 123a 77C2F063 		.ascii	"w\302\360c\240\023R^\224v\202\024\331\010V\010\006,"
 3939      A013525E 
 3939      94768214 
 3939      D9085608 
 3939      062C
 3940 124c C6C42091 		.ascii	"\306\304 \221c\214\317p\0341\032\357\221/@\010\377w"
 3940      638CCF70 
 3940      1C311AEF 
 3940      912F4008 
 3940      FF77
 3941 125e 5FD54167 		.ascii	"_\325Ag\024\373\371\343\224Ds\010C\320\034\202\031\270"
 3941      14FBF9E3 
 3941      94447308 
 3941      43D01C82 
 3941      19B8
 3942 1270 AD46D16B 		.ascii	"\255F\321k\366\361\274\263\230\303|7\366\201\3130\013"
 3942      F6F1BCB3 
 3942      98C37C37 
 3942      F681CB30 
 3942      0B
 3943 1281 50050344 		.ascii	"P\005\003D\261u\307K\260\262C\356D\227\030\300\355\336"
 3943      B175C74B 
 3943      B0B243EE 
 3943      449718C0 
 3943      EDDE
 3944 1293 18538963 		.ascii	"\030S\211c\002\312\2255\233crJ[\035\234+\366\244\341"
 3944      02CA9535 
 3944      9B63724A 
 3944      5B1D9C2B 
 3944      F6A4E1
 3945 12a6 80AE1E44 		.ascii	"\200\256\036D\252\343\035\314Gm\264u~`O\261\363*#\270"
 3945      AAE31DCC 
 3945      476DB475 
 3945      7E604FB1 
 3945      F32A23B8 
 3946 12ba 930C297B 		.ascii	"\223\014){\226t\261\216\236\006\027\030\015\240\370"
 3946      9674B18E 
 3946      9E061718 
 3946      0DA0F8
 3947 12c9 9C0875D6 		.ascii	"\234\010u\3267\020a\022\017\244\3717\267\221\202(\306"
 3947      37106112 
 3947      0FA4F937 
 3947      B7918228 
 3947      C6
 3948 12da 591A0048 		.ascii	"Y\032\000H\323\206H\221Z\342\332Ttn\324\251\027\376"
 3948      D3864891 
 3948      5AE2DA54 
ARM GAS  C:\Users\nicx5\AppData\Local\Temp\ccBxLq1r.s 			page 171


 3948      746ED4A9 
 3948      17FE
 3949 12ec 5B0F616B 		.ascii	"[\017ak\275\305t\271\224\210\340\301\372e\031\0057l"
 3949      BDC574B9 
 3949      9488E0C1 
 3949      FA651905 
 3949      376C
 3950 12fe 453A8209 		.ascii	"E:\202\011\360*\022jS\025\"j\236d\034.\035\302\366\023"
 3950      F02A126A 
 3950      5315226A 
 3950      9E641C2E 
 3950      1DC2F613 
 3951 1312 9B988344 		.ascii	"\233\230\203D6}d\331d2\333\013\014\352x\302T\234\377"
 3951      367D64D9 
 3951      6432DB0B 
 3951      0CEA78C2 
 3951      549CFF
 3952 1325 D3522437 		.ascii	"\323R$7\235\315>\210\260aZ\372\022L\206\271\334\302"
 3952      9DCD3E88 
 3952      B0615AFA 
 3952      124C86B9 
 3952      DCC2
 3953 1337 A3DE3B2B 		.ascii	"\243\336;+\375\006\001&`\303\340l\265$Yt\232\032J\267"
 3953      FD060126 
 3953      60C3E06C 
 3953      B5245974 
 3953      9A1A4AB7 
 3954 134b 3815091E 		.ascii	"8\025\011\036\336`N\273\334\023\034\321\363\021[\\#"
 3954      DE604EBB 
 3954      DC131CD1 
 3954      F3115B5C 
 3954      23
 3955 135c F1668273 		.ascii	"\361f\202s=\231*\342\335h8m\210\316\222dS\361\243\206"
 3955      3D992AE2 
 3955      DD68386D 
 3955      88CE9264 
 3955      53F1A386 
 3956 1370 A1A0DF52 		.ascii	"\241\240\337R\230\3779\244\334\205\010S\3141\245\321"
 3956      98FF39A4 
 3956      DC850853 
 3956      CC31A5D1 
 3957 1380 48AD3905 		.ascii	"H\2559\005!\252j\302\206\230\024\333\370\246$\213\222"
 3957      21AA6AC2 
 3957      869814DB 
 3957      F8A6248B 
 3957      92
 3958 1391 1CD83385 		.ascii	"\034\3303\205\255&E\007\364\330\316\211t\027\373\212"
 3958      AD264507 
 3958      F4D8CE89 
 3958      7417FB8A 
 3959 13a1 4EA6D613 		.ascii	"N\246\326\023\351\2019\223\330\236\226\315\250\260\275"
 3959      E9813993 
 3959      D89E96CD 
 3959      A8B0BD
 3960 13b0 D8A887F1 		.ascii	"\330\250\207\361\265\234\220\314'\332\002\335e\314k"
 3960      B59C90CC 
 3960      27DA02DD 
ARM GAS  C:\Users\nicx5\AppData\Local\Temp\ccBxLq1r.s 			page 172


 3960      65CC6B
 3961 13bf CEF4678A 		.ascii	"\316\364g\212\221\307\247\272\366\031\\\2362\030n1+"
 3961      91C7A7BA 
 3961      F6195C9E 
 3961      32186E31 
 3961      2B
 3962 13d0 22BB52E6 		.ascii	"\"\273R\346IZ\225\313QL\244\035\353\210\216jJ\305\025"
 3962      495A95CB 
 3962      514CA41D 
 3962      EB888E6A 
 3962      4AC515
 3963 13e3 510C2B22 		.ascii	"Q\014+\"\257\022k\364*Q\235\351\216\262jo\343\210\312"
 3963      AF126BF4 
 3963      2A519DE9 
 3963      8EB26A6F 
 3963      E388CA
 3964 13f6 F34AA28C 		.ascii	"\363J\242\214\316\263\007V|:E\014W\214\031\314\035\334"
 3964      CEB30756 
 3964      7C3A450C 
 3964      578C19CC 
 3964      1DDC
 3965 1408 1C828628 		.ascii	"\034\202\206(\017\204\320\265ZA\305\011\316\261\377"
 3965      0F84D0B5 
 3965      5A41C509 
 3965      CEB1FF
 3966 1417 B9C3707A 		.ascii	"\271\303pz\327\035\317>\353Xg\234\365\254\263\316x\327"
 3966      D71DCF3E 
 3966      EB58679C 
 3966      F5ACB3CE 
 3966      78D7
 3967 1429 5BC7E243 		.ascii	"[\307\342C\343\257I\230a\222\343*\"\240B\021\251\310"
 3967      E3AF4998 
 3967      6192E32A 
 3967      22A04211 
 3967      A9C8
 3968 143b 50CCFBCA 		.ascii	"P\314\373\312\331(\227\302\213)/\344/\206r\200\3048"
 3968      D92897C2 
 3968      8B292FE4 
 3968      2F867280 
 3968      C438
 3969 144d B3716623 		.ascii	"\263qf#\2024[y\323\320\331\356k\037\365\327\2759\032"
 3969      82345B79 
 3969      D3D0D9EE 
 3969      6B1FF5D7 
 3969      BD391A
 3970 1460 4CF1B9BA 		.ascii	"L\361\271\272nw\227d\011\323\021\261\366r\210\364y;"
 3970      6E779764 
 3970      09D311B1 
 3970      F67288F4 
 3970      793B
 3971 1472 9D71CE06 		.ascii	"\235q\316\006nN\263\211\033\316\214\340\2263\013\307"
 3971      6E4EB389 
 3971      1BCE8CE0 
 3971      96330BC7 
 3972 1482 D1D0E145 		.ascii	"\321\320\341E\015\202\354\2766\332\023h\317\201\341"
 3972      0D82ECBE 
 3972      36DA1368 
ARM GAS  C:\Users\nicx5\AppData\Local\Temp\ccBxLq1r.s 			page 173


 3972      CF81E1
 3973 1491 A1FB3571 		.ascii	"\241\3735q\256\227\234)\024\257~s_\226\245>\0261\336"
 3973      AE979C29 
 3973      14AF7E73 
 3973      5F96A53E 
 3973      1631DE
 3974 14a4 4A7B1009 		.ascii	"J{\020\011\270h0\034~\027\371\246\027h\275D\271\307"
 3974      B868301C 
 3974      7E17F9A6 
 3974      1768BD44 
 3974      B9C7
 3975 14b6 13103889 		.ascii	"\023\0208\211\301\300\253T(\346\025\032\266\021\204"
 3975      C1C0AB54 
 3975      28E6151A 
 3975      B61184
 3976 14c5 222DC6D5 		.ascii	"\"-\306\325c\217s/D\\\275\026\351i\205\323\222/\231"
 3976      638F732F 
 3976      445CBD16 
 3976      E96985D3 
 3976      922F99
 3977 14d8 7401     		.ascii	"t\001"
 3978              		.text
 3979              		.section	.gnu.lto_HAL_DMA_RegisterCallback.343.1f2f3510,"e",%progbits
 3980 0000 28B52FFD 		.ascii	"(\265/\375`O\006\345 \000vw\312Jp\032R:\021\035\272"
 3980      604F06E5 
 3980      20007677 
 3980      CA4A701A 
 3980      523A111D 
 3981 0015 5948C3E9 		.ascii	"YH\303\351G\201\200\013\1778\3612V\273\001N6`oA\033"
 3981      4781800B 
 3981      7F38F132 
 3981      56BB014E 
 3981      36606F41 
 3982 002a FCC130A6 		.ascii	"\374\3010\246\262\004\311\254\255\232\004\261\013\267"
 3982      B204C9AC 
 3982      AD9A04B1 
 3982      0BB7
 3983 0038 1772FC27 		.ascii	"\027r\374'\034\200zDgq\272\177\214\016^KC\311G\001@"
 3983      1C807A44 
 3983      6771BA7F 
 3983      8C0E5E4B 
 3983      43C94701 
 3984 004d FBC637B3 		.ascii	"\373\3067\263%\237\020\262w\222\001\267\000\252\000"
 3984      259F10B2 
 3984      779201B7 
 3984      00AA00
 3985 005c B5003839 		.ascii	"\265\00089\277\255)\313y\331\240=\264_u>\200\375\252"
 3985      BFAD29CB 
 3985      79D9A03D 
 3985      B45F753E 
 3985      80FDAA
 3986 006f 3E87FDDA 		.ascii	">\207\375\332\335\335\363#\325A\234\313\272\206!\320"
 3986      DDDDF323 
 3986      D5419CCB 
 3986      BA8621D0 
 3987 007f 8ADC60E2 		.ascii	"\212\334`\342\226\363\222\007o=x\336\215\315N\227kq"
 3987      96F39207 
ARM GAS  C:\Users\nicx5\AppData\Local\Temp\ccBxLq1r.s 			page 174


 3987      6F3D78DE 
 3987      8DCD4E97 
 3987      6B71
 3988 0091 ECAAE21B 		.ascii	"\354\252\342\033\354\013\317s\342\305\212\015Y\245\365"
 3988      EC0BCF73 
 3988      E2C58A0D 
 3988      59A5F5
 3989 00a0 9B283660 		.ascii	"\233(6`\273\"\272\\\2321\367a\326\3334+!8\\P\363\367"
 3989      BB22BA5C 
 3989      9A31F761 
 3989      D6DB342B 
 3989      21385C50 
 3990 00b6 4253C386 		.ascii	"BS\303\206\254\272:k\314\201u$\021\007\225\256\370\202"
 3990      ACBA3A6B 
 3990      CC817524 
 3990      110795AE 
 3990      F882
 3991 00c8 CD55F550 		.ascii	"\315U\365P\322\011\220\304,\334\252\356he\261\372\031"
 3991      D20990C4 
 3991      2CDCAAEE 
 3991      6865B1FA 
 3991      19
 3992 00d9 314B1D10 		.ascii	"1K\035\020\345\241\266+\272\270\252\032!\347\314+\266"
 3992      E5A1B62B 
 3992      BAB8AA1A 
 3992      21E7CC2B 
 3992      B6
 3993 00ea 50DB9CF3 		.ascii	"P\333\234\363\261\372\340\010\014(\2578\245\356\224"
 3993      B1FAE008 
 3993      0C28AF38 
 3993      A5EE94
 3994 00f9 9C21F2E6 		.ascii	"\234!\362\346\023\014!j\335\213\013\3129\367\215Q\254"
 3994      130C216A 
 3994      DD8B0BCA 
 3994      39F78D51 
 3994      AC
 3995 010a 7A0378F7 		.ascii	"z\003x\367\021t\267\214\356\025+\316\037P\177\254\011"
 3995      1174B78C 
 3995      EE152BCE 
 3995      1F507FAC 
 3995      09
 3996 011b 45BBF5F5 		.ascii	"E\273\365\3658\0276\304S\255\300\307\351\205yp\211I"
 3996      381736C4 
 3996      53ADC0C7 
 3996      E9857970 
 3996      8949
 3997 012d 3156763F 		.ascii	"1Vv?\212\305\341\235\246\264\305]\323>\316c?\310\032"
 3997      8AC5E19D 
 3997      A6B4C55D 
 3997      D33ECE63 
 3997      3FC81A
 3998 0140 D931BCD3 		.ascii	"\3311\274\323~\363\227\310X\333Y\276\323^\012/V\366"
 3998      7EF397C8 
 3998      58DB59BE 
 3998      D35E0A2F 
 3998      56F6
 3999 0152 D58C93DD 		.ascii	"\325\214\223\335_\376\273\207\375\272\203\375\270\276"
ARM GAS  C:\Users\nicx5\AppData\Local\Temp\ccBxLq1r.s 			page 175


 3999      5FFEBB87 
 3999      FDBA83FD 
 3999      B8BE
 4000 0160 AD9EF9C6 		.ascii	"\255\236\371\306\354\355\273\336~\016\316h\205\331\005"
 4000      ECEDBBDE 
 4000      7E0ECE68 
 4000      85D905
 4001 016f 3426671D 		.ascii	"4&g\035S\267\314e}\022\344\314w\267T\277\331;\034\344"
 4001      53B7CC65 
 4001      7D12E4CC 
 4001      77B754BF 
 4001      D93B1CE4 
 4002 0183 50373378 		.ascii	"P73x\363\214\214\231R\264/29/\031|\355\273hql\014\251"
 4002      F38C8C99 
 4002      52B42F32 
 4002      392F197C 
 4002      EDBB6871 
 4003 019a CB15AA4E 		.ascii	"\313\025\252N\256A5%\252\375\212\003c\010\337\207\261"
 4003      AE413525 
 4003      AAFD8A03 
 4003      6308DF87 
 4003      B1
 4004 01ab B84EA6F1 		.ascii	"\270N\246\361\242\251\375\032 \315\320\275\335\377z"
 4004      A2A9FD1A 
 4004      20CDD0BD 
 4004      DDFF7A
 4005 01ba 12A98345 		.ascii	"\022\251\203EuO\266\235\264\350^:t\241\362\3363\252"
 4005      754FB69D 
 4005      B4E85E3A 
 4005      74A1F2DE 
 4005      33AA
 4006 01cc F3F2BD8B 		.ascii	"\363\362\275\213\220\221(\357=\205\344\260\262\301\270"
 4006      909128EF 
 4006      3D85E4B0 
 4006      B2C1B8
 4007 01db 8945DB67 		.ascii	"\211E\333g\322\350h\034\236>\234\274\367<\342\200\316"
 4007      D2E8681C 
 4007      9E3E9CBC 
 4007      F73CE280 
 4007      CE
 4008 01ec B71DEE46 		.ascii	"\267\035\356Fz\324D\201\037\024\222F\240\263\355d\307"
 4008      7AD44481 
 4008      1F149246 
 4008      A0B3ED64 
 4008      C7
 4009 01fd 4E325C84 		.ascii	"N2\\\204X\030@z\204\310\232\365\267\254eX\372Y\324\256"
 4009      5818407A 
 4009      84C89AF5 
 4009      B7AC6558 
 4009      FA59D4AE 
 4010 0211 2A7D2B98 		.ascii	"*}+\230KJ\177\312\275z\322\207\3624b\223~Y\253\265g"
 4010      4B4A7FCA 
 4010      BD7AD287 
 4010      F2346293 
 4010      7E59ABB5 
 4011 0226 C17EFD5D 		.ascii	"\301~\375]\012\321\334\270\016\355n5\340\326U\316\302"
 4011      0AD1DCB8 
ARM GAS  C:\Users\nicx5\AppData\Local\Temp\ccBxLq1r.s 			page 176


 4011      0EED6E35 
 4011      E0D655CE 
 4011      C2
 4012 0237 6B7577AB 		.ascii	"kuw\253\335\030y\301W\035V\363\025\0366v~9k5Q4eV%\366"
 4012      DD1879C1 
 4012      571D56F3 
 4012      151E3676 
 4012      7E396B35 
 4013 0251 E29DE689 		.ascii	"\342\235\346\211/Qjs>^\274!\031\306\304S\215\235g:\344"
 4013      2F516A73 
 4013      3E5EBC21 
 4013      19C6C453 
 4013      8D9D673A 
 4014 0266 1D8306CC 		.ascii	"\035\203\006\314\250b\345\177\3541\206n\246\007\300"
 4014      A862E57F 
 4014      EC31866E 
 4014      A607C0
 4015 0275 144FBE27 		.ascii	"\024O\276' \333\224\313\260A\311\310Gbi\311\207A\327"
 4015      20DB94CB 
 4015      B041C9C8 
 4015      476269C9 
 4015      8741D7
 4016 0288 257E241C 		.ascii	"%~$\034!\001!\37588\340c:JR\333\310\201\217\351\250"
 4016      210121FD 
 4016      3838E063 
 4016      3A4A52DB 
 4016      C8818FE9 
 4017 029d 68C99794 		.ascii	"h\311\227\224\324\343\303\364\004\3441r\352\361\024"
 4017      D4E3C3F4 
 4017      04E43172 
 4017      EAF114
 4018 02ac 75B02054 		.ascii	"u\260 T\004\005\005A\210\007\350\204\244\342\204S\206"
 4018      04050541 
 4018      8807E884 
 4018      A4E28453 
 4018      86
 4019 02bd 9F86FA5D 		.ascii	"\237\206\372]\020\"\352\361\361\360\241G\004Tr\372\201"
 4019      1022EAF1 
 4019      F1F0A147 
 4019      045472FA 
 4019      81
 4020 02ce 209AA041 		.ascii	" \232\240A@w/\363q\262\011\030\313\230\335`\234cLb\206"
 4020      40772FF3 
 4020      71B20918 
 4020      CB98DD60 
 4020      9C634C62 
 4021 02e3 EF83ACF1 		.ascii	"\357\203\254\361k\354~\355j\253\270\203\206\230j:\235"
 4021      6BEC7EED 
 4021      6AABB883 
 4021      86986A3A 
 4021      9D
 4022 02f4 4E7958D9 		.ascii	"NyX\331W\375\332\015\030\327h\254\177\220m`D\002\244"
 4022      57FDDA0D 
 4022      18D768AC 
 4022      7F906D60 
 4022      4402A4
 4023 0307 BDD831AE 		.ascii	"\275\3301\256\321\215\311~\234)\370\261bZ3dG\214\317"
ARM GAS  C:\Users\nicx5\AppData\Local\Temp\ccBxLq1r.s 			page 177


 4023      D18DC97E 
 4023      9C29F8B1 
 4023      625A3364 
 4023      478CCF
 4024 031a FC7DBE83 		.ascii	"\374}\276\203\204X\210u\003M\212x\030\250\017-\357A"
 4024      84588875 
 4024      034D8A78 
 4024      18A80F2D 
 4024      EF41
 4025 032c 8F366F23 		.ascii	"\2176o#.\255\320v\345\275|\2501@\007\025CT#2AR\220J"
 4025      2EADD076 
 4025      E5BD7CA8 
 4025      31400715 
 4025      43542332 
 4026 0344 B101E022 		.ascii	"\261\001\340\"!*u\003\021\340\244\205RU\240\240\214"
 4026      212A7503 
 4026      11E0A485 
 4026      5255A0A0 
 4026      8C
 4027 0355 DC33BF26 		.ascii	"\3343\277&\325\351\211%O\370\276\323(\270\342\006F\235"
 4027      D5E98925 
 4027      4FF8BED3 
 4027      28B8E206 
 4027      469D
 4028 0367 3EFA5148 		.ascii	">\372QH\203\265g\320\306o\370j;wg\212\357\003\200t+"
 4028      83B567D0 
 4028      C66FF86A 
 4028      3B77678A 
 4028      EF038074 
 4029 037c 8A959B36 		.ascii	"\212\225\2336+Fr\2072G\344v\343\314\270\033\366\001"
 4029      2B467287 
 4029      3247E476 
 4029      E3CCB81B 
 4029      F601
 4030 038e 211F5923 		.ascii	"!\037Y#|\260\177\004\343\314\326\206'\372S\025}\337"
 4030      7CB07F04 
 4030      E3CCD686 
 4030      27FA5315 
 4030      7DDF
 4031 03a0 34DCC650 		.ascii	"4\334\306P\362\330pv3\327\375\331\365\007\243\223\343"
 4031      F2D87076 
 4031      33D7FDD9 
 4031      F507A393 
 4031      E3
 4032 03b1 26D480CE 		.ascii	"&\324\200\316k\250\303=\320y\031\352\270G\242\357;\023"
 4032      6BA8C33D 
 4032      D07919EA 
 4032      B847A2EF 
 4032      3B13
 4033 03c3 960B75DD 		.ascii	"\226\013u\335\251\201\214\3064\331\230;\242qS1\014\313"
 4033      A9818CC6 
 4033      34D9983B 
 4033      A2715331 
 4033      0CCB
 4034 03d5 A43F1660 		.ascii	"\244?\026`\025\302\030\370g4ac\031\304\3579<gaE\032"
 4034      15C218F8 
 4034      67346163 
ARM GAS  C:\Users\nicx5\AppData\Local\Temp\ccBxLq1r.s 			page 178


 4034      19C4EF39 
 4034      3C676145 
 4035 03ea 3C360489 		.ascii	"<6\004\211q\276\323\245WU\247\233\336A\222\245\301\367"
 4035      71BED3A5 
 4035      5755A79B 
 4035      DE4192A5 
 4035      C1F7
 4036 03fc 16F02C32 		.ascii	"\026\360,2\353\234(\027\300\340\305\025\211\264\373"
 4036      EB9C2817 
 4036      C0E0C515 
 4036      89B4FB
 4037 040b 546451DB 		.ascii	"TdQ\333\255\012\013A\005)\262)\021\301\241J=\347\243"
 4037      AD0A0B41 
 4037      0529B229 
 4037      11C1A14A 
 4037      3DE7A3
 4038 041e 7C20814D 		.ascii	"| \201M\025I\344?"
 4038      1549E43F 
 4039              		.text
 4040              		.section	.gnu.lto_HAL_DMA_UnRegisterCallback.344.1f2f3510,"e",%progbits
 4041 0000 28B52FFD 		.ascii	"(\265/\375`\257\007\275\"\000Fx\316IpXR:\017\022Z9\204"
 4041      60AF07BD 
 4041      22004678 
 4041      CE497058 
 4041      523A0F12 
 4042 0017 8F9FF3DB 		.ascii	"\217\237\363\333\206\263P\201\016\242\260\241\225\353"
 4042      86B35081 
 4042      0EA2B0A1 
 4042      95EB
 4043 0025 F014764A 		.ascii	"\360\024vJY\211\331z\220\201\003\321\272s\362q\226("
 4043      5989D97A 
 4043      908103D1 
 4043      BA73F271 
 4043      9628
 4044 0037 51B9ABA1 		.ascii	"Q\271\253\241\317\000\033h\025K\276wt\226\373-\2024"
 4044      CF001B68 
 4044      154BBE77 
 4044      7496FB2D 
 4044      8234
 4045 0049 5ECE7F32 		.ascii	"^\316\1772\343\335\275\355I#\204\354\235d\273\000\255"
 4045      E3DDBDED 
 4045      492384EC 
 4045      9D64BB00 
 4045      AD
 4046 005a 00B90037 		.ascii	"\000\271\0007\031\206\224\225Z\316m\203\356\300^\275"
 4046      19869495 
 4046      5ACE6D83 
 4046      EEC05EBD 
 4047 006a F980F56A 		.ascii	"\371\200\365j\372\000\353\325\356n\035\036\250>\342"
 4047      FA00EBD5 
 4047      EE6E1D1E 
 4047      A83EE2
 4048 0079 AC169604 		.ascii	"\254\026\226\004\361&d\006\023\273\234\333\034\254\343"
 4048      F1266406 
 4048      13BB9CDB 
 4048      1CACE3
 4049 0088 C7D70469 		.ascii	"\307\327\004if\200?\037\333[\325\024\337c\037\371\032"
ARM GAS  C:\Users\nicx5\AppData\Local\Temp\ccBxLq1r.s 			page 179


 4049      66803F1F 
 4049      DB5BD514 
 4049      DF631FF9 
 4049      1A
 4050 0099 275BC2E8 		.ascii	"'[\302\350\266\254\262\036\274\243\2212\243\006\014"
 4050      B6ACB21E 
 4050      BCA39132 
 4050      A3060C
 4051 00a8 FBF9E0BC 		.ascii	"\373\371\340\274|=\341\223\313\263pW_\275\236\260\354"
 4051      7C3DE193 
 4051      CBB37057 
 4051      5FBD9EB0 
 4051      EC
 4052 00b9 1783A3A2 		.ascii	"\027\203\243\242\333\262\272\372\212\245\264Qc\335\242"
 4052      DBB2BAFA 
 4052      8AA5B451 
 4052      63DDA2
 4053 00c8 A231B5FE 		.ascii	"\2421\265\376\252\244V6\301\026\325\222US\234e[\214"
 4053      AAA45636 
 4053      C116D592 
 4053      55539C65 
 4053      5B8C
 4054 00da 43A996E9 		.ascii	"C\251\226\351\200'\2168`\325\212\233\246\021r\316\301"
 4054      80278E38 
 4054      60D58A9B 
 4054      A61172CE 
 4054      C1
 4055 00eb 2A15299B 		.ascii	"*\025)\233s>N\037\000a\201\026\254\212J\201J\352\300"
 4055      733E4E1F 
 4055      00618116 
 4055      AC8A4A81 
 4055      4AEAC0
 4056 00fe 5EF6043D 		.ascii	"^\366\004=\250\262\356\355\011s\316}[TY\275\001\274"
 4056      A8B2EEED 
 4056      0973CE7D 
 4056      5B5459BD 
 4056      01BC
 4057 0110 FB3DDD8D 		.ascii	"\373=\335\215\354^\343\002O2d\301\374\266.\227\2731"
 4057      EC5EE302 
 4057      4F3264C1 
 4057      FCB62E97 
 4057      BB31
 4058 0122 658AB9BE 		.ascii	"e\212\271\276\264\036c\350V\372\221\245\236\376Y\011"
 4058      B41E63E8 
 4058      56FA91A5 
 4058      9EFE5909 
 4059 0132 23ABE3EA 		.ascii	"#\253\343\352\261\217,\211\243Z\301N\363\211qx\235E"
 4059      B18F2C89 
 4059      A35AC14E 
 4059      F3897178 
 4059      9D45
 4060 0144 31E6EAFE 		.ascii	"1\346\352\376\323\312b\034#Q\025\267L\3574\231\375\343"
 4060      D3CA621C 
 4060      235115B7 
 4060      4CEF3499 
 4060      FDE3
 4061 0156 FAE346F2 		.ascii	"\372\343F\362\346\365\313~\301\322\360\240\371\346u"
ARM GAS  C:\Users\nicx5\AppData\Local\Temp\ccBxLq1r.s 			page 180


 4061      E6F5CB7E 
 4061      C1D2F0A0 
 4061      F9E675
 4062 0165 8BBC98AB 		.ascii	"\213\274\230\253\237f\314\354>\331\017\374\330\317\366"
 4062      9F66CCEC 
 4062      3ED90FFC 
 4062      D8CFF6
 4063 0174 6DF5ED3B 		.ascii	"m\365\355;Uo\337\364\366\011\364\272\242fb\020\322r"
 4063      556FDFF4 
 4063      F609F4BA 
 4063      A2666210 
 4063      D272
 4064 0186 CECAB3CB 		.ascii	"\316\312\263\313n\352\023\036o\337\335P\375\262\006"
 4064      6EEA131E 
 4064      6FDFDD50 
 4064      FDB206
 4065 0195 DA50F9E9 		.ascii	"\332P\371\351n\2177\273\310\330,\372F6\227s\313\340"
 4065      6E8F37BB 
 4065      C8D82CFA 
 4065      46369773 
 4065      CBE0
 4066 01a7 6A3FB136 		.ascii	"j?\2616h?\370\236,\305o\362\213)\023\354U\233\366\347"
 4066      683FF89E 
 4066      2CC56FF2 
 4066      8B2913EC 
 4066      559BF6E7 
 4067 01bb DEEE0BF9 		.ascii	"\336\356\013\371\020\250\217=\245\001\3045\346\314\232"
 4067      10A88F3D 
 4067      A501C435 
 4067      E6CC9A
 4068 01ca 56D0E52A 		.ascii	"V\320\345*\340Q9\321)\006HW\374\026\037\271(':\243\277"
 4068      E05139D1 
 4068      29064857 
 4068      FC161FB9 
 4068      28273AA3 
 4069 01df A7D0A343 		.ascii	"\247\320\243C\"\316\023\235b>\314\325r2\252\234\261"
 4069      22CE139D 
 4069      623ECCD5 
 4069      7232AA9C 
 4069      B1
 4070 01f0 5F5ADE4D 		.ascii	"_Z\336M\3647\016\316.'':\231=\243S\313h\355&\361,F\006"
 4070      F4370ECE 
 4070      2E27273A 
 4070      993DA353 
 4070      CB68ED26 
 4071 0208 7250C861 		.ascii	"rP\310al\342A\323\216\233vnH\214\254i\222\265c}\366"
 4071      6CE241D3 
 4071      8E9B766E 
 4071      488CAC69 
 4071      92B5637D 
 4072 021d A16BDB95 		.ascii	"\241k\333\225>\026\325Y\245\337\226\216I\351O\301>\326"
 4072      3E16D559 
 4072      A5DF968E 
 4072      49E94FC1 
 4072      3ED6
 4073 022f FA6C57F9 		.ascii	"\372lW\371\244\017\345p1\232}\265\216c\237b\275\372"
 4073      A40FE570 
ARM GAS  C:\Users\nicx5\AppData\Local\Temp\ccBxLq1r.s 			page 181


 4073      319A7DB5 
 4073      8E639F62 
 4073      BDFA
 4074 0241 DB22DFC8 		.ascii	"\333\"\337\310x\035\255\273\343N\024\271\312\031\371"
 4074      781DADBB 
 4074      E34E14B9 
 4074      CA19F9
 4075 0250 657777DC 		.ascii	"eww\334m\221\027\\\005\3424\323\300\311\306\3159h\223"
 4075      6D91175C 
 4075      05E234D3 
 4075      C0C9C6CD 
 4075      396893
 4076 0263 79DE7951 		.ascii	"y\336yQ\223\326\213q\214\034}I\022\233\263\326\305\033"
 4076      93D68B71 
 4076      8C1C7D49 
 4076      129BB3D6 
 4076      C51B
 4077 0275 98646638 		.ascii	"\230df8\252q\023\016I\306\023M\305&\343\232a\303\221"
 4077      AA71130E 
 4077      49C6134D 
 4077      C526E39A 
 4077      61C391
 4078 0288 50510412 		.ascii	"PQ\004\022R\021\303\257G\360H\030\"\352!\342q\200\240"
 4078      5211C3AF 
 4078      47F04818 
 4078      22EA21E2 
 4078      7180A0
 4079 029b 98345494 		.ascii	"\2304T\224\266\220\203b\322P\020R\261\250Hg'\251\311"
 4079      B6908362 
 4079      D2501052 
 4079      B1A84867 
 4079      27A9C9
 4080 02ae 9823C444 		.ascii	"\230#\304D\314\011\362\2610\014rr\2020\31412\021\241"
 4080      CC09F2B1 
 4080      300C7272 
 4080      8230CC31 
 4080      3211A1
 4081 02c1 3062CAC0 		.ascii	"0b\312\300\323NJ\027\206@:;\035<\020\201\214GLJ\037"
 4081      D34E4A17 
 4081      86403A3B 
 4081      1D3C1081 
 4081      8C474C4A 
 4082 02d6 80266810 		.ascii	"\200&h\020\320\335m~\2321\263\013`\005Y\006S\034@Yf"
 4082      D0DD6D7E 
 4082      9A31B30B 
 4082      60055906 
 4082      531C4059 
 4083 02eb 89EF8FAB 		.ascii	"\211\357\217\253r\214\324}\336\325Vq\013\223x\252\006"
 4083      728CD47D 
 4083      DED55671 
 4083      0B9378AA 
 4083      06
 4084 02fc 73F54D9F 		.ascii	"s\365M\237\367\003X`i\352\177\\\033(\353\270\2607{\212"
 4084      F7035860 
 4084      69EA7F5C 
 4084      1B28EBB8 
 4084      B0377B8A 
ARM GAS  C:\Users\nicx5\AppData\Local\Temp\ccBxLq1r.s 			page 182


 4085 0310 617463B6 		.ascii	"atc\2669\250\202\245\025\217e\213\246\370\355o\223\267"
 4085      39A882A5 
 4085      158F658B 
 4085      A6F8ED6F 
 4085      93B7
 4086 0322 108991C1 		.ascii	"\020\211\221\3010c\350\304T\220\253\363\211\206\031"
 4086      3063E8C4 
 4086      5490ABF3 
 4086      898619
 4087 0331 6AF9C2E1 		.ascii	"j\371\302\341IG\201\210\333\211kb4_!\336e\255\313\312"
 4087      49478188 
 4087      DB896B62 
 4087      345F21DE 
 4087      65ADCBCA 
 4088 0345 03809AA8 		.ascii	"\003\200\232\250A\\\306\020CD\")H\222\322p\340\"\231"
 4088      415CC610 
 4088      43442229 
 4088      4892D270 
 4088      E02299
 4089 0358 2A750311 		.ascii	"*u\003\021\320\034\204\324\230XPF\327\343Z\352\263L"
 4089      D01C84D4 
 4089      98585046 
 4089      D7E35AEA 
 4089      B34C
 4090 036a 4A39EF13 		.ascii	"J9\357\023\377}e\323\331)&\264\373\274K\216\015\016"
 4090      FF7D65D3 
 4090      D92926B4 
 4090      FBBC4B8E 
 4090      0D0E
 4091 037c D4DC0A14 		.ascii	"\324\334\012\024}\222\215\247\204\275+\363\226>\363"
 4091      7D928DA7 
 4091      84BD2BF3 
 4091      963EF3
 4092 038b 914D37F7 		.ascii	"\221M7\367H\211O\\K\221\021\356n\225\271^\016\\(\007"
 4092      48894F5C 
 4092      4B9111EE 
 4092      6E95B95E 
 4092      0E5C2807 
 4093 039f 7667B1B8 		.ascii	"vg\261\270Y\216\361I\013=\343\3166\246W=\362[\370\302"
 4093      598EF149 
 4093      0B3DE3CE 
 4093      36A6573D 
 4093      F25BF8C2 
 4094 03b3 48C339D1 		.ascii	"H\3039\321\012I\003;\362Q*\201\016F\033\356\007\015"
 4094      0A49033B 
 4094      F2512A81 
 4094      0E461BEE 
 4094      070D
 4095 03c5 27223D22 		.ascii	"'\"=\"\\c\373\360.\220\264BZ\205\216\325\344X(\376\307"
 4095      5C63FBF0 
 4095      2E90B442 
 4095      5A858ED5 
 4095      E45828FE 
 4096 03da 3C1FBC7E 		.ascii	"<\037\274~E\336W2\306\273Rs\300i\377\220\235\003\247"
 4096      45DE5732 
 4096      C6BB5273 
 4096      C069FF90 
ARM GAS  C:\Users\nicx5\AppData\Local\Temp\ccBxLq1r.s 			page 183


 4096      9D03A7
 4097 03ed F917B8E9 		.ascii	"\371\027\270\351{\001>Z\275\345\034 *\355j\274\230!"
 4097      7B013E5A 
 4097      BDE51C20 
 4097      2AED6ABC 
 4097      9821
 4098 03ff 63956DFE 		.ascii	"c\225m\376{f\035\3558\014\024\314L\234\255\320\240\247"
 4098      7B661DED 
 4098      380C14CC 
 4098      4C9CADD0 
 4098      A0A7
 4099 0411 909FB176 		.ascii	"\220\237\261v\374\315H(\250\220\226kX\203B\344\254c"
 4099      FCCD4828 
 4099      A890966B 
 4099      588342E4 
 4099      AC63
 4100 0423 A6855B37 		.ascii	"\246\205[7D\335:!uu\271D\037\210\232\250\221\310\354"
 4100      44DD3A21 
 4100      7575B944 
 4100      1F889AA8 
 4100      91C8EC
 4101 0436 44675DD8 		.ascii	"Dg]\330\024)\030\354O\241\336W\342\236P\232cq\202U\357"
 4101      142918EC 
 4101      4FA1DE57 
 4101      E29E509A 
 4101      63718255 
 4102 044b 48AC6210 		.ascii	"H\254b\020Z\017\305H\01620\332\346K\320|\211\376\221"
 4102      5A0FC548 
 4102      0E3230DA 
 4102      E64BD07C 
 4102      89FE91
 4103 045e 415603   		.ascii	"AV\003"
 4104              		.text
 4105              		.section	.gnu.lto_HAL_DMA_GetState.345.1f2f3510,"e",%progbits
 4106 0000 28B52FFD 		.ascii	"(\265/\375`l\000\025\012\000\206RHA\020\005+\035\000"
 4106      606C0015 
 4106      0A008652 
 4106      48411005 
 4106      2B1D00
 4107 0013 A071EC10 		.ascii	"\240q\354\020\200C\034\342\000\335eXs@\365\032\344\217"
 4107      80431CE2 
 4107      00DD6558 
 4107      7340F51A 
 4107      E48F
 4108 0025 B25A5923 		.ascii	"\262ZY#\371\275\340DT\335S\367;\010g7\011t\177\372\367"
 4108      F9BDE044 
 4108      54DD53F7 
 4108      3B086737 
 4108      09747FFA 
 4109 003a 8B17CD25 		.ascii	"\213\027\315%\322\031h\214\301\372\264\006t;\010~K\010"
 4109      D219688C 
 4109      C1FAB406 
 4109      743B087E 
 4109      4B08
 4110 004c D93BA532 		.ascii	"\331;\2452\0005\0002\000\027m;T\316L\253\373\273\261"
 4110      00350032 
 4110      00176D3B 
ARM GAS  C:\Users\nicx5\AppData\Local\Temp\ccBxLq1r.s 			page 184


 4110      54CE4CAB 
 4110      FBBBB1
 4111 005f 8918B071 		.ascii	"\211\030\260q\021\000\334=\311\272;\355\224\346_\347"
 4111      1100DC3D 
 4111      C9BA3BED 
 4111      94E65FE7 
 4112 006f 67593920 		.ascii	"gY9 s\303\325N=\025\273kz\303\265\334\365\266!l\277"
 4112      73C3D54E 
 4112      3D15BB6B 
 4112      7AC3B5DC 
 4112      F5B6216C 
 4113 0084 6C0708F5 		.ascii	"l\007\010\365\275\237\206\036\034\002>\336\003\315n"
 4113      BD9F861E 
 4113      1C023EDE 
 4113      03CD6E
 4114 0093 2E08DC02 		.ascii	".\010\334\002\342\200\032\3333\273\300>\310mPj?\347"
 4114      E2801ADB 
 4114      33BBC03E 
 4114      C86D506A 
 4114      3FE7
 4115 00a5 BCD97B32 		.ascii	"\274\331{2#\354&@\360\333=#\\\372\\t\370\302x1|\302"
 4115      23EC2640 
 4115      F0DB3D23 
 4115      5CFA5C74 
 4115      F8C27831 
 4116 00bb 18190AB6 		.ascii	"\030\031\012\266\317\275k\035_lU\3056\311O\223\317."
 4116      CFBD6B1D 
 4116      5F6C55C5 
 4116      36C94F93 
 4116      CF2E
 4117 00cd CCC80780 		.ascii	"\314\310\007\200r\362\331]\364e\343\305Z\033t;\276\232"
 4117      72F2D95D 
 4117      F465E3C5 
 4117      5A1B743B 
 4117      BE9A
 4118 00df 628398A5 		.ascii	"b\203\230\245A\2375Zg\374p\253\3166u\366('V\254\021"
 4118      419F355A 
 4118      67FC70AB 
 4118      CE3675F6 
 4118      282756AC 
 4119 00f4 AB0431A4 		.ascii	"\253\0041\244\\\253Vh\025(\345Z\241BR\255VH\344\032"
 4119      5CAB5668 
 4119      1528E55A 
 4119      A14252AD 
 4119      5648E41A 
 4120 0108 81912AD3 		.ascii	"\201\221*\323D\2424,H\250XL\202D\302LV\311\207\211Q"
 4120      44A2342C 
 4120      48A8584C 
 4120      8244C24C 
 4120      56C98789 
 4121 011d 3AF6BA20 		.ascii	":\366\272 \235B\242\022\207\351\004\0031_\035'\212\013"
 4121      9D42A212 
 4121      87E90403 
 4121      315F1D27 
 4121      8A0B
 4122 012f 007AE6E2 		.ascii	"\000z\346\342\031|\3169\273y\037\346\032\305\015Y\306"
 4122      197CCE39 
ARM GAS  C:\Users\nicx5\AppData\Local\Temp\ccBxLq1r.s 			page 185


 4122      BB791FE6 
 4122      1AC50D59 
 4122      C6
 4123 0140 E2D66C4D 		.ascii	"\342\326lM,^\302C\230\3275\311"
 4123      2C5EC243 
 4123      98D735C9 
 4124              		.text
 4125              		.section	.gnu.lto_HAL_DMA_GetError.346.1f2f3510,"e",%progbits
 4126 0000 28B52FFD 		.ascii	"(\265/\375`n\000\015\012\000&\222F=\000%+\035\021\020"
 4126      606E000D 
 4126      0A002692 
 4126      463D0025 
 4126      2B1D1110 
 4127 0014 CC83AA11 		.ascii	"\314\203\252\021%\261\341\200 \371\314\245\372$\362"
 4127      25B1E180 
 4127      20F9CCA5 
 4127      FA24F2
 4128 0023 A3610F97 		.ascii	"\243a\017\227\350\354\203P\275b\245\202\357Z@\254~\273"
 4128      E8EC8350 
 4128      BD62A582 
 4128      EF5A40AC 
 4128      7EBB
 4129 0035 873F3AA0 		.ascii	"\207?:\240\232\3405\320\316\334^\303\243l\261\235\003"
 4129      9AE035D0 
 4129      CEDC5EC3 
 4129      A36CB19D 
 4129      03
 4130 0046 3542F64E 		.ascii	"5B\366N)2\0002\0004\000A3\207\321\243\263r#\334=\311"
 4130      29320032 
 4130      00340041 
 4130      3387D1A3 
 4130      B37223DC 
 4131 005c 8523803E 		.ascii	"\205#\200>\2127\000}\254\276\343Nq\376i\376\224\335"
 4131      8A37007D 
 4131      ACBEE34E 
 4131      71FE69FE 
 4131      94DD
 4132 006e CF8E8E97 		.ascii	"\317\216\216\227;\015I\354\256\251\216\247r\327\333"
 4132      3B0D49EC 
 4132      AEA98EA7 
 4132      72D7DB
 4133 007d 66B03DB3 		.ascii	"f\260=\263\215\023\246\2567\177*\206~>\300\231\206\335"
 4133      8D13A6AE 
 4133      377F2A86 
 4133      7E3EC099 
 4133      86DD
 4134 008f 2ECB50B8 		.ascii	".\313P\270<cN\214\355\233-`\023\004\310\240\364\246"
 4134      3C634E8C 
 4134      ED9B2D60 
 4134      1304C8A0 
 4134      F4A6
 4135 00a1 CD05BB00 		.ascii	"\315\005\273\000\314\340\356\351\340\224\350\243m_\346"
 4135      CCE0EEE9 
 4135      E094E8A3 
 4135      6D5FE6
 4136 00b0 BF9B7101 		.ascii	"\277\233q\001\033\033\253\010\213\003\333\347^\334\332"
 4136      1B1BAB08 
ARM GAS  C:\Users\nicx5\AppData\Local\Temp\ccBxLq1r.s 			page 186


 4136      8B03DBE7 
 4136      5EDCDA
 4137 00bf AB15D462 		.ascii	"\253\025\324bRQl\207\374\034\021\355\272\234|\233\022"
 4137      52516C87 
 4137      FC1C11ED 
 4137      BA9C7C9B 
 4137      12
 4138 00d0 1291EFA3 		.ascii	"\022\221\357\243o\253\012\275\032`=\361\300\313\322"
 4138      6FAB0ABD 
 4138      1A603DF1 
 4138      C0CBD2
 4139 00df A1CF1CAD 		.ascii	"\241\317\034\2550\276\270\265g\007\3460A\274`'\230i"
 4139      30BEB8B5 
 4139      6707E630 
 4139      41BC6027 
 4139      9869
 4140 00f1 94D092BD 		.ascii	"\224\320\222\275b\242]\243\226\354\305\372h\305b\244"
 4140      62A25DA3 
 4140      96ECC5FA 
 4140      68C562A4 
 4141 0101 920C8446 		.ascii	"\222\014\204F\272J\025\311\272\230@\261j\265\007\024"
 4141      BA4A15C9 
 4141      BA9840B1 
 4141      6AB50714 
 4142 0111 492B6122 		.ascii	"I+a\"\035e\205\311\265\031\005jE*\2454T+\232G9\013\015"
 4142      1D6585C9 
 4142      B519056A 
 4142      452AA534 
 4142      542B9A47 
 4143 0128 007AE6E2 		.ascii	"\000z\346\342\031|\3169\276y\317\250\3414f\303e\006"
 4143      197CCE39 
 4143      BE79CFA8 
 4143      E13466C3 
 4143      6506
 4144 013a 598C05AD 		.ascii	"Y\214\005\255\331\252X<=\004\027~\346y\265\223\014"
 4144      D9AA583C 
 4144      3D04177E 
 4144      E679B593 
 4144      0C
 4145              		.text
 4146              		.section	.gnu.lto_DMA_SetConfig.347.1f2f3510,"e",%progbits
 4147 0000 28B52FFD 		.ascii	"(\265/\375`j\021\355=\000\032\\\260\025@0`V\007\353"
 4147      606A11ED 
 4147      3D001A5C 
 4147      B0154030 
 4147      605607EB 
 4148 0014 268A8D79 		.ascii	"&\212\215y\245\034-\031\327\344D\260\373*/t+\323\242"
 4148      A51C2D19 
 4148      D7E444B0 
 4148      FB2A2F74 
 4148      2BD3A2
 4149 0027 274E4265 		.ascii	"'NBe;\306k\027\032B\007\232\217\275\307O\242\335r\251"
 4149      3BC66B17 
 4149      1A42079A 
 4149      8FBDC74F 
 4149      A2DD72A9 
 4150 003b 986C14B3 		.ascii	"\230l\024\263\256\003\360\241V>\021\332&[7\273\367\226"
ARM GAS  C:\Users\nicx5\AppData\Local\Temp\ccBxLq1r.s 			page 187


 4150      AE03F0A1 
 4150      563E11DA 
 4150      265B37BB 
 4150      F796
 4151 004d 32C95001 		.ascii	"2\311P\0017\001J\001\265\267\352\347\375f\305\237\367"
 4151      37014A01 
 4151      B5B7EAE7 
 4151      FD66C59F 
 4151      F7
 4152 005e 566EF966 		.ascii	"Vn\371f\325\036\333\365V\345\247Z\0106\257\232\304\213"
 4152      D51EDBF5 
 4152      56E5A75A 
 4152      0836AF9A 
 4152      C48B
 4153 0070 D3550F63 		.ascii	"\323U\017c\024\177Vj\275\236\357\375p\037g}\271\034"
 4153      147F566A 
 4153      BD9EEFFD 
 4153      701F677D 
 4153      B91C
 4154 0082 BBA8AEFF 		.ascii	"\273\250\256\377\310\335\325\265\027\301\346P\374\371"
 4154      C8DDD5B5 
 4154      17C1E650 
 4154      FCF9
 4155 0090 E991E89F 		.ascii	"\351\221\350\237\3457\242\177\336\326\275\003{}W\213"
 4155      E537A27F 
 4155      DED6BD03 
 4155      7B7D578B 
 4156 00a0 49108433 		.ascii	"I\020\2043b\306\260\256\353\253>\345\255\337\305`\001"
 4156      62C6B0AE 
 4156      EBAB3EE5 
 4156      ADDFC560 
 4156      01
 4157 00b1 D7965696 		.ascii	"\327\226V\226\023KA\202++\004\007\252\250\014L\025\220"
 4157      134B4182 
 4157      2B2B0407 
 4157      AAA80C4C 
 4157      1590
 4158 00c3 22103540 		.ascii	"\"\0205@\000\324\223S\263\211\311\264\244\024\000@\022"
 4158      00D49353 
 4158      B389C9B4 
 4158      A4140040 
 4158      12
 4159 00d4 D29151D1 		.ascii	"\322\221Q\321RI\224D\016\011\035\215E\"=\313\235[\367"
 4159      52499444 
 4159      0E091D8D 
 4159      45223DCB 
 4159      9D5BF7
 4160 00e7 8BF96599 		.ascii	"\213\371e\231\231\330w1X\360\307\220s\035n\351\321\312"
 4160      99D87731 
 4160      58F0C790 
 4160      731D6EE9 
 4160      D1CA
 4161 00f9 9315E8C4 		.ascii	"\223\025\350\304\203uG\001`\202\253orv\370V2\225\332"
 4161      83754701 
 4161      6082AB6F 
 4161      7276F856 
 4161      3295DA
ARM GAS  C:\Users\nicx5\AppData\Local\Temp\ccBxLq1r.s 			page 188


 4162 010c 9B213F47 		.ascii	"\233!?G\333'#\3719\011\374+\3328\034\201\035A~\340M"
 4162      DB2723F9 
 4162      3909FC2B 
 4162      DA381C81 
 4162      1D417EE0 
 4163 0121 951B2A3E 		.ascii	"\225\033*>\003m\246\366\012\240\221\262#P\027uf\200"
 4163      036DA6F6 
 4163      0AA091B2 
 4163      23501775 
 4163      6680
 4164 0133 190165A0 		.ascii	"\031\001e\240\310<\215q\352\322\244k\232\203\303\231"
 4164      C83C8D71 
 4164      EAD2A46B 
 4164      9A83C399 
 4165 0143 504DCEE4 		.ascii	"PM\316\344\236\351\2126\216/\311)q\011\360\006\240-"
 4165      9EE98A36 
 4165      8E2FC929 
 4165      7109F006 
 4165      A02D
 4166 0155 890A12DB 		.ascii	"\211\012\022\333\321\024#)E\335%W\271F\244$\251\206"
 4166      D1142329 
 4166      45DD2557 
 4166      B946A424 
 4166      A986
 4167 0167 4C329426 		.ascii	"L2\224&\204\344x\304\210V\3749\332-1Kcg\036\362\216"
 4167      84E478C4 
 4167      8856FC39 
 4167      DA2D314B 
 4167      63671EF2 
 4168 017c 2E1F1063 		.ascii	".\037\020c9\2224\273\312Fhg\304/\346\241\256h\3418'"
 4168      399234BB 
 4168      CA466867 
 4168      C42FE6A1 
 4168      AE68E138 
 4169 0191 46A8EB7A 		.ascii	"F\250\353z\3632\263\263\337\015~o\231\310\336\333\311"
 4169      F332B3B3 
 4169      DF0D7E6F 
 4169      99C8DEDB 
 4169      C9
 4170 01a2 DE48A9CA 		.ascii	"\336H\251\312\036dy\362a ,D\203\035L\364\001\344,\271"
 4170      1E6479F2 
 4170      61202C44 
 4170      831D4CF4 
 4170      01E42CB9 
 4171 01b6 477814A2 		.ascii	"Gx\024\242\007\015\351\015'\343\222h\031Z\313;\312\263"
 4171      070DE90D 
 4171      27E39268 
 4171      195ACB3B 
 4171      CAB3
 4172 01c8 AB1322D3 		.ascii	"\253\023\"\323rp\323w\214\314\361\215\220\212\010\221"
 4172      7270D377 
 4172      8CCCF18D 
 4172      908A0891 
 4173 01d8 43E392B0 		.ascii	"C\343\222\260\0035%T\212bdy{\015\026\257\2158\370\340"
 4173      03352554 
 4173      8A626479 
 4173      7B0D16AF 
ARM GAS  C:\Users\nicx5\AppData\Local\Temp\ccBxLq1r.s 			page 189


 4173      8D38F8E0 
 4174 01ec 7D58B8FD 		.ascii	"}X\270\375\243\367\262\332\354\002\307\314\336\250?"
 4174      A3F7B2DA 
 4174      EC02C7CC 
 4174      DEA83F
 4175 01fb 1CC42B94 		.ascii	"\034\304+\224\327\216\276p1\026\264\272\336\273rMVk"
 4175      D78EBE70 
 4175      3116B4BA 
 4175      DEBB724D 
 4175      566B
 4176 020d 7FE3A179 		.ascii	"\177\343\241y\247\000\270\203\017\332{\253\3703\033"
 4176      A700B883 
 4176      0FDA7BAB 
 4176      F8331B
 4177 021c 0FEF341B 		.ascii	"\017\3574\033\370\337o\211\263\017JR\3770\3774\306\307"
 4177      F8DF6F89 
 4177      B30F4A52 
 4177      FF30FF34 
 4177      C6C7
 4178 022e FB7B5227 		.ascii	"\373{R'\362\310\016\332\233\305\227\251\026\353\272"
 4178      F2C80EDA 
 4178      9BC597A9 
 4178      16EBBA
 4179 023d DEDA4FE6 		.ascii	"\336\332O\346\203\213\342\224\034\364\317\337up\351"
 4179      838BE294 
 4179      1CF4CFDF 
 4179      7570E9
 4180 024c C6FA753B 		.ascii	"\306\372u;\373\230\314\251\371x{\305x\357\356\357\343"
 4180      FB98CCA9 
 4180      F9787BC5 
 4180      78EFEEEF 
 4180      E3
 4181 025d F118D0EE 		.ascii	"\361\030\320\356\334\275\337\373\337|\272\177\346\177"
 4181      DCBDDFFB 
 4181      DF7CBA7F 
 4181      E67F
 4182 026b FF973ECC 		.ascii	"\377\227>\314\357\244\227\373G\232\371^\316|+g\276\211"
 4182      EFA497FB 
 4182      479AF95E 
 4182      CE7C2B67 
 4182      BE89
 4183 027d 66BE9333 		.ascii	"f\276\2233\337\310\231\357\241\231o\241\231\357\343"
 4183      DFC899EF 
 4183      A1996FA1 
 4183      99EFE3
 4184 028c CCB771E6 		.ascii	"\314\267q\346\2738\363M4\362M\027\371\236g\276e\"\337"
 4184      BB38F34D 
 4184      34F24D17 
 4184      F99E67BE 
 4184      6522DF
 4185 029f 9DE69BCF 		.ascii	"\235\346\233\317|\277\001\"\032\277o\034\227]]+\031"
 4185      7CBF0122 
 4185      1ABF6F1C 
 4185      975D5D2B 
 4185      19
 4186 02b0 1BD672E6 		.ascii	"\033\326r\3464m\037\346\177\357\1770/f\013)\301aj\310"
 4186      346D1FE6 
ARM GAS  C:\Users\nicx5\AppData\Local\Temp\ccBxLq1r.s 			page 190


 4186      7FEF7F30 
 4186      2F660B29 
 4186      C1616AC8 
 4187 02c4 F598DF23 		.ascii	"\365\230\337#xW\005\011\236\327\336\340\033\274~Rw:"
 4187      78570509 
 4187      9ED7DEE0 
 4187      1BBC7E52 
 4187      773A
 4188 02d6 5E04D30C 		.ascii	"^\004\323\014\326\001}\357\013|\214\304\227\361!\032"
 4188      D6017DEF 
 4188      0B7C8CC4 
 4188      97F1211A 
 4189 02e6 0B8EC73F 		.ascii	"\013\216\307?E\013\365\241\216\344\221\335^/\374x\020"
 4189      450BF5A1 
 4189      8EE491DD 
 4189      5E2FFC78 
 4189      10
 4190 02f7 8E0C450D 		.ascii	"\216\014E\015\235\004\227\356\353v\354{s\370@\200\274"
 4190      9D0497EE 
 4190      EB76EC7B 
 4190      73F84080 
 4190      BC
 4191 0308 3A34D5A0 		.ascii	":4\325\240\177\236\301\030;\204\237\242\217\235\250"
 4191      7F9EC118 
 4191      3B849FA2 
 4191      8F9DA8
 4192 0317 870D74ED 		.ascii	"\207\015t\355\327\355\364St\261\033;\322-\273\275z\370"
 4192      D7EDF453 
 4192      74B11B3B 
 4192      D22DBBBD 
 4192      7AF8
 4193 0329 C26AB173 		.ascii	"\302j\261s\010s\007E9\262E\320\273\373\341<\357\317"
 4193      08730745 
 4193      39B245D0 
 4193      BBFBE13C 
 4193      EFCF
 4194 033b D7AF750A 		.ascii	"\327\257u\012\017\274\371*7O\305\367\006\332\374\324"
 4194      0FBCF92A 
 4194      374FC5F7 
 4194      06DAFCD4 
 4195 034b DE1760F3 		.ascii	"\336\027`\363Rk\236\200\336G\345=\240\001j\276M@\232"
 4195      526B9E80 
 4195      DE47E53D 
 4195      A0016ABE 
 4195      4D409A
 4196 035e AF0285F7 		.ascii	"\257\002\205\367OwO\306\011\315\0336{\327\356\355\232"
 4196      4F774FC6 
 4196      09CD1B36 
 4196      7BD7EEED 
 4196      9A
 4197 036f 7AB7EE79 		.ascii	"z\267\356y\307\372\002\350\354\023$\210I\354{\177\275"
 4197      C7FA02E8 
 4197      EC132488 
 4197      49EC7B7F 
 4197      BD
 4198 0380 1FC22908 		.ascii	"\037\302)\010\015R\372g!\2672>\337\020\317\247J\354"
 4198      0D52FA67 
ARM GAS  C:\Users\nicx5\AppData\Local\Temp\ccBxLq1r.s 			page 191


 4198      21B7323E 
 4198      DF10CFA7 
 4198      4AEC
 4199 0392 2CB87463 		.ascii	",\270tc\"~PJw\246\336\027\330\315\202\307\324\273{\177"
 4199      227E504A 
 4199      77A6DE17 
 4199      D8CD82C7 
 4199      D4BB7B7F 
 4200 03a6 183DF7AE 		.ascii	"\030=\367\256/wH|\236\260\2713\375\344\276\267\211\307"
 4200      2F77487C 
 4200      9EB0B933 
 4200      FDE4BEB7 
 4200      89C7
 4201 03b8 F32CD635 		.ascii	"\363,\3265\223\255\375wl@\037\254\311\240\1776\202)"
 4201      93ADFD77 
 4201      6C401FAC 
 4201      C9A07F36 
 4201      8229
 4202 03ca E3F345F1 		.ascii	"\343\363E\361v\252r\037\301\245\213\276XF\357J_}q}\336"
 4202      76AA721F 
 4202      C1A58BBE 
 4202      5846EF4A 
 4202      5F7D717D 
 4203 03df 04978610 		.ascii	"\004\227\206\020.\013\365(q\353\260\022\032q\200\300"
 4203      2E0BF528 
 4203      71EBB012 
 4203      1A7180C0 
 4204 03ef BCA83A2D 		.ascii	"\274\250:-\000\366fp\026\224\270$0a\031>\037HU\302\373"
 4204      00F66670 
 4204      1694B824 
 4204      3061193E 
 4204      1F4855C2 
 4205 0404 CE1BED51 		.ascii	"\316\033\355QZ\336\026.\316h\366\366X#\223\301\337\246"
 4205      5ADE162E 
 4205      CE68F6F6 
 4205      582393C1 
 4205      DFA6
 4206 0416 CE5FD11B 		.ascii	"\316_\321\033!\337b\366\266\\\022\356rss\001P)\330\223"
 4206      21DF62F6 
 4206      B65C12EE 
 4206      72737301 
 4206      5029D893 
 4207 042a AA223A2D 		.ascii	"\252\":-B\245`'\236T\025\321\251q\305\014\0250\242\033"
 4207      42A56027 
 4207      9E5415D1 
 4207      A971C50C 
 4207      1530A21B 
 4208 043e A033A033 		.ascii	"\2403\2403\250\025\216Tjt\012\006&\001\305\364\353\270"
 4208      A8158E54 
 4208      6A740A06 
 4208      2601C5F4 
 4208      EBB8
 4209 0450 53683100 		.ascii	"Sh1\000\213nE\265\254\232\240R\260\025\362Fa\005\225"
 4209      8B6E45B5 
 4209      AC9AA052 
 4209      B015F246 
 4209      610595
ARM GAS  C:\Users\nicx5\AppData\Local\Temp\ccBxLq1r.s 			page 192


 4210 0463 823D5F40 		.ascii	"\202=_@W\254\300rJgP\257PL\277\256\236\033$`x\332\260"
 4210      57ACC072 
 4210      4A6750AF 
 4210      504CBFAE 
 4210      9E1B2460 
 4211 047a C185E18A 		.ascii	"\301\205\341\212:\215\322`1\255\240\265m\204M\300P\002"
 4211      3A8DD260 
 4211      31ADA0B5 
 4211      6D844DC0 
 4211      5002
 4212 048c CBC9E1C3 		.ascii	"\313\311\341\303W\011\252\213iX\210\022]\026\216\352"
 4212      5709AA8B 
 4212      69588812 
 4212      5D168EEA 
 4213 049c 97EBCE35 		.ascii	"\227\353\3165\372\333#g\254g\267\363/\217\\\327u\335"
 4213      FADB2367 
 4213      AC67B7F3 
 4213      2F8F5CD7 
 4213      75DD
 4214 04ae D57CF2E7 		.ascii	"\325|\362\347\306lB\375\343f\341\364\030\260\361%a\342"
 4214      C66C42FD 
 4214      E366E1F4 
 4214      18B0F125 
 4214      61E2
 4215 04c0 3DCD36AE 		.ascii	"=\3156\256\366\204!\016o0a\036\013zws\262_\246!YrY\262"
 4215      F684210E 
 4215      6F30611E 
 4215      0B7A7773 
 4215      B25FA621 
 4216 04d8 C2D1B638 		.ascii	"\302\321\2668\254XLX\335\350\237\245\334\264/\233r\013"
 4216      AC584C58 
 4216      DDE89FA5 
 4216      DCB42F9B 
 4216      720B
 4217 04ea 2FC28978 		.ascii	"/\302\211xY\2714o\350\365\377)Z\331\215~\260\201\336"
 4217      59B9346F 
 4217      E8F5FF29 
 4217      5AD98D7E 
 4217      B081DE
 4218 04fd F0939DA8 		.ascii	"\360\223\235\250\023\351e\267W\017\374,\331\237b'uj"
 4218      13E965B7 
 4218      570FFC2C 
 4218      D99F6227 
 4218      756A
 4219 050f 7C5CE12D 		.ascii	"|\\\341-:Zs\262\374\234r\236\367,\254\276\347=JA\034"
 4219      3A5A73B2 
 4219      FC9C729E 
 4219      F72CACBE 
 4219      E73D4A41 
 4220 0524 EC9F19C1 		.ascii	"\354\237\031\301\004M- 3\210\2139~'\026\353s\305\214"
 4220      044D2D20 
 4220      33888B39 
 4220      7E2716EB 
 4220      73C58C
 4221 0537 E33F4CBC 		.ascii	"\343?L\274\240\326\201\322\354{[\347x\231\011\027\334"
 4221      A0D681D2 
 4221      EC7B5BE7 
ARM GAS  C:\Users\nicx5\AppData\Local\Temp\ccBxLq1r.s 			page 193


 4221      78990917 
 4221      DC
 4222 0548 B46FD8F0 		.ascii	"\264o\330\360\331\274\333(V\275\273\275_\245\221\275"
 4222      D9BCDB28 
 4222      56BDBBBD 
 4222      5FA591BD 
 4223 0558 EB0BA0B5 		.ascii	"\353\013\240\265\013\317V\253\326\266\004\216\245\360"
 4223      0BCF56AB 
 4223      D6B6048E 
 4223      A5F0
 4224 0566 7313B257 		.ascii	"s\023\262Wq\351\306\362,\365\275-\360\035-\270i~C\001"
 4224      71E9C6F2 
 4224      2CF5BD2D 
 4224      F01D2DB8 
 4224      697E4301 
 4225 057a 817AA841 		.ascii	"\201z\250Ad\250\224\032\021\021Q\224$)\244\003A\006"
 4225      64A8941A 
 4225      11115194 
 4225      2429A403 
 4225      4106
 4226 058c 84284534 		.ascii	"\204(E4\346\001\021p \307\254\242L&i\222\302\316\001"
 4226      E6011170 
 4226      20C7ACA2 
 4226      4C266992 
 4226      C2CE01
 4227 059f 99195F77 		.ascii	"\231\031_wJ\334\340\263ezM\006\356y~+\320\355=O\303"
 4227      4ADCE0B3 
 4227      657A4D06 
 4227      EE797E2B 
 4227      D0ED3D4F 
 4228 05b4 BED00217 		.ascii	"\276\320\002\027>\264h\210\261\215C\015j\371\025\304"
 4228      3EB46888 
 4228      B18D430D 
 4228      6AF915C4 
 4229 05c4 4590C8C0 		.ascii	"E\220\310\3002\300\372RHN\372\007\204\004h|!*\267\221"
 4229      32C0FA52 
 4229      484EFA07 
 4229      8404687C 
 4229      212AB791 
 4230 05d8 99EDC021 		.ascii	"\231\355\300!,U;\221\341[X\030g\255\305a4;\023\274\036"
 4230      2C553B91 
 4230      E15B5818 
 4230      67ADC561 
 4230      343B13BC 
 4231 05ed 3963B0B6 		.ascii	"9c\260\266\311p\232\342\361v1\253-<!\005\334=\303\012"
 4231      C9709AE2 
 4231      F17631AB 
 4231      2D3C2105 
 4231      DC3DC30A 
 4232 0601 40C7FB87 		.ascii	"@\307\373\207\224\201\224\336KT\215\037\302\242\312"
 4232      948194DE 
 4232      4B548D1F 
 4232      C2A2CA
 4233 0610 BB0C3A23 		.ascii	"\273\014:#9F\010^l\254\001\\O<\303\020sdR\256Q\342\230"
 4233      3946085E 
 4233      6CAC015C 
 4233      4F3CC310 
ARM GAS  C:\Users\nicx5\AppData\Local\Temp\ccBxLq1r.s 			page 194


 4233      736452AE 
 4234 0627 1812BB5F 		.ascii	"\030\022\273_&w\001\016St\371\371\262\005\346\323T>"
 4234      2677010E 
 4234      5374F9F9 
 4234      B205E6D3 
 4234      543E
 4235 0639 82F229D7 		.ascii	"\202\362)\327\236\022{\012\177\023\0129@\303\350\001"
 4235      9E127B0A 
 4235      7F130A39 
 4235      40C3E801 
 4236 0649 5AEE52F8 		.ascii	"Z\356R\370\332\300\356\347Bz\020\\\345f\220BW?\274\215"
 4236      DAC0EEE7 
 4236      427A105C 
 4236      E5669042 
 4236      573FBC8D 
 4237 065d 8008554F 		.ascii	"\200\010UO\316\345l\270Y',\305n\000\315!\321Dh\002\372"
 4237      CEE56CB8 
 4237      59272CC5 
 4237      6E00CD21 
 4237      D1446802 
 4238 0672 2F740689 		.ascii	"/t\006\211\371[?\320\355\017Q\202.\177\310\012:\376"
 4238      F95B3FD0 
 4238      ED0F5182 
 4238      2E7FC80A 
 4238      3AFE
 4239 0684 2162D0E5 		.ascii	"!b\320\345\017\271A\307?D\017\272\374!C\350\370\207"
 4239      0FB941C7 
 4239      3F440FBA 
 4239      FC2143E8 
 4239      F887
 4240 0696 20092DFD 		.ascii	" \011-\375}yB;@\177U\344\006\010\271E\232\177\037\302"
 4240      7D79423B 
 4240      407F55E4 
 4240      0608B945 
 4240      9A7F1FC2 
 4241 06aa D0D2DF97 		.ascii	"\320\322\337\227g\250n\021\214mC7gH\231\225v\022\323"
 4241      67A86E11 
 4241      8C6D4337 
 4241      67489995 
 4241      7612D3
 4242 06bd 044241E4 		.ascii	"\004BA\344\221i;HW\024p\323\317}\331H\003\310\347\357"
 4242      91693B48 
 4242      571470D3 
 4242      CF7DD948 
 4242      03C8E7EF 
 4243 06d1 A481654E 		.ascii	"\244\201eNC\363v\335\020~\022\245/f\355\020;\265nc\264"
 4243      43F376DD 
 4243      107E12A5 
 4243      2F66ED10 
 4243      3BB56E63 
 4244 06e6 76536F36 		.ascii	"vSo6Ee\035\025\260\211\321\011r\217\246\004\357\225"
 4244      45651D15 
 4244      B089D109 
 4244      728FA604 
 4244      EF95
 4245 06f8 C7DE1A07 		.ascii	"\307\336\032\007OEMHG\311#\212N\361\233\360UV\220X\215"
 4245      4F454D48 
ARM GAS  C:\Users\nicx5\AppData\Local\Temp\ccBxLq1r.s 			page 195


 4245      47C9238A 
 4245      4EF19BF0 
 4245      55569058 
 4246 070d A2F006DB 		.ascii	"\242\360\006\333Z\345ej\311\3223\302X\374T\315g\233"
 4246      5AE5656A 
 4246      C9D233C2 
 4246      58FC54CD 
 4246      679B
 4247 071f C25D5952 		.ascii	"\302]YR\227\312.\221V\326Dc_\334J\334\326\311\266s`"
 4247      97CA2E91 
 4247      56D64463 
 4247      5FDC4ADC 
 4247      D6C9B673 
 4248 0734 5CB7B4E7 		.ascii	"\\\267\264\347\376v\035\257>\003)\364\025a\350\034\355"
 4248      FE761DAF 
 4248      3E0329F4 
 4248      1561E81C 
 4248      ED
 4249 0745 27E4A950 		.ascii	"'\344\251P~E6\337\015%\002\316\217 \"\337\015\"\011"
 4249      7E4536DF 
 4249      0D2502CE 
 4249      8F2022DF 
 4249      0D2209
 4250 0758 95B9F91F 		.ascii	"\225\271\371\037`\026r\027\216\250\212\020\365\012n"
 4250      60167217 
 4250      8EA88A10 
 4250      F50A6E
 4251 0767 C28C1E6E 		.ascii	"\302\214\036n\246\345\032\033\2378\305\316\020ZN\202"
 4251      A6E51A1B 
 4251      9F38C5CE 
 4251      105A4E82 
 4252 0777 BE57C89F 		.ascii	"\276W\310\237\351\313\273\341\020q\333\230XM\250.X\205"
 4252      E9CBBBE1 
 4252      1071DB98 
 4252      584DA82E 
 4252      5885
 4253 0789 CE443552 		.ascii	"\316D5R\265`:\260/\013\322(fG\373_\033`Z\237\037\024"
 4253      B5603AB0 
 4253      2F0BD228 
 4253      6647FB5F 
 4253      1B605A9F 
 4254 079f 9BD81FAD 		.ascii	"\233\330\037\255s\321\215T-\230\016\315\204nDU\3114"
 4254      73D18D54 
 4254      2D980ECD 
 4254      846E4455 
 4254      C934
 4255 07b1 342EB411 		.ascii	"4.\264\021z=\005Y\2436QO\011\354O\240\211\201H\353\376"
 4255      7A3D0559 
 4255      A336514F 
 4255      09EC4FA0 
 4255      898148EB 
 4256 07c6 03       		.ascii	"\003"
 4257              		.text
 4258              		.section	.gnu.lto_DMA_CalcBaseAndBitshift.348.1f2f3510,"e",%progbits
 4259 0000 28B52FFD 		.ascii	"(\265/\375`\271\006\345 \000V7\313Hp\\R\007{D\0001\246"
 4259      60B906E5 
 4259      20005637 
ARM GAS  C:\Users\nicx5\AppData\Local\Temp\ccBxLq1r.s 			page 196


 4259      CB48705C 
 4259      52077B44 
 4260 0017 8598933F 		.ascii	"\205\230\223?_\000\315c\014\001V\000\340\217\217k\233"
 4260      5F00CD63 
 4260      0C015600 
 4260      E08F8F6B 
 4260      9B
 4261 0028 CCB2D2F6 		.ascii	"\314\262\322\366u\251P\304R\262xt\204\243r/\2704QY7"
 4261      75A950C4 
 4261      52B27874 
 4261      84A3722F 
 4261      B8345159 
 4262 003d CD7EB2B0 		.ascii	"\315~\262\260#\"\350%}\036\177\221I\261\332\271ZF\266"
 4262      2322E825 
 4262      7D1E7F91 
 4262      49B1DAB9 
 4262      5A46B6
 4263 0050 B6B7DC49 		.ascii	"\266\267\334I\246\024\266\000\246\000\300\0009G\025"
 4263      A614B600 
 4263      A600C000 
 4263      394715
 4264 005f 38EE1539 		.ascii	"8\356\0259\307\316\353\376\215\361\334\353_0\332&\347"
 4264      C7CEEBFE 
 4264      8DF1DCEB 
 4264      5F30DA26 
 4264      E7
 4265 0070 37B7B29C 		.ascii	"7\267\262\234\243\014\372C\316qw\267{y\021\243^\352"
 4265      A30CFA43 
 4265      CE7177B7 
 4265      7B7911A3 
 4265      5EEA
 4266 0082 72D917B3 		.ascii	"r\331\027\263\303\030)\033J\334r\216\346\340\370pu\254"
 4266      C318291B 
 4266      4ADC728E 
 4266      E6E0F870 
 4266      75AC
 4267 0094 7A7075FC 		.ascii	"zpu\374Z\276\364\233\2410h\003\254\371\371hz\274\235"
 4267      5ABEF49B 
 4267      A1306803 
 4267      ACF9F968 
 4267      7ABC9D
 4268 00a7 2EC7AE58 		.ascii	".\307\256X\375\273l\207\27275\021!\303\364t\3447C\366"
 4268      FDBB6C87 
 4268      BA373511 
 4268      21C3F474 
 4268      E43743F6 
 4269 00bb 8210CDE9 		.ascii	"\202\020\315\351\207\212\223s\366\250\326\015\032\320"
 4269      878A9373 
 4269      F6A8D60D 
 4269      1AD0
 4270 00c9 0105C46D 		.ascii	"\001\005\304m\262\200\317\032\254\237\225\257\212&G"
 4270      B280CF1A 
 4270      AC9F95AF 
 4270      8A2647
 4271 00d8 0F07EFC6 		.ascii	"\017\007\357\306\216J7\225s4')Viu\342$\025\351\325\005"
 4271      8E4A3795 
 4271      73342729 
ARM GAS  C:\Users\nicx5\AppData\Local\Temp\ccBxLq1r.s 			page 197


 4271      566975E2 
 4271      2415E9D5 
 4272 00ed 6B5C54BE 		.ascii	"k\\T\276\247\246\032\234Z\262\346P7 \304\311\307\275"
 4272      A7A61A9C 
 4272      5AB2E650 
 4272      3720C4C9 
 4272      C7BD
 4273 00ff EC859C73 		.ascii	"\354\205\234s_\246'(o\000\336\355\\\335m\324\215\215"
 4273      5FA62728 
 4273      6F00DEED 
 4273      5CDD6DD4 
 4273      8D8D
 4274 0111 0252206C 		.ascii	"\002R l5\221&\301Q\004\01675{S\261\204cw\215k\252\354"
 4274      359126C1 
 4274      51040E37 
 4274      357B53B1 
 4274      8463778D 
 4275 0128 3FABD5BC 		.ascii	"?\253\325\274\224\235\274\273\254\376\032\270 \335\270"
 4275      949DBCBB 
 4275      ACFE1AB8 
 4275      20DDB8
 4276 0137 EE1EF2B1 		.ascii	"\356\036\362\261\356\022\241]l\004\213\\\316\331\265"
 4276      EE12A15D 
 4276      6C048B5C 
 4276      CED9B5
 4277 0146 1CB7C358 		.ascii	"\034\267\303X\035\373\257O0\3467\273(\365B\313\267\355"
 4277      1DFBAF4F 
 4277      30E637BB 
 4277      28F542CB 
 4277      B7ED
 4278 0158 E8D1FDAC 		.ascii	"\350\321\375\254\366o\333\266\355\177v\367\355\241\207"
 4278      F66FDBB6 
 4278      ED7F76F7 
 4278      EDA187
 4279 0167 7903FDCB 		.ascii	"y\003\375\313\375\207o\367\360m\036\276\275\303\267"
 4279      FD876FF7 
 4279      F06D1EBE 
 4279      BDC3B7
 4280 0176 75F8760E 		.ascii	"u\370v\016\337f\327\333+\276\215\361m\025\337~|\373"
 4280      DF66D7DB 
 4280      2BBE8DF1 
 4280      6D15DF7E 
 4280      7CFB
 4281 0188 AAB7FD86 		.ascii	"\252\267\375\206\245rD\014z\000H\316V\255[\306\202\235"
 4281      A572440C 
 4281      7A0048CE 
 4281      56AD5BC6 
 4281      829D
 4282 019a 6CFDF530 		.ascii	"l\375\3650\277\335\376+\343i\007k\2176\357g\306\323"
 4282      BFDDFE2B 
 4282      E369076B 
 4282      8F36EF67 
 4282      C6D3
 4283 01ac 1DB6BC79 		.ascii	"\035\266\274yG\376,_\306\004\231\006/\342\351\204\371"
 4283      47FE2C5F 
 4283      C6049906 
 4283      2FE2E984 
ARM GAS  C:\Users\nicx5\AppData\Local\Temp\ccBxLq1r.s 			page 198


 4283      F9
 4284 01bd CD669DB8 		.ascii	"\315f\235\270\002\037\377\217\307K\247F)\033\360=\314"
 4284      021FFF8F 
 4284      C74BA746 
 4284      291BF03D 
 4284      CC
 4285 01ce 7198B7ED 		.ascii	"q\230\267\355\000N\\\325\007\376\2539\2134\333\251\023"
 4285      004E5CD5 
 4285      07FEAB39 
 4285      8B34DBA9 
 4285      13
 4286 01df D77FF58B 		.ascii	"\327\177\365\213b\234U\255\023\327\373\177\243~\237"
 4286      629C55AD 
 4286      13D7FB7F 
 4286      A37E9F
 4287 01ee 48B37C5C 		.ascii	"H\263|\\\017\252\251`\357\273\221\036e)\000\213\205"
 4287      0FAAA960 
 4287      EFBB911E 
 4287      6529008B 
 4287      85
 4288 01ff C204E6D7 		.ascii	"\302\004\346\327\266q\331\211+\357{\357@MI\252\371\315"
 4288      B671D989 
 4288      2BEF7BEF 
 4288      404D49AA 
 4288      F9CD
 4289 0211 F6E7BD2E 		.ascii	"\366\347\275.I)\316\310\026\306\247\250i\261\351j\273"
 4289      4929CEC8 
 4289      16C6A7A8 
 4289      69B1E96A 
 4289      BB
 4290 0222 449EBA80 		.ascii	"D\236\272\200Wi\377\005\205\326\304X:S\341\314p\375"
 4290      5769FF05 
 4290      85D6C458 
 4290      3A53E1CC 
 4290      70FD
 4291 0234 A64FC6CA 		.ascii	"\246O\306\312\240\001\345\223\322\266k\3622E\023M\363"
 4291      A001E593 
 4291      D2B66BF2 
 4291      3245134D 
 4291      F3
 4292 0245 19C931A4 		.ascii	"\031\3111\244\207u&<k\302\204\267\344t\311\010\2101"
 4292      8775263C 
 4292      6BC284B7 
 4292      E474C908 
 4292      8831
 4293 0257 91ECBADA 		.ascii	"\221\354\272\332\022DE\225\321]\245Y\250\262\332\312"
 4293      12444595 
 4293      D15DA559 
 4293      A8B2DACA 
 4294 0267 1D2D9D75 		.ascii	"\035-\235u\024\247Y\020v\352d\015GFj\313\032\311#\011"
 4294      14A75910 
 4294      76EA640D 
 4294      47466ACB 
 4294      1AC92309 
 4295 027b 640B153E 		.ascii	"d\013\025>\310\237c\222HI\323&t(\000\035#\034u\032\020"
 4295      C89F6392 
 4295      4849D326 
ARM GAS  C:\Users\nicx5\AppData\Local\Temp\ccBxLq1r.s 			page 199


 4295      7428001D 
 4295      231C751A 
 4296 0290 F8410205 		.ascii	"\370A\002\005\251]\242\301\017\022\310'\305OP\320\203"
 4296      A95DA2C1 
 4296      0F12C827 
 4296      C54F50D0 
 4296      83
 4297 02a1 22924899 		.ascii	"\"\222H\231S\"i\314\361\361\200a\307\247\250H\302N\216"
 4297      532269CC 
 4297      F1F18061 
 4297      C7A7A848 
 4297      C24E8E
 4298 02b4 32797481 		.ascii	"2yt\201\"\271A\247\213\2062\354\364<(~\000a\354Q\012"
 4298      22B941A7 
 4298      8B8632EC 
 4298      F43C287E 
 4298      0061EC51 
 4299 02c9 258742F4 		.ascii	"%\207B\364T\340 \354\356h\366\177\016\177\275b\276R"
 4299      54E020EC 
 4299      EE68F67F 
 4299      0E7FBD62 
 4299      BE52
 4300 02db 73590EBF 		.ascii	"sY\016\277\300\023\014\352\227\213\355\214\232s\316"
 4300      C0130CEA 
 4300      978BED8C 
 4300      9A73CE
 4301 02ea 373B2D8E 		.ascii	"7;-\216\346\367w_L\362\032\352\324\006\260\252\023\327"
 4301      E6F7775F 
 4301      4CF21AEA 
 4301      D406B0AA 
 4301      13D7
 4302 02fc DCEB9E42 		.ascii	"\334\353\236B\222\263\312-\347\276\030\245d\343\341"
 4302      92B3CA2D 
 4302      E7BE18A5 
 4302      64E3E1
 4303 030b 6D0D1A33 		.ascii	"m\015\0323\204W\\l\314\212Q\372\306~\367\321\261`1L"
 4303      84575C6C 
 4303      CC8A51FA 
 4303      C67EF7D1 
 4303      B160314C 
 4304 031f 60D667DF 		.ascii	"`\326g\337\211\334\312\211\\\316H\023\332\251x\025\024"
 4304      89DCCA89 
 4304      5CCE4813 
 4304      DAA97815 
 4304      14
 4305 0330 EA0BA1D5 		.ascii	"\352\013\241\325\231\204V\307k\200\217\250Qh\245\014"
 4305      998456C7 
 4305      6B808FA8 
 4305      5168A50C 
 4306 0340 54222249 		.ascii	"T\"\"III\222\3410#\231\341\264\001\021\300 \224\316"
 4306      494992E1 
 4306      302399E1 
 4306      B40111C0 
 4306      2094CE
 4307 0353 C90B6AA4 		.ascii	"\311\013j\244=\003\232?1[J&\277\343\376\370\332l#\020"
 4307      3D039A3F 
 4307      315B4A26 
ARM GAS  C:\Users\nicx5\AppData\Local\Temp\ccBxLq1r.s 			page 200


 4307      BFE3FEF8 
 4307      DA6C2310 
 4308 0367 F67A1221 		.ascii	"\366z\022!\001\245\357\374\"[\026\331\300q\001-|po\216"
 4308      01A5EFFC 
 4308      225B16D9 
 4308      C071012D 
 4308      7C706F8E 
 4309 037b 6A6EABB6 		.ascii	"jn\253\266;\347Y\263o\277\257\374\307\307$6\027\241"
 4309      3BE759B3 
 4309      6FBFAFFC 
 4309      C7C72436 
 4309      17A1
 4310 038d D50A43B6 		.ascii	"\325\012C\266:\273\232c\001\032.6r7\336\270\360\227"
 4310      3ABB9A63 
 4310      011A2E36 
 4310      7237DEB8 
 4310      F097
 4311 039f BDCD6BD7 		.ascii	"\275\315k\327P?\376\243\264\372\002~\200\302\300=\316"
 4311      503FFEA3 
 4311      B4FA027E 
 4311      80C2C03D 
 4311      CE
 4312 03b0 D09645B4 		.ascii	"\320\226E\264\331}6[\2219\247\231\2474\312\017\321\300"
 4312      D97D365B 
 4312      9139A799 
 4312      A734CA0F 
 4312      D1C0
 4313 03c2 0477F024 		.ascii	"\004w\360$&\250y9d\323\221\015\207tV\313\244\0343L\231"
 4313      26A87939 
 4313      64D3910D 
 4313      877456CB 
 4313      A41C334C 
 4314 03d7 439D5632 		.ascii	"C\235V2\265\035AT\242\006H\354\303\230\303\256(\225"
 4314      B51D4154 
 4314      A20648EC 
 4314      C398C3AE 
 4314      2895
 4315 03e9 280085E6 		.ascii	"(\000\205\346y\340\364@?^\177\005\324\244\012\366\221"
 4315      79E0F440 
 4315      3F5E7F05 
 4315      D4A40AF6 
 4315      91
 4316 03fa F5355550 		.ascii	"\3655UPw\324\316\205]F\337%\336E4\271\311\332\240\355"
 4316      77D4CE85 
 4316      5D46DF25 
 4316      DE4534B9 
 4316      C9DAA0ED 
 4317 040e 08F017C1 		.ascii	"\010\360\027\301\314\312\201\301~\311\300cYB\307\015"
 4317      CCCA81C1 
 4317      7EC9C063 
 4317      5942C70D 
 4318 041e F005320E 		.ascii	"\360\0052\016\020905"
 4318      10393035 
 4319              		.text
 4320              		.section	.gnu.lto_DMA_CheckFifoParam.349.1f2f3510,"e",%progbits
 4321 0000 28B52FFD 		.ascii	"(\265/\375`r\007\005#\000vx\312K\220\026R:\006\336\253"
 4321      60720705 
ARM GAS  C:\Users\nicx5\AppData\Local\Temp\ccBxLq1r.s 			page 201


 4321      23007678 
 4321      CA4B9016 
 4321      523A06DE 
 4322 0015 D114B59E 		.ascii	"\321\024\265\236\027\364\301\015\310\347\300'\354\211"
 4322      17F4C10D 
 4322      C8E7C027 
 4322      EC89
 4323 0023 CA800738 		.ascii	"\312\200\0078E\021d\020\270\234\234\375\223x\\\364\367"
 4323      45116410 
 4323      B89C9CFD 
 4323      93785CF4 
 4323      F7
 4324 0034 BFE2F576 		.ascii	"\277\342\365v*L\202\251U\022\343$i4\357\024\201?\344"
 4324      2A4C82A9 
 4324      5512E324 
 4324      6934EF14 
 4324      813FE4
 4325 0047 84DB5015 		.ascii	"\204\333P\025l\003Xx\342\377mO\032!Dn\231\002\265\000"
 4325      6C035878 
 4325      E2FF6D4F 
 4325      1A21446E 
 4325      9902B500 
 4326 005b A400B800 		.ascii	"\244\000\270\000:\310\356M&\340\364 \326\230\024\027"
 4326      3AC8EE4D 
 4326      26E0F420 
 4326      D6981417 
 4327 006b ACFD9907 		.ascii	"\254\375\231\007\367\000\262\017$t\346:\021\213J\356"
 4327      F700B20F 
 4327      2474E63A 
 4327      118B4AEE 
 4328 007b 4D2A7885 		.ascii	"M*x\205\225\323\031\336\251\234\242\034@\345\364\377"
 4328      95D319DE 
 4328      A99CA21C 
 4328      40E5F4FF 
 4329 008b 6B6E800F 		.ascii	"kn\200\017\366U\2025\264\340\264\241\302\310\331\275"
 4329      F6558235 
 4329      B4E0B4A1 
 4329      C2C8D9BD 
 4330 009b C95E5F71 		.ascii	"\311^_q\220u9\334\315\266\326\324\024m\033<\353\234"
 4330      907539DC 
 4330      CDB6D6D4 
 4330      146D1B3C 
 4330      EB9C
 4331 00ad AC3C6932 		.ascii	"\254<i2\012Y\227\343\251\242\013\"\356fc\241\312L\025"
 4331      0A5997E3 
 4331      A9A20B22 
 4331      EE6663A1 
 4331      CA4C15
 4332 00c0 57DC8C44 		.ascii	"W\334\214DU\346\336\213\256-8\213\015\340(>\331\032"
 4332      55E6DE8B 
 4332      AE2D388B 
 4332      0DE0283E 
 4332      D91A
 4333 00d2 2741B18A 		.ascii	"'A\261\212\322DQA\261\273B\265\304\031\2116\005+B\021"
 4333      D2445141 
 4333      B1BB42B5 
 4333      C4198936 
ARM GAS  C:\Users\nicx5\AppData\Local\Temp\ccBxLq1r.s 			page 202


 4333      052B4211 
 4334 00e6 2DBA7433 		.ascii	"-\272t3*\251\273\243\327\214\033\230*Bu\00302\2413\367"
 4334      2AA9BBA3 
 4334      D78C1B98 
 4334      2A427503 
 4334      3032A133 
 4335 00fb 5ECE624B 		.ascii	"^\316bK\3028\264\266\246s\357\275m2\232\340\003\340"
 4335      C238B4B6 
 4335      A673EFBD 
 4335      6D329AE0 
 4335      03E0
 4336 010d 9F19FC17 		.ascii	"\237\031\374\027\361\253\311\274\235\324R'\375\037\342"
 4336      F1ABC9BC 
 4336      9DD45227 
 4336      FD1FE2
 4337 011c 21BE9E10 		.ascii	"!\276\236\020\236\355\036\317X\032?\237\317\264\356"
 4337      9EED1ECF 
 4337      581A3F9F 
 4337      CFB4EE
 4338 012b E3CF3E95 		.ascii	"\343\317>\225\273fK\251d\303\374'b >^\325\377\343\255"
 4338      BB664BA9 
 4338      64C3FC27 
 4338      62203E5E 
 4338      D5FFE3AD 
 4339 013f 10EBBD17 		.ascii	"\020\353\275\027GK\303\210\001UW\234\236\221TN\271y"
 4339      474BC388 
 4339      0155579C 
 4339      9E91544E 
 4339      B979
 4340 0151 56C8A41E 		.ascii	"V\310\244\036\336f\254y\016\252;\244\222\354\3636cJ"
 4340      DE66AC79 
 4340      0EAA3BA4 
 4340      92ECF336 
 4340      634A
 4341 0163 B06B9F4F 		.ascii	"\260k\237O\012m\037\317\375|>\301\274\255~\366\301\034"
 4341      0A6D1FCF 
 4341      FD7C3EC1 
 4341      BCAD7EF6 
 4341      C11C
 4342 0175 C348BEAE 		.ascii	"\303H\276\256\355sm\217k\373[\333\333\332~m\373Z\333"
 4342      ED736D8F 
 4342      6BFB5BDB 
 4342      DBDA7E6D 
 4342      FB5ADB
 4343 0188 AB6D9FB6 		.ascii	"\253m\237\266=\332\366\335\366\266\355Y\246\306\354"
 4343      3DDAF6DD 
 4343      F6B6ED59 
 4343      A6C6EC
 4344 0197 A2F50387 		.ascii	"\242\365\003\207\306\275/\236g\367+\355\252\301H\376"
 4344      C6BD2F9E 
 4344      67F72BED 
 4344      AAC148FE 
 4345 01a7 0F3C671D 		.ascii	"\017<g\035\027Cu\201\221A{K\334\326R:\003M0\356\346"
 4345      17437581 
 4345      91417B4B 
 4345      DCD6523A 
 4345      034D30EE 
ARM GAS  C:\Users\nicx5\AppData\Local\Temp\ccBxLq1r.s 			page 203


 4346 01bc 95AD8F5A 		.ascii	"\225\255\217Z\316[\276\\\273\014\370\002\013\232\023"
 4346      CE5BBE5C 
 4346      BB0CF802 
 4346      0B9A13
 4347 01cb 2AC0A827 		.ascii	"*\300\250'\"Xj\357\244\210V\252\250e]\376d\311\251\306"
 4347      22586AEF 
 4347      A48856AA 
 4347      A8655DFE 
 4347      64C9A9C6 
 4348 01df 9ABC2CA5 		.ascii	"\232\274,\245\207e\312\032\223\331\204\321M,\252f3\035"
 4348      8765CA1A 
 4348      93D984D1 
 4348      4D2CAA66 
 4348      331D
 4349 01f1 9A7DC9E2 		.ascii	"\232}\311\342\003T\316\033_\327\021\266\220\231\201"
 4349      0354CE1B 
 4349      5FD711B6 
 4349      909981
 4350 0200 ACC07144 		.ascii	"\254\300qD\315\371\324\264\031,\212\257\007\205\227"
 4350      CDF9D4B4 
 4350      192C8AAF 
 4350      078597
 4351 020f 764F0C09 		.ascii	"vO\014\011\377\230\312\264\217g\004*\332\014\266\025"
 4351      FF98CAB4 
 4351      8F67042A 
 4351      DA0CB615 
 4352 021f B62250BB 		.ascii	"\266\"P\273\321\266\311`z\032\366\360\277\007n\342\313"
 4352      D1B6C960 
 4352      7A1AF6F0 
 4352      BF076EE2 
 4352      CB
 4353 0230 6142D39D 		.ascii	"aB\323\235\323'\2307\330\01073\306\227\260\205\367:"
 4353      D3279837 
 4353      D8083733 
 4353      C697B085 
 4353      F73A
 4354 0242 7ACD4097 		.ascii	"z\315@\227|\211\024\366d\331\247r\235\223|\271rZv\344"
 4354      7C8914F6 
 4354      64D9A772 
 4354      9D937CB9 
 4354      725A76E4 
 4355 0256 1CE4CB95 		.ascii	"\034\344\313\225mR\350\354\262\301E\376/\011\244\225"
 4355      6D52E8EC 
 4355      B2C145FE 
 4355      2F09A495 
 4356 0266 C0BA57C8 		.ascii	"\300\272W\310Q\377\277\264M7\277\020F?F?\365\034n\034"
 4356      51FFBFB4 
 4356      4D37BF10 
 4356      463F463F 
 4356      F51C6E1C 
 4357 027a 0005E104 		.ascii	"\000\005\341\004\335,(\3603\004$\204~\303\202\237! "
 4357      DD2C28F0 
 4357      33042484 
 4357      7EC3829F 
 4357      2120
 4358 028c 9F0F3F42 		.ascii	"\237\017?BB56CF\277\336\206\"\236\236\017\005\010;>"
 4358      42353643 
ARM GAS  C:\Users\nicx5\AppData\Local\Temp\ccBxLq1r.s 			page 204


 4358      46BFDE86 
 4358      229E9E0F 
 4358      05083B3E 
 4359 02a0 47470D76 		.ascii	"GG\015vz\277\242 \021\035\212$\334\374\210(\302NO\215"
 4359      7ABFA220 
 4359      111D8A24 
 4359      DCFC8828 
 4359      C24E4F8D 
 4360 02b4 4D050C3C 		.ascii	"M\005\014<=?\017ED\031z\036L\020\200\336\266\272M\373"
 4360      3D3F0F45 
 4360      44197A1E 
 4360      4C1080DE 
 4360      B6BA4DFB 
 4361 02c8 665B739C 		.ascii	"f[s\234d\213\343$+\2102\343B9\3114QO\244\312\034Tu\355"
 4361      648BE324 
 4361      2B8832E3 
 4361      4239C934 
 4361      514FA4CA 
 4362 02e0 F45FD72B 		.ascii	"\364_\327+\027\251\244fz\016gS\327\214dK\204\257\203"
 4362      17A9A466 
 4362      7A0E6753 
 4362      D78C644B 
 4362      84AF83
 4363 02f3 DE1CAE73 		.ascii	"\336\034\256sN3\234\323\312\013\317\344T\241\221\345"
 4363      4E339CD3 
 4363      CA0BCFE4 
 4363      54A191E5 
 4364 0303 CACE5BC0 		.ascii	"\312\316[\300t\361\222)gX\267\336I)\2211ofY\252\320"
 4364      74F19229 
 4364      6758B7DE 
 4364      49299131 
 4364      6F6659AA 
 4365 0318 C8B87052 		.ascii	"\310\270pR\330&\346\353-y\266\356\211e\341_Sy\353\243"
 4365      D826E6EB 
 4365      2D79B6EE 
 4365      8965E15F 
 4365      5379EBA3 
 4366 032c 135ED98B 		.ascii	"\023^\331\213k\275\206)k\001\200\235\250qH'\225\232"
 4366      6BBD8629 
 4366      6B01809D 
 4366      A8714827 
 4366      959A
 4367 033e 91114941 		.ascii	"\221\021IA\222\024\2061\320\002\221\231Z=\021\3404\247"
 4367      92148631 
 4367      D0029199 
 4367      5A3D11E0 
 4367      34A7
 4368 0350 18433524 		.ascii	"\030C5$)d\015Z>\261\350\244hz\2227)\246r:\0328o\203"
 4368      29640D5A 
 4368      3EB1E8A4 
 4368      687A9237 
 4368      29A6723A 
 4369 0368 B5B2CEC1 		.ascii	"\265\262\316\301\255j\314E\2305c\216_l&\267\024\245"
 4369      AD6ACC45 
 4369      9835638E 
 4369      5F6C26B7 
 4369      14A5
ARM GAS  C:\Users\nicx5\AppData\Local\Temp\ccBxLq1r.s 			page 205


 4370 037a BA8ADDD2 		.ascii	"\272\212\335\322M\263\271FW\323\303{\346M\375]\251\323"
 4370      4DB3B946 
 4370      57D3C37B 
 4370      E64DFD5D 
 4370      A9D3
 4371 038c 5DDA3770 		.ascii	"]\3327pJ\305M@\346\244\021 E\330\346\241n\322\245(;"
 4371      4AC54D40 
 4371      E6A41120 
 4371      45D8E6A1 
 4371      6ED2A528 
 4372 03a1 700015D9 		.ascii	"p\000\025\331r\021\305z0c\221\235\2454+\037L\267\220"
 4372      7211C57A 
 4372      3063919D 
 4372      A5342B1F 
 4372      4CB790
 4373 03b4 EDEEB905 		.ascii	"\355\356\271\005a\375\354\031\3560I\310\261\234\222"
 4373      61FDEC19 
 4373      EE3049C8 
 4373      B19C92
 4374 03c3 D90985E5 		.ascii	"\331\011\205\345\320\227\220J\304\354T?\333\347\001"
 4374      D097904A 
 4374      C4EC543F 
 4374      DBE701
 4375 03d2 43CA56D0 		.ascii	"C\312V\320r\220D\007Q\225+\035\356\223\343\0372eR\320"
 4375      72904407 
 4375      51952B1D 
 4375      EE93E31F 
 4375      326552D0 
 4376 03e6 830287B2 		.ascii	"\203\002\207\262u\317\024Z\240\335j\255\346\312\203"
 4376      75CF145A 
 4376      A0DD6AAD 
 4376      E6CA83
 4377 03f5 DAA65709 		.ascii	"\332\246W\011\027\327:\005\264r\031x\362\241\256uS\264"
 4377      17D73A05 
 4377      B4721978 
 4377      F2A1AE75 
 4377      53B4
 4378 0407 B8A5DF28 		.ascii	"\270\245\337(\030\305\307\274=\314Uig\240\274L\367\224"
 4378      18C5C7BC 
 4378      3DCC5569 
 4378      67A0BC4C 
 4378      F794
 4379 0419 752E7401 		.ascii	"u.t\001n\330_\232\010-\221 \030I12\036\037\244\011/"
 4379      6ED85F9A 
 4379      082D9120 
 4379      18493132 
 4379      1E1FA409 
 4380 042e A59D7ABB 		.ascii	"\245\235z\273\320\310\223H\246\274\341c'\257\253B\255"
 4380      D0C89348 
 4380      A6BCE163 
 4380      27AFAB42 
 4380      AD
 4381 043f 491E86BA 		.ascii	"I\036\206\272\340['`R\270b\006\201\261k\007j=\252\034"
 4381      E05B2760 
 4381      52B86206 
 4381      81B16B07 
 4381      6A3DAA1C 
ARM GAS  C:\Users\nicx5\AppData\Local\Temp\ccBxLq1r.s 			page 206


 4382 0453 A9D8E086 		.ascii	"\251\330\340\206]=\326(h\244\226\334R\354AQ\001 S\241"
 4382      5D3DD628 
 4382      68A496DC 
 4382      52EC4151 
 4382      012053A1 
 4383 0467 DBB6D4   		.ascii	"\333\266\324"
 4384              		.text
 4385              		.section	.gnu.lto_DMA_CalcDMAMUXChannelBaseAndMask.350.1f2f3510,"e",%progbits
 4386 0000 28B52FFD 		.ascii	"(\265/\375`\037\006\245!\000\246y\320J\220\026R:m\324"
 4386      601F06A5 
 4386      2100A679 
 4386      D04A9016 
 4386      523A6DD4 
 4387 0014 E37E5271 		.ascii	"\343~Rq\330\244\30170\2114j\254\037\254FhK\230\003n"
 4387      D8A4C137 
 4387      3089346A 
 4387      AC1FAC46 
 4387      684B9803 
 4388 0029 203CB840 		.ascii	" <\270@\216b\036\226m\207\323\236J\247\341\015\272\357"
 4388      8E621E96 
 4388      6D87D39E 
 4388      4AA7E10D 
 4388      BAEF
 4389 003b 014AAFB7 		.ascii	"\001J\257\267i4oJ\214\003\275xBfJ\221\246\334\340\253"
 4389      69346F4A 
 4389      8C03BD78 
 4389      42664A91 
 4389      A6DCE0AB 
 4390 004f 7DFBDF1A 		.ascii	"}\373\337\032![\356$\003\270\000\255\000\300\000Z\224"
 4390      215BEE24 
 4390      03B800AD 
 4390      00C0005A 
 4390      94
 4391 0060 467B859C 		.ascii	"F{\205\234\213sk\353\310\333\321\036\230\015\314^\306"
 4391      8B736BEB 
 4391      C8DBD11E 
 4391      980DCC5E 
 4391      C6
 4392 0071 7A6FDC5E 		.ascii	"zo\334^.\235\\i\367*\023\034e\023\267\243\314=)\033"
 4392      2E9D5C69 
 4392      F72A131C 
 4392      6513B7A3 
 4392      CC3D291B 
 4393 0085 5E99BFE3 		.ascii	"^\231\277\343<\216\336c\205\315\271/\222NI\356U.`\015"
 4393      3C8EDE63 
 4393      85CDB92F 
 4393      924E49EE 
 4393      552E600D 
 4394 0099 B7A339FF 		.ascii	"\267\2439\377\245G\355i\322\243|\304|\3267\311E\252"
 4394      A547ED69 
 4394      D2A37CC4 
 4394      7CD637C9 
 4394      45AA
 4395 00ab E0948A51 		.ascii	"\340\224\212Qd\355\336\253\323Y?z\217\267\323\345p7"
 4395      64EDDEAB 
 4395      D3593F7A 
 4395      8FB7D3E5 
ARM GAS  C:\Users\nicx5\AppData\Local\Temp\ccBxLq1r.s 			page 207


 4395      7037
 4396 00bd 5B8ADAAE 		.ascii	"[\212\332\256G\374\257\317,5!\275\307+`\303\211\306"
 4396      47FCAFCF 
 4396      2C3521BD 
 4396      C72B60C3 
 4396      89C6
 4397 00cf 77361F1B 		.ascii	"w6\037\033NS\327\2211\321\2609\367\336s1I\325\234\014"
 4397      4E53D791 
 4397      31D1B039 
 4397      F7DE7331 
 4397      49D59C0C 
 4398 00e3 5CD4ED64 		.ascii	"\\\324\355dLP6\2454\211\262\260Im\025\224\345\220\321"
 4398      4C5036A5 
 4398      3489B2B0 
 4398      496D1594 
 4398      E590D1
 4399 00f6 6B425A9A 		.ascii	"kBZ\232(#e\377z\001.\246\031\265\332|\356\275\\\227"
 4399      282365FF 
 4399      7A012EA6 
 4399      19B5DA7C 
 4399      EEBD5C97 
 4400 010a 9A9CCEBE 		.ascii	"\232\234\316\2763\277\231\231\211\031\275\001\016\264"
 4400      33BF9999 
 4400      8919BD01 
 4400      0EB4
 4401 0118 909C1141 		.ascii	"\220\234\021A\267\016\\L\232\230\030+US\313rD\211uc"
 4401      B70E5C4C 
 4401      9A98182B 
 4401      5553CB72 
 4401      44897563 
 4402 012c A14A1756 		.ascii	"\241J\027V-\316f\351{\007LKRu2\017s\313\257\357\365"
 4402      2DCE66E9 
 4402      7B074C4B 
 4402      5275320F 
 4402      73CBAFEF 
 4403 0141 9C637DF2 		.ascii	"\234c}\362\373\327\035D\311\311|\342alv\273\367>\340"
 4403      FBD71D44 
 4403      C9C97CE2 
 4403      616C76BB 
 4403      F73EE0
 4404 0154 837528DE 		.ascii	"\203u(\336\262V\244G\337\306+\257c#\271\231Vx\230K\262"
 4404      B256A447 
 4404      DFC62BAF 
 4404      6323B999 
 4404      5678984B 
 4405 0169 5B9FAC44 		.ascii	"[\237\254D\252\215\305\267\267\257\230qnl\356u\376\275"
 4405      AA8DC5B7 
 4405      B7AF9871 
 4405      6E6CEE75 
 4405      FEBD
 4406 017b C75F73E5 		.ascii	"\307_s\345y\306V\226\261\225}h\345\236\255\314\263\225"
 4406      79C65696 
 4406      B1957D68 
 4406      E59EADCC 
 4406      B395
 4407 018d 77B6B2CE 		.ascii	"w\266\262\316V\316\331\3128[\371f+\333\320\312\251\255"
 4407      56CED9CA 
ARM GAS  C:\Users\nicx5\AppData\Local\Temp\ccBxLq1r.s 			page 208


 4407      385BF966 
 4407      2BDBD0CA 
 4407      A9AD
 4408 019f 8CDACAD6 		.ascii	"\214\332\312\326Vn[\271v\345\023\2601\207\000\371a\000"
 4408      566E5BB9 
 4408      76E513B0 
 4408      318700F9 
 4408      6100
 4409 01b1 ED5EAAE7 		.ascii	"\355^\252\347\332\245\202*\321\272\327\257\374\217\177"
 4409      DAA5822A 
 4409      D1BAD7AF 
 4409      FC8F7F
 4410 01c0 B1AE17C0 		.ascii	"\261\256\027\300\364\326\272\247$\023\247m\355\353Z"
 4410      F4D6BAA7 
 4410      2413A76D 
 4410      EDEB5A
 4411 01cf EA726C56 		.ascii	"\352rlV\341\270\037\246\314#\016eH\301\312\313\261Y"
 4411      E1B81FA6 
 4411      CC230E65 
 4411      48C1CACB 
 4411      B159
 4412 01e1 236DE6A2 		.ascii	"#m\346\242;I!\300\312\366\264\324\005\355\264m]\366"
 4412      3B4921C0 
 4412      CAF6B4D4 
 4412      05EDB46D 
 4412      5DF6
 4413 01f3 C0D436DA 		.ascii	"\300\3246\332Orm\035\263\356\201)N\333\346]a6qj\016"
 4413      4F726D1D 
 4413      B3EE8129 
 4413      4EDBE65D 
 4413      6136716A 
 4414 0208 4CBB71D6 		.ascii	"L\273q\326\016Lk\367\221\377\2722\3034\231\217\246\016"
 4414      0E4C6BF7 
 4414      91FFBA32 
 4414      C334998F 
 4414      A60E
 4415 021a DDAD6E4C 		.ascii	"\335\255nLu-\001l\212\356\251\246\226vc\372k]\373\252"
 4415      752D016C 
 4415      8AEEA9A6 
 4415      967663FA 
 4415      6B5DFBAA 
 4416 022e 92534B9B 		.ascii	"\222SK\233\2762\300\201i\256m\032\355J\356\360=\237"
 4416      BE32C081 
 4416      69AE6D1A 
 4416      ED4AEEF0 
 4416      3D9F
 4417 0240 CFB40353 		.ascii	"\317\264\003S\\\347\272\301\225\344\324\237\007\246"
 4417      5CE7BAC1 
 4417      95E4D49F 
 4417      07A6
 4418 024e BFC6B56F 		.ascii	"\277\306\265oL\011\012\331H\006j\362 \273\3659\000\310"
 4418      4C090AD9 
 4418      48066AF2 
 4418      20BBF539 
 4418      00C8
 4419 0260 91480E86 		.ascii	"\221H\016\206\027\004OOcpW\327\312\204)*\255\333\031"
 4419      17044F4F 
ARM GAS  C:\Users\nicx5\AppData\Local\Temp\ccBxLq1r.s 			page 209


 4419      637057D7 
 4419      CA84292A 
 4419      ADDB19
 4420 0273 136E9214 		.ascii	"\023n\222\024\333\262=y\030\213Q\203\312\222\206\005"
 4420      DBB23D79 
 4420      188B5183 
 4420      CA928605 
 4421 0283 44E18761 		.ascii	"D\341\207a\212\022\274bQH\034\032\012\012\213\301\017"
 4421      8A12BC62 
 4421      51481C1A 
 4421      0A0A8BC1 
 4421      0F
 4422 0294 42C3A090 		.ascii	"B\303\240\220\210\242\010\200C\364D\030\022>\020\366"
 4422      88A20880 
 4422      43F44418 
 4422      123E10F6 
 4423 02a4 3018101C 		.ascii	"0\030\020\034\016\021Y\006\301 8\034\022\"\021$\"\332"
 4423      0E115906 
 4423      C120381C 
 4423      12221124 
 4423      22DA
 4424 02b6 E119A228 		.ascii	"\341\031\242(\352\200 \002\351\010e\250\360#dd\004\341"
 4424      EA802002 
 4424      E90865A8 
 4424      F0236464 
 4424      04E1
 4425 02c8 47A74814 		.ascii	"G\247H\024\252\020A\274\320\303FE\026~\202vx4p\000\012"
 4425      AA1041BC 
 4425      D0C34645 
 4425      167E8276 
 4425      78347000 
 4426 02dd 2A8E2016 		.ascii	"*\216 \026y\010\222\200\241\206\231\225\367\366\366"
 4426      79089280 
 4426      A1869995 
 4426      F7F6F6
 4427 02ec 158DB38A 		.ascii	"\025\215\263\212\312\261\225z\215\305\013\250\320\320"
 4427      CAB1957A 
 4427      8DC50BA8 
 4427      D0D0
 4428 02fa 76379D80 		.ascii	"v7\235\200\312\014I\316\246g\372\005\263\014\026_?\312"
 4428      CA0C49CE 
 4428      A667FA05 
 4428      B30C165F 
 4428      3FCA
 4429 030c 6508F8DA 		.ascii	"e\010\370\332\327\245\004\205l\332\333\242\251J\230"
 4429      D7A50485 
 4429      6CDADBA2 
 4429      A94A98
 4430 031b DE92D7BD 		.ascii	"\336\222\327\275\217}\327\274{L\232\351]\363\276^\227"
 4430      8F7DD7BC 
 4430      7B4C9AE9 
 4430      5DF3BE5E 
 4430      97
 4431 032c 34BFCCB4 		.ascii	"4\277\314\264\317\221ws;0\265\351\233F\307\222S\305"
 4431      CF917773 
 4431      3B30B5E9 
 4431      9B46C792 
ARM GAS  C:\Users\nicx5\AppData\Local\Temp\ccBxLq1r.s 			page 210


 4431      53C5
 4432 033e E696DE12 		.ascii	"\346\226\336\022\251jwkf\021\237b\304\331\372\017z\250"
 4432      A96A776B 
 4432      66119F62 
 4432      C4D9FA0F 
 4432      7AA8
 4433 0350 51486690 		.ascii	"QHf\220R\210dfDaR\220\244\003\300\002\031\"b\035\021"
 4433      52886466 
 4433      44615290 
 4433      A403C002 
 4433      1922621D 
 4434 0365 F038E8D0 		.ascii	"\3608\350\320]\005u\353s\232X\322@gaO\340\361\011\321"
 4434      5D0575EB 
 4434      739A58D2 
 4434      4067614F 
 4434      E0F109D1 
 4435 0379 0A897323 		.ascii	"\012\211s#1\342\303\304\374!SE\366d\000\342\230\217"
 4435      31E2C3C4 
 4435      FC215345 
 4435      F66400E2 
 4435      988F
 4436 038b D732E6D6 		.ascii	"\3272\346\326\364\350\014\345\007\333VQ\366\312\210"
 4436      F4E80CE5 
 4436      07DB5651 
 4436      F6CA88
 4437 039a D5666D21 		.ascii	"\325fm!\337+H\305\205\345%a}\356\311\"\240Q?8\312\340"
 4437      DF2B48C5 
 4437      85E52561 
 4437      7DEEC922 
 4437      A0513F38 
 4438 03b0 E834E012 		.ascii	"\3504\340\022\253\330M$\246\350\203\243HM(b=\005\033"
 4438      ABD84D24 
 4438      A6E883A3 
 4438      484D2862 
 4438      3D051B
 4439 03c3 2142CDF1 		.ascii	"!B\315\361\217Q\022#[\020-A\300H\317^b\316iU\306\224"
 4439      8F511223 
 4439      5B102D41 
 4439      C048CF5E 
 4439      62CE6955 
 4440 03d9 7DB71AAB 		.ascii	"}\267\032\253\321%\022d_\2644\006\360R\274\243\256\337"
 4440      D1251264 
 4440      5FB43406 
 4440      F052BCA3 
 4440      AEDF
 4441 03eb 8D0D3577 		.ascii	"\215\0155w3\004)4G\336\367\011k\235\343\342\307\276"
 4441      33042934 
 4441      47DEF709 
 4441      6B9DE3E2 
 4441      C7BE
 4442 03fd C880C424 		.ascii	"\310\200\304$\241\250\345I[\267-*\267(\335\335\024\303"
 4442      A1A8E549 
 4442      5BB72D2A 
 4442      B728DDDD 
 4442      14C3
 4443 040f 605EA7A4 		.ascii	"`^\247\244\365\215(\304\022s\324\250X'\322\271\012-"
 4443      F58D28C4 
ARM GAS  C:\Users\nicx5\AppData\Local\Temp\ccBxLq1r.s 			page 211


 4443      1273D4A8 
 4443      5827D2B9 
 4443      0A2D
 4444 0421 1F3D2A9C 		.ascii	"\037=*\234\230H\362\242f\235Q\361\205Z\031\351\030\273"
 4444      9848F2A2 
 4444      669D51F1 
 4444      855A19E9 
 4444      18BB
 4445 0433 5372491C 		.ascii	"SrI\034&Z\036D\022B\015"
 4445      265A1E44 
 4445      12420D
 4446              		.text
 4447              		.section	.gnu.lto_DMA_CalcDMAMUXRequestGenBaseAndMask.351.1f2f3510,"e",%progbits
 4448 0000 28B52FFD 		.ascii	"(\265/\375`\276\004\345\032\0006.\250I\240\230Q:\005"
 4448      60BE04E5 
 4448      1A00362E 
 4448      A849A098 
 4448      513A05
 4449 0013 7F59BC40 		.ascii	"\177Y\274@edX\005\033\277\362bY\263\211\264\031\273"
 4449      65645805 
 4449      1BBFF262 
 4449      59B389B4 
 4449      19BB
 4450 0025 11E6E341 		.ascii	"\021\346\343A\036\371\002\034>\\\346\332\257\373cJ*"
 4450      1EF9021C 
 4450      3E5CE6DA 
 4450      AFFB634A 
 4450      2A
 4451 0036 052DFC1C 		.ascii	"\005-\374\034l\351\361\221\012\313\326^\330\261\306"
 4451      6CE9F191 
 4451      0ACBD65E 
 4451      D8B1C6
 4452 0045 FCCEF83D 		.ascii	"\374\316\370=\322\201\247\304N=\330O\010!\204\310-S"
 4452      D281A7C4 
 4452      4E3DD84F 
 4452      082184C8 
 4452      2D53
 4453 0057 90008400 		.ascii	"\220\000\204\000\233\000K\376/\250\016[\377\005\262"
 4453      9B004BFE 
 4453      2FA80E5B 
 4453      FF05B2
 4454 0066 41742B84 		.ascii	"At+\204\305\030k\243\237\222\222n\342\202s8\227\214"
 4454      C5186BA3 
 4454      9F92926E 
 4454      E2827338 
 4454      978C
 4455 0078 AD4DB9E4 		.ascii	"\255M\271\344\2704\345\222\327\375Z\270\225\364\256"
 4455      B834E592 
 4455      D7FD5AB8 
 4455      95F4AE
 4456 0087 42FA1403 		.ascii	"B\372\024\003I\230\356\236\261\323\352\3665#\343j\241"
 4456      4998EE9E 
 4456      B1D3EAF6 
 4456      3523E36A 
 4456      A1
 4457 0098 A7599223 		.ascii	"\247Y\222#W\335\027@\021\322n_\300\2351)\310\030\300"
 4457      57DD1740 
ARM GAS  C:\Users\nicx5\AppData\Local\Temp\ccBxLq1r.s 			page 212


 4457      11D26E5F 
 4457      C09D3129 
 4457      C818C0
 4458 00ab 9154635D 		.ascii	"\221Tc]3Z2\320\245s\261\216\224\314\241\362G\266\030"
 4458      335A32D0 
 4458      A573B18E 
 4458      94CCA1F2 
 4458      47B618
 4459 00be 470555A0 		.ascii	"G\005U\240d\274\220|#\315\022U\225}:\242Q\031\353\010"
 4459      64BC907C 
 4459      23CD1255 
 4459      957D3AA2 
 4459      5119EB08 
 4460 00d2 38C6BA7B 		.ascii	"8\306\272{\243\266\276@\352\325jR\350\356\327\"\244"
 4460      A3B6BE40 
 4460      EAD56A52 
 4460      E8EED722 
 4460      A4
 4461 00e3 A43D6CFF 		.ascii	"\244=l\377=\377\257\370GZ;\334\030\257\246\337te\345"
 4461      3DFFAFF8 
 4461      475A3BDC 
 4461      18AFA6DF 
 4461      7465E5
 4462 00f6 328CB9C8 		.ascii	"2\214\271\310\220R\217{\377m+\225\323\020\374\203\226"
 4462      90528F7B 
 4462      FF6D2B95 
 4462      D310FC83 
 4462      96
 4463 0107 C889B3BB 		.ascii	"\310\211\263\273q\206\200\300I\010:-\371eQ.\271\254"
 4463      718680C0 
 4463      49083A2D 
 4463      F965512E 
 4463      B9AC
 4464 0119 4138E471 		.ascii	"A8\344q\357\264\342\026\254\256\351\211\273\312M\337"
 4464      EFB4E216 
 4464      ACAEE989 
 4464      BBCA4DDF 
 4465 0129 B159F8EF 		.ascii	"\261Y\370\357P\310\356\213\353[d=\312\365'\327\233d"
 4465      50C8EE8B 
 4465      EB5B643D 
 4465      CAF527D7 
 4465      9B64
 4466 013b 7DC9F524 		.ascii	"}\311\365$\327\217c=s}\345\372\265A\211\206\020\211"
 4466      D78F633D 
 4466      737DE5FA 
 4466      B5418986 
 4466      1089
 4467 014d C249D26D 		.ascii	"\302I\322m#\015\323V\344\022\035;\334\215\272\353E\354"
 4467      230DD356 
 4467      E4121D3B 
 4467      DC8DBAEB 
 4467      45EC
 4468 015f F00F73B5 		.ascii	"\360\017s\265s4_]\245>\270t\023\023,y\023gLR\0140\251"
 4468      73345F5D 
 4468      A53EB874 
 4468      13132C79 
 4468      13674C52 
ARM GAS  C:\Users\nicx5\AppData\Local\Temp\ccBxLq1r.s 			page 213


 4469 0176 14793919 		.ascii	"\024y9\031e\264\305P\221\307\275\217++M>y\177O\333<"
 4469      65B4C550 
 4469      91C7BD8F 
 4469      2B2B4D3E 
 4469      797F4FDB 
 4470 018b 5FD4CA4A 		.ascii	"_\324\312J\030\233\014\243\362\003\342R+X]\323\327\325"
 4470      189B0CA3 
 4470      F203E252 
 4470      2B585DD3 
 4470      D7D5
 4471 019d 8EC905E3 		.ascii	"\216\311\005\343\213M\321\221\254\226\260\247\02402"
 4471      8B4DD191 
 4471      AC96B0A7 
 4471      143032
 4472 01ac AA42B530 		.ascii	"\252B\2650I\320\013V\235U;5!\010U\017s\312\201\023+"
 4472      49D00B56 
 4472      9D553B35 
 4472      2108550F 
 4472      73CA8113 
 4473 01c1 3E98CA1D 		.ascii	">\230\312\035\007\236\365#\230E\322\250\221\302\342"
 4473      079EF523 
 4473      9845D2A8 
 4473      91C2E2
 4474 01d0 ABC5855A 		.ascii	"\253\305\205Z\242\2722\222D\027A\242}\226\222\371\002"
 4474      A2BA3292 
 4474      441741A2 
 4474      7D9692F9 
 4474      02
 4475 01e1 969FC41A 		.ascii	"\226\237\304\032y\226\363d\016\300\3051\265\273w\314"
 4475      7996F364 
 4475      0EC0C531 
 4475      B5BB77CC 
 4476 01f1 4DE6E6CA 		.ascii	"M\346\346\312\312\010\244\244\370j\361\2604M\323\315"
 4476      CA08A4A4 
 4476      F86AF1B0 
 4476      344DD3CD 
 4477 0201 9530AEEC 		.ascii	"\2250\256\354b\372\001{``\034(p\265\024'j7\363!n \374"
 4477      62FA017B 
 4477      60601C28 
 4477      70B51427 
 4477      6A37F321 
 4478 0218 D4706A37 		.ascii	"\324pj7\014\010\364\330~\200\306\3730\350\261\375\360"
 4478      0C08F4D8 
 4478      7E80C6FB 
 4478      30E8B1FD 
 4478      F0
 4479 0229 94E80102 		.ascii	"\224\350\001\002j@\263\241\300\315|n:3\236\015\025r"
 4479      6A40B3A1 
 4479      C0CD7C6E 
 4479      3A339E0D 
 4479      1572
 4480 023b 7884841E 		.ascii	"x\204\204\036\344\314p\267\232\212\0217\0147\027\012"
 4480      E4CC70B7 
 4480      9A8A1137 
 4480      0C37170A 
 4481 024b B290B3D3 		.ascii	"\262\220\263\323\200\306\301\203\316\016\216\304-\350"
 4481      80C6C183 
ARM GAS  C:\Users\nicx5\AppData\Local\Temp\ccBxLq1r.s 			page 214


 4481      CE0E8EC4 
 4481      2DE8
 4482 0259 C34E840C 		.ascii	"\303N\204\0145\377\211\275c\263\260f\352\206\025\217"
 4482      35FF89BD 
 4482      63B3B066 
 4482      EA86158F 
 4483 0269 875E2DFE 		.ascii	"\207^-\376}\326*'\000\255\274++[\354*\362\033\243\223"
 4483      7DD62A27 
 4483      00ADBC2B 
 4483      2B5BEC2A 
 4483      F21BA393 
 4484 027d 8A99E1A6 		.ascii	"\212\231\341\246\247(<\312'$\227Kvdr\007\317i\024n\027"
 4484      A7283CCA 
 4484      2724974B 
 4484      76647207 
 4484      CF69146E 
 4485 0292 60118A0C 		.ascii	"`\021\212\0147\375\037\233(\211\270\"\312\277\266MD"
 4485      37FD1F9B 
 4485      2889B822 
 4485      CABFB64D 
 4485      44
 4486 02a3 6C087EE1 		.ascii	"l\010~\341mA\371\037\261\001`\250Al\243\214SC\022$%"
 4486      6D41F91F 
 4486      B10160A8 
 4486      416CA38C 
 4486      53431224 
 4487 02b8 0549D218 		.ascii	"\005I\322\030\360\002\031\232\321\003\021\3000\351 "
 4487      F002199A 
 4487      D10311C0 
 4487      30E920
 4488 02c7 430B75F6 		.ascii	"C\013u\3669\372G\271|\346\313\373*_g\302\007\224\250"
 4488      39FA47B9 
 4488      7CE6CBFB 
 4488      2A5F67C2 
 4488      0794A8
 4489 02da 68C2E3F3 		.ascii	"h\302\343\363\357%\023\\\014v\0055a3\353\230H\017\221"
 4489      EF25135C 
 4489      0C760535 
 4489      6133EB98 
 4489      480F91
 4490 02ed 56F372CA 		.ascii	"V\363r\312N$\262A\222\246\033O\355[b\027B\315\006C\375"
 4490      4E24B241 
 4490      92A61B4F 
 4490      ED5B6217 
 4490      42CD0643 
 4491 0302 C67CD277 		.ascii	"\306|\322w\027]\272\370\210\034maE\021\223R\350\211"
 4491      175DBAF8 
 4491      881C6D61 
 4491      45119352 
 4491      E889
 4492 0314 4C554E14 		.ascii	"LUN\024\021\011x\352\371\344-H\263\334QtE\213\000\336"
 4492      110978EA 
 4492      F9E42D48 
 4492      B3DC5174 
 4492      458B00DE 
 4493 0328 F1110F5B 		.ascii	"\361\021\017[g+\327\324\350\003\275q\261\337\311\305"
 4493      672BD7D4 
ARM GAS  C:\Users\nicx5\AppData\Local\Temp\ccBxLq1r.s 			page 215


 4493      E803BD71 
 4493      B1DFC9C5 
 4494 0338 6FE826D3 		.ascii	"o\350&\323B\200\240\311\240X\327\240x\005\325<\221X"
 4494      4280A0C9 
 4494      A058D7A0 
 4494      7805D53C 
 4494      9158
 4495 034a 55703566 		.ascii	"Up5f\257\363=\311B\210S$\333%\026A\002\260\004\013\340"
 4495      AFF33DC9 
 4495      42885324 
 4495      DB251641 
 4495      02B0040B 
 4496 035f 6AD9611A 		.ascii	"j\331a\032;\250\006"
 4496      3BA806
 4497              		.text
 4498              		.section	.gnu.lto_HAL_DMA_Start.part.0.355.1f2f3510,"e",%progbits
 4499 0000 28B52FFD 		.ascii	"(\265/\375`\203\012\375(\000:@\334\016DP\344Q:\011\342"
 4499      60830AFD 
 4499      28003A40 
 4499      DC0E4450 
 4499      E4513A09 
 4500 0015 D5D6A950 		.ascii	"\325\326\251P\013tp\304\236\246\352\277\263\203\266"
 4500      0B7470C4 
 4500      9EA6EABF 
 4500      B383B6
 4501 0024 0C0598F0 		.ascii	"\014\005\230\360Z\"\306(.\243Lb=\326m\255\257\352\212"
 4501      5A22C628 
 4501      2EA34C62 
 4501      3DD66DAD 
 4501      AFEA8A
 4502 0037 8A500751 		.ascii	"\212P\007Q\307|~\275v\323\033\275\242\363\213\244\333"
 4502      C77C7EBD 
 4502      76D31BBD 
 4502      A2F38BA4 
 4502      DB
 4503 0048 2CE2BFFD 		.ascii	",\342\277\375o\215\020\262w\222\001\342\000\306\000"
 4503      6F8D10B2 
 4503      779201E2 
 4503      00C600
 4504 0057 E3004839 		.ascii	"\343\000H9\033\222\213\313Y\332\340l{\350\235-^\251"
 4504      1B928BCB 
 4504      59DAE06C 
 4504      7BE89D2D 
 4504      5EA9
 4505 0069 3DBB3EA9 		.ascii	"=\273>\251=\333}.MU\325\345\354\356\246\252\312\321"
 4505      3DDB7D2E 
 4505      4D55D5E5 
 4505      ECEEA6AA 
 4505      CAD1
 4506 007b 4C9CE39E 		.ascii	"L\234\343\236^$\350\320\034\231\026\312Y:u\026K9\363"
 4506      5E24E8D0 
 4506      1C9916CA 
 4506      593A7516 
 4506      4B39F3
 4507 008e 08A40E44 		.ascii	"\010\244\016D\031(\000U$0\340I@\000\000NMLKJ\304$\244"
 4507      19280055 
 4507      2430E049 
ARM GAS  C:\Users\nicx5\AppData\Local\Temp\ccBxLq1r.s 			page 216


 4507      4000004E 
 4507      4D4C4B4A 
 4508 00a5 23A3A2A1 		.ascii	"#\243\242\2410\010\374\371z\274\226]\36152\373?1\035"
 4508      3008FCF9 
 4508      7ABC965D 
 4508      F13532FB 
 4508      3F311D
 4509 00b8 4770CD5C 		.ascii	"Gp\315\\\352\000\2138+O\206\300=\252\214\201i\0012P"
 4509      EA008B38 
 4509      2B4F86C0 
 4509      3DAA8C81 
 4509      69013250 
 4510 00cc 6EC53104 		.ascii	"n\3051\004\276\014\210>A\005\250\005\360\002\240\213"
 4510      BE0C883E 
 4510      4105A805 
 4510      F002A08B 
 4511 00dc 1397A627 		.ascii	"\023\227\246'S\332\022\025\245)o\227\010\225d\334\223"
 4511      53DA1215 
 4511      A5296F97 
 4511      089564DC 
 4511      93
 4512 00ed 05D09321 		.ascii	"\005\320\223!R\216\024\345\350\314\310\254\250\311\220"
 4512      528E14E5 
 4512      E8CCC8AC 
 4512      A8C990
 4513 00fc 89704950 		.ascii	"\211pIP\0110\311\217\3147\326{\035'\022\036X\373\305"
 4513      0930C98F 
 4513      CC37D67B 
 4513      1D27121E 
 4513      58FBC5
 4514 010f F25877E0 		.ascii	"\362Xw\340\225\001\036,dC\261\346\2324\366\206\347o"
 4514      95011E2C 
 4514      6443B1E6 
 4514      9A34F686 
 4514      E76F
 4515 0121 87BAE244 		.ascii	"\207\272\342D\273\027\351F\336\205\234s\337K\356\235"
 4515      BB17E946 
 4515      DE859C73 
 4515      DF4BEE9D 
 4516 0131 E0DDD8D7 		.ascii	"\340\335\330\327\335G\272yk\002\367+\332\356\0267\303"
 4516      DD47BA79 
 4516      6B02F72B 
 4516      DAEE1637 
 4516      C3
 4517 0142 E56496B3 		.ascii	"\345d\226\263\223\010}8\0340\372Rl\264g\023\230\331"
 4517      93087D38 
 4517      1C30FA52 
 4517      6CB46713 
 4517      98D9
 4518 0154 ADE166FF 		.ascii	"\255\341f\377\355G\324*u\362\255^\214\206\215\370\254"
 4518      ED47D42A 
 4518      75F2AD5E 
 4518      8C868DF8 
 4518      AC
 4519 0165 8FABD56A 		.ascii	"\217\253\325j\265\361Y7\357\366\260\275-lo\007\333\333"
 4519      B5F15937 
 4519      EFF6B0BD 
ARM GAS  C:\Users\nicx5\AppData\Local\Temp\ccBxLq1r.s 			page 217


 4519      2D6C6F07 
 4519      DBDB
 4520 0177 C0F6F6EF 		.ascii	"\300\366\366\357m\277\357l\177\357`~^{\273mo\263\355"
 4520      6DBFEF6C 
 4520      7FEF607E 
 4520      5E7BBB6D 
 4520      6FB3ED
 4521 018a EDB5BD8D 		.ascii	"\355\265\275\215\331\333\367\321\377N\227\354\321g\316"
 4521      D9DBF7D1 
 4521      FF4E97EC 
 4521      D167CE
 4522 0199 4DAA8572 		.ascii	"M\252\205r\031\213&\355\323w\177\332\325\177k`\337\215"
 4522      198B26ED 
 4522      D3777FDA 
 4522      D57F6B60 
 4522      DF8D
 4523 01ab D9179A39 		.ascii	"\331\027\2329?\235\323\034\300\263Kt@t\237\314\335\230"
 4523      3F9DD31C 
 4523      C0B34B74 
 4523      40749FCC 
 4523      DD98
 4524 01bd 3703C978 		.ascii	"7\003\311x-\017\235\232\272\234\245\013\304zmb\250m"
 4524      2D0F9D9A 
 4524      BA9CA50B 
 4524      C47A6D62 
 4524      A86D
 4525 01cf 62C0BAFC 		.ascii	"b\300\272\374+L\033[\230\272.)\215. \326{0R\032k1\013"
 4525      2B4C1B5B 
 4525      98BA2E29 
 4525      8D2E20D6 
 4525      7B30521A 
 4526 01e6 F93212A3 		.ascii	"\3712\022\243w\266\273\016\265\341\313Y\315\2714\005"
 4526      77B6BB0E 
 4526      B5E1CB59 
 4526      CDB93405 
 4527 01f6 04BE8FF6 		.ascii	"\004\276\217\366\275\\-\307\2416:\304\026\327\3519\213"
 4527      BD5C2DC7 
 4527      A1363AC4 
 4527      16D7E939 
 4527      8B
 4528 0207 5BECEB31 		.ascii	"[\354\3531\342\177\374\334(a\242=\313b\253\263\271C"
 4528      E27FFCDC 
 4528      2861A23D 
 4528      CB62ABB3 
 4528      B943
 4529 0219 9784D130 		.ascii	"\227\204\3210\237\373\010TT\255V\023\335\330b\274b\236"
 4529      9FFB0854 
 4529      54AD5613 
 4529      DDD862BC 
 4529      629E
 4530 022b 2130244D 		.ascii	"!0$M\334\354n\024\317\243\302\212\356\006\326\261=\213"
 4530      DCEC6E14 
 4530      CFA3C28A 
 4530      EE06D6B1 
 4530      3D8B
 4531 023d B105B7E8 		.ascii	"\261\005\267\350\032n\342\343DP\310\306\220\236vw\213"
 4531      1A6EE2E3 
ARM GAS  C:\Users\nicx5\AppData\Local\Temp\ccBxLq1r.s 			page 218


 4531      4450C8C6 
 4531      909E7677 
 4531      8B
 4532 024e D8F3A86C 		.ascii	"\330\363\250l\016\253A\241F=\302\250\353\035\",Eu\230"
 4532      0EAB41A1 
 4532      463DC2A8 
 4532      EB1D222C 
 4532      457598
 4533 0261 8DF723C8 		.ascii	"\215\367#\310\220\241\234\335O\310\2371\241tn\350e\211"
 4533      90A19CDD 
 4533      4FC89F31 
 4533      A1746EE8 
 4533      6589
 4534 0273 96A01995 		.ascii	"\226\240\031\225H\205+\003\014s^\266\2475/\267\337\323"
 4534      48852B03 
 4534      0C735EB6 
 4534      A7352FB7 
 4534      DFD3
 4535 0285 4E419122 		.ascii	"NA\221\"\207|es\025\2304I\353\351\010\243\266\232\257"
 4535      877C6573 
 4535      15983449 
 4535      EBE908A3 
 4535      B69AAF
 4536 0298 33557875 		.ascii	"3Uxug\353;BH\362\264r\020\322\340\372\220a\245Q\277"
 4536      67EB3B42 
 4536      48F2B472 
 4536      10D2E0FA 
 4536      9061A551 
 4537 02ad AB3B6368 		.ascii	"\253;ch5#\206\301\277x\260\214\305a\214\326k\016\313"
 4537      352386C1 
 4537      BF78B08C 
 4537      C5618CD6 
 4537      6B0ECB
 4538 02c0 CE379FF6 		.ascii	"\3167\237\366b\015zv\334D\335\235\3654\315\247\227s"
 4538      620D7A76 
 4538      DC44DD9D 
 4538      F534CDA7 
 4538      9773
 4539 02d2 BED817F5 		.ascii	"\276\330\027\365\322\323\247\321v#\217FE\203\017Th\007"
 4539      D2D3A7D1 
 4539      76238F46 
 4539      45830F54 
 4539      6807
 4540 02e4 4A19CBE3 		.ascii	"J\031\313\343R\331n-U\274@v8.\217K\345\206\237R\211"
 4540      52D96E2D 
 4540      55BC4076 
 4540      382E8F4B 
 4540      E5869F52 
 4541 02f9 4C6A6961 		.ascii	"Ljia\310J^\375:E\325\004-d\004d\225\203\247#\227\326"
 4541      C84A5EFD 
 4541      3A45D504 
 4541      2D640464 
 4541      9583A723 
 4542 030f D6DA590E 		.ascii	"\326\332Y\016\216\\ZX.\216[[T\017\270\226\312\251\254"
 4542      8E5C5A58 
 4542      2E8E5B5B 
 4542      540FB896 
ARM GAS  C:\Users\nicx5\AppData\Local\Temp\ccBxLq1r.s 			page 219


 4542      CAA9AC
 4543 0322 E4D51456 		.ascii	"\344\325\024V\007\014VX5jH\260\232R&\2213V$7Tu\015\030"
 4543      070C5658 
 4543      356A48B0 
 4543      9A522691 
 4543      33562437 
 4544 033a 19AC4E50 		.ascii	"\031\254NP=\360\020\342\352\204\262E\022\306\210\023"
 4544      3DF010E2 
 4544      EA84B245 
 4544      12C68813 
 4545 034a 143810BB 		.ascii	"\0248\020\273\357\361\331\235\002\344\356\217T\237\331"
 4545      EFF1D99D 
 4545      02E4EE8F 
 4545      549FD9
 4546 0359 0EB190EE 		.ascii	"\016\261\220\356\036\342\213\301\336\027\274\020H\011"
 4546      1EE28BC1 
 4546      DE17BC10 
 4546      4809
 4547 0367 F19DDD83 		.ascii	"\361\235\335\203X\210}=\012\005\017\000\007\335\330"
 4547      58887D3D 
 4547      0A050F00 
 4547      07DDD8
 4548 0376 FE309088 		.ascii	"\3760\220\210\240\037Y\324\235\033\230{\001;\207\252"
 4548      A01F59D4 
 4548      9D1B987B 
 4548      013B87AA 
 4549 0386 F3229D13 		.ascii	"\363\"\235\023\230\363\001r\376\024\347\002\340<\300"
 4549      98F30172 
 4549      FE14E702 
 4549      E03CC0
 4550 0395 9B037073 		.ascii	"\233\003ps\2476ob\363)\223\334\357\226\326\374\214\322"
 4550      A7366F62 
 4550      F32993DC 
 4550      EF96D6FC 
 4550      8CD2
 4551 03a7 D5FC620D 		.ascii	"\325\374b\015\3754eL\327\207{\230\207\217\273\257D\334"
 4551      FD34654C 
 4551      D7877B98 
 4551      878FBBAF 
 4551      44DC
 4552 03b9 FBE82218 		.ascii	"\373\350\"\030\346\321\247\332\2559\347\034\200\357"
 4552      E6D1A7DA 
 4552      AD39E71C 
 4552      80EF
 4553 03c7 A8617869 		.ascii	"\250axi\244FDRFA\222\014\007\020\003\221\232$\017\021"
 4553      A4464452 
 4553      4641920C 
 4553      07100391 
 4553      9A240F11 
 4554 03db A018B39E 		.ascii	"\240\030\263\236\244\005\251\326\371y\252W\224\227>"
 4554      A405A9D6 
 4554      F979AA57 
 4554      94973E
 4555 03ea B7676EF6 		.ascii	"\267gn\366a\\\276\273\344$dX\205Z\274\304\346)7\307"
 4555      615CBEBB 
 4555      E4246458 
 4555      855ABCC4 
ARM GAS  C:\Users\nicx5\AppData\Local\Temp\ccBxLq1r.s 			page 220


 4555      E62937C7 
 4556 03fe 2DCFC593 		.ascii	"-\317\305\223\315\014K{\235\220\243!\232G\236?<\331"
 4556      CD0C4B7B 
 4556      9D90A321 
 4556      9A479E3F 
 4556      3CD9
 4557 0410 085BC318 		.ascii	"\010[\303\030D\025\211x{\340#\262^X\211\254\027n\"\353"
 4557      44158978 
 4557      7BE023B2 
 4557      5E5889AC 
 4557      176E22EB 
 4558 0424 85A1C87A 		.ascii	"\205\241\310z\341)\262^\330\212\254\027\316\"\353\205"
 4558      E129B25E 
 4558      D88AAC17 
 4558      CE22EB85 
 4559 0434 B9C87AE1 		.ascii	"\271\310z\341/\262^X\214\314\027^F\347\273G\243\353"
 4559      2FB25E58 
 4559      8CCC175E 
 4559      46E7BB47 
 4559      A3EB
 4560 0446 DDBD46B7 		.ascii	"\335\275F\267\267\264\033\335\2764n\343h3\005E\012\223"
 4560      B7B41BDD 
 4560      BE346EE3 
 4560      68330545 
 4560      0A93
 4561 0458 9E86D21B 		.ascii	"\236\206\322\033\305\310\315E\367\003\004\016\303\227"
 4561      C5C8CD45 
 4561      F703040E 
 4561      C397
 4562 0466 3D574424 		.ascii	"=WD$6IX\361\314\340q\036Ti\313\361\211\233\031(f\000"
 4562      364958F1 
 4562      CCE0711E 
 4562      5469CBF1 
 4562      899B1928 
 4563 047c 3490D034 		.ascii	"4\220\3204\"D\203\232\027(f\000\210\206\0048\240\366"
 4563      2244839A 
 4563      17286600 
 4563      88860438 
 4563      A0F6
 4564 048e 8836126E 		.ascii	"\2106\022nH\276\012\207'i\3111m\353\264\001\364G\310"
 4564      48BE0A87 
 4564      2769C931 
 4564      6DEBB401 
 4564      F447C8
 4565 04a1 16B267CC 		.ascii	"\026\262g\31425'1t1\325,U\247\252\233\206\375\324Oz"
 4565      32352731 
 4565      7431D52C 
 4565      55A7AA9B 
 4565      86FDD44F 
 4566 04b6 3DAB043B 		.ascii	"=\253\004;iZ=\266\230N\350ci\212\205\257i\366\267\""
 4566      695A3DB6 
 4566      984EE863 
 4566      698A85AF 
 4566      69F6B722 
 4567 04ca F07EAE6C 		.ascii	"\360~\256l\030\313\367\211\301D\003\306 C\023b\036G"
 4567      18CBF789 
 4567      C14403C6 
ARM GAS  C:\Users\nicx5\AppData\Local\Temp\ccBxLq1r.s 			page 221


 4567      20431362 
 4567      1E47
 4568 04dc E7E634EF 		.ascii	"\347\3464\357\252\032'[\273zB\330\024\206\241\342\213"
 4568      AA1A275B 
 4568      BB7A42D8 
 4568      1486A1E2 
 4568      8B
 4569 04ed 847B326E 		.ascii	"\204{2n\2577\343\366z3n\2577\343\366\372\275\004\241"
 4569      AF37E3F6 
 4569      7A336EAF 
 4569      37E3F6FA 
 4569      BD04A1
 4570 0500 B406FDB1 		.ascii	"\264\006\375\261nYl\314\216\332\306\023\356\214\246"
 4570      6E596CCC 
 4570      8EDAC613 
 4570      EE8CA6
 4571 050f 959B717B 		.ascii	"\225\233q{\275\031\267_\357RHFc\231jH@<\266\261s\310"
 4571      BD19B75F 
 4571      EF524846 
 4571      63996A48 
 4571      403CB6B1 
 4572 0525 67EEA102 		.ascii	"g\356\241\002"
 4573              		.text
 4574              		.section	.gnu.lto_HAL_DMA_Start_IT.part.0.356.1f2f3510,"e",%progbits
 4575 0000 28B52FFD 		.ascii	"(\265/\375`\304\026mG\000\012k\214\030; \342N\007\317"
 4575      60C4166D 
 4575      47000A6B 
 4575      8C183B20 
 4575      E24E07CF 
 4576 0014 D73FE432 		.ascii	"\327?\3442\343\206\340\037\310ClR\004 \037\345].\232"
 4576      E386E01F 
 4576      C8436C52 
 4576      04201FE5 
 4576      5D2E9A
 4577 0027 8C3B8ED2 		.ascii	"\214;\216\322\271Y\305\240\307o\015\000\015\375\254"
 4577      B959C5A0 
 4577      C76F0D00 
 4577      0DFDAC
 4578 0036 4E941798 		.ascii	"N\224\027\230\342cH\212\376\202\277\340\277\272\011"
 4578      E263488A 
 4578      FE82BFE0 
 4578      BFBA09
 4579 0045 917B4B99 		.ascii	"\221{K\231R\215\001K\001v\001\361\"\337\233\011J.K\014"
 4579      528D014B 
 4579      017601F1 
 4579      22DF9B09 
 4579      4A2E4B0C 
 4580 0059 07C531D7 		.ascii	"\007\3051\327\353a\255\367n\357\216\276\306\325x\243"
 4580      EB61ADF7 
 4580      6EEF8EBE 
 4580      C6D578A3 
 4581 0069 A77134CE 		.ascii	"\247q4\316\350\213\256\350\211\216\350\207n\350\205"
 4581      E88BAEE8 
 4581      898EE887 
 4581      6EE885
 4582 0078 4EE8677C 		.ascii	"N\350g|\320\315x\031\027\364@\007t2\316-\203\360\200"
 4582      D0CD7819 
ARM GAS  C:\Users\nicx5\AppData\Local\Temp\ccBxLq1r.s 			page 222


 4582      17F44007 
 4582      7432CE2D 
 4582      83F080
 4583 008b CC410306 		.ascii	"\314A\003\006\013\024\214\211\205\201}%@\340\325\305"
 4583      0B148C89 
 4583      85817D25 
 4583      40E0D5C5 
 4584 009b 75C04001 		.ascii	"u\300@\001\002\322\001\002\002l\001\320\312\212b]YU"
 4584      02D20102 
 4584      026C01D0 
 4584      CA8A625D 
 4584      5955
 4585 00ad 514D4945 		.ascii	"QMIEA=951-)%!\035\031\025\021A\237\316\346\206_\235"
 4585      413D3935 
 4585      312D2925 
 4585      211D1915 
 4585      11419FCE 
 4586 00c5 FDD1CD1F 		.ascii	"\375\321\315\037J\007\344\335\021\300\336\373\0325F"
 4586      4A07E4DD 
 4586      11C0DEFB 
 4586      1A3546
 4587 00d4 99707579 		.ascii	"\231puyS\264\2747fI\203\005\215\2261\273\210U\204\222"
 4587      53B4BC37 
 4587      66498305 
 4587      8D9631BB 
 4587      88558492 
 4588 00e8 F804D1C9 		.ascii	"\370\004\321\311a\023C&\205x\204wg\354\006\217\2301"
 4588      61134326 
 4588      85788477 
 4588      67EC068F 
 4588      9831
 4589 00fa 52A6885E 		.ascii	"R\246\210^v\301\271\367@\"\331\001\337\272\274)C\336"
 4589      76C1B9F7 
 4589      4022D901 
 4589      DFBABC29 
 4589      43DE
 4590 010c C954E555 		.ascii	"\311T\345U\207\274\3218\216\237\362\252r\331\271Uy\325"
 4590      87BCD138 
 4590      8E9FF2AA 
 4590      72D9B955 
 4590      79D5
 4591 011e B9B22E84 		.ascii	"\271\262.\204C\017\014\221\025r@\250A&\003\314\005\203"
 4591      430F0C91 
 4591      157240A8 
 4591      412603CC 
 4591      0583
 4592 0130 14F019AB 		.ascii	"\024\360\031\253\024\333\023\246\007\214\362+O\002<"
 4592      14DB13A6 
 4592      078CF22B 
 4592      4F023C
 4593 013f 08EE78BD 		.ascii	"\010\356x\275\351\222\344\212<\000i\300M\2016O\004\330"
 4593      E992E48A 
 4593      3C0069C0 
 4593      4D81364F 
 4593      04D8
 4594 0151 BC4AF2AA 		.ascii	"\274J\362\252qY\372\003\036_@b\016 \347\372\310\345"
 4594      7159FA03 
ARM GAS  C:\Users\nicx5\AppData\Local\Temp\ccBxLq1r.s 			page 223


 4594      1E5F4062 
 4594      0E20E7FA 
 4594      C8E5
 4595 0163 AA98B70E 		.ascii	"\252\230\267\016\001\030j\025f\021F\317`\215\271\332"
 4595      01186A15 
 4595      661146CF 
 4595      608DB9DA 
 4596 0173 5AFD55F9 		.ascii	"Z\375U\371Q\365M\211\221\012\023\305\007\265\367\244"
 4596      51F54D89 
 4596      910A13C5 
 4596      07B5F7A4 
 4597 0183 C5290B62 		.ascii	"\305)\013bn\312b\222V\326\365\311C\242\367KX\224\262"
 4597      6ECA6292 
 4597      56D6F5C9 
 4597      43A2F74B 
 4597      5894B2
 4598 0196 49582428 		.ascii	"IX$(GO\214\234\0245!b\002\305{\3369_\316\325\256i\335"
 4598      474F8C9C 
 4598      14352162 
 4598      02C57BDE 
 4598      395FCED5 
 4599 01ad 70B09037 		.ascii	"p\260\2207\210~\017\324\351\202wDW}\231\356\016\353"
 4599      887E0FD4 
 4599      E9827744 
 4599      577D99EE 
 4599      0EEB
 4600 01bf FCE16771 		.ascii	"\374\341gq\271js^z\177lF\210\343\330\223\246\360\275"
 4600      B96A735E 
 4600      7A7F6C46 
 4600      88E3D893 
 4600      A6F0BD
 4601 01d2 9F78F7E6 		.ascii	"\237x\367\346\224\273/qOj\006\224;k\012x\202\344C\356"
 4601      94BB2F71 
 4601      4F6A0694 
 4601      3B6B0A78 
 4601      82E443EE 
 4602 01e6 AEE2D538 		.ascii	"\256\342\3258\2453\216\343\254\237\3337\310\254\177"
 4602      A5338EE3 
 4602      AC9FDB37 
 4602      C8AC7F
 4603 01f5 8EEDBEE2 		.ascii	"\216\355\276\342\321P\271B8\032\362\374,\266{\332+\272"
 4603      D150B942 
 4603      381AF2FC 
 4603      2CB67BDA 
 4603      2BBA
 4604 0207 90C2C6B1 		.ascii	"\220\302\306\261\2241\377D\0370\374\365v\354\207\011"
 4604      9431FF44 
 4604      1F30FCF5 
 4604      76EC8709 
 4605 0217 602F0175 		.ascii	"`/\001u\325\377\360\225\034-\345\304\271\233\265V\233"
 4605      D5FFF095 
 4605      1C2DE5C4 
 4605      B99BB556 
 4605      9B
 4606 0228 D0597FDD 		.ascii	"\320Y\177\335\355v\273\256\263\356\320\354Z;{\326\316"
 4606      ED76BBAE 
 4606      B3EED0EC 
ARM GAS  C:\Users\nicx5\AppData\Local\Temp\ccBxLq1r.s 			page 224


 4606      5A3B7BD6 
 4606      CE
 4607 0239 1EDDD9B1 		.ascii	"\036\335\331\261v\366\253\235\335jg\257zf\247\332\331"
 4607      76F6AB9D 
 4607      DD6A67AF 
 4607      7A66A7DA 
 4607      D9
 4608 024a A77676A9 		.ascii	"\247vv\251\235=jg\207rf\177\332\331\235v\366\246\235"
 4608      9D3D6A67 
 4608      8772667F 
 4608      DAD99D76 
 4608      F6A69D
 4609 025d 9D69675F 		.ascii	"\235ig_jfW\332\331\223vv\244\235\375\250\231\335hg/"
 4609      6A6657DA 
 4609      D9937676 
 4609      A49DFDA8 
 4609      99DD6867 
 4610 0272 DAD98976 		.ascii	"\332\331\211vv\350\017\376?_\360\337\371d\376\233;\373"
 4610      76E80FFE 
 4610      3F5FF0DF 
 4610      F964FE9B 
 4610      3BFB
 4611 0284 DED9E19D 		.ascii	"\336\331\341\235\375\335\3315\234=\377\366\377\3072"
 4611      FDDDD935 
 4611      9C3DFFF6 
 4611      FFC732
 4612 0293 93EFF2C5 		.ascii	"\223\357\362\3051\224\356\2408\012\214f\357\015\337"
 4612      3194EEA0 
 4612      380A8C66 
 4612      EF0DDF
 4613 02a2 FD0D7BF8 		.ascii	"\375\015{\370\037:\221?\241\233G\250\3061\337\325\360"
 4613      1F3A913F 
 4613      A19B47A8 
 4613      C631DFD5 
 4613      F0
 4614 02b3 07D1C34F 		.ascii	"\007\321\303Osf\356_\370\204n9\236\2135\340\035\312"
 4614      7366EE5F 
 4614      F8846E39 
 4614      9E8B35E0 
 4614      1DCA
 4615 02c5 2F9671CC 		.ascii	"/\226q\3145@\347\0344\323\0354c]|\270@?\202\201\201"
 4615      3540E71C 
 4615      34D31D34 
 4615      635D7CB8 
 4615      403F8281 
 4616 02da 7A7073D0 		.ascii	"zps\3201{\363\223\341\346x\243\361\021\270&5\234\017"
 4616      317BF393 
 4616      E1E678A3 
 4616      F111B826 
 4616      359C0F
 4617 02ed 7B8FFFDB 		.ascii	"{\217\377\333\361\214c\277\253\323\243\231\316\277\365"
 4617      F18C63BF 
 4617      ABD3A399 
 4617      CEBFF5
 4618 02fc EF7BBF1F 		.ascii	"\357{\277\037\377\267\303\227\342\030Sr1\216\271\\\017"
 4618      FFB7C397 
 4618      E2185372 
ARM GAS  C:\Users\nicx5\AppData\Local\Temp\ccBxLq1r.s 			page 225


 4618      318EB95C 
 4618      0F
 4619 030d 7B07E7C3 		.ascii	"{\007\347\303\321w\332\017\277\317\264\037v\3770\376"
 4619      D177DA0F 
 4619      BFCFB41F 
 4619      76FF30FE 
 4620 031d 25D6E3EA 		.ascii	"%\326\343\352\356\376%\366\303\335tT\030X\347K\367\222"
 4620      EEFE25F6 
 4620      C3DD7454 
 4620      1858E74B 
 4620      F792
 4621 032f 66D24680 		.ascii	"f\322F\200\254uA\2264\214\354\026\260P\246\203\367F"
 4621      AC754196 
 4621      348CEC16 
 4621      B050A683 
 4621      F746
 4622 0341 8900ADCD 		.ascii	"\211\000\255\315|\245\374\246\004i\231\224\343\247\227"
 4622      7CA5FCA6 
 4622      04699994 
 4622      E3A797
 4623 0350 6E249D14 		.ascii	"n$\235\024\347\245\373H#\025\242:\217 \361\340\005\320"
 4623      E7A5FB48 
 4623      2315A23A 
 4623      8F20F1E0 
 4623      05D0
 4624 0362 5AB7B18D 		.ascii	"Z\267\261\215\364\027\006\346\311\360\2306\214\364U"
 4624      F41706E6 
 4624      C9F09836 
 4624      8CF455
 4625 0371 76FB1659 		.ascii	"v\373\026Y$\210\352\204\276t\023\351\"\375\326\272j"
 4625      2488EA84 
 4625      BE7413E9 
 4625      22FDD6BA 
 4625      6A
 4626 0382 9F976EA8 		.ascii	"\237\227n\250&\322\377\207\352\204\352\347\326F$\230"
 4626      26D2FF87 
 4626      EA84EAE7 
 4626      D6462498 
 4627 0392 2D3A0F60 		.ascii	"-:\017`\362\265\346|\226\234\217\306y,8\177\365\346"
 4627      F2B5E67C 
 4627      969C8FC6 
 4627      792C387F 
 4627      F5E6
 4628 03a4 AD24BF2A 		.ascii	"\255$\277*\362\251 \177\312\315K\265\371(6o\010\365"
 4628      F2A9207F 
 4628      CACD4BB5 
 4628      F928366F 
 4628      08F5
 4629 03b6 F8994F8E 		.ascii	"\370\231O\216\317\350\364k>\353\007\364\207\364\233"
 4629      CFE8F46B 
 4629      3EEB07F4 
 4629      87F49B
 4630 03c5 CA4FEDD4 		.ascii	"\312O\355\324M\375\332\275\303\207\374C<j\325B\374!"
 4630      4DFDDABD 
 4630      C387FC43 
 4630      3C6AD542 
 4630      FC21
ARM GAS  C:\Users\nicx5\AppData\Local\Temp\ccBxLq1r.s 			page 226


 4631 03d7 BDBC711C 		.ascii	"\275\274q\034\307M[[>\236\207\365\326O\271\020_\271"
 4631      C74D5B5B 
 4631      3E9E87F5 
 4631      D64FB910 
 4631      5FB9
 4632 03e9 87C7D988 		.ascii	"\207\307\331\210\3750\254\247\317\206\216\035&\255\325"
 4632      FD30ACA7 
 4632      CF868E1D 
 4632      26ADD5
 4633 03f8 943FC40F 		.ascii	"\224?\304\017R\267\333=\364\322\255\365\253\233\230"
 4633      52B7DB3D 
 4633      F4D2ADF5 
 4633      AB9B98
 4634 0407 56BBAAAE 		.ascii	"V\273\252\256\272{\211\277C\235\332\341q\002\305~X\353"
 4634      BA7B89BF 
 4634      439DDAE1 
 4634      7102C57E 
 4634      58EB
 4635 0419 32C22DA0 		.ascii	"2\302-\240\256\352\327\207\254\340\335-\361]f0t|JQ&"
 4635      AEEAD787 
 4635      ACE0DD2D 
 4635      F15D6630 
 4635      747C4A51 
 4636 042e B5DFDF5F 		.ascii	"\265\337\337_\222\\\\\343\233Y\250\013\222\245\026l"
 4636      925C5CE3 
 4636      9B59A80B 
 4636      92A5166C 
 4637 043e 122982E4 		.ascii	"\022)\202\344\350\361\022z\244\362\316\210;y\324\347"
 4637      E8F1127A 
 4637      A4F2CE88 
 4637      3B79D4E7 
 4638 044e E44B11B6 		.ascii	"\344K\021\266\261\2511\021\221(\356\232\005\255\000"
 4638      B1A93111 
 4638      9128EE9A 
 4638      05AD00
 4639 045d DF08A17C 		.ascii	"\337\010\241|\227\005\222$!\364\2142I\366\004\312\236"
 4639      97059224 
 4639      21F48C32 
 4639      49F604CA 
 4639      9E
 4640 046e 13485CA3 		.ascii	"\023H\\\243\257\201c\334\322\264|A\317\024dwg?\206\355"
 4640      AF8163DC 
 4640      D2B47C41 
 4640      CF146477 
 4640      673F86ED 
 4641 0482 25EA2984 		.ascii	"%\352)\204\271[\237i\311\210\371b\233\002\365\347:]"
 4641      B95B9F69 
 4641      C988F962 
 4641      9B02F5E7 
 4641      3A5D
 4642 0494 EE16B5D6 		.ascii	"\356\026\265\326\372\033\307\305\327\367l7\332\250m"
 4642      FA1BC7C5 
 4642      D7F76C37 
 4642      DAA86D
 4643 04a3 6CFB459B 		.ascii	"l\373E\233\213\031i\034\250m\3246\266\012P6\266\264"
 4643      8B19691C 
 4643      A86DD436 
ARM GAS  C:\Users\nicx5\AppData\Local\Temp\ccBxLq1r.s 			page 227


 4643      B60A5036 
 4643      B6B4
 4644 04b5 35343409 		.ascii	"544\011,\326\316\240\336B\214\001Z\332X\232X\227\025"
 4644      2CD6CEA0 
 4644      DE428C01 
 4644      5ADA589A 
 4644      589715
 4645 04c8 550DEDC5 		.ascii	"U\015\355\305\353,\272\250jh+dP_\274\370\002Skc\363"
 4645      EB2CBAA8 
 4645      6A682B64 
 4645      505FBCF8 
 4645      02536B63 
 4646 04dd 62B176E6 		.ascii	"b\261v\346\265\202\203\204\351\012\035:\024L\275\330"
 4646      B5828384 
 4646      E90A1D3A 
 4646      144CBDD8 
 4647 04ed D6D270C0 		.ascii	"\326\322p\300X\253 \346:hL\230\246\370\002\353 \342"
 4647      58AB20E6 
 4647      3A684C98 
 4647      A6F802EB 
 4647      20E2
 4648 04ff 2C055B8C 		.ascii	",\005[\2145\032%R4\260\320\344\236\377\215u6g)\362\245"
 4648      351A2552 
 4648      34B0D0E4 
 4648      9EFF8D75 
 4648      366729F2 
 4649 0514 9284BFDB 		.ascii	"\222\204\277\333\326\322G\334]Kgm}\217\360\226\273%"
 4649      D6D247DC 
 4649      5D4B676D 
 4649      7D8FF096 
 4649      BB25
 4650 0526 48646DA1 		.ascii	"Hdm\241N\265\037\325Y\372)\247\205:\215\216\300\322"
 4650      4EB51FD5 
 4650      59FA29A7 
 4650      853A8D8E 
 4650      C0D2
 4651 0538 7AD4E9BF 		.ascii	"z\324\351\277t_i\254\272\234\275\302\023qf\026\002\304"
 4651      745F69AC 
 4651      BA9CBDC2 
 4651      13716616 
 4651      02C4
 4652 054a 070F1D38 		.ascii	"\007\017\0358l\320\220a\212\341\202\005\012o\244T\260"
 4652      6CD09061 
 4652      8AE18205 
 4652      0A6FA454 
 4652      B0
 4653 055b D257A865 		.ascii	"\322W\250e\330'_\245\255\364\223\216\333_\256Be\352"
 4653      D8275FA5 
 4653      ADF4938E 
 4653      DB5FAE42 
 4653      65EA
 4654 056d 36A64A97 		.ascii	"6\246J\227\351\321zQCAk]mSI\310yjT\372\352o\302\224"
 4654      E9D17A51 
 4654      43416B5D 
 4654      6D5349C8 
 4654      796A54FA 
 4655 0585 8E4225C3 		.ascii	"\216B%\303f)=\245\237U\254uN\2444Y\366%\267|\027\023"
ARM GAS  C:\Users\nicx5\AppData\Local\Temp\ccBxLq1r.s 			page 228


 4655      66293DA5 
 4655      9F55AC75 
 4655      4EA43459 
 4655      F625B77C 
 4656 059b 528C04E9 		.ascii	"R\214\004\351\216z\343\370\245\033JG\351g\031\012\371"
 4656      8E7AE3F8 
 4656      A51B4A47 
 4656      E967190A 
 4656      F9
 4657 05ac 8EEACC76 		.ascii	"\216\352\314vf\026h\354\207\2414\204\354\026\020CVB"
 4657      661668EC 
 4657      87A13484 
 4657      EC161043 
 4657      5642
 4658 05be E3496365 		.ascii	"\343Ice\267o\222Wt\367\017\337e\204\272K%A\225e\331"
 4658      B76F9257 
 4658      74F70FDF 
 4658      6584BA4B 
 4658      25419565 
 4659 05d3 189652AC 		.ascii	"\030\226R\254\003A\017\274\205\370\345\301#\034V\245"
 4659      03410FBC 
 4659      85F8E5C1 
 4659      231C56A5 
 4660 05e3 8F4CF0B2 		.ascii	"\217L\360\262\260\015\021\007[&=\017\344\265A\223F\006"
 4660      B00D1107 
 4660      5B263D0F 
 4660      E4B54193 
 4660      4606
 4661 05f5 30570E1B 		.ascii	"0W\016\033\367\012.P0&\026\006\366\225\000\201W\027"
 4661      F70A2E50 
 4661      30261606 
 4661      F6950081 
 4661      5717
 4662 0607 D7010305 		.ascii	"\327\001\003\005\010\204\210\304\224:\3519j\014\354"
 4662      088488C4 
 4662      943AE939 
 4662      6A0CEC
 4663 0616 FBD2DDA4 		.ascii	"\373\322\335\244\2354R\025k]\226k\3221\262[M\027\211"
 4663      9D345215 
 4663      6B5D966B 
 4663      D231B25B 
 4663      4D1789
 4664 0629 E7EDC4F4 		.ascii	"\347\355\304\364\015`\262\006\201\333\250at\207\210"
 4664      0D60B206 
 4664      81DBA861 
 4664      748788
 4665 0638 46442445 		.ascii	"FD$E\005I2\214\001a\006\"\206ff\347\021\200\034\006"
 4665      0549328C 
 4665      01610622 
 4665      866666E7 
 4665      11801C06 
 4666 064c A5914E44 		.ascii	"\245\221NDF\012\222\242\007Y\226T\033('K9\342y\216?"
 4666      460A92A2 
 4666      07599654 
 4666      1B28274B 
 4666      39E2798E 
 4667 0661 862A327B 		.ascii	"\206*2{\253r\312\031e\242\007. \003\245n\004\245\035"
ARM GAS  C:\Users\nicx5\AppData\Local\Temp\ccBxLq1r.s 			page 229


 4667      AB72CA19 
 4667      65A2072E 
 4667      2003A56E 
 4667      04A51D
 4668 0674 74E1C022 		.ascii	"t\341\300\"\203R\221/\311@\300O\274\027\332(\027\366"
 4668      8352912F 
 4668      C940C04F 
 4668      BC17DA28 
 4668      17F6
 4669 0686 8005711C 		.ascii	"\200\005q\034\306\244JH\023\273\3264E\353\212\322\252"
 4669      C6A44A48 
 4669      13BBD634 
 4669      45EB8AD2 
 4669      AA
 4670 0697 55D5546B 		.ascii	"U\325Tku\370\026\312\252@\365)C\033\037\206$dO\333\221"
 4670      75F816CA 
 4670      AA40F529 
 4670      431B1F86 
 4670      24644FDB 
 4671 06ac C247E607 		.ascii	"\302G\346\007\017{\332\371\017^\201\217\304\344\357"
 4671      0F7BDAF9 
 4671      0F5E818F 
 4671      C4E4EF
 4672 06bb 433CF212 		.ascii	"C<\362\022t\367&,s\013\346\232\260\013\302\226\306\230"
 4672      74F7262C 
 4672      730BE69A 
 4672      B00BC296 
 4672      C698
 4673 06cd E8555937 		.ascii	"\350UY7\015s\341\212\\\247\327!\315f\317B\344\034\025"
 4673      0D73E18A 
 4673      5CA7D721 
 4673      CD66CF42 
 4673      E41C15
 4674 06e0 9F91CBC3 		.ascii	"\237\221\313\3032\364_ \203\204\016qA@\005\247\030\020"
 4674      32F45F20 
 4674      83840E71 
 4674      414005A7 
 4674      1810
 4675 06f2 0B2311B8 		.ascii	"\013#\021\270\212e,!<\321\320 \277\370\271\344d\376"
 4675      8A652C21 
 4675      3CD1D020 
 4675      BFF8B9E4 
 4675      64FE
 4676 0704 89573D25 		.ascii	"\211W=%\253\232\246T\215\326\325*j\256\244:\336\331"
 4676      AB9AA654 
 4676      8DD6D52A 
 4676      6AAEA43A 
 4676      DED9
 4677 0716 ED3E4116 		.ascii	"\355>A\026^\370\202\275\343\302\222\266\207\301\262"
 4677      5EF882BD 
 4677      E3C292B6 
 4677      87C1B2
 4678 0725 A162B5F9 		.ascii	"\241b\265\371\330\306\331\0013\333\371=\233\375\211"
 4678      D8C6D901 
 4678      33DBF93D 
 4678      9BFD89
 4679 0734 DB2A70D3 		.ascii	"\333*p\323,\002c\010\240\226Q\303\213;\022~\253\234"
ARM GAS  C:\Users\nicx5\AppData\Local\Temp\ccBxLq1r.s 			page 230


 4679      2C026308 
 4679      A09651C3 
 4679      8B3B127E 
 4679      AB9C
 4680 0746 01ED8F60 		.ascii	"\001\355\217`\036\330\315\331\212\202\021x\305\347\241"
 4680      1ED8CDD9 
 4680      8A821178 
 4680      C5E7A1
 4681 0755 F245CCDE 		.ascii	"\362E\314\336\022\265?,\372:_\364\177\214\226\004B\270"
 4681      12B53F2C 
 4681      FA3A5FF4 
 4681      7F8C9604 
 4681      42B8
 4682 0767 638F78AF 		.ascii	"c\217x\257\210\331M3\374\217\331\"0k\361i,\037)\344"
 4682      88D94D33 
 4682      FC8FD922 
 4682      306BF169 
 4682      2C1F29E4 
 4683 077b D49D221D 		.ascii	"\324\235\"\035\321\256_:\256]w:z\273\036u|\273\232\352"
 4683      D1AE5F3A 
 4683      AE5D773A 
 4683      7ABB1E75 
 4683      7CBB9AEA 
 4684 078f B876FDEA 		.ascii	"\270v\375\352\350\355\272\326\361\355\352\256\343\332"
 4684      E8EDBAD6 
 4684      F1EDEAAE 
 4684      E3DA
 4685 079d 75B0A3B7 		.ascii	"u\260\243\267\353c\307\273k\233\235\346\366N;y\333["
 4685      EB63C7BB 
 4685      6B9B9DE6 
 4685      F64E3B79 
 4685      DB5B
 4686 07af B68BB4BD 		.ascii	"\266\213\264\275}\273H\363\246\210\345F\223\002\356"
 4686      7DBB48F3 
 4686      A688E546 
 4686      9302EE
 4687 07be 08D39786 		.ascii	"\010\323\227\206\352w\224\301\240\323$\360\035\327\246"
 4687      EA7794C1 
 4687      A0D324F0 
 4687      1DD7A6
 4688 07cd 71DA24   		.ascii	"q\332$"
 4689 07d0 7B49A615 		.ascii	"{I\246\025\315\264\264\346A\223\370\006\237\022\363"
 4689      CDB4B4E6 
 4689      4193F806 
 4689      9F12F3
 4690 07df 55C5F885 		.ascii	"U\305\370\205q\241\242\302\246\331o\022\350\211\020"
 4690      71A1A2C2 
 4690      A6D96F12 
 4690      E88910
 4691 07ee 2E2E08CE 		.ascii	"..\010\316\303Y\245A\002\311.c\0027\254\022I\267S\206"
 4691      C359A541 
 4691      02C92E63 
 4691      0237AC12 
 4691      49B75386 
 4692 0802 4F39A140 		.ascii	"O9\241@5\310n\361K\314:\2466\025\314\303\262\227(I\233"
 4692      35C86EF1 
 4692      4BCC3AA6 
ARM GAS  C:\Users\nicx5\AppData\Local\Temp\ccBxLq1r.s 			page 231


 4692      3615CCC3 
 4692      B2972849 
 4693 0817 EA4B1A60 		.ascii	"\352K\032`fx\356\252\370\312KI\217@O\360\230>\213\005"
 4693      6678EEAA 
 4693      F8CA4B49 
 4693      8F404FF0 
 4693      983E8B05 
 4694 082b CE293CF8 		.ascii	"\316)<\370_f\027\303\347+\262\024{F\234/\017y\035\236"
 4694      5F6617C3 
 4694      E72BB214 
 4694      7B469C2F 
 4694      0F791D9E 
 4695 083f 5E5C816A 		.ascii	"^\\\201j\202\237\352\234\306\233\017\224?K6\347jqP\001"
 4695      829FEA9C 
 4695      C69B0F94 
 4695      3F4B36E7 
 4695      6A715001 
 4696 0853 DDE4266B 		.ascii	"\335\344&kG9~\245BFk`j\205\\VhE\005\275*\330\211\002"
 4696      47397EA5 
 4696      42466B60 
 4696      6A855C56 
 4696      684505BD 
 4697 086b 84E89B21 		.ascii	"\204\350\233!\315\015\233p\005^A\256~\004\3400\377e"
 4697      CD0D9B70 
 4697      055E41AE 
 4697      7E04E030 
 4697      FF65
 4698 087d FD206201 		.ascii	"\375 b\001\232d\3547B@lA\005\025R\250P\002\0055\022"
 4698      9A64EC37 
 4698      42406C41 
 4698      051552A8 
 4698      50020535 
 4699 0892 AC80A00A 		.ascii	"\254\200\240\0125P(\201\302\012\011V \021\205\320\303"
 4699      35502881 
 4699      C20A0956 
 4699      201185D0 
 4699      C3
 4700 08a3 20AA5D97 		.ascii	" \252]\227\206\011\350\015I$\237.\256\350\3612nt\343"
 4700      8609E80D 
 4700      49249F2E 
 4700      AEE8F132 
 4700      6E74E3
 4701 08b6 F01D3A7A 		.ascii	"\360\035:z.U\250\326E\273(\252\253\226M\225l\264\253"
 4701      2E55A8D6 
 4701      45BB28AA 
 4701      AB964D95 
 4701      6CB4AB
 4702 08c9 92DE2618 		.ascii	"\222\336&\030\324\014\350\235\334\342\225\2145\306\353"
 4702      D40CE89D 
 4702      DCE2958C 
 4702      35C6EB
 4703 08d8 27E53EF2 		.ascii	"'\345>\362\330\321\207?;\374\311\261\372\313\354rD\004"
 4703      D8D1873F 
 4703      3BFCC9B1 
 4703      FACBEC72 
 4703      4404
 4704 08ea 68545103 		.ascii	"hTQ\003`\010\301\034\341GL\244\002"
ARM GAS  C:\Users\nicx5\AppData\Local\Temp\ccBxLq1r.s 			page 232


 4704      6008C11C 
 4704      E1474CA4 
 4704      02
 4705              		.text
 4706              		.section	.gnu.lto_HAL_DMA_Abort_IT.part.0.357.1f2f3510,"e",%progbits
 4707 0000 28B52FFD 		.ascii	"(\265/\375`\210\013\3451\000\312O<\022A@bR\007\247\235"
 4707      60880BE5 
 4707      3100CA4F 
 4707      3C124140 
 4707      625207A7 
 4708 0015 EF96D35D 		.ascii	"\357\226\323]\316\023e\031\271\205\226TwL\305\335q\027"
 4708      CE136519 
 4708      B9859654 
 4708      774CC5DD 
 4708      7117
 4709 0027 B7F3D96F 		.ascii	"\267\363\331o\373\377d\012F\264\375\032\363I\241\250"
 4709      FBFF640A 
 4709      46B4FD1A 
 4709      F349A1A8 
 4710 0037 3A515F75 		.ascii	":Q_u\237\035\346\253y\010\341\377\353\216\261\212P\320"
 4710      9F1DE6AB 
 4710      7908E1FF 
 4710      EB8EB18A 
 4710      50D0
 4711 0049 4AAC6C92 		.ascii	"J\254l\222dJ\001\015\001\002\001\031\001~\365n\277\346"
 4711      644A010D 
 4711      01020119 
 4711      017EF56E 
 4711      BFE6
 4712 005b 68C776B2 		.ascii	"h\307v\262\2556\272\202\232_w$\275m\302\031\321\355"
 4712      AD36BA82 
 4712      9A5F7724 
 4712      BD6DC219 
 4712      D1ED
 4713 006d 5DAC366E 		.ascii	"]\2546nf\222\277\216\325p\010`\316\326\003\336\366\014"
 4713      6692BF8E 
 4713      D5700860 
 4713      CED603DE 
 4713      F60C
 4714 007f 63E7F03C 		.ascii	"c\347\360<\261c\316x\322\346\231\021\177\275\332~\347"
 4714      B163CE78 
 4714      D2E69911 
 4714      7FBDDA7E 
 4714      E7
 4715 0090 783B3C4F 		.ascii	"x;<O\254\2279\027\306A\223\2635\201\267\015\302\350"
 4715      AC973917 
 4715      C64193B3 
 4715      3581B70D 
 4715      C2E8
 4716 00a2 ED931F61 		.ascii	"\355\223\037ao\211\316\304\336v\273\226\236\242\312"
 4716      6F89CEC4 
 4716      DE76BB96 
 4716      9EA2CA
 4717 00b1 21EDEE9E 		.ascii	"!\355\356\236\242\332\321\320\317h\354\242(\014\333"
 4717      A2DAD1D0 
 4717      CF68ECA2 
 4717      280CDB
ARM GAS  C:\Users\nicx5\AppData\Local\Temp\ccBxLq1r.s 			page 233


 4718 00c0 888C0194 		.ascii	"\210\214\001\224\263U\312\333\227\342P\177rjb\012\260"
 4718      B355CADB 
 4718      97E2507F 
 4718      726A620A 
 4718      B0
 4719 00d1 0440C999 		.ascii	"\004@\311\231\204t\324d.\215\212\210\224CBI\344\321"
 4719      8474D464 
 4719      2E8D8A88 
 4719      94434249 
 4719      E4D1
 4720 00e3 58C42DF1 		.ascii	"X\304-\361/\024\264\035\3116\346O\356\004\306\233\252"
 4720      2F14B41D 
 4720      C936E64F 
 4720      EE04C69B 
 4720      AA
 4721 00f4 5C2E1394 		.ascii	"\\.\023\224\222\266<\017pE\212w\227\362\000lQ\322\342"
 4721      92B63C0F 
 4721      70458A77 
 4721      97F2006C 
 4721      51D2E2
 4722 0107 B44B9A43 		.ascii	"\264K\232C\242r4\245\011\301\020\260\217\222\266\252"
 4722      A27234A5 
 4722      09C110B0 
 4722      8F92B6AA 
 4723 0117 33A5DCDD 		.ascii	"3\245\334\335%\024#j\321\224(N\211d\350\210\220\221"
 4723      2514236A 
 4723      D194284E 
 4723      8964E888 
 4723      9091
 4724 0129 641124DC 		.ascii	"d\021$\334\361\315\350t\244nE4|\326\232\021\313\236"
 4724      F1CDE874 
 4724      A46E4534 
 4724      7CD69A11 
 4724      CB9E
 4725 013b 88C08F0E 		.ascii	"\210\300\217\016N\311FFd\276\221\361s\254C]\221F\271"
 4725      4EC94646 
 4725      64BE91F1 
 4725      73AC435D 
 4725      9146B9
 4726 014e 77E950C5 		.ascii	"w\351P\305\0129\347\366h\030o\001\336}yt\267X\367\321"
 4726      0A39E7F6 
 4726      68186F01 
 4726      DE7D7974 
 4726      B758F7D1 
 4727 0162 2C7681B7 		.ascii	",v\201\267\216\315\316H\256\357\361\362\362\212\324"
 4727      8ECDCE48 
 4727      AEEFF1F2 
 4727      F28AD4
 4728 0171 D2F68886 		.ascii	"\322\366\210\206\202\350\210\000_\257\350\343G\233\222"
 4728      82E88800 
 4728      5FAFE8E3 
 4728      479B92
 4729 0180 2F10B9C6 		.ascii	"/\020\271\306\347m\310\332\247\274;\222Eh\272\327\334"
 4729      E76DC8DA 
 4729      A7BC3B92 
 4729      4568BAD7 
 4729      DC
ARM GAS  C:\Users\nicx5\AppData\Local\Temp\ccBxLq1r.s 			page 234


 4730 0191 33532699 		.ascii	"3S&\231&\275zL\327h\030\244]\240\001!B\002\035\345\372"
 4730      26BD7A4C 
 4730      D76818A4 
 4730      5DA00121 
 4730      42021DE5 
 4731 01a6 2620899B 		.ascii	"& \211\2333\216\245\3555\233\2634U\212\200\256\327\206"
 4731      338EA5ED 
 4731      359BB334 
 4731      558A80AE 
 4731      D786
 4732 01b8 846E7830 		.ascii	"\204nx0_\20393{\304\264\326\001n\010\230\246\2208mb"
 4732      5F833933 
 4732      7BC4B4D6 
 4732      016E0898 
 4732      A690386D 
 4733 01cd DFAF1FDD 		.ascii	"\337\257\037\335\033\232\177(M\314iY\352\255\007\337"
 4733      1B9A7F28 
 4733      4DCC6959 
 4733      EAAD07DF 
 4734 01dd C790A7EC 		.ascii	"\307\220\247\354\036vw\013\377\322z\2149g\007\355^t"
 4734      1E76770B 
 4734      FFD27A8C 
 4734      396707ED 
 4734      5E74
 4735 01ef 68B54B11 		.ascii	"h\265K\021\303\336\336wR\253\321'k\307\372M#H\245\223"
 4735      C3DEDE77 
 4735      52ABD127 
 4735      6BC7FA4D 
 4735      2348A593 
 4736 0203 6FF63E94 		.ascii	"o\366>\224\207zj\373g\263\331l?\265[\350\266R\362\266"
 4736      877A6AFB 
 4736      67B3D96C 
 4736      3FB55BE8 
 4736      B652F2B6 
 4737 0217 13DF4E42 		.ascii	"\023\337NB\336F\302\267\217\360\355\346\3616\023\337"
 4737      DE46C2B7 
 4737      8FF0EDE6 
 4737      F13613DF 
 4738 0227 5E1A6F1B 		.ascii	"^\032o\033\341\333E\3706\021\276\255\364\253\367\020"
 4738      E1DB45F8 
 4738      3611BEAD 
 4738      F4ABF710 
 4739 0237 BE2D846F 		.ascii	"\276-\204o'\361md\361\366\021\3376\342\333E|\033\343"
 4739      27F16D64 
 4739      F1F611DF 
 4739      36E2DB45 
 4739      7C1BE3
 4740 024a DB2DBE4D 		.ascii	"\333-\276M\304\267\277\275}\275\352\356\005n\234\273"
 4740      C4B7BFBD 
 4740      7DBDEAEE 
 4740      056E9CBB 
 4741 025a D9E51C97 		.ascii	"\331\345\034\227\005\224\345Z5s\001w,\313\202\015!\357"
 4741      0594E55A 
 4741      35730177 
 4741      2CCB820D 
 4741      21EF
 4742 026c 1E858B3E 		.ascii	"\036\205\213>i\347L\220\223Ga\345\023\375\002/hnd\030"
ARM GAS  C:\Users\nicx5\AppData\Local\Temp\ccBxLq1r.s 			page 235


 4742      69E74C90 
 4742      934761E5 
 4742      13FD022F 
 4742      686E6418 
 4743 0280 7C90F265 		.ascii	"|\220\362e\330\031z\277\372S\364f[\350\207\276\305\202"
 4743      D8197ABF 
 4743      FA53F466 
 4743      5BE887BE 
 4743      C582
 4744 0292 7618D5E0 		.ascii	"v\030\325\340\2016\010\375\326\234\344\027>'L\007e="
 4744      813608FD 
 4744      D69CE417 
 4744      3E274C07 
 4744      653D
 4745 02a4 0A233FF9 		.ascii	"\012#?\371\307&\034|\360i\024\214\341\341\013{\213\374"
 4745      C7261C7C 
 4745      F069148C 
 4745      E1E10B7B 
 4745      8BFC
 4746 02b6 09D4EA15 		.ascii	"\011\324\352\025\204\377\371:>\323\263\015\326\225A"
 4746      84FFF93A 
 4746      3ED3B30D 
 4746      D69541
 4747 02c5 F2662948 		.ascii	"\362f)H\240\021!\037\000\324\334\247t\306Oi\317\336"
 4747      A011211F 
 4747      00D4DCA7 
 4747      74C64F69 
 4747      CFDE
 4748 02d7 8032599C 		.ascii	"\2002Y\234|\255^\203&wIz\201b\336\370@\252B\354\373"
 4748      7CAD5E83 
 4748      2677497A 
 4748      8162DEF8 
 4748      40AA42EC 
 4749 02ec 83233D32 		.ascii	"\203#=2B\340\014\273\247\215\333\226\273\246\361\377"
 4749      42E00CBB 
 4749      A78DDB96 
 4749      BBA6F1FF 
 4750 02fc 5C8E17DF 		.ascii	"\\\216\027\337\370\305\302\020\216\347Yu\007\207\010"
 4750      F8C5C210 
 4750      8EE75975 
 4750      078708
 4751 030b 12D8DBE2 		.ascii	"\022\330\333\342S\020\234\343&p\367\011\357K\2614\315"
 4751      53109CE3 
 4751      2670F709 
 4751      EF4BB134 
 4751      CD
 4752 031c 39C98169 		.ascii	"9\311\201i`\335\037:\201{c\266V\265i\332q\214\015\326"
 4752      60DD1F3A 
 4752      817B63B6 
 4752      56B569DA 
 4752      718C0DD6 
 4753 0330 07A7F8E7 		.ascii	"\007\247\370\347<\253\016=\012\267\217\377\250\026\347"
 4753      3CAB0E3D 
 4753      0AB78FFF 
 4753      A816E7
 4754 033f 59D57E55 		.ascii	"Y\325~U\230\301$M|8O\256\251\367\360C\224\315f\373x"
 4754      98C1244D 
ARM GAS  C:\Users\nicx5\AppData\Local\Temp\ccBxLq1r.s 			page 236


 4754      7C384FAE 
 4754      A9F7F043 
 4754      94CD66FB 
 4755 0354 14FE273E 		.ascii	"\024\376'>\221\031\232\033\331\223u\267\012w\3634\346"
 4755      91199A1B 
 4755      D99375B7 
 4755      0A77F334 
 4755      E6
 4756 0365 9CC4413B 		.ascii	"\234\304A;\037\216+,\354\355?\027\265z}\262\376\022"
 4756      1F8E2B2C 
 4756      ECED3F17 
 4756      B57A7DB2 
 4756      FE12
 4757 0377 24743776 		.ascii	"$t7v\356,\003X]Y,\256\302^h\201\035\333\005U\204,-\007"
 4757      EE2C0358 
 4757      5D592CAE 
 4757      C25E6881 
 4757      1DDB0555 
 4758 038f 5A540A98 		.ascii	"ZT\012\230\260\272\262\266\210\335B\001VW\326U\014\254"
 4758      B0BAB2B6 
 4758      88DD4201 
 4758      5657D655 
 4758      0CAC
 4759 03a1 ADAD2906 		.ascii	"\255\255)\006]4\302\244Z\200\221\220\272\372`\241\352"
 4759      5D34C2A4 
 4759      5A809190 
 4759      BAFA60A1 
 4759      EA
 4760 03b2 EAC68D07 		.ascii	"\352\306\215\007URa`Z5\270\3002P\365\015\257\013UVS"
 4760      55526160 
 4760      5A35B8C0 
 4760      3250F50D 
 4760      AF0B5556 
 4761 03c7 0C409420 		.ascii	"\014@\224 a\025\006\003\314\353\204\225\004\015\315"
 4761      61150603 
 4761      CCEB8495 
 4761      040DCD
 4762 03d6 EEEBC4FC 		.ascii	"\356\353\304\374T\270\265:|\232\332\241X\351\327\272"
 4762      54B8B53A 
 4762      7C9ADAA1 
 4762      58E9D7BA 
 4763 03e6 5BE9BB42 		.ascii	"[\351\273B\364\321\236\244\256\177;\277\237\312\336"
 4763      F4D19EA4 
 4763      AE7F3BBF 
 4763      9FCADE
 4764 03f5 AC5D90D3 		.ascii	"\254]\220\323;1\347\234\233\270\260\363]\014\366\017"
 4764      3B31E79C 
 4764      9BB8B0F3 
 4764      5D0CF60F 
 4765 0405 BAE4C671 		.ascii	"\272\344\306q9\277\211Z\215\012\222k\207>\301\335\320"
 4765      39BF895A 
 4765      8D0A926B 
 4765      873EC1DD 
 4765      D0
 4766 0416 26D708F4 		.ascii	"&\327\010\364\2111P\300\027\241\240\3377\302<LI\324"
 4766      893150C0 
 4766      17A1A0DF 
ARM GAS  C:\Users\nicx5\AppData\Local\Temp\ccBxLq1r.s 			page 237


 4766      37C23C4C 
 4766      49D4
 4767 0428 4BE41962 		.ascii	"K\344\031b\310\010h\024\030\202Sn\220\244\357\232\273"
 4767      C8086814 
 4767      1882536E 
 4767      90A4EF9A 
 4767      BB
 4768 0439 6D3090DE 		.ascii	"m0\220\336\311\012!\226\243\227>9L\011\275\371G\237"
 4768      C90A2196 
 4768      A3973E39 
 4768      4C09BDF9 
 4768      479F
 4769 044b 34835AB9 		.ascii	"4\203Z\271@\236\306\037(\240t\315\347@\255\022N\327"
 4769      409EC61F 
 4769      28A074CD 
 4769      E740AD12 
 4769      4ED7
 4770 045d D67009E0 		.ascii	"\326p\011\340]\230\371\376\006\373Wv\017\261\\\037]"
 4770      5D98F9FE 
 4770      06FB5776 
 4770      0FB15C1F 
 4770      5D
 4771 046e CC8F2A5C 		.ascii	"\314\217*\\\326]\265g\2074+\250\026/\354m\322\254\207"
 4771      D65DB567 
 4771      87342BA8 
 4771      162FEC6D 
 4771      D2AC87
 4772 0481 9FEBDD3D 		.ascii	"\237\353\335=\333\260\374\025\324j\024\232w\313\274"
 4772      DBB0FC15 
 4772      D46A149A 
 4772      77CBBC
 4773 0490 8C9EA94F 		.ascii	"\214\236\251O\321wC\271\334\350\323\3004\200\375\250"
 4773      D17743B9 
 4773      DCE8D3C0 
 4773      3480FDA8 
 4774 04a0 5140E69C 		.ascii	"Q@\346\2343\"\"#\"\222$I\241\003\000\003\021\241\331"
 4774      33222223 
 4774      22922449 
 4774      A1030003 
 4774      11A1D9
 4775 04b3 EA119024 		.ascii	"\352\021\220$i\241A\2234\2256\003\372\\\362)\224\007"
 4775      69A14193 
 4775      34953603 
 4775      FA5CF229 
 4775      9407
 4776 04c5 3AEF986A 		.ascii	":\357\230j\223vH@\364\363\\\316\2749u\020c\200\017\036"
 4776      93764840 
 4776      F4F35CCE 
 4776      BC397510 
 4776      63800F1E 
 4777 04d9 BA7DF009 		.ascii	"\272}\360\011\034,\3252\017\271\304\252\334\204\344"
 4777      1C2CD532 
 4777      0FB9C4AA 
 4777      DC84E4
 4778 04e8 67558CAE 		.ascii	"gU\214\256\263\224r\307\001\201\252~$W\337\217.\307"
 4778      B39472C7 
 4778      0181AA7E 
ARM GAS  C:\Users\nicx5\AppData\Local\Temp\ccBxLq1r.s 			page 238


 4778      2457DF8F 
 4778      2EC7
 4779 04fa C24868BA 		.ascii	"\302Hh\272\030\304\276\301\370\310\001t\310\352H<\347"
 4779      18C4BEC1 
 4779      F8C80174 
 4779      C8EA483C 
 4779      E7
 4780 050b 6157C433 		.ascii	"aW\3043\335\265\304\333f\033\224\000I\301\002M\237\223"
 4780      DDB5C4DB 
 4780      661B9400 
 4780      49C1024D 
 4780      9F93
 4781 051d 32CAC3B2 		.ascii	"2\312\303\262dT\301q-\231\335\362\033\236X\211\007\220"
 4781      6454C171 
 4781      2D99DDF2 
 4781      1B9E5889 
 4781      0790
 4782 052f C28FEE99 		.ascii	"\302\217\356\231\200\335\342\247b\320\302E \333\230"
 4782      80DDE2A7 
 4782      62D0C245 
 4782      20DB98
 4783 053e A403985E 		.ascii	"\244\003\230^\330\234\322\302tg-\010\342JI\231\271\344"
 4783      D89CD2C2 
 4783      74672D08 
 4783      E24A4999 
 4783      B9E4
 4784 0550 3F140F31 		.ascii	"?\024\0171\310\375\330\017\231A\221\263\347@R%\233\372"
 4784      C8FDD80F 
 4784      994191B3 
 4784      E7405225 
 4784      9BFA
 4785 0562 A24881DB 		.ascii	"\242H\201\333\215\211r\326s\224A\355\235\236\036\243"
 4785      8D8972D6 
 4785      739441ED 
 4785      9D9E1EA3 
 4786 0572 3C1A8A32 		.ascii	"<\032\2122\327\233\312v\337\225d!\334\212\215\277\006"
 4786      D79BCA76 
 4786      DF956421 
 4786      DC8A8DBF 
 4786      06
 4787 0583 2334E70A 		.ascii	"#4\347\012\346\204R\255\220\321\232\031\343\022\266"
 4787      E68452AD 
 4787      90D19A19 
 4787      E312B6
 4788 0592 FB4DF709 		.ascii	"\373M\367\011\360\274\305\255\004\253\205\250\343$\232"
 4788      F0BCC5AD 
 4788      04AB85A8 
 4788      E3249A
 4789 05a1 68099BDC 		.ascii	"h\011\233\334\307\355R`\020\242\261\027\362\211\266"
 4789      C7ED5260 
 4789      10A2B117 
 4789      F289B6
 4790 05b0 4C72561D 		.ascii	"LrV\035\243\213)}\216\371g\220\376F\222\367c\376\031"
 4790      A38B297D 
 4790      8EF96790 
 4790      FE4692F7 
 4790      63FE19
ARM GAS  C:\Users\nicx5\AppData\Local\Temp\ccBxLq1r.s 			page 239


 4791 05c3 9C0EFF48 		.ascii	"\234\016\377H\221&\204\032\3716\271Q\202\222\2418e\256"
 4791      9126841A 
 4791      F936B951 
 4791      8292A138 
 4791      65AE
 4792 05d5 E2518B82 		.ascii	"\342Q\213\202\275\227\322D\361\215O,\210\302V\323\260"
 4792      BD97D244 
 4792      F18D4F2C 
 4792      88C256D3 
 4792      B0
 4793 05e6 D8400371 		.ascii	"\330@\003qv\273\212\331P9P\240\350\333\362\261n~\362"
 4793      76BB8AD9 
 4793      503950A0 
 4793      E8DBF2B1 
 4793      6E7EF2
 4794 05f9 3A16843D 		.ascii	":\026\204=\320\302\340\306\374\006\230Cm\324T\362\200"
 4794      D0C2E0C6 
 4794      FC069843 
 4794      6DD454F2 
 4794      80
 4795 060a F4179A5E 		.ascii	"\364\027\232^\017\200\006\334\223\375M\265,{}S-\260"
 4795      0F8006DC 
 4795      93FD4DB5 
 4795      2C7B7D53 
 4795      2DB0
 4796 061c CB7C957A 		.ascii	"\313|\225z66\245\032\237\337T\313\262\3277\325\262\354"
 4796      3636A51A 
 4796      9FDF54CB 
 4796      B2D737D5 
 4796      B2EC
 4797 062e F54DB52C 		.ascii	"\365M\265,\260{\3313\246\000\214\222(\211\012\271\235"
 4797      B07BD933 
 4797      A6008C92 
 4797      28890AB9 
 4797      9D
 4798 063f 5BF36062 		.ascii	"[\363`b\003L\003"
 4798      034C03
 4799              		.text
 4800              		.section	.gnu.lto_.symbol_nodes.1f2f3510,"e",%progbits
 4801 0000 28B52FFD 		.ascii	"(\265/\375`\264\002\035\021\000\226\235pJ\320\224M:"
 4801      60B4021D 
 4801      1100969D 
 4801      704AD094 
 4801      4D3A
 4802 0012 B4E564EA 		.ascii	"\264\345d\352<x\241C\016\322\357\002\012N\203\253U\232"
 4802      3C78A143 
 4802      0ED2EF02 
 4802      0A4E83AB 
 4802      559A
 4803 0024 1A21010F 		.ascii	"\032!\001\017e\366\331\031u\366\205\000vX\023r\000#"
 4803      65F6D919 
 4803      75F68500 
 4803      76581372 
 4803      0023
 4804 0036 C1ACEA30 		.ascii	"\301\254\3520\0020\371\202\007\370\342\001\002\322\214"
 4804      0230F982 
 4804      07F8E201 
ARM GAS  C:\Users\nicx5\AppData\Local\Temp\ccBxLq1r.s 			page 240


 4804      02D28C
 4805 0045 3D48D320 		.ascii	"=H\323 \253(\232\000W7\205\203\2505i[\312\264\003]\000"
 4805      AB289A00 
 4805      57378583 
 4805      A835695B 
 4805      CAB4035D 
 4806 005a 5F005C00 		.ascii	"_\000\\\000\344\204\336 'ak\271!\241\227'B\357\016\204"
 4806      E484DE20 
 4806      27616BB9 
 4806      21A19727 
 4806      42EF0E84 
 4807 006e 5E9D07BD 		.ascii	"^\235\007\275@Vd\335L\035-\264\037\007\275?\032\364"
 4807      405664DD 
 4807      4C1D2DB4 
 4807      1F07BD3F 
 4807      1AF4
 4808 0080 1631E825 		.ascii	"\0261\350%\"\020\212\242\212\005\275C\012z\201\226\206"
 4808      22108AA2 
 4808      8A05BD43 
 4808      0A7A8196 
 4808      86
 4809 0091 611826E8 		.ascii	"a\030&\350\265!\350-\262<\347Up\016\254\320\2514\320"
 4809      B521E82D 
 4809      B23CE755 
 4809      700EACD0 
 4809      A934D0
 4810 00a4 FBD385A2 		.ascii	"\373\323\205\242\310\3021g\317\351\203u.\313\262\251"
 4810      C8C23167 
 4810      CFE98375 
 4810      2ECBB2A9 
 4811 00b4 40AFCFCE 		.ascii	"@\257\317\3169\371\025'IFV\250\307\307\215\007a\360"
 4811      39F91527 
 4811      494656A8 
 4811      C7C78D07 
 4811      61F0
 4812 00c6 D88C3FF1 		.ascii	"\330\214?\361q\021s\217O3\036\305\242\246\004{<`v\036"
 4812      7111738F 
 4812      4F331EC5 
 4812      A2A6047B 
 4812      3C60761E 
 4813 00da 4292D140 		.ascii	"B\222\321@\217;\200\036{\200\375+nr\244(\212W\262\331"
 4813      8F3B801E 
 4813      7B80FD2B 
 4813      6E72A428 
 4813      8A57B2D9 
 4814 00ee F19C7343 		.ascii	"\361\234sCV8'\312\206\336\240k\350%\222\241w\010\206"
 4814      563827CA 
 4814      86DEA06B 
 4814      E82592A1 
 4814      770886
 4815 0101 DE9E0BBD 		.ascii	"\336\236\013\275B8X\330\333\351GJ\304\021\025zk\023"
 4815      423858D8 
 4815      DBE9474A 
 4815      C411157A 
 4815      6B13
 4816 0113 49930C1B 		.ascii	"I\223\014\033\012\275\001\343?X\014\032\325\212\037"
 4816      0ABD01E3 
ARM GAS  C:\Users\nicx5\AppData\Local\Temp\ccBxLq1r.s 			page 241


 4816      3F580C1A 
 4816      D58A1F
 4817 0122 9BFD475E 		.ascii	"\233\375G^!\011\256\3702\340\212;\331\257\3233\302R"
 4817      2109AEF8 
 4817      32E08A3B 
 4817      D9AFD333 
 4817      C252
 4818 0134 01388588 		.ascii	"\0018\205\210\007\250\342\313\200*\024\000\376\304\317"
 4818      07A8E2CB 
 4818      802A1400 
 4818      FEC4CF
 4819 0143 24424CB9 		.ascii	"$BL\271\316\204Sn\277\211\031\271\331\351c\020\342\331"
 4819      CE84536E 
 4819      BF8919B9 
 4819      D9E96310 
 4819      E2D9
 4820 0155 35F3B241 		.ascii	"5\363\262A?\376p\373s\306\242\177\2142\236_\330\\v\376"
 4820      3FFE70FB 
 4820      73C6A27F 
 4820      8C329E5F 
 4820      D85C76FE 
 4821 0169 F1D6DC9E 		.ascii	"\361\326\334\236\332\001\323\342\344\361K\361\001\223"
 4821      DA01D3E2 
 4821      E4F14BF1 
 4821      0193
 4822 0177 6990F752 		.ascii	"i\220\367R\324*eW\353\235\013\212J\227\211\\\202\235"
 4822      D42A6557 
 4822      EB9D0B8A 
 4822      4A97895C 
 4822      829D
 4823 0189 57722A5D 		.ascii	"Wr*]\034\371\324K\254\322=\"\215`\247,@\225n\015\362"
 4823      1CF9D44B 
 4823      ACD23D22 
 4823      8D60A72C 
 4823      40956E0D 
 4824 019e B347AD4C 		.ascii	"\263G\255L\252\364K\344WKb/\225\036\247\204D\036U\306"
 4824      AAF44BE4 
 4824      574B622F 
 4824      951EA784 
 4824      441E55C6 
 4825 01b2 B0547AA3 		.ascii	"\260Tz\243\326S1\225\\\245w\265.\000\006\207V\251\010"
 4825      D6533195 
 4825      5CA577B5 
 4825      2E000687 
 4825      56A908
 4826 01c5 A510E4BF 		.ascii	"\245\020\344\277\023A3\225\376\026) \320\002\251\012"
 4826      13413395 
 4826      FE162920 
 4826      D002A90A 
 4827 01d5 450F9019 		.ascii	"E\017\220\031\250\374\256\210\023\225\237C\231\005\351"
 4827      A8FCAE88 
 4827      13959F43 
 4827      9905E9
 4828 01e4 2D980FB4 		.ascii	"-\230\017\264Z'V p\032\324(\031\215\223\035\322\035"
 4828      5A275620 
 4828      701AD428 
 4828      198D931D 
ARM GAS  C:\Users\nicx5\AppData\Local\Temp\ccBxLq1r.s 			page 242


 4828      D21D
 4829 01f6 640191A5 		.ascii	"d\001\221\245\323\244\037a\177\304\322'\272\226\246"
 4829      D3A41F61 
 4829      7FC4D227 
 4829      BA96A6
 4830 0205 3BD00D01 		.ascii	";\320\015\001\330\017\002r|d\2378\002\344\2104\020\304"
 4830      D80F0272 
 4830      7C649F38 
 4830      02E48834 
 4830      10C4
 4831 0217 69255703 		.ascii	"i%W\003\026B1\253\363\310\304\253u\346cXW\377\313-\226"
 4831      164231AB 
 4831      F3C8C4AB 
 4831      75E66358 
 4831      57FFCB2D 
 4832 022c 07       		.ascii	"\007"
 4833              		.text
 4834              		.section	.gnu.lto_.refs.1f2f3510,"e",%progbits
 4835 0000 28B52FFD 		.ascii	"(\265/\375 \021\211\000\000\015\000\000\000\001\001"
 4835      20118900 
 4835      000D0000 
 4835      000101
 4836 000f 00022000 		.ascii	"\000\002 \000\001\020\000\021\006\000\000"
 4836      01100011 
 4836      060000
 4837              		.text
 4838              		.section	.gnu.lto_.decls.1f2f3510,"e",%progbits
 4839 0000 28B52FFD 		.ascii	"(\265/\375`%/\345\261\000*\001!9U \012Q+\351\224\030"
 4839      60252FE5 
 4839      B1002A01 
 4839      21395520 
 4839      0A512BE9 
 4840 0016 8AAE7F2C 		.ascii	"\212\256\177,\366\013\276\202L\343$\004k\324\377\346"
 4840      F60BBE82 
 4840      4CE32404 
 4840      6BD4FFE6 
 4841 0026 F7D0FC97 		.ascii	"\367\320\374\227\241\002\267z<%p\250C\364t\216\003\000"
 4841      A102B77A 
 4841      3C2570A8 
 4841      43F4748E 
 4841      0300
 4842 0038 25855A7A 		.ascii	"%\205Zz.h\001\267\225uE[\265@\236s\"A\241\340\241\240"
 4842      2E6801B7 
 4842      9575455B 
 4842      B5409E73 
 4842      2241A1E0 
 4843 004e 68956315 		.ascii	"h\225c\025A\213N\266\255\347,v\256\202\267 {\323{o\231"
 4843      418B4EB6 
 4843      ADE72C76 
 4843      AE82B720 
 4843      7BD37B6F 
 4844 0063 02F40289 		.ascii	"\002\364\002\211\003\217\003\370w\015\373\234\341\337"
 4844      038F03F8 
 4844      770DFB9C 
 4844      E1DF
 4845 0071 2038C30E 		.ascii	" 8\303\016\254\341\346\3006\267\205c\177\251oD\230\344"
 4845      ACE1E6C0 
ARM GAS  C:\Users\nicx5\AppData\Local\Temp\ccBxLq1r.s 			page 243


 4845      36B78563 
 4845      7FA96F44 
 4845      98E4
 4846 0083 5DA5705F 		.ascii	"]\245p_4c\237\215\315^\012\315)\365\336*\342\336\322"
 4846      34639F8D 
 4846      CD5E0ACD 
 4846      29F5DE2A 
 4846      E2DED2
 4847 0096 8BFD6C2E 		.ascii	"\213\375l.\277\007\020\030,\023\352\214\346\014\265"
 4847      BF071018 
 4847      2C13EA8C 
 4847      E60CB5
 4848 00a5 8901C453 		.ascii	"\211\001\304SB\206\341\330\215\215\341x{\210;4\317Q"
 4848      4286E1D8 
 4848      8D8DE178 
 4848      7B883B34 
 4848      CF51
 4849 00b7 435B38DE 		.ascii	"C[8\336\012\342\333:\234\201\032\276\035\202\017\265"
 4849      0AE2DB3A 
 4849      9C811ABE 
 4849      1D820FB5 
 4850 00c7 5BF8B605 		.ascii	"[\370\266\005\276\333\240\340\215)8|Ty[\351\300\033"
 4850      BEDBA0E0 
 4850      8D29387C 
 4850      54795BE9 
 4850      C01B
 4851 00d9 6AC85931 		.ascii	"j\310Y1\347<AM\223\213 ^\2759m\341X\2654\340\377\231"
 4851      E73C414D 
 4851      938B205E 
 4851      BD396DE1 
 4851      58B534E0 
 4852 00ef 1B342C27 		.ascii	"\0334,'\211\365\376\015\370\227\361\006\237\374\265"
 4852      89F5FE0D 
 4852      F897F106 
 4852      9FFCB5
 4853 00fe DF955E62 		.ascii	"\337\225^b\017D\374\312\207\373p\360\337Z\364)\005?"
 4853      0F44FCCA 
 4853      87FB70F0 
 4853      DF5AF429 
 4853      053F
 4854 0110 AEAEE1D7 		.ascii	"\256\256\341\327#\370v\315s\264\253F\012\255\016\353"
 4854      23F876CD 
 4854      73B4AB46 
 4854      0AAD0EEB 
 4855 0120 7A0A0D10 		.ascii	"z\012\015\020\261\304)^uU\006]\224\0122N\340\233\223"
 4855      B1C4295E 
 4855      7555065D 
 4855      940A324E 
 4855      E09B93
 4856 0133 EBB99A3B 		.ascii	"\353\271\232;7/F\266\310\371\341\3675\317\261\235\364"
 4856      372F46B6 
 4856      C8F9E1F7 
 4856      35CFB19D 
 4856      F4
 4857 0144 5B3F35F4 		.ascii	"[?5\364\223\357\274\31084_\336\350\014\355\360[\303"
 4857      93EFBCC8 
 4857      38345FDE 
ARM GAS  C:\Users\nicx5\AppData\Local\Temp\ccBxLq1r.s 			page 244


 4857      E80CEDF0 
 4857      5BC3
 4858 0156 11A7351C 		.ascii	"\021\2475\034\337P\3747\023\267#V\326\332\241\244\227"
 4858      DF50FC37 
 4858      13B72356 
 4858      D6DAA1A4 
 4858      97
 4859 0167 DC706102 		.ascii	"\334pa\002\366\302\207\222\367\014\374\301\265N\"c\002"
 4859      F6C28792 
 4859      F70CFCC1 
 4859      B54E2263 
 4859      02
 4860 0178 DDD78C7A 		.ascii	"\335\327\214z[\315\206\213\355\255\253\336\253\300\317"
 4860      5BCD868B 
 4860      EDADABDE 
 4860      ABC0CF
 4861 0187 86DEE6EC 		.ascii	"\206\336\346\354\323Wd-\360\352\245\001\341\177\010"
 4861      D357642D 
 4861      F0EAA501 
 4861      E17F08
 4862 0196 49328847 		.ascii	"I2\210G\200\243\315s\354\023\372L\303L\023\232\031s"
 4862      80A3CD73 
 4862      EC13FA4C 
 4862      C34C139A 
 4862      1973
 4863 01a8 86EA3418 		.ascii	"\206\3524\030=\246T\275\031\332\302\3616\317\221)\330"
 4863      3DA654BD 
 4863      19DAC2F1 
 4863      36CF9129 
 4863      D8
 4864 01b9 E1B7567E 		.ascii	"\341\267V~\016\007\360['u\000\033\250\\\361\371\255"
 4864      0E07F05B 
 4864      2775001B 
 4864      A85CF1F9 
 4864      AD
 4865 01ca 94086C58 		.ascii	"\224\010lXC\276\346\267O\015h~\213D\356\357\271\277"
 4865      43BEE6B7 
 4865      4F0D687E 
 4865      8B44EEEF 
 4865      B9BF
 4866 01dc 0AE013D4 		.ascii	"\012\340\023\324u\334\315o\277\2306T\360\237\337\326"
 4866      75DCCD6F 
 4866      BF983654 
 4866      F09FDFD6 
 4867 01ec E8418006 		.ascii	"\350A\200\006;?\376\327\0006;\377\005@\305<\377\325"
 4867      3B3FFED7 
 4867      00363BFF 
 4867      0540C53C 
 4867      FFD5
 4868 01fe B9E08107 		.ascii	"\271\340\201\007\320 \303_)\330\373\206\377\366\006"
 4868      D020C35F 
 4868      29D8FB86 
 4868      FFF606
 4869 020d 448C1CA0 		.ascii	"D\214\034\240\000RE\030\014~\013&\021\021\347\267\200"
 4869      00524518 
 4869      0C7E0B26 
 4869      1111E7B7 
ARM GAS  C:\Users\nicx5\AppData\Local\Temp\ccBxLq1r.s 			page 245


 4869      80
 4870 021e 293A3499 		.ascii	"):4\231m\300`\361\010c\210\337\"\036b\301\033\254\000"
 4870      6DC060F1 
 4870      086388DF 
 4870      221E62C1 
 4870      1BAC00
 4871 0231 5824D4F9 		.ascii	"X$\324\371m\024\240\277C\374\315\341o\015\177\377\374"
 4871      6D14A0BF 
 4871      43FCCDE1 
 4871      6F0D7FFF 
 4871      FC
 4872 0242 7DC18ED4 		.ascii	"}\301\216\324\337\037\370\333\003\177\347\020\376^\372"
 4872      DF1FF8DB 
 4872      037FE710 
 4872      FE5EFA
 4873 0251 1BC5DF4C 		.ascii	"\033\305\337LJP\213%~\353\001\001\376\266\340o\022\036"
 4873      4A508B25 
 4873      7EEB0101 
 4873      FEB6E06F 
 4873      121E
 4874 0263 1CD009F8 		.ascii	"\034\320\011\370\373\303\337W\015\342\357$)\230\023"
 4874      FBC3DF57 
 4874      0DE2EF24 
 4874      299813
 4875 0272 38C0DF50 		.ascii	"8\300\337Pj^\215\340\357\246\277w\376\366q\341o\011"
 4875      6A5E8DE0 
 4875      EFA6BF77 
 4875      FEF671E1 
 4875      6F09
 4876 0284 FEB6F0F7 		.ascii	"\376\266\360\367\004\177\373\374\335\363\267\316\337"
 4876      047FFBFC 
 4876      DDF3B7CE 
 4876      DF
 4877 0291 00F81B82 		.ascii	"\000\370\033\202\277+\370\233\202\2771\370[\251\000"
 4877      BF2BF89B 
 4877      82BF31F8 
 4877      5BA900
 4878 02a0 35E76F03 		.ascii	"5\347o\003\374\337P/\370P\301\373\357\301o\011\377\012"
 4878      FCDF502F 
 4878      F850C1FB 
 4878      EFC16F09 
 4878      FF0A
 4879 02b2 C15F7BFE 		.ascii	"\301_{\376\272\363W\233\277\342\277\326\277\376\357"
 4879      BAF3579B 
 4879      BFE2BFD6 
 4879      BFFEEF
 4880 02c1 307F23FE 		.ascii	"0\177#\376\315\3707\226\277\011\377^\374[\361\357\304"
 4880      CDF83796 
 4880      BF09FF5E 
 4880      FC5BF1EF 
 4880      C4
 4881 02d2 BF0FFFBE 		.ascii	"\277\017\377\276\362\267\337\337|\177\353\375]\367w"
 4881      F2B7DFDF 
 4881      7C7FEBFD 
 4881      5DF777
 4882 02e1 DCDF6F7F 		.ascii	"\334\337o\177\033\371\273\354\357\022\177\307\370/\370"
 4882      1BF9BBEC 
ARM GAS  C:\Users\nicx5\AppData\Local\Temp\ccBxLq1r.s 			page 246


 4882      EF127FC7 
 4882      F82FF8
 4883 02f0 77F3EFE5 		.ascii	"w\363\357\345\337\027\370\333\304\337\"\376\357\375"
 4883      DF17F8DB 
 4883      C4DF22FE 
 4883      EFFD
 4884 02fe FDF4B706 		.ascii	"\375\364\267\006\177\257\375\235\3667\222\377_\376{"
 4884      7FAFFD9D 
 4884      F63792FF 
 4884      5FFE7B
 4885 030d F9FFE47F 		.ascii	"\371\377\344\177\005\3777\360\267\331\337G\376.\362"
 4885      05FF37F0 
 4885      B7D9DF47 
 4885      FE2EF2
 4886 031c B7D6DF43 		.ascii	"\267\326\337C\177c\375=\302\3372\376\316\372\273\352"
 4886      7F63FD3D 
 4886      C2DF32FE 
 4886      CEFABBEA 
 4887 032c EFA9BF5B 		.ascii	"\357\251\277[\374\255\342o\250\2771\360w\004\376N\376"
 4887      FCADE26F 
 4887      A8BF31F0 
 4887      7704FE4E 
 4887      FE
 4888 033d FD80BF91 		.ascii	"\375\200\277\221\177\013\375\315\200\277\027\360\377"
 4888      7F0BFDCD 
 4888      80BF17F0 
 4888      FF
 4889 034a EC3FF2FF 		.ascii	"\354?\362\377\224\377\026\032\033\033\033\177\032\237"
 4889      94FF161A 
 4889      1B1B1B7F 
 4889      1A9F
 4890 0358 5F46C68F 		.ascii	"_F\306\217\001E3R\320\032t1\370%F\035\241\271\300QY"
 4890      01453352 
 4890      D01A7431 
 4890      F825461D 
 4890      A1B9C051 
 4891 036d 55195938 		.ascii	"U\031Y8wJ^lea\201\025\331\001\243\336\236b\263\270$"
 4891      774A5E6C 
 4891      65618115 
 4891      D901A3DE 
 4891      9E62B3B8 
 4892 0382 2FD66BAF 		.ascii	"/\326k\257\252\227\346\263\177q\201uQ\033\243\237\366"
 4892      AA97E6B3 
 4892      7F718175 
 4892      511BA39F 
 4892      F6
 4893 0393 2AB75894 		.ascii	"*\267X\224r\255l\025\032\237^\220zo\253na4\024\202#"
 4893      72AD6C15 
 4893      1A9F5E90 
 4893      7A6FAB6E 
 4893      61341482 
 4894 03a8 5597B718 		.ascii	"U\227\267\030\365b\260T\367\000\342G\026R9j\205\014"
 4894      F562B054 
 4894      F700E247 
 4894      1652396A 
 4894      850C
 4895 03ba 2AEED161 		.ascii	"*\356\321a\353\004\272}\301\263\363\002\247\376\200"
ARM GAS  C:\Users\nicx5\AppData\Local\Temp\ccBxLq1r.s 			page 247


 4895      EB04BA7D 
 4895      C1B3F302 
 4895      A7FE80
 4896 03c9 018559AF 		.ascii	"\001\205Y\257\214u\201\341\007\022B\036v\312\266\240"
 4896      8C7581E1 
 4896      0712421E 
 4896      76CAB6A0 
 4897 03d9 21D605AD 		.ascii	"!\326\005\255\3276g\236\374iqy\342\177\0003\346\205"
 4897      D736679E 
 4897      FC697179 
 4897      E27F0033 
 4897      E685
 4898 03eb 0BA84B17 		.ascii	"\013\250K\027\227\300\034a*# \013\233k\243eZ\251~\326"
 4898      97C01C61 
 4898      2A23200B 
 4898      9B6BA365 
 4898      5AA97ED6 
 4899 03ff 307F4DA1 		.ascii	"0\177M\241~\251\201V\032\255\324\334\343\023p{\265\205"
 4899      7EA98156 
 4899      1AADD4DC 
 4899      E313707B 
 4899      B585
 4900 0411 630F2E82 		.ascii	"c\017.\202\217K\300\307a\370\230\307\342\226\233$x0"
 4900      8F4BC0C7 
 4900      61F898C7 
 4900      E2969B24 
 4900      7830
 4901 0423 DAEAAD8A 		.ascii	"\332\352\255\212\267\312Vc\224z\217\2610bM\354g\325"
 4901      B7CA5663 
 4901      947A8FB1 
 4901      30624DEC 
 4901      67D5
 4902 0435 2225514B 		.ascii	"\"%QK\265\363\200\332\226A\263\230(^\224\374\035\243"
 4902      B5F380DA 
 4902      9641B398 
 4902      285E94FC 
 4902      1DA3
 4903 0447 59A41209 		.ascii	"Y\244\022\011\023\353\255\207G*=0\036`\002\367\376\354"
 4903      13EBAD87 
 4903      472A3D30 
 4903      1E6002F7 
 4903      FEEC
 4904 0459 B0D4C14A 		.ascii	"\260\324\301JX\015\353\225*\330\317ZX\255\000\002\326"
 4904      580DEB95 
 4904      2AD8CF5A 
 4904      58AD0002 
 4904      D6
 4905 046a F9DD39FB 		.ascii	"\371\3359\373\000\363\200\012k\225\346\273UMh\316Qs"
 4905      00F3800A 
 4905      6B95E6BB 
 4905      554D68CE 
 4905      5173
 4906 047c A626C868 		.ascii	"\246&\310h\366\343\323So,\002o\356e\272\340\226Y\304"
 4906      F6E3D353 
 4906      6F2C026F 
 4906      EE65BAE0 
 4906      9659C4
ARM GAS  C:\Users\nicx5\AppData\Local\Temp\ccBxLq1r.s 			page 248


 4907 048f 9741C497 		.ascii	"\227A\304\227\301\202/3\210/\003\310\267\347\242\212"
 4907      C1822F33 
 4907      882F03C8 
 4907      B7E7A28A 
 4908 049f 8DABDEAA 		.ascii	"\215\253\336\252g\255\322\360\256\352\275L\034]\035"
 4908      67ADD2F0 
 4908      AEEABD4C 
 4908      1C5D1D
 4909 04ae 959A57EF 		.ascii	"\225\232W\357\372Y\361\376ZW\247Hi>\027tcx\325.\263"
 4909      FA59F1FE 
 4909      5A57A748 
 4909      693E1774 
 4909      6378D52E 
 4910 04c3 F82B9102 		.ascii	"\370+\221\002s\313\340\217\317\317\017\016\336\225\221"
 4910      73CBE08F 
 4910      CFCF0F0E 
 4910      DE9591
 4911 04d2 26F85E66 		.ascii	"&\370^f\206\205c\215L\026\276\214\213(sw+\213\336\217"
 4911      8685638D 
 4911      4C16BE8C 
 4911      8B287377 
 4911      2B8BDE8F 
 4912 04e6 B92AC736 		.ascii	"\271*\3076\243\307\222V;\332\315\331=\251\027J\205\353"
 4912      A3C79256 
 4912      3BDACDD9 
 4912      3DA9174A 
 4912      85EB
 4913 04f8 678DFB13 		.ascii	"g\215\373\023A\256\270\372&Hc\314\006\017/M\306\361"
 4913      41AEB8FA 
 4913      264863CC 
 4913      060F2F4D 
 4913      C6F1
 4914 050a 5E86897F 		.ascii	"^\206\211\177\374\342\244\011\315\024\027\216\255&L"
 4914      FCE2A409 
 4914      CD14178E 
 4914      AD264C
 4915 0519 6C5CDAE0 		.ascii	"l\\\332\340^\275\275\304\247\256\005\322 \254wIU\362"
 4915      5EBDBDC4 
 4915      A7AE05D2 
 4915      20AC7749 
 4915      55F2
 4916 052b C5AD9F75 		.ascii	"\305\255\237uI\376\361i@$9\274\334\373#\227\266\312"
 4916      49FEF169 
 4916      402439BC 
 4916      DCFB2397 
 4916      B6CA
 4917 053d D662703C 		.ascii	"\326bp<2[]#\313\321\365\326s:\270\264=\251\027Z\325"
 4917      325B5D23 
 4917      CBD1F5D6 
 4917      733AB8B4 
 4917      3DA9175A 
 4918 0552 FA5993D4 		.ascii	"\372Y\223\3244\024\232/\010\352\326\321\300h\222\372"
 4918      34149A2F 
 4918      08EAD6D1 
 4918      C06892FA 
 4919 0562 6C3ECCF5 		.ascii	"l>\314\365\"g\264\260\232\303/AF\306\234\375|~~f\262"
 4919      2267B4B0 
ARM GAS  C:\Users\nicx5\AppData\Local\Temp\ccBxLq1r.s 			page 249


 4919      9AC32F41 
 4919      46C69CFD 
 4919      7C7E7E66 
 4920 0577 3CC34C38 		.ascii	"<\303L8\336\037\317\360\217F\320^x\243 \351\302\253"
 4920      DE1FCFF0 
 4920      8F46D05E 
 4920      78A320E9 
 4920      C2AB
 4921 0589 48EA1976 		.ascii	"H\352\031v\002x\243Yo=aF\261lH`\275?\362\300\204W\030"
 4921      0278A359 
 4921      6F3D6146 
 4921      B16C4860 
 4921      BD3FF2C0 
 4922 05a0 F5F69A0F 		.ascii	"\365\366\232\017+\372AJS\271\021\315\022\265\203\022"
 4922      2BFA414A 
 4922      53B911CD 
 4922      12B58312 
 4923 05b0 D774636C 		.ascii	"\327tclm\315\344L\257\357\313]\236\026\032\012\275\346"
 4923      6DCDE44C 
 4923      AFEFCB5D 
 4923      9E161A0A 
 4923      BDE6
 4924 05c2 03461A61 		.ascii	"\003F\032a\241b\226F\244c\353&@\325\353\205>\250\312"
 4924      A1629646 
 4924      A463EB26 
 4924      40D5EB85 
 4924      3EA8CA
 4925 05d5 A2873D48 		.ascii	"\242\207=H\225\307\243\216U\023\252\220ZV\215\324\037"
 4925      95C7A38E 
 4925      5513AA90 
 4925      5A568DD4 
 4925      1F
 4926 05e6 95AC1EA9 		.ascii	"\225\254\036\251D\252Y-\241\222P\305j\221:\244\372\250"
 4926      44AA592D 
 4926      A19250C5 
 4926      6A913AA4 
 4926      FAA8
 4927 05f8 3D2A901A 		.ascii	"=*\220\032\244\2375\254\375^\277*\230ac\351\301\037"
 4927      A49F35AC 
 4927      FD5EBF2A 
 4927      986163E9 
 4927      C11F
 4928 060a 54D1680D 		.ascii	"T\321h\015\353\306\252#71\033\3139\367]X\343\301\340"
 4928      EBC6AA23 
 4928      37311BCB 
 4928      39F75D58 
 4928      E3C1E0
 4929 061d 4A54EC2E 		.ascii	"JT\354.qc9\373\275\317jX{i0\267\212\231!_Q\2415ZX\335"
 4929      716339FB 
 4929      BDCF6A58 
 4929      7B6930B7 
 4929      8A99215F 
 4930 0637 D170754A 		.ascii	"\321puJ\312\213\202\036N\346h\014\217\354`\376\334\037"
 4930      CA8B821E 
 4930      4EE6680C 
 4930      8FEC60FE 
 4930      DC1F
ARM GAS  C:\Users\nicx5\AppData\Local\Temp\ccBxLq1r.s 			page 250


 4931 0649 5F601928 		.ascii	"_`\031(\3431\343\232\303\307\203\261\034\023\305\357"
 4931      E331E39A 
 4931      C3C783B1 
 4931      1C13C5EF 
 4932 0659 B3A93218 		.ascii	"\263\2512\030V\211\231)\305\202\256\205\213.\240\253"
 4932      56899929 
 4932      C582AE85 
 4932      8B2EA0AB 
 4933 0669 BB8CB528 		.ascii	"\273\214\265(\325l\270[\325\314\220cL\235}\240\0123"
 4933      D56CB85B 
 4933      D5CC9063 
 4933      4C9D7DA0 
 4933      0A33
 4934 067b 9673DDAA 		.ascii	"\226s\335\2526jW\245Qq\324\0325\253\316\2502\352\215"
 4934      366A57A5 
 4934      5171D41A 
 4934      35ABCEA8 
 4934      32EA8D
 4935 068e CA5547E8 		.ascii	"\312UG\350g\325\322a>\223sn\346\234\377\341\007\212"
 4935      67D5D261 
 4935      3E93736E 
 4935      E69CFFE1 
 4935      078A
 4936 06a0 4107A3AA 		.ascii	"A\007\243\252\3410\327N\316]\030\307r\206\276\317\376"
 4936      E130D74E 
 4936      CE5D18C7 
 4936      7286BECF 
 4936      FE
 4937 06b1 EAAC5AF5 		.ascii	"\352\254Z\365E\303e\350\343\221\231Q\027,\250\216|_"
 4937      45C365E8 
 4937      E3919951 
 4937      172CA88E 
 4937      7C5F
 4938 06c3 75477E7C 		.ascii	"uG~|~~~l\300\000\221\343!\301}L\015\374\230,\374\030"
 4938      7E7E7E6C 
 4938      C00091E3 
 4938      21C17D4C 
 4938      0DFC982C 
 4939 06d9 17F8170C 		.ascii	"\027\370\027\014\376]\304\370\017\377\312\341\234\267"
 4939      FE5DC4F8 
 4939      0FFFCAE1 
 4939      9CB7
 4940 06e7 627827C9 		.ascii	"bx'\311\3157\333\265\353E\001\231X4\212\343B\213n\213"
 4940      CD37DBB5 
 4940      EB450199 
 4940      58348AE3 
 4940      428B6E8B 
 4941 06fb 0BF39C79 		.ascii	"\013\363\234y\361b\303\204\271\2536~4f\251\327\206i"
 4941      F162C384 
 4941      B9AB367E 
 4941      3466A9D7 
 4941      8669
 4942 070d BE2E8160 		.ascii	"\276.\201`\365\332/mnp\210\365\332\024,\232\215\023"
 4942      F5DA2F6D 
 4942      6E7088F5 
 4942      DA142C9A 
 4942      8D13
ARM GAS  C:\Users\nicx5\AppData\Local\Temp\ccBxLq1r.s 			page 251


 4943 071f BB12006D 		.ascii	"\273\022\000m2\356\271\302xF\253\3279'\236\335,)<\203"
 4943      32EEB9C2 
 4943      7846ABD7 
 4943      39279EDD 
 4943      2C293C83 
 4944 0733 92882F64 		.ascii	"\222\210/dY\\\314a\327\004-\257\012\020C\020\246xE\253"
 4944      595CCC61 
 4944      D7042DAF 
 4944      0A104310 
 4944      A67845AB 
 4945 0747 8733E418 		.ascii	"\2073\344\030WQ\033\256.\262\270\272\250M\214Z\275\036"
 4945      57511BAE 
 4945      2EB2B8BA 
 4945      A84D8C5A 
 4945      BD1E
 4946 0759 34449B88 		.ascii	"4D\233\210h\365\274\310\350\003C\026\326\206_#\304\320"
 4946      68F5BCC8 
 4946      E8034316 
 4946      D6865F23 
 4946      C4D0
 4947 076b 1E1A5A68 		.ascii	"\036\032Zh\003\001\213=\304b\011;cE\013\211\214Uh\263"
 4947      03018B3D 
 4947      C462093B 
 4947      63450B89 
 4947      8C5568B3 
 4948 077f 52A5E606 		.ascii	"R\245\346\006~M\023\037\320^\001\264\20459\307d(\032"
 4948      7E4D131F 
 4948      D05E01B4 
 4948      843539C7 
 4948      64281A
 4949 0792 D685AE2A 		.ascii	"\326\205\256*\366J\025K\270\201\323Np.\232\271\2704"
 4949      F64A154B 
 4949      B881D34E 
 4949      702E9AB9 
 4949      B834
 4950 07a4 D0E48565 		.ascii	"\320\344\205e\365\030\274%\264\341\273b\361U\257\025"
 4950      F518BC25 
 4950      B4E1BB62 
 4950      F155AF15 
 4951 07b4 0CB442B3 		.ascii	"\014\264B\263\210O\343\207oz\370\371\331\265n$2\206"
 4951      884FE387 
 4951      6F7AF8F9 
 4951      D9B56E24 
 4951      3286
 4952 07c6 02BE81E3 		.ascii	"\002\276\201\343\343\263k~\204a"
 4952      E3B36B7E 
 4952      8461
 4953 07d0 6E44696E 		.ascii	"nDin`\234\246\235\235\325\233\001\322\210\\\306\306"
 4953      609CA69D 
 4953      9DD59B01 
 4953      D2885CC6 
 4953      C6
 4954 07e1 A8DCEAD9 		.ascii	"\250\334\352\331\274\033\266\247[\276\263x2\317\035"
 4954      BC1BB6A7 
 4954      5BBEB378 
 4954      32CF1D
 4955 07f0 7852EA3D 		.ascii	"xR\352=\015\325\035\027\214\263\007\202\215\322V\212"
ARM GAS  C:\Users\nicx5\AppData\Local\Temp\ccBxLq1r.s 			page 252


 4955      0DD51D17 
 4955      8CB30782 
 4955      8DD2568A 
 4956 0800 9CADB351 		.ascii	"\234\255\263Qj\256\312<r\213F\242\031Kk\303+T\301\257"
 4956      6AAECA3C 
 4956      728B46A2 
 4956      194B6BC3 
 4956      2B54C1AF 
 4957 0814 0005DB28 		.ascii	"\000\005\333(\265\202\222\012\354\226!\027\2249\034"
 4957      B582920A 
 4957      EC962117 
 4957      94391C
 4958 0823 1B4CB2CE 		.ascii	"\033L\262\316\240]\202\263\020I\2758dpp6n\203\234\263"
 4958      A05D82B3 
 4958      1049BD38 
 4958      64707036 
 4958      6E839CB3 
 4959 0837 56B67F4C 		.ascii	"V\266\177L\026\271\242Pn\343\032.\252\214Lk\010\316"
 4959      16B9A250 
 4959      6EE31A2E 
 4959      AA8C4C6B 
 4959      08CE
 4960 0849 9102C1B6 		.ascii	"\221\002\301\266Y%\267K\236v\211}{N\316\271E\316h80"
 4960      5925B74B 
 4960      9E76897D 
 4960      7B4ECEB9 
 4960      45CE6838 
 4961 085e 70F9E2C2 		.ascii	"p\371\342\302\322\360['\267oFC\366\200\324k\233X\265"
 4961      D2F05B27 
 4961      B76F4643 
 4961      F680D46B 
 4961      9B58B5
 4962 0871 FAA3C708 		.ascii	"\372\243\307\010/\352\265L\212\220dy\253\327\272\315"
 4962      2FEAB54C 
 4962      8A906479 
 4962      ABD7BACD 
 4963 0881 E8F05228 		.ascii	"\350\360R(\245\341l\020'Mj\324\373\012^8\247\007\253"
 4963      A5E16C10 
 4963      274D6AD4 
 4963      FB0A5E38 
 4963      A707AB
 4964 0894 BF0156CE 		.ascii	"\277\001V\316\233\310\235T\2252\305\353\305\330\325"
 4964      9BC89D54 
 4964      9532C5EB 
 4964      C5D8D5
 4965 08a3 58EFCD39 		.ascii	"X\357\3159\316\331\364\312\225\351\204z1\235yRY:\316"
 4965      CED9F4CA 
 4965      95E9847A 
 4965      319D7952 
 4965      593ACE
 4966 08b6 66332BC7 		.ascii	"f3+\307\311\006e:\233\031\2533T\012+g),\234\245\262"
 4966      C906653A 
 4966      9B19AB33 
 4966      540A2B67 
 4966      292C9CA5 
 4967 08cb 9C6C6058 		.ascii	"\234l`XX9\347\255vf\251\354\314^\314\234\314\226\225"
 4967      5839E7AD 
ARM GAS  C:\Users\nicx5\AppData\Local\Temp\ccBxLq1r.s 			page 253


 4967      7666A9EC 
 4967      CC5ECC9C 
 4967      CC9695
 4968 08de E3844A65 		.ascii	"\343\204Je\265\223\315+K'7\245\276\256W\2263\317+\013"
 4968      B593CD2B 
 4968      4B2737A5 
 4968      BEAE5796 
 4968      33CF2B0B 
 4969 08f2 B3496539 		.ascii	"\263Ie9\233`\2713T\315\257\177\344\246\027V\237\023"
 4969      9B60B933 
 4969      54CDAF7F 
 4969      E4A61756 
 4969      9F13
 4970 0904 FAD54C68 		.ascii	"\372\325Lh.cvv\346\261\234\235\320\354\2019\005\315"
 4970      2E637676 
 4970      E6B19C9D 
 4970      D0EC8139 
 4970      05CD
 4971 0916 329B82C6 		.ascii	"2\233\202\306X2\273\032{\221s>\022\351\312\311\315\314"
 4971      5832BB1A 
 4971      7B91733E 
 4971      12E9CAC9 
 4971      CDCC
 4972 0928 848E35BB 		.ascii	"\204\2165\2732\344\\\306\"\347\262l\323^US7\262OU\316"
 4972      32E45CC6 
 4972      22E7B26C 
 4972      D35E5553 
 4972      37B24F55 
 4973 093d CC9C73D7 		.ascii	"\314\234s\327\221\011\3159Ku{e\347W\222\252\334\325"
 4973      9109CD39 
 4973      4B757B65 
 4973      E75792AA 
 4973      DCD5
 4974 094f 9581B1AE 		.ascii	"\225\201\261\256l\306\002\314'\347\314t\262\201uY\253"
 4974      6CC602CC 
 4974      27E7CC74 
 4974      B2817559 
 4974      AB
 4975 0960 AA32AF6C 		.ascii	"\2522\257l\226\271\232\311\226\247\262U\023,c6&4\273"
 4975      96B99AC9 
 4975      96A7B255 
 4975      132C6336 
 4975      2634BB
 4976 0973 E59C5BCB 		.ascii	"\345\234[\313\015\264K\032\011lvm\205\021=1\233\344"
 4976      0DB44B1A 
 4976      096C766D 
 4976      85113D31 
 4976      9BE4
 4977 0985 760D33EE 		.ascii	"v\0153\356\010\203\253\367Z\254\032\016\324\021D\314"
 4977      0883ABF7 
 4977      5AAC1A0E 
 4977      D41144CC 
 4978 0995 AA59E8F1 		.ascii	"\252Y\350\361\006\011rJ\352\011\230\006\"\023?\024l"
 4978      0609724A 
 4978      EA099806 
 4978      22133F14 
 4978      6C
ARM GAS  C:\Users\nicx5\AppData\Local\Temp\ccBxLq1r.s 			page 254


 4979 09a6 9ADD02BD 		.ascii	"\232\335\002\275\"\244\020\005\213\244\011\301\324\015"
 4979      22A41005 
 4979      8BA409C1 
 4979      D40D
 4980 09b4 C2D9B313 		.ascii	"\302\331\263\023\370\260P\311\032bf\217p\211q\351\250"
 4980      F8B050C9 
 4980      1A62668F 
 4980      708971E9 
 4980      A8
 4981 09c5 172AC386 		.ascii	"\027*\303\206f\005\265Fl\221&im_\365\332\262\020UH\242"
 4981      6605B546 
 4981      6C912669 
 4981      6D5FF5DA 
 4981      B2105548 
 4982 09da F57EE6E9 		.ascii	"\365~\346\351\343o\257V9\313bc\316\260\213\316\260F"
 4982      E36FAF56 
 4982      39CB6263 
 4982      CEB08BCE 
 4982      B046
 4983 09ec F3D5116E 		.ascii	"\363\325\021n\335\351\321h\270?k\202\025b\207X \266"
 4983      DDE9D168 
 4983      B83F6B82 
 4983      15628758 
 4983      20B6
 4984 09fe 043B66C9 		.ascii	"\004;f\311\254\230\015\263$X\"\366G?m\020\333#\313\215"
 4984      AC980DB3 
 4984      245822F6 
 4984      473F6D10 
 4984      DB23CB8D 
 4985 0a12 382D38D2 		.ascii	"8-8\322\2426\210\365\262;\202\240n\370\017m\214\253"
 4985      A23688F5 
 4985      B23B82A0 
 4985      6EF80F6D 
 4985      8CAB
 4986 0a24 E1FCFAFE 		.ascii	"\341\374\372\376\202X\036n\177f\321\234\375*\340i\365"
 4986      82581E6E 
 4986      7F66D19C 
 4986      FD2AE069 
 4986      F5
 4987 0a35 3125B89F 		.ascii	"1%\270\2379\202cf\306\360\355\216\337\346\260:\032\356"
 4987      39826366 
 4987      C6F0ED8E 
 4987      DFE6B03A 
 4987      1AEE
 4988 0a47 CE88793D 		.ascii	"\316\210y=\261\252\327~\001\335\202\325H\331m\011\326"
 4988      B1AAD77E 
 4988      01DD82D5 
 4988      48D96D09 
 4988      D6
 4989 0a58 5BC107AE 		.ascii	"[\301\007\256\011\230\311\201?\243\205?\003\003\177"
 4989      0998C981 
 4989      3FA3853F 
 4989      03037F
 4990 0a67 86898F19 		.ascii	"\206\211\217\031\361\361!>\016\304\307y\370\267\001"
 4990      F1F1213E 
 4990      0EC4C779 
 4990      F8B701
ARM GAS  C:\Users\nicx5\AppData\Local\Temp\ccBxLq1r.s 			page 255


 4991 0a76 4D505022 		.ascii	"MPP\"\214b\276\304\001\010\005\022\323\211eJ\202&]\246"
 4991      8C62BEC4 
 4991      01080512 
 4991      D389654A 
 4991      82265DA6 
 4992 0a8a 24729E3E 		.ascii	"$r\236>\220\300\347K\034\214\032\200\002\011\252\011"
 4992      90C0E74B 
 4992      1C8C1A80 
 4992      0209AA09 
 4993 0a9a 992AA190 		.ascii	"\231*\241\220N\3512\252\003E8\312\010$\207v\224\251"
 4993      4EE932AA 
 4993      034538CA 
 4993      08248776 
 4993      94A9
 4994 0aac 52D4D391 		.ascii	"R\324\323\221\362\204\022jDS\023\224\011\233T\350\246"
 4994      F284126A 
 4994      44531394 
 4994      099B54E8 
 4994      A6
 4995 0abd E6C49051 		.ascii	"\346\304\220Q\316\211!#\010l:\244\340\260T\022 \203"
 4995      CE892123 
 4995      086C3AA4 
 4995      E0B05412 
 4995      2083
 4996 0acf 8ED391F2 		.ascii	"\216\323\221\362\310\004\224\022\323\010\024H\351\022"
 4996      C8049412 
 4996      D3081448 
 4996      E912
 4997 0add 72A70387 		.ascii	"r\247\003\207e\032\245\244\004\201\020\216\232\224z"
 4997      651AA5A4 
 4997      0481108E 
 4997      9A947A
 4998 0aec 2EE41C8F 		.ascii	".\344\034\217\227JLKQK&\021IOAH!0)=A!\227i\221\321C"
 4998      974A4C4B 
 4998      514B2611 
 4998      494F4148 
 4998      2130293D 
 4999 0b07 38296045 		.ascii	"8)`E\272TB!Ux\212$\016)\22468) \015!\202\223\362\010"
 4999      BA544221 
 4999      55788A24 
 4999      0E299436 
 4999      3829200D 
 5000 0b20 47682882 		.ascii	"Gh(\202\264)\205\023\024\262)\025!\355`\202\017\220"
 5000      B4298513 
 5000      14B22915 
 5000      21ED6082 
 5000      0F90
 5001 0b32 44244408 		.ascii	"D$D\010\335\000U`\304\005\034\010A\000)4t\274\340\003"
 5001      DD005560 
 5001      C4051C08 
 5001      41002934 
 5001      74BCE003 
 5002 0b46 880E3028 		.ascii	"\210\0160(\001$\302D\020\016\001T\201\021\036D\230\010"
 5002      0124C244 
 5002      100E0154 
 5002      81111E44 
 5002      9808
ARM GAS  C:\Users\nicx5\AppData\Local\Temp\ccBxLq1r.s 			page 256


 5003 0b58 92C94088 		.ascii	"\222\311@\210\003\011$9(\342 9\2634\312@\246\007\031"
 5003      03092439 
 5003      28E22039 
 5003      B334CA40 
 5003      A60719
 5004 0b6b 9344222D 		.ascii	"\223D\"-2&\031d\002y\2211\"x\222\310\0216\211\254\311"
 5004      32261964 
 5004      02799131 
 5004      227892C8 
 5004      113689AC 
 5005 0b80 13421EDC 		.ascii	"\023B\036\334d\220\011\233\014\352@t\223A@D7J\231.\243"
 5005      6490099B 
 5005      0CEA4074 
 5005      93414044 
 5005      374A992E 
 5006 0b95 98424893 		.ascii	"\230BH\223F;O\"G\014\335d\321\220\355\220\224\212\240"
 5006      463B4F22 
 5006      470CDD64 
 5006      D190ED90 
 5006      948AA0
 5007 0ba8 4CA3D2E4 		.ascii	"L\243\322\344Lr\004\222D2&YD\"y\223H\022\311\373%\016"
 5007      4C720492 
 5007      44322659 
 5007      44227993 
 5007      4812C9FB 
 5008 0bbe 2B567400 		.ascii	"+Vt\000\221&\251h:QdA\212\304$B*dA\321P\021\0212\203"
 5008      9126A968 
 5008      3A516441 
 5008      8AC42442 
 5008      2A6441D1 
 5009 0bd7 E408A44D 		.ascii	"\344\010\244M\026!\255\216\004)\322\323\3212\352i\010"
 5009      1621AD8E 
 5009      0429D2D3 
 5009      D132EA69 
 5009      08
 5010 0be8 E37CE969 		.ascii	"\343|\351i\010\304W@\211(a\001\013D\241PB\201`\201\005"
 5010      08C45740 
 5010      89286101 
 5010      0B44A150 
 5010      42816081 
 5011 0bfd 70D04323 		.ascii	"p\320C#\363\004\305\264DJ\225LB3HOCN)\321q)\005\223"
 5011      F304C5B4 
 5011      444A954C 
 5011      4233484F 
 5011      434E29D1 
 5012 0c15 3235C1B3 		.ascii	"25\301\263|J\235\236B`j\012:Z\036\0119\245D9\267\003"
 5012      7C4A9D9E 
 5012      42606A0A 
 5012      3A5A1E09 
 5012      39A54439 
 5013 0c2b 4B262514 		.ascii	"K&%\024\223\322\004N\223\240\210pR\023\324RT\252\\:"
 5013      93D2044E 
 5013      93A08870 
 5013      5213D452 
 5013      54AA5C3A 
 5014 0c3f 01811143 		.ascii	"\001\201\021C#l\226QJ\025\"\234R\"\274dz\032\302A\201"
 5014      236C9651 
ARM GAS  C:\Users\nicx5\AppData\Local\Temp\ccBxLq1r.s 			page 257


 5014      4A15229C 
 5014      5222BC64 
 5014      7A1AC241 
 5015 0c54 04D5C135 		.ascii	"\004\325\3015\012\"\352Ic\226O\251\362\310\3041\247"
 5015      0A22EA49 
 5015      63964FA9 
 5015      F2C8C431 
 5015      A7
 5016 0c65 67A72905 		.ascii	"g\247)\005R\251\351\250\004\020\321\205\264)\351\351"
 5016      52A9E9A8 
 5016      0410D185 
 5016      B429E9E9 
 5017 0c75 A8845110 		.ascii	"\250\204Q\020\221\220\221\021\017\012\244#\01545\035"
 5017      91909111 
 5017      0F0AA423 
 5017      0D34351D 
 5018 0c85 21974A28 		.ascii	"!\227J(\015\004)S\245\011\350\244IPH%\224R\311\301L"
 5018      0D042953 
 5018      A509E8A4 
 5018      49504825 
 5018      9452C9C1 
 5019 0c9a 5454AA4C 		.ascii	"TT\252LJ\012J\243\216D\350\254H\223\236\206\234\216"
 5019      4A0A4AA3 
 5019      8E44E8AC 
 5019      48939E86 
 5019      9C8E
 5020 0cac 52E5B288 		.ascii	"R\345\262\210\346\202\315\004<K#\017\037\226OL*0\212"
 5020      E682CD04 
 5020      3C4B230F 
 5020      1F964F4C 
 5020      2A308A
 5021 0cbf A823A2A6 		.ascii	"\250#\242\246\364\351\351h\011\011A\0049J\251P\232\242"
 5021      F4E9E968 
 5021      09094104 
 5021      394AA950 
 5021      9AA2
 5022 0cd1 03278C8C 		.ascii	"\003'\214\214&\360\001Q\020\221P\000\256\004B\203\244"
 5022      26F00151 
 5022      10915000 
 5022      AE044283 
 5022      A4
 5023 0ce2 14831404 		.ascii	"\024\203\024\004\007\014\017\001\204\314\360\201\007"
 5023      070C0F01 
 5023      84CCF081 
 5023      07
 5024 0cef 24301287 		.ascii	"$0\022\207#\247$\243\246\243\245%\017\037\234\226Q\026"
 5024      23A724A3 
 5024      A6A3A525 
 5024      0F1F9C96 
 5024      5116
 5025 0d01 20298B2C 		.ascii	" )\213,0\352 \250\204\321\212\025!Jx\370@t\242\310\202"
 5025      30EA20A8 
 5025      84D18A15 
 5025      214A78F8 
 5025      4074A2C8 
 5026 0d16 28652A02 		.ascii	"(e*\002\223R\350\202(\025\313\243e\321SJb\031\225\252"
 5026      9352E882 
ARM GAS  C:\Users\nicx5\AppData\Local\Temp\ccBxLq1r.s 			page 258


 5026      2815CBA3 
 5026      65D1534A 
 5026      621995AA 
 5027 0d2a E0409A5C 		.ascii	"\340@\232\\\241\302)\210H\350\302\216\267\372\204\010"
 5027      A1C22988 
 5027      48E8C28E 
 5027      B7FA8408 
 5028 0d3a 1037301B 		.ascii	"\02070\033%\020H\221\264\373\325p\200,l\220\325{u\324"
 5028      25104891 
 5028      B4FBD570 
 5028      802C6C90 
 5028      D57B75D4 
 5029 0d4e 9BE37AFD 		.ascii	"\233\343z\375\352\2708|\234\371\352\270\002\270\351"
 5029      EAB8387C 
 5029      9CF9EAB8 
 5029      02B8E9
 5030 0d5d 1680AD7A 		.ascii	"\026\200\255z\322\266x\274\307\261\302\377\275AX#\210"
 5030      D2B678BC 
 5030      C7B1C2FF 
 5030      BD415823 
 5030      88
 5031 0d6e 5683C6B5 		.ascii	"V\203\306\265a\343\202\000i\243q\273\364\354\235\032"
 5031      61E38200 
 5031      69A371BB 
 5031      F4EC9D1A 
 5032 0d7e 8DB55BE3 		.ascii	"\215\265[\343nU\331reW\357\315\214K\203\306\335\252"
 5032      6E55D972 
 5032      6557EFCD 
 5032      8C4B83C6 
 5032      DDAA
 5033 0d90 6780580C 		.ascii	"g\200X\014\315r\346\322\320^HHl\274\226\337-\252\"_"
 5033      CD72E6D2 
 5033      D05E4848 
 5033      6CBC96DF 
 5033      2DAA225F 
 5034 0da4 7250704E 		.ascii	"rPpN\341\325\272Z6N\356\260.\232f8\002]\032\326\251"
 5034      E1D5BA5A 
 5034      364EEEB0 
 5034      2E9A6638 
 5034      025D1AD6 
 5035 0db9 BA316E8C 		.ascii	"\2721n\214+\003\361p,Z\345\362\256\224a\375\312\270"
 5035      2B03F170 
 5035      2C5AE5F2 
 5035      AE9461FD 
 5035      CAB8
 5036 0dcb 5931688A 		.ascii	"Y1h\212(\020\251\027;\221\002\307\343F\010\326\021r"
 5036      2810A917 
 5036      3B9102C7 
 5036      E34608D6 
 5036      1172
 5037 0ddd A92ED5B5 		.ascii	"\251.\325\265\022<\033\333c\274B\344V\375ZU\240B\205"
 5037      123C1BDB 
 5037      63BC42E4 
 5037      56FD5A55 
 5037      A04285
 5038 0df0 EFAADE0B 		.ascii	"\357\252\336\013\243B\213\256\024\374\2362:\250\310"
 5038      A3428BAE 
ARM GAS  C:\Users\nicx5\AppData\Local\Temp\ccBxLq1r.s 			page 259


 5038      14FC9E32 
 5038      3AA8C8
 5039 0dff CEEAFD8D 		.ascii	"\316\352\375\215\014\2543x\233\267y\235b\023\030Q\333"
 5039      0CAC3378 
 5039      9BB7799D 
 5039      62131851 
 5039      DB
 5040 0e10 32C82843 		.ascii	"2\310(C$\314\026\033\327\305\257\023\307\306\2247\271"
 5040      24CC161B 
 5040      D7C5AF13 
 5040      C7C69437 
 5040      B9
 5041 0e21 7AEF14CD 		.ascii	"z\357\024\315\031\031\216\301zo\013\373\274\351\373"
 5041      19198EC1 
 5041      7A6F0BFB 
 5041      BCE9FB
 5042 0e30 02835A36 		.ascii	"\002\203Z6\232\276+ba]p\203\201\360+\365\274R\015w\223"
 5042      9ABE2B62 
 5042      615D7083 
 5042      81F02BF5 
 5042      BC520D77 
 5043 0e45 E41C3D7B 		.ascii	"\344\034={;\246\0302\346l\267\341\316\351}\371\013\203"
 5043      3BA61832 
 5043      E66CB7E1 
 5043      CEE97DF9 
 5043      0B83
 5044 0e57 FBA8220A 		.ascii	"\373\250\"\0125\010\245B3#2\"IA\2224\006r\012\020\004"
 5044      3508A542 
 5044      33233222 
 5044      49419234 
 5044      06720A10 
 5045 0e6c 63599C08 		.ascii	"cY\234\0106\017\022@\2634\220\343\234R\210\014\211\210"
 5045      360F1240 
 5045      B33490E3 
 5045      9C52880C 
 5045      8988
 5046 0e7e 88485192 		.ascii	"\210HQ\222\242R\032\003\244\264+\0328\010hy\224\012"
 5046      A2521A03 
 5046      A4B42B1A 
 5046      38086879 
 5046      940A
 5047 0e90 84B80F4D 		.ascii	"\204\270\017MiW\353\265\230\350.\030\221\014\254+\247"
 5047      6957EBB5 
 5047      98E82E18 
 5047      910CAC2B 
 5047      A7
 5048 0ea1 E53B623A 		.ascii	"\345;b:y\327L\200\027\037$\305z\211\015\201kE\205\334"
 5048      79D74C80 
 5048      171F24C5 
 5048      7A890D81 
 5048      6B4585DC 
 5049 0eb5 4E855CE0 		.ascii	"N\205\\\340o\333\212\301X\260\316\\\015M\230\304\252"
 5049      6FDB8AC1 
 5049      58B0CE5C 
 5049      0D4D98C4 
 5049      AA
 5050 0ec6 26A00F2C 		.ascii	"&\240\017,\011\227\024*\207\037\314\023]\252D@\360\350"
ARM GAS  C:\Users\nicx5\AppData\Local\Temp\ccBxLq1r.s 			page 260


 5050      0997142A 
 5050      871FCC13 
 5050      5DAA4440 
 5050      F0E8
 5051 0ed8 00F251D3 		.ascii	"\000\362Q\323x\313\322'\266\326x\303\303[E\224\373\332"
 5051      78CBD227 
 5051      B6D678C3 
 5051      C35B4594 
 5051      FBDA
 5052 0eea 702286CB 		.ascii	"p\"\206\313eT+\313\324\0108\210\343\355\037\301\330"
 5052      65542BCB 
 5052      D4083888 
 5052      E3ED1FC1 
 5052      D8
 5053 0efb DA6C5468 		.ascii	"\332lTh@\302\227\333\350\246\226\366\024\210\277\346"
 5053      40C297DB 
 5053      E8A696F6 
 5053      1488BFE6 
 5054 0f0b 6C95183D 		.ascii	"l\225\030=9\363/\026\206\277DG\363\322:\34434\305\012"
 5054      39F32F16 
 5054      86BF4447 
 5054      F3D23AE4 
 5054      3334C50A 
 5055 0f1f CB012E12 		.ascii	"\313\001.\022\001\220\033J0\243.!\310Q\352W\370\020"
 5055      01901B4A 
 5055      30A32E21 
 5055      C851EA57 
 5055      F810
 5056 0f31 F65BA1F1 		.ascii	"\366[\241\361\215 3\014\205\016\347\375\036\214\235"
 5056      8D20330C 
 5056      850EE7FD 
 5056      1E8C9D
 5057 0f40 76BD2744 		.ascii	"v\275'D\317\035U\345YVs\3731\226=\2232\226\220z\342"
 5057      CF1D55E5 
 5057      595673FB 
 5057      31963D93 
 5057      3296907A 
 5058 0f55 517B0FC7 		.ascii	"Q{\017\307\000j-\253\335\011/\207\273)\207 %\022\227"
 5058      006A2DAB 
 5058      DD092F87 
 5058      BB298720 
 5058      251297
 5059 0f68 C5D12E0F 		.ascii	"\305\321.\017Y\035\2162\233\210\344\305\204*\337\312"
 5059      591D8E32 
 5059      9B88E4C5 
 5059      842ADFCA 
 5060 0f78 2769EB28 		.ascii	"'i\353(\375\002`o\254\353{\223\306E\2323\366x1$l\256"
 5060      FD02606F 
 5060      ACEB7B93 
 5060      C6459A33 
 5060      F6783124 
 5061 0f8e F571B566 		.ascii	"\365q\265f\331\244\024! \321\270\017E\3151P\372\276"
 5061      D9A41421 
 5061      20D1B80F 
 5061      45CD3150 
 5061      FABE
 5062 0fa0 B70821B8 		.ascii	"\267\010!\270CU\011\344\012\307\207:7z\253\266y\276"
ARM GAS  C:\Users\nicx5\AppData\Local\Temp\ccBxLq1r.s 			page 261


 5062      435509E4 
 5062      0AC7873A 
 5062      377AABB6 
 5062      79BE
 5063 0fb2 BAF9E5F6 		.ascii	"\272\371\345\366\371\020`3}n\312\265g\304\202\340\264"
 5063      F9106033 
 5063      7D6ECAB5 
 5063      67C482E0 
 5063      B4
 5064 0fc3 F0D8F693 		.ascii	"\360\330\366\223\031\204\031\2718\301\36730$\204\271"
 5064      198419B9 
 5064      38C1F733 
 5064      302484B9 
 5065 0fd3 235D72B8 		.ascii	"#]r\270m\034\215\350v\371'\241\235n\177\305\245kd|<"
 5065      6D1C8DE8 
 5065      76F927A1 
 5065      9D6E7FC5 
 5065      A56B647C 
 5066 0fe8 03F2C1B4 		.ascii	"\003\362\301\264\357\375A\011\271,\300\310\300r\031"
 5066      EFFD4109 
 5066      B92CC0C8 
 5066      C07219
 5067 0ff7 EF0018D1 		.ascii	"\357\000\030\321p\307Y\036B\357b\376e\332\347\310O\206"
 5067      70C7591E 
 5067      42EF62FE 
 5067      65DAE7C8 
 5067      4F86
 5068 1009 23F11415 		.ascii	"#\361\024\025\302J_(\257\232#\233k3\257\000H\312{P\375"
 5068      C24A5F28 
 5068      AF9A239B 
 5068      6B33AF00 
 5068      48CA7B50 
 5069 101e 88C122AD 		.ascii	"\210\301\"\255 \243G\240A\203r\354\034\330\234\227O"
 5069      20A347A0 
 5069      418372EC 
 5069      1CD89C97 
 5069      4F
 5070 102f 47AA6826 		.ascii	"G\252h&\377\252\236X\212 \254;e\344\262\001\377dL\377"
 5070      FFAA9E58 
 5070      8A20AC3B 
 5070      65E4B201 
 5070      FF644CFF 
 5071 1043 8FFB6B08 		.ascii	"\217\373k\010*\311\027\210\243\202\"\302S\027\274\345"
 5071      2AC91788 
 5071      A38222C2 
 5071      5317BCE5 
 5072 1053 07DC4888 		.ascii	"\007\334H\210\351\377`\261-g,>\014\275aE\025Sjag0\024"
 5072      E9FF60B1 
 5072      2D672C3E 
 5072      0CBD6145 
 5072      15536A61 
 5073 106a 5A804F48 		.ascii	"Z\200OH\254 \254\351\177\203\031\3078\342\246\301\361"
 5073      AC20ACE9 
 5073      7F8319C7 
 5073      38E2A6C1 
 5073      F1
 5074 107b 673A90BD 		.ascii	"g:\220\275YU\355j\270j\306\370\255IH\025[\347}Sa4\215"
ARM GAS  C:\Users\nicx5\AppData\Local\Temp\ccBxLq1r.s 			page 262


 5074      5955ED6A 
 5074      B86AC6F8 
 5074      AD494815 
 5074      5BE77D53 
 5075 1092 F8521DA1 		.ascii	"\370R\035\241ov\374\213\246'\330:k\20563XGfrSUq^\334"
 5075      6F76FC8B 
 5075      A627D83A 
 5075      6B853633 
 5075      58476672 
 5076 10ab 78CC4057 		.ascii	"x\314@W\355.\252W~\024\371\262i\302\006\351L#\007r\345"
 5076      ED2EAA57 
 5076      7E14F9B2 
 5076      69C206E9 
 5076      4C230772 
 5077 10c0 AE936A77 		.ascii	"\256\223jw\240J\014\021+B\210\311\362-T\233\026\022"
 5077      A04A0C11 
 5077      2B4288C9 
 5077      F22D549B 
 5077      1612
 5078 10d2 61368A94 		.ascii	"a6\212\224\270\206\262'Uw\007\310\013\007\020,P\216"
 5078      B886B227 
 5078      557707C8 
 5078      0B07102C 
 5078      508E
 5079 10e4 6596AAF6 		.ascii	"e\226\252\366\214\241Z\016\324\200h\032T*CG^\016dB/"
 5079      8CA15A0E 
 5079      D480681A 
 5079      542A4347 
 5079      5E0E6442 
 5080 10f9 026A3A5A 		.ascii	"\002j:Z2Y\200\237\271\201\331\360\360\204I%\333\315"
 5080      3259809F 
 5080      B981D9F0 
 5080      F0844925 
 5080      DBCD
 5081 110b 6B37AA68 		.ascii	"k7\252h;X\342\011\202\242\242\372\230\011*\315.\360"
 5081      3B58E209 
 5081      82A2A2FA 
 5081      98092ACD 
 5081      2EF0
 5082 111d 081E38EE 		.ascii	"\010\0368\356\220\011\021n\317\350H\276\004\003\335"
 5082      9009116E 
 5082      CFE848BE 
 5082      0403DD
 5083 112c E00DD188 		.ascii	"\340\015\321\210X\217\341\210.I\330E\034\334\030!\024"
 5083      588FE188 
 5083      2E49D845 
 5083      1CDC1821 
 5083      14
 5084 113d 3788AE0A 		.ascii	"7\210\256\012t\011\204\036\340\246\250g {\024\012t\345"
 5084      7409841E 
 5084      E0A6A867 
 5084      207B140A 
 5084      74E5
 5085 114f C574001C 		.ascii	"\305t\000\034\021\344\215\263\315\232f\232*\271u\255"
 5085      11E48DB3 
 5085      CD9A669A 
 5085      2AB975AD 
ARM GAS  C:\Users\nicx5\AppData\Local\Temp\ccBxLq1r.s 			page 263


 5086 115f 81635BBB 		.ascii	"\201c[\273\350P\303\376\026\020{\0257\212/\352\234s"
 5086      E850C3FE 
 5086      16107B15 
 5086      378A2FEA 
 5086      9C73
 5087 1171 4AA7E543 		.ascii	"J\247\345C\255\336\226\035\246\023h\303\243\367QL\327"
 5087      ADDE961D 
 5087      A61368C3 
 5087      A3F7514C 
 5087      D7
 5088 1182 53AD643F 		.ascii	"S\255d?\025\007\250\311\347\250\221\027\262{k_\"\035"
 5088      1507A8C9 
 5088      E7A89117 
 5088      B27B6B5F 
 5088      221D
 5089 1194 A22353F0 		.ascii	"\242#S\360\353\205\332[[\225\361lvb\254\332b\033{\023"
 5089      EB85DA5B 
 5089      5B95F16C 
 5089      7662ACDA 
 5089      621B7B13 
 5090 11a8 A6E36760 		.ascii	"\246\343g`\021\321\305R\004x\242\363\032\233\256\003"
 5090      11D1C552 
 5090      0478A2F3 
 5090      1A9BAE03 
 5091 11b8 26E337E4 		.ascii	"&\3437\344\210R\336\005\317j\010\306\352\267E\255\221"
 5091      8852DE05 
 5091      CF6A08C6 
 5091      EAB745AD 
 5091      91
 5092 11c9 65B7E429 		.ascii	"e\267\344)\266?\372\000\371\235\0108\304t\255\024gG"
 5092      B63FFA00 
 5092      F99D0838 
 5092      C474AD14 
 5092      6747
 5093 11db 8BEE3EBC 		.ascii	"\213\356>\274\360X\212\361\306\3549\010\025\331\021"
 5093      F0588AF1 
 5093      C6EC3908 
 5093      15D911
 5094 11ea D3C3ACC4 		.ascii	"\323\303\254\304.=\226\310I\241\262\300f\013\330\246"
 5094      2E3D96C8 
 5094      49A1B2C0 
 5094      660BD8A6 
 5095 11fa E1D6E034 		.ascii	"\341\326\3404\000\255\242\275\010px\021\226\315\356"
 5095      00ADA2BD 
 5095      08707811 
 5095      96CDEE
 5096 1209 AE234346 		.ascii	"\256#CF\026\341\011\257m\314\323J\312\011k\251\367\015"
 5096      16E109AF 
 5096      6DCCD34A 
 5096      CA096BA9 
 5096      F70D
 5097 121b 430D7A42 		.ascii	"C\015zB\337=\010\355\007\261\33319\301E\306\202\202"
 5097      DF3D08ED 
 5097      07B1DB31 
 5097      39C145C6 
 5097      8282
 5098 122d 71A223B1 		.ascii	"q\242#\261\220\260b\247\264=\261\033{\232H\030\315\256"
ARM GAS  C:\Users\nicx5\AppData\Local\Temp\ccBxLq1r.s 			page 264


 5098      90B062A7 
 5098      B43DB11B 
 5098      7B9A4818 
 5098      CDAE
 5099 123f 1AD01F08 		.ascii	"\032\320\037\010\232\"\344\217+\355\201~:\276&O(**\235"
 5099      9A22E48F 
 5099      2BED817E 
 5099      3ABE264F 
 5099      282A2A9D 
 5100 1253 A4490DEE 		.ascii	"\244I\015\356\037|\377l\331i\325\\\335\2255-0\231\031"
 5100      1F7CFF6C 
 5100      D969D55C 
 5100      DD95352D 
 5100      309919
 5101 1266 A1E80957 		.ascii	"\241\350\011W\275\016\010R\204%\333\267~k$Sp<\200\222"
 5101      BD0E0852 
 5101      8425DBB7 
 5101      7E6B2453 
 5101      703C8092 
 5102 127a C564A473 		.ascii	"\305d\244s'\2406\011\360\224\245(\242\256\264\312\274"
 5102      27A03609 
 5102      F094A528 
 5102      A2AEB4CA 
 5102      BC
 5103 128b 30249C9F 		.ascii	"0$\234\237p\340\365\007\010\245\352\242\376\253\336"
 5103      70E0F507 
 5103      08A5EAA2 
 5103      FEABDE
 5104 129a 12E1E6B8 		.ascii	"\022\341\346\270\354ze7\344\216N9\250\377s\2373\345"
 5104      EC7A6537 
 5104      E48E4E39 
 5104      A8FF739F 
 5104      33E5
 5105 12ac 0036D076 		.ascii	"\0006\320v(\006\334L\341=#\326\371\026\000\303\351["
 5105      2806DC4C 
 5105      E13D23D6 
 5105      F91600C3 
 5105      E95B
 5106 12be 5129B7AA 		.ascii	"Q)\267\252\036\335 \377\262\345\316*\351\026\021R2\275"
 5106      1EDD20FF 
 5106      B2E5CE2A 
 5106      E9161152 
 5106      32BD
 5107 12d0 9900F931 		.ascii	"\231\000\3711\0061\214\227\267\026\027\262\323\217\007"
 5107      06318C97 
 5107      B71617B2 
 5107      D38F07
 5108 12df 1AB89182 		.ascii	"\032\270\221\202\032\350}\334\251s\205\022K\263^\230"
 5108      1AE87DDC 
 5108      A9738512 
 5108      4BB35E98 
 5109 12ef F2C17C8C 		.ascii	"\362\301|\214\341\351Z\256\023\203\027\371\366\017\015"
 5109      E1E95AAE 
 5109      138317F9 
 5109      F60F0D
 5110 12fe 840594C1 		.ascii	"\204\005\224\301\317[\000Ks\272\221\022\310\020HuD\005"
 5110      CF5B004B 
ARM GAS  C:\Users\nicx5\AppData\Local\Temp\ccBxLq1r.s 			page 265


 5110      73BA9112 
 5110      C8104875 
 5110      4405
 5111 1310 56CCAF50 		.ascii	"V\314\257P\302SJ\037+ s\256c\274\337\275K\336\223\357"
 5111      C2534A1F 
 5111      2B2073AE 
 5111      63BCDFBD 
 5111      4BDE93EF 
 5112 1324 E47B6198 		.ascii	"\344{a\230\032\256\026\261\346\302l\243\234\227\011"
 5112      1AAE16B1 
 5112      E6C26CA3 
 5112      9C9709
 5113 1333 43C616CC 		.ascii	"C\306\026\314t\373?\263\233\310\260\217\245\0366*m\202"
 5113      74FB3FB3 
 5113      9BC8B08F 
 5113      A51E362A 
 5113      6D82
 5114 1345 2B04520A 		.ascii	"+\004R\012?\263\215\371Q(t\331\363\340<\353\261[:\224"
 5114      3FB38DF9 
 5114      512874D9 
 5114      F3E03CEB 
 5114      B15B3A94 
 5115 1359 86A6E035 		.ascii	"\206\246\3405\372[\023\306$_\021\027k\237\362D\341\000"
 5115      FA5B13C6 
 5115      245F1117 
 5115      6B9FF244 
 5115      E100
 5116 136b 0D783FCC 		.ascii	"\015x?\314Fb\004\022y\011\216T\312\234\233\322.\201"
 5116      46620412 
 5116      79098E54 
 5116      CA9C9BD2 
 5116      2E81
 5117 137d 4DCBEEAA 		.ascii	"M\313\356\252\012\205\361@\\\205\243\3566\334U\007\367"
 5117      0A85F140 
 5117      5C85A3EE 
 5117      36DC5507 
 5117      F7
 5118 138e B0CDC59E 		.ascii	"\260\315\305\236\330\177H_\211\025\2006\001!\373\332"
 5118      D87F485F 
 5118      89158036 
 5118      0121FBDA 
 5119 139e 6E676070 		.ascii	"ng`pw\340#$\263\3408\250h\324\007j\020\"\007!\204\213"
 5119      77E02324 
 5119      B3E038A8 
 5119      68D4076A 
 5119      10220721 
 5120 13b4 72F8A529 		.ascii	"r\370\245)k\026/\236\362\263w\242\201\031\215%\213\015"
 5120      6B162F9E 
 5120      F2B377A2 
 5120      81198D25 
 5120      8B0D
 5121 13c6 2C484663 		.ascii	",HFc\027\357@8\226\004\304\014\363\020<V\350DPjg\317"
 5121      17EF4038 
 5121      9604C40C 
 5121      F3103C56 
 5121      E844506A 
 5122 13dc 394A3C1A 		.ascii	"9J<\032\265\336[\031\366\357O\221\000\021@\246\230\347"
ARM GAS  C:\Users\nicx5\AppData\Local\Temp\ccBxLq1r.s 			page 266


 5122      B5DE5B19 
 5122      F6EF4F91 
 5122      001140A6 
 5122      98E7
 5123 13ee 9E80BA45 		.ascii	"\236\200\272EIc\321\005\016F(e=\\\255\220\022B\301\334"
 5123      4963D105 
 5123      0E462865 
 5123      3D5CAD90 
 5123      1242C1DC 
 5124 1402 8BB4D933 		.ascii	"\213\264\3313}\250]\016!\203\025\224\312\362M\035\363"
 5124      7DA85D0E 
 5124      21831594 
 5124      CAF24D1D 
 5124      F3
 5125 1413 85367962 		.ascii	"\2056yb\217\\B\360}\015\203\223\010:\270*\311S&\267"
 5125      8F5C42F0 
 5125      7D0D8393 
 5125      083AB82A 
 5125      C95326B7 
 5126 1427 352A4348 		.ascii	"5*CH7\006\277\226\257\002\3761\235\002\177\255\371\351"
 5126      3706BF96 
 5126      AF02FE31 
 5126      9D027FAD 
 5126      F9E9
 5127 1439 41A45DB8 		.ascii	"A\244]\270\373\337\343Q$\263h\352%\221\027\267\036\360"
 5127      FBDFE351 
 5127      24B368EA 
 5127      259117B7 
 5127      1EF0
 5128 144b 5F273373 		.ascii	"_'3s\025\374\"\\\373\266\035DW*\322\253`z\026\331.;"
 5128      15FC225C 
 5128      FBB61D44 
 5128      572AD2AB 
 5128      607A16D9 
 5129 1461 2F7183B6 		.ascii	"/q\203\266\031\303mR\270\322\335\247\327U\313>2\330"
 5129      19C36D52 
 5129      B8D2DDA7 
 5129      D755CB3E 
 5129      32D8
 5130 1473 5F7A9DEC 		.ascii	"_z\235\354\312S#\223\307\375\335\226\207;\220\377\221"
 5130      CA532393 
 5130      C7FDDD96 
 5130      873B90FF 
 5130      91
 5131 1484 D6EDAE3F 		.ascii	"\326\355\256?R\211l\370\306\373\376\374\026W\037\233"
 5131      52896CF8 
 5131      C6FBFEFC 
 5131      16571F9B 
 5132 1494 DB134C37 		.ascii	"\333\023L7\010mc\324\272\3253\001\376\224;9\0356\360"
 5132      086D63D4 
 5132      BAD53301 
 5132      FE943B39 
 5132      1D36F0
 5133 14a7 1E59E6C0 		.ascii	"\036Y\346\300\375\225!\007\232=|\254o\362m\005\034|"
 5133      FD952107 
 5133      9A3D7CAC 
 5133      6FF26D05 
ARM GAS  C:\Users\nicx5\AppData\Local\Temp\ccBxLq1r.s 			page 267


 5133      1C7C
 5134 14b9 C0F581D5 		.ascii	"\300\365\201\325;\006\344\375\0062\034\332\374\001\330"
 5134      3B06E4FD 
 5134      06321CDA 
 5134      FC01D8
 5135 14c8 F257FEED 		.ascii	"\362W\376\355\214\307\315\036\353\332\252\210\314\251"
 5135      8CC7CD1E 
 5135      EBDAAA88 
 5135      CCA9
 5136 14d6 DF8BFB1E 		.ascii	"\337\213\373\036\207{A~\035br\277\347\032'B\372\325"
 5136      877B417E 
 5136      1D6272BF 
 5136      E71A2742 
 5136      FAD5
 5137 14e8 7C6954FB 		.ascii	"|iT\373e\263\351\305\203O\207jkX,y5\362X1\375\344\245"
 5137      65B3E9C5 
 5137      834F876A 
 5137      6B582C79 
 5137      35F25831 
 5138 14ff 27548F9D 		.ascii	"'T\217\235\324a\340\252\200\341\255|u\314j\367'\260"
 5138      D461E0AA 
 5138      80E1AD7C 
 5138      75CC6AF7 
 5138      27B0
 5139 1511 35718D72 		.ascii	"5q\215r\031\235\2634\336\312\276\346y\324\355\207\366"
 5139      199DB334 
 5139      DECABEE6 
 5139      79D4ED87 
 5139      F6
 5140 1522 A714D6E4 		.ascii	"\247\024\326\344\001\036z\235\357\337p\230\244f\353"
 5140      011E7A9D 
 5140      EFDF7098 
 5140      A466EB
 5141 1531 D0CF5117 		.ascii	"\320\317Q\0271n>\260\025\353\235\362\3177=\306\212\203"
 5141      316E3EB0 
 5141      15EB9DF2 
 5141      CF373DC6 
 5141      8A83
 5142 1543 9EE1A5F1 		.ascii	"\236\341\245\361\372\260\357o\343\255?\334\267=vw\237"
 5142      FAB0EF6F 
 5142      E3AD3FDC 
 5142      B73D7677 
 5142      9F
 5143 1554 559A1D7A 		.ascii	"U\232\035z!\177\336vn\016>\220\033\000\337\2253\241"
 5143      217FDE76 
 5143      6E0E3E90 
 5143      1B00DF95 
 5143      33A1
 5144 1566 4CE8AE9B 		.ascii	"L\350\256\233\235\020\236\254\276\2628\2549\004_\300"
 5144      9D109EAC 
 5144      BEB238AC 
 5144      39045FC0 
 5145 1576 689E961F 		.ascii	"h\236\226\037\004<y?\003\254\3236X\274\2065\251\257"
 5145      043C793F 
 5145      03ACD336 
 5145      58BC8635 
 5145      A9AF
ARM GAS  C:\Users\nicx5\AppData\Local\Temp\ccBxLq1r.s 			page 268


 5146 1588 E99FFEEC 		.ascii	"\351\237\376\354\244\332\363\267T\325N\261\262j\252"
 5146      A4DAF3B7 
 5146      54D54EB1 
 5146      B26AAA
 5147 1597 6BEA2300 		.ascii	"k\352#\000=k\374\037\032J\322E3\377Pn\024\310\370#\323"
 5147      3D6BFC1F 
 5147      1A4AD245 
 5147      33FF506E 
 5147      14C8F823 
 5148 15ac F5F1403B 		.ascii	"\365\361@;k\017N\371\334\275\323\205iQ+Xl\376\374\200"
 5148      6B0F4EF9 
 5148      DCBDD385 
 5148      69512B58 
 5148      6CFEFC80 
 5149 15c0 7FE0DD74 		.ascii	"\177\340\335t\321\272v\007\342\006\334F\343\230\207"
 5149      D1BA7607 
 5149      E206DC46 
 5149      E39887
 5150 15cf 93423B56 		.ascii	"\223B;VZ\365\000L\376\273r\012&\334\023N\212Ab\355Z"
 5150      5AF5004C 
 5150      FEBB720A 
 5150      26DC134E 
 5150      8A4162ED 
 5151 15e4 CF937B97 		.ascii	"\317\223{\227\3753\340\012\261\007,/\362\356\214\277"
 5151      FD33E00A 
 5151      B1072C2F 
 5151      F2EE8CBF 
 5152 15f4 20F831CF 		.ascii	" \3701\317\341\241\346\233k\334\275\236lZ3\252\317K"
 5152      E1A1E69B 
 5152      6BDCBD9E 
 5152      6C5A33AA 
 5152      CF4B
 5153 1606 BF832C81 		.ascii	"\277\203,\201?\242\256\201}A\037\003\272\205\274\002"
 5153      3FA2AE81 
 5153      7D411F03 
 5153      BA85BC02 
 5154 1616 F1082EA8 		.ascii	"\361\010.\250\331\227N\010ng\023\272\215\362\256\371"
 5154      D9974E08 
 5154      6E6713BA 
 5154      8DF2AEF9 
 5155 1626 E4247F14 		.ascii	"\344$\177\024;\340\355\345\303ce\271\277\277dq\247\234"
 5155      3BE0EDE5 
 5155      C36365B9 
 5155      BFBF6471 
 5155      A79C
 5156 1638 4E8E0007 		.ascii	"N\216\000\007D\373\332F\246\2109\270\325V"
 5156      44FBDA46 
 5156      A68839B8 
 5156      D556
 5157              		.text
 5158              		.section	.gnu.lto_.symtab.1f2f3510,"e",%progbits
 5159 0000 48414C5F 		.ascii	"HAL_DMA_Init\000"
 5159      444D415F 
 5159      496E6974 
 5159      00
 5160 000d 00       		.ascii	"\000"
 5161 000e 00       		.ascii	"\000"
ARM GAS  C:\Users\nicx5\AppData\Local\Temp\ccBxLq1r.s 			page 269


 5162 000f 00       		.ascii	"\000"
 5163 0010 00000000 		.ascii	"\000\000\000\000\000\000\000\000"
 5163      00000000 
 5164 0018 F4010000 		.ascii	"\364\001\000\000"
 5165 001c 48414C5F 		.ascii	"HAL_DMA_DeInit\000"
 5165      444D415F 
 5165      4465496E 
 5165      697400
 5166 002b 00       		.ascii	"\000"
 5167 002c 00       		.ascii	"\000"
 5168 002d 00       		.ascii	"\000"
 5169 002e 00000000 		.ascii	"\000\000\000\000\000\000\000\000"
 5169      00000000 
 5170 0036 F6010000 		.ascii	"\366\001\000\000"
 5171 003a 48414C5F 		.ascii	"HAL_DMA_Start\000"
 5171      444D415F 
 5171      53746172 
 5171      7400
 5172 0048 00       		.ascii	"\000"
 5173 0049 00       		.ascii	"\000"
 5174 004a 00       		.ascii	"\000"
 5175 004b 00000000 		.ascii	"\000\000\000\000\000\000\000\000"
 5175      00000000 
 5176 0053 E9010000 		.ascii	"\351\001\000\000"
 5177 0057 48414C5F 		.ascii	"HAL_DMA_Start_IT\000"
 5177      444D415F 
 5177      53746172 
 5177      745F4954 
 5177      00
 5178 0068 00       		.ascii	"\000"
 5179 0069 00       		.ascii	"\000"
 5180 006a 00       		.ascii	"\000"
 5181 006b 00000000 		.ascii	"\000\000\000\000\000\000\000\000"
 5181      00000000 
 5182 0073 ED010000 		.ascii	"\355\001\000\000"
 5183 0077 48414C5F 		.ascii	"HAL_DMA_Abort\000"
 5183      444D415F 
 5183      41626F72 
 5183      7400
 5184 0085 00       		.ascii	"\000"
 5185 0086 00       		.ascii	"\000"
 5186 0087 00       		.ascii	"\000"
 5187 0088 00000000 		.ascii	"\000\000\000\000\000\000\000\000"
 5187      00000000 
 5188 0090 F8010000 		.ascii	"\370\001\000\000"
 5189 0094 48414C5F 		.ascii	"HAL_DMA_Abort_IT\000"
 5189      444D415F 
 5189      41626F72 
 5189      745F4954 
 5189      00
 5190 00a5 00       		.ascii	"\000"
 5191 00a6 00       		.ascii	"\000"
 5192 00a7 00       		.ascii	"\000"
 5193 00a8 00000000 		.ascii	"\000\000\000\000\000\000\000\000"
 5193      00000000 
 5194 00b0 F1010000 		.ascii	"\361\001\000\000"
 5195 00b4 48414C5F 		.ascii	"HAL_DMA_PollForTransfer\000"
ARM GAS  C:\Users\nicx5\AppData\Local\Temp\ccBxLq1r.s 			page 270


 5195      444D415F 
 5195      506F6C6C 
 5195      466F7254 
 5195      72616E73 
 5196 00cc 00       		.ascii	"\000"
 5197 00cd 00       		.ascii	"\000"
 5198 00ce 00       		.ascii	"\000"
 5199 00cf 00000000 		.ascii	"\000\000\000\000\000\000\000\000"
 5199      00000000 
 5200 00d7 FE010000 		.ascii	"\376\001\000\000"
 5201 00db 48414C5F 		.ascii	"HAL_DMA_IRQHandler\000"
 5201      444D415F 
 5201      49525148 
 5201      616E646C 
 5201      657200
 5202 00ee 00       		.ascii	"\000"
 5203 00ef 00       		.ascii	"\000"
 5204 00f0 00       		.ascii	"\000"
 5205 00f1 00000000 		.ascii	"\000\000\000\000\000\000\000\000"
 5205      00000000 
 5206 00f9 00020000 		.ascii	"\000\002\000\000"
 5207 00fd 48414C5F 		.ascii	"HAL_DMA_RegisterCallback\000"
 5207      444D415F 
 5207      52656769 
 5207      73746572 
 5207      43616C6C 
 5208 0116 00       		.ascii	"\000"
 5209 0117 00       		.ascii	"\000"
 5210 0118 00       		.ascii	"\000"
 5211 0119 00000000 		.ascii	"\000\000\000\000\000\000\000\000"
 5211      00000000 
 5212 0121 08020000 		.ascii	"\010\002\000\000"
 5213 0125 48414C5F 		.ascii	"HAL_DMA_UnRegisterCallback\000"
 5213      444D415F 
 5213      556E5265 
 5213      67697374 
 5213      65724361 
 5214 0140 00       		.ascii	"\000"
 5215 0141 00       		.ascii	"\000"
 5216 0142 00       		.ascii	"\000"
 5217 0143 00000000 		.ascii	"\000\000\000\000\000\000\000\000"
 5217      00000000 
 5218 014b 0D020000 		.ascii	"\015\002\000\000"
 5219 014f 48414C5F 		.ascii	"HAL_DMA_GetState\000"
 5219      444D415F 
 5219      47657453 
 5219      74617465 
 5219      00
 5220 0160 00       		.ascii	"\000"
 5221 0161 00       		.ascii	"\000"
 5222 0162 00       		.ascii	"\000"
 5223 0163 00000000 		.ascii	"\000\000\000\000\000\000\000\000"
 5223      00000000 
 5224 016b 12020000 		.ascii	"\022\002\000\000"
 5225 016f 48414C5F 		.ascii	"HAL_DMA_GetError\000"
 5225      444D415F 
 5225      47657445 
ARM GAS  C:\Users\nicx5\AppData\Local\Temp\ccBxLq1r.s 			page 271


 5225      72726F72 
 5225      00
 5226 0180 00       		.ascii	"\000"
 5227 0181 00       		.ascii	"\000"
 5228 0182 00       		.ascii	"\000"
 5229 0183 00000000 		.ascii	"\000\000\000\000\000\000\000\000"
 5229      00000000 
 5230 018b 14020000 		.ascii	"\024\002\000\000"
 5231 018f 53797374 		.ascii	"SystemCoreClock\000"
 5231      656D436F 
 5231      7265436C 
 5231      6F636B00 
 5232 019f 00       		.ascii	"\000"
 5233 01a0 02       		.ascii	"\002"
 5234 01a1 00       		.ascii	"\000"
 5235 01a2 00000000 		.ascii	"\000\000\000\000\000\000\000\000"
 5235      00000000 
 5236 01aa 02020000 		.ascii	"\002\002\000\000"
 5237 01ae 48414C5F 		.ascii	"HAL_GetTick\000"
 5237      47657454 
 5237      69636B00 
 5238 01ba 00       		.ascii	"\000"
 5239 01bb 02       		.ascii	"\002"
 5240 01bc 00       		.ascii	"\000"
 5241 01bd 00000000 		.ascii	"\000\000\000\000\000\000\000\000"
 5241      00000000 
 5242 01c5 17020000 		.ascii	"\027\002\000\000"
 5243              		.text
 5244              		.section	.gnu.lto_.ext_symtab.1f2f3510,"e",%progbits
 5245 0000 01       		.ascii	"\001"
 5246 0001 01       		.ascii	"\001"
 5247 0002 00       		.ascii	"\000"
 5248 0003 01       		.ascii	"\001"
 5249 0004 00       		.ascii	"\000"
 5250 0005 01       		.ascii	"\001"
 5251 0006 00       		.ascii	"\000"
 5252 0007 01       		.ascii	"\001"
 5253 0008 00       		.ascii	"\000"
 5254 0009 01       		.ascii	"\001"
 5255 000a 00       		.ascii	"\000"
 5256 000b 01       		.ascii	"\001"
 5257 000c 00       		.ascii	"\000"
 5258 000d 01       		.ascii	"\001"
 5259 000e 00       		.ascii	"\000"
 5260 000f 01       		.ascii	"\001"
 5261 0010 00       		.ascii	"\000"
 5262 0011 01       		.ascii	"\001"
 5263 0012 00       		.ascii	"\000"
 5264 0013 01       		.ascii	"\001"
 5265 0014 00       		.ascii	"\000"
 5266 0015 01       		.ascii	"\001"
 5267 0016 00       		.ascii	"\000"
 5268 0017 01       		.ascii	"\001"
 5269 0018 00       		.ascii	"\000"
 5270 0019 02       		.ascii	"\002"
 5271 001a 01       		.ascii	"\001"
 5272 001b 01       		.ascii	"\001"
ARM GAS  C:\Users\nicx5\AppData\Local\Temp\ccBxLq1r.s 			page 272


 5273 001c 00       		.ascii	"\000"
 5274              		.text
 5275              		.section	.gnu.lto_.opts,"e",%progbits
 5276 0000 272D666E 		.ascii	"'-fno-openmp' '-fno-openacc' '-fno-pie' '-fcf-prote"
 5276      6F2D6F70 
 5276      656E6D70 
 5276      2720272D 
 5276      666E6F2D 
 5277 0033 6374696F 		.ascii	"ction=none' '-g' '-mcpu=cortex-m7' '-mthumb' '-mfpu"
 5277      6E3D6E6F 
 5277      6E652720 
 5277      272D6727 
 5277      20272D6D 
 5278 0066 3D667076 		.ascii	"=fpv5-d16' '-mfloat-abi=hard' '-mlibarch=armv7e-m+f"
 5278      352D6431 
 5278      36272027 
 5278      2D6D666C 
 5278      6F61742D 
 5279 0099 702E6470 		.ascii	"p.dp' '-march=armv7e-m+fp.dp' '-Os' '-fdata-section"
 5279      2720272D 
 5279      6D617263 
 5279      683D6172 
 5279      6D763765 
 5280 00cc 73272027 		.ascii	"s' '-ffunction-sections' '-flto' '-fmerge-constants"
 5280      2D666675 
 5280      6E637469 
 5280      6F6E2D73 
 5280      65637469 
 5281 00ff 2720272D 		.ascii	"' '-fno-unwind-tables' '-fno-asynchronous-unwind-ta"
 5281      666E6F2D 
 5281      756E7769 
 5281      6E642D74 
 5281      61626C65 
 5282 0132 626C6573 		.ascii	"bles' '-Xassembler' '-a' '-Xassembler' '-ad' '-Xass"
 5282      2720272D 
 5282      58617373 
 5282      656D626C 
 5282      65722720 
 5283 0165 656D626C 		.ascii	"embler' '-alms=build_bootloader/stm32h7xx_hal_dma.l"
 5283      65722720 
 5283      272D616C 
 5283      6D733D62 
 5283      75696C64 
 5284 0198 73742700 		.ascii	"st'\000"
 5285              		.text
 5286              		.comm	__gnu_lto_slim,1,1
 5287              		.ident	"GCC: (GNU) 13.3.0"
ARM GAS  C:\Users\nicx5\AppData\Local\Temp\ccBxLq1r.s 			page 273


DEFINED SYMBOLS
                            *ABS*:00000000 stm32h7xx_hal_dma.c
C:\Users\nicx5\AppData\Local\Temp\ccBxLq1r.s:27     .gnu.debuglto_.debug_info:00000000 stm32h7xx_hal_dma.c.5e6ed95f
                            *COM*:00000001 __gnu_lto_slim

NO UNDEFINED SYMBOLS
