ARM GAS  C:\Users\nicx5\AppData\Local\Temp\cc9k9ag2.s 			page 1


   1              		.cpu cortex-m7
   2              		.arch armv7e-m
   3              		.fpu fpv5-d16
   4              		.eabi_attribute 28, 1
   5              		.eabi_attribute 20, 1
   6              		.eabi_attribute 21, 1
   7              		.eabi_attribute 23, 3
   8              		.eabi_attribute 24, 1
   9              		.eabi_attribute 25, 1
  10              		.eabi_attribute 26, 1
  11              		.eabi_attribute 30, 4
  12              		.eabi_attribute 34, 1
  13              		.eabi_attribute 18, 4
  14              		.file	"stm32h7xx_ll_usb.c"
  15              		.file 1 "D:/Program Files/msys64/mingw64/arm-none-eabi/include/machine/_default_types.h"
  16              		.file 2 "D:/Program Files/msys64/mingw64/arm-none-eabi/include/sys/_stdint.h"
  17              		.file 3 "Drivers/CMSIS/Include/cmsis_gcc.h"
  18              		.file 4 "Drivers/CMSIS/Device/ST/STM32H7xx/Include/stm32h750xx.h"
  19              		.file 5 "Drivers/STM32H7xx_HAL_Driver/Inc/stm32h7xx_hal_def.h"
  20              		.file 6 "Drivers/STM32H7xx_HAL_Driver/Inc/stm32h7xx_ll_usb.h"
  21              		.file 7 "Drivers/STM32H7xx_HAL_Driver/Inc/stm32h7xx_hal.h"
  22              		.file 8 "Drivers/STM32H7xx_HAL_Driver/Src/stm32h7xx_ll_usb.c"
  23              		.section	.gnu.debuglto_.debug_info,"e",%progbits
  24              	.Ldebug_info0:
  25              		.hidden	stm32h7xx_ll_usb.c.330af4e7
  26              		.weak	stm32h7xx_ll_usb.c.330af4e7
  27              	stm32h7xx_ll_usb.c.330af4e7:
  28 0000 F9180000 		.4byte	0x18f9
  29 0004 0200     		.2byte	0x2
  30 0006 00000000 		.4byte	.Ldebug_abbrev0
  31 000a 04       		.byte	0x4
  32 000b 01       		.uleb128 0x1
  33 000c 12020000 		.4byte	.LASF266
  34 0010 0C       		.byte	0xc
  35 0011 530D0000 		.4byte	.LASF267
  36 0015 230B0000 		.4byte	.LASF268
  37 0019 00000000 		.4byte	.Ldebug_line0
  38 001d 02       		.uleb128 0x2
  39 001e 02       		.byte	0x2
  40 001f 05       		.byte	0x5
  41 0020 E4070000 		.4byte	.LASF0
  42 0024 02       		.uleb128 0x2
  43 0025 01       		.byte	0x1
  44 0026 06       		.byte	0x6
  45 0027 760C0000 		.4byte	.LASF1
  46 002b 03       		.uleb128 0x3
  47 002c 0E0A0000 		.4byte	.LASF3
  48 0030 01       		.byte	0x1
  49 0031 2B       		.byte	0x2b
  50 0032 18       		.byte	0x18
  51 0033 37000000 		.4byte	0x37
  52 0037 02       		.uleb128 0x2
  53 0038 01       		.byte	0x1
  54 0039 08       		.byte	0x8
  55 003a 720B0000 		.4byte	.LASF2
  56 003e 03       		.uleb128 0x3
  57 003f 4B040000 		.4byte	.LASF4
ARM GAS  C:\Users\nicx5\AppData\Local\Temp\cc9k9ag2.s 			page 2


  58 0043 01       		.byte	0x1
  59 0044 39       		.byte	0x39
  60 0045 19       		.byte	0x19
  61 0046 4A000000 		.4byte	0x4a
  62 004a 02       		.uleb128 0x2
  63 004b 02       		.byte	0x2
  64 004c 07       		.byte	0x7
  65 004d 9B0C0000 		.4byte	.LASF5
  66 0051 02       		.uleb128 0x2
  67 0052 04       		.byte	0x4
  68 0053 05       		.byte	0x5
  69 0054 7D090000 		.4byte	.LASF6
  70 0058 03       		.uleb128 0x3
  71 0059 800B0000 		.4byte	.LASF7
  72 005d 01       		.byte	0x1
  73 005e 4F       		.byte	0x4f
  74 005f 19       		.byte	0x19
  75 0060 64000000 		.4byte	0x64
  76 0064 02       		.uleb128 0x2
  77 0065 04       		.byte	0x4
  78 0066 07       		.byte	0x7
  79 0067 DD0A0000 		.4byte	.LASF8
  80 006b 02       		.uleb128 0x2
  81 006c 08       		.byte	0x8
  82 006d 05       		.byte	0x5
  83 006e 04070000 		.4byte	.LASF9
  84 0072 02       		.uleb128 0x2
  85 0073 08       		.byte	0x8
  86 0074 07       		.byte	0x7
  87 0075 E8030000 		.4byte	.LASF10
  88 0079 04       		.uleb128 0x4
  89 007a 04       		.byte	0x4
  90 007b 05       		.byte	0x5
  91 007c 696E7400 		.ascii	"int\000"
  92 0080 02       		.uleb128 0x2
  93 0081 04       		.byte	0x4
  94 0082 07       		.byte	0x7
  95 0083 610A0000 		.4byte	.LASF11
  96 0087 03       		.uleb128 0x3
  97 0088 7B060000 		.4byte	.LASF12
  98 008c 02       		.byte	0x2
  99 008d 18       		.byte	0x18
 100 008e 13       		.byte	0x13
 101 008f 2B000000 		.4byte	0x2b
 102 0093 05       		.uleb128 0x5
 103 0094 87000000 		.4byte	0x87
 104 0098 03       		.uleb128 0x3
 105 0099 B1080000 		.4byte	.LASF13
 106 009d 02       		.byte	0x2
 107 009e 24       		.byte	0x24
 108 009f 14       		.byte	0x14
 109 00a0 3E000000 		.4byte	0x3e
 110 00a4 03       		.uleb128 0x3
 111 00a5 70030000 		.4byte	.LASF14
 112 00a9 02       		.byte	0x2
 113 00aa 30       		.byte	0x30
 114 00ab 14       		.byte	0x14
ARM GAS  C:\Users\nicx5\AppData\Local\Temp\cc9k9ag2.s 			page 3


 115 00ac 58000000 		.4byte	0x58
 116 00b0 06       		.uleb128 0x6
 117 00b1 A4000000 		.4byte	0xa4
 118 00b5 07       		.uleb128 0x7
 119 00b6 180A0000 		.4byte	.LASF15
 120 00ba 04       		.byte	0x4
 121 00bb 01       		.byte	0x1
 122 00bc 03       		.byte	0x3
 123 00bd 62       		.byte	0x62
 124 00be 13       		.byte	0x13
 125 00bf D1000000 		.4byte	0xd1
 126 00c3 08       		.uleb128 0x8
 127 00c4 7600     		.ascii	"v\000"
 128 00c6 03       		.byte	0x3
 129 00c7 62       		.byte	0x62
 130 00c8 2D       		.byte	0x2d
 131 00c9 A4000000 		.4byte	0xa4
 132 00cd 02       		.byte	0x2
 133 00ce 23       		.byte	0x23
 134 00cf 00       		.uleb128 0
 135 00d0 00       		.byte	0
 136 00d1 07       		.uleb128 0x7
 137 00d2 09060000 		.4byte	.LASF16
 138 00d6 04       		.byte	0x4
 139 00d7 01       		.byte	0x1
 140 00d8 03       		.byte	0x3
 141 00d9 6A       		.byte	0x6a
 142 00da 13       		.byte	0x13
 143 00db ED000000 		.4byte	0xed
 144 00df 08       		.uleb128 0x8
 145 00e0 7600     		.ascii	"v\000"
 146 00e2 03       		.byte	0x3
 147 00e3 6A       		.byte	0x6a
 148 00e4 2C       		.byte	0x2c
 149 00e5 A4000000 		.4byte	0xa4
 150 00e9 02       		.byte	0x2
 151 00ea 23       		.byte	0x23
 152 00eb 00       		.uleb128 0
 153 00ec 00       		.byte	0
 154 00ed 09       		.uleb128 0x9
 155 00ee A4000000 		.4byte	0xa4
 156 00f2 FD000000 		.4byte	0xfd
 157 00f6 0A       		.uleb128 0xa
 158 00f7 80000000 		.4byte	0x80
 159 00fb 0E       		.byte	0xe
 160 00fc 00       		.byte	0
 161 00fd 09       		.uleb128 0x9
 162 00fe A4000000 		.4byte	0xa4
 163 0102 0D010000 		.4byte	0x10d
 164 0106 0A       		.uleb128 0xa
 165 0107 80000000 		.4byte	0x80
 166 010b 01       		.byte	0x1
 167 010c 00       		.byte	0
 168 010d 09       		.uleb128 0x9
 169 010e A4000000 		.4byte	0xa4
 170 0112 1D010000 		.4byte	0x11d
 171 0116 0A       		.uleb128 0xa
ARM GAS  C:\Users\nicx5\AppData\Local\Temp\cc9k9ag2.s 			page 4


 172 0117 80000000 		.4byte	0x80
 173 011b 26       		.byte	0x26
 174 011c 00       		.byte	0
 175 011d 0B       		.uleb128 0xb
 176 011e 4001     		.2byte	0x140
 177 0120 04       		.byte	0x4
 178 0121 8007     		.2byte	0x780
 179 0123 09       		.byte	0x9
 180 0124 DB020000 		.4byte	0x2db
 181 0128 0C       		.uleb128 0xc
 182 0129 780A0000 		.4byte	.LASF17
 183 012d 04       		.byte	0x4
 184 012e 8207     		.2byte	0x782
 185 0130 10       		.byte	0x10
 186 0131 B0000000 		.4byte	0xb0
 187 0135 02       		.byte	0x2
 188 0136 23       		.byte	0x23
 189 0137 00       		.uleb128 0
 190 0138 0C       		.uleb128 0xc
 191 0139 F70B0000 		.4byte	.LASF18
 192 013d 04       		.byte	0x4
 193 013e 8307     		.2byte	0x783
 194 0140 11       		.byte	0x11
 195 0141 B0000000 		.4byte	0xb0
 196 0145 02       		.byte	0x2
 197 0146 23       		.byte	0x23
 198 0147 04       		.uleb128 0x4
 199 0148 0C       		.uleb128 0xc
 200 0149 BA080000 		.4byte	.LASF19
 201 014d 04       		.byte	0x4
 202 014e 8407     		.2byte	0x784
 203 0150 11       		.byte	0x11
 204 0151 B0000000 		.4byte	0xb0
 205 0155 02       		.byte	0x2
 206 0156 23       		.byte	0x23
 207 0157 08       		.uleb128 0x8
 208 0158 0C       		.uleb128 0xc
 209 0159 D40C0000 		.4byte	.LASF20
 210 015d 04       		.byte	0x4
 211 015e 8507     		.2byte	0x785
 212 0160 11       		.byte	0x11
 213 0161 B0000000 		.4byte	0xb0
 214 0165 02       		.byte	0x2
 215 0166 23       		.byte	0x23
 216 0167 0C       		.uleb128 0xc
 217 0168 0C       		.uleb128 0xc
 218 0169 61060000 		.4byte	.LASF21
 219 016d 04       		.byte	0x4
 220 016e 8607     		.2byte	0x786
 221 0170 11       		.byte	0x11
 222 0171 B0000000 		.4byte	0xb0
 223 0175 02       		.byte	0x2
 224 0176 23       		.byte	0x23
 225 0177 10       		.uleb128 0x10
 226 0178 0C       		.uleb128 0xc
 227 0179 68010000 		.4byte	.LASF22
 228 017d 04       		.byte	0x4
ARM GAS  C:\Users\nicx5\AppData\Local\Temp\cc9k9ag2.s 			page 5


 229 017e 8707     		.2byte	0x787
 230 0180 11       		.byte	0x11
 231 0181 B0000000 		.4byte	0xb0
 232 0185 02       		.byte	0x2
 233 0186 23       		.byte	0x23
 234 0187 14       		.uleb128 0x14
 235 0188 0C       		.uleb128 0xc
 236 0189 C2080000 		.4byte	.LASF23
 237 018d 04       		.byte	0x4
 238 018e 8807     		.2byte	0x788
 239 0190 11       		.byte	0x11
 240 0191 B0000000 		.4byte	0xb0
 241 0195 02       		.byte	0x2
 242 0196 23       		.byte	0x23
 243 0197 18       		.uleb128 0x18
 244 0198 0C       		.uleb128 0xc
 245 0199 FF0A0000 		.4byte	.LASF24
 246 019d 04       		.byte	0x4
 247 019e 8907     		.2byte	0x789
 248 01a0 11       		.byte	0x11
 249 01a1 B0000000 		.4byte	0xb0
 250 01a5 02       		.byte	0x2
 251 01a6 23       		.byte	0x23
 252 01a7 1C       		.uleb128 0x1c
 253 01a8 0C       		.uleb128 0xc
 254 01a9 F70A0000 		.4byte	.LASF25
 255 01ad 04       		.byte	0x4
 256 01ae 8A07     		.2byte	0x78a
 257 01b0 11       		.byte	0x11
 258 01b1 B0000000 		.4byte	0xb0
 259 01b5 02       		.byte	0x2
 260 01b6 23       		.byte	0x23
 261 01b7 20       		.uleb128 0x20
 262 01b8 0C       		.uleb128 0xc
 263 01b9 08040000 		.4byte	.LASF26
 264 01bd 04       		.byte	0x4
 265 01be 8B07     		.2byte	0x78b
 266 01c0 11       		.byte	0x11
 267 01c1 B0000000 		.4byte	0xb0
 268 01c5 02       		.byte	0x2
 269 01c6 23       		.byte	0x23
 270 01c7 24       		.uleb128 0x24
 271 01c8 0C       		.uleb128 0xc
 272 01c9 FF010000 		.4byte	.LASF27
 273 01cd 04       		.byte	0x4
 274 01ce 8C07     		.2byte	0x78c
 275 01d0 11       		.byte	0x11
 276 01d1 B0000000 		.4byte	0xb0
 277 01d5 02       		.byte	0x2
 278 01d6 23       		.byte	0x23
 279 01d7 28       		.uleb128 0x28
 280 01d8 0C       		.uleb128 0xc
 281 01d9 690B0000 		.4byte	.LASF28
 282 01dd 04       		.byte	0x4
 283 01de 8D07     		.2byte	0x78d
 284 01e0 11       		.byte	0x11
 285 01e1 B0000000 		.4byte	0xb0
ARM GAS  C:\Users\nicx5\AppData\Local\Temp\cc9k9ag2.s 			page 6


 286 01e5 02       		.byte	0x2
 287 01e6 23       		.byte	0x23
 288 01e7 2C       		.uleb128 0x2c
 289 01e8 0C       		.uleb128 0xc
 290 01e9 150D0000 		.4byte	.LASF29
 291 01ed 04       		.byte	0x4
 292 01ee 8E07     		.2byte	0x78e
 293 01f0 0C       		.byte	0xc
 294 01f1 FD000000 		.4byte	0xfd
 295 01f5 02       		.byte	0x2
 296 01f6 23       		.byte	0x23
 297 01f7 30       		.uleb128 0x30
 298 01f8 0C       		.uleb128 0xc
 299 01f9 99010000 		.4byte	.LASF30
 300 01fd 04       		.byte	0x4
 301 01fe 8F07     		.2byte	0x78f
 302 0200 11       		.byte	0x11
 303 0201 B0000000 		.4byte	0xb0
 304 0205 02       		.byte	0x2
 305 0206 23       		.byte	0x23
 306 0207 38       		.uleb128 0x38
 307 0208 0D       		.uleb128 0xd
 308 0209 43494400 		.ascii	"CID\000"
 309 020d 04       		.byte	0x4
 310 020e 9007     		.2byte	0x790
 311 0210 11       		.byte	0x11
 312 0211 B0000000 		.4byte	0xb0
 313 0215 02       		.byte	0x2
 314 0216 23       		.byte	0x23
 315 0217 3C       		.uleb128 0x3c
 316 0218 0C       		.uleb128 0xc
 317 0219 B3010000 		.4byte	.LASF31
 318 021d 04       		.byte	0x4
 319 021e 9107     		.2byte	0x791
 320 0220 11       		.byte	0x11
 321 0221 B0000000 		.4byte	0xb0
 322 0225 02       		.byte	0x2
 323 0226 23       		.byte	0x23
 324 0227 40       		.uleb128 0x40
 325 0228 0C       		.uleb128 0xc
 326 0229 B4060000 		.4byte	.LASF32
 327 022d 04       		.byte	0x4
 328 022e 9207     		.2byte	0x792
 329 0230 11       		.byte	0x11
 330 0231 B0000000 		.4byte	0xb0
 331 0235 02       		.byte	0x2
 332 0236 23       		.byte	0x23
 333 0237 44       		.uleb128 0x44
 334 0238 0C       		.uleb128 0xc
 335 0239 BC060000 		.4byte	.LASF33
 336 023d 04       		.byte	0x4
 337 023e 9307     		.2byte	0x793
 338 0240 11       		.byte	0x11
 339 0241 B0000000 		.4byte	0xb0
 340 0245 02       		.byte	0x2
 341 0246 23       		.byte	0x23
 342 0247 48       		.uleb128 0x48
ARM GAS  C:\Users\nicx5\AppData\Local\Temp\cc9k9ag2.s 			page 7


 343 0248 0C       		.uleb128 0xc
 344 0249 C4060000 		.4byte	.LASF34
 345 024d 04       		.byte	0x4
 346 024e 9407     		.2byte	0x794
 347 0250 11       		.byte	0x11
 348 0251 B0000000 		.4byte	0xb0
 349 0255 02       		.byte	0x2
 350 0256 23       		.byte	0x23
 351 0257 4C       		.uleb128 0x4c
 352 0258 0C       		.uleb128 0xc
 353 0259 C2070000 		.4byte	.LASF35
 354 025d 04       		.byte	0x4
 355 025e 9507     		.2byte	0x795
 356 0260 0D       		.byte	0xd
 357 0261 A4000000 		.4byte	0xa4
 358 0265 02       		.byte	0x2
 359 0266 23       		.byte	0x23
 360 0267 50       		.uleb128 0x50
 361 0268 0C       		.uleb128 0xc
 362 0269 060C0000 		.4byte	.LASF36
 363 026d 04       		.byte	0x4
 364 026e 9607     		.2byte	0x796
 365 0270 11       		.byte	0x11
 366 0271 B0000000 		.4byte	0xb0
 367 0275 02       		.byte	0x2
 368 0276 23       		.byte	0x23
 369 0277 54       		.uleb128 0x54
 370 0278 0C       		.uleb128 0xc
 371 0279 79070000 		.4byte	.LASF37
 372 027d 04       		.byte	0x4
 373 027e 9707     		.2byte	0x797
 374 0280 11       		.byte	0x11
 375 0281 B0000000 		.4byte	0xb0
 376 0285 02       		.byte	0x2
 377 0286 23       		.byte	0x23
 378 0287 58       		.uleb128 0x58
 379 0288 0C       		.uleb128 0xc
 380 0289 390A0000 		.4byte	.LASF38
 381 028d 04       		.byte	0x4
 382 028e 9807     		.2byte	0x798
 383 0290 11       		.byte	0x11
 384 0291 B0000000 		.4byte	0xb0
 385 0295 02       		.byte	0x2
 386 0296 23       		.byte	0x23
 387 0297 5C       		.uleb128 0x5c
 388 0298 0C       		.uleb128 0xc
 389 0299 2E000000 		.4byte	.LASF39
 390 029d 04       		.byte	0x4
 391 029e 9907     		.2byte	0x799
 392 02a0 12       		.byte	0x12
 393 02a1 B0000000 		.4byte	0xb0
 394 02a5 02       		.byte	0x2
 395 02a6 23       		.byte	0x23
 396 02a7 60       		.uleb128 0x60
 397 02a8 0C       		.uleb128 0xc
 398 02a9 46000000 		.4byte	.LASF40
 399 02ad 04       		.byte	0x4
ARM GAS  C:\Users\nicx5\AppData\Local\Temp\cc9k9ag2.s 			page 8


 400 02ae 9A07     		.2byte	0x79a
 401 02b0 0F       		.byte	0xf
 402 02b1 0D010000 		.4byte	0x10d
 403 02b5 02       		.byte	0x2
 404 02b6 23       		.byte	0x23
 405 02b7 64       		.uleb128 0x64
 406 02b8 0C       		.uleb128 0xc
 407 02b9 CA080000 		.4byte	.LASF41
 408 02bd 04       		.byte	0x4
 409 02be 9B07     		.2byte	0x79b
 410 02c0 11       		.byte	0x11
 411 02c1 B0000000 		.4byte	0xb0
 412 02c5 03       		.byte	0x3
 413 02c6 23       		.byte	0x23
 414 02c7 8002     		.uleb128 0x100
 415 02c9 0C       		.uleb128 0xc
 416 02ca E60B0000 		.4byte	.LASF42
 417 02ce 04       		.byte	0x4
 418 02cf 9C07     		.2byte	0x79c
 419 02d1 11       		.byte	0x11
 420 02d2 EB020000 		.4byte	0x2eb
 421 02d6 03       		.byte	0x3
 422 02d7 23       		.byte	0x23
 423 02d8 8402     		.uleb128 0x104
 424 02da 00       		.byte	0
 425 02db 09       		.uleb128 0x9
 426 02dc B0000000 		.4byte	0xb0
 427 02e0 EB020000 		.4byte	0x2eb
 428 02e4 0A       		.uleb128 0xa
 429 02e5 80000000 		.4byte	0x80
 430 02e9 0E       		.byte	0xe
 431 02ea 00       		.byte	0
 432 02eb 06       		.uleb128 0x6
 433 02ec DB020000 		.4byte	0x2db
 434 02f0 0E       		.uleb128 0xe
 435 02f1 77010000 		.4byte	.LASF43
 436 02f5 04       		.byte	0x4
 437 02f6 9D07     		.2byte	0x79d
 438 02f8 03       		.byte	0x3
 439 02f9 1D010000 		.4byte	0x11d
 440 02fd 05       		.uleb128 0x5
 441 02fe F0020000 		.4byte	0x2f0
 442 0302 0F       		.uleb128 0xf
 443 0303 88       		.byte	0x88
 444 0304 04       		.byte	0x4
 445 0305 A307     		.2byte	0x7a3
 446 0307 09       		.byte	0x9
 447 0308 4E040000 		.4byte	0x44e
 448 030c 0C       		.uleb128 0xc
 449 030d 6C000000 		.4byte	.LASF44
 450 0311 04       		.byte	0x4
 451 0312 A507     		.2byte	0x7a5
 452 0314 11       		.byte	0x11
 453 0315 B0000000 		.4byte	0xb0
 454 0319 02       		.byte	0x2
 455 031a 23       		.byte	0x23
 456 031b 00       		.uleb128 0
ARM GAS  C:\Users\nicx5\AppData\Local\Temp\cc9k9ag2.s 			page 9


 457 031c 0C       		.uleb128 0xc
 458 031d 100D0000 		.4byte	.LASF45
 459 0321 04       		.byte	0x4
 460 0322 A607     		.2byte	0x7a6
 461 0324 11       		.byte	0x11
 462 0325 B0000000 		.4byte	0xb0
 463 0329 02       		.byte	0x2
 464 032a 23       		.byte	0x23
 465 032b 04       		.uleb128 0x4
 466 032c 0C       		.uleb128 0xc
 467 032d EF040000 		.4byte	.LASF46
 468 0331 04       		.byte	0x4
 469 0332 A707     		.2byte	0x7a7
 470 0334 11       		.byte	0x11
 471 0335 B0000000 		.4byte	0xb0
 472 0339 02       		.byte	0x2
 473 033a 23       		.byte	0x23
 474 033b 08       		.uleb128 0x8
 475 033c 0C       		.uleb128 0xc
 476 033d D20A0000 		.4byte	.LASF47
 477 0341 04       		.byte	0x4
 478 0342 A807     		.2byte	0x7a8
 479 0344 0C       		.byte	0xc
 480 0345 A4000000 		.4byte	0xa4
 481 0349 02       		.byte	0x2
 482 034a 23       		.byte	0x23
 483 034b 0C       		.uleb128 0xc
 484 034c 0C       		.uleb128 0xc
 485 034d A70A0000 		.4byte	.LASF48
 486 0351 04       		.byte	0x4
 487 0352 A907     		.2byte	0x7a9
 488 0354 11       		.byte	0x11
 489 0355 B0000000 		.4byte	0xb0
 490 0359 02       		.byte	0x2
 491 035a 23       		.byte	0x23
 492 035b 10       		.uleb128 0x10
 493 035c 0C       		.uleb128 0xc
 494 035d C8050000 		.4byte	.LASF49
 495 0361 04       		.byte	0x4
 496 0362 AA07     		.2byte	0x7aa
 497 0364 11       		.byte	0x11
 498 0365 B0000000 		.4byte	0xb0
 499 0369 02       		.byte	0x2
 500 036a 23       		.byte	0x23
 501 036b 14       		.uleb128 0x14
 502 036c 0C       		.uleb128 0xc
 503 036d 950C0000 		.4byte	.LASF50
 504 0371 04       		.byte	0x4
 505 0372 AB07     		.2byte	0x7ab
 506 0374 11       		.byte	0x11
 507 0375 B0000000 		.4byte	0xb0
 508 0379 02       		.byte	0x2
 509 037a 23       		.byte	0x23
 510 037b 18       		.uleb128 0x18
 511 037c 0C       		.uleb128 0xc
 512 037d 49070000 		.4byte	.LASF51
 513 0381 04       		.byte	0x4
ARM GAS  C:\Users\nicx5\AppData\Local\Temp\cc9k9ag2.s 			page 10


 514 0382 AC07     		.2byte	0x7ac
 515 0384 11       		.byte	0x11
 516 0385 B0000000 		.4byte	0xb0
 517 0389 02       		.byte	0x2
 518 038a 23       		.byte	0x23
 519 038b 1C       		.uleb128 0x1c
 520 038c 0C       		.uleb128 0xc
 521 038d D0050000 		.4byte	.LASF52
 522 0391 04       		.byte	0x4
 523 0392 AD07     		.2byte	0x7ad
 524 0394 0D       		.byte	0xd
 525 0395 A4000000 		.4byte	0xa4
 526 0399 02       		.byte	0x2
 527 039a 23       		.byte	0x23
 528 039b 20       		.uleb128 0x20
 529 039c 0C       		.uleb128 0xc
 530 039d CC070000 		.4byte	.LASF53
 531 03a1 04       		.byte	0x4
 532 03a2 AE07     		.2byte	0x7ae
 533 03a4 0C       		.byte	0xc
 534 03a5 A4000000 		.4byte	0xa4
 535 03a9 02       		.byte	0x2
 536 03aa 23       		.byte	0x23
 537 03ab 24       		.uleb128 0x24
 538 03ac 0C       		.uleb128 0xc
 539 03ad EF020000 		.4byte	.LASF54
 540 03b1 04       		.byte	0x4
 541 03b2 AF07     		.2byte	0x7af
 542 03b4 11       		.byte	0x11
 543 03b5 B0000000 		.4byte	0xb0
 544 03b9 02       		.byte	0x2
 545 03ba 23       		.byte	0x23
 546 03bb 28       		.uleb128 0x28
 547 03bc 0C       		.uleb128 0xc
 548 03bd 14080000 		.4byte	.LASF55
 549 03c1 04       		.byte	0x4
 550 03c2 B007     		.2byte	0x7b0
 551 03c4 11       		.byte	0x11
 552 03c5 B0000000 		.4byte	0xb0
 553 03c9 02       		.byte	0x2
 554 03ca 23       		.byte	0x23
 555 03cb 2C       		.uleb128 0x2c
 556 03cc 0C       		.uleb128 0xc
 557 03cd A8090000 		.4byte	.LASF56
 558 03d1 04       		.byte	0x4
 559 03d2 B107     		.2byte	0x7b1
 560 03d4 11       		.byte	0x11
 561 03d5 B0000000 		.4byte	0xb0
 562 03d9 02       		.byte	0x2
 563 03da 23       		.byte	0x23
 564 03db 30       		.uleb128 0x30
 565 03dc 0C       		.uleb128 0xc
 566 03dd 7F030000 		.4byte	.LASF57
 567 03e1 04       		.byte	0x4
 568 03e2 B207     		.2byte	0x7b2
 569 03e4 11       		.byte	0x11
 570 03e5 B0000000 		.4byte	0xb0
ARM GAS  C:\Users\nicx5\AppData\Local\Temp\cc9k9ag2.s 			page 11


 571 03e9 02       		.byte	0x2
 572 03ea 23       		.byte	0x23
 573 03eb 34       		.uleb128 0x34
 574 03ec 0C       		.uleb128 0xc
 575 03ed A1050000 		.4byte	.LASF58
 576 03f1 04       		.byte	0x4
 577 03f2 B307     		.2byte	0x7b3
 578 03f4 11       		.byte	0x11
 579 03f5 B0000000 		.4byte	0xb0
 580 03f9 02       		.byte	0x2
 581 03fa 23       		.byte	0x23
 582 03fb 38       		.uleb128 0x38
 583 03fc 0C       		.uleb128 0xc
 584 03fd A0040000 		.4byte	.LASF59
 585 0401 04       		.byte	0x4
 586 0402 B407     		.2byte	0x7b4
 587 0404 11       		.byte	0x11
 588 0405 B0000000 		.4byte	0xb0
 589 0409 02       		.byte	0x2
 590 040a 23       		.byte	0x23
 591 040b 3C       		.uleb128 0x3c
 592 040c 0C       		.uleb128 0xc
 593 040d 3B000000 		.4byte	.LASF60
 594 0411 04       		.byte	0x4
 595 0412 B507     		.2byte	0x7b5
 596 0414 0C       		.byte	0xc
 597 0415 A4000000 		.4byte	0xa4
 598 0419 02       		.byte	0x2
 599 041a 23       		.byte	0x23
 600 041b 40       		.uleb128 0x40
 601 041c 0C       		.uleb128 0xc
 602 041d 570A0000 		.4byte	.LASF61
 603 0421 04       		.byte	0x4
 604 0422 B607     		.2byte	0x7b6
 605 0424 11       		.byte	0x11
 606 0425 B0000000 		.4byte	0xb0
 607 0429 02       		.byte	0x2
 608 042a 23       		.byte	0x23
 609 042b 44       		.uleb128 0x44
 610 042c 0C       		.uleb128 0xc
 611 042d 51000000 		.4byte	.LASF62
 612 0431 04       		.byte	0x4
 613 0432 B707     		.2byte	0x7b7
 614 0434 0D       		.byte	0xd
 615 0435 ED000000 		.4byte	0xed
 616 0439 02       		.byte	0x2
 617 043a 23       		.byte	0x23
 618 043b 48       		.uleb128 0x48
 619 043c 0C       		.uleb128 0xc
 620 043d 89000000 		.4byte	.LASF63
 621 0441 04       		.byte	0x4
 622 0442 B807     		.2byte	0x7b8
 623 0444 11       		.byte	0x11
 624 0445 B0000000 		.4byte	0xb0
 625 0449 03       		.byte	0x3
 626 044a 23       		.byte	0x23
 627 044b 8401     		.uleb128 0x84
ARM GAS  C:\Users\nicx5\AppData\Local\Temp\cc9k9ag2.s 			page 12


 628 044d 00       		.byte	0
 629 044e 0E       		.uleb128 0xe
 630 044f F0080000 		.4byte	.LASF64
 631 0453 04       		.byte	0x4
 632 0454 B907     		.2byte	0x7b9
 633 0456 03       		.byte	0x3
 634 0457 02030000 		.4byte	0x302
 635 045b 0F       		.uleb128 0xf
 636 045c 20       		.byte	0x20
 637 045d 04       		.byte	0x4
 638 045e BF07     		.2byte	0x7bf
 639 0460 09       		.byte	0x9
 640 0461 E6040000 		.4byte	0x4e6
 641 0465 0C       		.uleb128 0xc
 642 0466 A0090000 		.4byte	.LASF65
 643 046a 04       		.byte	0x4
 644 046b C107     		.2byte	0x7c1
 645 046d 11       		.byte	0x11
 646 046e B0000000 		.4byte	0xb0
 647 0472 02       		.byte	0x2
 648 0473 23       		.byte	0x23
 649 0474 00       		.uleb128 0
 650 0475 0C       		.uleb128 0xc
 651 0476 800A0000 		.4byte	.LASF66
 652 047a 04       		.byte	0x4
 653 047b C207     		.2byte	0x7c2
 654 047d 0C       		.byte	0xc
 655 047e A4000000 		.4byte	0xa4
 656 0482 02       		.byte	0x2
 657 0483 23       		.byte	0x23
 658 0484 04       		.uleb128 0x4
 659 0485 0C       		.uleb128 0xc
 660 0486 DE0B0000 		.4byte	.LASF67
 661 048a 04       		.byte	0x4
 662 048b C307     		.2byte	0x7c3
 663 048d 11       		.byte	0x11
 664 048e B0000000 		.4byte	0xb0
 665 0492 02       		.byte	0x2
 666 0493 23       		.byte	0x23
 667 0494 08       		.uleb128 0x8
 668 0495 0C       		.uleb128 0xc
 669 0496 D20A0000 		.4byte	.LASF47
 670 049a 04       		.byte	0x4
 671 049b C407     		.2byte	0x7c4
 672 049d 0C       		.byte	0xc
 673 049e A4000000 		.4byte	0xa4
 674 04a2 02       		.byte	0x2
 675 04a3 23       		.byte	0x23
 676 04a4 0C       		.uleb128 0xc
 677 04a5 0C       		.uleb128 0xc
 678 04a6 0D000000 		.4byte	.LASF68
 679 04aa 04       		.byte	0x4
 680 04ab C507     		.2byte	0x7c5
 681 04ad 11       		.byte	0x11
 682 04ae B0000000 		.4byte	0xb0
 683 04b2 02       		.byte	0x2
 684 04b3 23       		.byte	0x23
ARM GAS  C:\Users\nicx5\AppData\Local\Temp\cc9k9ag2.s 			page 13


 685 04b4 10       		.uleb128 0x10
 686 04b5 0C       		.uleb128 0xc
 687 04b6 370B0000 		.4byte	.LASF69
 688 04ba 04       		.byte	0x4
 689 04bb C607     		.2byte	0x7c6
 690 04bd 11       		.byte	0x11
 691 04be B0000000 		.4byte	0xb0
 692 04c2 02       		.byte	0x2
 693 04c3 23       		.byte	0x23
 694 04c4 14       		.uleb128 0x14
 695 04c5 0C       		.uleb128 0xc
 696 04c6 62070000 		.4byte	.LASF70
 697 04ca 04       		.byte	0x4
 698 04cb C707     		.2byte	0x7c7
 699 04cd 11       		.byte	0x11
 700 04ce B0000000 		.4byte	0xb0
 701 04d2 02       		.byte	0x2
 702 04d3 23       		.byte	0x23
 703 04d4 18       		.uleb128 0x18
 704 04d5 0C       		.uleb128 0xc
 705 04d6 910B0000 		.4byte	.LASF71
 706 04da 04       		.byte	0x4
 707 04db C807     		.2byte	0x7c8
 708 04dd 0C       		.byte	0xc
 709 04de A4000000 		.4byte	0xa4
 710 04e2 02       		.byte	0x2
 711 04e3 23       		.byte	0x23
 712 04e4 1C       		.uleb128 0x1c
 713 04e5 00       		.byte	0
 714 04e6 0E       		.uleb128 0xe
 715 04e7 14090000 		.4byte	.LASF72
 716 04eb 04       		.byte	0x4
 717 04ec C907     		.2byte	0x7c9
 718 04ee 03       		.byte	0x3
 719 04ef 5B040000 		.4byte	0x45b
 720 04f3 0F       		.uleb128 0xf
 721 04f4 20       		.byte	0x20
 722 04f5 04       		.byte	0x4
 723 04f6 CF07     		.2byte	0x7cf
 724 04f8 09       		.byte	0x9
 725 04f9 6E050000 		.4byte	0x56e
 726 04fd 0C       		.uleb128 0xc
 727 04fe 1A070000 		.4byte	.LASF73
 728 0502 04       		.byte	0x4
 729 0503 D107     		.2byte	0x7d1
 730 0505 11       		.byte	0x11
 731 0506 B0000000 		.4byte	0xb0
 732 050a 02       		.byte	0x2
 733 050b 23       		.byte	0x23
 734 050c 00       		.uleb128 0
 735 050d 0C       		.uleb128 0xc
 736 050e 800A0000 		.4byte	.LASF66
 737 0512 04       		.byte	0x4
 738 0513 D207     		.2byte	0x7d2
 739 0515 0C       		.byte	0xc
 740 0516 A4000000 		.4byte	0xa4
 741 051a 02       		.byte	0x2
ARM GAS  C:\Users\nicx5\AppData\Local\Temp\cc9k9ag2.s 			page 14


 742 051b 23       		.byte	0x23
 743 051c 04       		.uleb128 0x4
 744 051d 0C       		.uleb128 0xc
 745 051e 12070000 		.4byte	.LASF74
 746 0522 04       		.byte	0x4
 747 0523 D307     		.2byte	0x7d3
 748 0525 11       		.byte	0x11
 749 0526 B0000000 		.4byte	0xb0
 750 052a 02       		.byte	0x2
 751 052b 23       		.byte	0x23
 752 052c 08       		.uleb128 0x8
 753 052d 0C       		.uleb128 0xc
 754 052e D20A0000 		.4byte	.LASF47
 755 0532 04       		.byte	0x4
 756 0533 D407     		.2byte	0x7d4
 757 0535 0C       		.byte	0xc
 758 0536 A4000000 		.4byte	0xa4
 759 053a 02       		.byte	0x2
 760 053b 23       		.byte	0x23
 761 053c 0C       		.uleb128 0xc
 762 053d 0C       		.uleb128 0xc
 763 053e BF050000 		.4byte	.LASF75
 764 0542 04       		.byte	0x4
 765 0543 D507     		.2byte	0x7d5
 766 0545 11       		.byte	0x11
 767 0546 B0000000 		.4byte	0xb0
 768 054a 02       		.byte	0x2
 769 054b 23       		.byte	0x23
 770 054c 10       		.uleb128 0x10
 771 054d 0C       		.uleb128 0xc
 772 054e 59060000 		.4byte	.LASF76
 773 0552 04       		.byte	0x4
 774 0553 D607     		.2byte	0x7d6
 775 0555 11       		.byte	0x11
 776 0556 B0000000 		.4byte	0xb0
 777 055a 02       		.byte	0x2
 778 055b 23       		.byte	0x23
 779 055c 14       		.uleb128 0x14
 780 055d 0C       		.uleb128 0xc
 781 055e 910B0000 		.4byte	.LASF71
 782 0562 04       		.byte	0x4
 783 0563 D707     		.2byte	0x7d7
 784 0565 0C       		.byte	0xc
 785 0566 FD000000 		.4byte	0xfd
 786 056a 02       		.byte	0x2
 787 056b 23       		.byte	0x23
 788 056c 18       		.uleb128 0x18
 789 056d 00       		.byte	0
 790 056e 0E       		.uleb128 0xe
 791 056f 6C040000 		.4byte	.LASF77
 792 0573 04       		.byte	0x4
 793 0574 D807     		.2byte	0x7d8
 794 0576 03       		.byte	0x3
 795 0577 F3040000 		.4byte	0x4f3
 796 057b 0F       		.uleb128 0xf
 797 057c 1C       		.byte	0x1c
 798 057d 04       		.byte	0x4
ARM GAS  C:\Users\nicx5\AppData\Local\Temp\cc9k9ag2.s 			page 15


 799 057e DE07     		.2byte	0x7de
 800 0580 09       		.byte	0x9
 801 0581 F6050000 		.4byte	0x5f6
 802 0585 0C       		.uleb128 0xc
 803 0586 31050000 		.4byte	.LASF78
 804 058a 04       		.byte	0x4
 805 058b E007     		.2byte	0x7e0
 806 058d 11       		.byte	0x11
 807 058e B0000000 		.4byte	0xb0
 808 0592 02       		.byte	0x2
 809 0593 23       		.byte	0x23
 810 0594 00       		.uleb128 0
 811 0595 0C       		.uleb128 0xc
 812 0596 090A0000 		.4byte	.LASF79
 813 059a 04       		.byte	0x4
 814 059b E107     		.2byte	0x7e1
 815 059d 11       		.byte	0x11
 816 059e B0000000 		.4byte	0xb0
 817 05a2 02       		.byte	0x2
 818 05a3 23       		.byte	0x23
 819 05a4 04       		.uleb128 0x4
 820 05a5 0C       		.uleb128 0xc
 821 05a6 8B0B0000 		.4byte	.LASF80
 822 05aa 04       		.byte	0x4
 823 05ab E207     		.2byte	0x7e2
 824 05ad 11       		.byte	0x11
 825 05ae B0000000 		.4byte	0xb0
 826 05b2 02       		.byte	0x2
 827 05b3 23       		.byte	0x23
 828 05b4 08       		.uleb128 0x8
 829 05b5 0C       		.uleb128 0xc
 830 05b6 6C080000 		.4byte	.LASF81
 831 05ba 04       		.byte	0x4
 832 05bb E307     		.2byte	0x7e3
 833 05bd 0C       		.byte	0xc
 834 05be A4000000 		.4byte	0xa4
 835 05c2 02       		.byte	0x2
 836 05c3 23       		.byte	0x23
 837 05c4 0C       		.uleb128 0xc
 838 05c5 0C       		.uleb128 0xc
 839 05c6 D8010000 		.4byte	.LASF82
 840 05ca 04       		.byte	0x4
 841 05cb E407     		.2byte	0x7e4
 842 05cd 11       		.byte	0x11
 843 05ce B0000000 		.4byte	0xb0
 844 05d2 02       		.byte	0x2
 845 05d3 23       		.byte	0x23
 846 05d4 10       		.uleb128 0x10
 847 05d5 0C       		.uleb128 0xc
 848 05d6 36070000 		.4byte	.LASF83
 849 05da 04       		.byte	0x4
 850 05db E507     		.2byte	0x7e5
 851 05dd 11       		.byte	0x11
 852 05de B0000000 		.4byte	0xb0
 853 05e2 02       		.byte	0x2
 854 05e3 23       		.byte	0x23
 855 05e4 14       		.uleb128 0x14
ARM GAS  C:\Users\nicx5\AppData\Local\Temp\cc9k9ag2.s 			page 16


 856 05e5 0C       		.uleb128 0xc
 857 05e6 DB050000 		.4byte	.LASF84
 858 05ea 04       		.byte	0x4
 859 05eb E607     		.2byte	0x7e6
 860 05ed 11       		.byte	0x11
 861 05ee B0000000 		.4byte	0xb0
 862 05f2 02       		.byte	0x2
 863 05f3 23       		.byte	0x23
 864 05f4 18       		.uleb128 0x18
 865 05f5 00       		.byte	0
 866 05f6 0E       		.uleb128 0xe
 867 05f7 DC0C0000 		.4byte	.LASF85
 868 05fb 04       		.byte	0x4
 869 05fc E707     		.2byte	0x7e7
 870 05fe 03       		.byte	0x3
 871 05ff 7B050000 		.4byte	0x57b
 872 0603 0F       		.uleb128 0xf
 873 0604 20       		.byte	0x20
 874 0605 04       		.byte	0x4
 875 0606 EC07     		.2byte	0x7ec
 876 0608 09       		.byte	0x9
 877 0609 7E060000 		.4byte	0x67e
 878 060d 0C       		.uleb128 0xc
 879 060e 67050000 		.4byte	.LASF86
 880 0612 04       		.byte	0x4
 881 0613 EE07     		.2byte	0x7ee
 882 0615 11       		.byte	0x11
 883 0616 B0000000 		.4byte	0xb0
 884 061a 02       		.byte	0x2
 885 061b 23       		.byte	0x23
 886 061c 00       		.uleb128 0
 887 061d 0C       		.uleb128 0xc
 888 061e A1060000 		.4byte	.LASF87
 889 0622 04       		.byte	0x4
 890 0623 EF07     		.2byte	0x7ef
 891 0625 11       		.byte	0x11
 892 0626 B0000000 		.4byte	0xb0
 893 062a 02       		.byte	0x2
 894 062b 23       		.byte	0x23
 895 062c 04       		.uleb128 0x4
 896 062d 0C       		.uleb128 0xc
 897 062e 49090000 		.4byte	.LASF88
 898 0632 04       		.byte	0x4
 899 0633 F007     		.2byte	0x7f0
 900 0635 11       		.byte	0x11
 901 0636 B0000000 		.4byte	0xb0
 902 063a 02       		.byte	0x2
 903 063b 23       		.byte	0x23
 904 063c 08       		.uleb128 0x8
 905 063d 0C       		.uleb128 0xc
 906 063e 52070000 		.4byte	.LASF89
 907 0642 04       		.byte	0x4
 908 0643 F107     		.2byte	0x7f1
 909 0645 11       		.byte	0x11
 910 0646 B0000000 		.4byte	0xb0
 911 064a 02       		.byte	0x2
 912 064b 23       		.byte	0x23
ARM GAS  C:\Users\nicx5\AppData\Local\Temp\cc9k9ag2.s 			page 17


 913 064c 0C       		.uleb128 0xc
 914 064d 0C       		.uleb128 0xc
 915 064e D7000000 		.4byte	.LASF90
 916 0652 04       		.byte	0x4
 917 0653 F207     		.2byte	0x7f2
 918 0655 11       		.byte	0x11
 919 0656 B0000000 		.4byte	0xb0
 920 065a 02       		.byte	0x2
 921 065b 23       		.byte	0x23
 922 065c 10       		.uleb128 0x10
 923 065d 0C       		.uleb128 0xc
 924 065e 78080000 		.4byte	.LASF91
 925 0662 04       		.byte	0x4
 926 0663 F307     		.2byte	0x7f3
 927 0665 11       		.byte	0x11
 928 0666 B0000000 		.4byte	0xb0
 929 066a 02       		.byte	0x2
 930 066b 23       		.byte	0x23
 931 066c 14       		.uleb128 0x14
 932 066d 0C       		.uleb128 0xc
 933 066e FF030000 		.4byte	.LASF92
 934 0672 04       		.byte	0x4
 935 0673 F407     		.2byte	0x7f4
 936 0675 0C       		.byte	0xc
 937 0676 FD000000 		.4byte	0xfd
 938 067a 02       		.byte	0x2
 939 067b 23       		.byte	0x23
 940 067c 18       		.uleb128 0x18
 941 067d 00       		.byte	0
 942 067e 0E       		.uleb128 0xe
 943 067f 4C050000 		.4byte	.LASF93
 944 0683 04       		.byte	0x4
 945 0684 F507     		.2byte	0x7f5
 946 0686 03       		.byte	0x3
 947 0687 03060000 		.4byte	0x603
 948 068b 02       		.uleb128 0x2
 949 068c 08       		.byte	0x8
 950 068d 04       		.byte	0x4
 951 068e 99080000 		.4byte	.LASF94
 952 0692 10       		.uleb128 0x10
 953 0693 04       		.byte	0x4
 954 0694 02       		.uleb128 0x2
 955 0695 01       		.byte	0x1
 956 0696 08       		.byte	0x8
 957 0697 E4050000 		.4byte	.LASF95
 958 069b 02       		.uleb128 0x2
 959 069c 04       		.byte	0x4
 960 069d 04       		.byte	0x4
 961 069e 95030000 		.4byte	.LASF96
 962 06a2 02       		.uleb128 0x2
 963 06a3 08       		.byte	0x8
 964 06a4 04       		.byte	0x4
 965 06a5 FF0C0000 		.4byte	.LASF97
 966 06a9 11       		.uleb128 0x11
 967 06aa 07       		.byte	0x7
 968 06ab 01       		.byte	0x1
 969 06ac 37000000 		.4byte	0x37
ARM GAS  C:\Users\nicx5\AppData\Local\Temp\cc9k9ag2.s 			page 18


 970 06b0 05       		.byte	0x5
 971 06b1 28       		.byte	0x28
 972 06b2 01       		.byte	0x1
 973 06b3 D0060000 		.4byte	0x6d0
 974 06b7 12       		.uleb128 0x12
 975 06b8 99040000 		.4byte	.LASF98
 976 06bc 00       		.byte	0
 977 06bd 12       		.uleb128 0x12
 978 06be DE030000 		.4byte	.LASF99
 979 06c2 01       		.byte	0x1
 980 06c3 12       		.uleb128 0x12
 981 06c4 56010000 		.4byte	.LASF100
 982 06c8 02       		.byte	0x2
 983 06c9 12       		.uleb128 0x12
 984 06ca 36030000 		.4byte	.LASF101
 985 06ce 03       		.byte	0x3
 986 06cf 00       		.byte	0
 987 06d0 03       		.uleb128 0x3
 988 06d1 45080000 		.4byte	.LASF102
 989 06d5 05       		.byte	0x5
 990 06d6 2D       		.byte	0x2d
 991 06d7 03       		.byte	0x3
 992 06d8 A9060000 		.4byte	0x6a9
 993 06dc 13       		.uleb128 0x13
 994 06dd 04       		.byte	0x4
 995 06de 87000000 		.4byte	0x87
 996 06e2 13       		.uleb128 0x13
 997 06e3 04       		.byte	0x4
 998 06e4 93000000 		.4byte	0x93
 999 06e8 11       		.uleb128 0x11
 1000 06e9 07       		.byte	0x7
 1001 06ea 01       		.byte	0x1
 1002 06eb 37000000 		.4byte	0x37
 1003 06ef 06       		.byte	0x6
 1004 06f0 35       		.byte	0x35
 1005 06f1 01       		.byte	0x1
 1006 06f2 09070000 		.4byte	0x709
 1007 06f6 12       		.uleb128 0x12
 1008 06f7 7E080000 		.4byte	.LASF103
 1009 06fb 00       		.byte	0
 1010 06fc 12       		.uleb128 0x12
 1011 06fd AD000000 		.4byte	.LASF104
 1012 0701 01       		.byte	0x1
 1013 0702 12       		.uleb128 0x12
 1014 0703 25060000 		.4byte	.LASF105
 1015 0707 02       		.byte	0x2
 1016 0708 00       		.byte	0
 1017 0709 03       		.uleb128 0x3
 1018 070a A6030000 		.4byte	.LASF106
 1019 070e 06       		.byte	0x6
 1020 070f 39       		.byte	0x39
 1021 0710 03       		.byte	0x3
 1022 0711 E8060000 		.4byte	0x6e8
 1023 0715 11       		.uleb128 0x11
 1024 0716 07       		.byte	0x7
 1025 0717 01       		.byte	0x1
 1026 0718 37000000 		.4byte	0x37
ARM GAS  C:\Users\nicx5\AppData\Local\Temp\cc9k9ag2.s 			page 19


 1027 071c 06       		.byte	0x6
 1028 071d 3F       		.byte	0x3f
 1029 071e 01       		.byte	0x1
 1030 071f 48070000 		.4byte	0x748
 1031 0723 12       		.uleb128 0x12
 1032 0724 5F010000 		.4byte	.LASF107
 1033 0728 00       		.byte	0
 1034 0729 12       		.uleb128 0x12
 1035 072a B0090000 		.4byte	.LASF108
 1036 072e 01       		.byte	0x1
 1037 072f 12       		.uleb128 0x12
 1038 0730 F9070000 		.4byte	.LASF109
 1039 0734 02       		.byte	0x2
 1040 0735 12       		.uleb128 0x12
 1041 0736 B70B0000 		.4byte	.LASF110
 1042 073a 03       		.byte	0x3
 1043 073b 12       		.uleb128 0x12
 1044 073c 62080000 		.4byte	.LASF111
 1045 0740 04       		.byte	0x4
 1046 0741 12       		.uleb128 0x12
 1047 0742 CA0C0000 		.4byte	.LASF112
 1048 0746 05       		.byte	0x5
 1049 0747 00       		.byte	0
 1050 0748 03       		.uleb128 0x3
 1051 0749 AE0C0000 		.4byte	.LASF113
 1052 074d 06       		.byte	0x6
 1053 074e 46       		.byte	0x46
 1054 074f 03       		.byte	0x3
 1055 0750 15070000 		.4byte	0x715
 1056 0754 11       		.uleb128 0x11
 1057 0755 07       		.byte	0x7
 1058 0756 01       		.byte	0x1
 1059 0757 37000000 		.4byte	0x37
 1060 075b 06       		.byte	0x6
 1061 075c 4C       		.byte	0x4c
 1062 075d 01       		.byte	0x1
 1063 075e 9F070000 		.4byte	0x79f
 1064 0762 12       		.uleb128 0x12
 1065 0763 87040000 		.4byte	.LASF114
 1066 0767 00       		.byte	0
 1067 0768 12       		.uleb128 0x12
 1068 0769 AB010000 		.4byte	.LASF115
 1069 076d 01       		.byte	0x1
 1070 076e 12       		.uleb128 0x12
 1071 076f C3090000 		.4byte	.LASF116
 1072 0773 02       		.byte	0x2
 1073 0774 12       		.uleb128 0x12
 1074 0775 9C0B0000 		.4byte	.LASF117
 1075 0779 03       		.byte	0x3
 1076 077a 12       		.uleb128 0x12
 1077 077b FF0B0000 		.4byte	.LASF118
 1078 077f 04       		.byte	0x4
 1079 0780 12       		.uleb128 0x12
 1080 0781 D0010000 		.4byte	.LASF119
 1081 0785 05       		.byte	0x5
 1082 0786 12       		.uleb128 0x12
 1083 0787 EE0B0000 		.4byte	.LASF120
ARM GAS  C:\Users\nicx5\AppData\Local\Temp\cc9k9ag2.s 			page 20


 1084 078b 06       		.byte	0x6
 1085 078c 12       		.uleb128 0x12
 1086 078d 96060000 		.4byte	.LASF121
 1087 0791 07       		.byte	0x7
 1088 0792 12       		.uleb128 0x12
 1089 0793 16000000 		.4byte	.LASF122
 1090 0797 08       		.byte	0x8
 1091 0798 12       		.uleb128 0x12
 1092 0799 FB050000 		.4byte	.LASF123
 1093 079d 09       		.byte	0x9
 1094 079e 00       		.byte	0
 1095 079f 03       		.uleb128 0x3
 1096 07a0 BF0A0000 		.4byte	.LASF124
 1097 07a4 06       		.byte	0x6
 1098 07a5 57       		.byte	0x57
 1099 07a6 03       		.byte	0x3
 1100 07a7 54070000 		.4byte	0x754
 1101 07ab 14       		.uleb128 0x14
 1102 07ac 0D       		.byte	0xd
 1103 07ad 06       		.byte	0x6
 1104 07ae 5D       		.byte	0x5d
 1105 07af 09       		.byte	0x9
 1106 07b0 78080000 		.4byte	0x878
 1107 07b4 15       		.uleb128 0x15
 1108 07b5 20000000 		.4byte	.LASF125
 1109 07b9 06       		.byte	0x6
 1110 07ba 5F       		.byte	0x5f
 1111 07bb 0B       		.byte	0xb
 1112 07bc 87000000 		.4byte	0x87
 1113 07c0 02       		.byte	0x2
 1114 07c1 23       		.byte	0x23
 1115 07c2 00       		.uleb128 0
 1116 07c3 15       		.uleb128 0x15
 1117 07c4 A30B0000 		.4byte	.LASF126
 1118 07c8 06       		.byte	0x6
 1119 07c9 63       		.byte	0x63
 1120 07ca 0B       		.byte	0xb
 1121 07cb 87000000 		.4byte	0x87
 1122 07cf 02       		.byte	0x2
 1123 07d0 23       		.byte	0x23
 1124 07d1 01       		.uleb128 0x1
 1125 07d2 15       		.uleb128 0x15
 1126 07d3 C2030000 		.4byte	.LASF127
 1127 07d7 06       		.byte	0x6
 1128 07d8 67       		.byte	0x67
 1129 07d9 0B       		.byte	0xb
 1130 07da 87000000 		.4byte	0x87
 1131 07de 02       		.byte	0x2
 1132 07df 23       		.byte	0x23
 1133 07e0 02       		.uleb128 0x2
 1134 07e1 15       		.uleb128 0x15
 1135 07e2 30030000 		.4byte	.LASF128
 1136 07e6 06       		.byte	0x6
 1137 07e7 6A       		.byte	0x6a
 1138 07e8 0B       		.byte	0xb
 1139 07e9 87000000 		.4byte	0x87
 1140 07ed 02       		.byte	0x2
ARM GAS  C:\Users\nicx5\AppData\Local\Temp\cc9k9ag2.s 			page 21


 1141 07ee 23       		.byte	0x23
 1142 07ef 03       		.uleb128 0x3
 1143 07f0 15       		.uleb128 0x15
 1144 07f1 69060000 		.4byte	.LASF129
 1145 07f5 06       		.byte	0x6
 1146 07f6 6E       		.byte	0x6e
 1147 07f7 0B       		.byte	0xb
 1148 07f8 87000000 		.4byte	0x87
 1149 07fc 02       		.byte	0x2
 1150 07fd 23       		.byte	0x23
 1151 07fe 04       		.uleb128 0x4
 1152 07ff 15       		.uleb128 0x15
 1153 0800 EE070000 		.4byte	.LASF130
 1154 0804 06       		.byte	0x6
 1155 0805 70       		.byte	0x70
 1156 0806 0B       		.byte	0xb
 1157 0807 87000000 		.4byte	0x87
 1158 080b 02       		.byte	0x2
 1159 080c 23       		.byte	0x23
 1160 080d 05       		.uleb128 0x5
 1161 080e 15       		.uleb128 0x15
 1162 080f 8E080000 		.4byte	.LASF131
 1163 0813 06       		.byte	0x6
 1164 0814 73       		.byte	0x73
 1165 0815 0B       		.byte	0xb
 1166 0816 87000000 		.4byte	0x87
 1167 081a 02       		.byte	0x2
 1168 081b 23       		.byte	0x23
 1169 081c 06       		.uleb128 0x6
 1170 081d 15       		.uleb128 0x15
 1171 081e B1070000 		.4byte	.LASF132
 1172 0822 06       		.byte	0x6
 1173 0823 75       		.byte	0x75
 1174 0824 0B       		.byte	0xb
 1175 0825 87000000 		.4byte	0x87
 1176 0829 02       		.byte	0x2
 1177 082a 23       		.byte	0x23
 1178 082b 07       		.uleb128 0x7
 1179 082c 15       		.uleb128 0x15
 1180 082d 8A030000 		.4byte	.LASF133
 1181 0831 06       		.byte	0x6
 1182 0832 77       		.byte	0x77
 1183 0833 0B       		.byte	0xb
 1184 0834 87000000 		.4byte	0x87
 1185 0838 02       		.byte	0x2
 1186 0839 23       		.byte	0x23
 1187 083a 08       		.uleb128 0x8
 1188 083b 15       		.uleb128 0x15
 1189 083c 71000000 		.4byte	.LASF134
 1190 0840 06       		.byte	0x6
 1191 0841 79       		.byte	0x79
 1192 0842 0B       		.byte	0xb
 1193 0843 87000000 		.4byte	0x87
 1194 0847 02       		.byte	0x2
 1195 0848 23       		.byte	0x23
 1196 0849 09       		.uleb128 0x9
 1197 084a 15       		.uleb128 0x15
ARM GAS  C:\Users\nicx5\AppData\Local\Temp\cc9k9ag2.s 			page 22


 1198 084b 1D050000 		.4byte	.LASF135
 1199 084f 06       		.byte	0x6
 1200 0850 7B       		.byte	0x7b
 1201 0851 0B       		.byte	0xb
 1202 0852 87000000 		.4byte	0x87
 1203 0856 02       		.byte	0x2
 1204 0857 23       		.byte	0x23
 1205 0858 0A       		.uleb128 0xa
 1206 0859 15       		.uleb128 0x15
 1207 085a 0A010000 		.4byte	.LASF136
 1208 085e 06       		.byte	0x6
 1209 085f 7D       		.byte	0x7d
 1210 0860 0B       		.byte	0xb
 1211 0861 87000000 		.4byte	0x87
 1212 0865 02       		.byte	0x2
 1213 0866 23       		.byte	0x23
 1214 0867 0B       		.uleb128 0xb
 1215 0868 15       		.uleb128 0x15
 1216 0869 E9050000 		.4byte	.LASF137
 1217 086d 06       		.byte	0x6
 1218 086e 7F       		.byte	0x7f
 1219 086f 0B       		.byte	0xb
 1220 0870 87000000 		.4byte	0x87
 1221 0874 02       		.byte	0x2
 1222 0875 23       		.byte	0x23
 1223 0876 0C       		.uleb128 0xc
 1224 0877 00       		.byte	0
 1225 0878 03       		.uleb128 0x3
 1226 0879 49030000 		.4byte	.LASF138
 1227 087d 06       		.byte	0x6
 1228 087e 81       		.byte	0x81
 1229 087f 03       		.byte	0x3
 1230 0880 AB070000 		.4byte	0x7ab
 1231 0884 14       		.uleb128 0x14
 1232 0885 24       		.byte	0x24
 1233 0886 06       		.byte	0x6
 1234 0887 83       		.byte	0x83
 1235 0888 09       		.byte	0x9
 1236 0889 60090000 		.4byte	0x960
 1237 088d 08       		.uleb128 0x8
 1238 088e 6E756D00 		.ascii	"num\000"
 1239 0892 06       		.byte	0x6
 1240 0893 85       		.byte	0x85
 1241 0894 0D       		.byte	0xd
 1242 0895 87000000 		.4byte	0x87
 1243 0899 02       		.byte	0x2
 1244 089a 23       		.byte	0x23
 1245 089b 00       		.uleb128 0
 1246 089c 15       		.uleb128 0x15
 1247 089d AA050000 		.4byte	.LASF139
 1248 08a1 06       		.byte	0x6
 1249 08a2 88       		.byte	0x88
 1250 08a3 0D       		.byte	0xd
 1251 08a4 87000000 		.4byte	0x87
 1252 08a8 02       		.byte	0x2
 1253 08a9 23       		.byte	0x23
 1254 08aa 01       		.uleb128 0x1
ARM GAS  C:\Users\nicx5\AppData\Local\Temp\cc9k9ag2.s 			page 23


 1255 08ab 15       		.uleb128 0x15
 1256 08ac EE090000 		.4byte	.LASF140
 1257 08b0 06       		.byte	0x6
 1258 08b1 8B       		.byte	0x8b
 1259 08b2 0D       		.byte	0xd
 1260 08b3 87000000 		.4byte	0x87
 1261 08b7 02       		.byte	0x2
 1262 08b8 23       		.byte	0x23
 1263 08b9 02       		.uleb128 0x2
 1264 08ba 15       		.uleb128 0x15
 1265 08bb 33080000 		.4byte	.LASF141
 1266 08bf 06       		.byte	0x6
 1267 08c0 8E       		.byte	0x8e
 1268 08c1 0D       		.byte	0xd
 1269 08c2 87000000 		.4byte	0x87
 1270 08c6 02       		.byte	0x2
 1271 08c7 23       		.byte	0x23
 1272 08c8 03       		.uleb128 0x3
 1273 08c9 15       		.uleb128 0x15
 1274 08ca 640B0000 		.4byte	.LASF142
 1275 08ce 06       		.byte	0x6
 1276 08cf 91       		.byte	0x91
 1277 08d0 0D       		.byte	0xd
 1278 08d1 87000000 		.4byte	0x87
 1279 08d5 02       		.byte	0x2
 1280 08d6 23       		.byte	0x23
 1281 08d7 04       		.uleb128 0x4
 1282 08d8 15       		.uleb128 0x15
 1283 08d9 B0050000 		.4byte	.LASF143
 1284 08dd 06       		.byte	0x6
 1285 08de 94       		.byte	0x94
 1286 08df 0D       		.byte	0xd
 1287 08e0 87000000 		.4byte	0x87
 1288 08e4 02       		.byte	0x2
 1289 08e5 23       		.byte	0x23
 1290 08e6 05       		.uleb128 0x5
 1291 08e7 15       		.uleb128 0x15
 1292 08e8 B9090000 		.4byte	.LASF144
 1293 08ec 06       		.byte	0x6
 1294 08ed 97       		.byte	0x97
 1295 08ee 0D       		.byte	0xd
 1296 08ef A4000000 		.4byte	0xa4
 1297 08f3 02       		.byte	0x2
 1298 08f4 23       		.byte	0x23
 1299 08f5 08       		.uleb128 0x8
 1300 08f6 15       		.uleb128 0x15
 1301 08f7 71060000 		.4byte	.LASF145
 1302 08fb 06       		.byte	0x6
 1303 08fc 9A       		.byte	0x9a
 1304 08fd 0E       		.byte	0xe
 1305 08fe DC060000 		.4byte	0x6dc
 1306 0902 02       		.byte	0x2
 1307 0903 23       		.byte	0x23
 1308 0904 0C       		.uleb128 0xc
 1309 0905 15       		.uleb128 0x15
 1310 0906 4F090000 		.4byte	.LASF146
 1311 090a 06       		.byte	0x6
ARM GAS  C:\Users\nicx5\AppData\Local\Temp\cc9k9ag2.s 			page 24


 1312 090b 9C       		.byte	0x9c
 1313 090c 0D       		.byte	0xd
 1314 090d A4000000 		.4byte	0xa4
 1315 0911 02       		.byte	0x2
 1316 0912 23       		.byte	0x23
 1317 0913 10       		.uleb128 0x10
 1318 0914 15       		.uleb128 0x15
 1319 0915 2A0D0000 		.4byte	.LASF147
 1320 0919 06       		.byte	0x6
 1321 091a 9E       		.byte	0x9e
 1322 091b 0D       		.byte	0xd
 1323 091c A4000000 		.4byte	0xa4
 1324 0920 02       		.byte	0x2
 1325 0921 23       		.byte	0x23
 1326 0922 14       		.uleb128 0x14
 1327 0923 15       		.uleb128 0x15
 1328 0924 80070000 		.4byte	.LASF148
 1329 0928 06       		.byte	0x6
 1330 0929 A0       		.byte	0xa0
 1331 092a 0D       		.byte	0xd
 1332 092b 87000000 		.4byte	0x87
 1333 092f 02       		.byte	0x2
 1334 0930 23       		.byte	0x23
 1335 0931 18       		.uleb128 0x18
 1336 0932 15       		.uleb128 0x15
 1337 0933 10040000 		.4byte	.LASF149
 1338 0937 06       		.byte	0x6
 1339 0938 A3       		.byte	0xa3
 1340 0939 0D       		.byte	0xd
 1341 093a 98000000 		.4byte	0x98
 1342 093e 02       		.byte	0x2
 1343 093f 23       		.byte	0x23
 1344 0940 1A       		.uleb128 0x1a
 1345 0941 15       		.uleb128 0x15
 1346 0942 27030000 		.4byte	.LASF150
 1347 0946 06       		.byte	0x6
 1348 0947 A6       		.byte	0xa6
 1349 0948 0D       		.byte	0xd
 1350 0949 A4000000 		.4byte	0xa4
 1351 094d 02       		.byte	0x2
 1352 094e 23       		.byte	0x23
 1353 094f 1C       		.uleb128 0x1c
 1354 0950 15       		.uleb128 0x15
 1355 0951 190B0000 		.4byte	.LASF151
 1356 0955 06       		.byte	0x6
 1357 0956 A8       		.byte	0xa8
 1358 0957 0D       		.byte	0xd
 1359 0958 A4000000 		.4byte	0xa4
 1360 095c 02       		.byte	0x2
 1361 095d 23       		.byte	0x23
 1362 095e 20       		.uleb128 0x20
 1363 095f 00       		.byte	0
 1364 0960 03       		.uleb128 0x3
 1365 0961 D6070000 		.4byte	.LASF152
 1366 0965 06       		.byte	0x6
 1367 0966 A9       		.byte	0xa9
 1368 0967 03       		.byte	0x3
ARM GAS  C:\Users\nicx5\AppData\Local\Temp\cc9k9ag2.s 			page 25


 1369 0968 84080000 		.4byte	0x884
 1370 096c 14       		.uleb128 0x14
 1371 096d 3C       		.byte	0x3c
 1372 096e 06       		.byte	0x6
 1373 096f AB       		.byte	0xab
 1374 0970 09       		.byte	0x9
 1375 0971 FC0A0000 		.4byte	0xafc
 1376 0975 15       		.uleb128 0x15
 1377 0976 97090000 		.4byte	.LASF153
 1378 097a 06       		.byte	0x6
 1379 097b AD       		.byte	0xad
 1380 097c 0D       		.byte	0xd
 1381 097d 87000000 		.4byte	0x87
 1382 0981 02       		.byte	0x2
 1383 0982 23       		.byte	0x23
 1384 0983 00       		.uleb128 0
 1385 0984 15       		.uleb128 0x15
 1386 0985 70010000 		.4byte	.LASF154
 1387 0989 06       		.byte	0x6
 1388 098a B0       		.byte	0xb0
 1389 098b 0D       		.byte	0xd
 1390 098c 87000000 		.4byte	0x87
 1391 0990 02       		.byte	0x2
 1392 0991 23       		.byte	0x23
 1393 0992 01       		.uleb128 0x1
 1394 0993 15       		.uleb128 0x15
 1395 0994 070B0000 		.4byte	.LASF155
 1396 0998 06       		.byte	0x6
 1397 0999 B3       		.byte	0xb3
 1398 099a 0D       		.byte	0xd
 1399 099b 87000000 		.4byte	0x87
 1400 099f 02       		.byte	0x2
 1401 09a0 23       		.byte	0x23
 1402 09a1 02       		.uleb128 0x2
 1403 09a2 15       		.uleb128 0x15
 1404 09a3 8F070000 		.4byte	.LASF156
 1405 09a7 06       		.byte	0x6
 1406 09a8 B6       		.byte	0xb6
 1407 09a9 0D       		.byte	0xd
 1408 09aa 87000000 		.4byte	0x87
 1409 09ae 02       		.byte	0x2
 1410 09af 23       		.byte	0x23
 1411 09b0 03       		.uleb128 0x3
 1412 09b1 15       		.uleb128 0x15
 1413 09b2 30030000 		.4byte	.LASF128
 1414 09b6 06       		.byte	0x6
 1415 09b7 B9       		.byte	0xb9
 1416 09b8 0D       		.byte	0xd
 1417 09b9 87000000 		.4byte	0x87
 1418 09bd 02       		.byte	0x2
 1419 09be 23       		.byte	0x23
 1420 09bf 04       		.uleb128 0x4
 1421 09c0 15       		.uleb128 0x15
 1422 09c1 C20C0000 		.4byte	.LASF157
 1423 09c5 06       		.byte	0x6
 1424 09c6 BD       		.byte	0xbd
 1425 09c7 0D       		.byte	0xd
ARM GAS  C:\Users\nicx5\AppData\Local\Temp\cc9k9ag2.s 			page 26


 1426 09c8 87000000 		.4byte	0x87
 1427 09cc 02       		.byte	0x2
 1428 09cd 23       		.byte	0x23
 1429 09ce 05       		.uleb128 0x5
 1430 09cf 15       		.uleb128 0x15
 1431 09d0 200D0000 		.4byte	.LASF158
 1432 09d4 06       		.byte	0x6
 1433 09d5 BE       		.byte	0xbe
 1434 09d6 0D       		.byte	0xd
 1435 09d7 87000000 		.4byte	0x87
 1436 09db 02       		.byte	0x2
 1437 09dc 23       		.byte	0x23
 1438 09dd 06       		.uleb128 0x6
 1439 09de 15       		.uleb128 0x15
 1440 09df 8F040000 		.4byte	.LASF159
 1441 09e3 06       		.byte	0x6
 1442 09e4 BF       		.byte	0xbf
 1443 09e5 0D       		.byte	0xd
 1444 09e6 87000000 		.4byte	0x87
 1445 09ea 02       		.byte	0x2
 1446 09eb 23       		.byte	0x23
 1447 09ec 07       		.uleb128 0x7
 1448 09ed 15       		.uleb128 0x15
 1449 09ee 550B0000 		.4byte	.LASF160
 1450 09f2 06       		.byte	0x6
 1451 09f3 C0       		.byte	0xc0
 1452 09f4 0D       		.byte	0xd
 1453 09f5 87000000 		.4byte	0x87
 1454 09f9 02       		.byte	0x2
 1455 09fa 23       		.byte	0x23
 1456 09fb 08       		.uleb128 0x8
 1457 09fc 15       		.uleb128 0x15
 1458 09fd 8B0A0000 		.4byte	.LASF161
 1459 0a01 06       		.byte	0x6
 1460 0a02 C1       		.byte	0xc1
 1461 0a03 0D       		.byte	0xd
 1462 0a04 A4000000 		.4byte	0xa4
 1463 0a08 02       		.byte	0x2
 1464 0a09 23       		.byte	0x23
 1465 0a0a 0C       		.uleb128 0xc
 1466 0a0b 15       		.uleb128 0x15
 1467 0a0c 00000000 		.4byte	.LASF162
 1468 0a10 06       		.byte	0x6
 1469 0a11 C3       		.byte	0xc3
 1470 0a12 0D       		.byte	0xd
 1471 0a13 87000000 		.4byte	0x87
 1472 0a17 02       		.byte	0x2
 1473 0a18 23       		.byte	0x23
 1474 0a19 10       		.uleb128 0x10
 1475 0a1a 15       		.uleb128 0x15
 1476 0a1b 350D0000 		.4byte	.LASF163
 1477 0a1f 06       		.byte	0x6
 1478 0a20 C4       		.byte	0xc4
 1479 0a21 0D       		.byte	0xd
 1480 0a22 87000000 		.4byte	0x87
 1481 0a26 02       		.byte	0x2
 1482 0a27 23       		.byte	0x23
ARM GAS  C:\Users\nicx5\AppData\Local\Temp\cc9k9ag2.s 			page 27


 1483 0a28 11       		.uleb128 0x11
 1484 0a29 15       		.uleb128 0x15
 1485 0a2a 5C0C0000 		.4byte	.LASF164
 1486 0a2e 06       		.byte	0x6
 1487 0a2f C6       		.byte	0xc6
 1488 0a30 0D       		.byte	0xd
 1489 0a31 87000000 		.4byte	0x87
 1490 0a35 02       		.byte	0x2
 1491 0a36 23       		.byte	0x23
 1492 0a37 12       		.uleb128 0x12
 1493 0a38 15       		.uleb128 0x15
 1494 0a39 9C0A0000 		.4byte	.LASF165
 1495 0a3d 06       		.byte	0x6
 1496 0a3e C9       		.byte	0xc9
 1497 0a3f 0D       		.byte	0xd
 1498 0a40 98000000 		.4byte	0x98
 1499 0a44 02       		.byte	0x2
 1500 0a45 23       		.byte	0x23
 1501 0a46 14       		.uleb128 0x14
 1502 0a47 15       		.uleb128 0x15
 1503 0a48 E6060000 		.4byte	.LASF166
 1504 0a4c 06       		.byte	0x6
 1505 0a4d CC       		.byte	0xcc
 1506 0a4e 0D       		.byte	0xd
 1507 0a4f 87000000 		.4byte	0x87
 1508 0a53 02       		.byte	0x2
 1509 0a54 23       		.byte	0x23
 1510 0a55 16       		.uleb128 0x16
 1511 0a56 15       		.uleb128 0x15
 1512 0a57 71060000 		.4byte	.LASF145
 1513 0a5b 06       		.byte	0x6
 1514 0a5c CF       		.byte	0xcf
 1515 0a5d 0E       		.byte	0xe
 1516 0a5e DC060000 		.4byte	0x6dc
 1517 0a62 02       		.byte	0x2
 1518 0a63 23       		.byte	0x23
 1519 0a64 18       		.uleb128 0x18
 1520 0a65 15       		.uleb128 0x15
 1521 0a66 36050000 		.4byte	.LASF167
 1522 0a6a 06       		.byte	0x6
 1523 0a6b D1       		.byte	0xd1
 1524 0a6c 0D       		.byte	0xd
 1525 0a6d A4000000 		.4byte	0xa4
 1526 0a71 02       		.byte	0x2
 1527 0a72 23       		.byte	0x23
 1528 0a73 1C       		.uleb128 0x1c
 1529 0a74 15       		.uleb128 0x15
 1530 0a75 4F090000 		.4byte	.LASF146
 1531 0a79 06       		.byte	0x6
 1532 0a7a D3       		.byte	0xd3
 1533 0a7b 0D       		.byte	0xd
 1534 0a7c A4000000 		.4byte	0xa4
 1535 0a80 02       		.byte	0x2
 1536 0a81 23       		.byte	0x23
 1537 0a82 20       		.uleb128 0x20
 1538 0a83 15       		.uleb128 0x15
 1539 0a84 2A0D0000 		.4byte	.LASF147
ARM GAS  C:\Users\nicx5\AppData\Local\Temp\cc9k9ag2.s 			page 28


 1540 0a88 06       		.byte	0x6
 1541 0a89 D5       		.byte	0xd5
 1542 0a8a 0D       		.byte	0xd
 1543 0a8b A4000000 		.4byte	0xa4
 1544 0a8f 02       		.byte	0x2
 1545 0a90 23       		.byte	0x23
 1546 0a91 24       		.uleb128 0x24
 1547 0a92 15       		.uleb128 0x15
 1548 0a93 6E0A0000 		.4byte	.LASF168
 1549 0a97 06       		.byte	0x6
 1550 0a98 D7       		.byte	0xd7
 1551 0a99 0D       		.byte	0xd
 1552 0a9a 87000000 		.4byte	0x87
 1553 0a9e 02       		.byte	0x2
 1554 0a9f 23       		.byte	0x23
 1555 0aa0 28       		.uleb128 0x28
 1556 0aa1 15       		.uleb128 0x15
 1557 0aa2 9B030000 		.4byte	.LASF169
 1558 0aa6 06       		.byte	0x6
 1559 0aa7 DA       		.byte	0xda
 1560 0aa8 0D       		.byte	0xd
 1561 0aa9 87000000 		.4byte	0x87
 1562 0aad 02       		.byte	0x2
 1563 0aae 23       		.byte	0x23
 1564 0aaf 29       		.uleb128 0x29
 1565 0ab0 15       		.uleb128 0x15
 1566 0ab1 27030000 		.4byte	.LASF150
 1567 0ab5 06       		.byte	0x6
 1568 0ab6 DD       		.byte	0xdd
 1569 0ab7 0D       		.byte	0xd
 1570 0ab8 A4000000 		.4byte	0xa4
 1571 0abc 02       		.byte	0x2
 1572 0abd 23       		.byte	0x23
 1573 0abe 2C       		.uleb128 0x2c
 1574 0abf 15       		.uleb128 0x15
 1575 0ac0 42030000 		.4byte	.LASF170
 1576 0ac4 06       		.byte	0x6
 1577 0ac5 DF       		.byte	0xdf
 1578 0ac6 0D       		.byte	0xd
 1579 0ac7 A4000000 		.4byte	0xa4
 1580 0acb 02       		.byte	0x2
 1581 0acc 23       		.byte	0x23
 1582 0acd 30       		.uleb128 0x30
 1583 0ace 15       		.uleb128 0x15
 1584 0acf 57080000 		.4byte	.LASF171
 1585 0ad3 06       		.byte	0x6
 1586 0ad4 E0       		.byte	0xe0
 1587 0ad5 0D       		.byte	0xd
 1588 0ad6 A4000000 		.4byte	0xa4
 1589 0ada 02       		.byte	0x2
 1590 0adb 23       		.byte	0x23
 1591 0adc 34       		.uleb128 0x34
 1592 0add 15       		.uleb128 0x15
 1593 0ade 58030000 		.4byte	.LASF172
 1594 0ae2 06       		.byte	0x6
 1595 0ae3 E2       		.byte	0xe2
 1596 0ae4 17       		.byte	0x17
ARM GAS  C:\Users\nicx5\AppData\Local\Temp\cc9k9ag2.s 			page 29


 1597 0ae5 48070000 		.4byte	0x748
 1598 0ae9 02       		.byte	0x2
 1599 0aea 23       		.byte	0x23
 1600 0aeb 38       		.uleb128 0x38
 1601 0aec 15       		.uleb128 0x15
 1602 0aed D80B0000 		.4byte	.LASF173
 1603 0af1 06       		.byte	0x6
 1604 0af2 E5       		.byte	0xe5
 1605 0af3 16       		.byte	0x16
 1606 0af4 9F070000 		.4byte	0x79f
 1607 0af8 02       		.byte	0x2
 1608 0af9 23       		.byte	0x23
 1609 0afa 39       		.uleb128 0x39
 1610 0afb 00       		.byte	0
 1611 0afc 03       		.uleb128 0x3
 1612 0afd 06090000 		.4byte	.LASF174
 1613 0b01 06       		.byte	0x6
 1614 0b02 E7       		.byte	0xe7
 1615 0b03 03       		.byte	0x3
 1616 0b04 6C090000 		.4byte	0x96c
 1617 0b08 03       		.uleb128 0x3
 1618 0b09 B6040000 		.4byte	.LASF175
 1619 0b0d 06       		.byte	0x6
 1620 0b0e E9       		.byte	0xe9
 1621 0b0f 1D       		.byte	0x1d
 1622 0b10 09070000 		.4byte	0x709
 1623 0b14 03       		.uleb128 0x3
 1624 0b15 EC010000 		.4byte	.LASF176
 1625 0b19 06       		.byte	0x6
 1626 0b1a EA       		.byte	0xea
 1627 0b1b 1D       		.byte	0x1d
 1628 0b1c 78080000 		.4byte	0x878
 1629 0b20 03       		.uleb128 0x3
 1630 0b21 15030000 		.4byte	.LASF177
 1631 0b25 06       		.byte	0x6
 1632 0b26 EB       		.byte	0xeb
 1633 0b27 1D       		.byte	0x1d
 1634 0b28 60090000 		.4byte	0x960
 1635 0b2c 05       		.uleb128 0x5
 1636 0b2d 200B0000 		.4byte	0xb20
 1637 0b31 03       		.uleb128 0x3
 1638 0b32 C00B0000 		.4byte	.LASF178
 1639 0b36 06       		.byte	0x6
 1640 0b37 EE       		.byte	0xee
 1641 0b38 1D       		.byte	0x1d
 1642 0b39 FC0A0000 		.4byte	0xafc
 1643 0b3d 16       		.uleb128 0x16
 1644 0b3e 01       		.byte	0x1
 1645 0b3f 1C010000 		.4byte	.LASF179
 1646 0b43 07       		.byte	0x7
 1647 0b44 3204     		.2byte	0x432
 1648 0b46 06       		.byte	0x6
 1649 0b47 01       		.byte	0x1
 1650 0b48 01       		.byte	0x1
 1651 0b49 530B0000 		.4byte	0xb53
 1652 0b4d 17       		.uleb128 0x17
 1653 0b4e A4000000 		.4byte	0xa4
ARM GAS  C:\Users\nicx5\AppData\Local\Temp\cc9k9ag2.s 			page 30


 1654 0b52 00       		.byte	0
 1655 0b53 18       		.uleb128 0x18
 1656 0b54 01       		.byte	0x1
 1657 0b55 D4040000 		.4byte	.LASF180
 1658 0b59 08       		.byte	0x8
 1659 0b5a BA08     		.2byte	0x8ba
 1660 0b5c 13       		.byte	0x13
 1661 0b5d 01       		.byte	0x1
 1662 0b5e D0060000 		.4byte	0x6d0
 1663 0b62 810B0000 		.4byte	0xb81
 1664 0b66 19       		.uleb128 0x19
 1665 0b67 3E0D0000 		.4byte	.LASF182
 1666 0b6b 08       		.byte	0x8
 1667 0b6c BA08     		.2byte	0x8ba
 1668 0b6e 4B       		.byte	0x4b
 1669 0b6f 810B0000 		.4byte	0xb81
 1670 0b73 1A       		.uleb128 0x1a
 1671 0b74 CA040000 		.4byte	.LASF183
 1672 0b78 08       		.byte	0x8
 1673 0b79 BC08     		.2byte	0x8bc
 1674 0b7b 0C       		.byte	0xc
 1675 0b7c A4000000 		.4byte	0xa4
 1676 0b80 00       		.byte	0
 1677 0b81 13       		.uleb128 0x13
 1678 0b82 04       		.byte	0x4
 1679 0b83 FD020000 		.4byte	0x2fd
 1680 0b87 18       		.uleb128 0x18
 1681 0b88 01       		.byte	0x1
 1682 0b89 98070000 		.4byte	.LASF181
 1683 0b8d 08       		.byte	0x8
 1684 0b8e A808     		.2byte	0x8a8
 1685 0b90 13       		.byte	0x13
 1686 0b91 01       		.byte	0x1
 1687 0b92 D0060000 		.4byte	0x6d0
 1688 0b96 B50B0000 		.4byte	0xbb5
 1689 0b9a 19       		.uleb128 0x19
 1690 0b9b 3E0D0000 		.4byte	.LASF182
 1691 0b9f 08       		.byte	0x8
 1692 0ba0 A808     		.2byte	0x8a8
 1693 0ba2 49       		.byte	0x49
 1694 0ba3 810B0000 		.4byte	0xb81
 1695 0ba7 1A       		.uleb128 0x1a
 1696 0ba8 CA040000 		.4byte	.LASF183
 1697 0bac 08       		.byte	0x8
 1698 0bad AA08     		.2byte	0x8aa
 1699 0baf 0C       		.byte	0xc
 1700 0bb0 A4000000 		.4byte	0xa4
 1701 0bb4 00       		.byte	0
 1702 0bb5 18       		.uleb128 0x18
 1703 0bb6 01       		.byte	0x1
 1704 0bb7 4C060000 		.4byte	.LASF184
 1705 0bbb 08       		.byte	0x8
 1706 0bbc 6708     		.2byte	0x867
 1707 0bbe 13       		.byte	0x13
 1708 0bbf 01       		.byte	0x1
 1709 0bc0 D0060000 		.4byte	0x6d0
 1710 0bc4 150C0000 		.4byte	0xc15
ARM GAS  C:\Users\nicx5\AppData\Local\Temp\cc9k9ag2.s 			page 31


 1711 0bc8 19       		.uleb128 0x19
 1712 0bc9 3E0D0000 		.4byte	.LASF182
 1713 0bcd 08       		.byte	0x8
 1714 0bce 6708     		.2byte	0x867
 1715 0bd0 37       		.byte	0x37
 1716 0bd1 150C0000 		.4byte	0xc15
 1717 0bd5 1B       		.uleb128 0x1b
 1718 0bd6 72657400 		.ascii	"ret\000"
 1719 0bda 08       		.byte	0x8
 1720 0bdb 6908     		.2byte	0x869
 1721 0bdd 15       		.byte	0x15
 1722 0bde D0060000 		.4byte	0x6d0
 1723 0be2 1A       		.uleb128 0x1a
 1724 0be3 CA040000 		.4byte	.LASF183
 1725 0be7 08       		.byte	0x8
 1726 0be8 6A08     		.2byte	0x86a
 1727 0bea 0C       		.byte	0xc
 1728 0beb A4000000 		.4byte	0xa4
 1729 0bef 1A       		.uleb128 0x1a
 1730 0bf0 B6030000 		.4byte	.LASF185
 1731 0bf4 08       		.byte	0x8
 1732 0bf5 6B08     		.2byte	0x86b
 1733 0bf7 11       		.byte	0x11
 1734 0bf8 B0000000 		.4byte	0xb0
 1735 0bfc 1A       		.uleb128 0x1a
 1736 0bfd A9040000 		.4byte	.LASF186
 1737 0c01 08       		.byte	0x8
 1738 0c02 6C08     		.2byte	0x86c
 1739 0c04 0C       		.byte	0xc
 1740 0c05 A4000000 		.4byte	0xa4
 1741 0c09 1B       		.uleb128 0x1b
 1742 0c0a 6900     		.ascii	"i\000"
 1743 0c0c 08       		.byte	0x8
 1744 0c0d 6D08     		.2byte	0x86d
 1745 0c0f 0C       		.byte	0xc
 1746 0c10 A4000000 		.4byte	0xa4
 1747 0c14 00       		.byte	0
 1748 0c15 13       		.uleb128 0x13
 1749 0c16 04       		.byte	0x4
 1750 0c17 F0020000 		.4byte	0x2f0
 1751 0c1b 18       		.uleb128 0x18
 1752 0c1c 01       		.byte	0x1
 1753 0c1d 0E0B0000 		.4byte	.LASF187
 1754 0c21 08       		.byte	0x8
 1755 0c22 4F08     		.2byte	0x84f
 1756 0c24 13       		.byte	0x13
 1757 0c25 01       		.byte	0x1
 1758 0c26 D0060000 		.4byte	0x6d0
 1759 0c2a 7D0C0000 		.4byte	0xc7d
 1760 0c2e 19       		.uleb128 0x19
 1761 0c2f 3E0D0000 		.4byte	.LASF182
 1762 0c33 08       		.byte	0x8
 1763 0c34 4F08     		.2byte	0x84f
 1764 0c36 3B       		.byte	0x3b
 1765 0c37 810B0000 		.4byte	0xb81
 1766 0c3b 19       		.uleb128 0x19
 1767 0c3c 70010000 		.4byte	.LASF154
ARM GAS  C:\Users\nicx5\AppData\Local\Temp\cc9k9ag2.s 			page 32


 1768 0c40 08       		.byte	0x8
 1769 0c41 4F08     		.2byte	0x84f
 1770 0c43 49       		.byte	0x49
 1771 0c44 87000000 		.4byte	0x87
 1772 0c48 1A       		.uleb128 0x1a
 1773 0c49 CA040000 		.4byte	.LASF183
 1774 0c4d 08       		.byte	0x8
 1775 0c4e 5108     		.2byte	0x851
 1776 0c50 0C       		.byte	0xc
 1777 0c51 A4000000 		.4byte	0xa4
 1778 0c55 1A       		.uleb128 0x1a
 1779 0c56 B10B0000 		.4byte	.LASF188
 1780 0c5a 08       		.byte	0x8
 1781 0c5b 5208     		.2byte	0x852
 1782 0c5d 0C       		.byte	0xc
 1783 0c5e A4000000 		.4byte	0xa4
 1784 0c62 1A       		.uleb128 0x1a
 1785 0c63 A8060000 		.4byte	.LASF189
 1786 0c67 08       		.byte	0x8
 1787 0c68 5308     		.2byte	0x853
 1788 0c6a 0C       		.byte	0xc
 1789 0c6b A4000000 		.4byte	0xa4
 1790 0c6f 1A       		.uleb128 0x1a
 1791 0c70 16050000 		.4byte	.LASF190
 1792 0c74 08       		.byte	0x8
 1793 0c75 5408     		.2byte	0x854
 1794 0c77 0C       		.byte	0xc
 1795 0c78 A4000000 		.4byte	0xa4
 1796 0c7c 00       		.byte	0
 1797 0c7d 18       		.uleb128 0x18
 1798 0c7e 01       		.byte	0x1
 1799 0c7f 3D010000 		.4byte	.LASF191
 1800 0c83 08       		.byte	0x8
 1801 0c84 FB07     		.2byte	0x7fb
 1802 0c86 13       		.byte	0x13
 1803 0c87 01       		.byte	0x1
 1804 0c88 D0060000 		.4byte	0x6d0
 1805 0c8c F90C0000 		.4byte	0xcf9
 1806 0c90 19       		.uleb128 0x19
 1807 0c91 3E0D0000 		.4byte	.LASF182
 1808 0c95 08       		.byte	0x8
 1809 0c96 FB07     		.2byte	0x7fb
 1810 0c98 3C       		.byte	0x3c
 1811 0c99 810B0000 		.4byte	0xb81
 1812 0c9d 19       		.uleb128 0x19
 1813 0c9e E0010000 		.4byte	.LASF192
 1814 0ca2 08       		.byte	0x8
 1815 0ca3 FB07     		.2byte	0x7fb
 1816 0ca5 4A       		.byte	0x4a
 1817 0ca6 87000000 		.4byte	0x87
 1818 0caa 1A       		.uleb128 0x1a
 1819 0cab CA040000 		.4byte	.LASF183
 1820 0caf 08       		.byte	0x8
 1821 0cb0 FD07     		.2byte	0x7fd
 1822 0cb2 0C       		.byte	0xc
 1823 0cb3 A4000000 		.4byte	0xa4
 1824 0cb7 1A       		.uleb128 0x1a
ARM GAS  C:\Users\nicx5\AppData\Local\Temp\cc9k9ag2.s 			page 33


 1825 0cb8 BC030000 		.4byte	.LASF193
 1826 0cbc 08       		.byte	0x8
 1827 0cbd FE07     		.2byte	0x7fe
 1828 0cbf 0C       		.byte	0xc
 1829 0cc0 A4000000 		.4byte	0xa4
 1830 0cc4 1A       		.uleb128 0x1a
 1831 0cc5 B6030000 		.4byte	.LASF185
 1832 0cc9 08       		.byte	0x8
 1833 0cca FF07     		.2byte	0x7ff
 1834 0ccc 11       		.byte	0x11
 1835 0ccd B0000000 		.4byte	0xb0
 1836 0cd1 1A       		.uleb128 0x1a
 1837 0cd2 83060000 		.4byte	.LASF194
 1838 0cd6 08       		.byte	0x8
 1839 0cd7 0008     		.2byte	0x800
 1840 0cd9 0C       		.byte	0xc
 1841 0cda A4000000 		.4byte	0xa4
 1842 0cde 1A       		.uleb128 0x1a
 1843 0cdf 480D0000 		.4byte	.LASF195
 1844 0ce3 08       		.byte	0x8
 1845 0ce4 0108     		.2byte	0x801
 1846 0ce6 0C       		.byte	0xc
 1847 0ce7 A4000000 		.4byte	0xa4
 1848 0ceb 1A       		.uleb128 0x1a
 1849 0cec CC060000 		.4byte	.LASF196
 1850 0cf0 08       		.byte	0x8
 1851 0cf1 0208     		.2byte	0x802
 1852 0cf3 0C       		.byte	0xc
 1853 0cf4 A4000000 		.4byte	0xa4
 1854 0cf8 00       		.byte	0
 1855 0cf9 18       		.uleb128 0x18
 1856 0cfa 01       		.byte	0x1
 1857 0cfb 470C0000 		.4byte	.LASF197
 1858 0cff 08       		.byte	0x8
 1859 0d00 ED07     		.2byte	0x7ed
 1860 0d02 0A       		.byte	0xa
 1861 0d03 01       		.byte	0x1
 1862 0d04 A4000000 		.4byte	0xa4
 1863 0d08 270D0000 		.4byte	0xd27
 1864 0d0c 19       		.uleb128 0x19
 1865 0d0d 3E0D0000 		.4byte	.LASF182
 1866 0d11 08       		.byte	0x8
 1867 0d12 ED07     		.2byte	0x7ed
 1868 0d14 3C       		.byte	0x3c
 1869 0d15 810B0000 		.4byte	0xb81
 1870 0d19 1A       		.uleb128 0x1a
 1871 0d1a CA040000 		.4byte	.LASF183
 1872 0d1e 08       		.byte	0x8
 1873 0d1f EF07     		.2byte	0x7ef
 1874 0d21 0C       		.byte	0xc
 1875 0d22 A4000000 		.4byte	0xa4
 1876 0d26 00       		.byte	0
 1877 0d27 18       		.uleb128 0x18
 1878 0d28 01       		.byte	0x1
 1879 0d29 DD090000 		.4byte	.LASF198
 1880 0d2d 08       		.byte	0x8
 1881 0d2e EB06     		.2byte	0x6eb
ARM GAS  C:\Users\nicx5\AppData\Local\Temp\cc9k9ag2.s 			page 34


 1882 0d30 13       		.byte	0x13
 1883 0d31 01       		.byte	0x1
 1884 0d32 D0060000 		.4byte	0x6d0
 1885 0d36 BC0D0000 		.4byte	0xdbc
 1886 0d3a 19       		.uleb128 0x19
 1887 0d3b 3E0D0000 		.4byte	.LASF182
 1888 0d3f 08       		.byte	0x8
 1889 0d40 EB06     		.2byte	0x6eb
 1890 0d42 3B       		.byte	0x3b
 1891 0d43 150C0000 		.4byte	0xc15
 1892 0d47 1C       		.uleb128 0x1c
 1893 0d48 686300   		.ascii	"hc\000"
 1894 0d4b 08       		.byte	0x8
 1895 0d4c EB06     		.2byte	0x6eb
 1896 0d4e 54       		.byte	0x54
 1897 0d4f BC0D0000 		.4byte	0xdbc
 1898 0d53 1C       		.uleb128 0x1c
 1899 0d54 646D6100 		.ascii	"dma\000"
 1900 0d58 08       		.byte	0x8
 1901 0d59 EB06     		.2byte	0x6eb
 1902 0d5b 60       		.byte	0x60
 1903 0d5c 87000000 		.4byte	0x87
 1904 0d60 1A       		.uleb128 0x1a
 1905 0d61 CA040000 		.4byte	.LASF183
 1906 0d65 08       		.byte	0x8
 1907 0d66 ED06     		.2byte	0x6ed
 1908 0d68 0C       		.byte	0xc
 1909 0d69 A4000000 		.4byte	0xa4
 1910 0d6d 1A       		.uleb128 0x1a
 1911 0d6e 70010000 		.4byte	.LASF154
 1912 0d72 08       		.byte	0x8
 1913 0d73 EE06     		.2byte	0x6ee
 1914 0d75 0C       		.byte	0xc
 1915 0d76 A4000000 		.4byte	0xa4
 1916 0d7a 1A       		.uleb128 0x1a
 1917 0d7b 16050000 		.4byte	.LASF190
 1918 0d7f 08       		.byte	0x8
 1919 0d80 EF06     		.2byte	0x6ef
 1920 0d82 11       		.byte	0x11
 1921 0d83 B0000000 		.4byte	0xb0
 1922 0d87 1A       		.uleb128 0x1a
 1923 0d88 2E090000 		.4byte	.LASF199
 1924 0d8c 08       		.byte	0x8
 1925 0d8d F006     		.2byte	0x6f0
 1926 0d8f 0C       		.byte	0xc
 1927 0d90 87000000 		.4byte	0x87
 1928 0d94 1A       		.uleb128 0x1a
 1929 0d95 060D0000 		.4byte	.LASF200
 1930 0d99 08       		.byte	0x8
 1931 0d9a F106     		.2byte	0x6f1
 1932 0d9c 0C       		.byte	0xc
 1933 0d9d 98000000 		.4byte	0x98
 1934 0da1 1A       		.uleb128 0x1a
 1935 0da2 A8060000 		.4byte	.LASF189
 1936 0da6 08       		.byte	0x8
 1937 0da7 F206     		.2byte	0x6f2
 1938 0da9 0C       		.byte	0xc
ARM GAS  C:\Users\nicx5\AppData\Local\Temp\cc9k9ag2.s 			page 35


 1939 0daa 98000000 		.4byte	0x98
 1940 0dae 1A       		.uleb128 0x1a
 1941 0daf D5060000 		.4byte	.LASF201
 1942 0db3 08       		.byte	0x8
 1943 0db4 F306     		.2byte	0x6f3
 1944 0db6 0C       		.byte	0xc
 1945 0db7 98000000 		.4byte	0x98
 1946 0dbb 00       		.byte	0
 1947 0dbc 13       		.uleb128 0x13
 1948 0dbd 04       		.byte	0x4
 1949 0dbe 310B0000 		.4byte	0xb31
 1950 0dc2 18       		.uleb128 0x18
 1951 0dc3 01       		.byte	0x1
 1952 0dc4 A5080000 		.4byte	.LASF202
 1953 0dc8 08       		.byte	0x8
 1954 0dc9 6C06     		.2byte	0x66c
 1955 0dcb 13       		.byte	0x13
 1956 0dcc 01       		.byte	0x1
 1957 0dcd D0060000 		.4byte	0x6d0
 1958 0dd1 720E0000 		.4byte	0xe72
 1959 0dd5 19       		.uleb128 0x19
 1960 0dd6 3E0D0000 		.4byte	.LASF182
 1961 0dda 08       		.byte	0x8
 1962 0ddb 6C06     		.2byte	0x66c
 1963 0ddd 36       		.byte	0x36
 1964 0dde 150C0000 		.4byte	0xc15
 1965 0de2 19       		.uleb128 0x19
 1966 0de3 70010000 		.4byte	.LASF154
 1967 0de7 08       		.byte	0x8
 1968 0de8 6C06     		.2byte	0x66c
 1969 0dea 44       		.byte	0x44
 1970 0deb 87000000 		.4byte	0x87
 1971 0def 19       		.uleb128 0x19
 1972 0df0 AF0A0000 		.4byte	.LASF203
 1973 0df4 08       		.byte	0x8
 1974 0df5 6D06     		.2byte	0x66d
 1975 0df7 27       		.byte	0x27
 1976 0df8 87000000 		.4byte	0x87
 1977 0dfc 19       		.uleb128 0x19
 1978 0dfd 9F010000 		.4byte	.LASF204
 1979 0e01 08       		.byte	0x8
 1980 0e02 6D06     		.2byte	0x66d
 1981 0e04 36       		.byte	0x36
 1982 0e05 87000000 		.4byte	0x87
 1983 0e09 19       		.uleb128 0x19
 1984 0e0a 30030000 		.4byte	.LASF128
 1985 0e0e 08       		.byte	0x8
 1986 0e0f 6D06     		.2byte	0x66d
 1987 0e11 4B       		.byte	0x4b
 1988 0e12 87000000 		.4byte	0x87
 1989 0e16 19       		.uleb128 0x19
 1990 0e17 5C0C0000 		.4byte	.LASF164
 1991 0e1b 08       		.byte	0x8
 1992 0e1c 6E06     		.2byte	0x66e
 1993 0e1e 27       		.byte	0x27
 1994 0e1f 87000000 		.4byte	0x87
 1995 0e23 1C       		.uleb128 0x1c
ARM GAS  C:\Users\nicx5\AppData\Local\Temp\cc9k9ag2.s 			page 36


 1996 0e24 6D707300 		.ascii	"mps\000"
 1997 0e28 08       		.byte	0x8
 1998 0e29 6E06     		.2byte	0x66e
 1999 0e2b 39       		.byte	0x39
 2000 0e2c 98000000 		.4byte	0x98
 2001 0e30 1B       		.uleb128 0x1b
 2002 0e31 72657400 		.ascii	"ret\000"
 2003 0e35 08       		.byte	0x8
 2004 0e36 7006     		.2byte	0x670
 2005 0e38 15       		.byte	0x15
 2006 0e39 D0060000 		.4byte	0x6d0
 2007 0e3d 1A       		.uleb128 0x1a
 2008 0e3e CA040000 		.4byte	.LASF183
 2009 0e42 08       		.byte	0x8
 2010 0e43 7106     		.2byte	0x671
 2011 0e45 0C       		.byte	0xc
 2012 0e46 A4000000 		.4byte	0xa4
 2013 0e4a 1A       		.uleb128 0x1a
 2014 0e4b 8D010000 		.4byte	.LASF205
 2015 0e4f 08       		.byte	0x8
 2016 0e50 7206     		.2byte	0x672
 2017 0e52 0C       		.byte	0xc
 2018 0e53 A4000000 		.4byte	0xa4
 2019 0e57 1A       		.uleb128 0x1a
 2020 0e58 3A090000 		.4byte	.LASF206
 2021 0e5c 08       		.byte	0x8
 2022 0e5d 7306     		.2byte	0x673
 2023 0e5f 0C       		.byte	0xc
 2024 0e60 A4000000 		.4byte	0xa4
 2025 0e64 1A       		.uleb128 0x1a
 2026 0e65 62030000 		.4byte	.LASF207
 2027 0e69 08       		.byte	0x8
 2028 0e6a 7406     		.2byte	0x674
 2029 0e6c 0C       		.byte	0xc
 2030 0e6d A4000000 		.4byte	0xa4
 2031 0e71 00       		.byte	0
 2032 0e72 18       		.uleb128 0x18
 2033 0e73 01       		.byte	0x1
 2034 0e74 1F080000 		.4byte	.LASF208
 2035 0e78 08       		.byte	0x8
 2036 0e79 4D06     		.2byte	0x64d
 2037 0e7b 0A       		.byte	0xa
 2038 0e7c 01       		.byte	0x1
 2039 0e7d A4000000 		.4byte	0xa4
 2040 0e81 A00E0000 		.4byte	0xea0
 2041 0e85 19       		.uleb128 0x19
 2042 0e86 3E0D0000 		.4byte	.LASF182
 2043 0e8a 08       		.byte	0x8
 2044 0e8b 4D06     		.2byte	0x64d
 2045 0e8d 3B       		.byte	0x3b
 2046 0e8e 810B0000 		.4byte	0xb81
 2047 0e92 1A       		.uleb128 0x1a
 2048 0e93 CA040000 		.4byte	.LASF183
 2049 0e97 08       		.byte	0x8
 2050 0e98 4F06     		.2byte	0x64f
 2051 0e9a 0C       		.byte	0xc
 2052 0e9b A4000000 		.4byte	0xa4
ARM GAS  C:\Users\nicx5\AppData\Local\Temp\cc9k9ag2.s 			page 37


 2053 0e9f 00       		.byte	0
 2054 0ea0 18       		.uleb128 0x18
 2055 0ea1 01       		.byte	0x1
 2056 0ea2 DF080000 		.4byte	.LASF209
 2057 0ea6 08       		.byte	0x8
 2058 0ea7 3F06     		.2byte	0x63f
 2059 0ea9 0A       		.byte	0xa
 2060 0eaa 01       		.byte	0x1
 2061 0eab A4000000 		.4byte	0xa4
 2062 0eaf DB0E0000 		.4byte	0xedb
 2063 0eb3 19       		.uleb128 0x19
 2064 0eb4 3E0D0000 		.4byte	.LASF182
 2065 0eb8 08       		.byte	0x8
 2066 0eb9 3F06     		.2byte	0x63f
 2067 0ebb 38       		.byte	0x38
 2068 0ebc 810B0000 		.4byte	0xb81
 2069 0ec0 1A       		.uleb128 0x1a
 2070 0ec1 CA040000 		.4byte	.LASF183
 2071 0ec5 08       		.byte	0x8
 2072 0ec6 4106     		.2byte	0x641
 2073 0ec8 0C       		.byte	0xc
 2074 0ec9 A4000000 		.4byte	0xa4
 2075 0ecd 1A       		.uleb128 0x1a
 2076 0ece 79030000 		.4byte	.LASF210
 2077 0ed2 08       		.byte	0x8
 2078 0ed3 4206     		.2byte	0x642
 2079 0ed5 11       		.byte	0x11
 2080 0ed6 B0000000 		.4byte	0xb0
 2081 0eda 00       		.byte	0
 2082 0edb 18       		.uleb128 0x18
 2083 0edc 01       		.byte	0x1
 2084 0edd 06080000 		.4byte	.LASF211
 2085 0ee1 08       		.byte	0x8
 2086 0ee2 2106     		.2byte	0x621
 2087 0ee4 13       		.byte	0x13
 2088 0ee5 01       		.byte	0x1
 2089 0ee6 D0060000 		.4byte	0x6d0
 2090 0eea 230F0000 		.4byte	0xf23
 2091 0eee 19       		.uleb128 0x19
 2092 0eef 3E0D0000 		.4byte	.LASF182
 2093 0ef3 08       		.byte	0x8
 2094 0ef4 2106     		.2byte	0x621
 2095 0ef6 3E       		.byte	0x3e
 2096 0ef7 810B0000 		.4byte	0xb81
 2097 0efb 19       		.uleb128 0x19
 2098 0efc D80B0000 		.4byte	.LASF173
 2099 0f00 08       		.byte	0x8
 2100 0f01 2106     		.2byte	0x621
 2101 0f03 4C       		.byte	0x4c
 2102 0f04 87000000 		.4byte	0x87
 2103 0f08 1A       		.uleb128 0x1a
 2104 0f09 CA040000 		.4byte	.LASF183
 2105 0f0d 08       		.byte	0x8
 2106 0f0e 2306     		.2byte	0x623
 2107 0f10 0C       		.byte	0xc
 2108 0f11 A4000000 		.4byte	0xa4
 2109 0f15 1A       		.uleb128 0x1a
ARM GAS  C:\Users\nicx5\AppData\Local\Temp\cc9k9ag2.s 			page 38


 2110 0f16 79030000 		.4byte	.LASF210
 2111 0f1a 08       		.byte	0x8
 2112 0f1b 2406     		.2byte	0x624
 2113 0f1d 11       		.byte	0x11
 2114 0f1e B0000000 		.4byte	0xb0
 2115 0f22 00       		.byte	0
 2116 0f23 18       		.uleb128 0x18
 2117 0f24 01       		.byte	0x1
 2118 0f25 17060000 		.4byte	.LASF212
 2119 0f29 08       		.byte	0x8
 2120 0f2a 0606     		.2byte	0x606
 2121 0f2c 13       		.byte	0x13
 2122 0f2d 01       		.byte	0x1
 2123 0f2e D0060000 		.4byte	0x6d0
 2124 0f32 5E0F0000 		.4byte	0xf5e
 2125 0f36 19       		.uleb128 0x19
 2126 0f37 3E0D0000 		.4byte	.LASF182
 2127 0f3b 08       		.byte	0x8
 2128 0f3c 0606     		.2byte	0x606
 2129 0f3e 3E       		.byte	0x3e
 2130 0f3f 810B0000 		.4byte	0xb81
 2131 0f43 1A       		.uleb128 0x1a
 2132 0f44 CA040000 		.4byte	.LASF183
 2133 0f48 08       		.byte	0x8
 2134 0f49 0806     		.2byte	0x608
 2135 0f4b 0C       		.byte	0xc
 2136 0f4c A4000000 		.4byte	0xa4
 2137 0f50 1A       		.uleb128 0x1a
 2138 0f51 79030000 		.4byte	.LASF210
 2139 0f55 08       		.byte	0x8
 2140 0f56 0A06     		.2byte	0x60a
 2141 0f58 11       		.byte	0x11
 2142 0f59 B0000000 		.4byte	0xb0
 2143 0f5d 00       		.byte	0
 2144 0f5e 18       		.uleb128 0x18
 2145 0f5f 01       		.byte	0x1
 2146 0f60 22070000 		.4byte	.LASF213
 2147 0f64 08       		.byte	0x8
 2148 0f65 E805     		.2byte	0x5e8
 2149 0f67 13       		.byte	0x13
 2150 0f68 01       		.byte	0x1
 2151 0f69 D0060000 		.4byte	0x6d0
 2152 0f6d 990F0000 		.4byte	0xf99
 2153 0f71 19       		.uleb128 0x19
 2154 0f72 3E0D0000 		.4byte	.LASF182
 2155 0f76 08       		.byte	0x8
 2156 0f77 E805     		.2byte	0x5e8
 2157 0f79 44       		.byte	0x44
 2158 0f7a 810B0000 		.4byte	0xb81
 2159 0f7e 19       		.uleb128 0x19
 2160 0f7f 8C050000 		.4byte	.LASF214
 2161 0f83 08       		.byte	0x8
 2162 0f84 E805     		.2byte	0x5e8
 2163 0f86 52       		.byte	0x52
 2164 0f87 87000000 		.4byte	0x87
 2165 0f8b 1A       		.uleb128 0x1a
 2166 0f8c CA040000 		.4byte	.LASF183
ARM GAS  C:\Users\nicx5\AppData\Local\Temp\cc9k9ag2.s 			page 39


 2167 0f90 08       		.byte	0x8
 2168 0f91 EA05     		.2byte	0x5ea
 2169 0f93 0C       		.byte	0xc
 2170 0f94 A4000000 		.4byte	0xa4
 2171 0f98 00       		.byte	0
 2172 0f99 18       		.uleb128 0x18
 2173 0f9a 01       		.byte	0x1
 2174 0f9b 3C070000 		.4byte	.LASF215
 2175 0f9f 08       		.byte	0x8
 2176 0fa0 9105     		.2byte	0x591
 2177 0fa2 13       		.byte	0x13
 2178 0fa3 01       		.byte	0x1
 2179 0fa4 D0060000 		.4byte	0x6d0
 2180 0fa8 EC0F0000 		.4byte	0xfec
 2181 0fac 19       		.uleb128 0x19
 2182 0fad 3E0D0000 		.4byte	.LASF182
 2183 0fb1 08       		.byte	0x8
 2184 0fb2 9105     		.2byte	0x591
 2185 0fb4 37       		.byte	0x37
 2186 0fb5 150C0000 		.4byte	0xc15
 2187 0fb9 1C       		.uleb128 0x1c
 2188 0fba 63666700 		.ascii	"cfg\000"
 2189 0fbe 08       		.byte	0x8
 2190 0fbf 9105     		.2byte	0x591
 2191 0fc1 50       		.byte	0x50
 2192 0fc2 140B0000 		.4byte	0xb14
 2193 0fc6 1B       		.uleb128 0x1b
 2194 0fc7 72657400 		.ascii	"ret\000"
 2195 0fcb 08       		.byte	0x8
 2196 0fcc 9305     		.2byte	0x593
 2197 0fce 15       		.byte	0x15
 2198 0fcf D0060000 		.4byte	0x6d0
 2199 0fd3 1A       		.uleb128 0x1a
 2200 0fd4 CA040000 		.4byte	.LASF183
 2201 0fd8 08       		.byte	0x8
 2202 0fd9 9405     		.2byte	0x594
 2203 0fdb 0C       		.byte	0xc
 2204 0fdc A4000000 		.4byte	0xa4
 2205 0fe0 1B       		.uleb128 0x1b
 2206 0fe1 6900     		.ascii	"i\000"
 2207 0fe3 08       		.byte	0x8
 2208 0fe4 9505     		.2byte	0x595
 2209 0fe6 0C       		.byte	0xc
 2210 0fe7 A4000000 		.4byte	0xa4
 2211 0feb 00       		.byte	0
 2212 0fec 1D       		.uleb128 0x1d
 2213 0fed 0E0C0000 		.4byte	.LASF269
 2214 0ff1 08       		.byte	0x8
 2215 0ff2 6905     		.2byte	0x569
 2216 0ff4 1A       		.byte	0x1a
 2217 0ff5 01       		.byte	0x1
 2218 0ff6 D0060000 		.4byte	0x6d0
 2219 0ffa 19100000 		.4byte	0x1019
 2220 0ffe 19       		.uleb128 0x19
 2221 0fff 3E0D0000 		.4byte	.LASF182
 2222 1003 08       		.byte	0x8
 2223 1004 6905     		.2byte	0x569
ARM GAS  C:\Users\nicx5\AppData\Local\Temp\cc9k9ag2.s 			page 40


 2224 1006 3F       		.byte	0x3f
 2225 1007 150C0000 		.4byte	0xc15
 2226 100b 1A       		.uleb128 0x1a
 2227 100c B6030000 		.4byte	.LASF185
 2228 1010 08       		.byte	0x8
 2229 1011 6B05     		.2byte	0x56b
 2230 1013 11       		.byte	0x11
 2231 1014 B0000000 		.4byte	0xb0
 2232 1018 00       		.byte	0
 2233 1019 18       		.uleb128 0x18
 2234 101a 01       		.byte	0x1
 2235 101b CD030000 		.4byte	.LASF216
 2236 101f 08       		.byte	0x8
 2237 1020 4805     		.2byte	0x548
 2238 1022 13       		.byte	0x13
 2239 1023 01       		.byte	0x1
 2240 1024 D0060000 		.4byte	0x6d0
 2241 1028 6E100000 		.4byte	0x106e
 2242 102c 19       		.uleb128 0x19
 2243 102d 3E0D0000 		.4byte	.LASF182
 2244 1031 08       		.byte	0x8
 2245 1032 4805     		.2byte	0x548
 2246 1034 41       		.byte	0x41
 2247 1035 810B0000 		.4byte	0xb81
 2248 1039 1C       		.uleb128 0x1c
 2249 103a 646D6100 		.ascii	"dma\000"
 2250 103e 08       		.byte	0x8
 2251 103f 4805     		.2byte	0x548
 2252 1041 4F       		.byte	0x4f
 2253 1042 87000000 		.4byte	0x87
 2254 1046 19       		.uleb128 0x19
 2255 1047 AF040000 		.4byte	.LASF217
 2256 104b 08       		.byte	0x8
 2257 104c 4805     		.2byte	0x548
 2258 104e 63       		.byte	0x63
 2259 104f E2060000 		.4byte	0x6e2
 2260 1053 1A       		.uleb128 0x1a
 2261 1054 CA040000 		.4byte	.LASF183
 2262 1058 08       		.byte	0x8
 2263 1059 4A05     		.2byte	0x54a
 2264 105b 0C       		.byte	0xc
 2265 105c A4000000 		.4byte	0xa4
 2266 1060 1A       		.uleb128 0x1a
 2267 1061 DE000000 		.4byte	.LASF218
 2268 1065 08       		.byte	0x8
 2269 1066 4B05     		.2byte	0x54b
 2270 1068 0C       		.byte	0xc
 2271 1069 A4000000 		.4byte	0xa4
 2272 106d 00       		.byte	0
 2273 106e 18       		.uleb128 0x18
 2274 106f 01       		.byte	0x1
 2275 1070 F7090000 		.4byte	.LASF219
 2276 1074 08       		.byte	0x8
 2277 1075 3205     		.2byte	0x532
 2278 1077 13       		.byte	0x13
 2279 1078 01       		.byte	0x1
 2280 1079 D0060000 		.4byte	0x6d0
ARM GAS  C:\Users\nicx5\AppData\Local\Temp\cc9k9ag2.s 			page 41


 2281 107d 9C100000 		.4byte	0x109c
 2282 1081 19       		.uleb128 0x19
 2283 1082 3E0D0000 		.4byte	.LASF182
 2284 1086 08       		.byte	0x8
 2285 1087 3205     		.2byte	0x532
 2286 1089 42       		.byte	0x42
 2287 108a 810B0000 		.4byte	0xb81
 2288 108e 1A       		.uleb128 0x1a
 2289 108f CA040000 		.4byte	.LASF183
 2290 1093 08       		.byte	0x8
 2291 1094 3405     		.2byte	0x534
 2292 1096 0C       		.byte	0xc
 2293 1097 A4000000 		.4byte	0xa4
 2294 109b 00       		.byte	0
 2295 109c 18       		.uleb128 0x18
 2296 109d 01       		.byte	0x1
 2297 109e D3080000 		.4byte	.LASF220
 2298 10a2 08       		.byte	0x8
 2299 10a3 2805     		.2byte	0x528
 2300 10a5 0A       		.byte	0xa
 2301 10a6 01       		.byte	0x1
 2302 10a7 A4000000 		.4byte	0xa4
 2303 10ab BD100000 		.4byte	0x10bd
 2304 10af 19       		.uleb128 0x19
 2305 10b0 3E0D0000 		.4byte	.LASF182
 2306 10b4 08       		.byte	0x8
 2307 10b5 2805     		.2byte	0x528
 2308 10b7 33       		.byte	0x33
 2309 10b8 810B0000 		.4byte	0xb81
 2310 10bc 00       		.byte	0
 2311 10bd 1E       		.uleb128 0x1e
 2312 10be 01       		.byte	0x1
 2313 10bf F6000000 		.4byte	.LASF264
 2314 10c3 08       		.byte	0x8
 2315 10c4 1B05     		.2byte	0x51b
 2316 10c6 07       		.byte	0x7
 2317 10c7 01       		.byte	0x1
 2318 10c8 E7100000 		.4byte	0x10e7
 2319 10cc 19       		.uleb128 0x19
 2320 10cd 3E0D0000 		.4byte	.LASF182
 2321 10d1 08       		.byte	0x8
 2322 10d2 1B05     		.2byte	0x51b
 2323 10d4 32       		.byte	0x32
 2324 10d5 150C0000 		.4byte	0xc15
 2325 10d9 19       		.uleb128 0x19
 2326 10da B50A0000 		.4byte	.LASF221
 2327 10de 08       		.byte	0x8
 2328 10df 1B05     		.2byte	0x51b
 2329 10e1 41       		.byte	0x41
 2330 10e2 A4000000 		.4byte	0xa4
 2331 10e6 00       		.byte	0
 2332 10e7 18       		.uleb128 0x18
 2333 10e8 01       		.byte	0x1
 2334 10e9 94000000 		.4byte	.LASF222
 2335 10ed 08       		.byte	0x8
 2336 10ee 0605     		.2byte	0x506
 2337 10f0 0A       		.byte	0xa
ARM GAS  C:\Users\nicx5\AppData\Local\Temp\cc9k9ag2.s 			page 42


 2338 10f1 01       		.byte	0x1
 2339 10f2 A4000000 		.4byte	0xa4
 2340 10f6 49110000 		.4byte	0x1149
 2341 10fa 19       		.uleb128 0x19
 2342 10fb 3E0D0000 		.4byte	.LASF182
 2343 10ff 08       		.byte	0x8
 2344 1100 0605     		.2byte	0x506
 2345 1102 40       		.byte	0x40
 2346 1103 810B0000 		.4byte	0xb81
 2347 1107 19       		.uleb128 0x19
 2348 1108 AF0A0000 		.4byte	.LASF203
 2349 110c 08       		.byte	0x8
 2350 110d 0605     		.2byte	0x506
 2351 110f 4E       		.byte	0x4e
 2352 1110 87000000 		.4byte	0x87
 2353 1114 1A       		.uleb128 0x1a
 2354 1115 CA040000 		.4byte	.LASF183
 2355 1119 08       		.byte	0x8
 2356 111a 0805     		.2byte	0x508
 2357 111c 0C       		.byte	0xc
 2358 111d A4000000 		.4byte	0xa4
 2359 1121 1A       		.uleb128 0x1a
 2360 1122 16050000 		.4byte	.LASF190
 2361 1126 08       		.byte	0x8
 2362 1127 0905     		.2byte	0x509
 2363 1129 0C       		.byte	0xc
 2364 112a A4000000 		.4byte	0xa4
 2365 112e 1B       		.uleb128 0x1b
 2366 112f 6D736B00 		.ascii	"msk\000"
 2367 1133 08       		.byte	0x8
 2368 1134 0A05     		.2byte	0x50a
 2369 1136 0C       		.byte	0xc
 2370 1137 A4000000 		.4byte	0xa4
 2371 113b 1B       		.uleb128 0x1b
 2372 113c 656D7000 		.ascii	"emp\000"
 2373 1140 08       		.byte	0x8
 2374 1141 0B05     		.2byte	0x50b
 2375 1143 0C       		.byte	0xc
 2376 1144 A4000000 		.4byte	0xa4
 2377 1148 00       		.byte	0
 2378 1149 18       		.uleb128 0x18
 2379 114a 01       		.byte	0x1
 2380 114b 32060000 		.4byte	.LASF223
 2381 114f 08       		.byte	0x8
 2382 1150 F404     		.2byte	0x4f4
 2383 1152 0A       		.byte	0xa
 2384 1153 01       		.byte	0x1
 2385 1154 A4000000 		.4byte	0xa4
 2386 1158 91110000 		.4byte	0x1191
 2387 115c 19       		.uleb128 0x19
 2388 115d 3E0D0000 		.4byte	.LASF182
 2389 1161 08       		.byte	0x8
 2390 1162 F404     		.2byte	0x4f4
 2391 1164 41       		.byte	0x41
 2392 1165 810B0000 		.4byte	0xb81
 2393 1169 19       		.uleb128 0x19
 2394 116a AF0A0000 		.4byte	.LASF203
ARM GAS  C:\Users\nicx5\AppData\Local\Temp\cc9k9ag2.s 			page 43


 2395 116e 08       		.byte	0x8
 2396 116f F404     		.2byte	0x4f4
 2397 1171 4F       		.byte	0x4f
 2398 1172 87000000 		.4byte	0x87
 2399 1176 1A       		.uleb128 0x1a
 2400 1177 CA040000 		.4byte	.LASF183
 2401 117b 08       		.byte	0x8
 2402 117c F604     		.2byte	0x4f6
 2403 117e 0C       		.byte	0xc
 2404 117f A4000000 		.4byte	0xa4
 2405 1183 1A       		.uleb128 0x1a
 2406 1184 16050000 		.4byte	.LASF190
 2407 1188 08       		.byte	0x8
 2408 1189 F704     		.2byte	0x4f7
 2409 118b 0C       		.byte	0xc
 2410 118c A4000000 		.4byte	0xa4
 2411 1190 00       		.byte	0
 2412 1191 18       		.uleb128 0x18
 2413 1192 01       		.byte	0x1
 2414 1193 BB000000 		.4byte	.LASF224
 2415 1197 08       		.byte	0x8
 2416 1198 E204     		.2byte	0x4e2
 2417 119a 0A       		.byte	0xa
 2418 119b 01       		.byte	0x1
 2419 119c A4000000 		.4byte	0xa4
 2420 11a0 CC110000 		.4byte	0x11cc
 2421 11a4 19       		.uleb128 0x19
 2422 11a5 3E0D0000 		.4byte	.LASF182
 2423 11a9 08       		.byte	0x8
 2424 11aa E204     		.2byte	0x4e2
 2425 11ac 43       		.byte	0x43
 2426 11ad 810B0000 		.4byte	0xb81
 2427 11b1 1A       		.uleb128 0x1a
 2428 11b2 CA040000 		.4byte	.LASF183
 2429 11b6 08       		.byte	0x8
 2430 11b7 E404     		.2byte	0x4e4
 2431 11b9 0C       		.byte	0xc
 2432 11ba A4000000 		.4byte	0xa4
 2433 11be 1A       		.uleb128 0x1a
 2434 11bf 16050000 		.4byte	.LASF190
 2435 11c3 08       		.byte	0x8
 2436 11c4 E504     		.2byte	0x4e5
 2437 11c6 0C       		.byte	0xc
 2438 11c7 A4000000 		.4byte	0xa4
 2439 11cb 00       		.byte	0
 2440 11cc 18       		.uleb128 0x18
 2441 11cd 01       		.byte	0x1
 2442 11ce F8020000 		.4byte	.LASF225
 2443 11d2 08       		.byte	0x8
 2444 11d3 D204     		.2byte	0x4d2
 2445 11d5 0A       		.byte	0xa
 2446 11d6 01       		.byte	0x1
 2447 11d7 A4000000 		.4byte	0xa4
 2448 11db 07120000 		.4byte	0x1207
 2449 11df 19       		.uleb128 0x19
 2450 11e0 3E0D0000 		.4byte	.LASF182
 2451 11e4 08       		.byte	0x8
ARM GAS  C:\Users\nicx5\AppData\Local\Temp\cc9k9ag2.s 			page 44


 2452 11e5 D204     		.2byte	0x4d2
 2453 11e7 44       		.byte	0x44
 2454 11e8 810B0000 		.4byte	0xb81
 2455 11ec 1A       		.uleb128 0x1a
 2456 11ed CA040000 		.4byte	.LASF183
 2457 11f1 08       		.byte	0x8
 2458 11f2 D404     		.2byte	0x4d4
 2459 11f4 0C       		.byte	0xc
 2460 11f5 A4000000 		.4byte	0xa4
 2461 11f9 1A       		.uleb128 0x1a
 2462 11fa 16050000 		.4byte	.LASF190
 2463 11fe 08       		.byte	0x8
 2464 11ff D504     		.2byte	0x4d5
 2465 1201 0C       		.byte	0xc
 2466 1202 A4000000 		.4byte	0xa4
 2467 1206 00       		.byte	0
 2468 1207 18       		.uleb128 0x18
 2469 1208 01       		.byte	0x1
 2470 1209 BB010000 		.4byte	.LASF226
 2471 120d 08       		.byte	0x8
 2472 120e C204     		.2byte	0x4c2
 2473 1210 0A       		.byte	0xa
 2474 1211 01       		.byte	0x1
 2475 1212 A4000000 		.4byte	0xa4
 2476 1216 4F120000 		.4byte	0x124f
 2477 121a 19       		.uleb128 0x19
 2478 121b 3E0D0000 		.4byte	.LASF182
 2479 121f 08       		.byte	0x8
 2480 1220 C204     		.2byte	0x4c2
 2481 1222 3C       		.byte	0x3c
 2482 1223 810B0000 		.4byte	0xb81
 2483 1227 19       		.uleb128 0x19
 2484 1228 B10B0000 		.4byte	.LASF188
 2485 122c 08       		.byte	0x8
 2486 122d C204     		.2byte	0x4c2
 2487 122f 4A       		.byte	0x4a
 2488 1230 87000000 		.4byte	0x87
 2489 1234 1A       		.uleb128 0x1a
 2490 1235 CA040000 		.4byte	.LASF183
 2491 1239 08       		.byte	0x8
 2492 123a C404     		.2byte	0x4c4
 2493 123c 0C       		.byte	0xc
 2494 123d A4000000 		.4byte	0xa4
 2495 1241 1A       		.uleb128 0x1a
 2496 1242 16050000 		.4byte	.LASF190
 2497 1246 08       		.byte	0x8
 2498 1247 C504     		.2byte	0x4c5
 2499 1249 0C       		.byte	0xc
 2500 124a A4000000 		.4byte	0xa4
 2501 124e 00       		.byte	0
 2502 124f 18       		.uleb128 0x18
 2503 1250 01       		.byte	0x1
 2504 1251 FD040000 		.4byte	.LASF227
 2505 1255 08       		.byte	0x8
 2506 1256 B204     		.2byte	0x4b2
 2507 1258 0A       		.byte	0xa
 2508 1259 01       		.byte	0x1
ARM GAS  C:\Users\nicx5\AppData\Local\Temp\cc9k9ag2.s 			page 45


 2509 125a A4000000 		.4byte	0xa4
 2510 125e 7D120000 		.4byte	0x127d
 2511 1262 19       		.uleb128 0x19
 2512 1263 3E0D0000 		.4byte	.LASF182
 2513 1267 08       		.byte	0x8
 2514 1268 B204     		.2byte	0x4b2
 2515 126a 3A       		.byte	0x3a
 2516 126b 810B0000 		.4byte	0xb81
 2517 126f 1A       		.uleb128 0x1a
 2518 1270 16050000 		.4byte	.LASF190
 2519 1274 08       		.byte	0x8
 2520 1275 B404     		.2byte	0x4b4
 2521 1277 0C       		.byte	0xc
 2522 1278 A4000000 		.4byte	0xa4
 2523 127c 00       		.byte	0
 2524 127d 18       		.uleb128 0x18
 2525 127e 01       		.byte	0x1
 2526 127f 640C0000 		.4byte	.LASF228
 2527 1283 08       		.byte	0x8
 2528 1284 A104     		.2byte	0x4a1
 2529 1286 13       		.byte	0x13
 2530 1287 01       		.byte	0x1
 2531 1288 D0060000 		.4byte	0x6d0
 2532 128c AB120000 		.4byte	0x12ab
 2533 1290 19       		.uleb128 0x19
 2534 1291 3E0D0000 		.4byte	.LASF182
 2535 1295 08       		.byte	0x8
 2536 1296 A104     		.2byte	0x4a1
 2537 1298 42       		.byte	0x42
 2538 1299 810B0000 		.4byte	0xb81
 2539 129d 1A       		.uleb128 0x1a
 2540 129e CA040000 		.4byte	.LASF183
 2541 12a2 08       		.byte	0x8
 2542 12a3 A304     		.2byte	0x4a3
 2543 12a5 0C       		.byte	0xc
 2544 12a6 A4000000 		.4byte	0xa4
 2545 12aa 00       		.byte	0
 2546 12ab 18       		.uleb128 0x18
 2547 12ac 01       		.byte	0x1
 2548 12ad F00C0000 		.4byte	.LASF229
 2549 12b1 08       		.byte	0x8
 2550 12b2 9004     		.2byte	0x490
 2551 12b4 13       		.byte	0x13
 2552 12b5 01       		.byte	0x1
 2553 12b6 D0060000 		.4byte	0x6d0
 2554 12ba D9120000 		.4byte	0x12d9
 2555 12be 19       		.uleb128 0x19
 2556 12bf 3E0D0000 		.4byte	.LASF182
 2557 12c3 08       		.byte	0x8
 2558 12c4 9004     		.2byte	0x490
 2559 12c6 3F       		.byte	0x3f
 2560 12c7 810B0000 		.4byte	0xb81
 2561 12cb 1A       		.uleb128 0x1a
 2562 12cc CA040000 		.4byte	.LASF183
 2563 12d0 08       		.byte	0x8
 2564 12d1 9204     		.2byte	0x492
 2565 12d3 0C       		.byte	0xc
ARM GAS  C:\Users\nicx5\AppData\Local\Temp\cc9k9ag2.s 			page 46


 2566 12d4 A4000000 		.4byte	0xa4
 2567 12d8 00       		.byte	0
 2568 12d9 18       		.uleb128 0x18
 2569 12da 01       		.byte	0x1
 2570 12db 270A0000 		.4byte	.LASF230
 2571 12df 08       		.byte	0x8
 2572 12e0 8104     		.2byte	0x481
 2573 12e2 13       		.byte	0x13
 2574 12e3 01       		.byte	0x1
 2575 12e4 D0060000 		.4byte	0x6d0
 2576 12e8 14130000 		.4byte	0x1314
 2577 12ec 19       		.uleb128 0x19
 2578 12ed 3E0D0000 		.4byte	.LASF182
 2579 12f1 08       		.byte	0x8
 2580 12f2 8104     		.2byte	0x481
 2581 12f4 42       		.byte	0x42
 2582 12f5 810B0000 		.4byte	0xb81
 2583 12f9 19       		.uleb128 0x19
 2584 12fa EF0A0000 		.4byte	.LASF231
 2585 12fe 08       		.byte	0x8
 2586 12ff 8104     		.2byte	0x481
 2587 1301 50       		.byte	0x50
 2588 1302 87000000 		.4byte	0x87
 2589 1306 1A       		.uleb128 0x1a
 2590 1307 CA040000 		.4byte	.LASF183
 2591 130b 08       		.byte	0x8
 2592 130c 8304     		.2byte	0x483
 2593 130e 0C       		.byte	0xc
 2594 130f A4000000 		.4byte	0xa4
 2595 1313 00       		.byte	0
 2596 1314 18       		.uleb128 0x18
 2597 1315 01       		.byte	0x1
 2598 1316 6A070000 		.4byte	.LASF232
 2599 131a 08       		.byte	0x8
 2600 131b 5804     		.2byte	0x458
 2601 131d 13       		.byte	0x13
 2602 131e 01       		.byte	0x1
 2603 131f D0060000 		.4byte	0x6d0
 2604 1323 5A130000 		.4byte	0x135a
 2605 1327 19       		.uleb128 0x19
 2606 1328 3E0D0000 		.4byte	.LASF182
 2607 132c 08       		.byte	0x8
 2608 132d 5804     		.2byte	0x458
 2609 132f 39       		.byte	0x39
 2610 1330 150C0000 		.4byte	0xc15
 2611 1334 1B       		.uleb128 0x1b
 2612 1335 72657400 		.ascii	"ret\000"
 2613 1339 08       		.byte	0x8
 2614 133a 5A04     		.2byte	0x45a
 2615 133c 15       		.byte	0x15
 2616 133d D0060000 		.4byte	0x6d0
 2617 1341 1A       		.uleb128 0x1a
 2618 1342 CA040000 		.4byte	.LASF183
 2619 1346 08       		.byte	0x8
 2620 1347 5B04     		.2byte	0x45b
 2621 1349 0C       		.byte	0xc
 2622 134a A4000000 		.4byte	0xa4
ARM GAS  C:\Users\nicx5\AppData\Local\Temp\cc9k9ag2.s 			page 47


 2623 134e 1B       		.uleb128 0x1b
 2624 134f 6900     		.ascii	"i\000"
 2625 1351 08       		.byte	0x8
 2626 1352 5C04     		.2byte	0x45c
 2627 1354 0C       		.byte	0xc
 2628 1355 A4000000 		.4byte	0xa4
 2629 1359 00       		.byte	0
 2630 135a 18       		.uleb128 0x18
 2631 135b 01       		.byte	0x1
 2632 135c 86090000 		.4byte	.LASF233
 2633 1360 08       		.byte	0x8
 2634 1361 3B04     		.2byte	0x43b
 2635 1363 13       		.byte	0x13
 2636 1364 01       		.byte	0x1
 2637 1365 D0060000 		.4byte	0x6d0
 2638 1369 A1130000 		.4byte	0x13a1
 2639 136d 19       		.uleb128 0x19
 2640 136e 3E0D0000 		.4byte	.LASF182
 2641 1372 08       		.byte	0x8
 2642 1373 3B04     		.2byte	0x43b
 2643 1375 41       		.byte	0x41
 2644 1376 810B0000 		.4byte	0xb81
 2645 137a 1C       		.uleb128 0x1c
 2646 137b 657000   		.ascii	"ep\000"
 2647 137e 08       		.byte	0x8
 2648 137f 3B04     		.2byte	0x43b
 2649 1381 60       		.byte	0x60
 2650 1382 A1130000 		.4byte	0x13a1
 2651 1386 1A       		.uleb128 0x1a
 2652 1387 CA040000 		.4byte	.LASF183
 2653 138b 08       		.byte	0x8
 2654 138c 3D04     		.2byte	0x43d
 2655 138e 0C       		.byte	0xc
 2656 138f A4000000 		.4byte	0xa4
 2657 1393 1A       		.uleb128 0x1a
 2658 1394 AF0A0000 		.4byte	.LASF203
 2659 1398 08       		.byte	0x8
 2660 1399 3E04     		.2byte	0x43e
 2661 139b 0C       		.byte	0xc
 2662 139c A4000000 		.4byte	0xa4
 2663 13a0 00       		.byte	0
 2664 13a1 13       		.uleb128 0x13
 2665 13a2 04       		.byte	0x4
 2666 13a3 2C0B0000 		.4byte	0xb2c
 2667 13a7 18       		.uleb128 0x18
 2668 13a8 01       		.byte	0x1
 2669 13a9 2C040000 		.4byte	.LASF234
 2670 13ad 08       		.byte	0x8
 2671 13ae 1C04     		.2byte	0x41c
 2672 13b0 13       		.byte	0x13
 2673 13b1 01       		.byte	0x1
 2674 13b2 D0060000 		.4byte	0x6d0
 2675 13b6 EE130000 		.4byte	0x13ee
 2676 13ba 19       		.uleb128 0x19
 2677 13bb 3E0D0000 		.4byte	.LASF182
 2678 13bf 08       		.byte	0x8
 2679 13c0 1C04     		.2byte	0x41c
ARM GAS  C:\Users\nicx5\AppData\Local\Temp\cc9k9ag2.s 			page 48


 2680 13c2 3F       		.byte	0x3f
 2681 13c3 810B0000 		.4byte	0xb81
 2682 13c7 1C       		.uleb128 0x1c
 2683 13c8 657000   		.ascii	"ep\000"
 2684 13cb 08       		.byte	0x8
 2685 13cc 1C04     		.2byte	0x41c
 2686 13ce 5E       		.byte	0x5e
 2687 13cf A1130000 		.4byte	0x13a1
 2688 13d3 1A       		.uleb128 0x1a
 2689 13d4 CA040000 		.4byte	.LASF183
 2690 13d8 08       		.byte	0x8
 2691 13d9 1E04     		.2byte	0x41e
 2692 13db 0C       		.byte	0xc
 2693 13dc A4000000 		.4byte	0xa4
 2694 13e0 1A       		.uleb128 0x1a
 2695 13e1 AF0A0000 		.4byte	.LASF203
 2696 13e5 08       		.byte	0x8
 2697 13e6 1F04     		.2byte	0x41f
 2698 13e8 0C       		.byte	0xc
 2699 13e9 A4000000 		.4byte	0xa4
 2700 13ed 00       		.byte	0
 2701 13ee 18       		.uleb128 0x18
 2702 13ef 01       		.byte	0x1
 2703 13f0 5D040000 		.4byte	.LASF235
 2704 13f4 08       		.byte	0x8
 2705 13f5 F203     		.2byte	0x3f2
 2706 13f7 07       		.byte	0x7
 2707 13f8 01       		.byte	0x1
 2708 13f9 92060000 		.4byte	0x692
 2709 13fd 75140000 		.4byte	0x1475
 2710 1401 19       		.uleb128 0x19
 2711 1402 3E0D0000 		.4byte	.LASF182
 2712 1406 08       		.byte	0x8
 2713 1407 F203     		.2byte	0x3f2
 2714 1409 33       		.byte	0x33
 2715 140a 810B0000 		.4byte	0xb81
 2716 140e 19       		.uleb128 0x19
 2717 140f 430D0000 		.4byte	.LASF236
 2718 1413 08       		.byte	0x8
 2719 1414 F203     		.2byte	0x3f2
 2720 1416 42       		.byte	0x42
 2721 1417 DC060000 		.4byte	0x6dc
 2722 141b 1C       		.uleb128 0x1c
 2723 141c 6C656E00 		.ascii	"len\000"
 2724 1420 08       		.byte	0x8
 2725 1421 F203     		.2byte	0x3f2
 2726 1423 51       		.byte	0x51
 2727 1424 98000000 		.4byte	0x98
 2728 1428 1A       		.uleb128 0x1a
 2729 1429 CA040000 		.4byte	.LASF183
 2730 142d 08       		.byte	0x8
 2731 142e F403     		.2byte	0x3f4
 2732 1430 0C       		.byte	0xc
 2733 1431 A4000000 		.4byte	0xa4
 2734 1435 1A       		.uleb128 0x1a
 2735 1436 D20B0000 		.4byte	.LASF237
 2736 143a 08       		.byte	0x8
ARM GAS  C:\Users\nicx5\AppData\Local\Temp\cc9k9ag2.s 			page 49


 2737 143b F503     		.2byte	0x3f5
 2738 143d 0C       		.byte	0xc
 2739 143e DC060000 		.4byte	0x6dc
 2740 1442 1A       		.uleb128 0x1a
 2741 1443 10050000 		.4byte	.LASF238
 2742 1447 08       		.byte	0x8
 2743 1448 F603     		.2byte	0x3f6
 2744 144a 0C       		.byte	0xc
 2745 144b A4000000 		.4byte	0xa4
 2746 144f 1B       		.uleb128 0x1b
 2747 1450 6900     		.ascii	"i\000"
 2748 1452 08       		.byte	0x8
 2749 1453 F703     		.2byte	0x3f7
 2750 1455 0C       		.byte	0xc
 2751 1456 A4000000 		.4byte	0xa4
 2752 145a 1A       		.uleb128 0x1a
 2753 145b F4040000 		.4byte	.LASF239
 2754 145f 08       		.byte	0x8
 2755 1460 F803     		.2byte	0x3f8
 2756 1462 0C       		.byte	0xc
 2757 1463 A4000000 		.4byte	0xa4
 2758 1467 1A       		.uleb128 0x1a
 2759 1468 CD090000 		.4byte	.LASF240
 2760 146c 08       		.byte	0x8
 2761 146d F903     		.2byte	0x3f9
 2762 146f 0C       		.byte	0xc
 2763 1470 98000000 		.4byte	0x98
 2764 1474 00       		.byte	0
 2765 1475 18       		.uleb128 0x18
 2766 1476 01       		.byte	0x1
 2767 1477 1C040000 		.4byte	.LASF241
 2768 147b 08       		.byte	0x8
 2769 147c D303     		.2byte	0x3d3
 2770 147e 13       		.byte	0x13
 2771 147f 01       		.byte	0x1
 2772 1480 D0060000 		.4byte	0x6d0
 2773 1484 FC140000 		.4byte	0x14fc
 2774 1488 19       		.uleb128 0x19
 2775 1489 3E0D0000 		.4byte	.LASF182
 2776 148d 08       		.byte	0x8
 2777 148e D303     		.2byte	0x3d3
 2778 1490 40       		.byte	0x40
 2779 1491 810B0000 		.4byte	0xb81
 2780 1495 1C       		.uleb128 0x1c
 2781 1496 73726300 		.ascii	"src\000"
 2782 149a 08       		.byte	0x8
 2783 149b D303     		.2byte	0x3d3
 2784 149d 4F       		.byte	0x4f
 2785 149e DC060000 		.4byte	0x6dc
 2786 14a2 19       		.uleb128 0x19
 2787 14a3 8C060000 		.4byte	.LASF242
 2788 14a7 08       		.byte	0x8
 2789 14a8 D403     		.2byte	0x3d4
 2790 14aa 2B       		.byte	0x2b
 2791 14ab 87000000 		.4byte	0x87
 2792 14af 1C       		.uleb128 0x1c
 2793 14b0 6C656E00 		.ascii	"len\000"
ARM GAS  C:\Users\nicx5\AppData\Local\Temp\cc9k9ag2.s 			page 50


 2794 14b4 08       		.byte	0x8
 2795 14b5 D403     		.2byte	0x3d4
 2796 14b7 3F       		.byte	0x3f
 2797 14b8 98000000 		.4byte	0x98
 2798 14bc 1C       		.uleb128 0x1c
 2799 14bd 646D6100 		.ascii	"dma\000"
 2800 14c1 08       		.byte	0x8
 2801 14c2 D403     		.2byte	0x3d4
 2802 14c4 4C       		.byte	0x4c
 2803 14c5 87000000 		.4byte	0x87
 2804 14c9 1A       		.uleb128 0x1a
 2805 14ca CA040000 		.4byte	.LASF183
 2806 14ce 08       		.byte	0x8
 2807 14cf D603     		.2byte	0x3d6
 2808 14d1 0C       		.byte	0xc
 2809 14d2 A4000000 		.4byte	0xa4
 2810 14d6 1A       		.uleb128 0x1a
 2811 14d7 78090000 		.4byte	.LASF243
 2812 14db 08       		.byte	0x8
 2813 14dc D703     		.2byte	0x3d7
 2814 14de 0C       		.byte	0xc
 2815 14df DC060000 		.4byte	0x6dc
 2816 14e3 1A       		.uleb128 0x1a
 2817 14e4 F4040000 		.4byte	.LASF239
 2818 14e8 08       		.byte	0x8
 2819 14e9 D803     		.2byte	0x3d8
 2820 14eb 0C       		.byte	0xc
 2821 14ec A4000000 		.4byte	0xa4
 2822 14f0 1B       		.uleb128 0x1b
 2823 14f1 6900     		.ascii	"i\000"
 2824 14f3 08       		.byte	0x8
 2825 14f4 D903     		.2byte	0x3d9
 2826 14f6 0C       		.byte	0xc
 2827 14f7 A4000000 		.4byte	0xa4
 2828 14fb 00       		.byte	0
 2829 14fc 18       		.uleb128 0x18
 2830 14fd 01       		.byte	0x1
 2831 14fe 380C0000 		.4byte	.LASF244
 2832 1502 08       		.byte	0x8
 2833 1503 9303     		.2byte	0x393
 2834 1505 13       		.byte	0x13
 2835 1506 01       		.byte	0x1
 2836 1507 D0060000 		.4byte	0x6d0
 2837 150b 50150000 		.4byte	0x1550
 2838 150f 19       		.uleb128 0x19
 2839 1510 3E0D0000 		.4byte	.LASF182
 2840 1514 08       		.byte	0x8
 2841 1515 9303     		.2byte	0x393
 2842 1517 3F       		.byte	0x3f
 2843 1518 810B0000 		.4byte	0xb81
 2844 151c 1C       		.uleb128 0x1c
 2845 151d 657000   		.ascii	"ep\000"
 2846 1520 08       		.byte	0x8
 2847 1521 9303     		.2byte	0x393
 2848 1523 58       		.byte	0x58
 2849 1524 50150000 		.4byte	0x1550
 2850 1528 1A       		.uleb128 0x1a
ARM GAS  C:\Users\nicx5\AppData\Local\Temp\cc9k9ag2.s 			page 51


 2851 1529 B6030000 		.4byte	.LASF185
 2852 152d 08       		.byte	0x8
 2853 152e 9503     		.2byte	0x395
 2854 1530 11       		.byte	0x11
 2855 1531 B0000000 		.4byte	0xb0
 2856 1535 1B       		.uleb128 0x1b
 2857 1536 72657400 		.ascii	"ret\000"
 2858 153a 08       		.byte	0x8
 2859 153b 9603     		.2byte	0x396
 2860 153d 15       		.byte	0x15
 2861 153e D0060000 		.4byte	0x6d0
 2862 1542 1A       		.uleb128 0x1a
 2863 1543 CA040000 		.4byte	.LASF183
 2864 1547 08       		.byte	0x8
 2865 1548 9703     		.2byte	0x397
 2866 154a 0C       		.byte	0xc
 2867 154b A4000000 		.4byte	0xa4
 2868 154f 00       		.byte	0
 2869 1550 13       		.uleb128 0x13
 2870 1551 04       		.byte	0x4
 2871 1552 200B0000 		.4byte	0xb20
 2872 1556 18       		.uleb128 0x18
 2873 1557 01       		.byte	0x1
 2874 1558 5C000000 		.4byte	.LASF245
 2875 155c 08       		.byte	0x8
 2876 155d E702     		.2byte	0x2e7
 2877 155f 13       		.byte	0x13
 2878 1560 01       		.byte	0x1
 2879 1561 D0060000 		.4byte	0x6d0
 2880 1565 B7150000 		.4byte	0x15b7
 2881 1569 19       		.uleb128 0x19
 2882 156a 3E0D0000 		.4byte	.LASF182
 2883 156e 08       		.byte	0x8
 2884 156f E702     		.2byte	0x2e7
 2885 1571 3A       		.byte	0x3a
 2886 1572 150C0000 		.4byte	0xc15
 2887 1576 1C       		.uleb128 0x1c
 2888 1577 657000   		.ascii	"ep\000"
 2889 157a 08       		.byte	0x8
 2890 157b E702     		.2byte	0x2e7
 2891 157d 53       		.byte	0x53
 2892 157e 50150000 		.4byte	0x1550
 2893 1582 1C       		.uleb128 0x1c
 2894 1583 646D6100 		.ascii	"dma\000"
 2895 1587 08       		.byte	0x8
 2896 1588 E702     		.2byte	0x2e7
 2897 158a 5F       		.byte	0x5f
 2898 158b 87000000 		.4byte	0x87
 2899 158f 1A       		.uleb128 0x1a
 2900 1590 CA040000 		.4byte	.LASF183
 2901 1594 08       		.byte	0x8
 2902 1595 E902     		.2byte	0x2e9
 2903 1597 0C       		.byte	0xc
 2904 1598 A4000000 		.4byte	0xa4
 2905 159c 1A       		.uleb128 0x1a
 2906 159d AF0A0000 		.4byte	.LASF203
 2907 15a1 08       		.byte	0x8
ARM GAS  C:\Users\nicx5\AppData\Local\Temp\cc9k9ag2.s 			page 52


 2908 15a2 EA02     		.2byte	0x2ea
 2909 15a4 0C       		.byte	0xc
 2910 15a5 A4000000 		.4byte	0xa4
 2911 15a9 1A       		.uleb128 0x1a
 2912 15aa 5B070000 		.4byte	.LASF246
 2913 15ae 08       		.byte	0x8
 2914 15af EB02     		.2byte	0x2eb
 2915 15b1 0C       		.byte	0xc
 2916 15b2 98000000 		.4byte	0x98
 2917 15b6 00       		.byte	0
 2918 15b7 18       		.uleb128 0x18
 2919 15b8 01       		.byte	0x1
 2920 15b9 58090000 		.4byte	.LASF247
 2921 15bd 08       		.byte	0x8
 2922 15be BD02     		.2byte	0x2bd
 2923 15c0 13       		.byte	0x13
 2924 15c1 01       		.byte	0x1
 2925 15c2 D0060000 		.4byte	0x6d0
 2926 15c6 FE150000 		.4byte	0x15fe
 2927 15ca 19       		.uleb128 0x19
 2928 15cb 3E0D0000 		.4byte	.LASF182
 2929 15cf 08       		.byte	0x8
 2930 15d0 BD02     		.2byte	0x2bd
 2931 15d2 50       		.byte	0x50
 2932 15d3 810B0000 		.4byte	0xb81
 2933 15d7 1C       		.uleb128 0x1c
 2934 15d8 657000   		.ascii	"ep\000"
 2935 15db 08       		.byte	0x8
 2936 15dc BD02     		.2byte	0x2bd
 2937 15de 6F       		.byte	0x6f
 2938 15df A1130000 		.4byte	0x13a1
 2939 15e3 1A       		.uleb128 0x1a
 2940 15e4 CA040000 		.4byte	.LASF183
 2941 15e8 08       		.byte	0x8
 2942 15e9 BF02     		.2byte	0x2bf
 2943 15eb 0C       		.byte	0xc
 2944 15ec A4000000 		.4byte	0xa4
 2945 15f0 1A       		.uleb128 0x1a
 2946 15f1 AF0A0000 		.4byte	.LASF203
 2947 15f5 08       		.byte	0x8
 2948 15f6 C002     		.2byte	0x2c0
 2949 15f8 0C       		.byte	0xc
 2950 15f9 A4000000 		.4byte	0xa4
 2951 15fd 00       		.byte	0
 2952 15fe 18       		.uleb128 0x18
 2953 15ff 01       		.byte	0x1
 2954 1600 26010000 		.4byte	.LASF248
 2955 1604 08       		.byte	0x8
 2956 1605 8E02     		.2byte	0x28e
 2957 1607 13       		.byte	0x13
 2958 1608 01       		.byte	0x1
 2959 1609 D0060000 		.4byte	0x6d0
 2960 160d 45160000 		.4byte	0x1645
 2961 1611 19       		.uleb128 0x19
 2962 1612 3E0D0000 		.4byte	.LASF182
 2963 1616 08       		.byte	0x8
 2964 1617 8E02     		.2byte	0x28e
ARM GAS  C:\Users\nicx5\AppData\Local\Temp\cc9k9ag2.s 			page 53


 2965 1619 47       		.byte	0x47
 2966 161a 810B0000 		.4byte	0xb81
 2967 161e 1C       		.uleb128 0x1c
 2968 161f 657000   		.ascii	"ep\000"
 2969 1622 08       		.byte	0x8
 2970 1623 8E02     		.2byte	0x28e
 2971 1625 66       		.byte	0x66
 2972 1626 A1130000 		.4byte	0x13a1
 2973 162a 1A       		.uleb128 0x1a
 2974 162b CA040000 		.4byte	.LASF183
 2975 162f 08       		.byte	0x8
 2976 1630 9002     		.2byte	0x290
 2977 1632 0C       		.byte	0xc
 2978 1633 A4000000 		.4byte	0xa4
 2979 1637 1A       		.uleb128 0x1a
 2980 1638 AF0A0000 		.4byte	.LASF203
 2981 163c 08       		.byte	0x8
 2982 163d 9102     		.2byte	0x291
 2983 163f 0C       		.byte	0xc
 2984 1640 A4000000 		.4byte	0xa4
 2985 1644 00       		.byte	0
 2986 1645 18       		.uleb128 0x18
 2987 1646 01       		.byte	0x1
 2988 1647 6E050000 		.4byte	.LASF249
 2989 164b 08       		.byte	0x8
 2990 164c 6702     		.2byte	0x267
 2991 164e 13       		.byte	0x13
 2992 164f 01       		.byte	0x1
 2993 1650 D0060000 		.4byte	0x6d0
 2994 1654 8C160000 		.4byte	0x168c
 2995 1658 19       		.uleb128 0x19
 2996 1659 3E0D0000 		.4byte	.LASF182
 2997 165d 08       		.byte	0x8
 2998 165e 6702     		.2byte	0x267
 2999 1660 4E       		.byte	0x4e
 3000 1661 810B0000 		.4byte	0xb81
 3001 1665 1C       		.uleb128 0x1c
 3002 1666 657000   		.ascii	"ep\000"
 3003 1669 08       		.byte	0x8
 3004 166a 6702     		.2byte	0x267
 3005 166c 6D       		.byte	0x6d
 3006 166d A1130000 		.4byte	0x13a1
 3007 1671 1A       		.uleb128 0x1a
 3008 1672 CA040000 		.4byte	.LASF183
 3009 1676 08       		.byte	0x8
 3010 1677 6902     		.2byte	0x269
 3011 1679 0C       		.byte	0xc
 3012 167a A4000000 		.4byte	0xa4
 3013 167e 1A       		.uleb128 0x1a
 3014 167f AF0A0000 		.4byte	.LASF203
 3015 1683 08       		.byte	0x8
 3016 1684 6A02     		.2byte	0x26a
 3017 1686 0C       		.byte	0xc
 3018 1687 A4000000 		.4byte	0xa4
 3019 168b 00       		.byte	0
 3020 168c 18       		.uleb128 0x18
 3021 168d 01       		.byte	0x1
ARM GAS  C:\Users\nicx5\AppData\Local\Temp\cc9k9ag2.s 			page 54


 3022 168e EF060000 		.4byte	.LASF250
 3023 1692 08       		.byte	0x8
 3024 1693 4102     		.2byte	0x241
 3025 1695 13       		.byte	0x13
 3026 1696 01       		.byte	0x1
 3027 1697 D0060000 		.4byte	0x6d0
 3028 169b D3160000 		.4byte	0x16d3
 3029 169f 19       		.uleb128 0x19
 3030 16a0 3E0D0000 		.4byte	.LASF182
 3031 16a4 08       		.byte	0x8
 3032 16a5 4102     		.2byte	0x241
 3033 16a7 45       		.byte	0x45
 3034 16a8 810B0000 		.4byte	0xb81
 3035 16ac 1C       		.uleb128 0x1c
 3036 16ad 657000   		.ascii	"ep\000"
 3037 16b0 08       		.byte	0x8
 3038 16b1 4102     		.2byte	0x241
 3039 16b3 64       		.byte	0x64
 3040 16b4 A1130000 		.4byte	0x13a1
 3041 16b8 1A       		.uleb128 0x1a
 3042 16b9 CA040000 		.4byte	.LASF183
 3043 16bd 08       		.byte	0x8
 3044 16be 4302     		.2byte	0x243
 3045 16c0 0C       		.byte	0xc
 3046 16c1 A4000000 		.4byte	0xa4
 3047 16c5 1A       		.uleb128 0x1a
 3048 16c6 AF0A0000 		.4byte	.LASF203
 3049 16ca 08       		.byte	0x8
 3050 16cb 4402     		.2byte	0x244
 3051 16cd 0C       		.byte	0xc
 3052 16ce A4000000 		.4byte	0xa4
 3053 16d2 00       		.byte	0
 3054 16d3 18       		.uleb128 0x18
 3055 16d4 01       		.byte	0x1
 3056 16d5 91050000 		.4byte	.LASF251
 3057 16d9 08       		.byte	0x8
 3058 16da 2402     		.2byte	0x224
 3059 16dc 09       		.byte	0x9
 3060 16dd 01       		.byte	0x1
 3061 16de 87000000 		.4byte	0x87
 3062 16e2 1B170000 		.4byte	0x171b
 3063 16e6 19       		.uleb128 0x19
 3064 16e7 3E0D0000 		.4byte	.LASF182
 3065 16eb 08       		.byte	0x8
 3066 16ec 2402     		.2byte	0x224
 3067 16ee 36       		.byte	0x36
 3068 16ef 810B0000 		.4byte	0xb81
 3069 16f3 1A       		.uleb128 0x1a
 3070 16f4 CA040000 		.4byte	.LASF183
 3071 16f8 08       		.byte	0x8
 3072 16f9 2602     		.2byte	0x226
 3073 16fb 0C       		.byte	0xc
 3074 16fc A4000000 		.4byte	0xa4
 3075 1700 1A       		.uleb128 0x1a
 3076 1701 30030000 		.4byte	.LASF128
 3077 1705 08       		.byte	0x8
 3078 1706 2702     		.2byte	0x227
ARM GAS  C:\Users\nicx5\AppData\Local\Temp\cc9k9ag2.s 			page 55


 3079 1708 0B       		.byte	0xb
 3080 1709 87000000 		.4byte	0x87
 3081 170d 1A       		.uleb128 0x1a
 3082 170e 49010000 		.4byte	.LASF252
 3083 1712 08       		.byte	0x8
 3084 1713 2802     		.2byte	0x228
 3085 1715 0C       		.byte	0xc
 3086 1716 A4000000 		.4byte	0xa4
 3087 171a 00       		.byte	0
 3088 171b 18       		.uleb128 0x18
 3089 171c 01       		.byte	0x1
 3090 171d 3B040000 		.4byte	.LASF253
 3091 1721 08       		.byte	0x8
 3092 1722 1402     		.2byte	0x214
 3093 1724 13       		.byte	0x13
 3094 1725 01       		.byte	0x1
 3095 1726 D0060000 		.4byte	0x6d0
 3096 172a 56170000 		.4byte	0x1756
 3097 172e 19       		.uleb128 0x19
 3098 172f 3E0D0000 		.4byte	.LASF182
 3099 1733 08       		.byte	0x8
 3100 1734 1402     		.2byte	0x214
 3101 1736 40       		.byte	0x40
 3102 1737 810B0000 		.4byte	0xb81
 3103 173b 19       		.uleb128 0x19
 3104 173c 30030000 		.4byte	.LASF128
 3105 1740 08       		.byte	0x8
 3106 1741 1402     		.2byte	0x214
 3107 1743 4E       		.byte	0x4e
 3108 1744 87000000 		.4byte	0x87
 3109 1748 1A       		.uleb128 0x1a
 3110 1749 CA040000 		.4byte	.LASF183
 3111 174d 08       		.byte	0x8
 3112 174e 1602     		.2byte	0x216
 3113 1750 0C       		.byte	0xc
 3114 1751 A4000000 		.4byte	0xa4
 3115 1755 00       		.byte	0
 3116 1756 18       		.uleb128 0x18
 3117 1757 01       		.byte	0x1
 3118 1758 1C0C0000 		.4byte	.LASF254
 3119 175c 08       		.byte	0x8
 3120 175d E901     		.2byte	0x1e9
 3121 175f 13       		.byte	0x13
 3122 1760 01       		.byte	0x1
 3123 1761 D0060000 		.4byte	0x6d0
 3124 1765 84170000 		.4byte	0x1784
 3125 1769 19       		.uleb128 0x19
 3126 176a 3E0D0000 		.4byte	.LASF182
 3127 176e 08       		.byte	0x8
 3128 176f E901     		.2byte	0x1e9
 3129 1771 3A       		.byte	0x3a
 3130 1772 150C0000 		.4byte	0xc15
 3131 1776 1A       		.uleb128 0x1a
 3132 1777 B6030000 		.4byte	.LASF185
 3133 177b 08       		.byte	0x8
 3134 177c EB01     		.2byte	0x1eb
 3135 177e 11       		.byte	0x11
ARM GAS  C:\Users\nicx5\AppData\Local\Temp\cc9k9ag2.s 			page 56


 3136 177f B0000000 		.4byte	0xb0
 3137 1783 00       		.byte	0
 3138 1784 18       		.uleb128 0x18
 3139 1785 01       		.byte	0x1
 3140 1786 E6000000 		.4byte	.LASF255
 3141 178a 08       		.byte	0x8
 3142 178b C401     		.2byte	0x1c4
 3143 178d 13       		.byte	0x13
 3144 178e 01       		.byte	0x1
 3145 178f D0060000 		.4byte	0x6d0
 3146 1793 BF170000 		.4byte	0x17bf
 3147 1797 19       		.uleb128 0x19
 3148 1798 3E0D0000 		.4byte	.LASF182
 3149 179c 08       		.byte	0x8
 3150 179d C401     		.2byte	0x1c4
 3151 179f 3A       		.byte	0x3a
 3152 17a0 150C0000 		.4byte	0xc15
 3153 17a4 1C       		.uleb128 0x1c
 3154 17a5 6E756D00 		.ascii	"num\000"
 3155 17a9 08       		.byte	0x8
 3156 17aa C401     		.2byte	0x1c4
 3157 17ac 49       		.byte	0x49
 3158 17ad A4000000 		.4byte	0xa4
 3159 17b1 1A       		.uleb128 0x1a
 3160 17b2 B6030000 		.4byte	.LASF185
 3161 17b6 08       		.byte	0x8
 3162 17b7 C601     		.2byte	0x1c6
 3163 17b9 11       		.byte	0x11
 3164 17ba B0000000 		.4byte	0xb0
 3165 17be 00       		.byte	0
 3166 17bf 18       		.uleb128 0x18
 3167 17c0 01       		.byte	0x1
 3168 17c1 2C0C0000 		.4byte	.LASF256
 3169 17c5 08       		.byte	0x8
 3170 17c6 2C01     		.2byte	0x12c
 3171 17c8 13       		.byte	0x13
 3172 17c9 01       		.byte	0x1
 3173 17ca D0060000 		.4byte	0x6d0
 3174 17ce 12180000 		.4byte	0x1812
 3175 17d2 19       		.uleb128 0x19
 3176 17d3 3E0D0000 		.4byte	.LASF182
 3177 17d7 08       		.byte	0x8
 3178 17d8 2C01     		.2byte	0x12c
 3179 17da 36       		.byte	0x36
 3180 17db 150C0000 		.4byte	0xc15
 3181 17df 1C       		.uleb128 0x1c
 3182 17e0 63666700 		.ascii	"cfg\000"
 3183 17e4 08       		.byte	0x8
 3184 17e5 2C01     		.2byte	0x12c
 3185 17e7 4F       		.byte	0x4f
 3186 17e8 140B0000 		.4byte	0xb14
 3187 17ec 1B       		.uleb128 0x1b
 3188 17ed 72657400 		.ascii	"ret\000"
 3189 17f1 08       		.byte	0x8
 3190 17f2 2E01     		.2byte	0x12e
 3191 17f4 15       		.byte	0x15
 3192 17f5 D0060000 		.4byte	0x6d0
ARM GAS  C:\Users\nicx5\AppData\Local\Temp\cc9k9ag2.s 			page 57


 3193 17f9 1A       		.uleb128 0x1a
 3194 17fa CA040000 		.4byte	.LASF183
 3195 17fe 08       		.byte	0x8
 3196 17ff 2F01     		.2byte	0x12f
 3197 1801 0C       		.byte	0xc
 3198 1802 A4000000 		.4byte	0xa4
 3199 1806 1B       		.uleb128 0x1b
 3200 1807 6900     		.ascii	"i\000"
 3201 1809 08       		.byte	0x8
 3202 180a 3001     		.2byte	0x130
 3203 180c 0C       		.byte	0xc
 3204 180d A4000000 		.4byte	0xa4
 3205 1811 00       		.byte	0
 3206 1812 1F       		.uleb128 0x1f
 3207 1813 01       		.byte	0x1
 3208 1814 820C0000 		.4byte	.LASF257
 3209 1818 08       		.byte	0x8
 3210 1819 FD       		.byte	0xfd
 3211 181a 13       		.byte	0x13
 3212 181b 01       		.byte	0x1
 3213 181c D0060000 		.4byte	0x6d0
 3214 1820 48180000 		.4byte	0x1848
 3215 1824 20       		.uleb128 0x20
 3216 1825 3E0D0000 		.4byte	.LASF182
 3217 1829 08       		.byte	0x8
 3218 182a FD       		.byte	0xfd
 3219 182b 3D       		.byte	0x3d
 3220 182c 150C0000 		.4byte	0xc15
 3221 1830 20       		.uleb128 0x20
 3222 1831 E7010000 		.4byte	.LASF258
 3223 1835 08       		.byte	0x8
 3224 1836 FD       		.byte	0xfd
 3225 1837 57       		.byte	0x57
 3226 1838 080B0000 		.4byte	0xb08
 3227 183c 21       		.uleb128 0x21
 3228 183d 6D7300   		.ascii	"ms\000"
 3229 1840 08       		.byte	0x8
 3230 1841 FF       		.byte	0xff
 3231 1842 0C       		.byte	0xc
 3232 1843 A4000000 		.4byte	0xa4
 3233 1847 00       		.byte	0
 3234 1848 1F       		.uleb128 0x1f
 3235 1849 01       		.byte	0x1
 3236 184a 870D0000 		.4byte	.LASF259
 3237 184e 08       		.byte	0x8
 3238 184f EE       		.byte	0xee
 3239 1850 13       		.byte	0x13
 3240 1851 01       		.byte	0x1
 3241 1852 D0060000 		.4byte	0x6d0
 3242 1856 67180000 		.4byte	0x1867
 3243 185a 20       		.uleb128 0x20
 3244 185b 3E0D0000 		.4byte	.LASF182
 3245 185f 08       		.byte	0x8
 3246 1860 EE       		.byte	0xee
 3247 1861 3F       		.byte	0x3f
 3248 1862 150C0000 		.4byte	0xc15
 3249 1866 00       		.byte	0
ARM GAS  C:\Users\nicx5\AppData\Local\Temp\cc9k9ag2.s 			page 58


 3250 1867 1F       		.uleb128 0x1f
 3251 1868 01       		.byte	0x1
 3252 1869 430A0000 		.4byte	.LASF260
 3253 186d 08       		.byte	0x8
 3254 186e E2       		.byte	0xe2
 3255 186f 13       		.byte	0x13
 3256 1870 01       		.byte	0x1
 3257 1871 D0060000 		.4byte	0x6d0
 3258 1875 86180000 		.4byte	0x1886
 3259 1879 20       		.uleb128 0x20
 3260 187a 3E0D0000 		.4byte	.LASF182
 3261 187e 08       		.byte	0x8
 3262 187f E2       		.byte	0xe2
 3263 1880 3E       		.byte	0x3e
 3264 1881 150C0000 		.4byte	0xc15
 3265 1885 00       		.byte	0
 3266 1886 1F       		.uleb128 0x1f
 3267 1887 01       		.byte	0x1
 3268 1888 3F0B0000 		.4byte	.LASF261
 3269 188c 08       		.byte	0x8
 3270 188d 8F       		.byte	0x8f
 3271 188e 13       		.byte	0x13
 3272 188f 01       		.byte	0x1
 3273 1890 D0060000 		.4byte	0x6d0
 3274 1894 C9180000 		.4byte	0x18c9
 3275 1898 20       		.uleb128 0x20
 3276 1899 3E0D0000 		.4byte	.LASF182
 3277 189d 08       		.byte	0x8
 3278 189e 8F       		.byte	0x8f
 3279 189f 40       		.byte	0x40
 3280 18a0 150C0000 		.4byte	0xc15
 3281 18a4 20       		.uleb128 0x20
 3282 18a5 36000000 		.4byte	.LASF262
 3283 18a9 08       		.byte	0x8
 3284 18aa 90       		.byte	0x90
 3285 18ab 32       		.byte	0x32
 3286 18ac A4000000 		.4byte	0xa4
 3287 18b0 20       		.uleb128 0x20
 3288 18b1 30030000 		.4byte	.LASF128
 3289 18b5 08       		.byte	0x8
 3290 18b6 90       		.byte	0x90
 3291 18b7 40       		.byte	0x40
 3292 18b8 87000000 		.4byte	0x87
 3293 18bc 22       		.uleb128 0x22
 3294 18bd 56040000 		.4byte	.LASF263
 3295 18c1 08       		.byte	0x8
 3296 18c2 92       		.byte	0x92
 3297 18c3 0C       		.byte	0xc
 3298 18c4 A4000000 		.4byte	0xa4
 3299 18c8 00       		.byte	0
 3300 18c9 23       		.uleb128 0x23
 3301 18ca 01       		.byte	0x1
 3302 18cb 3F050000 		.4byte	.LASF265
 3303 18cf 08       		.byte	0x8
 3304 18d0 53       		.byte	0x53
 3305 18d1 13       		.byte	0x13
 3306 18d2 01       		.byte	0x1
ARM GAS  C:\Users\nicx5\AppData\Local\Temp\cc9k9ag2.s 			page 59


 3307 18d3 D0060000 		.4byte	0x6d0
 3308 18d7 20       		.uleb128 0x20
 3309 18d8 3E0D0000 		.4byte	.LASF182
 3310 18dc 08       		.byte	0x8
 3311 18dd 53       		.byte	0x53
 3312 18de 37       		.byte	0x37
 3313 18df 150C0000 		.4byte	0xc15
 3314 18e3 24       		.uleb128 0x24
 3315 18e4 63666700 		.ascii	"cfg\000"
 3316 18e8 08       		.byte	0x8
 3317 18e9 53       		.byte	0x53
 3318 18ea 50       		.byte	0x50
 3319 18eb 140B0000 		.4byte	0xb14
 3320 18ef 21       		.uleb128 0x21
 3321 18f0 72657400 		.ascii	"ret\000"
 3322 18f4 08       		.byte	0x8
 3323 18f5 55       		.byte	0x55
 3324 18f6 15       		.byte	0x15
 3325 18f7 D0060000 		.4byte	0x6d0
 3326 18fb 00       		.byte	0
 3327 18fc 00       		.byte	0
 3328              		.section	.gnu.debuglto_.debug_abbrev,"e",%progbits
 3329              	.Ldebug_abbrev0:
 3330 0000 01       		.uleb128 0x1
 3331 0001 11       		.uleb128 0x11
 3332 0002 01       		.byte	0x1
 3333 0003 25       		.uleb128 0x25
 3334 0004 0E       		.uleb128 0xe
 3335 0005 13       		.uleb128 0x13
 3336 0006 0B       		.uleb128 0xb
 3337 0007 03       		.uleb128 0x3
 3338 0008 0E       		.uleb128 0xe
 3339 0009 1B       		.uleb128 0x1b
 3340 000a 0E       		.uleb128 0xe
 3341 000b 10       		.uleb128 0x10
 3342 000c 06       		.uleb128 0x6
 3343 000d 00       		.byte	0
 3344 000e 00       		.byte	0
 3345 000f 02       		.uleb128 0x2
 3346 0010 24       		.uleb128 0x24
 3347 0011 00       		.byte	0
 3348 0012 0B       		.uleb128 0xb
 3349 0013 0B       		.uleb128 0xb
 3350 0014 3E       		.uleb128 0x3e
 3351 0015 0B       		.uleb128 0xb
 3352 0016 03       		.uleb128 0x3
 3353 0017 0E       		.uleb128 0xe
 3354 0018 00       		.byte	0
 3355 0019 00       		.byte	0
 3356 001a 03       		.uleb128 0x3
 3357 001b 16       		.uleb128 0x16
 3358 001c 00       		.byte	0
 3359 001d 03       		.uleb128 0x3
 3360 001e 0E       		.uleb128 0xe
 3361 001f 3A       		.uleb128 0x3a
 3362 0020 0B       		.uleb128 0xb
 3363 0021 3B       		.uleb128 0x3b
ARM GAS  C:\Users\nicx5\AppData\Local\Temp\cc9k9ag2.s 			page 60


 3364 0022 0B       		.uleb128 0xb
 3365 0023 39       		.uleb128 0x39
 3366 0024 0B       		.uleb128 0xb
 3367 0025 49       		.uleb128 0x49
 3368 0026 13       		.uleb128 0x13
 3369 0027 00       		.byte	0
 3370 0028 00       		.byte	0
 3371 0029 04       		.uleb128 0x4
 3372 002a 24       		.uleb128 0x24
 3373 002b 00       		.byte	0
 3374 002c 0B       		.uleb128 0xb
 3375 002d 0B       		.uleb128 0xb
 3376 002e 3E       		.uleb128 0x3e
 3377 002f 0B       		.uleb128 0xb
 3378 0030 03       		.uleb128 0x3
 3379 0031 08       		.uleb128 0x8
 3380 0032 00       		.byte	0
 3381 0033 00       		.byte	0
 3382 0034 05       		.uleb128 0x5
 3383 0035 26       		.uleb128 0x26
 3384 0036 00       		.byte	0
 3385 0037 49       		.uleb128 0x49
 3386 0038 13       		.uleb128 0x13
 3387 0039 00       		.byte	0
 3388 003a 00       		.byte	0
 3389 003b 06       		.uleb128 0x6
 3390 003c 35       		.uleb128 0x35
 3391 003d 00       		.byte	0
 3392 003e 49       		.uleb128 0x49
 3393 003f 13       		.uleb128 0x13
 3394 0040 00       		.byte	0
 3395 0041 00       		.byte	0
 3396 0042 07       		.uleb128 0x7
 3397 0043 13       		.uleb128 0x13
 3398 0044 01       		.byte	0x1
 3399 0045 03       		.uleb128 0x3
 3400 0046 0E       		.uleb128 0xe
 3401 0047 0B       		.uleb128 0xb
 3402 0048 0B       		.uleb128 0xb
 3403 0049 8801     		.uleb128 0x88
 3404 004b 0B       		.uleb128 0xb
 3405 004c 3A       		.uleb128 0x3a
 3406 004d 0B       		.uleb128 0xb
 3407 004e 3B       		.uleb128 0x3b
 3408 004f 0B       		.uleb128 0xb
 3409 0050 39       		.uleb128 0x39
 3410 0051 0B       		.uleb128 0xb
 3411 0052 01       		.uleb128 0x1
 3412 0053 13       		.uleb128 0x13
 3413 0054 00       		.byte	0
 3414 0055 00       		.byte	0
 3415 0056 08       		.uleb128 0x8
 3416 0057 0D       		.uleb128 0xd
 3417 0058 00       		.byte	0
 3418 0059 03       		.uleb128 0x3
 3419 005a 08       		.uleb128 0x8
 3420 005b 3A       		.uleb128 0x3a
ARM GAS  C:\Users\nicx5\AppData\Local\Temp\cc9k9ag2.s 			page 61


 3421 005c 0B       		.uleb128 0xb
 3422 005d 3B       		.uleb128 0x3b
 3423 005e 0B       		.uleb128 0xb
 3424 005f 39       		.uleb128 0x39
 3425 0060 0B       		.uleb128 0xb
 3426 0061 49       		.uleb128 0x49
 3427 0062 13       		.uleb128 0x13
 3428 0063 38       		.uleb128 0x38
 3429 0064 0A       		.uleb128 0xa
 3430 0065 00       		.byte	0
 3431 0066 00       		.byte	0
 3432 0067 09       		.uleb128 0x9
 3433 0068 01       		.uleb128 0x1
 3434 0069 01       		.byte	0x1
 3435 006a 49       		.uleb128 0x49
 3436 006b 13       		.uleb128 0x13
 3437 006c 01       		.uleb128 0x1
 3438 006d 13       		.uleb128 0x13
 3439 006e 00       		.byte	0
 3440 006f 00       		.byte	0
 3441 0070 0A       		.uleb128 0xa
 3442 0071 21       		.uleb128 0x21
 3443 0072 00       		.byte	0
 3444 0073 49       		.uleb128 0x49
 3445 0074 13       		.uleb128 0x13
 3446 0075 2F       		.uleb128 0x2f
 3447 0076 0B       		.uleb128 0xb
 3448 0077 00       		.byte	0
 3449 0078 00       		.byte	0
 3450 0079 0B       		.uleb128 0xb
 3451 007a 13       		.uleb128 0x13
 3452 007b 01       		.byte	0x1
 3453 007c 0B       		.uleb128 0xb
 3454 007d 05       		.uleb128 0x5
 3455 007e 3A       		.uleb128 0x3a
 3456 007f 0B       		.uleb128 0xb
 3457 0080 3B       		.uleb128 0x3b
 3458 0081 05       		.uleb128 0x5
 3459 0082 39       		.uleb128 0x39
 3460 0083 0B       		.uleb128 0xb
 3461 0084 01       		.uleb128 0x1
 3462 0085 13       		.uleb128 0x13
 3463 0086 00       		.byte	0
 3464 0087 00       		.byte	0
 3465 0088 0C       		.uleb128 0xc
 3466 0089 0D       		.uleb128 0xd
 3467 008a 00       		.byte	0
 3468 008b 03       		.uleb128 0x3
 3469 008c 0E       		.uleb128 0xe
 3470 008d 3A       		.uleb128 0x3a
 3471 008e 0B       		.uleb128 0xb
 3472 008f 3B       		.uleb128 0x3b
 3473 0090 05       		.uleb128 0x5
 3474 0091 39       		.uleb128 0x39
 3475 0092 0B       		.uleb128 0xb
 3476 0093 49       		.uleb128 0x49
 3477 0094 13       		.uleb128 0x13
ARM GAS  C:\Users\nicx5\AppData\Local\Temp\cc9k9ag2.s 			page 62


 3478 0095 38       		.uleb128 0x38
 3479 0096 0A       		.uleb128 0xa
 3480 0097 00       		.byte	0
 3481 0098 00       		.byte	0
 3482 0099 0D       		.uleb128 0xd
 3483 009a 0D       		.uleb128 0xd
 3484 009b 00       		.byte	0
 3485 009c 03       		.uleb128 0x3
 3486 009d 08       		.uleb128 0x8
 3487 009e 3A       		.uleb128 0x3a
 3488 009f 0B       		.uleb128 0xb
 3489 00a0 3B       		.uleb128 0x3b
 3490 00a1 05       		.uleb128 0x5
 3491 00a2 39       		.uleb128 0x39
 3492 00a3 0B       		.uleb128 0xb
 3493 00a4 49       		.uleb128 0x49
 3494 00a5 13       		.uleb128 0x13
 3495 00a6 38       		.uleb128 0x38
 3496 00a7 0A       		.uleb128 0xa
 3497 00a8 00       		.byte	0
 3498 00a9 00       		.byte	0
 3499 00aa 0E       		.uleb128 0xe
 3500 00ab 16       		.uleb128 0x16
 3501 00ac 00       		.byte	0
 3502 00ad 03       		.uleb128 0x3
 3503 00ae 0E       		.uleb128 0xe
 3504 00af 3A       		.uleb128 0x3a
 3505 00b0 0B       		.uleb128 0xb
 3506 00b1 3B       		.uleb128 0x3b
 3507 00b2 05       		.uleb128 0x5
 3508 00b3 39       		.uleb128 0x39
 3509 00b4 0B       		.uleb128 0xb
 3510 00b5 49       		.uleb128 0x49
 3511 00b6 13       		.uleb128 0x13
 3512 00b7 00       		.byte	0
 3513 00b8 00       		.byte	0
 3514 00b9 0F       		.uleb128 0xf
 3515 00ba 13       		.uleb128 0x13
 3516 00bb 01       		.byte	0x1
 3517 00bc 0B       		.uleb128 0xb
 3518 00bd 0B       		.uleb128 0xb
 3519 00be 3A       		.uleb128 0x3a
 3520 00bf 0B       		.uleb128 0xb
 3521 00c0 3B       		.uleb128 0x3b
 3522 00c1 05       		.uleb128 0x5
 3523 00c2 39       		.uleb128 0x39
 3524 00c3 0B       		.uleb128 0xb
 3525 00c4 01       		.uleb128 0x1
 3526 00c5 13       		.uleb128 0x13
 3527 00c6 00       		.byte	0
 3528 00c7 00       		.byte	0
 3529 00c8 10       		.uleb128 0x10
 3530 00c9 0F       		.uleb128 0xf
 3531 00ca 00       		.byte	0
 3532 00cb 0B       		.uleb128 0xb
 3533 00cc 0B       		.uleb128 0xb
 3534 00cd 00       		.byte	0
ARM GAS  C:\Users\nicx5\AppData\Local\Temp\cc9k9ag2.s 			page 63


 3535 00ce 00       		.byte	0
 3536 00cf 11       		.uleb128 0x11
 3537 00d0 04       		.uleb128 0x4
 3538 00d1 01       		.byte	0x1
 3539 00d2 3E       		.uleb128 0x3e
 3540 00d3 0B       		.uleb128 0xb
 3541 00d4 0B       		.uleb128 0xb
 3542 00d5 0B       		.uleb128 0xb
 3543 00d6 49       		.uleb128 0x49
 3544 00d7 13       		.uleb128 0x13
 3545 00d8 3A       		.uleb128 0x3a
 3546 00d9 0B       		.uleb128 0xb
 3547 00da 3B       		.uleb128 0x3b
 3548 00db 0B       		.uleb128 0xb
 3549 00dc 39       		.uleb128 0x39
 3550 00dd 0B       		.uleb128 0xb
 3551 00de 01       		.uleb128 0x1
 3552 00df 13       		.uleb128 0x13
 3553 00e0 00       		.byte	0
 3554 00e1 00       		.byte	0
 3555 00e2 12       		.uleb128 0x12
 3556 00e3 28       		.uleb128 0x28
 3557 00e4 00       		.byte	0
 3558 00e5 03       		.uleb128 0x3
 3559 00e6 0E       		.uleb128 0xe
 3560 00e7 1C       		.uleb128 0x1c
 3561 00e8 0B       		.uleb128 0xb
 3562 00e9 00       		.byte	0
 3563 00ea 00       		.byte	0
 3564 00eb 13       		.uleb128 0x13
 3565 00ec 0F       		.uleb128 0xf
 3566 00ed 00       		.byte	0
 3567 00ee 0B       		.uleb128 0xb
 3568 00ef 0B       		.uleb128 0xb
 3569 00f0 49       		.uleb128 0x49
 3570 00f1 13       		.uleb128 0x13
 3571 00f2 00       		.byte	0
 3572 00f3 00       		.byte	0
 3573 00f4 14       		.uleb128 0x14
 3574 00f5 13       		.uleb128 0x13
 3575 00f6 01       		.byte	0x1
 3576 00f7 0B       		.uleb128 0xb
 3577 00f8 0B       		.uleb128 0xb
 3578 00f9 3A       		.uleb128 0x3a
 3579 00fa 0B       		.uleb128 0xb
 3580 00fb 3B       		.uleb128 0x3b
 3581 00fc 0B       		.uleb128 0xb
 3582 00fd 39       		.uleb128 0x39
 3583 00fe 0B       		.uleb128 0xb
 3584 00ff 01       		.uleb128 0x1
 3585 0100 13       		.uleb128 0x13
 3586 0101 00       		.byte	0
 3587 0102 00       		.byte	0
 3588 0103 15       		.uleb128 0x15
 3589 0104 0D       		.uleb128 0xd
 3590 0105 00       		.byte	0
 3591 0106 03       		.uleb128 0x3
ARM GAS  C:\Users\nicx5\AppData\Local\Temp\cc9k9ag2.s 			page 64


 3592 0107 0E       		.uleb128 0xe
 3593 0108 3A       		.uleb128 0x3a
 3594 0109 0B       		.uleb128 0xb
 3595 010a 3B       		.uleb128 0x3b
 3596 010b 0B       		.uleb128 0xb
 3597 010c 39       		.uleb128 0x39
 3598 010d 0B       		.uleb128 0xb
 3599 010e 49       		.uleb128 0x49
 3600 010f 13       		.uleb128 0x13
 3601 0110 38       		.uleb128 0x38
 3602 0111 0A       		.uleb128 0xa
 3603 0112 00       		.byte	0
 3604 0113 00       		.byte	0
 3605 0114 16       		.uleb128 0x16
 3606 0115 2E       		.uleb128 0x2e
 3607 0116 01       		.byte	0x1
 3608 0117 3F       		.uleb128 0x3f
 3609 0118 0C       		.uleb128 0xc
 3610 0119 03       		.uleb128 0x3
 3611 011a 0E       		.uleb128 0xe
 3612 011b 3A       		.uleb128 0x3a
 3613 011c 0B       		.uleb128 0xb
 3614 011d 3B       		.uleb128 0x3b
 3615 011e 05       		.uleb128 0x5
 3616 011f 39       		.uleb128 0x39
 3617 0120 0B       		.uleb128 0xb
 3618 0121 27       		.uleb128 0x27
 3619 0122 0C       		.uleb128 0xc
 3620 0123 3C       		.uleb128 0x3c
 3621 0124 0C       		.uleb128 0xc
 3622 0125 01       		.uleb128 0x1
 3623 0126 13       		.uleb128 0x13
 3624 0127 00       		.byte	0
 3625 0128 00       		.byte	0
 3626 0129 17       		.uleb128 0x17
 3627 012a 05       		.uleb128 0x5
 3628 012b 00       		.byte	0
 3629 012c 49       		.uleb128 0x49
 3630 012d 13       		.uleb128 0x13
 3631 012e 00       		.byte	0
 3632 012f 00       		.byte	0
 3633 0130 18       		.uleb128 0x18
 3634 0131 2E       		.uleb128 0x2e
 3635 0132 01       		.byte	0x1
 3636 0133 3F       		.uleb128 0x3f
 3637 0134 0C       		.uleb128 0xc
 3638 0135 03       		.uleb128 0x3
 3639 0136 0E       		.uleb128 0xe
 3640 0137 3A       		.uleb128 0x3a
 3641 0138 0B       		.uleb128 0xb
 3642 0139 3B       		.uleb128 0x3b
 3643 013a 05       		.uleb128 0x5
 3644 013b 39       		.uleb128 0x39
 3645 013c 0B       		.uleb128 0xb
 3646 013d 27       		.uleb128 0x27
 3647 013e 0C       		.uleb128 0xc
 3648 013f 49       		.uleb128 0x49
ARM GAS  C:\Users\nicx5\AppData\Local\Temp\cc9k9ag2.s 			page 65


 3649 0140 13       		.uleb128 0x13
 3650 0141 01       		.uleb128 0x1
 3651 0142 13       		.uleb128 0x13
 3652 0143 00       		.byte	0
 3653 0144 00       		.byte	0
 3654 0145 19       		.uleb128 0x19
 3655 0146 05       		.uleb128 0x5
 3656 0147 00       		.byte	0
 3657 0148 03       		.uleb128 0x3
 3658 0149 0E       		.uleb128 0xe
 3659 014a 3A       		.uleb128 0x3a
 3660 014b 0B       		.uleb128 0xb
 3661 014c 3B       		.uleb128 0x3b
 3662 014d 05       		.uleb128 0x5
 3663 014e 39       		.uleb128 0x39
 3664 014f 0B       		.uleb128 0xb
 3665 0150 49       		.uleb128 0x49
 3666 0151 13       		.uleb128 0x13
 3667 0152 00       		.byte	0
 3668 0153 00       		.byte	0
 3669 0154 1A       		.uleb128 0x1a
 3670 0155 34       		.uleb128 0x34
 3671 0156 00       		.byte	0
 3672 0157 03       		.uleb128 0x3
 3673 0158 0E       		.uleb128 0xe
 3674 0159 3A       		.uleb128 0x3a
 3675 015a 0B       		.uleb128 0xb
 3676 015b 3B       		.uleb128 0x3b
 3677 015c 05       		.uleb128 0x5
 3678 015d 39       		.uleb128 0x39
 3679 015e 0B       		.uleb128 0xb
 3680 015f 49       		.uleb128 0x49
 3681 0160 13       		.uleb128 0x13
 3682 0161 00       		.byte	0
 3683 0162 00       		.byte	0
 3684 0163 1B       		.uleb128 0x1b
 3685 0164 34       		.uleb128 0x34
 3686 0165 00       		.byte	0
 3687 0166 03       		.uleb128 0x3
 3688 0167 08       		.uleb128 0x8
 3689 0168 3A       		.uleb128 0x3a
 3690 0169 0B       		.uleb128 0xb
 3691 016a 3B       		.uleb128 0x3b
 3692 016b 05       		.uleb128 0x5
 3693 016c 39       		.uleb128 0x39
 3694 016d 0B       		.uleb128 0xb
 3695 016e 49       		.uleb128 0x49
 3696 016f 13       		.uleb128 0x13
 3697 0170 00       		.byte	0
 3698 0171 00       		.byte	0
 3699 0172 1C       		.uleb128 0x1c
 3700 0173 05       		.uleb128 0x5
 3701 0174 00       		.byte	0
 3702 0175 03       		.uleb128 0x3
 3703 0176 08       		.uleb128 0x8
 3704 0177 3A       		.uleb128 0x3a
 3705 0178 0B       		.uleb128 0xb
ARM GAS  C:\Users\nicx5\AppData\Local\Temp\cc9k9ag2.s 			page 66


 3706 0179 3B       		.uleb128 0x3b
 3707 017a 05       		.uleb128 0x5
 3708 017b 39       		.uleb128 0x39
 3709 017c 0B       		.uleb128 0xb
 3710 017d 49       		.uleb128 0x49
 3711 017e 13       		.uleb128 0x13
 3712 017f 00       		.byte	0
 3713 0180 00       		.byte	0
 3714 0181 1D       		.uleb128 0x1d
 3715 0182 2E       		.uleb128 0x2e
 3716 0183 01       		.byte	0x1
 3717 0184 03       		.uleb128 0x3
 3718 0185 0E       		.uleb128 0xe
 3719 0186 3A       		.uleb128 0x3a
 3720 0187 0B       		.uleb128 0xb
 3721 0188 3B       		.uleb128 0x3b
 3722 0189 05       		.uleb128 0x5
 3723 018a 39       		.uleb128 0x39
 3724 018b 0B       		.uleb128 0xb
 3725 018c 27       		.uleb128 0x27
 3726 018d 0C       		.uleb128 0xc
 3727 018e 49       		.uleb128 0x49
 3728 018f 13       		.uleb128 0x13
 3729 0190 01       		.uleb128 0x1
 3730 0191 13       		.uleb128 0x13
 3731 0192 00       		.byte	0
 3732 0193 00       		.byte	0
 3733 0194 1E       		.uleb128 0x1e
 3734 0195 2E       		.uleb128 0x2e
 3735 0196 01       		.byte	0x1
 3736 0197 3F       		.uleb128 0x3f
 3737 0198 0C       		.uleb128 0xc
 3738 0199 03       		.uleb128 0x3
 3739 019a 0E       		.uleb128 0xe
 3740 019b 3A       		.uleb128 0x3a
 3741 019c 0B       		.uleb128 0xb
 3742 019d 3B       		.uleb128 0x3b
 3743 019e 05       		.uleb128 0x5
 3744 019f 39       		.uleb128 0x39
 3745 01a0 0B       		.uleb128 0xb
 3746 01a1 27       		.uleb128 0x27
 3747 01a2 0C       		.uleb128 0xc
 3748 01a3 01       		.uleb128 0x1
 3749 01a4 13       		.uleb128 0x13
 3750 01a5 00       		.byte	0
 3751 01a6 00       		.byte	0
 3752 01a7 1F       		.uleb128 0x1f
 3753 01a8 2E       		.uleb128 0x2e
 3754 01a9 01       		.byte	0x1
 3755 01aa 3F       		.uleb128 0x3f
 3756 01ab 0C       		.uleb128 0xc
 3757 01ac 03       		.uleb128 0x3
 3758 01ad 0E       		.uleb128 0xe
 3759 01ae 3A       		.uleb128 0x3a
 3760 01af 0B       		.uleb128 0xb
 3761 01b0 3B       		.uleb128 0x3b
 3762 01b1 0B       		.uleb128 0xb
ARM GAS  C:\Users\nicx5\AppData\Local\Temp\cc9k9ag2.s 			page 67


 3763 01b2 39       		.uleb128 0x39
 3764 01b3 0B       		.uleb128 0xb
 3765 01b4 27       		.uleb128 0x27
 3766 01b5 0C       		.uleb128 0xc
 3767 01b6 49       		.uleb128 0x49
 3768 01b7 13       		.uleb128 0x13
 3769 01b8 01       		.uleb128 0x1
 3770 01b9 13       		.uleb128 0x13
 3771 01ba 00       		.byte	0
 3772 01bb 00       		.byte	0
 3773 01bc 20       		.uleb128 0x20
 3774 01bd 05       		.uleb128 0x5
 3775 01be 00       		.byte	0
 3776 01bf 03       		.uleb128 0x3
 3777 01c0 0E       		.uleb128 0xe
 3778 01c1 3A       		.uleb128 0x3a
 3779 01c2 0B       		.uleb128 0xb
 3780 01c3 3B       		.uleb128 0x3b
 3781 01c4 0B       		.uleb128 0xb
 3782 01c5 39       		.uleb128 0x39
 3783 01c6 0B       		.uleb128 0xb
 3784 01c7 49       		.uleb128 0x49
 3785 01c8 13       		.uleb128 0x13
 3786 01c9 00       		.byte	0
 3787 01ca 00       		.byte	0
 3788 01cb 21       		.uleb128 0x21
 3789 01cc 34       		.uleb128 0x34
 3790 01cd 00       		.byte	0
 3791 01ce 03       		.uleb128 0x3
 3792 01cf 08       		.uleb128 0x8
 3793 01d0 3A       		.uleb128 0x3a
 3794 01d1 0B       		.uleb128 0xb
 3795 01d2 3B       		.uleb128 0x3b
 3796 01d3 0B       		.uleb128 0xb
 3797 01d4 39       		.uleb128 0x39
 3798 01d5 0B       		.uleb128 0xb
 3799 01d6 49       		.uleb128 0x49
 3800 01d7 13       		.uleb128 0x13
 3801 01d8 00       		.byte	0
 3802 01d9 00       		.byte	0
 3803 01da 22       		.uleb128 0x22
 3804 01db 34       		.uleb128 0x34
 3805 01dc 00       		.byte	0
 3806 01dd 03       		.uleb128 0x3
 3807 01de 0E       		.uleb128 0xe
 3808 01df 3A       		.uleb128 0x3a
 3809 01e0 0B       		.uleb128 0xb
 3810 01e1 3B       		.uleb128 0x3b
 3811 01e2 0B       		.uleb128 0xb
 3812 01e3 39       		.uleb128 0x39
 3813 01e4 0B       		.uleb128 0xb
 3814 01e5 49       		.uleb128 0x49
 3815 01e6 13       		.uleb128 0x13
 3816 01e7 00       		.byte	0
 3817 01e8 00       		.byte	0
 3818 01e9 23       		.uleb128 0x23
 3819 01ea 2E       		.uleb128 0x2e
ARM GAS  C:\Users\nicx5\AppData\Local\Temp\cc9k9ag2.s 			page 68


 3820 01eb 01       		.byte	0x1
 3821 01ec 3F       		.uleb128 0x3f
 3822 01ed 0C       		.uleb128 0xc
 3823 01ee 03       		.uleb128 0x3
 3824 01ef 0E       		.uleb128 0xe
 3825 01f0 3A       		.uleb128 0x3a
 3826 01f1 0B       		.uleb128 0xb
 3827 01f2 3B       		.uleb128 0x3b
 3828 01f3 0B       		.uleb128 0xb
 3829 01f4 39       		.uleb128 0x39
 3830 01f5 0B       		.uleb128 0xb
 3831 01f6 27       		.uleb128 0x27
 3832 01f7 0C       		.uleb128 0xc
 3833 01f8 49       		.uleb128 0x49
 3834 01f9 13       		.uleb128 0x13
 3835 01fa 00       		.byte	0
 3836 01fb 00       		.byte	0
 3837 01fc 24       		.uleb128 0x24
 3838 01fd 05       		.uleb128 0x5
 3839 01fe 00       		.byte	0
 3840 01ff 03       		.uleb128 0x3
 3841 0200 08       		.uleb128 0x8
 3842 0201 3A       		.uleb128 0x3a
 3843 0202 0B       		.uleb128 0xb
 3844 0203 3B       		.uleb128 0x3b
 3845 0204 0B       		.uleb128 0xb
 3846 0205 39       		.uleb128 0x39
 3847 0206 0B       		.uleb128 0xb
 3848 0207 49       		.uleb128 0x49
 3849 0208 13       		.uleb128 0x13
 3850 0209 00       		.byte	0
 3851 020a 00       		.byte	0
 3852 020b 00       		.byte	0
 3853              		.section	.gnu.debuglto_.debug_line,"e",%progbits
 3854              	.Ldebug_line0:
 3855 0000 AA010000 		.4byte	.LELT0-.LSLT0
 3856              	.LSLT0:
 3857 0004 0200     		.2byte	0x2
 3858 0006 A4010000 		.4byte	.LELTP0-.LASLTP0
 3859              	.LASLTP0:
 3860 000a 01       		.byte	0x1
 3861 000b 01       		.byte	0x1
 3862 000c F6       		.byte	0xf6
 3863 000d F2       		.byte	0xf2
 3864 000e 0D       		.byte	0xd
 3865 000f 00       		.byte	0
 3866 0010 01       		.byte	0x1
 3867 0011 01       		.byte	0x1
 3868 0012 01       		.byte	0x1
 3869 0013 01       		.byte	0x1
 3870 0014 00       		.byte	0
 3871 0015 00       		.byte	0
 3872 0016 00       		.byte	0
 3873 0017 01       		.byte	0x1
 3874 0018 00       		.byte	0
 3875 0019 00       		.byte	0
 3876 001a 01       		.byte	0x1
ARM GAS  C:\Users\nicx5\AppData\Local\Temp\cc9k9ag2.s 			page 69


 3877 001b 443A2F50 		.ascii	"D:/Program Files/msys64/mingw64/arm-none-eabi/inclu"
 3877      726F6772 
 3877      616D2046 
 3877      696C6573 
 3877      2F6D7379 
 3878 004e 64652F6D 		.ascii	"de/machine"
 3878      61636869 
 3878      6E65
 3879 0058 00       		.byte	0
 3880 0059 443A2F50 		.ascii	"D:/Program Files/msys64/mingw64/arm-none-eabi/inclu"
 3880      726F6772 
 3880      616D2046 
 3880      696C6573 
 3880      2F6D7379 
 3881 008c 64652F73 		.ascii	"de/sys"
 3881      7973
 3882 0092 00       		.byte	0
 3883 0093 44726976 		.ascii	"Drivers/CMSIS/Device/ST/STM32H7xx/Include"
 3883      6572732F 
 3883      434D5349 
 3883      532F4465 
 3883      76696365 
 3884 00bc 00       		.byte	0
 3885 00bd 44726976 		.ascii	"Drivers/CMSIS/Include"
 3885      6572732F 
 3885      434D5349 
 3885      532F496E 
 3885      636C7564 
 3886 00d2 00       		.byte	0
 3887 00d3 44726976 		.ascii	"Drivers/STM32H7xx_HAL_Driver/Inc"
 3887      6572732F 
 3887      53544D33 
 3887      32483778 
 3887      785F4841 
 3888 00f3 00       		.byte	0
 3889 00f4 44726976 		.ascii	"Drivers/STM32H7xx_HAL_Driver/Src"
 3889      6572732F 
 3889      53544D33 
 3889      32483778 
 3889      785F4841 
 3890 0114 00       		.byte	0
 3891 0115 00       		.byte	0
 3892 0116 5F646566 		.ascii	"_default_types.h\000"
 3892      61756C74 
 3892      5F747970 
 3892      65732E68 
 3892      00
 3893 0127 01       		.uleb128 0x1
 3894 0128 00       		.uleb128 0
 3895 0129 00       		.uleb128 0
 3896 012a 5F737464 		.ascii	"_stdint.h\000"
 3896      696E742E 
 3896      6800
 3897 0134 02       		.uleb128 0x2
 3898 0135 00       		.uleb128 0
 3899 0136 00       		.uleb128 0
 3900 0137 636D7369 		.ascii	"cmsis_gcc.h\000"
ARM GAS  C:\Users\nicx5\AppData\Local\Temp\cc9k9ag2.s 			page 70


 3900      735F6763 
 3900      632E6800 
 3901 0143 04       		.uleb128 0x4
 3902 0144 00       		.uleb128 0
 3903 0145 00       		.uleb128 0
 3904 0146 73746D33 		.ascii	"stm32h750xx.h\000"
 3904      32683735 
 3904      3078782E 
 3904      6800
 3905 0154 03       		.uleb128 0x3
 3906 0155 00       		.uleb128 0
 3907 0156 00       		.uleb128 0
 3908 0157 73746D33 		.ascii	"stm32h7xx_hal_def.h\000"
 3908      32683778 
 3908      785F6861 
 3908      6C5F6465 
 3908      662E6800 
 3909 016b 05       		.uleb128 0x5
 3910 016c 00       		.uleb128 0
 3911 016d 00       		.uleb128 0
 3912 016e 73746D33 		.ascii	"stm32h7xx_ll_usb.h\000"
 3912      32683778 
 3912      785F6C6C 
 3912      5F757362 
 3912      2E6800
 3913 0181 05       		.uleb128 0x5
 3914 0182 00       		.uleb128 0
 3915 0183 00       		.uleb128 0
 3916 0184 73746D33 		.ascii	"stm32h7xx_hal.h\000"
 3916      32683778 
 3916      785F6861 
 3916      6C2E6800 
 3917 0194 05       		.uleb128 0x5
 3918 0195 00       		.uleb128 0
 3919 0196 00       		.uleb128 0
 3920 0197 73746D33 		.ascii	"stm32h7xx_ll_usb.c\000"
 3920      32683778 
 3920      785F6C6C 
 3920      5F757362 
 3920      2E6300
 3921 01aa 06       		.uleb128 0x6
 3922 01ab 00       		.uleb128 0
 3923 01ac 00       		.uleb128 0
 3924 01ad 00       		.byte	0
 3925              	.LELTP0:
 3926              	.LELT0:
 3927              		.section	.gnu.debuglto_.debug_str,"eMS",%progbits,1
 3928              	.LASF162:
 3929 0000 6875625F 		.ascii	"hub_port_nbr\000"
 3929      706F7274 
 3929      5F6E6272 
 3929      00
 3930              	.LASF68:
 3931 000d 44494550 		.ascii	"DIEPTSIZ\000"
 3931      5453495A 
 3931      00
 3932              	.LASF122:
ARM GAS  C:\Users\nicx5\AppData\Local\Temp\cc9k9ag2.s 			page 71


 3933 0016 48435F42 		.ascii	"HC_BBLERR\000"
 3933      424C4552 
 3933      5200
 3934              	.LASF125:
 3935 0020 6465765F 		.ascii	"dev_endpoints\000"
 3935      656E6470 
 3935      6F696E74 
 3935      7300
 3936              	.LASF39:
 3937 002e 47414450 		.ascii	"GADPCTL\000"
 3937      43544C00 
 3938              	.LASF262:
 3939 0036 68636C6B 		.ascii	"hclk\000"
 3939      00
 3940              	.LASF60:
 3941 003b 52657365 		.ascii	"Reserved40\000"
 3941      72766564 
 3941      343000
 3942              	.LASF40:
 3943 0046 52657365 		.ascii	"Reserved43\000"
 3943      72766564 
 3943      343300
 3944              	.LASF62:
 3945 0051 52657365 		.ascii	"Reserved44\000"
 3945      72766564 
 3945      343400
 3946              	.LASF245:
 3947 005c 5553425F 		.ascii	"USB_EPStartXfer\000"
 3947      45505374 
 3947      61727458 
 3947      66657200 
 3948              	.LASF44:
 3949 006c 44434647 		.ascii	"DCFG\000"
 3949      00
 3950              	.LASF134:
 3951 0071 62617474 		.ascii	"battery_charging_enable\000"
 3951      6572795F 
 3951      63686172 
 3951      67696E67 
 3951      5F656E61 
 3952              	.LASF63:
 3953 0089 444F5554 		.ascii	"DOUTEP1MSK\000"
 3953      4550314D 
 3953      534B00
 3954              	.LASF222:
 3955 0094 5553425F 		.ascii	"USB_ReadDevInEPInterrupt\000"
 3955      52656164 
 3955      44657649 
 3955      6E455049 
 3955      6E746572 
 3956              	.LASF104:
 3957 00ad 5553425F 		.ascii	"USB_HOST_MODE\000"
 3957      484F5354 
 3957      5F4D4F44 
 3957      4500
 3958              	.LASF224:
 3959 00bb 5553425F 		.ascii	"USB_ReadDevAllInEpInterrupt\000"
ARM GAS  C:\Users\nicx5\AppData\Local\Temp\cc9k9ag2.s 			page 72


 3959      52656164 
 3959      44657641 
 3959      6C6C496E 
 3959      4570496E 
 3960              	.LASF90:
 3961 00d7 48435453 		.ascii	"HCTSIZ\000"
 3961      495A00
 3962              	.LASF218:
 3963 00de 67534E50 		.ascii	"gSNPSiD\000"
 3963      53694400 
 3964              	.LASF255:
 3965 00e6 5553425F 		.ascii	"USB_FlushTxFifo\000"
 3965      466C7573 
 3965      68547846 
 3965      69666F00 
 3966              	.LASF264:
 3967 00f6 5553425F 		.ascii	"USB_ClearInterrupts\000"
 3967      436C6561 
 3967      72496E74 
 3967      65727275 
 3967      70747300 
 3968              	.LASF136:
 3969 010a 7573655F 		.ascii	"use_dedicated_ep1\000"
 3969      64656469 
 3969      63617465 
 3969      645F6570 
 3969      3100
 3970              	.LASF179:
 3971 011c 48414C5F 		.ascii	"HAL_Delay\000"
 3971      44656C61 
 3971      7900
 3972              	.LASF248:
 3973 0126 5553425F 		.ascii	"USB_DeactivateEndpoint\000"
 3973      44656163 
 3973      74697661 
 3973      7465456E 
 3973      64706F69 
 3974              	.LASF191:
 3975 013d 5553425F 		.ascii	"USB_HC_Halt\000"
 3975      48435F48 
 3975      616C7400 
 3976              	.LASF252:
 3977 0149 44657645 		.ascii	"DevEnumSpeed\000"
 3977      6E756D53 
 3977      70656564 
 3977      00
 3978              	.LASF100:
 3979 0156 48414C5F 		.ascii	"HAL_BUSY\000"
 3979      42555359 
 3979      00
 3980              	.LASF107:
 3981 015f 5552425F 		.ascii	"URB_IDLE\000"
 3981      49444C45 
 3981      00
 3982              	.LASF22:
 3983 0168 47494E54 		.ascii	"GINTSTS\000"
 3983      53545300 
ARM GAS  C:\Users\nicx5\AppData\Local\Temp\cc9k9ag2.s 			page 73


 3984              	.LASF154:
 3985 0170 63685F6E 		.ascii	"ch_num\000"
 3985      756D00
 3986              	.LASF43:
 3987 0177 5553425F 		.ascii	"USB_OTG_GlobalTypeDef\000"
 3987      4F54475F 
 3987      476C6F62 
 3987      616C5479 
 3987      70654465 
 3988              	.LASF205:
 3989 018d 48436368 		.ascii	"HCcharEpDir\000"
 3989      61724570 
 3989      44697200 
 3990              	.LASF30:
 3991 0199 47434346 		.ascii	"GCCFG\000"
 3991      4700
 3992              	.LASF204:
 3993 019f 6465765F 		.ascii	"dev_address\000"
 3993      61646472 
 3993      65737300 
 3994              	.LASF115:
 3995 01ab 48435F58 		.ascii	"HC_XFRC\000"
 3995      46524300 
 3996              	.LASF31:
 3997 01b3 47534E50 		.ascii	"GSNPSID\000"
 3997      53494400 
 3998              	.LASF226:
 3999 01bb 5553425F 		.ascii	"USB_ReadChInterrupts\000"
 3999      52656164 
 3999      4368496E 
 3999      74657272 
 3999      75707473 
 4000              	.LASF119:
 4001 01d0 48435F4E 		.ascii	"HC_NYET\000"
 4001      59455400 
 4002              	.LASF82:
 4003 01d8 48505458 		.ascii	"HPTXSTS\000"
 4003      53545300 
 4004              	.LASF192:
 4005 01e0 68635F6E 		.ascii	"hc_num\000"
 4005      756D00
 4006              	.LASF258:
 4007 01e7 6D6F6465 		.ascii	"mode\000"
 4007      00
 4008              	.LASF176:
 4009 01ec 5553425F 		.ascii	"USB_OTG_CfgTypeDef\000"
 4009      4F54475F 
 4009      43666754 
 4009      79706544 
 4009      656600
 4010              	.LASF27:
 4011 01ff 44494550 		.ascii	"DIEPTXF0_HNPTXFSIZ\000"
 4011      54584630 
 4011      5F484E50 
 4011      54584653 
 4011      495A00
 4012              	.LASF266:
ARM GAS  C:\Users\nicx5\AppData\Local\Temp\cc9k9ag2.s 			page 74


 4013 0212 474E5520 		.ascii	"GNU C17 13.3.0 -mcpu=cortex-m7 -mthumb -mfpu=fpv5-d"
 4013      43313720 
 4013      31332E33 
 4013      2E30202D 
 4013      6D637075 
 4014 0245 3136202D 		.ascii	"16 -mfloat-abi=hard -march=armv7e-m+fp.dp -g -gdwar"
 4014      6D666C6F 
 4014      61742D61 
 4014      62693D68 
 4014      61726420 
 4015 0278 662D3220 		.ascii	"f-2 -Os -fdata-sections -ffunction-sections -flto -"
 4015      2D4F7320 
 4015      2D666461 
 4015      74612D73 
 4015      65637469 
 4016 02ab 666D6572 		.ascii	"fmerge-constants -fno-unwind-tables -fno-asynchrono"
 4016      67652D63 
 4016      6F6E7374 
 4016      616E7473 
 4016      202D666E 
 4017 02de 75732D75 		.ascii	"us-unwind-tables\000"
 4017      6E77696E 
 4017      642D7461 
 4017      626C6573 
 4017      00
 4018              	.LASF54:
 4019 02ef 44564255 		.ascii	"DVBUSDIS\000"
 4019      53444953 
 4019      00
 4020              	.LASF225:
 4021 02f8 5553425F 		.ascii	"USB_ReadDevAllOutEpInterrupt\000"
 4021      52656164 
 4021      44657641 
 4021      6C6C4F75 
 4021      74457049 
 4022              	.LASF177:
 4023 0315 5553425F 		.ascii	"USB_OTG_EPTypeDef\000"
 4023      4F54475F 
 4023      45505479 
 4023      70654465 
 4023      6600
 4024              	.LASF150:
 4025 0327 646D615F 		.ascii	"dma_addr\000"
 4025      61646472 
 4025      00
 4026              	.LASF128:
 4027 0330 73706565 		.ascii	"speed\000"
 4027      6400
 4028              	.LASF101:
 4029 0336 48414C5F 		.ascii	"HAL_TIMEOUT\000"
 4029      54494D45 
 4029      4F555400 
 4030              	.LASF170:
 4031 0342 45727243 		.ascii	"ErrCnt\000"
 4031      6E7400
 4032              	.LASF138:
 4033 0349 5553425F 		.ascii	"USB_CfgTypeDef\000"
ARM GAS  C:\Users\nicx5\AppData\Local\Temp\cc9k9ag2.s 			page 75


 4033      43666754 
 4033      79706544 
 4033      656600
 4034              	.LASF172:
 4035 0358 7572625F 		.ascii	"urb_state\000"
 4035      73746174 
 4035      6500
 4036              	.LASF207:
 4037 0362 486F7374 		.ascii	"HostCoreSpeed\000"
 4037      436F7265 
 4037      53706565 
 4037      6400
 4038              	.LASF14:
 4039 0370 75696E74 		.ascii	"uint32_t\000"
 4039      33325F74 
 4039      00
 4040              	.LASF210:
 4041 0379 68707274 		.ascii	"hprt0\000"
 4041      3000
 4042              	.LASF57:
 4043 037f 44494550 		.ascii	"DIEPEMPMSK\000"
 4043      454D504D 
 4043      534B00
 4044              	.LASF133:
 4045 038a 6C706D5F 		.ascii	"lpm_enable\000"
 4045      656E6162 
 4045      6C6500
 4046              	.LASF96:
 4047 0395 666C6F61 		.ascii	"float\000"
 4047      7400
 4048              	.LASF169:
 4049 039b 746F6767 		.ascii	"toggle_out\000"
 4049      6C655F6F 
 4049      757400
 4050              	.LASF106:
 4051 03a6 5553425F 		.ascii	"USB_ModeTypeDef\000"
 4051      4D6F6465 
 4051      54797065 
 4051      44656600 
 4052              	.LASF185:
 4053 03b6 636F756E 		.ascii	"count\000"
 4053      7400
 4054              	.LASF193:
 4055 03bc 68636E75 		.ascii	"hcnum\000"
 4055      6D00
 4056              	.LASF127:
 4057 03c2 646D615F 		.ascii	"dma_enable\000"
 4057      656E6162 
 4057      6C6500
 4058              	.LASF216:
 4059 03cd 5553425F 		.ascii	"USB_EP0_OutStart\000"
 4059      4550305F 
 4059      4F757453 
 4059      74617274 
 4059      00
 4060              	.LASF99:
 4061 03de 48414C5F 		.ascii	"HAL_ERROR\000"
ARM GAS  C:\Users\nicx5\AppData\Local\Temp\cc9k9ag2.s 			page 76


 4061      4552524F 
 4061      5200
 4062              	.LASF10:
 4063 03e8 6C6F6E67 		.ascii	"long long unsigned int\000"
 4063      206C6F6E 
 4063      6720756E 
 4063      7369676E 
 4063      65642069 
 4064              	.LASF92:
 4065 03ff 52657365 		.ascii	"Reserved\000"
 4065      72766564 
 4065      00
 4066              	.LASF26:
 4067 0408 47525846 		.ascii	"GRXFSIZ\000"
 4067      53495A00 
 4068              	.LASF149:
 4069 0410 74785F66 		.ascii	"tx_fifo_num\000"
 4069      69666F5F 
 4069      6E756D00 
 4070              	.LASF241:
 4071 041c 5553425F 		.ascii	"USB_WritePacket\000"
 4071      57726974 
 4071      65506163 
 4071      6B657400 
 4072              	.LASF234:
 4073 042c 5553425F 		.ascii	"USB_EPSetStall\000"
 4073      45505365 
 4073      74537461 
 4073      6C6C00
 4074              	.LASF253:
 4075 043b 5553425F 		.ascii	"USB_SetDevSpeed\000"
 4075      53657444 
 4075      65765370 
 4075      65656400 
 4076              	.LASF4:
 4077 044b 5F5F7569 		.ascii	"__uint16_t\000"
 4077      6E743136 
 4077      5F7400
 4078              	.LASF263:
 4079 0456 55736254 		.ascii	"UsbTrd\000"
 4079      726400
 4080              	.LASF235:
 4081 045d 5553425F 		.ascii	"USB_ReadPacket\000"
 4081      52656164 
 4081      5061636B 
 4081      657400
 4082              	.LASF77:
 4083 046c 5553425F 		.ascii	"USB_OTG_OUTEndpointTypeDef\000"
 4083      4F54475F 
 4083      4F555445 
 4083      6E64706F 
 4083      696E7454 
 4084              	.LASF114:
 4085 0487 48435F49 		.ascii	"HC_IDLE\000"
 4085      444C4500 
 4086              	.LASF159:
 4087 048f 646F5F63 		.ascii	"do_csplit\000"
ARM GAS  C:\Users\nicx5\AppData\Local\Temp\cc9k9ag2.s 			page 77


 4087      73706C69 
 4087      7400
 4088              	.LASF98:
 4089 0499 48414C5F 		.ascii	"HAL_OK\000"
 4089      4F4B00
 4090              	.LASF59:
 4091 04a0 44454143 		.ascii	"DEACHMSK\000"
 4091      484D534B 
 4091      00
 4092              	.LASF186:
 4093 04a9 76616C75 		.ascii	"value\000"
 4093      6500
 4094              	.LASF217:
 4095 04af 70736574 		.ascii	"psetup\000"
 4095      757000
 4096              	.LASF175:
 4097 04b6 5553425F 		.ascii	"USB_OTG_ModeTypeDef\000"
 4097      4F54475F 
 4097      4D6F6465 
 4097      54797065 
 4097      44656600 
 4098              	.LASF183:
 4099 04ca 55534278 		.ascii	"USBx_BASE\000"
 4099      5F424153 
 4099      4500
 4100              	.LASF180:
 4101 04d4 5553425F 		.ascii	"USB_DeActivateRemoteWakeup\000"
 4101      44654163 
 4101      74697661 
 4101      74655265 
 4101      6D6F7465 
 4102              	.LASF46:
 4103 04ef 44535453 		.ascii	"DSTS\000"
 4103      00
 4104              	.LASF239:
 4105 04f4 636F756E 		.ascii	"count32b\000"
 4105      74333262 
 4105      00
 4106              	.LASF227:
 4107 04fd 5553425F 		.ascii	"USB_ReadInterrupts\000"
 4107      52656164 
 4107      496E7465 
 4107      72727570 
 4107      747300
 4108              	.LASF238:
 4109 0510 70446174 		.ascii	"pData\000"
 4109      6100
 4110              	.LASF190:
 4111 0516 746D7072 		.ascii	"tmpreg\000"
 4111      656700
 4112              	.LASF135:
 4113 051d 76627573 		.ascii	"vbus_sensing_enable\000"
 4113      5F73656E 
 4113      73696E67 
 4113      5F656E61 
 4113      626C6500 
 4114              	.LASF78:
ARM GAS  C:\Users\nicx5\AppData\Local\Temp\cc9k9ag2.s 			page 78


 4115 0531 48434647 		.ascii	"HCFG\000"
 4115      00
 4116              	.LASF167:
 4117 0536 58666572 		.ascii	"XferSize\000"
 4117      53697A65 
 4117      00
 4118              	.LASF265:
 4119 053f 5553425F 		.ascii	"USB_CoreInit\000"
 4119      436F7265 
 4119      496E6974 
 4119      00
 4120              	.LASF93:
 4121 054c 5553425F 		.ascii	"USB_OTG_HostChannelTypeDef\000"
 4121      4F54475F 
 4121      486F7374 
 4121      4368616E 
 4121      6E656C54 
 4122              	.LASF86:
 4123 0567 48434348 		.ascii	"HCCHAR\000"
 4123      415200
 4124              	.LASF249:
 4125 056e 5553425F 		.ascii	"USB_ActivateDedicatedEndpoint\000"
 4125      41637469 
 4125      76617465 
 4125      44656469 
 4125      63617465 
 4126              	.LASF214:
 4127 058c 66726571 		.ascii	"freq\000"
 4127      00
 4128              	.LASF251:
 4129 0591 5553425F 		.ascii	"USB_GetDevSpeed\000"
 4129      47657444 
 4129      65765370 
 4129      65656400 
 4130              	.LASF58:
 4131 05a1 44454143 		.ascii	"DEACHINT\000"
 4131      48494E54 
 4131      00
 4132              	.LASF139:
 4133 05aa 69735F69 		.ascii	"is_in\000"
 4133      6E00
 4134              	.LASF143:
 4135 05b0 64617461 		.ascii	"data_pid_start\000"
 4135      5F706964 
 4135      5F737461 
 4135      727400
 4136              	.LASF75:
 4137 05bf 444F4550 		.ascii	"DOEPTSIZ\000"
 4137      5453495A 
 4137      00
 4138              	.LASF49:
 4139 05c8 444F4550 		.ascii	"DOEPMSK\000"
 4139      4D534B00 
 4140              	.LASF52:
 4141 05d0 52657365 		.ascii	"Reserved20\000"
 4141      72766564 
 4141      323000
ARM GAS  C:\Users\nicx5\AppData\Local\Temp\cc9k9ag2.s 			page 79


 4142              	.LASF84:
 4143 05db 4841494E 		.ascii	"HAINTMSK\000"
 4143      544D534B 
 4143      00
 4144              	.LASF95:
 4145 05e4 63686172 		.ascii	"char\000"
 4145      00
 4146              	.LASF137:
 4147 05e9 7573655F 		.ascii	"use_external_vbus\000"
 4147      65787465 
 4147      726E616C 
 4147      5F766275 
 4147      7300
 4148              	.LASF123:
 4149 05fb 48435F44 		.ascii	"HC_DATATGLERR\000"
 4149      41544154 
 4149      474C4552 
 4149      5200
 4150              	.LASF16:
 4151 0609 545F5549 		.ascii	"T_UINT32_READ\000"
 4151      4E543332 
 4151      5F524541 
 4151      4400
 4152              	.LASF212:
 4153 0617 5553425F 		.ascii	"USB_ResetPort\000"
 4153      52657365 
 4153      74506F72 
 4153      7400
 4154              	.LASF105:
 4155 0625 5553425F 		.ascii	"USB_DRD_MODE\000"
 4155      4452445F 
 4155      4D4F4445 
 4155      00
 4156              	.LASF223:
 4157 0632 5553425F 		.ascii	"USB_ReadDevOutEPInterrupt\000"
 4157      52656164 
 4157      4465764F 
 4157      75744550 
 4157      496E7465 
 4158              	.LASF184:
 4159 064c 5553425F 		.ascii	"USB_StopHost\000"
 4159      53746F70 
 4159      486F7374 
 4159      00
 4160              	.LASF76:
 4161 0659 444F4550 		.ascii	"DOEPDMA\000"
 4161      444D4100 
 4162              	.LASF21:
 4163 0661 47525354 		.ascii	"GRSTCTL\000"
 4163      43544C00 
 4164              	.LASF129:
 4165 0669 6570305F 		.ascii	"ep0_mps\000"
 4165      6D707300 
 4166              	.LASF145:
 4167 0671 78666572 		.ascii	"xfer_buff\000"
 4167      5F627566 
 4167      6600
ARM GAS  C:\Users\nicx5\AppData\Local\Temp\cc9k9ag2.s 			page 80


 4168              	.LASF12:
 4169 067b 75696E74 		.ascii	"uint8_t\000"
 4169      385F7400 
 4170              	.LASF194:
 4171 0683 48634570 		.ascii	"HcEpType\000"
 4171      54797065 
 4171      00
 4172              	.LASF242:
 4173 068c 63685F65 		.ascii	"ch_ep_num\000"
 4173      705F6E75 
 4173      6D00
 4174              	.LASF121:
 4175 0696 48435F58 		.ascii	"HC_XACTERR\000"
 4175      41435445 
 4175      525200
 4176              	.LASF87:
 4177 06a1 48435350 		.ascii	"HCSPLT\000"
 4177      4C5400
 4178              	.LASF189:
 4179 06a8 6E756D5F 		.ascii	"num_packets\000"
 4179      7061636B 
 4179      65747300 
 4180              	.LASF32:
 4181 06b4 47485743 		.ascii	"GHWCFG1\000"
 4181      46473100 
 4182              	.LASF33:
 4183 06bc 47485743 		.ascii	"GHWCFG2\000"
 4183      46473200 
 4184              	.LASF34:
 4185 06c4 47485743 		.ascii	"GHWCFG3\000"
 4185      46473300 
 4186              	.LASF196:
 4187 06cc 53706C69 		.ascii	"SplitEna\000"
 4187      74456E61 
 4187      00
 4188              	.LASF201:
 4189 06d5 6D61785F 		.ascii	"max_hc_pkt_count\000"
 4189      68635F70 
 4189      6B745F63 
 4189      6F756E74 
 4189      00
 4190              	.LASF166:
 4191 06e6 64617461 		.ascii	"data_pid\000"
 4191      5F706964 
 4191      00
 4192              	.LASF250:
 4193 06ef 5553425F 		.ascii	"USB_ActivateEndpoint\000"
 4193      41637469 
 4193      76617465 
 4193      456E6470 
 4193      6F696E74 
 4194              	.LASF9:
 4195 0704 6C6F6E67 		.ascii	"long long int\000"
 4195      206C6F6E 
 4195      6720696E 
 4195      7400
 4196              	.LASF74:
ARM GAS  C:\Users\nicx5\AppData\Local\Temp\cc9k9ag2.s 			page 81


 4197 0712 444F4550 		.ascii	"DOEPINT\000"
 4197      494E5400 
 4198              	.LASF73:
 4199 071a 444F4550 		.ascii	"DOEPCTL\000"
 4199      43544C00 
 4200              	.LASF213:
 4201 0722 5553425F 		.ascii	"USB_InitFSLSPClkSel\000"
 4201      496E6974 
 4201      46534C53 
 4201      50436C6B 
 4201      53656C00 
 4202              	.LASF83:
 4203 0736 4841494E 		.ascii	"HAINT\000"
 4203      5400
 4204              	.LASF215:
 4205 073c 5553425F 		.ascii	"USB_HostInit\000"
 4205      486F7374 
 4205      496E6974 
 4205      00
 4206              	.LASF51:
 4207 0749 4441494E 		.ascii	"DAINTMSK\000"
 4207      544D534B 
 4207      00
 4208              	.LASF89:
 4209 0752 4843494E 		.ascii	"HCINTMSK\000"
 4209      544D534B 
 4209      00
 4210              	.LASF246:
 4211 075b 706B7463 		.ascii	"pktcnt\000"
 4211      6E7400
 4212              	.LASF70:
 4213 0762 44545846 		.ascii	"DTXFSTS\000"
 4213      53545300 
 4214              	.LASF232:
 4215 076a 5553425F 		.ascii	"USB_StopDevice\000"
 4215      53746F70 
 4215      44657669 
 4215      636500
 4216              	.LASF37:
 4217 0779 47505752 		.ascii	"GPWRDN\000"
 4217      444E00
 4218              	.LASF148:
 4219 0780 6576656E 		.ascii	"even_odd_frame\000"
 4219      5F6F6464 
 4219      5F667261 
 4219      6D6500
 4220              	.LASF156:
 4221 078f 65705F69 		.ascii	"ep_is_in\000"
 4221      735F696E 
 4221      00
 4222              	.LASF181:
 4223 0798 5553425F 		.ascii	"USB_ActivateRemoteWakeup\000"
 4223      41637469 
 4223      76617465 
 4223      52656D6F 
 4223      74655761 
 4224              	.LASF132:
ARM GAS  C:\Users\nicx5\AppData\Local\Temp\cc9k9ag2.s 			page 82


 4225 07b1 6C6F775F 		.ascii	"low_power_enable\000"
 4225      706F7765 
 4225      725F656E 
 4225      61626C65 
 4225      00
 4226              	.LASF35:
 4227 07c2 52657365 		.ascii	"Reserved6\000"
 4227      72766564 
 4227      3600
 4228              	.LASF53:
 4229 07cc 52657365 		.ascii	"Reserved9\000"
 4229      72766564 
 4229      3900
 4230              	.LASF152:
 4231 07d6 5553425F 		.ascii	"USB_EPTypeDef\000"
 4231      45505479 
 4231      70654465 
 4231      6600
 4232              	.LASF0:
 4233 07e4 73686F72 		.ascii	"short int\000"
 4233      7420696E 
 4233      7400
 4234              	.LASF130:
 4235 07ee 7068795F 		.ascii	"phy_itface\000"
 4235      69746661 
 4235      636500
 4236              	.LASF109:
 4237 07f9 5552425F 		.ascii	"URB_NOTREADY\000"
 4237      4E4F5452 
 4237      45414459 
 4237      00
 4238              	.LASF211:
 4239 0806 5553425F 		.ascii	"USB_DriveVbus\000"
 4239      44726976 
 4239      65566275 
 4239      7300
 4240              	.LASF55:
 4241 0814 44564255 		.ascii	"DVBUSPULSE\000"
 4241      5350554C 
 4241      534500
 4242              	.LASF208:
 4243 081f 5553425F 		.ascii	"USB_GetCurrentFrame\000"
 4243      47657443 
 4243      75727265 
 4243      6E744672 
 4243      616D6500 
 4244              	.LASF141:
 4245 0833 69735F69 		.ascii	"is_iso_incomplete\000"
 4245      736F5F69 
 4245      6E636F6D 
 4245      706C6574 
 4245      6500
 4246              	.LASF102:
 4247 0845 48414C5F 		.ascii	"HAL_StatusTypeDef\000"
 4247      53746174 
 4247      75735479 
 4247      70654465 
ARM GAS  C:\Users\nicx5\AppData\Local\Temp\cc9k9ag2.s 			page 83


 4247      6600
 4248              	.LASF171:
 4249 0857 4E796574 		.ascii	"NyetErrCnt\000"
 4249      45727243 
 4249      6E7400
 4250              	.LASF111:
 4251 0862 5552425F 		.ascii	"URB_ERROR\000"
 4251      4552524F 
 4251      5200
 4252              	.LASF81:
 4253 086c 52657365 		.ascii	"Reserved40C\000"
 4253      72766564 
 4253      34304300 
 4254              	.LASF91:
 4255 0878 4843444D 		.ascii	"HCDMA\000"
 4255      4100
 4256              	.LASF103:
 4257 087e 5553425F 		.ascii	"USB_DEVICE_MODE\000"
 4257      44455649 
 4257      43455F4D 
 4257      4F444500 
 4258              	.LASF131:
 4259 088e 536F665F 		.ascii	"Sof_enable\000"
 4259      656E6162 
 4259      6C6500
 4260              	.LASF94:
 4261 0899 6C6F6E67 		.ascii	"long double\000"
 4261      20646F75 
 4261      626C6500 
 4262              	.LASF202:
 4263 08a5 5553425F 		.ascii	"USB_HC_Init\000"
 4263      48435F49 
 4263      6E697400 
 4264              	.LASF13:
 4265 08b1 75696E74 		.ascii	"uint16_t\000"
 4265      31365F74 
 4265      00
 4266              	.LASF19:
 4267 08ba 47414842 		.ascii	"GAHBCFG\000"
 4267      43464700 
 4268              	.LASF23:
 4269 08c2 47494E54 		.ascii	"GINTMSK\000"
 4269      4D534B00 
 4270              	.LASF41:
 4271 08ca 48505458 		.ascii	"HPTXFSIZ\000"
 4271      4653495A 
 4271      00
 4272              	.LASF220:
 4273 08d3 5553425F 		.ascii	"USB_GetMode\000"
 4273      4765744D 
 4273      6F646500 
 4274              	.LASF209:
 4275 08df 5553425F 		.ascii	"USB_GetHostSpeed\000"
 4275      47657448 
 4275      6F737453 
 4275      70656564 
 4275      00
ARM GAS  C:\Users\nicx5\AppData\Local\Temp\cc9k9ag2.s 			page 84


 4276              	.LASF64:
 4277 08f0 5553425F 		.ascii	"USB_OTG_DeviceTypeDef\000"
 4277      4F54475F 
 4277      44657669 
 4277      63655479 
 4277      70654465 
 4278              	.LASF174:
 4279 0906 5553425F 		.ascii	"USB_HCTypeDef\000"
 4279      48435479 
 4279      70654465 
 4279      6600
 4280              	.LASF72:
 4281 0914 5553425F 		.ascii	"USB_OTG_INEndpointTypeDef\000"
 4281      4F54475F 
 4281      494E456E 
 4281      64706F69 
 4281      6E745479 
 4282              	.LASF199:
 4283 092e 69735F6F 		.ascii	"is_oddframe\000"
 4283      64646672 
 4283      616D6500 
 4284              	.LASF206:
 4285 093a 48436368 		.ascii	"HCcharLowSpeed\000"
 4285      61724C6F 
 4285      77537065 
 4285      656400
 4286              	.LASF88:
 4287 0949 4843494E 		.ascii	"HCINT\000"
 4287      5400
 4288              	.LASF146:
 4289 094f 78666572 		.ascii	"xfer_len\000"
 4289      5F6C656E 
 4289      00
 4290              	.LASF247:
 4291 0958 5553425F 		.ascii	"USB_DeactivateDedicatedEndpoint\000"
 4291      44656163 
 4291      74697661 
 4291      74654465 
 4291      64696361 
 4292              	.LASF243:
 4293 0978 70537263 		.ascii	"pSrc\000"
 4293      00
 4294              	.LASF6:
 4295 097d 6C6F6E67 		.ascii	"long int\000"
 4295      20696E74 
 4295      00
 4296              	.LASF233:
 4297 0986 5553425F 		.ascii	"USB_EPClearStall\000"
 4297      4550436C 
 4297      65617253 
 4297      74616C6C 
 4297      00
 4298              	.LASF153:
 4299 0997 6465765F 		.ascii	"dev_addr\000"
 4299      61646472 
 4299      00
 4300              	.LASF65:
ARM GAS  C:\Users\nicx5\AppData\Local\Temp\cc9k9ag2.s 			page 85


 4301 09a0 44494550 		.ascii	"DIEPCTL\000"
 4301      43544C00 
 4302              	.LASF56:
 4303 09a8 44544852 		.ascii	"DTHRCTL\000"
 4303      43544C00 
 4304              	.LASF108:
 4305 09b0 5552425F 		.ascii	"URB_DONE\000"
 4305      444F4E45 
 4305      00
 4306              	.LASF144:
 4307 09b9 6D617870 		.ascii	"maxpacket\000"
 4307      61636B65 
 4307      7400
 4308              	.LASF116:
 4309 09c3 48435F48 		.ascii	"HC_HALTED\000"
 4309      414C5445 
 4309      4400
 4310              	.LASF240:
 4311 09cd 72656D61 		.ascii	"remaining_bytes\000"
 4311      696E696E 
 4311      675F6279 
 4311      74657300 
 4312              	.LASF198:
 4313 09dd 5553425F 		.ascii	"USB_HC_StartXfer\000"
 4313      48435F53 
 4313      74617274 
 4313      58666572 
 4313      00
 4314              	.LASF140:
 4315 09ee 69735F73 		.ascii	"is_stall\000"
 4315      74616C6C 
 4315      00
 4316              	.LASF219:
 4317 09f7 5553425F 		.ascii	"USB_ActivateSetup\000"
 4317      41637469 
 4317      76617465 
 4317      53657475 
 4317      7000
 4318              	.LASF79:
 4319 0a09 48464952 		.ascii	"HFIR\000"
 4319      00
 4320              	.LASF3:
 4321 0a0e 5F5F7569 		.ascii	"__uint8_t\000"
 4321      6E74385F 
 4321      7400
 4322              	.LASF15:
 4323 0a18 545F5549 		.ascii	"T_UINT32_WRITE\000"
 4323      4E543332 
 4323      5F575249 
 4323      544500
 4324              	.LASF230:
 4325 0a27 5553425F 		.ascii	"USB_SetDevAddress\000"
 4325      53657444 
 4325      65764164 
 4325      64726573 
 4325      7300
 4326              	.LASF38:
ARM GAS  C:\Users\nicx5\AppData\Local\Temp\cc9k9ag2.s 			page 86


 4327 0a39 47444649 		.ascii	"GDFIFOCFG\000"
 4327      464F4346 
 4327      4700
 4328              	.LASF260:
 4329 0a43 5553425F 		.ascii	"USB_EnableGlobalInt\000"
 4329      456E6162 
 4329      6C65476C 
 4329      6F62616C 
 4329      496E7400 
 4330              	.LASF61:
 4331 0a57 44494E45 		.ascii	"DINEP1MSK\000"
 4331      50314D53 
 4331      4B00
 4332              	.LASF11:
 4333 0a61 756E7369 		.ascii	"unsigned int\000"
 4333      676E6564 
 4333      20696E74 
 4333      00
 4334              	.LASF168:
 4335 0a6e 746F6767 		.ascii	"toggle_in\000"
 4335      6C655F69 
 4335      6E00
 4336              	.LASF17:
 4337 0a78 474F5447 		.ascii	"GOTGCTL\000"
 4337      43544C00 
 4338              	.LASF66:
 4339 0a80 52657365 		.ascii	"Reserved04\000"
 4339      72766564 
 4339      303400
 4340              	.LASF161:
 4341 0a8b 69736F5F 		.ascii	"iso_splt_xactPos\000"
 4341      73706C74 
 4341      5F786163 
 4341      74506F73 
 4341      00
 4342              	.LASF165:
 4343 0a9c 6D61785F 		.ascii	"max_packet\000"
 4343      7061636B 
 4343      657400
 4344              	.LASF48:
 4345 0aa7 44494550 		.ascii	"DIEPMSK\000"
 4345      4D534B00 
 4346              	.LASF203:
 4347 0aaf 65706E75 		.ascii	"epnum\000"
 4347      6D00
 4348              	.LASF221:
 4349 0ab5 696E7465 		.ascii	"interrupt\000"
 4349      72727570 
 4349      7400
 4350              	.LASF124:
 4351 0abf 5553425F 		.ascii	"USB_HCStateTypeDef\000"
 4351      48435374 
 4351      61746554 
 4351      79706544 
 4351      656600
 4352              	.LASF47:
 4353 0ad2 52657365 		.ascii	"Reserved0C\000"
ARM GAS  C:\Users\nicx5\AppData\Local\Temp\cc9k9ag2.s 			page 87


 4353      72766564 
 4353      304300
 4354              	.LASF8:
 4355 0add 6C6F6E67 		.ascii	"long unsigned int\000"
 4355      20756E73 
 4355      69676E65 
 4355      6420696E 
 4355      7400
 4356              	.LASF231:
 4357 0aef 61646472 		.ascii	"address\000"
 4357      65737300 
 4358              	.LASF25:
 4359 0af7 47525853 		.ascii	"GRXSTSP\000"
 4359      54535000 
 4360              	.LASF24:
 4361 0aff 47525853 		.ascii	"GRXSTSR\000"
 4361      54535200 
 4362              	.LASF155:
 4363 0b07 65705F6E 		.ascii	"ep_num\000"
 4363      756D00
 4364              	.LASF187:
 4365 0b0e 5553425F 		.ascii	"USB_DoPing\000"
 4365      446F5069 
 4365      6E6700
 4366              	.LASF151:
 4367 0b19 78666572 		.ascii	"xfer_size\000"
 4367      5F73697A 
 4367      6500
 4368              	.LASF268:
 4369 0b23 453A5C57 		.ascii	"E:\\Works\\STM32\\HBox\000"
 4369      6F726B73 
 4369      5C53544D 
 4369      33325C48 
 4369      426F7800 
 4370              	.LASF69:
 4371 0b37 44494550 		.ascii	"DIEPDMA\000"
 4371      444D4100 
 4372              	.LASF261:
 4373 0b3f 5553425F 		.ascii	"USB_SetTurnaroundTime\000"
 4373      53657454 
 4373      75726E61 
 4373      726F756E 
 4373      6454696D 
 4374              	.LASF160:
 4375 0b55 65705F73 		.ascii	"ep_ss_schedule\000"
 4375      735F7363 
 4375      68656475 
 4375      6C6500
 4376              	.LASF142:
 4377 0b64 74797065 		.ascii	"type\000"
 4377      00
 4378              	.LASF28:
 4379 0b69 484E5054 		.ascii	"HNPTXSTS\000"
 4379      58535453 
 4379      00
 4380              	.LASF2:
 4381 0b72 756E7369 		.ascii	"unsigned char\000"
ARM GAS  C:\Users\nicx5\AppData\Local\Temp\cc9k9ag2.s 			page 88


 4381      676E6564 
 4381      20636861 
 4381      7200
 4382              	.LASF7:
 4383 0b80 5F5F7569 		.ascii	"__uint32_t\000"
 4383      6E743332 
 4383      5F7400
 4384              	.LASF80:
 4385 0b8b 48464E55 		.ascii	"HFNUM\000"
 4385      4D00
 4386              	.LASF71:
 4387 0b91 52657365 		.ascii	"Reserved18\000"
 4387      72766564 
 4387      313800
 4388              	.LASF117:
 4389 0b9c 48435F41 		.ascii	"HC_ACK\000"
 4389      434B00
 4390              	.LASF126:
 4391 0ba3 486F7374 		.ascii	"Host_channels\000"
 4391      5F636861 
 4391      6E6E656C 
 4391      7300
 4392              	.LASF188:
 4393 0bb1 63686E75 		.ascii	"chnum\000"
 4393      6D00
 4394              	.LASF110:
 4395 0bb7 5552425F 		.ascii	"URB_NYET\000"
 4395      4E594554 
 4395      00
 4396              	.LASF178:
 4397 0bc0 5553425F 		.ascii	"USB_OTG_HCTypeDef\000"
 4397      4F54475F 
 4397      48435479 
 4397      70654465 
 4397      6600
 4398              	.LASF237:
 4399 0bd2 70446573 		.ascii	"pDest\000"
 4399      7400
 4400              	.LASF173:
 4401 0bd8 73746174 		.ascii	"state\000"
 4401      6500
 4402              	.LASF67:
 4403 0bde 44494550 		.ascii	"DIEPINT\000"
 4403      494E5400 
 4404              	.LASF42:
 4405 0be6 44494550 		.ascii	"DIEPTXF\000"
 4405      54584600 
 4406              	.LASF120:
 4407 0bee 48435F53 		.ascii	"HC_STALL\000"
 4407      54414C4C 
 4407      00
 4408              	.LASF18:
 4409 0bf7 474F5447 		.ascii	"GOTGINT\000"
 4409      494E5400 
 4410              	.LASF118:
 4411 0bff 48435F4E 		.ascii	"HC_NAK\000"
 4411      414B00
ARM GAS  C:\Users\nicx5\AppData\Local\Temp\cc9k9ag2.s 			page 89


 4412              	.LASF36:
 4413 0c06 474C504D 		.ascii	"GLPMCFG\000"
 4413      43464700 
 4414              	.LASF269:
 4415 0c0e 5553425F 		.ascii	"USB_CoreReset\000"
 4415      436F7265 
 4415      52657365 
 4415      7400
 4416              	.LASF254:
 4417 0c1c 5553425F 		.ascii	"USB_FlushRxFifo\000"
 4417      466C7573 
 4417      68527846 
 4417      69666F00 
 4418              	.LASF256:
 4419 0c2c 5553425F 		.ascii	"USB_DevInit\000"
 4419      44657649 
 4419      6E697400 
 4420              	.LASF244:
 4421 0c38 5553425F 		.ascii	"USB_EPStopXfer\000"
 4421      45505374 
 4421      6F705866 
 4421      657200
 4422              	.LASF197:
 4423 0c47 5553425F 		.ascii	"USB_HC_ReadInterrupt\000"
 4423      48435F52 
 4423      65616449 
 4423      6E746572 
 4423      72757074 
 4424              	.LASF164:
 4425 0c5c 65705F74 		.ascii	"ep_type\000"
 4425      79706500 
 4426              	.LASF228:
 4427 0c64 5553425F 		.ascii	"USB_DevDisconnect\000"
 4427      44657644 
 4427      6973636F 
 4427      6E6E6563 
 4427      7400
 4428              	.LASF1:
 4429 0c76 7369676E 		.ascii	"signed char\000"
 4429      65642063 
 4429      68617200 
 4430              	.LASF257:
 4431 0c82 5553425F 		.ascii	"USB_SetCurrentMode\000"
 4431      53657443 
 4431      75727265 
 4431      6E744D6F 
 4431      646500
 4432              	.LASF50:
 4433 0c95 4441494E 		.ascii	"DAINT\000"
 4433      5400
 4434              	.LASF5:
 4435 0c9b 73686F72 		.ascii	"short unsigned int\000"
 4435      7420756E 
 4435      7369676E 
 4435      65642069 
 4435      6E7400
 4436              	.LASF113:
ARM GAS  C:\Users\nicx5\AppData\Local\Temp\cc9k9ag2.s 			page 90


 4437 0cae 5553425F 		.ascii	"USB_URBStateTypeDef\000"
 4437      55524253 
 4437      74617465 
 4437      54797065 
 4437      44656600 
 4438              	.LASF157:
 4439 0cc2 646F5F70 		.ascii	"do_ping\000"
 4439      696E6700 
 4440              	.LASF112:
 4441 0cca 5552425F 		.ascii	"URB_STALL\000"
 4441      5354414C 
 4441      4C00
 4442              	.LASF20:
 4443 0cd4 47555342 		.ascii	"GUSBCFG\000"
 4443      43464700 
 4444              	.LASF85:
 4445 0cdc 5553425F 		.ascii	"USB_OTG_HostTypeDef\000"
 4445      4F54475F 
 4445      486F7374 
 4445      54797065 
 4445      44656600 
 4446              	.LASF229:
 4447 0cf0 5553425F 		.ascii	"USB_DevConnect\000"
 4447      44657643 
 4447      6F6E6E65 
 4447      637400
 4448              	.LASF97:
 4449 0cff 646F7562 		.ascii	"double\000"
 4449      6C6500
 4450              	.LASF200:
 4451 0d06 6C656E5F 		.ascii	"len_words\000"
 4451      776F7264 
 4451      7300
 4452              	.LASF45:
 4453 0d10 4443544C 		.ascii	"DCTL\000"
 4453      00
 4454              	.LASF29:
 4455 0d15 52657365 		.ascii	"Reserved30\000"
 4455      72766564 
 4455      333000
 4456              	.LASF158:
 4457 0d20 646F5F73 		.ascii	"do_ssplit\000"
 4457      73706C69 
 4457      7400
 4458              	.LASF147:
 4459 0d2a 78666572 		.ascii	"xfer_count\000"
 4459      5F636F75 
 4459      6E7400
 4460              	.LASF163:
 4461 0d35 6875625F 		.ascii	"hub_addr\000"
 4461      61646472 
 4461      00
 4462              	.LASF182:
 4463 0d3e 55534278 		.ascii	"USBx\000"
 4463      00
 4464              	.LASF236:
 4465 0d43 64657374 		.ascii	"dest\000"
ARM GAS  C:\Users\nicx5\AppData\Local\Temp\cc9k9ag2.s 			page 91


 4465      00
 4466              	.LASF195:
 4467 0d48 4368616E 		.ascii	"ChannelEna\000"
 4467      6E656C45 
 4467      6E6100
 4468              	.LASF267:
 4469 0d53 44726976 		.ascii	"Drivers/STM32H7xx_HAL_Driver/Src/stm32h7xx_ll_usb.c"
 4469      6572732F 
 4469      53544D33 
 4469      32483778 
 4469      785F4841 
 4470 0d86 00       		.ascii	"\000"
 4471              	.LASF259:
 4472 0d87 5553425F 		.ascii	"USB_DisableGlobalInt\000"
 4472      44697361 
 4472      626C6547 
 4472      6C6F6261 
 4472      6C496E74 
 4473              		.text
 4474              		.section	.gnu.lto_.profile.1f2fd384,"e",%progbits
 4475 0000 28B52FFD 		.ascii	"(\265/\375 \0061\000\000\002\000\000\000\000\000"
 4475      20063100 
 4475      00020000 
 4475      000000
 4476              		.text
 4477              		.section	.gnu.lto_.icf.1f2fd384,"e",%progbits
 4478 0000 28B52FFD 		.ascii	"(\265/\375`\011\012\265\032\000\244\033\375\012\000"
 4478      60090AB5 
 4478      1A00A41B 
 4478      FD0A00
 4479 000f 3200EC8E 		.ascii	"2\000\354\216\203\350\007\030\002\000\001\001\001\222"
 4479      83E80718 
 4479      02000101 
 4479      0192
 4480 001d 99D0E803 		.ascii	"\231\320\350\0034\002\002\002\003\321\203\227\270\013"
 4480      34020202 
 4480      03D18397 
 4480      B80B
 4481 002b 08000201 		.ascii	"\010\000\002\001\003\243\344\313\240\012\004\004\361"
 4481      03A3E4CB 
 4481      A00A0404 
 4481      F1
 4482 0038 A3DC9F0E 		.ascii	"\243\334\237\016\005\237\214\251\274\015\020\002\000"
 4482      059F8CA9 
 4482      BC0D1002 
 4482      00
 4483 0045 0206AB90 		.ascii	"\002\006\253\220\315\211\017\026\001\001\007\334\335"
 4483      CD890F16 
 4483      010107DC 
 4483      DD
 4484 0052 A9AB0A00 		.ascii	"\251\253\012\000\010\341\215\221\324\003\011\232\310"
 4484      08E18D91 
 4484      D403099A 
 4484      C8
 4485 005f A3FA0405 		.ascii	"\243\372\004\005\002\000\002\005\012\334\270\260\223"
 4485      02000205 
 4485      0ADCB8B0 
ARM GAS  C:\Users\nicx5\AppData\Local\Temp\cc9k9ag2.s 			page 92


 4485      93
 4486 006c 0C5A0602 		.ascii	"\014Z\006\002\006\005\007\010\013\236\220\237\256\003"
 4486      06050708 
 4486      0B9E909F 
 4486      AE03
 4487 007a 020CB6C2 		.ascii	"\002\014\266\302\332\305\003 \002\002\002\011\010\010"
 4487      DAC50320 
 4487      02020209 
 4487      0808
 4488 0088 0DE098BD 		.ascii	"\015\340\230\275\306\006\016\323\302\347\261\0060\017"
 4488      C6060ED3 
 4488      C2E7B106 
 4488      300F
 4489 0096 AD9BE0CA 		.ascii	"\255\233\340\312\007(\020\313\300\326\213\016,\002\002"
 4489      072810CB 
 4489      C0D68B0E 
 4489      2C0202
 4490 00a5 0A000708 		.ascii	"\012\000\007\010\010\021\210\366\335\306\013\002\006"
 4490      081188F6 
 4490      DDC60B02 
 4490      06
 4491 00b2 02061299 		.ascii	"\002\006\022\231\257\233\273\007\254\001\012\012\012"
 4491      AF9BBB07 
 4491      AC010A0A 
 4491      0A
 4492 00bf 05070507 		.ascii	"\005\007\005\007\014\010\010\010\023\252\365\370\306"
 4492      0C080808 
 4492      13AAF5F8 
 4492      C6
 4493 00cc 0D080002 		.ascii	"\015\010\000\002\015\016\002\016\024\310\241\242\252"
 4493      0D0E020E 
 4493      14C8A1A2 
 4493      AA
 4494 00d9 0418158C 		.ascii	"\004\030\025\214\371\216\343\011\026\233\360\275\253"
 4494      F98EE309 
 4494      169BF0BD 
 4494      AB
 4495 00e6 010817AC 		.ascii	"\001\010\027\254\363\374\315\011\030\373\261\333\200"
 4495      F3FCCD09 
 4495      18FBB1DB 
 4495      80
 4496 00f3 0E19E5CC 		.ascii	"\016\031\345\314\342\310\013\032\204\331\334\351\013"
 4496      E2C80B1A 
 4496      84D9DCE9 
 4496      0B
 4497 0100 1B879C8B 		.ascii	"\033\207\234\213<\017\002\000\002\017\034\201\341\214"
 4497      3C0F0200 
 4497      020F1C81 
 4497      E18C
 4498 010e 8C0C1DD3 		.ascii	"\214\014\035\323\310\365\356\036\262\375\353\305\015"
 4498      C8F5EE1E 
 4498      B2FDEBC5 
 4498      0D
 4499 011b 081FE4C8 		.ascii	"\010\037\344\310\266\254\016 \263\225\221\260\003!\226"
 4499      B6AC0E20 
 4499      B39591B0 
 4499      032196
ARM GAS  C:\Users\nicx5\AppData\Local\Temp\cc9k9ag2.s 			page 93


 4500 012a B4BDA20E 		.ascii	"\264\275\242\016\004\"\340\373\227\310\012\010#\231"
 4500      0422E0FB 
 4500      97C80A08 
 4500      2399
 4501 0138 A48CD401 		.ascii	"\244\214\324\001\030\002\020\002\020$\374\303\376\347"
 4501      18021002 
 4501      1024FCC3 
 4501      FEE7
 4502 0146 0834110F 		.ascii	"\0104\021\017%\201\362\221\376\014\014\021&\213\242"
 4502      2581F291 
 4502      FE0C0C11 
 4502      268BA2
 4503 0155 D6FB0812 		.ascii	"\326\373\010\022\006\002\006'\356\312\304\273\012\026"
 4503      06020627 
 4503      EECAC4BB 
 4503      0A16
 4504 0163 06020628 		.ascii	"\006\002\006(\306\303\340\247\010\010)\307\316\260\252"
 4504      C6C3E0A7 
 4504      080829C7 
 4504      CEB0AA
 4505 0172 0D112AAF 		.ascii	"\015\021*\257\234\224\225\014,+\371\373\325\276\001"
 4505      9C94950C 
 4505      2C2BF9FB 
 4505      D5BE01
 4506 0181 2CC6B397 		.ascii	",\306\263\227\200\015D\004\021-\246\304\263\340\006"
 4506      800D4404 
 4506      112DA6C4 
 4506      B3E006
 4507 0190 060F2E8E 		.ascii	"\006\017.\216\242\343\252\005\266\022\023\002\023\024"
 4507      A2E3AA05 
 4507      B6121302 
 4507      1314
 4508 019e 00001414 		.ascii	"\000\000\024\024\002\017\002\014\022\001\014\002\022"
 4508      020F020C 
 4508      12010C02 
 4508      12
 4509 01ab 2FAAFEDC 		.ascii	"/\252\376\334\312\010\036\0210\363\203\240\211\012\005"
 4509      CA081E11 
 4509      30F383A0 
 4509      890A05
 4510 01ba 31F3A3E3 		.ascii	"1\363\243\343\356\017\005\002\000\002\005\000\200\331"
 4510      EE0F0502 
 4510      00020500 
 4510      80D9
 4511 01c8 A8F02C90 		.ascii	"\250\360,\220 4\005I\007\220\202\231\"\332\270\001\022"
 4511      20340549 
 4511      07908299 
 4511      22DAB801 
 4511      12
 4512 01d9 60E21446 		.ascii	"`\342\024Fu$\207\225Q\214L\215\010\005\005)H\235a\014"
 4512      75248795 
 4512      518C4C8D 
 4512      08050529 
 4512      489D610C 
 4513 01ed 003C21AC 		.ascii	"\000<!\254\334\204\024C\034b\355q\212*\013S\034\310"
 4513      DC841443 
 4513      1C62ED71 
ARM GAS  C:\Users\nicx5\AppData\Local\Temp\cc9k9ag2.s 			page 94


 4513      8A2A0B53 
 4513      1CC8
 4514 01ff 78836C30 		.ascii	"x\203l0\356\007\023\026\276\303?3,\351\361mv\363\022"
 4514      EE071316 
 4514      BEC33F33 
 4514      2CE9F16D 
 4514      76F312
 4515 0212 3DAF125F 		.ascii	"=\257\022_\210\336C\266M0a\233\015\324\321\016\344K"
 4515      88DE43B6 
 4515      4D30619B 
 4515      0DD4D10E 
 4515      E44B
 4516 0224 15477E22 		.ascii	"\025G~\"\307\302\223v\232\277O\354\240^2\263\367\373"
 4516      C7C29376 
 4516      9ABF4FEC 
 4516      A05E32B3 
 4516      F7FB
 4517 0236 33C03D30 		.ascii	"3\300=0\035\215TO\025\374\355\344\302\225\204\335\202"
 4517      1D8D544F 
 4517      15FCEDE4 
 4517      C29584DD 
 4517      82
 4518 0247 979C9522 		.ascii	"\227\234\225\"c\366\0059\254\361\315\305t\307\247o\362"
 4518      63F60539 
 4518      ACF1CDC5 
 4518      74C7A76F 
 4518      F2
 4519 0258 2E710890 		.ascii	".q\010\220\200\234&\255\276*\330)yr\352/*Hf\015\373"
 4519      809C26AD 
 4519      BE2AD829 
 4519      7972EA2F 
 4519      2A48660D 
 4520 026d 5956B9B2 		.ascii	"YV\271\262&\335\015}\354\224$\242\345!:\332\026\013"
 4520      26DD0D7D 
 4520      EC9424A2 
 4520      E5213ADA 
 4520      160B
 4521 027f D06EA6CB 		.ascii	"\320n\246\313,\014\021a\364\010I{\214\234k\006\230\246"
 4521      2C0C1161 
 4521      F408497B 
 4521      8C9C6B06 
 4521      98A6
 4522 0291 2F8EFFD8 		.ascii	"/\216\377\330\272\260R.\2334\320\272?\004\033\236\023"
 4522      BAB0522E 
 4522      9B34D0BA 
 4522      3F041B9E 
 4522      13
 4523 02a2 E4D7CAD5 		.ascii	"\344\327\312\325\222\327f\372\376\243\331\346\253\327"
 4523      92D766FA 
 4523      FEA3D9E6 
 4523      ABD7
 4524 02b0 DD2F4F69 		.ascii	"\335/Oi\304\333D\361\273z\244L\260!4gxb\355M\240\360"
 4524      C4DB44F1 
 4524      BB7AA44C 
 4524      B0213467 
 4524      7862ED4D 
 4525 02c6 85678D62 		.ascii	"\205g\215b$\340\203\373'\253\235^j\214\361\232T\226"
ARM GAS  C:\Users\nicx5\AppData\Local\Temp\cc9k9ag2.s 			page 95


 4525      24E083FB 
 4525      27AB9D5E 
 4525      6A8CF19A 
 4525      5496
 4526 02d8 3D60EFD7 		.ascii	"=`\357\327\037\302\025.+\203\014\375\211,\213\230e\205"
 4526      1FC2152E 
 4526      2B830CFD 
 4526      892C8B98 
 4526      6585
 4527 02ea C35519F5 		.ascii	"\303U\031\365\177\365\306\315g\257\321\312\366\352\304"
 4527      7FF5C6CD 
 4527      67AFD1CA 
 4527      F6EAC4
 4528 02f9 C10E80F5 		.ascii	"\301\016\200\365f\364_\346#i\221\025\356WXV(-ez\243"
 4528      66F45FE6 
 4528      23699115 
 4528      EE575856 
 4528      282D657A 
 4529 030e 41FEC47E 		.ascii	"A\376\304~\305\022\021T\263\360\233\222\271\216\300"
 4529      C5121154 
 4529      B3F09B92 
 4529      B98EC0
 4530 031d 3D681198 		.ascii	"=h\021\230\363\005\006\202\277\240x\266]&T\366\323\311"
 4530      F3050682 
 4530      BFA078B6 
 4530      5D2654F6 
 4530      D3C9
 4531 032f 783C3E8D 		.ascii	"x<>\215\347\016\0240\354k\006\233\233\011\334+\207\177"
 4531      E70E1430 
 4531      EC6B069B 
 4531      9B09DC2B 
 4531      877F
 4532 0341 5B307765 		.ascii	"[0we\334\213>T\276\"\2515\364\351\3602\236\201\032\370"
 4532      DC8B3E54 
 4532      BE22A935 
 4532      F4E9F032 
 4532      9E811AF8 
 4533 0355 21BD7D1D 		.ascii	"!\275}\035MfE\3706\2715"
 4533      4D6645F8 
 4533      36B935
 4534              		.text
 4535              		.section	.gnu.lto_.ipa_sra.1f2fd384,"e",%progbits
 4536 0000 28B52FFD 		.ascii	"(\265/\375`k\002\275\011\000\302K##0\255\246\003\300"
 4536      606B02BD 
 4536      0900C24B 
 4536      232330AD 
 4536      A603C0
 4537 0013 C0C05003 		.ascii	"\300\300P\003\003\003\003\342K-\371RK>\341\271\337Z"
 4537      030303E2 
 4537      4B2DF952 
 4537      4B3EE1B9 
 4537      DF5A
 4538 0025 97FBFEB6 		.ascii	"\227\373\376\266~jB\366\226)\245\024\374\221\254D\004"
 4538      7E6A42F6 
 4538      9629A514 
 4538      FC91AC44 
 4538      04
ARM GAS  C:\Users\nicx5\AppData\Local\Temp\cc9k9ag2.s 			page 96


 4539 0036 44DD3F38 		.ascii	"D\335?8\334\015\014l\026\024\022n\204\203\033\234\265"
 4539      DC0D0C6C 
 4539      1614126E 
 4539      84831B9C 
 4539      B5
 4540 0047 7FC14F30 		.ascii	"\177\301O0\360\012\324\001\006\310`.\267\245By'\023"
 4540      F00AD401 
 4540      06C8602E 
 4540      B7A54279 
 4540      2713
 4541 0059 5DE9EBF7 		.ascii	"]\351\353\367&\211T\035\344\352\321\232\243\361\345"
 4541      2689541D 
 4541      E4EAD19A 
 4541      A3F1E5
 4542 0068 33833D72 		.ascii	"3\203=r\350\311\355I\222/Z\224\\\254\205\326\315\005"
 4542      E8C9ED49 
 4542      922F5A94 
 4542      5CAC85D6 
 4542      CD05
 4543 007a 3D3FC764 		.ascii	"=?\307dE}\325\334\253,o\365\336O\236M\363>\326F\217"
 4543      457DD5DC 
 4543      AB2C6FF5 
 4543      DE4F9E4D 
 4543      F33ED646 
 4544 008f 6A6D379F 		.ascii	"jm7\237\373#YN\360\024\001`\250\200RN\013\031\306\300"
 4544      FB23594E 
 4544      F0140160 
 4544      A880524E 
 4544      0B19C6C0 
 4545 00a3 02A129A2 		.ascii	"\002\241)\242\007\022\200\365\204H!S\242\240\214\222"
 4545      071280F5 
 4545      84482153 
 4545      A2A08C92 
 4546 00b3 FB1B9629 		.ascii	"\373\033\226)P4]\225\2578)\031\212O,\350*=\027\330z"
 4546      50345D95 
 4546      AF382919 
 4546      8A4F2CE8 
 4546      2A3D17D8 
 4547 00c8 A645CB89 		.ascii	"\246E\313\211\031}\345nF}f{\023\261\200\3620iZd\315"
 4547      197DE56E 
 4547      467D667B 
 4547      13B180F2 
 4547      30695A64 
 4548 00dd C22CAE1C 		.ascii	"\302,\256\034\217\365\345\300J\002\004CE\014l\323\246"
 4548      8FF5E5C0 
 4548      4A020443 
 4548      450C6CD3 
 4548      A6
 4549 00ee 7DB82CA5 		.ascii	"}\270,\2454\006\212\332\005\350s\015\370\230\352\240"
 4549      34068ADA 
 4549      05E8730D 
 4549      F898EAA0 
 4550 00fe 32AA62C9 		.ascii	"2\252b\311\322-\025\201\353,\216$zo\005aN\265\271V1"
 4550      D22D1581 
 4550      EB2C8E24 
 4550      7A6F0561 
 4550      4EB5B956 
ARM GAS  C:\Users\nicx5\AppData\Local\Temp\cc9k9ag2.s 			page 97


 4551 0113 F47A4C02 		.ascii	"\364zL\002\022F\022<\243\024\336\335\"R\357\213\373"
 4551      1246123C 
 4551      A314DEDD 
 4551      2252EF8B 
 4551      FB
 4552 0124 D768C292 		.ascii	"\327h\302\222\325\343\034T\260?!qq\002j\002\014bD\237"
 4552      D5E31C54 
 4552      B03F2171 
 4552      71026A02 
 4552      0C62449F 
 4553 0138 5DE8A609 		.ascii	"]\350\246\011\330\352\204\300c"
 4553      D8EA84C0 
 4553      63
 4554              		.text
 4555              		.section	.gnu.lto_.inline.1f2fd384,"e",%progbits
 4556 0000 28B52FFD 		.ascii	"(\265/\375`\012*\365\200\000j\223x\036TP\222:I\007u"
 4556      600A2AF5 
 4556      80006A93 
 4556      781E5450 
 4556      923A4907 
 4557 0015 41DC3429 		.ascii	"A\3344)\002\030\247\205H\3608\363\205\221\"w\257\247"
 4557      0218A785 
 4557      48F038F3 
 4557      85912277 
 4557      AFA7
 4558 0027 FE57134E 		.ascii	"\376W\023N\306;\306;nn\262V\013\303G\261\333-\000 ="
 4558      C63BC63B 
 4558      6E6EB256 
 4558      0BC347B1 
 4558      DB2D0020 
 4559 003c 70F78FD6 		.ascii	"p\367\217\326H#\247\263\033D\240\213\017\023\342\240"
 4559      4823A7B3 
 4559      1B44A08B 
 4559      0F13E2A0 
 4560 004c 040121AA 		.ascii	"\004\001!\252\252\356\216\356T\222t\\\217\017O\317\377"
 4560      AAEE8EEE 
 4560      5492745C 
 4560      8F0F4FCF 
 4560      FF
 4561 005d 1D49DB5B 		.ascii	"\035I\333[\312\024\274\001\276\001\337\0017\273NN\312"
 4561      CA14BC01 
 4561      BE01DF01 
 4561      37BB4E4E 
 4561      CA
 4562 006e 9FF7FCD5 		.ascii	"\237\367\374\325\311\346/\275)\273\372\231\364?\007"
 4562      C9E62FBD 
 4562      29BBFA99 
 4562      F43F07
 4563 007d 4EFCDFC4 		.ascii	"N\374\337\304\227\356\3069\316<N\246\321\"\303cJ\211"
 4563      97EEC639 
 4563      CE3C4EA6 
 4563      D122C363 
 4563      4A89
 4564 008f 21739653 		.ascii	"!s\226S&\354\205\"\022\220\373\375\273\263;\314s\236"
 4564      26EC8522 
 4564      1290FBFD 
 4564      BBB33BCC 
ARM GAS  C:\Users\nicx5\AppData\Local\Temp\cc9k9ag2.s 			page 98


 4564      739E
 4565 00a1 51F6E821 		.ascii	"Q\366\350!\304\325<\342.h\226\\\2458\347\270\221@9\""
 4565      C4D53CE2 
 4565      2E68965C 
 4565      A538E7B8 
 4565      91403922 
 4566 00b5 4FEB693D 		.ascii	"O\353i=\222YXT\234\2448\323\232c*L\316v\310\221\275"
 4566      92595854 
 4566      9CA438D3 
 4566      9A632A4C 
 4566      CE76C891 
 4567 00ca CCC482CC 		.ascii	"\314\304\202\314\2078r\376\257\340\355\341Vv\305w7\370"
 4567      873872FE 
 4567      AFE0EDE1 
 4567      5676C577 
 4567      37F8
 4568 00dc 5630D2D2 		.ascii	"V0\322\322\214\220\031\"\346\342\264\371_vw\323\353"
 4568      8C901922 
 4568      E6E2B4F9 
 4568      5F7677D3 
 4568      EB
 4569 00ed B827FFCF 		.ascii	"\270'\377\317\236!Q\000[\352Z\330\3344z\3376Q\330E`"
 4569      9E215100 
 4569      5BEA5AD8 
 4569      DC347ADF 
 4569      3651D845 
 4570 0102 D8E0AD56 		.ascii	"\330\340\255V\221R\334\014\233\254\234\276\203\375\334"
 4570      9152DC0C 
 4570      9BAC9CBE 
 4570      83FDDC
 4571 0111 D471FF3A 		.ascii	"\324q\377:\356u\267\316\316\377\2373\012\26212|a\035"
 4571      EE75B7CE 
 4571      CEFF9F33 
 4571      0AB23132 
 4571      7C611D
 4572 0124 3C2F6553 		.ascii	"</eS\242Z\354\314\224\231\225\033z\253#\2065P\212t\021"
 4572      A25AECCC 
 4572      9499951B 
 4572      7AAB2386 
 4572      35508A74 
 4573 0139 4660B180 		.ascii	"F`\261\200\346K\020<xaCF\352\312\014Sm\256v\375\255"
 4573      E64B103C 
 4573      78614346 
 4573      EACA0C53 
 4573      6DAE76FD 
 4574 014e 20676DD0 		.ascii	" gm\320D\301@\011\013\205\033 Ez\033\343;\020\303\330"
 4574      44C14009 
 4574      0B851B20 
 4574      457A1BE3 
 4574      3B10C3D8 
 4575 0162 0B9939DB 		.ascii	"\013\2319\333\030\337\017\223\260?\257\214\257\207\221"
 4575      18DF0F93 
 4575      B03FAF8C 
 4575      AF8791
 4576 0171 B8F63592 		.ascii	"\270\3665\222U?\264\270\0208O\016\234\366\364\257\311"
 4576      553FB4B8 
 4576      10384F0E 
ARM GAS  C:\Users\nicx5\AppData\Local\Temp\cc9k9ag2.s 			page 99


 4576      9CF6F4AF 
 4576      C9
 4577 0182 ED6FE7EA 		.ascii	"\355o\347\352y{d!\242\244\364\350k\235\365\263\212\363"
 4577      797B6421 
 4577      A2A4F4E8 
 4577      6B9DF5B3 
 4577      8AF3
 4578 0194 3CEB8DC3 		.ascii	"<\353\215\303\274\021\242\014\177\216\264\317\023\307"
 4578      BC11A20C 
 4578      7F8EB4CF 
 4578      13C7
 4579 01a2 4B5D9AC7 		.ascii	"K]\232\307\237\237\271\332y\236\347(\231\254\264\226"
 4579      9F9FB9DA 
 4579      799EE728 
 4579      99ACB496 
 4580 01b2 EF143C05 		.ascii	"\357\024<\005\3013\005\303\323P\014\3174\274\315\236"
 4580      C13305C3 
 4580      D3500CCF 
 4580      34BCCD9E 
 4581 01c2 4D4F71F3 		.ascii	"MOq\363L\317T\224e9\2349\361\271\237\233g\356\363\310"
 4581      4CCF5494 
 4581      65399C39 
 4581      F1B99F9B 
 4581      67EEF3C8 
 4582 01d6 39EEEEFE 		.ascii	"9\356\356\376~\023\272;\351\367y\275i\360\036\336}]"
 4582      7E13BA3B 
 4582      E9F779BD 
 4582      69F01EDE 
 4582      7D5D
 4583 01e8 9E06FB95 		.ascii	"\236\006\373\225\361\335\220vk\343\033\373\027\273+"
 4583      F1DD9076 
 4583      6BE31BFB 
 4583      17BB2B
 4584 01f7 E3B331D2 		.ascii	"\343\2631\322\352|k\260\024\217*\262\012\276|6\342\252"
 4584      EA7C6BB0 
 4584      148F2AB2 
 4584      0ABE7C36 
 4584      E2AA
 4585 0209 2968BA74 		.ascii	")h\272t~\020$\021=(y\303\000\377\033\002\243\240\346"
 4585      7E102411 
 4585      3D2879C3 
 4585      00FF1B02 
 4585      A3A0E6
 4586 021c 0BCC8AF9 		.ascii	"\013\314\212\371\010\256\300\022\001][>\266\366\024"
 4586      08AEC012 
 4586      015D5B3E 
 4586      B6F614
 4587 022b EC0E7361 		.ascii	"\354\016sa\015\303\332\035\2064\014i\367\255\326Z\267"
 4587      0DC3DA1D 
 4587      86340C69 
 4587      F7ADD65A 
 4587      B7
 4588 023c 7135A829 		.ascii	"q5\250)`9L\330\206XjJR_\273\267\213p[4\332]\245\242"
 4588      60394CD8 
 4588      86586A4A 
 4588      525FBBB7 
 4588      8B705B34 
ARM GAS  C:\Users\nicx5\AppData\Local\Temp\cc9k9ag2.s 			page 100


 4589 0254 E9F87D76 		.ascii	"\351\370}vO\334&\311\370~\331\023\274\033\312\237\236"
 4589      4FDC26C9 
 4589      F87ED913 
 4589      BC1BCA9F 
 4589      9E
 4590 0265 9BFC8EDF 		.ascii	"\233\374\216\337\011P\356\227\033\273=(w\367\303'\354"
 4590      0950EE97 
 4590      1BBB3D28 
 4590      77F7C327 
 4590      EC
 4591 0276 E5FAB03E 		.ascii	"\345\372\260>,\320\266\374\306\370\200\030i{\222\246"
 4591      2CD0B6FC 
 4591      C6F88018 
 4591      697B92A6 
 4592 0286 C8C016CB 		.ascii	"\310\300\026\313U\374\270Op?5\3704\3221\2162+.>\222"
 4592      55FCB84F 
 4592      703F35F8 
 4592      34D2318E 
 4592      322B2E3E 
 4593 029b 51563B8C 		.ascii	"QV;\214\325\352s\023'\210W\376\223\267=\2144iY\204\224"
 4593      D5EA7313 
 4593      278857FE 
 4593      93B73D8C 
 4593      34695984 
 4594 02b0 39A94FF1 		.ascii	"9\251O\361\337H&)\243\306\313\305\347\320'n~\206\237"
 4594      DF482629 
 4594      A3C6CBC5 
 4594      E7D0276E 
 4594      7E869F
 4595 02c3 B8F03C6F 		.ascii	"\270\360<oX{$\247\202\0149\343\342t\010G&\367\340\346"
 4595      587B24A7 
 4595      820C39E3 
 4595      E2740847 
 4595      26F7E0E6 
 4596 02d7 F85EEBE9 		.ascii	"\370^\353\351\331\355jH\036[WH$\230\225\254\313\025"
 4596      D9ED6A48 
 4596      1E5B5748 
 4596      249895AC 
 4596      CB15
 4597 02e9 28163A29 		.ascii	"(\026:)fG\022\023\026OfbD&8\212'Y~\364pa\304Kj\340j"
 4597      66471213 
 4597      164F6662 
 4597      4426388A 
 4597      27597EF4 
 4598 0304 E3421661 		.ascii	"\343B\026a\"\305\245s\202\226e&F\344\202\237\370\277"
 4598      22C5A573 
 4598      82966526 
 4598      46E4829F 
 4598      F8BF
 4599 0316 54A7E23A 		.ascii	"T\247\342:\361q\242\003\0045\005l\207\0057!\251d\177"
 4599      F171A203 
 4599      0435056C 
 4599      87053721 
 4599      A9647F
 4600 0329 DE98A728 		.ascii	"\336\230\247(\317s\213\366S\350s\2024x\231\225\241-"
 4600      CF738BF6 
 4600      53E87382 
ARM GAS  C:\Users\nicx5\AppData\Local\Temp\cc9k9ag2.s 			page 101


 4600      34789995 
 4600      A12D
 4601 033b F850C9A7 		.ascii	"\370P\311\247\314\333\247\242|3\3465&\317\224\336\250"
 4601      CCDBA7A2 
 4601      7C33E635 
 4601      26CF94DE 
 4601      A8
 4602 034c F654E874 		.ascii	"\366T\350t\2349!T\307IDI\261\301\007W\305\017\237\243"
 4602      9C392154 
 4602      C7494449 
 4602      B1C10757 
 4602      C50F9FA3 
 4603 0360 9DC33378 		.ascii	"\235\3033x\360\214\333\237\203\362>\241|\000\274\367"
 4603      F08CDB9F 
 4603      83F23EA1 
 4603      7C00BCF7 
 4604 0370 91F7B942 		.ascii	"\221\367\271B\345\256\007\037\316\367H2u\347\250\340"
 4604      E5AE071F 
 4604      CEF74832 
 4604      75E7A8E0 
 4605 0380 35CE7D64 		.ascii	"5\316}d*\204\021\251r\277F,\245c\206,\265\357lX\267"
 4605      2A8411A9 
 4605      72BF462C 
 4605      A563862C 
 4605      B5EF6C58 
 4606 0395 C13E6DDC 		.ascii	"\301>m\334\024?'\245=N\234\023\17725\023\277\216\334"
 4606      143F27A5 
 4606      3D4E9C13 
 4606      7F323513 
 4606      BF8EDC
 4607 03a8 7DAE3DFE 		.ascii	"}\256=\376v\330:\246\352n\025\237\024\247S\242g\260"
 4607      76D83AA6 
 4607      EA6E159F 
 4607      14A753A2 
 4607      67B0
 4608 03ba 8E752FED 		.ascii	"\216u/\355\374\"p\0217A\210\351~.Tm\313\373\017\355"
 4608      FC227011 
 4608      374188E9 
 4608      7E2E546D 
 4608      CBFB0FED 
 4609 03ce 84767975 		.ascii	"\204vyu\227g\263\355\362\206\206vy\365+\002\257\351"
 4609      9767B3ED 
 4609      F2868676 
 4609      79F52B02 
 4609      AFE9
 4610 03e0 2D3701FC 		.ascii	"-7\001\374\313\225\361\321h\264J\006\245J\223{]\201"
 4610      CB95F1D1 
 4610      68B44A06 
 4610      A54A937B 
 4610      5D81
 4611 03f2 1CCF04E4 		.ascii	"\034\317\004\344\316\027\377O_{\337\256\016QRxA\023"
 4611      CE17FF4F 
 4611      5F7BDFAE 
 4611      0E515278 
 4611      4113
 4612 0404 811D69AB 		.ascii	"\201\035i\253\301G\272\233g\0360\345\3078\373diX`KM"
 4612      C147BA9B 
ARM GAS  C:\Users\nicx5\AppData\Local\Temp\cc9k9ag2.s 			page 102


 4612      671E30E5 
 4612      C738FB64 
 4612      6958604B 
 4613 0419 296E407D 		.ascii	")n@}\035\205\224Ym1\216\307\267c\334\232O\0342\362G"
 4613      1D859459 
 4613      6D318EC7 
 4613      B763DC9A 
 4613      4F1C32F2 
 4614 042e 39FB20F0 		.ascii	"9\373 \360\017eV]\026\234x\335\367\330p\236\274\236"
 4614      0F65565D 
 4614      169C78DD 
 4614      F7D8709E 
 4614      BC9E
 4615 0440 B8F0DE5D 		.ascii	"\270\360\336]\374\267\0222FF_?\312(ZJ\244t\251b\301"
 4615      FCB71232 
 4615      46465F3F 
 4615      CA285A4A 
 4615      A474A962 
 4616 0455 CB34922B 		.ascii	"\3134\222+\230\211\302kA\373/\000/\357\274A\312\023"
 4616      9889C26B 
 4616      41FB2F00 
 4616      2FEFBC41 
 4616      CA13
 4617 0467 0F2B5E00 		.ascii	"\017+^\000\001\334\373(e\017p#\256\264\372\0265\232"
 4617      01DCFB28 
 4617      650F7023 
 4617      AEB4FA16 
 4617      359A
 4618 0479 FB68542C 		.ascii	"\373hT,\004\220\333\013\252\321\334\227\363\025@?\271"
 4618      0490DB0B 
 4618      AAD1DC97 
 4618      F315403F 
 4618      B9
 4619 048a B9731B95 		.ascii	"\271s\033\225=\177\256=\000\016\201a\350\356 \271\003"
 4619      3D7FAE3D 
 4619      000E8161 
 4619      E8EE20B9 
 4619      03
 4620 049b 97AE256C 		.ascii	"\227\256%l\367\2213\0041\322\345\303\031?QNaiJ\363\031"
 4620      F7913304 
 4620      31D2E5C3 
 4620      193F514E 
 4620      61694AF3 
 4621 04b0 015BEA81 		.ascii	"\001[\352\201\023\206*\226X\017\276\333\030\306\202"
 4621      13862A96 
 4621      580FBEDB 
 4621      18C682
 4622 04bf 36967F80 		.ascii	"6\226\177\200-5\015\360\236\377M\232\2500\371j\237\267"
 4622      2D350DF0 
 4622      9EFF4D9A 
 4622      A830F96A 
 4622      9FB7
 4623 04d1 1009AC21 		.ascii	"\020\011\254!I>\034'Aa\253\315\227+\253\235\336\306"
 4623      493E1C27 
 4623      4161ABCD 
 4623      972BAB9D 
 4623      DEC6
ARM GAS  C:\Users\nicx5\AppData\Local\Temp\cc9k9ag2.s 			page 103


 4624 04e3 9054E9FA 		.ascii	"\220T\351\372\276a\230\364}\217\370i\251\211\206\002"
 4624      BE6198F4 
 4624      7D8FF869 
 4624      A9898602 
 4625 04f3 CE538D8C 		.ascii	"\316S\215\214\244\223\222Y\013*>i\275\216\326\370\030"
 4625      A4939259 
 4625      0B2A3E69 
 4625      BD8ED6F8 
 4625      18
 4626 0504 C6F720CE 		.ascii	"\306\367 \316\301\370\202\370\006\313/\010l\003\017"
 4626      C1F882F8 
 4626      06CB2F08 
 4626      6C030F
 4627 0513 3734B11D 		.ascii	"74\261\035\200s\340D;\212o^\371\344m~\316\"\226E`(\317"
 4627      8073E044 
 4627      3B8A6F5E 
 4627      F9E46D7E 
 4627      CE229645 
 4628 052a 29C5856B 		.ascii	")\305\205k\211g\316&\342,%\200\210\355\022\261,\232"
 4628      8967CE26 
 4628      E22C2580 
 4628      88ED12B1 
 4628      2C9A
 4629 053c 5CD3F0E7 		.ascii	"\\\323\360\347l\221\215\260\031B\2136\233H\206am1\263"
 4629      6C918DB0 
 4629      19428B36 
 4629      9B488661 
 4629      6D31B3
 4630 054f 7C9B5E7C 		.ascii	"|\233^|\\\017;`\027\361\325\221-+\034\022\355\020%\222"
 4630      5C0F3B60 
 4630      17F1D591 
 4630      2D2B1C12 
 4630      ED102592 
 4631 0563 94F4D02E 		.ascii	"\224\364\320.\342]\326\0167[\264\234a\363Iqr\327QJ\305"
 4631      E25DD60E 
 4631      375BB49C 
 4631      61F34971 
 4631      72D7514A 
 4632 0578 67AD95AB 		.ascii	"g\255\225\253\310a\232\300|\325X\304\241\261\266[\030"
 4632      C8619AC0 
 4632      7CD558C4 
 4632      A1B1B65B 
 4632      18
 4633 0589 9AD1F9E4 		.ascii	"\232\321\371\344I\324\"\230c\027\306\274\224\000\372"
 4633      49D42298 
 4633      6317C6BC 
 4633      9400FA
 4634 0598 04A598C5 		.ascii	"\004\245\230\305\270\247\226L\244\252\244\241u\326\216"
 4634      B8A7964C 
 4634      A4AAA4A1 
 4634      75D68E
 4635 05a7 12AA2909 		.ascii	"\022\252)\0110<\333}\343\356\3378+\214\013\010\037\307"
 4635      303CDB7D 
 4635      E3EEDF38 
 4635      2B8C0B08 
 4635      1FC7
 4636 05b9 5340C27C 		.ascii	"S@\302|\320\302\356\"\031\227\037\004'\344:\011u\261"
ARM GAS  C:\Users\nicx5\AppData\Local\Temp\cc9k9ag2.s 			page 104


 4636      D0C2EE22 
 4636      19971F04 
 4636      27E43A09 
 4636      75B1
 4637 05cb D6CE6F43 		.ascii	"\326\316oC\006\211\362\201\244\003\033\222\210\030\037"
 4637      0689F281 
 4637      A4031B92 
 4637      88181F
 4638 05da 4828980F 		.ascii	"H(\230\017\354Gy\006\2111e2\240^~\214e\311\031g\035"
 4638      EC477906 
 4638      89316532 
 4638      A05E7E8C 
 4638      65C91967 
 4639 05ef 53F82EB2 		.ascii	"S\370.\262\033 g\230\032\230UhDnv\262\341\202\302\361"
 4639      1B206798 
 4639      1A985568 
 4639      446E76B2 
 4639      E182C2F1 
 4640 0603 FDC64DA8 		.ascii	"\375\306M\2504\221\201FC\026\001\004U\326\366Zd\"pX"
 4640      34918146 
 4640      43160104 
 4640      55D6F65A 
 4640      64227058 
 4641 0617 F1A638B2 		.ascii	"\361\2468\262\2311m\224r\316\267!V\374\252]$\252\270"
 4641      99316D94 
 4641      72CEB721 
 4641      56FCAA5D 
 4641      24AAB8
 4642 062a 5B98A367 		.ascii	"[\230\243g%\241q\236\225\300n\334\030\276\322\221\324"
 4642      25A1719E 
 4642      95C06EDC 
 4642      18BED291 
 4642      D4
 4643 063b 0233C585 		.ascii	"\0023\305\205\301\310`\302\324\250 _i\245\314\314\314"
 4643      C1C860C2 
 4643      D4A8205F 
 4643      69A5CCCC 
 4643      CC
 4644 064c 6896B4A0 		.ascii	"h\226\264\240r\250\344\320\"&?c_q\3500R\265\377\200"
 4644      72A8E4D0 
 4644      22263F63 
 4644      5F71E830 
 4644      52B5FF80 
 4645 0660 C960C921 		.ascii	"\311`\311!k_D\267\222\370OJ\270L\241\315\260iH'WTf0"
 4645      6B5F44B7 
 4645      92F84F4A 
 4645      B84CA1CD 
 4645      B0694827 
 4646 0678 D5575492 		.ascii	"\325WT\222\022\021\177I\002\304S\255h\322I\203\251\276"
 4646      12117F49 
 4646      02C453AD 
 4646      68D24983 
 4646      A9BE
 4647 068a 7EA4D9BE 		.ascii	"~\244\331\276\311#\275\263\247yQ>\235\341\020\204\266"
 4647      C923BDB3 
 4647      A779513E 
 4647      9DE11084 
ARM GAS  C:\Users\nicx5\AppData\Local\Temp\cc9k9ag2.s 			page 105


 4647      B6
 4648 069b 73CC5EC7 		.ascii	"s\314^\307KE\230\240\000eUYBf\376|\333\232\310\265\326"
 4648      4B4598A0 
 4648      00655559 
 4648      4266FE7C 
 4648      DB9AC8B5 
 4649 06b0 BEFD397E 		.ascii	"\276\3759~j\202\262\002N-'\221\200!\210.z\332\267Q\352"
 4649      6A82B202 
 4649      4E2D2791 
 4649      8021882E 
 4649      7ADAB751 
 4650 06c5 6021051A 		.ascii	"`!\005\032hs\367\364\245f\257\244c\0369l\220!\207\273"
 4650      6873F7F4 
 4650      A566AFA4 
 4650      631E396C 
 4650      902187BB 
 4651 06d9 5949945B 		.ascii	"YI\224[\330\030!f\207p\314EM\2210\337\347\220\2208?"
 4651      D8182166 
 4651      8770CC45 
 4651      4D9130DF 
 4651      E7909038 
 4652 06ee 87C0A19B 		.ascii	"\207\300\241\233\304\242\003\2230\376\004;\354\356\236"
 4652      C4A20393 
 4652      30FE043B 
 4652      ECEE9E
 4653 06fd F1A592EF 		.ascii	"\361\245\222\357\341\331\220\276,\220\273[ 6l\201\316"
 4653      E1D990BE 
 4653      2C90BB5B 
 4653      20366C81 
 4653      CE
 4654 070e CECECE6E 		.ascii	"\316\316\316nr7\306\267e\201\330\206\334($\354vryBr"
 4654      7237C6B7 
 4654      6581D886 
 4654      DC2824EC 
 4654      76727942 
 4655 0723 7760DB82 		.ascii	"w`\333\202op/\002_\013Fz\262Nry,r`\302\222\264h\246"
 4655      6F702F02 
 4655      5F0B467A 
 4655      B24E7279 
 4655      2C7260C2 
 4656 073b 03743620 		.ascii	"\003t6 2U\225\031)\274\346\210\025\244rz\\\2051\355"
 4656      32559519 
 4656      29BCE688 
 4656      15A4727A 
 4656      5C8531ED 
 4657 074f 14968EB2 		.ascii	"\024\226\216\262\027\276e2\260\300\213\277\030\345\222"
 4657      17BE6532 
 4657      B0C08BBF 
 4657      18E592
 4658 075e 27617CF8 		.ascii	"'a|\370N;\034\347M\364\372\271\356\321\272?r\353x\302"
 4658      4E3B1CE7 
 4658      4DF4FAB9 
 4658      EED1BA3F 
 4658      72EB78C2 
 4659 0772 F39C675B 		.ascii	"\363\234g[\224;4YA}\347\341\241\024\014\377d\314+\315"
 4659      943B3459 
 4659      417DE7E1 
ARM GAS  C:\Users\nicx5\AppData\Local\Temp\cc9k9ag2.s 			page 106


 4659      A1140CFF 
 4659      64CC2BCD 
 4660 0786 7770BB0F 		.ascii	"wp\273\017\342\346\301\203b\222QR\320\205\300\006\002"
 4660      E2E6C183 
 4660      62925152 
 4660      D085C006 
 4660      02
 4661 0797 FAE464DA 		.ascii	"\372\344d\332~\335\230s\265l\017\227\300,\370\204\014"
 4661      7EDD9873 
 4661      B56C0F97 
 4661      C02CF884 
 4661      0C
 4662 07a8 BE1E1E21 		.ascii	"\276\036\036!\204@\2503\266\234\232$\241TE2\222$\225"
 4662      8440A833 
 4662      B69C9A24 
 4662      A1544532 
 4662      922495
 4663 07bb 0E731380 		.ascii	"\016s\023\200\000\021U\034\217\252\322\246\037\023\000"
 4663      0011551C 
 4663      8FAAD2A6 
 4663      1F1300
 4664 07ca 120CC3C0 		.ascii	"\022\014\303\300H\214"
 4664      488C
 4665 07d0 624E2923 		.ascii	"bN)#2#\"\022\210HQRP\2204\007\330\205\012x\370\265t"
 4665      32232212 
 4665      88485152 
 4665      50903407 
 4665      D8850A78 
 4666 07e7 2DF9F12D 		.ascii	"-\371\361-*\364\007_\007c\007\361\016\02615u\326<-\230"
 4666      2AF4075F 
 4666      076307F1 
 4666      0E163135 
 4666      75D63C2D 
 4667 07fc 6AD95CC4 		.ascii	"j\331\\\304\034\031[\233\260$\222\331\203v\326i\220"
 4667      1C195B9B 
 4667      B02492D9 
 4667      8376D669 
 4667      90
 4668 080d D62CF9E6 		.ascii	"\326,\371\346\037\031\250*\237R&\212\303\2152L6\365"
 4668      1F19A82A 
 4668      9F52268A 
 4668      C38D324C 
 4668      36F5
 4669 081f 67571E90 		.ascii	"gW\036\220\360\260\263\356\025U_\313\332\0137Er\354"
 4669      F0B0B3EE 
 4669      15555FCB 
 4669      DA0B3745 
 4669      72EC
 4670 0831 87C2340A 		.ascii	"\207\3024\012.\244\006B{s\325TN,1\342\324i\273\355\207"
 4670      2EA40642 
 4670      7B73D554 
 4670      4E2C31E2 
 4670      D469BBED 
 4671 0846 3DC2A018 		.ascii	"=\302\240\030a\005\321\320h\306a#8\343\354(u\206\037"
 4671      6105D1D0 
 4671      68C66123 
 4671      38E3EC28 
ARM GAS  C:\Users\nicx5\AppData\Local\Temp\cc9k9ag2.s 			page 107


 4671      75861F
 4672 0859 1C272C84 		.ascii	"\034',\204\243l\234Z\3602M.\005\">\274\2664\365\347"
 4672      A36C9C5A 
 4672      F0324D2E 
 4672      05223EBC 
 4672      B634F5E7 
 4673 086d 4F1AB176 		.ascii	"O\032\261v:\220v\351=\323\223\251$\011\277e\357\013"
 4673      3A9076E9 
 4673      3DD393A9 
 4673      2409BF65 
 4673      EF0B
 4674 087f 52A47073 		.ascii	"R\244ps\236+\302\032T\015\254Y\276\367kD\3212B\303G"
 4674      9E2BC21A 
 4674      540DAC59 
 4674      BEF76B44 
 4674      D13242C3 
 4675 0894 7504E962 		.ascii	"u\004\351b\320\354r\346\243\300\235v\200\005\036\372"
 4675      D0EC72E6 
 4675      A3C09D76 
 4675      80051EFA 
 4676 08a4 FE11E0A5 		.ascii	"\376\021\340\245\301\016\327Dr\012\245\242\007D\247"
 4676      C10ED744 
 4676      720AA5A2 
 4676      0744A7
 4677 08b3 D2C73DCF 		.ascii	"\322\307=\317\224\315\347,bq\310\032\364e\261\24418"
 4677      94CDE72C 
 4677      6271C81A 
 4677      F465B1A4 
 4677      3138
 4678 08c5 BA271E81 		.ascii	"\272'\036\2015 \330:\315\253[\023u\263fe\235\356\310"
 4678      3520D83A 
 4678      CDAB5B13 
 4678      75B36665 
 4678      9DEEC8
 4679 08d8 13CA5569 		.ascii	"\023\312Ui\031\327~\331\0028.\205\205Z\373\314\015T"
 4679      19D77ED9 
 4679      02382E85 
 4679      855AFBCC 
 4679      0D54
 4680 08ea 92A998B5 		.ascii	"\222\251\230\265nP\200\223\322\300\375z\260A\030\354"
 4680      6E508093 
 4680      D2C0FD7A 
 4680      B04118EC 
 4681 08fa 8AC54CA7 		.ascii	"\212\305L\247\367\217\030\312\015\376\343\337P\011\205"
 4681      F78F18CA 
 4681      0DFEE3DF 
 4681      500985
 4682 0909 AA0FA09A 		.ascii	"\252\017\240\232K\300.\222\0330\272\006N>\203!~\320"
 4682      4BC02E92 
 4682      1B30BA06 
 4682      4E3E8321 
 4682      7ED0
 4683 091b AC94758E 		.ascii	"\254\224u\216{\252\327\007!\345\324\367\232w\371\225"
 4683      7BAAD707 
 4683      21E5D4F7 
 4683      9A77F995 
 4684 092b 015FB788 		.ascii	"\001_\267\210\015\207\0271\215}2\003\232\215\210w\374"
ARM GAS  C:\Users\nicx5\AppData\Local\Temp\cc9k9ag2.s 			page 108


 4684      0D871731 
 4684      8D7D3203 
 4684      9A8D8877 
 4684      FC
 4685 093c AEC1BA26 		.ascii	"\256\301\272&\210\376P\211\217(\200:#\277\026({219\340"
 4685      88FE5089 
 4685      8F28803A 
 4685      23BF1628 
 4685      7B323139 
 4686 0951 B2DA9F2C 		.ascii	"\262\332\237,\254\324\344\005\012\234-*\334\241\276"
 4686      ACD4E405 
 4686      0A9C2D2A 
 4686      DCA1BE
 4687 0960 B37CEB5E 		.ascii	"\263|\353^\316$\254\013\015s\243\344c*e\360\355\221"
 4687      CE24AC0B 
 4687      0D73A3E4 
 4687      632A65F0 
 4687      ED91
 4688 0972 F874FB3B 		.ascii	"\370t\373;\241\222\253\226\003m\360\010\010^,\201\211"
 4688      A192AB96 
 4688      036DF008 
 4688      085E2C81 
 4688      89
 4689 0983 36568015 		.ascii	"6V\200\025\275\251,r[\022\237\325,?\202\002\234\262"
 4689      BDA92C72 
 4689      5B129FD5 
 4689      2C3F8202 
 4689      9CB2
 4690 0995 02975C1F 		.ascii	"\002\227\\\037\224a\304\312\000\334=\223R\266\224\224"
 4690      9461C4CA 
 4690      00DC3D93 
 4690      52B69494 
 4691 09a5 DB6AE22C 		.ascii	"\333j\342,\033\215\273\216J\314A+\304\335-\016v`\011"
 4691      1B8DBB8E 
 4691      4ACC412B 
 4691      C4DD2D0E 
 4691      766009
 4692 09b8 24745353 		.ascii	"$tSS\027\323\201\213>Rm\365\356V\300\206.\3549\371\206"
 4692      17D3818B 
 4692      3E526DF5 
 4692      EE56C086 
 4692      2EEC39F9 
 4693 09cd 7263B2D6 		.ascii	"rc\262\326\222\023b^3\203V\311\2642S\242\014\350\006"
 4693      9213625E 
 4693      338356C9 
 4693      B43253A2 
 4693      0CE806
 4694 09e0 381BA24C 		.ascii	"8\033\242LTt\352\342M&\237\225>\362\206\034\357\243"
 4694      5474EAE2 
 4694      4D269F95 
 4694      3EF2861C 
 4694      EFA3
 4695 09f2 D46E4B43 		.ascii	"\324nKC\214OP`\027\313\347n\032\340FL\316\024Bq\356"
 4695      8C4F5060 
 4695      17CBE76E 
 4695      1AE0464C 
 4695      CE144271 
ARM GAS  C:\Users\nicx5\AppData\Local\Temp\cc9k9ag2.s 			page 109


 4696 0a07 A010C470 		.ascii	"\240\020\304p\335\351\300,\270\246^Y\317D7\032\365f"
 4696      DDE9C02C 
 4696      B8A65E59 
 4696      CF44371A 
 4696      F566
 4697 0a19 FCCEF7B6 		.ascii	"\374\316\367\266/i\316\377\012\033\215\012O\332\221"
 4697      2F69CEFF 
 4697      0A1B8D0A 
 4697      4FDA91
 4698 0a28 58E55338 		.ascii	"X\345S8j\001\324\273\361\354\004C\337\020\310\027\335"
 4698      6A01D4BB 
 4698      F1EC0443 
 4698      DF10C817 
 4698      DD
 4699 0a39 8B1AA2A9 		.ascii	"\213\032\242\2511\273A&\276=-\362\370|\272\324\341\353"
 4699      31BB4126 
 4699      BE3D2DF2 
 4699      F87CBAD4 
 4699      E1EB
 4700 0a4b D35B9011 		.ascii	"\323[\220\021\343\016\224\246\037=\263\354KL0\032\366"
 4700      E30E94A6 
 4700      1F3DB3EC 
 4700      4B4C301A 
 4700      F6
 4701 0a5c 8CAE1C9D 		.ascii	"\214\256\034\235\260\370\217x><\337] Ub\261Px)>\350"
 4701      B0F88F78 
 4701      3E3CDF5D 
 4701      205562B1 
 4701      5078293E 
 4702 0a71 004FB6A2 		.ascii	"\000O\266\242Z*\327o\033\321\2771\253\021-]\214\244"
 4702      5A2AD76F 
 4702      1BD1BF31 
 4702      AB112D5D 
 4702      8CA4
 4703 0a83 47AB9B84 		.ascii	"G\253\233\204z&\210p\205\274\230#\303\341\267\300\377"
 4703      7A268870 
 4703      85BC9823 
 4703      C3E1B7C0 
 4703      FF
 4704 0a94 B1BC0297 		.ascii	"\261\274\002\227G\246\303_\035g\252_\\\337h\217\365"
 4704      47A6C35F 
 4704      1D67AA5F 
 4704      5CDF688F 
 4704      F5
 4705 0aa5 B88641AF 		.ascii	"\270\206A\257e\217\014\377\246C76\032\220,\037\010\213"
 4705      658F0CFF 
 4705      A6433736 
 4705      1A902C1F 
 4705      088B
 4706 0ab7 70EE6323 		.ascii	"p\356c#\277,\324\300$N#\306\361\331/\272?]\024\216\357"
 4706      BF2CD4C0 
 4706      244E23C6 
 4706      F1D92FBA 
 4706      3F5D148E 
 4707 0acc 6C084BD6 		.ascii	"l\010K\326\352\363<\021$\337\371D\001\213\303M{\372"
 4707      EAF33C11 
 4707      24DFF944 
ARM GAS  C:\Users\nicx5\AppData\Local\Temp\cc9k9ag2.s 			page 110


 4707      018BC34D 
 4707      7BFA
 4708 0ade 61E8E88A 		.ascii	"a\350\350\212oV\347\210\347N|\345^\301\251\325\3322"
 4708      6F56E788 
 4708      E74E7CE5 
 4708      5EC1A9D5 
 4708      DA32
 4709 0af0 6D005BF9 		.ascii	"m\000[\371P\310j?Mp\323\342\031\217L\034\001Qx*q\312"
 4709      50C86A3F 
 4709      4D70D3E2 
 4709      198F4C1C 
 4709      0151782A 
 4710 0b06 E4B0F234 		.ascii	"\344\260\3624n\352\255\204\250I<\340\300o\254\305\274"
 4710      6EEAAD84 
 4710      A8493CE0 
 4710      C06FACC5 
 4710      BC
 4711 0b17 AAC89205 		.ascii	"\252\310\222\005\213\230\004\301R<\301$\033\303M\306"
 4711      8B9804C1 
 4711      523CC124 
 4711      1BC34DC6 
 4712 0b27 E19034E1 		.ascii	"\341\2204\341\334$\364V\024$B9\273\"\0118i\373\246\235"
 4712      DC24F456 
 4712      14244239 
 4712      BB220938 
 4712      69FBA69D 
 4713 0b3b 5C751F04 		.ascii	"\\u\037\004\003:~]\327\263: p\251\015>\362\320\323m"
 4713      033A7E5D 
 4713      D7B33A20 
 4713      70A90D3E 
 4713      F2D0D36D 
 4714 0b4f C7CE3626 		.ascii	"\307\3166&1\325\216\311\312\260Uw\310EBig\2402\376\366"
 4714      31D58EC9 
 4714      CAB05577 
 4714      C8454269 
 4714      67A032FE 
 4715 0b64 3A682369 		.ascii	":h#i\003\342x\265\260\255\360\352+\037F\342\261\375"
 4715      03E278B5 
 4715      B0ADF0EA 
 4715      2B1F46E2 
 4715      B1FD
 4716 0b76 303823C3 		.ascii	"08#\303|\005\251\350\372\350\204\003\364\233\375\317"
 4716      7C05A9E8 
 4716      FAE88403 
 4716      F49BFDCF 
 4717 0b86 8DF32BAE 		.ascii	"\215\363+\256\2225\364\037\371\243_\034l'UB\210 \230"
 4717      9235F41F 
 4717      F9A35F1C 
 4717      6C275542 
 4717      882098
 4718 0b99 3211105E 		.ascii	"2\021\020^\362:\340\227\032\031\025\025\300p\346*\210"
 4718      F23AE097 
 4718      1A191515 
 4718      C070E62A 
 4718      88
 4719 0baa DEDFFF6B 		.ascii	"\336\337\377k\354\225;d?\001<o\017\317\233\011\365\342"
 4719      EC953B64 
ARM GAS  C:\Users\nicx5\AppData\Local\Temp\cc9k9ag2.s 			page 111


 4719      3F013C6F 
 4719      0FCF9B09 
 4719      F5E2
 4720 0bbc 27C050CE 		.ascii	"'\300P\316\221\374\340\2319\023\226\301\034\274\254"
 4720      91FCE099 
 4720      391396C1 
 4720      1CBCAC
 4721 0bcb C1F3963E 		.ascii	"\301\363\226>.b\260\211\237\027\331\014 \352\330\330"
 4721      2E62B089 
 4721      9F17D90C 
 4721      20EAD8D8 
 4722 0bdb 2704D476 		.ascii	"'\004\324v\376\310s>\313\310\376\234\365\200\013\224"
 4722      FEC8733E 
 4722      CBC8FE9C 
 4722      F5800B94 
 4723 0beb 86CBD78C 		.ascii	"\206\313\327\214\314I\330\325\233\023p\035\253h\232"
 4723      CC49D8D5 
 4723      9B13701D 
 4723      AB689A
 4724 0bfa 39252DBB 		.ascii	"9%-\273txh\3308\332C\227/\024\030Q\2778\246\\\331\377"
 4724      747868D8 
 4724      38DA4397 
 4724      2F141851 
 4724      BF38A65C 
 4725 0c10 82F9A136 		.ascii	"\202\371\2416\362\253p\343\327\024\361L\3763\235m\272"
 4725      F2AB70E3 
 4725      D714F14C 
 4725      FE339D6D 
 4725      BA
 4726 0c21 6616333B 		.ascii	"f\0263;\265\344OB\254'v\311\234~\227\306r\300\365{C"
 4726      B5E44F42 
 4726      AC2776C9 
 4726      9C7E97C6 
 4726      72C0F57B 
 4727 0c36 75799436 		.ascii	"uy\2246\025\311L\360\330\001\265\377L\253\3202\357\276"
 4727      15C94CF0 
 4727      D801B5FF 
 4727      4CABD032 
 4727      EFBE
 4728 0c48 89B634DF 		.ascii	"\211\2664\337\220\243\243\363\313\011V\200\352\241^"
 4728      90A3A3F3 
 4728      CB095680 
 4728      EAA15E
 4729 0c57 ECF9A0F2 		.ascii	"\354\371\240\362\251\320]c\254M39\351ET\352z\217#P\317"
 4729      A9D05D63 
 4729      AC4D3339 
 4729      E94554EA 
 4729      7A8F2350 
 4730 0c6c 494A155E 		.ascii	"IJ\025^\201\323\032e\243IW\276v>b8T\317\035\216+\317"
 4730      81D31A65 
 4730      A34957BE 
 4730      763E6238 
 4730      54CF1D8E 
 4731 0c82 5FF464C5 		.ascii	"_\364d\305\236\214\021\221joA\302\272\324\373\232O|"
 4731      9E8C1191 
 4731      6A6F41C2 
 4731      BAD4FB9A 
ARM GAS  C:\Users\nicx5\AppData\Local\Temp\cc9k9ag2.s 			page 112


 4731      4F7C
 4732 0c94 66165447 		.ascii	"f\026TG\313me\3512\001f P\012\327\226\235\321W\305Y"
 4732      CB6D65E9 
 4732      32016620 
 4732      500AD796 
 4732      9DD157C5 
 4733 0ca9 173908FD 		.ascii	"\0279\010\375MY\032_\031Eh\177\351\226\270\347i%>\242"
 4733      4D591A5F 
 4733      1945687F 
 4733      E996B8E7 
 4733      69253EA2 
 4734 0cbd 10D282EA 		.ascii	"\020\322\202\352\013\342\242\376_\246\010\350*\030\207"
 4734      0BE2A2FE 
 4734      5FA608E8 
 4734      2A1887
 4735 0ccc 736F3BE1 		.ascii	"so;\341]\236j0\374\021\006\261\327/H\323\225\256\013"
 4735      5D9E6A30 
 4735      FC1106B1 
 4735      D72F48D3 
 4735      95AE0B
 4736 0cdf A613F583 		.ascii	"\246\023\365\203\317\371*\313\025\021\025n>\252\260"
 4736      CFF92ACB 
 4736      1511156E 
 4736      3EAAB0
 4737 0cee 8F9DF2EE 		.ascii	"\217\235\362\356\316\202q*6\015&\244GH\243LU1\361\213"
 4737      CE82712A 
 4737      360D26A4 
 4737      4748A34C 
 4737      5531F18B 
 4738 0d02 DF181A65 		.ascii	"\337\030\032e\316\013\215\017m\303\351\330\2711\325"
 4738      CE0B8D0F 
 4738      6DC3E9D8 
 4738      B931D5
 4739 0d11 C2490146 		.ascii	"\302I\001F'Z\311\225\277\370\374\021\226\2725\254\270"
 4739      275AC995 
 4739      BFF8FC11 
 4739      96BA35AC 
 4739      B8
 4740 0d22 7B2A8741 		.ascii	"{*\207AK\\\2772X\201\322\267\212\"\030B\346\214\357"
 4740      4B5CBF32 
 4740      5881D2B7 
 4740      8A221842 
 4740      E68CEF
 4741 0d35 BD35C780 		.ascii	"\2755\307\200\373\267\037\261\017\350\374\013\224\201"
 4741      FBB71FB1 
 4741      0FE8FC0B 
 4741      9481
 4742 0d43 B07A10B4 		.ascii	"\260z\020\264\304\271\025\277\001Xf\265d[5\301\027\012"
 4742      C4B915BF 
 4742      015866B5 
 4742      645B35C1 
 4742      170A
 4743 0d55 6CEA17FF 		.ascii	"l\352\027\377\300\237\314JT\347\273\3128\307\016\200"
 4743      C09FCC4A 
 4743      54E7BBCA 
 4743      38C70E80 
 4744 0d65 D3A61FBA 		.ascii	"\323\246\037\272rc9>6*\273\341\212\364__oQX|\221\332"
ARM GAS  C:\Users\nicx5\AppData\Local\Temp\cc9k9ag2.s 			page 113


 4744      7263393E 
 4744      362ABBE1 
 4744      8AF45F5F 
 4744      6F51587C 
 4745 0d7b 178FE4FA 		.ascii	"\027\217\344\372a\376\344f\202\006\306\200\276<[U\246"
 4745      61FEE466 
 4745      8206C680 
 4745      BE3C5B55 
 4745      A6
 4746 0d8c 2AE91B37 		.ascii	"*\351\03379K\325\001_\302\246\244\225\201r*T\0044\203"
 4746      394BD501 
 4746      5FC2A6A4 
 4746      9581722A 
 4746      54043483 
 4747 0da0 40E9B167 		.ascii	"@\351\261gP\2403\212\253`\355m\2533k\021\327\304\205"
 4747      50A0338A 
 4747      AB60ED6D 
 4747      AB336B11 
 4747      D7C485
 4748 0db3 603A9806 		.ascii	"`:\230\006 x\360\023\\n\011\012\335\217\204.\372\004"
 4748      2078F013 
 4748      5C6E090A 
 4748      DD8F842E 
 4748      FA04
 4749 0dc5 19CB89C4 		.ascii	"\031\313\211\304\251\306L\324\371E\266\377 +\207\311"
 4749      A9C64CD4 
 4749      F945B6FF 
 4749      202B87C9 
 4750 0dd5 BBF5BB79 		.ascii	"\273\365\273y\256\002\215\023\307\252\346\352\252w6"
 4750      AE028D13 
 4750      C7AAE6EA 
 4750      AA7736
 4751 0de4 84AF2D64 		.ascii	"\204\257-d\211_\264\0263\236\235\236X\255\2055\316\303"
 4751      895FB416 
 4751      339E9D9E 
 4751      58AD8535 
 4751      CEC3
 4752 0df6 7E7DF270 		.ascii	"~}\362p\301\212\264;g\345\245=#\0050\375:j\213\337I"
 4752      C18AB43B 
 4752      67E5A53D 
 4752      230530FD 
 4752      3A6A8BDF 
 4753 0e0b 54BDE892 		.ascii	"T\275\350\222\015a\374VM\010\340\215\223'YlK\345\010"
 4753      0D61FC56 
 4753      4D08E08D 
 4753      9327596C 
 4753      4BE508
 4754 0e1e 08216E65 		.ascii	"\010!ne\244\321\345Ff\017\217\200\377@\243#\3522\014"
 4754      A4D1E546 
 4754      660F8F80 
 4754      FF40A323 
 4754      EA320C
 4755 0e31 D0E5BA10 		.ascii	"\320\345\272\020\234`ARX\345i\373H\226Y\367\000\252"
 4755      9C604152 
 4755      58E569FB 
 4755      489659F7 
 4755      00AA
ARM GAS  C:\Users\nicx5\AppData\Local\Temp\cc9k9ag2.s 			page 114


 4756 0e43 BF0234DD 		.ascii	"\277\0024\335A\256\262D\314i\001\376\314\204\334\\G"
 4756      41AEB244 
 4756      CC6901FE 
 4756      CC84DC5C 
 4756      47
 4757 0e54 B3C28913 		.ascii	"\263\302\211\023\346\255\301'\032\341\221W@\366\356"
 4757      E6ADC127 
 4757      1AE19157 
 4757      40F6EE
 4758 0e63 48ADB76A 		.ascii	"H\255\267j\374x\210\330\304\273\373wK\027\007\213\346"
 4758      FC7888D8 
 4758      C4BBFB77 
 4758      4B17078B 
 4758      E6
 4759 0e74 3D2321E1 		.ascii	"=#!\341!\001\325\010\2109\375K\242\320\020\024\254c"
 4759      2101D508 
 4759      8839FD4B 
 4759      A2D01014 
 4759      AC63
 4760 0e86 F34EA8D5 		.ascii	"\363N\250\325\235{*\224?`5\032u\364\241>fOk\212\017"
 4760      9D7B2A94 
 4760      3F60351A 
 4760      75F4A13E 
 4760      664F6B8A 
 4761 0e9b 1FF1DC38 		.ascii	"\037\361\3348\257\227\321\":\255\272\210\001\256\237"
 4761      AF97D122 
 4761      3AADBA88 
 4761      01AE9F
 4762 0eaa FC2C48D4 		.ascii	"\374,H\324\220s\255\030=e\366\241i&\251'\003\001]C\254"
 4762      9073AD18 
 4762      3D65F6A1 
 4762      6926A927 
 4762      03015D43 
 4763 0ebf B9A87B0B 		.ascii	"\271\250{\013@\210\370\205\233ht4\234\"6\265\240o\372"
 4763      4088F885 
 4763      9B687434 
 4763      9C2236B5 
 4763      A06FFA
 4764 0ed2 83CD08B3 		.ascii	"\203\315\010\263\353\304\003\2753lT\240\211\012\355"
 4764      EBC403BD 
 4764      336C54A0 
 4764      890AED
 4765 0ee1 94B2CB6A 		.ascii	"\224\262\313j\012\221=$C\275\332f\200\015\256\004\313"
 4765      0A913D24 
 4765      43BDDA66 
 4765      800DAE04 
 4765      CB
 4766 0ef2 33E2AAB7 		.ascii	"3\342\252\267\215p\266\014\253<5\376\304Q\032h;\274"
 4766      8D70B60C 
 4766      AB3C35FE 
 4766      C4511A68 
 4766      3BBC
 4767 0f04 787B3051 		.ascii	"x{0Q\361\014\324 9tUzF\252\223\236#BG\354;\331\034Y"
 4767      F10CD420 
 4767      3974557A 
 4767      46AA939E 
 4767      234247EC 
ARM GAS  C:\Users\nicx5\AppData\Local\Temp\cc9k9ag2.s 			page 115


 4768 0f1c 07BC5B73 		.ascii	"\007\274[s\324\306\032\270E,\335\345\261\333\246H}\003"
 4768      D4C61AB8 
 4768      452CDDE5 
 4768      B1DBA648 
 4768      7D03
 4769 0f2e 8A9C8CEC 		.ascii	"\212\234\214\3541\304\202\246V\375\253,\314\015\035"
 4769      31C482A6 
 4769      56FDAB2C 
 4769      CC0D1D
 4770 0f3d 51D8344D 		.ascii	"Q\3304M_R\312\353\264D[\251\266[\276\210U\031H\260$"
 4770      5F52CAEB 
 4770      B4445BA9 
 4770      B65BBE88 
 4770      551948B0 
 4771 0f52 BB5265E5 		.ascii	"\273Re\345\241(Wy\017\265\242%-`|\202\362$\010.geHB"
 4771      A1285779 
 4771      0FB5A225 
 4771      2D607C82 
 4771      F224082E 
 4772 0f6a 36C15342 		.ascii	"6\301SBwX\206j~'\321%7[K\022U\013}\263\201\364Z\223"
 4772      7758866A 
 4772      7E27D125 
 4772      375B4B12 
 4772      550B7DB3 
 4773 0f82 2D9B7B8B 		.ascii	"-\233{\213\214\356t\243\234\315\217\327\342#x\037\357"
 4773      8CEE74A3 
 4773      9CCD8FD7 
 4773      E223781F 
 4773      EF
 4774 0f93 C9EEC90D 		.ascii	"\311\356\311\015\310\014sw\342\300\316\315O"
 4774      C80C7377 
 4774      E2C0CECD 
 4774      4F
 4775 0fa0 BC849CA1 		.ascii	"\274\204\234\241rx\3778\340c\026\363nM\222e\254\321"
 4775      7278FF38 
 4775      E06316F3 
 4775      6E4D9265 
 4775      ACD1
 4776 0fb2 29288CA2 		.ascii	")(\214\242\031\200\274\371{:\204\376\330J\254x\000\244"
 4776      1980BCF9 
 4776      7B3A84FE 
 4776      D84AAC78 
 4776      00A4
 4777 0fc4 A2E66D30 		.ascii	"\242\346m0\035D\012E\226\030\215H\323\007!\222\201\225"
 4777      1D440A45 
 4777      96188D48 
 4777      D3072192 
 4777      8195
 4778 0fd6 E1B07B23 		.ascii	"\341\260{#\201\301r\270a\374\000R\240:\302\014\017\310"
 4778      81C172B8 
 4778      61FC0052 
 4778      A03AC20C 
 4778      0FC8
 4779 0fe8 7BF17885 		.ascii	"{\361x\205\326H'\315=\003\261\026\256|\342\351\255$"
 4779      D64827CD 
 4779      3D03B116 
 4779      AE7CE2E9 
ARM GAS  C:\Users\nicx5\AppData\Local\Temp\cc9k9ag2.s 			page 116


 4779      AD24
 4780 0ffa 4E82AF03 		.ascii	"N\202\257\003\342\002D(\202\206\017\370\233\250>\272"
 4780      E2024428 
 4780      82860FF8 
 4780      9BA83EBA 
 4781 100a 4B419B08 		.ascii	"KA\233\010*\255\313.\000G\377\262\232~\365\035\312C"
 4781      2AADCB2E 
 4781      0047FFB2 
 4781      9A7EF51D 
 4781      CA43
 4782 101c 31B85DF0 		.ascii	"1\270]\360+\273\010\2634mLJ"
 4782      2BBB08B3 
 4782      346D4C4A 
 4783              		.text
 4784              		.section	.gnu.lto_.jmpfuncs.1f2fd384,"e",%progbits
 4785 0000 28B52FFD 		.ascii	"(\265/\375`\261\003\225\013\0002\215,0`M\222\0160L\015"
 4785      60B10395 
 4785      0B00328D 
 4785      2C30604D 
 4785      920E304C 
 4786 0015 82A040E8 		.ascii	"\202\240@\350\004\001\015\202\300\250 \010\210\0050"
 4786      04010D82 
 4786      C0A82008 
 4786      880530
 4787 0024 810CF052 		.ascii	"\201\014\360R\002\274\224\010\017dk\257F@\267\261\325"
 4787      02BC9408 
 4787      0F646BAF 
 4787      4640B7B1 
 4787      D5
 4788 0035 238DFDAD 		.ascii	"#\215\375\255\331Md\332\001\207M\365\035\310\201\033"
 4788      D94D64DA 
 4788      01874DF5 
 4788      1DC8811B 
 4789 0045 77935C8B 		.ascii	"w\223\\\213F\006\306\305\304\262\375\217E\005\305DI"
 4789      4606C6C5 
 4789      C4B2FD8F 
 4789      4505C544 
 4789      49
 4790 0056 89440404 		.ascii	"\211D\004\004\246\311\036\034\0322\014\013\230\351\202"
 4790      A6C91E1C 
 4790      1A320C0B 
 4790      98E982
 4791 0065 3DF50A12 		.ascii	"=\365\012\022& |\300\014\246\202\273\211\247^\026\326"
 4791      26207CC0 
 4791      0CA682BB 
 4791      89A75E16 
 4791      D6
 4792 0076 9C9AAC59 		.ascii	"\234\232\254Yy\332\023\202\025A\225\001JO\000\003\356"
 4792      79DA1382 
 4792      15419501 
 4792      4A4F0003 
 4792      EE
 4793 0087 5EA9419C 		.ascii	"^\251A\234\221q\261&R\000\242h\215\363%\342}$g\221\333"
 4793      9171B126 
 4793      5200A268 
 4793      8DF325E2 
 4793      7D246791 
ARM GAS  C:\Users\nicx5\AppData\Local\Temp\cc9k9ag2.s 			page 117


 4794 009c 5B6B8DD3 		.ascii	"[k\215\323^\276\023T\254)}\374\352\240\326Z\03377n\276"
 4794      5EBE1354 
 4794      AC297DFC 
 4794      EAA0D65A 
 4794      1B37376E 
 4795 00b1 BBC4669A 		.ascii	"\273\304f\2327!\274\337T\177\036\207!\001Z\250\261\254"
 4795      3721BCDF 
 4795      547F1E87 
 4795      21015AA8 
 4795      B1AC
 4796 00c3 27559265 		.ascii	"'U\222e?\003\200\002\231)+\036\022 a!\021\001GV\002"
 4796      3F038002 
 4796      99292B1E 
 4796      12206121 
 4796      11014756 
 4797 00d8 22425155 		.ascii	"\"BQU%\005%\251\277\003\301\007,f\225*\2028\266\310"
 4797      250525A9 
 4797      BF03C107 
 4797      2C66952A 
 4797      8238B6C8 
 4798 00ec 0FE986C4 		.ascii	"\017\351\206\304~o 6\362\002<\335R\215\303\240\2542"
 4798      7E6F2036 
 4798      F2023CDD 
 4798      528DC3A0 
 4798      AC32
 4799 00fe 36ED7D48 		.ascii	"6\355}H\343t~[\364\325od\334\206\011\302I\3220\242?"
 4799      E3747E5B 
 4799      F4D56F64 
 4799      DC8609C2 
 4799      49D230A2 
 4800 0113 587AC21B 		.ascii	"Xz\302\033\246\025\336\0376\322:c\177}\372B\374\342"
 4800      A615DE1F 
 4800      36D23A63 
 4800      7F7DFA42 
 4800      FCE2
 4801 0125 6B6F63CF 		.ascii	"koc\317\025\000\321fv\365\025202\033\212\3448\177;\020"
 4801      1500D166 
 4801      76F51532 
 4801      30321B8A 
 4801      E4387F3B 
 4802 013a E1800558 		.ascii	"\341\200\005Xt7\346W\277\266\247\271hOy\220\331\260"
 4802      7437E657 
 4802      BFB6A7B9 
 4802      684F7990 
 4802      D9B0
 4803 014c FC0C269B 		.ascii	"\374\014&\233\322q\355b\3534\362\253aeY\322\217\341"
 4803      D271ED62 
 4803      EB34F2AB 
 4803      616559D2 
 4803      8FE1
 4804 015e 60A964AB 		.ascii	"`\251d\253\240d\200\223\201\351m\231\307\214y\220\202"
 4804      A0648093 
 4804      81E96D99 
 4804      C78C7990 
 4804      82
 4805 016f 34317497 		.ascii	"41t\227y\347JD\177V\225Sf"
 4805      79E74A44 
ARM GAS  C:\Users\nicx5\AppData\Local\Temp\cc9k9ag2.s 			page 118


 4805      7F569553 
 4805      66
 4806              		.text
 4807              		.section	.gnu.lto_.pureconst.1f2fd384,"e",%progbits
 4808 0000 28B52FFD 		.ascii	"(\265/\375 \233U\003\000\262\211\031\035P\3310\006\010"
 4808      209B5503 
 4808      00B28919 
 4808      1D50D930 
 4808      0608
 4809 0012 66666666 		.ascii	"fffffff\206d\334H\0317R\306\215\224q\264\275\323\336"
 4809      66666686 
 4809      64DC4819 
 4809      3752C68D 
 4809      9471B4BD 
 4810 0028 5B06AEF2 		.ascii	"[\006\256\362\224\243\374\344&/9\311G.\362\220\203\374"
 4810      94A3FCE4 
 4810      262F39C9 
 4810      472EF290 
 4810      83FC
 4811 003a E31EEF38 		.ascii	"\343\036\3578\3077\256\361\214c\374\342\026\2578\305"
 4811      C737AEF1 
 4811      8C63FCE2 
 4811      16AF38C5 
 4812 004a 272EF188 		.ascii	"'.\361\210C\374\341\016o8\303\027\256\360\204#\374\340"
 4812      43FCE10E 
 4812      6F38C317 
 4812      AEF08423 
 4812      FCE0
 4813 005c 062F38C1 		.ascii	"\006/8\301\007.\360\200-\200o\256\271\2369\346\227\337"
 4813      072EF080 
 4813      2D806FAE 
 4813      B99E39E6 
 4813      97DF
 4814 006e EAEE5801 		.ascii	"\352\356X\001\000"
 4814      00
 4815              		.text
 4816              		.section	.gnu.lto_.ipa_modref.1f2fd384,"e",%progbits
 4817 0000 28B52FFD 		.ascii	"(\265/\375`\025\011\015\030\000\346\030K5`I\223t\000"
 4817      6015090D 
 4817      1800E618 
 4817      4B356049 
 4817      937400
 4818 0013 512CD730 		.ascii	"Q,\3270\2549\365,q\\\303\260\003\035\206aS\272$\021"
 4818      AC39F52C 
 4818      715CC3B0 
 4818      031D8661 
 4818      53BA2411 
 4819 0027 C610FAFF 		.ascii	"\306\020\372\377\321G\2555Z[j\034B\377\177\213\030k"
 4819      D147AD35 
 4819      5A5B6A1C 
 4819      42FF7F8B 
 4819      186B
 4820 0039 81E98810 		.ascii	"\201\351\210\020i\273\021\262e\0128\000:\000@\000}\263"
 4820      69BB11B2 
 4820      650A3800 
 4820      3A004000 
 4820      7DB3
ARM GAS  C:\Users\nicx5\AppData\Local\Temp\cc9k9ag2.s 			page 119


 4821 004b 86FC3E7D 		.ascii	"\206\374>}\030\332\034\027\036e*\263T0;A`w J\270\260"
 4821      18DA1C17 
 4821      1E652AB3 
 4821      54303B41 
 4821      6077204A 
 4822 0061 F75B39C5 		.ascii	"\367[9\305TL%-\314\205\272\377\334\357\365\356\013\233"
 4822      544C252D 
 4822      CC85BAFF 
 4822      DCEFF5EE 
 4822      0B9B
 4823 0073 CE9572EF 		.ascii	"\316\225r\357\015\354\016\366\227\272\204\033\030\002"
 4823      0DEC0EF6 
 4823      97BA841B 
 4823      1802
 4824 0081 2BB04B30 		.ascii	"+\260K0\225\011SY\010\344\021\036=p5\003\036\207| \001"
 4824      95095359 
 4824      08E4111E 
 4824      3D703503 
 4824      1E877C20 
 4825 0096 B96E5760 		.ascii	"\271nW`k\356\266i\337\342\343\021\310\376\211\204\001"
 4825      6BEEB669 
 4825      DFE2E311 
 4825      C8FE8984 
 4825      01
 4826 00a7 F2AB02C8 		.ascii	"\362\253\002\310\337\257\323m\374\\\247\011\256a\313"
 4826      DFAFD36D 
 4826      FC5CA709 
 4826      AE61CB
 4827 00b6 115E089D 		.ascii	"\021^\010\235\013\375ut@P\303995\350\320\002\253\320"
 4827      0BFD7574 
 4827      4050C339 
 4827      3935E8D0 
 4827      02ABD0
 4828 00c9 413E3660 		.ascii	"A>6`\220\377\220\017a\025.\310\307\252*`$v\241\310\023"
 4828      90FF900F 
 4828      61152EC8 
 4828      C7AA2A60 
 4828      2476A1C8 
 4829 00de 2082681D 		.ascii	" \202h\035\310o\205\3112\220GHa`\177\260\307\201\272"
 4829      C86F85C9 
 4829      32904748 
 4829      61607FB0 
 4829      C781BA
 4830 00f1 ED9AB17E 		.ascii	"\355\232\261~ \223\244U \003G\310\211|k\007BJ\234\246"
 4830      2093A455 
 4830      200347C8 
 4830      897C6B07 
 4830      424A9CA6 
 4831 0105 71909F2B 		.ascii	"q\220\237+\3254\235\036\260\265RXL\334.Zk\355vy\266"
 4831      D5349D1E 
 4831      B0B55258 
 4831      4CDC2E5A 
 4831      6BED7679 
 4832 011a 04970795 		.ascii	"\004\227\007\225$R\243\204\021H:\021\010#\221\377\310"
 4832      2452A384 
 4832      11483A11 
 4832      082391FF 
ARM GAS  C:\Users\nicx5\AppData\Local\Temp\cc9k9ag2.s 			page 120


 4832      C8
 4833 012b 6F444685 		.ascii	"oDF\205\"\221'YCAv\204\202\310\200\342\250aIDD\223$"
 4833      22912759 
 4833      43417684 
 4833      82C880E2 
 4833      A8614944 
 4834 0142 958D3560 		.ascii	"\225\2155`\002\221\251\"\233\007\022 \3238\212\324\244"
 4834      0291A922 
 4834      9B071220 
 4834      D3388AD4 
 4834      A4
 4835 0153 32464034 		.ascii	"2F@4#\022H\020\211\312\250\024\2065\036d\265Lo;\003"
 4835      23124810 
 4835      89CAA814 
 4835      86351E64 
 4835      B54C6F3B 
 4836 0168 E87ADC88 		.ascii	"\350z\334\210\020\361\271\363\3078\307\253z\270~`$\000"
 4836      10F1B9F3 
 4836      C738C7AB 
 4836      7AB87E60 
 4836      2400
 4837 017a 4CCE8829 		.ascii	"L\316\210)\224\302\235tz7\262\302\225\377\235\214\375"
 4837      94C29D74 
 4837      7A37B2C2 
 4837      95FF9D8C 
 4837      FD
 4838 018b A6B6F7D9 		.ascii	"\246\266\367\331\341\365\311\342\317\250E\214\344,\""
 4838      E1F5C9E2 
 4838      CFA8458C 
 4838      E42C22
 4839 019a C0580434 		.ascii	"\300X\0044P\235\271\220\304\230\333\262~\017\356_\177"
 4839      509DB990 
 4839      C498DBB2 
 4839      7E0FEE5F 
 4839      7F
 4840 01ab 282FC304 		.ascii	"(/\303\004\3419_y~\347\020\373\352\246\256\226Y#q\310"
 4840      E1395F79 
 4840      7EE710FB 
 4840      EAA6AE96 
 4840      592371C8 
 4841 01bf 117612F3 		.ascii	"\021v\022\363f\276\016w\255\304\022\223\301\224\330"
 4841      66BE0E77 
 4841      ADC41293 
 4841      C194D8
 4842 01ce F8A520C9 		.ascii	"\370\245 \311\263Z5X\202\2554\026\333\324\317\356\012"
 4842      B35A3558 
 4842      82AD3416 
 4842      DBD4CFEE 
 4842      0A
 4843 01df 141F36A5 		.ascii	"\024\0376\245\"\305\346;H\345\302=\337t\333\240\011"
 4843      22C5E63B 
 4843      48E5C23D 
 4843      DF74DBA0 
 4843      09
 4844 01f0 6CEAAE51 		.ascii	"l\352\256Q\311\276\025IRC\033;\211\023\253\034\357a"
 4844      C9BE1549 
 4844      52431B3B 
ARM GAS  C:\Users\nicx5\AppData\Local\Temp\cc9k9ag2.s 			page 121


 4844      8913AB1C 
 4844      EF61
 4845 0202 7ED57725 		.ascii	"~\325w%\213\306\000\263\351Elb\036|\245\036\"\244\006"
 4845      8BC600B3 
 4845      E9456C62 
 4845      1E7CA51E 
 4845      22A406
 4846 0215 C17A76A7 		.ascii	"\301zv\247t\211p\252\212\232\202\336;\205D\201 \207"
 4846      748970AA 
 4846      8A9A82DE 
 4846      3B854481 
 4846      2087
 4847 0227 81BA6B6B 		.ascii	"\201\272kk\253#\006\015\266 /C\250`\345\000C\032h'\216"
 4847      AB23060D 
 4847      B6202F43 
 4847      A860E500 
 4847      431A6827 
 4848 023c 6D0A253A 		.ascii	"m\012%:0\350\316\016*\000\326\331\204\271o\317\206x"
 4848      30E8CE0E 
 4848      2A00D6D9 
 4848      84B96FCF 
 4848      8678
 4849 024e FF3C87E7 		.ascii	"\377<\207\347\365\365Bv\317\021 \257\365\340J\006\310"
 4849      F5F54276 
 4849      CF1120AF 
 4849      F5E04A06 
 4849      C8
 4850 025f B027E293 		.ascii	"\260'\342\223\361\310y\346\326\226_\370\034\233\345"
 4850      F1C879E6 
 4850      D6965FF8 
 4850      1C9BE5
 4851 026e 09E0DEDC 		.ascii	"\011\340\336\334\2413\3177\313\366q ,\024\217+\016\354"
 4851      A133CF37 
 4851      CBF67120 
 4851      2C148F2B 
 4851      0EEC
 4852 0280 E40BA708 		.ascii	"\344\013\247\010\017\177\322C\032\022\276\257e\277\032"
 4852      0F7FD243 
 4852      1A12BEAF 
 4852      65BF1A
 4853 028f 652D9396 		.ascii	"e-\223\226=\027Z\214()\275\304\323\033\342\264\353\262"
 4853      3D175A8C 
 4853      2829BDC4 
 4853      D31BE2B4 
 4853      EBB2
 4854 02a1 CD1C284F 		.ascii	"\315\034(Od\00745^\300@\255\007\353\245'2@\004\217\347"
 4854      64073435 
 4854      5EC040AD 
 4854      07EBA527 
 4854      3240048F 
 4855 02b6 BA49D0C8 		.ascii	"\272I\320\310n0\276\223\357h\335{\244 SA\237\240\211"
 4855      6E30BE93 
 4855      EF68DD7B 
 4855      A4205341 
 4855      9FA089
 4856 02c9 3E1500DE 		.ascii	">\025\000\336\037\270\305\350\305B1{\347\026\005\370"
 4856      1FB8C5E8 
ARM GAS  C:\Users\nicx5\AppData\Local\Temp\cc9k9ag2.s 			page 122


 4856      C542317B 
 4856      E71605F8 
 4857 02d9 7718EA02 		.ascii	"w\030\352\002\261\204\352\205\234\301y\220\326q\325"
 4857      B184EA85 
 4857      9CC17990 
 4857      D671D5
 4858 02e8 CA94A172 		.ascii	"\312\224\241r\346\027\012\370p\243Nr\224\262\366\301"
 4858      E6170AF8 
 4858      70A34E72 
 4858      94B2F6C1 
 4859 02f8 710907C6 		.ascii	"q\011\007\306\203<\346\20462\014#k\346IhErO"
 4859      833CE684 
 4859      36320C23 
 4859      6BE64968 
 4859      45724F
 4860              		.text
 4861              		.section	.gnu.lto_.lto.1f2fd384,"e",%progbits
 4862 0000 0D000100 		.ascii	"\015\000\001\000\001\000\001\000"
 4862      01000100 
 4863              		.text
 4864              		.section	.gnu.lto_USB_CoreInit.335.1f2fd384,"e",%progbits
 4865 0000 28B52FFD 		.ascii	"(\265/\375`q\007\225!\000V\371\313H\220VN:\007\312/"
 4865      60710795 
 4865      210056F9 
 4865      CB489056 
 4865      4E3A07CA 
 4866 0015 412C2CA5 		.ascii	"A,,\245\010,\271\340?15R]\260\272\233\206\011\316\230"
 4866      082CB9E0 
 4866      3F313552 
 4866      5DB0BA9B 
 4866      8609CE98 
 4867 0029 35B06A76 		.ascii	"5\260jv\212\177\274q\373\252\220\017\364\301\265\357"
 4867      8A7FBC71 
 4867      FBAA900F 
 4867      F4C1B5EF 
 4868 0039 35366700 		.ascii	"56g\000n\357}\004\020\307\321\207\324\261\322*]\205"
 4868      6EEF7D04 
 4868      10C7D187 
 4868      D4B1D22A 
 4868      5D85
 4869 004b EAFE6F66 		.ascii	"\352\376of\326\210%\233H)S\271\000\240\000\271\000e"
 4869      D688259B 
 4869      482953B9 
 4869      00A000B9 
 4869      0065
 4870 005d 65B55602 		.ascii	"e\265V\002\007q.\375\025\037\220Y\021\363\277Bv\310"
 4870      07712EFD 
 4870      151F9059 
 4870      11F3BF42 
 4870      76C8
 4871 006f D31239F1 		.ascii	"\323\0229\361\232Z\337\320\312jE\0228\204s\251p\177"
 4871      9A5ADFD0 
 4871      CA6A4512 
 4871      388473A9 
 4871      707F
 4872 0081 E6D2726D 		.ascii	"\346\322rm\314\245\377\037\204\340\351P:SQ\310\037\031"
 4872      CCA5FF1F 
ARM GAS  C:\Users\nicx5\AppData\Local\Temp\cc9k9ag2.s 			page 123


 4872      84E0E950 
 4872      3A5351C8 
 4872      1F19
 4873 0093 94174BDC 		.ascii	"\224\027K\334jE\3764\217\205\332\036o\247;s&-\233\241"
 4873      6A45FE34 
 4873      8F85DA1E 
 4873      6FA73B73 
 4873      262D9BA1 
 4874 00a7 BEE79526 		.ascii	"\276\347\225&fUF\024\333\013\300\225%cy\273\206%\343"
 4874      66554614 
 4874      DB0BC095 
 4874      256379BB 
 4874      8625E3
 4875 00ba 07560CDE 		.ascii	"\007V\014\336\351\276\305\255=sC\\YZ\233+\205kX0Ja\255"
 4875      E9BEC5AD 
 4875      3D73435C 
 4875      595A9B2B 
 4875      856B5830 
 4876 00d1 9567A462 		.ascii	"\225g\244bs\3076\000W\326\326\322\026[\226\003fL9\306"
 4876      73C73600 
 4876      57D6D6D2 
 4876      165B9603 
 4876      664C39C6 
 4877 00e5 18A7CA9F 		.ascii	"\030\247\312\237\332\215,<\243\024w\011\000\007\215"
 4877      DA8D2C3C 
 4877      A3147709 
 4877      00078D
 4878 00f4 B718638A 		.ascii	"\267\030c\212R(%\215j\307\226U\030\243\230sC\265\326"
 4878      5228258D 
 4878      6AC79655 
 4878      18A39873 
 4878      43B5D6
 4879 0107 7395316B 		.ascii	"s\2251k\357\333\377J\376\217\370s\002\002\034\367?\304"
 4879      EFDBFF4A 
 4879      FE8FF873 
 4879      02021CF7 
 4879      3FC4
 4880 0119 1A219EB5 		.ascii	"\032!\236\265\326\004\333;]`\305\216\272\017H\263\370"
 4880      D604DB3B 
 4880      5D60C58E 
 4880      BA0F48B3 
 4880      F8
 4881 012a 5AAB9C3C 		.ascii	"Z\253\234<\022\005\267\327\267\254\335\365\373\364,"
 4881      1205B7D7 
 4881      B7ACDDF5 
 4881      FBF42C
 4882 0139 915DE18A 		.ascii	"\221]\341\212\355\203\224\277C\371@\312\327\241\374"
 4882      ED8394BF 
 4882      43F940CA 
 4882      D7A1FC
 4883 0148 1CCAC7A1 		.ascii	"\034\312\307\241\374\037\345\337P\276M\311\257\241|"
 4883      FC1FE5DF 
 4883      50BE4DC9 
 4883      AFA17C
 4884 0157 1ACA9FA1 		.ascii	"\032\312\237\241|\031\312\217)\371>\312\357Q>\217\362"
 4884      7C19CA8F 
 4884      29F93ECA 
ARM GAS  C:\Users\nicx5\AppData\Local\Temp\cc9k9ag2.s 			page 124


 4884      EF513E8F 
 4884      F2
 4885 0168 7794AF2B 		.ascii	"w\224\257+\371'\345\347(\337\244|J\371%\3457\345s\311"
 4885      F927E5E7 
 4885      28DFA47C 
 4885      4AF925E5 
 4885      37E573C9 
 4886 017c 5F2046B2 		.ascii	"_ F\262\302\350cU+\215\244[M\243N|\254\330\356\377\364"
 4886      C2E86355 
 4886      2B8DA45B 
 4886      4DA34E7C 
 4886      ACD8EEFF 
 4887 0191 1D3B0F48 		.ascii	"\035;\017HK\321\212A\315\3244\036\027dQ\266\324\212"
 4887      4BD18A41 
 4887      CDD4341E 
 4887      176451B6 
 4887      D48A
 4888 01a3 F459FAA6 		.ascii	"\364Y\372\246\023\210JQ\203m\330\323\"M\254\260V\262"
 4888      13884A51 
 4888      836DD8D3 
 4888      224DACB0 
 4888      56B2
 4889 01b5 C92AB9F6 		.ascii	"\311*\271\366:\321\364!\371\254\340zz\274\364\324\200"
 4889      3AD1F421 
 4889      F9ACE07A 
 4889      7ABCF4D4 
 4889      80
 4890 01c6 3B3479DD 		.ascii	";4y\335;\242\361\254\330\026\214\215d\022\323\247Wl"
 4890      3BA2F1AC 
 4890      D8168C8D 
 4890      6412D3A7 
 4890      576C
 4891 01d8 85454E5E 		.ascii	"\205EN^\206\205\375')\361V\371\364R\015\251\236:\265"
 4891      8685FD27 
 4891      29F156F9 
 4891      F4520DA9 
 4891      9E3AB5
 4892 01eb FAA23B29 		.ascii	"\372\242;)\301#k\335\241\251\353]\323'T\3073]\007sV"
 4892      C1236BDD 
 4892      A1A9EB5D 
 4892      D32754C7 
 4892      335D0773 
 4893 0200 397E1667 		.ascii	"9~\026g\266U\036\331\263Wl\303\331<]`E\270\334\223\270"
 4893      B6551ED9 
 4893      B3576CC3 
 4893      D93C5D60 
 4893      45B8DC93 
 4894 0215 30B3734E 		.ascii	"0\263sN\3147\332ep_\222a;4\313\246M\277:,\223\262\255"
 4894      CC37DA65 
 4894      705F9261 
 4894      3B34CBA6 
 4894      4DBF3A2C 
 4895 022c 9700776C 		.ascii	"\227\000wl\025\027\231d\230dr\207&w7mA\245\025\325Q"
 4895      15179964 
 4895      98647287 
 4895      2677376D 
 4895      41A515D5 
ARM GAS  C:\Users\nicx5\AppData\Local\Temp\cc9k9ag2.s 			page 125


 4896 0241 FF3D6C92 		.ascii	"\377=l\222\245\263V\033\011\276H\240\300\230N\036K\277"
 4896      A5B3561B 
 4896      09BE48A0 
 4896      C0984E1E 
 4896      4BBF
 4897 0253 27CCA5DC 		.ascii	"'\314\245\334\300.0\261\216:e\241\306Sh5H\267\327w\211"
 4897      C02E30B1 
 4897      8E3A65A1 
 4897      C6536835 
 4897      48B7D777 
 4898 0268 E676D018 		.ascii	"\346v\320\030\233T\"\224\232z\203\206\244\276\002\245"
 4898      9B542294 
 4898      9A7A8386 
 4898      A4BE02A5 
 4899 0278 031A3018 		.ascii	"\003\0320\030\020\022*\300\343\324\300hB\371\244\002"
 4899      10122AC0 
 4899      E3D4C068 
 4899      42F9A402 
 4900 0288 19882390 		.ascii	"\031\210#\220>|\340\020$\264$\202\370\223\324d\364\203"
 4900      3E7CE010 
 4900      24B42482 
 4900      F893D464 
 4900      F483
 4901 029a 04810111 		.ascii	"\004\201\001\021\222\223\223\002\242\037b\223\022\211"
 4901      92939302 
 4901      A21F6293 
 4901      1289
 4902 02a8 0E4D0E0E 		.ascii	"\016M\016\016\334\211\251\001\321Q\220P\004\011FGD\017"
 4902      DC89A901 
 4902      D1519050 
 4902      04094647 
 4902      440F
 4903 02ba 4D4C148E 		.ascii	"ML\024\216\026<\270\371\376\301>\261\324(6\325\373\370"
 4903      163CB8F9 
 4903      FEC13EB1 
 4903      D42836D5 
 4903      FBF8
 4904 02cc B5567B3B 		.ascii	"\265V{;\\\024\356\320\004\366N\022x\354\322i8s\207f"
 4904      5C14EED0 
 4904      04F64E12 
 4904      78ECD269 
 4904      38738766 
 4905 02e0 4EEB34FD 		.ascii	"N\3534\375\252\260`r\2169p\334\000\000\3715\316\321"
 4905      AAB06072 
 4905      8E3970DC 
 4905      0000F935 
 4905      CED1
 4906 02f2 CB0FEEA6 		.ascii	"\313\017\356\246\273\000\333\246o\264,\354\026\233\253"
 4906      BB00DBA6 
 4906      6FB42CEC 
 4906      169BAB
 4907 0301 B71E5533 		.ascii	"\267\036U3\322x\355\365\022:\316\236\336\263.=\250O"
 4907      D278EDF5 
 4907      123ACE9E 
 4907      DEB32E3D 
 4907      A84F
 4908 0313 07FBAAE6 		.ascii	"\007\373\252\346B\315\216\255\315U[\260\207\212;\232"
ARM GAS  C:\Users\nicx5\AppData\Local\Temp\cc9k9ag2.s 			page 126


 4908      42CD8EAD 
 4908      CD555BB0 
 4908      878A3B9A 
 4909 0323 B655B233 		.ascii	"\266U\2623M\243\205e\246\210nO\231f\013\2261-c%\346"
 4909      4DA38565 
 4909      A6886E4F 
 4909      99660B96 
 4909      312D6325 
 4910 0338 AA0B0E2B 		.ascii	"\252\013\016+\200\212\250!x\310\210\224\310\210\202"
 4910      808AA821 
 4910      78C88894 
 4910      C88882
 4911 0347 821424C9 		.ascii	"\202\024$\311r\360\"\021*\326\001\021\320@E$C2\023\024"
 4911      72F02211 
 4911      2AD60111 
 4911      D0404524 
 4911      43321314 
 4912 035b A4603D1B 		.ascii	"\244`=\033\240=\3479\2313\277<E\300\343$\260\027c~W"
 4912      A03DE739 
 4912      9933BF3C 
 4912      45C0E324 
 4912      B017637E 
 4913 0370 36051F28 		.ascii	"6\005\037(\203\354\001\206\321\273\000|v#/\263s\224"
 4913      83EC0186 
 4913      D1BB007C 
 4913      76232FB3 
 4913      7394
 4914 0382 D31C902B 		.ascii	"\323\034\220+O\344g=m|\246\342\0373\345\311$D\346)-"
 4914      4FE4673D 
 4914      6D7CA6E2 
 4914      1F33E5C9 
 4914      2444E629 
 4915 0397 F1C9A822 		.ascii	"\361\311\250\"5\017h\355\305W,4 a\314\003\006\357\274"
 4915      350F68ED 
 4915      C5572C34 
 4915      2061CC03 
 4915      06EFBC
 4916 03aa C8DBF760 		.ascii	"\310\333\367`y\027v\013k\271\267\013b\204u\034\370\243"
 4916      7917760B 
 4916      6BB9B70B 
 4916      6284751C 
 4916      F8A3
 4917 03bc 17031AB3 		.ascii	"\027\003\032\263\204\231\365\015l\200Y\240\274D\371"
 4917      8499F50D 
 4917      6C8059A0 
 4917      BC44F9
 4918 03cb 3897AE26 		.ascii	"8\227\256&\212\372&C\365\341\020%\254\350t\232q7\017"
 4918      8AFA2643 
 4918      F5E11025 
 4918      ACE8749A 
 4918      71370F
 4919 03de CE2F317F 		.ascii	"\316/1\177\272\232X\271\3542\304\237d\314\244\242\215"
 4919      BA9A58B9 
 4919      EC32C49F 
 4919      64CCA4A2 
 4919      8D
 4920 03ef C049561E 		.ascii	"\300IV\0360\342W\262\362&\351\251\374\242\033l\014f"
ARM GAS  C:\Users\nicx5\AppData\Local\Temp\cc9k9ag2.s 			page 127


 4920      30E257B2 
 4920      F226E9A9 
 4920      FCA21B6C 
 4920      0C66
 4921 0401 DC57F487 		.ascii	"\334W\364\207\177]{\016-\032\231\355\237`\276\022b$"
 4921      7F5D7B0E 
 4921      2D1A99ED 
 4921      9F60BE12 
 4921      6224
 4922 0413 80E8A5A8 		.ascii	"\200\350\245\250\252g\264\"\371:q\323\351\361\375V\356"
 4922      AA67B422 
 4922      F93A71D3 
 4922      E9F1FD56 
 4922      EE
 4923 0424 546B305F 		.ascii	"Tk0_\242\3139\027P\014W\266\000\330-\200,\311B#*.y\324"
 4923      A2CB3917 
 4923      500C57B6 
 4923      00D82D80 
 4923      2CC94223 
 4924              		.text
 4925              		.section	.gnu.lto_USB_SetTurnaroundTime.336.1f2fd384,"e",%progbits
 4926 0000 28B52FFD 		.ascii	"(\265/\375`~\005\305\036\000\026u\302H\200\334Q\007"
 4926      607E05C5 
 4926      1E001675 
 4926      C24880DC 
 4926      5107
 4927 0012 5F1655F8 		.ascii	"_\026U\370\312YK\024\033\307G\011n\240\346JX\243\000"
 4927      CA594B14 
 4927      1BC74709 
 4927      6EA0E64A 
 4927      58A300
 4928 0025 2C0BC11E 		.ascii	",\013\301\036t\370\001\276\237#\020G\354i\030&\007\301"
 4928      74F801BE 
 4928      9F231047 
 4928      EC691826 
 4928      07C1
 4929 0037 D529B972 		.ascii	"\325)\271r\325\371cU\345\360\012C\300y\300p\230\315"
 4929      D5F96355 
 4929      E5F00A43 
 4929      C079C070 
 4929      98CD
 4930 0049 989A976A 		.ascii	"\230\232\227jdk{\357-\345N2\245\254\000\235\000\264"
 4930      646B7BEF 
 4930      2DE54E32 
 4930      A5AC009D 
 4930      00B4
 4931 005b 006E5CE1 		.ascii	"\000n\\\341:\031\206\017\010\266\273\021\364\305\325"
 4931      3A19860F 
 4931      08B6BB11 
 4931      F4C5D5
 4932 006a 6A1500F2 		.ascii	"j\025\000\362\003\013S\002\365\313c\025dm\267\023\361"
 4932      030B5302 
 4932      F5CB6315 
 4932      646DB713 
 4932      F1
 4933 007b 2E25F762 		.ascii	".%\367ba\352\344'\037\020,g\243\202\276\200\372\325"
 4933      61EAE427 
ARM GAS  C:\Users\nicx5\AppData\Local\Temp\cc9k9ag2.s 			page 128


 4933      1F102C67 
 4933      A382BE80 
 4933      FAD5
 4934 008d F11CECD7 		.ascii	"\361\034\354\327t\034\354\267\273\273\307\201R\363\004"
 4934      741CECB7 
 4934      BBBBC781 
 4934      52F304
 4935 009c 34F58C39 		.ascii	"4\365\2149J\212UK\322r6\356\374\226\363\374f\253\251"
 4935      4A8A554B 
 4935      D27236EE 
 4935      FC96F3FC 
 4935      66ABA9
 4936 00af 297AE26B 		.ascii	")z\342k\276\345\265\237?HG\273\230\251\372A\265\360"
 4936      BEE5B59F 
 4936      3F4847BB 
 4936      98A9FA41 
 4936      B5F0
 4937 00c1 9B811A51 		.ascii	"\233\201\032QA\267]\325f\2502\322\030\250\022hu:a\337"
 4937      41B75DD5 
 4937      66A832D2 
 4937      18A81268 
 4937      753A61DF 
 4938 00d5 6D327150 		.ascii	"m2qPL\246N\316\331}\000\203\366M\004XW\244\\\011\014"
 4938      4CA64ECE 
 4938      D97D0083 
 4938      F64D0458 
 4938      57A45C09 
 4939 00ea 9A396236 		.ascii	"\2329b6\314\034\351\326\005T\317\332\363'\347\334\366"
 4939      CC1CE9D6 
 4939      0554CFDA 
 4939      F327E7DC 
 4939      F6
 4940 00fb 0715E58D 		.ascii	"\007\025\345\215\363n7\273\233\327m\202\011O<L\006d"
 4940      F36E37BB 
 4940      9BD76D82 
 4940      094F3C4C 
 4940      0664
 4941 010d 4B5FB1BF 		.ascii	"K_\261\277\037\221a\2713A\241\321W|\363\376g\024\037"
 4941      1F9161B9 
 4941      3341A1D1 
 4941      577CF3FE 
 4941      67141F
 4942 0120 56EF7B7D 		.ascii	"V\357{}\247\310|\307\017+\371Ol\353+\260\315\367 \311"
 4942      A7C87CC7 
 4942      0F2BF94F 
 4942      6CEB2BB0 
 4942      CDF720C9 
 4943 0134 98EC9ACE 		.ascii	"\230\354\232\316I\376\324P\231\355\262\215-\354\023"
 4943      49FED450 
 4943      99EDB28D 
 4943      2DEC13
 4944 0143 DBCDFCC3 		.ascii	"\333\315\374\303n\367r\307\361\242\373\215\033\335m"
 4944      6EF772C7 
 4944      F1A2FB8D 
 4944      1BDD6D
 4945 0152 FCE89DBB 		.ascii	"\374\350\235\273\266q\327\366\355\332\266]\333\265k"
 4945      B671D7F6 
ARM GAS  C:\Users\nicx5\AppData\Local\Temp\cc9k9ag2.s 			page 129


 4945      EDDAB65D 
 4945      DBB56B
 4946 0161 5BBDB6D3 		.ascii	"[\275\266\323k\033\275\266\317k\033_\333\367\3326\257"
 4946      6B1BBDB6 
 4946      CF6B1B5F 
 4946      DBF7DA36 
 4946      AF
 4947 0172 EDBFB6ED 		.ascii	"\355\277\266\355\265\355\001>\354E\024\202\0359g-\323"
 4947      B5ED013E 
 4947      EC451482 
 4947      1D39672D 
 4947      D3
 4948 0183 72F23EE1 		.ascii	"r\362>\341\362\243w\267R;\262k<^A\335\307\325fI\253"
 4948      F2A377B7 
 4948      523BB26B 
 4948      3C5E41DD 
 4948      C7D56649 
 4949 0198 008C1F94 		.ascii	"\000\214\037\224\004~{Eyx\004\2316K?\200\325\257\375"
 4949      047E7B45 
 4949      79780499 
 4949      364B3F80 
 4949      D5AFFD
 4950 01ab 9D72B2EA 		.ascii	"\235r\262\352F\362*'\320\234i<h\247\302a\207n\371mg"
 4950      46F22A27 
 4950      D09C693C 
 4950      68A7C261 
 4950      876EF96D 
 4951 01c0 81FDAA7F 		.ascii	"\201\375\252\177\016\213\307\357\265#\035'8$\367?K7"
 4951      0E8BC7EF 
 4951      B5231D27 
 4951      3824F73F 
 4951      4B37
 4952 01d2 7CF4556B 		.ascii	"|\364Uk\311.\373\274\"Cb\263\276!\351\230\261a2\275"
 4952      C92EFBBC 
 4952      224362B3 
 4952      BE21E998 
 4952      B16132BD 
 4953 01e6 1AD65CAC 		.ascii	"\032\326\\\254\014%sD*\243hY\252\373l\234hL\202\030"
 4953      0C257344 
 4953      2AA36859 
 4953      AAFB6C9C 
 4953      684C8218 
 4954 01fa CF2A317B 		.ascii	"\317*1{E\252\230>\261\277\234\3412]\302\214\253t\\!"
 4954      45AA983E 
 4954      B1BF9CE1 
 4954      325DC28C 
 4954      AB745C21 
 4955 020e 39D0A056 		.ascii	"9\320\240V\276\262\370\212/\225Y\362\236Q\3038)s>\261"
 4955      BEB2F88A 
 4955      2F9559F2 
 4955      9E51C338 
 4955      29733EB1 
 4956 0222 9B6C65F9 		.ascii	"\233le\371\212M3[bd\223j\014?\261\223`\375{Y\032\227"
 4956      8A4D335B 
 4956      6264936A 
 4956      0C3FB193 
 4956      60FD7B59 
ARM GAS  C:\Users\nicx5\AppData\Local\Temp\cc9k9ag2.s 			page 130


 4957 0238 90FC9FE2 		.ascii	"\220\374\237\342\030@\325#\301\361\310\224+\201\311"
 4957      1840D523 
 4957      C1F1C894 
 4957      2B81C9
 4958 0247 88AFD8BE 		.ascii	"\210\257\330\276\227\245\231y\331Oq\014\230R\323R\232"
 4958      97A59979 
 4958      D94F710C 
 4958      9852D352 
 4958      9A
 4959 0258 021F7419 		.ascii	"\002\037t\031<\3544\340\017FF&vw\304QQ\010\263!\030"
 4959      3CEC34E0 
 4959      0F464626 
 4959      7677C451 
 4959      5108B321 
 4960 026d 3500D181 		.ascii	"5\000\321\201\201\217\317\002\002I\024\2044\230]\264"
 4960      818FCF02 
 4960      02491484 
 4960      34985DB4 
 4961 027d C0C32E05 		.ascii	"\300\303.\005\321\321Q\210\036\037\022(v;E:\241\035"
 4961      D1D15188 
 4961      1E1F1228 
 4961      763B453A 
 4961      A11D
 4962 028f A20B1380 		.ascii	"\242\013\023\200\210\222\222 \000\355\354tF*D\350*4"
 4962      88929220 
 4962      00EDEC74 
 4962      462A44E8 
 4962      2A34
 4963 02a1 E824240A 		.ascii	"\350$$\012@C=>\0302\010\015\355F\350\2206\014E\260\000"
 4963      40433D3E 
 4963      1832080D 
 4963      ED46E890 
 4963      360C45B0 
 4964 02b6 A0BB8DD9 		.ascii	"\240\273\215\331\177\330\326\307\334\211\010\317Z\327"
 4964      7FD8D6C7 
 4964      DC8908CF 
 4964      5AD7
 4965 02c4 17AA06F1 		.ascii	"\027\252\006\361a\233\322\247\242Z\204\265s\313\227"
 4965      619BD2A7 
 4965      A25A84B5 
 4965      73CB97
 4966 02d3 CDA5B873 		.ascii	"\315\245\270s\011?'\346\307\331\275\211q9KS1>\260\230"
 4966      093F27E6 
 4966      C7D9BD89 
 4966      71394B53 
 4966      313EB098 
 4967 02e7 385F71EE 		.ascii	"8_q\356\237\234\207Q/ZK\357\324\037\034\303)oo{\234"
 4967      9F9C8751 
 4967      2F5A4BEF 
 4967      D41F1CC3 
 4967      296F6F7B 
 4968 02fc 94EA8D05 		.ascii	"\224\352\215\005\347\376\366)\232/M\026\333\007\213"
 4968      E7FEF629 
 4968      9A2F4D16 
 4968      DB078B
 4969 030b D43EECCC 		.ascii	"\324>\354\314\341\2771\271\345\322)u\250!H\347$2#4$"
 4969      E1BF31B9 
ARM GAS  C:\Users\nicx5\AppData\Local\Temp\cc9k9ag2.s 			page 131


 4969      E5D22975 
 4969      A82148E7 
 4969      24322334 
 4970 0320 494A5218 		.ascii	"IJR\030\016\020#\031*u\0210\261r\222(\325i\317\360\360"
 4970      0E102319 
 4970      2A751130 
 4970      B1729228 
 4970      D569CFF0 
 4971 0335 31CF03B4 		.ascii	"1\317\003\264\373\375\253\336%\214\232\263\301\273:"
 4971      FBFDABDE 
 4971      258C9AB3 
 4971      C1BB3A
 4972 0344 5D131614 		.ascii	"]\023\026\024,\022I\255\214m\307\267sw\\1\032*\320\232"
 4972      2C1249AD 
 4972      8C6DC7B7 
 4972      73775C31 
 4972      1A2AD09A 
 4973 0358 BB7297B4 		.ascii	"\273r\227\264\234\346+\277\305\362\241.\341\033\021"
 4973      9CE62BBF 
 4973      C5F2A12E 
 4973      E11B11
 4974 0367 9B04CE46 		.ascii	"\233\004\316FN@~\010D1\245\02067\325\323\241\230\342"
 4974      4E407E08 
 4974      4431A510 
 4974      3637D5D3 
 4974      A198E2
 4975 037a 85CF6DED 		.ascii	"\205\317m\355&\1773\323.\243?\241(\212\333\375lrz\271"
 4975      267F33D3 
 4975      2EA33FA1 
 4975      288ADBFD 
 4975      6C727AB9 
 4976 038e 0507AEF3 		.ascii	"\005\007\256\363\235n\360\377+B\000\220a\300\233\324"
 4976      9D6EF0FF 
 4976      2B420090 
 4976      61C09BD4 
 4977 039e 85E40584 		.ascii	"\205\344\005\204:\013\2627t\365a\347S)/\247\267!\231"
 4977      3A0BB237 
 4977      74F561E7 
 4977      53292FA7 
 4977      B72199
 4978 03b1 D61C6C53 		.ascii	"\326\034lS8'\203\270\272\355\321\030\340\240\235=\304"
 4978      382783B8 
 4978      BAEDD118 
 4978      E0A09D3D 
 4978      C4
 4979 03c2 D9DB0AE4 		.ascii	"\331\333\012\344\226\234\330\342\020p\253>\234\325\255"
 4979      969CD8E2 
 4979      1070AB3E 
 4979      9CD5AD
 4980 03d1 6F9F25F4 		.ascii	"o\237%\364-\266\306-\310\303y\232\247\370\315P\015"
 4980      2DB6C62D 
 4980      C8C3799A 
 4980      A7F8CD50 
 4980      0D
 4981              		.text
 4982              		.section	.gnu.lto_USB_EnableGlobalInt.337.1f2fd384,"e",%progbits
 4983 0000 28B52FFD 		.ascii	"(\265/\375`\254\000E\013\000\026\225O@\360R5\035PC\304"
ARM GAS  C:\Users\nicx5\AppData\Local\Temp\cc9k9ag2.s 			page 132


 4983      60AC0045 
 4983      0B001695 
 4983      4F40F052 
 4983      351D5043 
 4984 0015 AEFF0726 		.ascii	"\256\377\007&\367`\320y\236\007\365y\370\312\236\255"
 4984      F760D079 
 4984      9E07F579 
 4984      F8CA9EAD 
 4985 0025 6808F08F 		.ascii	"h\010\360\2177]\024\210\300\232\305\256\361\335\343"
 4985      375D1488 
 4985      C09AC5AE 
 4985      F1DDE3
 4986 0034 B37E4B33 		.ascii	"\263~K3\371\372\243f}\336\006\230\203:\344\232\354\262"
 4986      F9FAA366 
 4986      7DDE0698 
 4986      833AE49A 
 4986      ECB2
 4987 0046 A996D248 		.ascii	"\251\226\322H\204\310\235R:\000:\000=\000\334\265\003"
 4987      84C89D52 
 4987      3A003A00 
 4987      3D00DCB5 
 4987      03
 4988 0057 976CD7B2 		.ascii	"\227l\327\262\017\330\256\331\266\267\240\344\261\000"
 4988      0FD8AED9 
 4988      B6B7A0E4 
 4988      B100
 4989 0065 08B294D0 		.ascii	"\010\262\224\320P\225\230\001\262[v\332\372\3709\372"
 4989      50959801 
 4989      B25B76DA 
 4989      FAF839FA 
 4990 0075 7F9DDB11 		.ascii	"\177\235\333\021\273\201J\231>#\016v\327\023\225\022"
 4990      BB814A99 
 4990      3E230E76 
 4990      D7139512 
 4991 0085 71EB6D23 		.ascii	"q\353m#\260\015\262\037 \246\251*\374l\225e\337\365"
 4991      B00DB21F 
 4991      20A6A92A 
 4991      FC6C9565 
 4991      DFF5
 4992 0097 673A3D75 		.ascii	"g:=u\372\233\352\0101\302\353\261k\"\004dqh6V\330\276"
 4992      FA9BEA08 
 4992      31C2EBB1 
 4992      6B220464 
 4992      71683656 
 4993 00ad 7D58C906 		.ascii	"}X\311\006`Sb\023\346\374\313w\361\027\245\273H\026"
 4993      60536213 
 4993      E6FCCB77 
 4993      F117A5BB 
 4993      4816
 4994 00bf B01BFB51 		.ascii	"\260\033\373Qc\267T\340L\253,\177\3348\036'>\350\311"
 4994      63B754E0 
 4994      4CAB2C7F 
 4994      DC381E27 
 4994      3EE8C9
 4995 00d2 BA6A3155 		.ascii	"\272j1UF$\305Q>\376\004\333u\252F\342\244\"\225\264"
 4995      4624C551 
 4995      3EFE04DB 
ARM GAS  C:\Users\nicx5\AppData\Local\Temp\cc9k9ag2.s 			page 133


 4995      75AA46E2 
 4995      A42295B4 
 4996 00e6 1DBE1471 		.ascii	"\035\276\024q\273(\030\3700F\036\270\3265\237\264]\273"
 4996      BB2818F8 
 4996      30461EB8 
 4996      D6359FB4 
 4996      5DBB
 4997 00f8 4658B018 		.ascii	"FX\260\030JZW,r\354\014q\031\266x*\031.P\276ob@\274"
 4997      4A5A572C 
 4997      72EC0C71 
 4997      19B6782A 
 4997      192E50BE 
 4998 0110 682A64EE 		.ascii	"h*d\356L0\204\"\316\347\243\301\373@\035\302\256\003"
 4998      4C308422 
 4998      CEE7A3C1 
 4998      FB401DC2 
 4998      AE03
 4999 0122 6A3A4EE6 		.ascii	"j:N\346\001\206#\212\026L\027\202\236\321\006\020B\305"
 4999      0186238A 
 4999      164C1782 
 4999      9ED10610 
 4999      42C5
 5000 0134 62E882D9 		.ascii	"b\350\202\331x\237\004\012\232M\310\001\014Y\3304\210"
 5000      789F040A 
 5000      9A4DC801 
 5000      0C59D834 
 5000      88
 5001 0145 40C076B9 		.ascii	"@\300v\271\317\002\017\000\300+O;s\216\364\315\221\021"
 5001      CF020F00 
 5001      C02B4F3B 
 5001      738EF4CD 
 5001      9111
 5002 0157 CD4DBF7D 		.ascii	"\315M\277}24\202\305\246\212M*w\321\272\004\231Y\271"
 5002      323482C5 
 5002      A68A4D2A 
 5002      77D1BA04 
 5002      9959B9
 5003 016a 85CB5B8C 		.ascii	"\205\313[\214\035S;\311"
 5003      1D533BC9 
 5004              		.text
 5005              		.section	.gnu.lto_USB_DisableGlobalInt.338.1f2fd384,"e",%progbits
 5006 0000 28B52FFD 		.ascii	"(\265/\375`\260\000m\013\000\226UQA\000Q5\035&\310`"
 5006      60B0006D 
 5006      0B009655 
 5006      51410051 
 5006      351D26C8 
 5007 0015 DB17F85A 		.ascii	"\333\027\370Z\177\231\365{\023/}\000\025\214\302r@\000"
 5007      7F99F57B 
 5007      132F7D00 
 5007      158CC272 
 5007      4000
 5008 0027 E7E10AC2 		.ascii	"\347\341\012\302\205\241\022\242\013\323\302\233Gac"
 5008      85A112A2 
 5008      0BD3C29B 
 5008      476163
 5009 0036 539F1A1F 		.ascii	"S\237\032\037X^0==1n\200\277\326\337\323\261M_zjD\356"
 5009      585E303D 
ARM GAS  C:\Users\nicx5\AppData\Local\Temp\cc9k9ag2.s 			page 134


 5009      3D316E80 
 5009      BFD6DFD3 
 5009      B14D5F7A 
 5010 004d 94023B00 		.ascii	"\224\002;\000;\000@\000\336p\327\016|\262]\313>`\273"
 5010      3B004000 
 5010      DE70D70E 
 5010      7CB25DCB 
 5010      3E60BB
 5011 0060 66DB9605 		.ascii	"f\333\226\005'\213\005@\214\344$F\214\005Cd\227\354"
 5011      278B0540 
 5011      8CE42446 
 5011      8C054364 
 5011      97EC
 5012 0072 1476F153 		.ascii	"\024v\361S\364\017r\356F\017\226j\205\372\2248\330]"
 5012      F40F72EE 
 5012      460F966A 
 5012      85FA9438 
 5012      D85D
 5013 0084 4FD54AC4 		.ascii	"O\325J\304\255\267\215\300\266\310~\200\250\251)\374"
 5013      ADB78DC0 
 5013      B6C87E80 
 5013      A8A929FC 
 5014 0094 6C77D7FA 		.ascii	"lw\327\372\262\037\3733\235\236:\375Mw\204\030\201\311"
 5014      B21FFB33 
 5014      9D9E3AFD 
 5014      4D778418 
 5014      81C9
 5015 00a6 B1DB2A45 		.ascii	"\261\333*E\266\2066C\205\355\333\0179\331\037v\205\306"
 5015      B6863643 
 5015      85EDDB0F 
 5015      39D91F76 
 5015      85C6
 5016 00b8 84390FE2 		.ascii	"\2049\017\342\2578\213\323c&\013\330\3451\"c\227T\020"
 5016      AF388BD3 
 5016      63260BD8 
 5016      E5312263 
 5016      975410
 5017 00cb 2F5FDC38 		.ascii	"/_\3348\034&>h\312\332:1\365\205\004\305U:\000\224e"
 5017      1C263E68 
 5017      CADA3A31 
 5017      F58504C5 
 5017      553A0094 
 5018 00e0 39F204DB 		.ascii	"9\362\004\333u\252F\"Ub\324\3216x\222\304\355\272\030"
 5018      75AA4622 
 5018      5562D4D1 
 5018      367892C4 
 5018      EDBA18
 5019 00f3 F82D4A1E 		.ascii	"\370-J\0368\3305\337\264]\273J^!.t\264\266\\6v\226&"
 5019      38D835DF 
 5019      B45DBB4A 
 5019      5E212E74 
 5019      B4B65C36 
 5020 010a 03C6802E 		.ascii	"\003\306\200.\031.T<\217b \314p*d\376P0\200$O(\244\301"
 5020      192E543C 
 5020      8F6220CC 
 5020      702A64FE 
 5020      50308024 
ARM GAS  C:\Users\nicx5\AppData\Local\Temp\cc9k9ag2.s 			page 135


 5021 0122 E2893A80 		.ascii	"\342\211:\200\335\347\343t\236\315\003\215'\0141\232"
 5021      DDE7E374 
 5021      9ECD038D 
 5021      270C319A 
 5022 0132 0EFC40A5 		.ascii	"\016\374@\245\015\037\204\213\303QF\323\261x\022(p:"
 5022      0D1F848B 
 5022      C35146D3 
 5022      B1781228 
 5022      703A
 5023 0144 20876F64 		.ascii	" \207od\241\323 \002\001\333\344>[\015\016\000\300+"
 5023      A1D32002 
 5023      01DBE43E 
 5023      5B0D0E00 
 5023      C02B
 5024 0156 4F3B738E 		.ascii	"O;s\216\364\315\221\023\315m\277}44\202\305\256\212"
 5024      F4CD9113 
 5024      CD6DBF7D 
 5024      343482C5 
 5024      AE8A
 5025 0168 CD2A77F5 		.ascii	"\315*w\365\272\004\231Y\371\320\202\310\324N2"
 5025      BA049959 
 5025      F9D082C8 
 5025      D44E32
 5026              		.text
 5027              		.section	.gnu.lto_USB_SetCurrentMode.339.1f2fd384,"e",%progbits
 5028 0000 28B52FFD 		.ascii	"(\265/\375`\260\006\345%\000\352B\340\016H\200ZN:\277"
 5028      60B006E5 
 5028      2500EA42 
 5028      E00E4880 
 5028      5A4E3ABF 
 5029 0014 2E065236 		.ascii	".\006R6\017\274\002\356I\360\227\271\264\300b\3767\364"
 5029      0FBC02EE 
 5029      49F097B9 
 5029      B4C062FE 
 5029      37F4
 5030 0026 C598F5E0 		.ascii	"\305\230\365\340\226t\254?{\333l\016D\372y}f\251\332"
 5030      9674AC3F 
 5030      7BDB6C0E 
 5030      44FA797D 
 5030      66A9DA
 5031 0039 2D090F47 		.ascii	"-\011\017G\274\3324<5\370\201\337\015\354\364\242}\024"
 5031      BCDA343C 
 5031      35F881DF 
 5031      0DECF4A2 
 5031      7D14
 5032 004b AE1CB7A2 		.ascii	"\256\034\267\2425K\010!D\356$\003\333\000\310\000\334"
 5032      354B0821 
 5032      44EE2403 
 5032      DB00C800 
 5032      DC
 5033 005c 00C63A34 		.ascii	"\000\306:4\367\256F?Y\250&\021qj{\263\023\037\272[Y"
 5033      F7AE463F 
 5033      59A82611 
 5033      716A7BB3 
 5033      131FBA5B 
 5034 0071 5D46A83F 		.ascii	"]F\250?\223\216N\3262?\311\225\244x\031\012\016p/\033"
 5034      938E4ED6 
ARM GAS  C:\Users\nicx5\AppData\Local\Temp\cc9k9ag2.s 			page 136


 5034      323FC995 
 5034      A478190A 
 5034      0E702F1B 
 5035 0085 BA29F7AE 		.ascii	"\272)\367\256\010x\202\372s\350>\350O\363=\350\317`"
 5035      087882FA 
 5035      73E83EE8 
 5035      4FF33DE8 
 5035      CF60
 5036 0097 82148C35 		.ascii	"\202\024\2145\200\005q\365\221B7\343\311\334\275+R\007"
 5036      800571F5 
 5036      914237E3 
 5036      C9DCBD2B 
 5036      5207
 5037 00a9 31B9E7E6 		.ascii	"1\271\347\346zV\033\35398=\336\316NMQ\235\323l\213\305"
 5037      7A561BEB 
 5037      39383DDE 
 5037      CE4E4D51 
 5037      9DD36C8B 
 5038 00be 57F11C33 		.ascii	"W\361\0343\330\326\345v%\027\0163\207\354\314X\015\213"
 5038      D8D6E576 
 5038      25170E33 
 5038      87ECCC58 
 5038      0D8B
 5039 00d0 73E33D8B 		.ascii	"s\343=\213\343\274\017\277\276\003fwDc\\4\254J\304\003"
 5039      E3BC0FBF 
 5039      BE036677 
 5039      44635C34 
 5039      AC4AC403 
 5040 00e4 C6D75325 		.ascii	"\306\327S%W\215\242EU\257\353\230M\003\012\334\225\\"
 5040      578DA245 
 5040      55AFEB98 
 5040      4D030ADC 
 5040      955C
 5041 00f6 36CC0670 		.ascii	"6\314\006pEj|\214+\207=\315Fkb\345J\256\033f\203%G\222"
 5041      456A7C8C 
 5041      2B873DCD 
 5041      466B62E5 
 5041      4AAE1B66 
 5042 010e 2CACE9F5 		.ascii	",\254\351\3656\017\344\330\342\245\323\225e\372\200"
 5042      360FE4D8 
 5042      E2A5D395 
 5042      65FA80
 5043 011d E961E667 		.ascii	"\351a\346g\267.\272\210\326\246L\367^\266Z]0\316\000"
 5043      B72EBA88 
 5043      D6A64CF7 
 5043      5EB65A5D 
 5043      30CE00
 5044 0130 CE7C2466 		.ascii	"\316|$f\256bF9\313\345\201\350\333\366)\243\370El\""
 5044      AE624639 
 5044      CBE581E8 
 5044      DBF629A3 
 5044      F8456C22 
 5045 0144 33877814 		.ascii	"3\207x\024)\365\336\035\012\370P\240\246\324{\357\203"
 5045      29F5DE1D 
 5045      0AF850A0 
 5045      A6D47BEF 
 5045      83
ARM GAS  C:\Users\nicx5\AppData\Local\Temp\cc9k9ag2.s 			page 137


 5046 0155 A0407FBE 		.ascii	"\240@\177\276\323\244\031Z\023\271\217H\276\025\372"
 5046      D3A4195A 
 5046      13B98F48 
 5046      BE15FA
 5047 0164 F524740C 		.ascii	"\365$t\014\355\222\177\366\036\2607\312k\227\274\022"
 5047      ED927FF6 
 5047      1EB037CA 
 5047      6B97BC12 
 5048 0174 6D87F179 		.ascii	"m\207\361yn\306\332\206;\311\234Z\026J-\007\245\226"
 5048      6EC6DA86 
 5048      3BC99C5A 
 5048      164A2D07 
 5048      A596
 5049 0186 8152CB3F 		.ascii	"\201R\313??\337\315\376\236\227\375<l\271\307\373z\336"
 5049      3FDFCDFE 
 5049      9E97FD3C 
 5049      6CB9C7FB 
 5049      7ADE
 5050 0198 3DB58CA6 		.ascii	"=\265\214\246\226\317\324\262\231Z\356\324\262M-\277"
 5050      96CFD4B2 
 5050      995AEED4 
 5050      B24D2DBF 
 5051 01a8 8029E645 		.ascii	"\200)\346E\014\007n\367\202-\347\356\227\363m\310\327"
 5051      0C076EF7 
 5051      822DE7EE 
 5051      97F36DC8 
 5051      D7
 5052 01b9 9FF96C4E 		.ascii	"\237\371lN\3228\033F_c\356q\325\321\370L\3228\261#\367"
 5052      D2381B46 
 5052      5F63EE71 
 5052      D5D1F84C 
 5052      D238B123 
 5053 01ce DE1E5FAD 		.ascii	"\336\036_\255L(C\012\035\321\020'\324^\255\352e\302"
 5053      4C28430A 
 5053      1DD11027 
 5053      D45EADEA 
 5053      65C2
 5054 01e0 A2DB7058 		.ascii	"\242\333pX\212\020A\363\223\237V\305\334\373i\231S\360"
 5054      8A1041F3 
 5054      939F56C5 
 5054      DCFB6999 
 5054      53F0
 5055 01f2 CFB89754 		.ascii	"\317\270\227T\346\304\274Z\001\030\352 \260\025\346"
 5055      E6C4BC5A 
 5055      0118EA20 
 5055      B015E6
 5056 0201 D9A8F27C 		.ascii	"\331\250\362|\263$V\204\221\362\263\244\305\0158\256"
 5056      B3245684 
 5056      91F2B3A4 
 5056      C50D38AE 
 5057 0211 9192DCCA 		.ascii	"\221\222\334\312\202v\330o\341\224O\324\350t\322\012"
 5057      8276D86F 
 5057      E1944FD4 
 5057      E874D20A 
 5058 0221 FDF549C7 		.ascii	"\375\365I\307\346%\215\314\012[g\331Pa\353:\337|\270"
 5058      E6258DCC 
 5058      0A5B67D9 
ARM GAS  C:\Users\nicx5\AppData\Local\Temp\cc9k9ag2.s 			page 138


 5058      5061EB3A 
 5058      DF7CB8
 5059 0234 E9FCFA60 		.ascii	"\351\374\372`\226u\375\266\253m\004\242@\235\222\341"
 5059      9675FDB6 
 5059      AB6D04A2 
 5059      409D92E1 
 5060 0244 37F9CF5E 		.ascii	"7\371\317^\004v\224\3732\274\025\372\323@\235\222\025"
 5060      047694FB 
 5060      32BC15FA 
 5060      D3409D92 
 5060      15
 5061 0255 BF881CF5 		.ascii	"\277\210\034\365-\030\324{\221\012\370Z\2404\260\020"
 5061      2D18D47B 
 5061      910AF85A 
 5061      A034B010 
 5062 0265 FDF9D3C0 		.ascii	"\375\371\323\300\244\331\331n\307\340\342\234\334$\362"
 5062      A4D9D96E 
 5062      C7E0E29C 
 5062      DC24F2
 5063 0274 800B1386 		.ascii	"\200\013\023\206\247\337\304|s\224\373\365\327\017\361"
 5063      A7DFC47C 
 5063      7394FBF5 
 5063      D70FF1
 5064 0283 0E44D5FE 		.ascii	"\016D\325\376u#\263r\024\215\311\261\274[\241\314\036"
 5064      7523B372 
 5064      148DC9B1 
 5064      BC5BA1CC 
 5064      1E
 5065 0294 40D86BF1 		.ascii	"@\330k\361\320\212f\301\351Q\214\362\372\034\227\250"
 5065      D08A66C1 
 5065      E9518CF2 
 5065      FA1C97A8 
 5066 02a4 CD346CE3 		.ascii	"\3154l\343\224\272\030\246Y\345g/\020\3556\373$+zQ\351"
 5066      94BA18A6 
 5066      59E5672F 
 5066      10ED36FB 
 5066      242B7A51 
 5067 02b9 FE25CDCE 		.ascii	"\376%\315\316#\031\360\314\230\216\3560\376O\240=\035"
 5067      2319F0CC 
 5067      988EEE30 
 5067      FE4FA03D 
 5067      1D
 5068 02ca 4C8B5B61 		.ascii	"L\213[a\353\270\217b\266\247\244?\256\225f\267\\\006"
 5068      EBB88F62 
 5068      B6A7A43F 
 5068      AE9566B7 
 5068      5C06
 5069 02dc 4229CB61 		.ascii	"B)\313a\303\224\224\311\0138,u\300\220\244\244t\024"
 5069      C39494C9 
 5069      0B382C75 
 5069      C090A4A4 
 5069      7414
 5070 02ee 7405E1C9 		.ascii	"t\005\341\311\202\311\032\2162\010\253\242D\210\370"
 5070      82C91A8E 
 5070      3208ABA2 
 5070      4488F8
 5071 02fd 1054922A 		.ascii	"\020T\222*!D\322@\365\204\0245\341AS\324\325\325\202"
ARM GAS  C:\Users\nicx5\AppData\Local\Temp\cc9k9ag2.s 			page 139


 5071      2144D240 
 5071      F5841435 
 5071      E14153D4 
 5071      D5D582
 5072 0310 26242115 		.ascii	"&$!\025\007\023 \250\",\361\325\024\204&\250\240\022"
 5072      071320A8 
 5072      222CF1D5 
 5072      148426A8 
 5072      A012
 5073 0322 850A4F50 		.ascii	"\205\012OP\302\020TS\027\240\030H\020\300\314\353\360"
 5073      C2105453 
 5073      17A01848 
 5073      10C0CCEB 
 5073      F0
 5074 0333 9DE4BF8D 		.ascii	"\235\344\277\215\011\301\341c\241?;\217R\210\020\336"
 5074      09C1E163 
 5074      A13F3B8F 
 5074      528810DE 
 5075 0343 8F85F6DA 		.ascii	"\217\205\366\332\310\314\275f\246a\027\335\344t\030"
 5075      C8CCBD66 
 5075      A66117DD 
 5075      E47418
 5076 0352 5B1F6BE6 		.ascii	"[\037k\346\257-\220,\325\327\177\363\341\326\273\223"
 5076      AF2D902C 
 5076      D5D77FF3 
 5076      E1D6BB93 
 5077 0362 03515E1B 		.ascii	"\003Q^\033y\035$\"\325\360\230\213\015$Ep\214Z\254\261"
 5077      791D2422 
 5077      D5F0988B 
 5077      0D244570 
 5077      8C5AACB1 
 5078 0376 E9FD4768 		.ascii	"\351\375GhZ]x\375\344mNn\307\313}}\326\265\311u\230"
 5078      5A5D78FD 
 5078      E46D4E6E 
 5078      C7CB7D7D 
 5078      D6B5C975 
 5079 038b 32686C3B 		.ascii	"2hl; [;\276\364m\337\265\261\355B\235\322\245\221QC"
 5079      205B3BBE 
 5079      F46DDFB5 
 5079      B1ED429D 
 5079      D2A59151 
 5080 03a0 1AF9C2E5 		.ascii	"\032\371\302\345A-\264\306Q\037\023\264\306Dm\2114\342"
 5080      412DB4C6 
 5080      511F13B4 
 5080      C6446D89 
 5080      34E2
 5081 03b2 3B96EFDA 		.ascii	";\226\357\332g\200\310\257\034)\206D\356\314{\357UQ"
 5081      6780C8AF 
 5081      1C298644 
 5081      EECC7BEF 
 5081      5551
 5082 03c4 31017CA8 		.ascii	"1\001|\2501,F\221rhFd$\020\222\3024\007\260\002\231"
 5082      312C4691 
 5082      72684664 
 5082      241092C2 
 5082      3407B002 
 5083 03d9 295B1D11 		.ascii	")[\035\021\3604\314\220\311\204\221$\255\307\001P\304"
ARM GAS  C:\Users\nicx5\AppData\Local\Temp\cc9k9ag2.s 			page 140


 5083      F034CC90 
 5083      C9849124 
 5083      ADC70150 
 5083      C4
 5084 03ea E29232D9 		.ascii	"\342\2222\331\211\337\362\344o\015\241X\023g&Rk\010"
 5084      89DFF2E4 
 5084      6F0DA158 
 5084      13672652 
 5084      6B08
 5085 03fc EC6F13CD 		.ascii	"\354o\023\315m\005\231Z\304i\224\341\301S\035\273 \250"
 5085      6D05995A 
 5085      C46994E1 
 5085      C1531DBB 
 5085      20A8
 5086 040e 123C2DD4 		.ascii	"\022<-\324\246\253M?\037\265\303p;6]\012\262\304\246"
 5086      A6AB4D3F 
 5086      1FB5C370 
 5086      3B365D0A 
 5086      B2C4A6
 5087 0421 69BF781D 		.ascii	"i\277x\035\347HM\301\247\177cB\033\264Y\022{h_H\035"
 5087      E7484DC1 
 5087      A77F6342 
 5087      1BB45912 
 5087      7B685F48 
 5088 0436 ACB58206 		.ascii	"\254\265\202\006\334\004\364\372\345\211\014!6\344\311"
 5088      DC04F4FA 
 5088      E5890C21 
 5088      36E4C9
 5089 0445 B7ED6367 		.ascii	"\267\355cg|\221\213i\332\344\\'\276\002\264&\335q\020"
 5089      7C918B69 
 5089      DAE45C27 
 5089      BE02B426 
 5089      DD7110
 5090 0458 FE411FD4 		.ascii	"\376A\037\324\013\177\336\266'\020\311\200\274)\234"
 5090      0B7FDEB6 
 5090      2710C980 
 5090      BC299C
 5091 0467 C0A1013C 		.ascii	"\300\241\001<\032D$\024\327A\035\212%\363}d\337,\177"
 5091      1A442414 
 5091      D7411D8A 
 5091      25F37D64 
 5091      DF2C7F
 5092 047a 151C42BA 		.ascii	"\025\034B\272\242\351\022Ak\331\022`8\350Y\315\300\343"
 5092      A2E91241 
 5092      6BD91260 
 5092      38E859CD 
 5092      C0E3
 5093 048c F120192B 		.ascii	"\361 \031+B\014\370\031&\3047\211a2gJL7mE(y\001\324"
 5093      420CF819 
 5093      26C43789 
 5093      6132674A 
 5093      4C376D45 
 5094 04a4 31196EBD 		.ascii	"1\031n\275\261\205A\235\306\213KN\325$)\227\324~\267"
 5094      B185419D 
 5094      C68B4B4E 
 5094      D5242997 
 5094      D47EB7
ARM GAS  C:\Users\nicx5\AppData\Local\Temp\cc9k9ag2.s 			page 141


 5095 04b7 F9CCE6A8 		.ascii	"\371\314\346\250\214\024)i\315\334\212\247\354\260\012"
 5095      8C142969 
 5095      CDDC8AA7 
 5095      ECB00A
 5096              		.text
 5097              		.section	.gnu.lto_USB_DevInit.340.1f2fd384,"e",%progbits
 5098 0000 28B52FFD 		.ascii	"(\265/\375`\025\023\205O\000\352{\264\033?0\340N\007"
 5098      60151385 
 5098      4F00EA7B 
 5098      B41B3F30 
 5098      E04E07
 5099 0013 31301B36 		.ascii	"10\0336\236\013*\261@\023\262\356\032\226\223\344/\314"
 5099      9E0B2AB1 
 5099      4013B2EE 
 5099      1A9693E4 
 5099      2FCC
 5100 0025 1B443844 		.ascii	"\033D8D\211o\213{\207Q\303U\324\242\000\201\002\004"
 5100      896F8B7B 
 5100      8751C355 
 5100      D4A20081 
 5100      0204
 5101 0037 0A2A303D 		.ascii	"\012*0=`jV\012\372+\372\253\370+N\277z\233\354\275\223"
 5101      606A560A 
 5101      FA2BFAAB 
 5101      F82B4EBF 
 5101      7A9BECBD 
 5102 004c 4C29AE01 		.ascii	"L)\256\001\203\001\245\001\356W\334\023\275\273g\264"
 5102      8301A501 
 5102      EE57DC13 
 5102      BDBB67B4 
 5103 005c 233A16CF 		.ascii	"#:\026\317\322\313h\235\013\2368m\306\215O>\030\247"
 5103      D2CB689D 
 5103      0B9E386D 
 5103      C68D4F3E 
 5103      18A7
 5104 006e 3CD280DD 		.ascii	"<\322\200\335\215J^Y{\272=c9\036V&-`w\277j\\\350>\\"
 5104      8D4A5E59 
 5104      7BBA3D63 
 5104      391E5626 
 5104      2D6077BF 
 5105 0087 6B52EDA2 		.ascii	"kR\355\242v\360\010\363\030\307W.w\033\015\216\262\271"
 5105      76F008F3 
 5105      18C7572E 
 5105      771B0D8E 
 5105      B2B9
 5106 0099 F056AF32 		.ascii	"\360V\2572\303\2570\374\031\307\211\3260q\034w\365\031"
 5106      C3AF30FC 
 5106      19C789D6 
 5106      30711C77 
 5106      F519
 5107 00ab EC6ECB19 		.ascii	"\354n\313\031\212.^\310\271\333\243\270\224\031>EF\033"
 5107      8A2E5EC8 
 5107      B9DBA3B8 
 5107      94193E45 
 5107      461B
 5108 00bd C5B1A49A 		.ascii	"\305\261\244\2320q|\355j\012\260\273OOz\335m\375\350"
 5108      30717CED 
ARM GAS  C:\Users\nicx5\AppData\Local\Temp\cc9k9ag2.s 			page 142


 5108      6A0AB0BB 
 5108      4F4F7ADD 
 5108      6DFDE8
 5109 00d0 75370081 		.ascii	"u7\000\201\031=ezk\273&1\026\376\340\022\031\307\327"
 5109      193D657A 
 5109      6BBB2631 
 5109      16FEE012 
 5109      19C7D7
 5110 00e3 E8FB79D6 		.ascii	"\350\373y\326\237\314l6\233ej\246\267W\357\266\235z"
 5110      9FCC6C36 
 5110      9B656AA6 
 5110      B757EFB6 
 5110      9D7A
 5111 00f5 16D69555 		.ascii	"\026\326\225U\025\325\324S*\012\352\311\251\311\311"
 5111      15D5D453 
 5111      2A0AEAC9 
 5111      A9C9C9
 5112 0104 B4A49484 		.ascii	"\264\244\224\204tdT\324d\022\015\011-\203\200`\345\353"
 5112      746454D4 
 5112      64120D09 
 5112      2D838060 
 5112      E5EB
 5113 0116 B69FA7ED 		.ascii	"\266\237\247\355\260#\233\037qsl\236\005\306\261\332"
 5113      B0239B1F 
 5113      71736C9E 
 5113      05C6B1DA 
 5114 0126 2D6C154C 		.ascii	"-l\025L\233\324&I\235/\371\312\213[y\351\222\253\270"
 5114      9BD42649 
 5114      9D2FF9CA 
 5114      8B5B79E9 
 5114      92ABB8
 5115 0139 381517C5 		.ascii	"8\025\027\305<\265%J~jq\251(\250*\376\324B\261U*\355"
 5115      3CB5254A 
 5115      7E6A71A9 
 5115      28A82AFE 
 5115      D442B155 
 5116 014f 5293EA94 		.ascii	"R\223\352\224\354d\225\222\233\264\270\263U\276\311"
 5116      EC649592 
 5116      9BB4B8B3 
 5116      55BEC9
 5117 015e 013AB66A 		.ascii	"\001:\266j\330\036\360\363\270\310\227\231\224cK\350"
 5117      D81EF0F3 
 5117      B8C89799 
 5117      94634BE8 
 5118 016e 0A7D4929 		.ascii	"\012}I))\320\221\376\374\362Q{\325&I\035\307V\001\333"
 5118      29D091FE 
 5118      FCF2517B 
 5118      D526491D 
 5118      C75601DB 
 5119 0182 26236AEA 		.ascii	"&#j\352\274I\265/\033\221Y\005\221\320\025z\321\236"
 5119      BC49B52F 
 5119      1B915905 
 5119      91D0157A 
 5119      D19E
 5120 0194 37F7F432 		.ascii	"7\367\3642\363\210\023\0351\222\207\204\226E<\010[\035"
 5120      F388131D 
 5120      31928784 
ARM GAS  C:\Users\nicx5\AppData\Local\Temp\cc9k9ag2.s 			page 143


 5120      96453C08 
 5120      5B1D
 5121 01a6 D23E9B54 		.ascii	"\322>\233T\205d\240VJ\311\021I\307V\211\264\3174\215"
 5121      8564A056 
 5121      4AC91149 
 5121      C75689B4 
 5121      CF348D
 5122 01b9 709EC5A7 		.ascii	"p\236\305\247\232T\203dxJ\251\034CB\007\304\337\366"
 5122      9A548364 
 5122      784AA91C 
 5122      434207C4 
 5122      DFF6
 5123 01cb 09D73EE3 		.ascii	"\011\327>\3438^\316\325\310n\333\306qL4\367\326*\310"
 5123      385ECED5 
 5123      C86EDBC6 
 5123      714C34F7 
 5123      D62AC8
 5124 01de 38E6DA72 		.ascii	"8\346\332r+X\347\357Y\274B\221\274\270\271:\317\312"
 5124      2B58E7EF 
 5124      59BC4291 
 5124      BCB8B93A 
 5124      CFCA
 5125 01f0 B1388E3B 		.ascii	"\2618\216;\307\315\321yC\275;7vw_w\223Fb<\372r\016\346"
 5125      C7CDD179 
 5125      43BD3B37 
 5125      76775F77 
 5125      9346623C 
 5126 0208 B8E53FED 		.ascii	"\270\345?\355Y\334o\364!\211\376\0305n\245\357\207\376"
 5126      59DC6FF4 
 5126      2189FE18 
 5126      356EA5EF 
 5126      87FE
 5127 021a A4FADA1B 		.ascii	"\244\372\332\033}\351{\015#m\337\326o\224\274>l,\306"
 5127      7DE97B0D 
 5127      236DDFD6 
 5127      6F94BC3E 
 5127      6C2CC6
 5128 022d BB7B6AE7 		.ascii	"\273{j\347d6l\351\305\361\335\201n\016>\306\003\034"
 5128      64366CE9 
 5128      C5F1DD81 
 5128      6E0E3EC6 
 5128      031C
 5129 023f C7770518 		.ascii	"\307w\005\030\247neN=?w\333e\274\356z\351A\036~[\273"
 5129      A76E654E 
 5129      3D3F77DB 
 5129      65BCEE7A 
 5129      E9411E7E 
 5130 0255 7982DF18 		.ascii	"y\202\337\030\307l\377|\275\366\372\241\233\260\313"
 5130      C76CFF7C 
 5130      BDF6FAA1 
 5130      9BB0CB
 5131 0264 D2FBBC3B 		.ascii	"\322\373\274;\261\367+\376\014{\261\177,p\177~\311$"
 5131      B1F72BFE 
 5131      0C7BB17F 
 5131      2C707F7E 
 5131      C924
 5132 0276 36F6E9EB 		.ascii	"6\366\351\353\211\356\203v\324\234m\317\342GK$\261q"
ARM GAS  C:\Users\nicx5\AppData\Local\Temp\cc9k9ag2.s 			page 144


 5132      89EE8376 
 5132      D49C6DCF 
 5132      E2474B24 
 5132      B171
 5133 0288 CEF68477 		.ascii	"\316\366\204w/\357\226\310\011\357d\357\212\236s\266"
 5133      2FEF96C8 
 5133      09EF64EF 
 5133      8A9E73B6 
 5134 0298 9774D814 		.ascii	"\227t\330\024\306q\\\200\354\273\310J\375\266\276\262"
 5134      C6715C80 
 5134      ECBBC84A 
 5134      FDB6BEB2 
 5135 02a8 797EBEF6 		.ascii	"y~\276\366\347\357uK\315<\270\2427\231{\361\236\300"
 5135      E7EF754B 
 5135      CD3CB8A2 
 5135      37997BF1 
 5135      9EC0
 5136 02ba CCBDC0AF 		.ascii	"\314\275\300\257x\213\371\024\3670fn\005`_~\350\035"
 5136      788BF914 
 5136      F730666E 
 5136      05605F7E 
 5136      E81D
 5137 02cc F5F244EF 		.ascii	"\365\362D\357.87\00087\027\234{\013\316\255\265\314"
 5137      2E383700 
 5137      3837179C 
 5137      7B0BCEAD 
 5137      B5CC
 5138 02de 0D857367 		.ascii	"\015\205sg\301\271\261\340\334Wpn\253e\356*87\025\234"
 5138      C1B9B1E0 
 5138      DC57706E 
 5138      AB65EE2A 
 5138      3837159C 
 5139 02f2 7B0ACEFD 		.ascii	"{\012\316\375$\312-\005\347\216\202sC\301\271\237\340"
 5139      24CA2D05 
 5139      E78E8273 
 5139      43C1B99F 
 5139      E0
 5140 0303 DC4E70EE 		.ascii	"\334Np\356\246\241\334N87\023\234{\011\316\255\004\224"
 5140      A6A1DC4E 
 5140      3837139C 
 5140      7B09CEAD 
 5140      0494
 5141 0315 3B09CE8D 		.ascii	";\011\316\215$\224\373H(\267\3212w\3212w3(7\023\316"
 5141      2494FB48 
 5141      28B7D132 
 5141      77D13277 
 5141      33283713 
 5142 032a 4D04E71E 		.ascii	"M\004\347\036\202s\013\301\271\227p\356 87\020\234\033"
 5142      82730BC1 
 5142      B99770EE 
 5142      20383710 
 5142      9C1B
 5143 033c 86732BE1 		.ascii	"\206s+\341\334/\234\333\205s\267p\356\007\312\235\341"
 5143      DC2F9CDB 
 5143      8573B770 
 5143      EE07CA9D 
 5143      E1
ARM GAS  C:\Users\nicx5\AppData\Local\Temp\cc9k9ag2.s 			page 145


 5144 034d DC3EE29D 		.ascii	"\334>\342\235\314Qg\0000\216\217d#\343Fw1\260\213\027"
 5144      CC516700 
 5144      308E8F64 
 5144      23E34677 
 5144      31B08B17 
 5145 0361 A81E4B12 		.ascii	"\250\036K\022_\013\253u,\266(Be\266\034\324\267\002"
 5145      5F0BAB75 
 5145      2CB62842 
 5145      65B61CD4 
 5145      B702
 5146 0373 86B1F031 		.ascii	"\206\261\3601f\273r\265S\3414\267\242\326\005\334\365"
 5146      66BB72B5 
 5146      53E134B7 
 5146      A2D605DC 
 5146      F5
 5147 0384 C390CEC0 		.ascii	"\303\220\316\300AlL\340\206\033:\244\257\367EDGe\340"
 5147      416C4CE0 
 5147      861B3AA4 
 5147      AFF74544 
 5147      4765E0
 5148 0397 5FCFE191 		.ascii	"_\317\341\221\250\344\010\304\273\340\017\021\3254\375"
 5148      A8E408C4 
 5148      BBE00F11 
 5148      D534FD
 5149 03a6 82EF2C98 		.ascii	"\202\357,\230sd\034\024\246N\244\257\273M\357\265ge"
 5149      73641C14 
 5149      A64EA4AF 
 5149      BB4DEFB5 
 5149      6765
 5150 03b8 7AA7D1D2 		.ascii	"z\247\321\3223\211\275\322/=\035\372~\275\322?^\215"
 5150      3389BDD2 
 5150      2F3D1DFA 
 5150      7EBDD23F 
 5150      5E8D
 5151 03ca 266D8178 		.ascii	"&m\201x\231\012\011\250h\364|E\212{\3564s\354\3352\273"
 5151      990A09A8 
 5151      68F47C45 
 5151      8A7BEE34 
 5151      73ECDD32 
 5152 03df DEEBE5FA 		.ascii	"\336\353\345\372\001'\0073\034\002>\204\371\0150\317"
 5152      01270733 
 5152      1C023E84 
 5152      F90D30CF 
 5153 03ef D430B765 		.ascii	"\3240\267e \213:\240\007\211\364I~\306\305\036\311\216"
 5153      208B3AA0 
 5153      0789F449 
 5153      7EC6C51E 
 5153      C98E
 5154 0401 57518E9D 		.ascii	"WQ\216\235J\363\371\332\025\365|!\312\261\3479\204k"
 5154      4AF3F9DA 
 5154      15F57C21 
 5154      CAB1E739 
 5154      846B
 5155 0413 863C8C77 		.ascii	"\206<\214w\275\334\021U\236R\231V\311\036w\364Pvn\377"
 5155      BDDC1155 
 5155      9E529956 
 5155      C91E77F4 
ARM GAS  C:\Users\nicx5\AppData\Local\Temp\cc9k9ag2.s 			page 146


 5155      50766EFF 
 5156 0427 76043888 		.ascii	"v\0048\210\355zOd>\237\324\216\012\330G\024\306\215"
 5156      ED7A4F64 
 5156      3E9FD48E 
 5156      0AD84714 
 5156      C68D
 5157 0439 DEA120CE 		.ascii	"\336\241 \316\221\312M_{\035@\310\036g\364P\017x7\364"
 5157      91CA4D5F 
 5157      7B1D40C8 
 5157      1E67F450 
 5157      0F7837F4 
 5158 044d AEF6A670 		.ascii	"\256\366\246p\377\3620\027\345&\205\"\015\227O\331\315"
 5158      FFF23017 
 5158      E5268522 
 5158      0D974FD9 
 5158      CD
 5159 045e 78D8774B 		.ascii	"x\330wK\230\220=\256\325\354\336\376\255\225\177x\260"
 5159      98903DAE 
 5159      D5ECDEFE 
 5159      AD957F78 
 5159      B0
 5160 046f 8F486A90 		.ascii	"\217Hj\220\031/z?\254P\364O{V\252\237\344\337\243\033"
 5160      192F7A3F 
 5160      AC50F44F 
 5160      7B56AA9F 
 5160      E4DFA31B 
 5161 0483 90BBDADB 		.ascii	"\220\273\332\333\354\266\340V\324\340\3467\355Y\001"
 5161      ECB6E056 
 5161      D4E0E637 
 5161      ED5901
 5162 0492 3C7A9F0F 		.ascii	"<z\237\017\033\336\375\332O\274\356B\365 \211\236\371"
 5162      1BDEFDDA 
 5162      4FBCEE42 
 5162      F520899E 
 5162      F9
 5163 04a3 44F47E8E 		.ascii	"D\364~\216\360\320\357\211\205~\250\356Q\310\317P\271"
 5163      F0D0EF89 
 5163      857EA8EE 
 5163      51C8CF50 
 5163      B9
 5164 04b4 BCE341BF 		.ascii	"\274\343A\277\244\023\204\007\364\216}u\350\013?\320"
 5164      A4138407 
 5164      F48E7D75 
 5164      E80B3FD0 
 5165 04c4 BB837075 		.ascii	"\273\203pu\027<\016\354w\247\3747N\346\237l6\353\320"
 5165      173C0EEC 
 5165      77A7FC37 
 5165      4EE69F6C 
 5165      36EBD0
 5166 04d7 F77DE5BB 		.ascii	"\367}\345\273=\340\200`\3606\357;\367\254|\334g\003"
 5166      3DE08060 
 5166      F036EF3B 
 5166      F7AC7CDC 
 5166      6703
 5167 04e9 F5383DD9 		.ascii	"\3658=\331\241\357\277\373.\037\270\272n\015\256fC{"
 5167      A1EFBFFB 
 5167      2E1FB8BA 
ARM GAS  C:\Users\nicx5\AppData\Local\Temp\cc9k9ag2.s 			page 147


 5167      6E0DAE66 
 5167      437B
 5168 04fb 9A186470 		.ascii	"\232\030dp\212\327\335\177 \253\177~o\306\016}\305\336"
 5168      8AD7DD7F 
 5168      20AB7F7E 
 5168      6FC60E7D 
 5168      C5DE
 5169 050d DF7DAB61 		.ascii	"\337}\253a\244\315\261\031\307\361\353j\357\204\017"
 5169      A4CDB119 
 5169      C7F1EB6A 
 5169      EF840F
 5170 051c 80E8F879 		.ascii	"\200\350\370yn\334/h^\372/\232\354\001R\024!@\234I\313"
 5170      6EDC2F68 
 5170      5EFA2F9A 
 5170      EC015214 
 5170      21409C49 
 5171 0531 489C9948 		.ascii	"H\234\231H;\223\246\225\245\251\205p\261\224\326\342"
 5171      3B93A695 
 5171      A5A98570 
 5171      B194D6E2 
 5172 0541 CC848A15 		.ascii	"\314\204\212\025\"\316\244e.\244\"\254H\2140+j!E{\010"
 5172      22CEA465 
 5172      2EA422AC 
 5172      488C302B 
 5172      6A21457B 
 5173 0556 18183428 		.ascii	"\030\0304(\0032\341$F\230}\033\220\016\030\001\342K"
 5173      0332E124 
 5173      46987D1B 
 5173      900E1801 
 5173      E24B
 5174 0568 8000AFA7 		.ascii	"\200\000\257\247\027\0150hh\333\314+D\232Z\031\012\024"
 5174      170D3068 
 5174      68DBCC2B 
 5174      449A5A19 
 5174      0A14
 5175 057a 25020848 		.ascii	"%\002\010H\321\"-j\206\206!ZF\201A\204\262\027/\014"
 5175      D1222D6A 
 5175      8686215A 
 5175      46814184 
 5175      B2172F0C 
 5176 058e 4488A6A1 		.ascii	"D\210\246\241I]\230@{0\240_\250h\020\241C\000\001\025"
 5176      495D9840 
 5176      7B30A05F 
 5176      A86810A1 
 5176      43000115 
 5177 05a2 3260E890 		.ascii	"2`\350\220v\002M\005Y\207\004\020\220\374\367\274\036"
 5177      76024D05 
 5177      59870410 
 5177      90FCF7BC 
 5177      1E
 5178 05b3 A663477D 		.ascii	"\246cG}\270~B8Y\000\2648\335\034\372r=\000,\\\206A\217"
 5178      B87E4238 
 5178      5900B438 
 5178      DD1CFA72 
 5178      3D002C5C 
 5179 05ca 62FA603D 		.ascii	"b\372`=_\244\023\012^m!\302\016}\265~\353\252E\210g"
 5179      5FA4130A 
ARM GAS  C:\Users\nicx5\AppData\Local\Temp\cc9k9ag2.s 			page 148


 5179      5E6D21C2 
 5179      0E7DB57E 
 5179      EBAA4588 
 5180 05df 05FD0088 		.ascii	"\005\375\000\210s\212@'\263\250(a\266\307G\254\317z"
 5180      738A4027 
 5180      B3A82861 
 5180      B6C747AC 
 5180      CF7A
 5181 05f1 B74714AC 		.ascii	"\267G\024\254WBq\254\272\372\302\246C_\253\277\032\264"
 5181      574271AC 
 5181      BAFAC2A6 
 5181      435FABBF 
 5181      1AB4
 5182 0603 8262C846 		.ascii	"\202b\310FU5=R\005Ep\231\315f\357\262\240\326C\301K"
 5182      55353D52 
 5182      05457099 
 5182      CD66EFB2 
 5182      A0D643C1 
 5183 0618 9203955A 		.ascii	"\222\003\225Zz\220\222T\377\227\315NN=\325+\337\340"
 5183      7A909254 
 5183      FF97CD4E 
 5183      4E3DD52B 
 5183      DFE0
 5184 062a 80F04D7D 		.ascii	"\200\360M}\324\236\365\007\361\260MIy\370\027\215S\016"
 5184      D49EF507 
 5184      F1B04D49 
 5184      79F8178D 
 5184      530E
 5185 063c ECDB7700 		.ascii	"\354\333w\0006\346\351\001\354=<!\314B\360\262^\330"
 5185      36E6E901 
 5185      EC3D3C21 
 5185      CC42F0B2 
 5185      5ED8
 5186 064e 609BBCBC 		.ascii	"`\233\274\274d+l\220\012\243\224\022\000b\203\202}Q"
 5186      642B6C90 
 5186      0AA39412 
 5186      00628382 
 5186      7D51
 5187 0660 3C904C22 		.ascii	"<\220L\"F\272\275A=_\325\355\274\"<\261\2035\3440\311"
 5187      46BABD41 
 5187      3D5FD5ED 
 5187      BC223CB1 
 5187      8335E430 
 5188 0675 13D81338 		.ascii	"\023\330\0238yN\317\227u\270\202\347+\330\313F\212\214"
 5188      794ECF97 
 5188      75B882E7 
 5188      2BD8CB46 
 5188      8A8C
 5189 0687 4DFBCC5E 		.ascii	"M\373\314^w\237\037\215z)%\250\217zz\250l\303\301\376"
 5189      779F1F8D 
 5189      7A2925A8 
 5189      8F7A7AA8 
 5189      6CC3C1FE 
 5190 069b E9ED4915 		.ascii	"\351\355I\025\306\246\226\311\351\333\227kw\372\020"
 5190      C6A696C9 
 5190      E9DB976B 
 5190      77FA10
ARM GAS  C:\Users\nicx5\AppData\Local\Temp\cc9k9ag2.s 			page 149


 5191 06aa B264F62F 		.ascii	"\262d\366/\232\"\271\257w\372\274\210\270\206\354\235"
 5191      9A22B9AF 
 5191      77FABC88 
 5191      B886EC9D 
 5192 06ba DEE5F395 		.ascii	"\336\345\363\225\221@\002*2\231\225\361\2577k\315\000"
 5192      9140022A 
 5192      329995F1 
 5192      AF376BCD 
 5192      00
 5193 06cb 66B1719F 		.ascii	"f\261q\237\254\257\275\335\323\277\034d/0\377\320R\240"
 5193      ACAFBDDD 
 5193      D3BF1C64 
 5193      2F30FFD0 
 5193      52A0
 5194 06dd 0779F884 		.ascii	"\007y\370\204\313\322\363\365\340\012S\006J:\220F9K"
 5194      CBD2F3F5 
 5194      E00A5306 
 5194      4A3A9046 
 5194      394B
 5195 06ef 945A3A38 		.ascii	"\224Z:8I\3278\226\353Z\240\027\201\234\250\2010G\221"
 5195      49D73896 
 5195      EB5AA017 
 5195      819CA881 
 5195      304791
 5196 0702 42332222 		.ascii	"B3\"\"\"\222$I\032\003\221\005\204 \007\235\235\007"
 5196      22922449 
 5196      1A039105 
 5196      8420079D 
 5196      9D07
 5197 0714 11D028A7 		.ascii	"\021\320(\247(\2421I\222\2444\215\001TH/,\011|\262o"
 5197      28A23149 
 5197      92A4348D 
 5197      0154482F 
 5197      2C097CB2 
 5198 0729 4FDAD24B 		.ascii	"O\332\322K\223,\205\274\340\233\344v\350\274\323'\244"
 5198      932C85BC 
 5198      E09BE476 
 5198      E8BCD327 
 5198      A4
 5199 073a 16A87798 		.ascii	"\026\250w\230\007&1\232\2042\234+b\321\036L,\257vC\225"
 5199      0726319A 
 5199      84329C2B 
 5199      62D11E4C 
 5199      2CAF7643 
 5200 074f 25D24435 		.ascii	"%\322D5\3703\276\035\247@?\2229s78\305\371\265\302\352"
 5200      F833BE1D 
 5200      A7403F92 
 5200      39733738 
 5200      C5F9B5C2 
 5201 0764 772BA49E 		.ascii	"w+\244\236\255\247fb\255\215!\250g\300\347\345j\372"
 5201      ADA76662 
 5201      AD8D21A8 
 5201      67C0E7E5 
 5201      6AFA
 5202 0776 F1336EC2 		.ascii	"\3613n\302u4\246\024\026HSo\274\376\376\227\022\300"
 5202      7534A614 
 5202      1648536F 
ARM GAS  C:\Users\nicx5\AppData\Local\Temp\cc9k9ag2.s 			page 150


 5202      BCFEFE97 
 5202      12C0
 5203 0788 7FBE8D22 		.ascii	"\177\276\215\"\356\010O\001\354\006\341\210\260_\370"
 5203      EE084F01 
 5203      EC06E188 
 5203      B05FF8
 5204 0797 A429E1F8 		.ascii	"\244)\341\370{d\3111\3032\023@'\3224\222\261\242\250"
 5204      7B64C931 
 5204      C3321340 
 5204      27D23492 
 5204      B1A2A8
 5205 07aa A89745A8 		.ascii	"\250\227E\250\000@'\203\227\334`\027$$\334&\305\273"
 5205      00402783 
 5205      97DC6017 
 5205      2424DC26 
 5205      C5BB
 5206 07bc 4E17DBCA 		.ascii	"N\027\333\312\362\033\371\002\354\0135\367\357\363Q"
 5206      F21BF902 
 5206      EC0B35F7 
 5206      EFF351
 5207 07cb B9422C13 		.ascii	"\271B,\023\203"
 5207      83
 5208 07d0 F25C2948 		.ascii	"\362\\)H\270\264\371\326\355_\232\230\203HKX\277\007"
 5208      B8B4F9D6 
 5208      ED5F9A98 
 5208      83484B58 
 5208      BF07
 5209 07e2 72B19FE0 		.ascii	"r\261\237\340\227e\342\376\014\017\315!\305\367\270"
 5209      9765E2FE 
 5209      0C0FCD21 
 5209      C5F7B8
 5210 07f1 C84C1349 		.ascii	"\310L\023I\007;\203\272\3636\377N\344\221\253j\234@"
 5210      073B83BA 
 5210      F336FF4E 
 5210      E491AB6A 
 5210      9C40
 5211 0803 910E093B 		.ascii	"\221\016\011;#\325\233a\203\233\3528\315\2573\215\233"
 5211      23D59B61 
 5211      839BEA38 
 5211      CDAF338D 
 5211      9B
 5212 0814 8E015A18 		.ascii	"\216\001Z\030\\M\014,{N\203\001+kw{\363\335\241<A\002"
 5212      5C4D0C2C 
 5212      7B4E8301 
 5212      2B6B777B 
 5212      F3DDA13C 
 5213 082a 5A4DBE4C 		.ascii	"ZM\276L\320\324\200\204\221n\264 \177\017\220\366q\351"
 5213      D0D48084 
 5213      916EB420 
 5213      7F0F90F6 
 5213      71E9
 5214 083c 75AEF07C 		.ascii	"u\256\360|\306@\317\270\305\220\321=2D\265\356\352\343"
 5214      C640CFB8 
 5214      C590D13D 
 5214      3244B5EE 
 5214      EAE3
 5215 084e 8FFA7BC9 		.ascii	"\217\372{\311o02\265\357\013v\011\342\033\037\212\210"
ARM GAS  C:\Users\nicx5\AppData\Local\Temp\cc9k9ag2.s 			page 151


 5215      6F3032B5 
 5215      EF0B7609 
 5215      E21B1F8A 
 5215      88
 5216 085f 72CEFA9E 		.ascii	"r\316\372\236\244^4\3776N\235\354\254\225\365~l\361"
 5216      A45E34FF 
 5216      364E9DEC 
 5216      AC95F57E 
 5216      6CF1
 5217 0871 618126BE 		.ascii	"a\201&\276\001\377\035P\023\330\263P\326\305\346\237"
 5217      01FF1D50 
 5217      13D8B350 
 5217      D6C5E69F 
 5218 0881 83D8A291 		.ascii	"\203\330\242\221\"\376c\352\263\233\001\017\357\"C@"
 5218      22FE63EA 
 5218      B39B010F 
 5218      EF224340 
 5219 0891 6220F219 		.ascii	"b \362\031\206\307\242E\241\274~\3138_\247\306\300\225"
 5219      86C7A245 
 5219      A1BC7ECB 
 5219      385FA7C6 
 5219      C095
 5220 08a3 A0763001 		.ascii	"\240v0\001t\251\023\244\227\213\237\265\312\306v\376"
 5220      74A913A4 
 5220      978B9FB5 
 5220      CAC676FE 
 5221 08b3 3749B81D 		.ascii	"7I\270\035\026\332\030~\031y9{\335\220n\227n2\354j\273"
 5221      16DA187E 
 5221      1979397B 
 5221      DD906E97 
 5221      6E32EC6A 
 5222 08c8 042AF8A7 		.ascii	"\004*\370\247\332QG\0330U\030\267\200\331n\244\300\336"
 5222      DA51471B 
 5222      305518B7 
 5222      80D96EA4 
 5222      C0DE
 5223 08da A996FD8B 		.ascii	"\251\226\375\213\200\324\333\261\302j0\002>\221~\024"
 5223      80D4DBB1 
 5223      C26A3002 
 5223      3E917E14 
 5224 08ea E2551760 		.ascii	"\342U\027`a\032G\250\015\223\234\316\370\273f\274\005"
 5224      611A47A8 
 5224      0D939CCE 
 5224      F8BB66BC 
 5224      05
 5225 08fb E4AB05C5 		.ascii	"\344\253\005\305\013\217B\025\357\243\261b\323z\211"
 5225      0B8F4215 
 5225      EFA3B162 
 5225      D37A89
 5226 090a 81CEC260 		.ascii	"\201\316\302`\313.w\015{M\353\306-Cy3K\257\226\242\276"
 5226      CB2E770D 
 5226      7B4DEBC6 
 5226      2D437933 
 5226      4BAF96A2 
 5227 091f 1A314BB6 		.ascii	"\0321K\266V\005Yv\003\350#\200r\364\314\267@(\363\032"
 5227      56055976 
 5227      03E82380 
ARM GAS  C:\Users\nicx5\AppData\Local\Temp\cc9k9ag2.s 			page 152


 5227      72F4CCB7 
 5227      4028F31A 
 5228 0933 4FDA147D 		.ascii	"O\332\024}S\362\022\235\224\301^0`tK6gr\322\033T=\\"
 5228      53F2129D 
 5228      94C15E30 
 5228      60744B36 
 5228      6772D21B 
 5229 094a 817FB818 		.ascii	"\201\177\270\030Jg\3138\364\242T\306\242\324\307 =\036"
 5229      4A67CB38 
 5229      F4A254C6 
 5229      A2D4C720 
 5229      3D1E
 5230 095c 67E666C4 		.ascii	"g\346f\304-'\263\302\034\217\2301\360\332:\310s\357"
 5230      2D27B3C2 
 5230      1C8F9831 
 5230      F0DA3AC8 
 5230      73EF
 5231 096e 23000C11 		.ascii	"#\000\014\021C]\224\336aR\217\356\311\211\202\312^\236"
 5231      435D94DE 
 5231      61528FEE 
 5231      C98982CA 
 5231      5E9E
 5232 0980 52E7AEA5 		.ascii	"R\347\256\245\267\336\2629\353\337\363\230Fl\263O\266"
 5232      B7DEB239 
 5232      EBDFF398 
 5232      466CB34F 
 5232      B6
 5233 0991 19CD8213 		.ascii	"\031\315\202\023l\362\006\271b0T\303\014*9\205\357\221"
 5233      6CF206B9 
 5233      623054C3 
 5233      0C2A3985 
 5233      EF91
 5234 09a3 618E618B 		.ascii	"a\216a\213\036\224B\032\030V\326\013\256|\001\320|\375"
 5234      1E94421A 
 5234      1856D60B 
 5234      AE7C01D0 
 5234      7CFD
 5235 09b5 307A5027 		.ascii	"0zP'\343!\342\250,\366G4\346w\226\205\332y\035\352-"
 5235      E321E2A8 
 5235      2CF64734 
 5235      E6779685 
 5235      DA791DEA 
 5236 09ca 478FB418 		.ascii	"G\217\264\030v\244\233\361\373#@\315\364#X\256\265\016"
 5236      76A49BF1 
 5236      FB2340CD 
 5236      F42358AE 
 5236      B50E
 5237 09dc 09DDBECE 		.ascii	"\011\335\276\316i\314\243\012\306\224\003C\034\"\204"
 5237      69CCA30A 
 5237      C6940343 
 5237      1C2284
 5238 09eb CB6345EB 		.ascii	"\313cE\353|yQ\323\372g\303\016\341Q\001"
 5238      7C7951D3 
 5238      FA67C30E 
 5238      E15101
 5239              		.text
 5240              		.section	.gnu.lto_USB_FlushTxFifo.341.1f2fd384,"e",%progbits
ARM GAS  C:\Users\nicx5\AppData\Local\Temp\cc9k9ag2.s 			page 153


 5241 0000 28B52FFD 		.ascii	"(\265/\375`\247\003\205\031\000\306,\242I\240ZQ:L\237"
 5241      60A70385 
 5241      1900C62C 
 5241      A249A05A 
 5241      513A4C9F 
 5242 0014 940FE1A9 		.ascii	"\224\017\341\251\326\331z\200A4\261\243\305N\001\253"
 5242      D6D97A80 
 5242      4134B1A3 
 5242      C54E01AB 
 5243 0024 0513BD5A 		.ascii	"\005\023\275Z#\011\371\036\271\2764v\317(\356l\302\002"
 5243      2309F91E 
 5243      B9BE3476 
 5243      CF28EE6C 
 5243      C202
 5244 0036 DD7A35C8 		.ascii	"\335z5\310\3534\034\036\220\202*L\016\3169\315~!G(\345"
 5244      EB341C1E 
 5244      90822A4C 
 5244      0ECE39CD 
 5244      7E214728 
 5245 004b 604EACBF 		.ascii	"`N\254\277\374\226\220\275\211\334I\006\212\000\203"
 5245      FC9690BD 
 5245      89DC4906 
 5245      8A0083
 5246 005a 008E0017 		.ascii	"\000\216\000\027I\347$+_aK=\2242_\311\227\024=\030\203"
 5246      49E7242B 
 5246      5F614B3D 
 5246      94325FC9 
 5246      97143D18 
 5247 006f 05DC9BC6 		.ascii	"\005\334\233\306\352\312\275'\004\376P\276\346\274\200"
 5247      EACABD27 
 5247      04FE50BE 
 5247      E6BC80
 5248 007e 7D1D3FC0 		.ascii	"}\035?\300\276\356P(b\334\201\031\271\263@\321\267$"
 5248      BEEE5028 
 5248      62DC8119 
 5248      B9B340D1 
 5248      B724
 5249 0090 E5EADE13 		.ascii	"\345\352\336\023\326Ml\271\033wV\331\"m5\307\2468\276"
 5249      D64D6CB9 
 5249      1B7756D9 
 5249      226D35C7 
 5249      A638BE
 5250 00a3 D15934C7 		.ascii	"\321Y4\307K\034oI%\345\320A\311\235\305\361Z*\335\274"
 5250      4B1C6F49 
 5250      25E5D041 
 5250      C99DC5F1 
 5250      5A2ADDBC 
 5251 00b7 E9CDB853 		.ascii	"\351\315\270S\322\016:\216\030\204H~7=\031c\023\237"
 5251      D20E3A8E 
 5251      1884487E 
 5251      373D1963 
 5251      139F
 5252 00c9 6CF9F00C 		.ascii	"l\371\360\014\234\222|\264[=\245S2\303\275\227)\257"
 5252      9C927CB4 
 5252      5B3DA553 
 5252      32C3BD97 
 5252      29AF
ARM GAS  C:\Users\nicx5\AppData\Local\Temp\cc9k9ag2.s 			page 154


 5253 00db 57E3EC3A 		.ascii	"W\343\354:33af\033s\227\010?_\015\216\351\340\324x\357"
 5253      33336166 
 5253      1B739708 
 5253      3F5F0D8E 
 5253      E9E0D478 
 5254 00f0 BDDDC0DB 		.ascii	"\275\335\300\333\354\317\3530Y\021;\307\037~@0\211\324"
 5254      ECCFEB30 
 5254      59113BC7 
 5254      1F7E4030 
 5254      89D4
 5255 0102 A56DF834 		.ascii	"\245m\3704\242\015\344W\220\342\002\344\3761\037\352"
 5255      A20DE457 
 5255      90E202E4 
 5255      FE311FEA 
 5256 0112 37F0E04F 		.ascii	"7\360\340O\200)\277*eW\245lV\312\255J\231U)\227\225"
 5256      8029BF2A 
 5256      6557A56C 
 5256      56CAAD4A 
 5256      99552997 
 5257 0127 3259295B 		.ascii	"2Y)[K\271V\312c\245\334\2252\255\224\217CN\321Xj@\344"
 5257      4BB956CA 
 5257      63A5DC95 
 5257      32AD948F 
 5257      434ED158 
 5258 013e DE1F6DAE 		.ascii	"\336\037m\256\256\227\212\245\310\317\237\271\210?d"
 5258      AE978AA5 
 5258      C8CF9FB9 
 5258      883F64
 5259 014d 1366A487 		.ascii	"\023f\244\207\371\264\0018\002\242\300F\221G\231{\277"
 5259      F9B40138 
 5259      02A2C046 
 5259      9147997B 
 5259      BF
 5260 015e 3C78655A 		.ascii	"<xeZ\011\023\322\323PDcNL\336j\011\307\260\242^6\253"
 5260      0913D2D3 
 5260      5044634E 
 5260      4CDE6A09 
 5260      C7B0A25E 
 5261 0174 144E0985 		.ascii	"\024N\011\205\277\372rDg\311\246B2\325\033\274\252\234"
 5261      BFFA7244 
 5261      67C9A642 
 5261      32D51BBC 
 5261      AA9C
 5262 0186 3BB0B6C9 		.ascii	";\260\266\3116\233\354l\330s\321\032h\333\257'\235\232"
 5262      369BEC6C 
 5262      D873D11A 
 5262      68DBAF27 
 5262      9D9A
 5263 0198 DC139F08 		.ascii	"\334\023\237\010\001\223U\013\215\340T\351q\2466\360"
 5263      0193550B 
 5263      8DE054E9 
 5263      71A636F0 
 5264 01a8 6F283D84 		.ascii	"o(=\204l1_\263\2659t\031\273\366K\313\216\315Q\347\230"
 5264      6C315FB3 
 5264      B5397419 
 5264      BBF64BCB 
 5264      8ECD51E7 
ARM GAS  C:\Users\nicx5\AppData\Local\Temp\cc9k9ag2.s 			page 155


 5265 01bd 79F627B6 		.ascii	"y\366'\266\362\336 \025\370NF\270(\233^\3711Z\347\007"
 5265      F2DE2015 
 5265      F84E46B8 
 5265      289B5EF9 
 5265      315AE707 
 5266 01d1 25241CD2 		.ascii	"%$\034\322`\250\210Q\306\253{\357m\266\373\304\250\242"
 5266      60A88851 
 5266      C6AB7BEF 
 5266      6DB6FBC4 
 5266      A8A2
 5267 01e3 0CCAA67B 		.ascii	"\014\312\246{\001\032\332\274*\342\211\354\233\366u"
 5267      011ADABC 
 5267      2AE289EC 
 5267      9BF675
 5268 01f2 3E729DE3 		.ascii	">r\235\343\306\011/dC\263\240*4$k\266\200bB\012\023"
 5268      C6092F64 
 5268      43B3A02A 
 5268      34246BB6 
 5268      8062420A 
 5269 0207 1262B108 		.ascii	"\022b\261\010\011n\033|D\214\034\024\341Dm\010\250E"
 5269      096E1B7C 
 5269      448C1C14 
 5269      E1446D08 
 5269      A845
 5270 0219 0B153B31 		.ascii	"\013\025;1\241\0275X\020\315\007\006\364A\003\017\320"
 5270      A1173558 
 5270      10CD0706 
 5270      F441030F 
 5270      D0
 5271 022a ED668107 		.ascii	"\355f\201\007V\243\241\200\261\202\326a\002\337f\033"
 5271      56A3A180 
 5271      B182D661 
 5271      02DF661B 
 5272 023a 787E7662 		.ascii	"x~vb B\370\374\324X\320f$~.x \300\314\347}\377\370Y"
 5272      2042F8FC 
 5272      D458D066 
 5272      247E2E78 
 5272      20C0CCE7 
 5273 0252 AA88907C 		.ascii	"\252\210\220|\234\375\360\001\316\204!S\366q\366\325"
 5273      9CFDF001 
 5273      CE842153 
 5273      F671F6D5 
 5274 0262 48CCFC6A 		.ascii	"H\314\374j\316p\324;>\215\232X\277\016\225\0273\345"
 5274      CE70D43B 
 5274      3E8D9A58 
 5274      BF0E9517 
 5274      33E5
 5275 0274 8B4A376A 		.ascii	"\213J7j\264\356\300\272\332VE\211\271\224\233\355j\362"
 5275      B4EEC0BA 
 5275      DA564589 
 5275      B9949BED 
 5275      6AF2
 5276 0286 69E7CB59 		.ascii	"i\347\313Y1e\3025T<\244)d\003\003K\250A$\210\031A\310"
 5276      3165C235 
 5276      543CA429 
 5276      6403034B 
 5276      A8412488 
ARM GAS  C:\Users\nicx5\AppData\Local\Temp\cc9k9ag2.s 			page 156


 5277 029d 4C30138C 		.ascii	"L0\023\214\310(\210Z\014\220\002\031*+\017\021\2201"
 5277      C828885A 
 5277      0C900219 
 5277      2A2B0F11 
 5277      9031
 5278 02af 6390B6D9 		.ascii	"c\220\266\331802\351\345D\356\032M\314+H\300\322\264"
 5278      383032E9 
 5278      E544EE1A 
 5278      4DCC2B48 
 5278      C0D2B4
 5279 02c2 0E39054A 		.ascii	"\0169\005Jn\362j\004M\273N\013U'\221a\212\032\001\337"
 5279      6EF26A04 
 5279      4DBB4E0B 
 5279      55279161 
 5279      8A1A01DF 
 5280 02d6 FE40DD14 		.ascii	"\376@\335\024\014@\204\242L\361JR\3400\011_CH\323Y\343"
 5280      0C4084A2 
 5280      4CF14A52 
 5280      E030095F 
 5280      4348D359 
 5281 02eb F5D2DF63 		.ascii	"\365\322\337c\301\200z\330}a\254\003'M!!\027uI\001\356"
 5281      C1807AD8 
 5281      7D61AC03 
 5281      274D2121 
 5281      17754901 
 5282 0300 0017F46C 		.ascii	"\000\027\364l/UL\214\014S\305\017\210\004\222B\307\000"
 5282      2F554C8C 
 5282      0C53C50F 
 5282      88049242 
 5282      C700
 5283 0312 193AF2EA 		.ascii	"\031:\362\352U\367\032+\217\241~\356\002\325\001\336"
 5283      55F71A2B 
 5283      8FA17EEE 
 5283      02D501DE 
 5284 0322 0E11A03D 		.ascii	"\016\021\240=<\207\317\203S\316x\365d\374D\015,\235"
 5284      3C87CF83 
 5284      53CE78F5 
 5284      64FC440D 
 5284      2C9D
 5285 0334 18F13F77 		.ascii	"\030\361?w6~"
 5285      367E
 5286              		.text
 5287              		.section	.gnu.lto_USB_FlushRxFifo.342.1f2fd384,"e",%progbits
 5288 0000 28B52FFD 		.ascii	"(\265/\375`X\003\275\027\000\346\350\225K\240RR:\301"
 5288      605803BD 
 5288      1700E6E8 
 5288      954BA052 
 5288      523AC1
 5289 0013 0757A187 		.ascii	"\007W\241\207\010\267;\024<\337\003\344\243\375UG\""
 5289      08B73B14 
 5289      3CDF03E4 
 5289      A3FD5547 
 5289      22
 5290 0024 FBDBEBD0 		.ascii	"\373\333\353\320\264mu\364_\277\247\026h\231\347\257"
 5290      B46D75F4 
 5290      5FBFA716 
 5290      6899E7AF 
ARM GAS  C:\Users\nicx5\AppData\Local\Temp\cc9k9ag2.s 			page 157


 5291 0034 9E8C9751 		.ascii	"\236\214\227Q\315\263\231\363\005\037 Zg<\310\224\321"
 5291      CDB399F3 
 5291      051F205A 
 5291      673CC894 
 5291      D1
 5292 0045 17542523 		.ascii	"\027T%#\242a\354~\231C\376\236\3156B\010\331r'\031~"
 5292      A261EC7E 
 5292      9943FE9E 
 5292      CD364208 
 5292      D9722719 
 5293 005a 00780082 		.ascii	"\000x\000\202\000\237q\032?\237\362\341\222{\317\312"
 5293      009F711A 
 5293      3F9FF2E1 
 5293      927BCFCA 
 5294 006a 72DC9B5C 		.ascii	"r\334\233\\\3002\351M\004?9o\332\233\2347W\032\374p"
 5294      C032E94D 
 5294      043F396F 
 5294      DA9B9C37 
 5294      571AFC70 
 5295 007e 10654898 		.ascii	"\020eH\230<\341\222Z\302avoR\327Q|rw\360\265\324\206"
 5295      3CE1925A 
 5295      C261766F 
 5295      52D7517C 
 5295      7277F0B5 
 5296 0094 9EE6CD76 		.ascii	"\236\346\315v\015\362\201^\253MO\225n\373:j*Q\321\341"
 5296      0DF2815E 
 5296      AB4D4F95 
 5296      6EFB3A6A 
 5296      2A51D1E1 
 5297 00a8 A974334D 		.ascii	"\251t3M\372m\2048t\251#\023\325\332\0075b\024G\210B"
 5297      FA6D8438 
 5297      74A92313 
 5297      D5DA0735 
 5297      62144788 
 5298 00bd B695555A 		.ascii	"\266\225UZG>\201\324\021Sm\0331\351\025}\271\367r-\""
 5298      473E81D4 
 5298      11536D1B 
 5298      31E9157D 
 5298      B9F7722D 
 5299 00d2 229D019C 		.ascii	"\"\235\001\234\231\227\314\354c\356\223L&\362\251\217"
 5299      9997CCEC 
 5299      63EE934C 
 5299      26F2A98F 
 5300 00e2 67F6DE7B 		.ascii	"g\366\336{\273\215\007\236?\036\007U\246l!\037y\223"
 5300      BB8D079E 
 5300      3F1E0755 
 5300      A66C211F 
 5300      7993
 5301 00f4 2390AF5B 		.ascii	"#\220\257[\3238\011T\333\310o\371\342a\344.2\177\352"
 5301      D3380954 
 5301      DBC86FF9 
 5301      E261E42E 
 5301      327FEA
 5302 0107 2FE1CA37 		.ascii	"/\341\3127[\331f+\327l\345\324VFm\345\323\254l\332\312"
 5302      5BD9662B 
 5302      D76CE5D4 
 5302      56466DE5 
ARM GAS  C:\Users\nicx5\AppData\Local\Temp\cc9k9ag2.s 			page 158


 5302      D3AC6CDA 
 5303 011c D6566E5B 		.ascii	"\326Vn[\271\332\312\037\200R\205\265\324\222u/\2124"
 5303      B9DACA1F 
 5303      805285B5 
 5303      D492752F 
 5303      8A34
 5304 012e B3DB65EA 		.ascii	"\263\333e\352`\361\343\317\374\303G\362-'d\206\371\010"
 5304      60F1E3CF 
 5304      FCC347F2 
 5304      2D276486 
 5304      F908
 5305 0140 24094A61 		.ascii	"$\011Ja`\004\027\214 \367z)\270\311;i\016l\246V\346"
 5305      6004178C 
 5305      20F77A29 
 5305      B8C93B69 
 5305      0E6CA656 
 5306 0155 225ECB16 		.ascii	"\"^\313\026aEFXh\033\225O\323\231\345\023j\343g\243"
 5306      61454658 
 5306      681B954F 
 5306      D399E513 
 5306      6AE367A3 
 5307 0169 E71952EC 		.ascii	"\347\031R\354f^.\210N\222\253\234V(\024\016\214\357"
 5307      665E2E88 
 5307      4E92AB9C 
 5307      5628140E 
 5307      8CEF
 5308 017b 230055D6 		.ascii	"#\000U\326H\037)YNdf\033\377\266rZ\241u{\317iv\004."
 5308      481F2959 
 5308      4E64661B 
 5308      FFB6725A 
 5308      A1757BCF 
 5309 0193 DB668BEC 		.ascii	"\333f\213\354\030\242\005\265\220\231y\277\001L\357"
 5309      18A205B5 
 5309      909979BF 
 5309      014CEF
 5310 01a2 7D6AE12F 		.ascii	"}j\341/1|H\243n\362}\032W<\352 et\2170\345\2255\273"
 5310      317C48A3 
 5310      6EF27D1A 
 5310      573CEA20 
 5310      65748F30 
 5311 01ba F71E7876 		.ascii	"\367\036xv_I\265%T\321\272\017\024k\027\215)\357;\337"
 5311      5F49B525 
 5311      54D1BA0F 
 5311      146B178D 
 5311      29EF3BDF 
 5312 01ce B54F7442 		.ascii	"\265OtB\330B\356\224b<;=\274\033\223]pX6d`\260\333\345"
 5312      D842EE94 
 5312      623C3B3D 
 5312      BC1B935D 
 5312      70583664 
 5313 01e6 0AFC6068 		.ascii	"\012\374`h,X\276\311i\360\365\330\344\344pX\331\351"
 5313      2C58BEC9 
 5313      69F0F5D8 
 5313      E4E47058 
 5313      D9E9
 5314 01f8 F0F87437 		.ascii	"\360\370t7=\032\235\215\014\204\030\233\337\317%F\347"
 5314      3D1A9D8D 
ARM GAS  C:\Users\nicx5\AppData\Local\Temp\cc9k9ag2.s 			page 159


 5314      0C84189B 
 5314      DFCF2546 
 5314      E7
 5315 0209 EBE180E8 		.ascii	"\353\341\200\350\320\223\300\302?\036LL\315\312\216"
 5315      D093C0C2 
 5315      3F1E4C4C 
 5315      CDCA8E
 5316 0218 42059A1A 		.ascii	"B\005\232\032\237\207\036\357B\215\203\011\002\2309"
 5316      9F871EEF 
 5316      428D8309 
 5316      029839
 5317 0227 79DF454E 		.ascii	"y\337EN\011\241\"\013\345\007\317#\037\200l\210\210"
 5317      09A1220B 
 5317      E507CF23 
 5317      1F806C88 
 5317      88
 5318 0238 B41F3C6F 		.ascii	"\264\037<om\304\314\267\346\227\240\036F\325~\\X\227"
 5318      6DC4CCB7 
 5318      E697A01E 
 5318      46D57E5C 
 5318      5897
 5319 024a 58FAAD24 		.ascii	"X\372\255$\022H\266\253\234\266>\307\250~\374\352\265"
 5319      1248B6AB 
 5319      9CB63EC7 
 5319      A87EFCEA 
 5319      B5
 5320 025b B635FA62 		.ascii	"\2665\372b\310$\304\252\005G\250A,\306\031QH&\030\011"
 5320      C824C4AA 
 5320      0547A841 
 5320      2CC61951 
 5320      48261809 
 5321 026f 446414C4 		.ascii	"Dd\024\304\031\003\220\002\031*+\017\021\220\255r\224"
 5321      19039002 
 5321      192A2B0F 
 5321      1190AD72 
 5321      94
 5322 0280 68B37130 		.ascii	"h\263q02\011\314\361v-u\314\246\014\251\0143z5\032\350"
 5322      3209CCF1 
 5322      762D75CC 
 5322      A60CA90C 
 5322      337A351A 
 5323 0295 83D1271C 		.ascii	"\203\321'\034\025\2556\012Uu'\021\333b\015\252\375\200"
 5323      15AD360A 
 5323      55752711 
 5323      DB620DAA 
 5323      FD80
 5324 02a7 D2184D10 		.ascii	"\322\030M\020\376\361\315\220\366d\357q\201\234\370"
 5324      FEF1CD90 
 5324      F664EF71 
 5324      819CF8
 5325 02b6 4AE9D691 		.ascii	"J\351\326\221p\320\020v_\030{\340\316\251\207\305P="
 5325      70D01076 
 5325      5F187BE0 
 5325      CEA987C5 
 5325      503D
 5326 02c8 0CC30D70 		.ascii	"\014\303\015pAM\333Rd\032\313\260N\360\200I\344PHZ\265"
 5326      414DDB52 
ARM GAS  C:\Users\nicx5\AppData\Local\Temp\cc9k9ag2.s 			page 160


 5326      641ACBB0 
 5326      4EF08049 
 5326      E450485A 
 5327 02dd A216BFE2 		.ascii	"\242\026\277\342T\360yiP\253\203\322\000m@\036\036\316"
 5327      54F07969 
 5327      50AB83D2 
 5327      006D401E 
 5327      1ECE
 5328 02ef FFE084F3 		.ascii	"\377\340\204\363\332\276\241\217\\\300\260S\017\277"
 5328      DABEA18F 
 5328      5CC0B053 
 5328      0FBF
 5329 02fd D34DCC14 		.ascii	"\323M\314\024"
 5330              		.text
 5331              		.section	.gnu.lto_USB_SetDevSpeed.343.1f2fd384,"e",%progbits
 5332 0000 28B52FFD 		.ascii	"(\265/\375`[\0015\017\000\246\234hG\360\222(\0358&."
 5332      605B0135 
 5332      0F00A69C 
 5332      6847F092 
 5332      281D3826 
 5333 0015 DF31B09A 		.ascii	"\3371\260\232\347\3555,T\023\221Q\320\201\032\241o\323"
 5333      E7ED352C 
 5333      54139151 
 5333      D0811AA1 
 5333      6FD3
 5334 0027 E1FFEF09 		.ascii	"\341\377\357\011\314\3653m\252\214R\313\203\24796\306"
 5334      CCF5336D 
 5334      AA8C52CB 
 5334      83A73936 
 5334      C6
 5335 0038 C0C33EAF 		.ascii	"\300\303>\257\306\327\327\034.\004\205\004\321\224\205"
 5335      C6D7D71C 
 5335      2E048504 
 5335      D19485
 5336 0047 1C222A66 		.ascii	"\034\"*f{\373\323\320\010!\233\310\235RQ\000O\000R\000"
 5336      7BFBD3D0 
 5336      08219BC8 
 5336      9D525100 
 5336      4F005200 
 5337 005b E14C494A 		.ascii	"\341LIJ\3736N\323zMD\367Y\023\261\0237\273\343\001\253"
 5337      FB364ED3 
 5337      7A4D44F7 
 5337      5913B113 
 5337      37BBE301 
 5338 0070 809F9F0B 		.ascii	"\200\237\237\013\360>\273\003\360>m;\224\240e\227\356"
 5338      F03EBB03 
 5338      F03E6D3B 
 5338      94A06597 
 5338      EE
 5339 0081 0D8D9704 		.ascii	"\015\215\227\004\234\017\232\216\235\335\021\2442w]"
 5339      9C0F9A8E 
 5339      9DDD11A4 
 5339      32775D
 5340 0090 BAFCD7FC 		.ascii	"\272\374\327\374$b4\332\014\346\345\362c\260\273\226"
 5340      246234DA 
 5340      0CE6E5F2 
 5340      63B0BB96 
ARM GAS  C:\Users\nicx5\AppData\Local\Temp\cc9k9ag2.s 			page 161


 5341 00a0 331814B7 		.ascii	"3\030\024\267\336v\001\333-\3732\002\357Vc\354\333~"
 5341      DE7601DB 
 5341      2DFB3202 
 5341      EF5663EC 
 5341      DB7E
 5342 00b2 CFC7FB7B 		.ascii	"\317\307\373{\355\367\246\364\234\322\335\224VOZN\351"
 5342      EDF7A6F4 
 5342      9CD2DD94 
 5342      564F5A4E 
 5342      E9
 5343 00c3 8BE8881D 		.ascii	"\213\350\210\0356*HfvY\344v\026g\362\230\361\361\267"
 5343      362A4866 
 5343      7659E476 
 5343      1667F298 
 5343      F1F1B7
 5344 00d6 FF1A8B84 		.ascii	"\377\032\213\2049J\366\370A\356\213\325\034\034\334"
 5344      394AF6F8 
 5344      41EE8BD5 
 5344      1C1CDC
 5345 00e5 8F20BB23 		.ascii	"\217 \273#\311\247]\300\220\246\244\3626\020\377l\211"
 5345      C9A75DC0 
 5345      90A6A4F2 
 5345      3610FF6C 
 5345      89
 5346 00f6 584D03F8 		.ascii	"XM\003\370\0318\010\300\370LH\247\252S/K\001S\230=\332"
 5346      193808C0 
 5346      F84C48A7 
 5346      AA532F4B 
 5346      0153983D 
 5347 010b E9EC61B7 		.ascii	"\351\354a\267\374\246\002w](\360o\204\340\000\312|\372"
 5347      FCA60277 
 5347      5D28F06F 
 5347      84E000CA 
 5347      7CFA
 5348 011d A2F7A9EA 		.ascii	"\242\367\251\352\261\331(\314W\251\037\331\033\360>"
 5348      B1D928CC 
 5348      57A91FD9 
 5348      1BF03E
 5349 012c BDAA4E6C 		.ascii	"\275\252Nl\005,\347\323\217\377\274d\316\236~\2527\331"
 5349      052CE7D3 
 5349      8FFFBC64 
 5349      CE9E7EAA 
 5349      37D9
 5350 013e 9097C25C 		.ascii	"\220\227\302\\r\253\201[\231\363\370\"5\206\003)&\224"
 5350      72AB815B 
 5350      99F3F822 
 5350      35860329 
 5350      2694
 5351 0150 11CA5321 		.ascii	"\021\312S!\225\332 N\237\244L,L@ \022\205\003X#\023"
 5351      95DA204E 
 5351      9FA44C2C 
 5351      4C402012 
 5351      85035823 
 5352 0165 84CE2B21 		.ascii	"\204\316+!\005\261\003\212\205\345BH\324\342\"\202V"
 5352      05B1038A 
 5352      85E54248 
 5352      D4E22282 
ARM GAS  C:\Users\nicx5\AppData\Local\Temp\cc9k9ag2.s 			page 162


 5352      56
 5353 0176 5626104A 		.ascii	"V&\020J\005\205\204b\261NH q\225\362\200a\325\300\304"
 5353      05858462 
 5353      B14E4820 
 5353      7195F280 
 5353      61D5C0C4 
 5354 018a 2CD58874 		.ascii	",\325\210t\012\211\034<0\235\304\014+U\204\323\202\224"
 5354      0A891C3C 
 5354      309DC40C 
 5354      2B5584D3 
 5354      8294
 5355 019c 00B6C77D 		.ascii	"\000\266\307}\267\032\343\273<\020H\213\227\312\\r\323"
 5355      B71AE3BB 
 5355      3C10488B 
 5355      97CA5C72 
 5355      D3
 5356 01ad 991A1900 		.ascii	"\231\032\031\000\227\012\026\340\225\247\2359G\372\346"
 5356      970A16E0 
 5356      95A79D39 
 5356      47FAE6
 5357 01bc 088BADC5 		.ascii	"\010\213\255\305M!L#X\214\253\330\266\272+\204eSE\340"
 5357      4D214C23 
 5357      588CABD8 
 5357      B6BA2B84 
 5357      655345E0 
 5358 01d0 685951AA 		.ascii	"hYQ\252Qp\027A\265\327B\003\346f\346gM6\342o\023\353"
 5358      51701741 
 5358      B5D74203 
 5358      E666E667 
 5358      4D36E26F 
 5359 01e6 21414848 		.ascii	"!AHH\250\211\257k>\001"
 5359      A889AF6B 
 5359      3E01
 5360              		.text
 5361              		.section	.gnu.lto_USB_GetDevSpeed.344.1f2fd384,"e",%progbits
 5362 0000 28B52FFD 		.ascii	"(\265/\375`t\0025\025\000\306\346\214K\260\022R:Y\311"
 5362      60740235 
 5362      1500C6E6 
 5362      8C4BB012 
 5362      523A59C9 
 5363 0014 51CF583D 		.ascii	"Q\317X=\265y\011.\362q\346\253\370\021\345\027\227/"
 5363      B579092E 
 5363      F271E6AB 
 5363      F811E517 
 5363      972F
 5364 0026 47EDCD49 		.ascii	"G\355\315I\336o\345\373K\245\277f\266\376\220U\244\353"
 5364      DE6FE5FB 
 5364      4BA5BF66 
 5364      B6FE9055 
 5364      A4EB
 5365 0038 2B91F59D 		.ascii	"+\221\365\235p\343\030h\230\271+ \344\205Gn~\025\212"
 5365      70E31868 
 5365      98B92B20 
 5365      E485476E 
 5365      7E158A
 5366 004b BFA8C55B 		.ascii	"\277\250\305[b\212Q\2124B\266\334I\006w\000n\000v\000"
 5366      628A518A 
ARM GAS  C:\Users\nicx5\AppData\Local\Temp\cc9k9ag2.s 			page 163


 5366      3442B6DC 
 5366      49067700 
 5366      6E007600 
 5367 005f 03BAB3A6 		.ascii	"\003\272\263\246\244\272\317\223\2151O\276^R\236\254"
 5367      A4BACF93 
 5367      8D314FBE 
 5367      5E529EAC 
 5368 006f 27509EDC 		.ascii	"'P\236\334\335\215-\340\331\035\267T\013\336\254*(b"
 5368      DD8D2DE0 
 5368      D91DB754 
 5368      0BDEAC2A 
 5368      2862
 5369 0081 0656F709 		.ascii	"\006V\367\011c\244\357^\222\225\351n\357by\320\217\310"
 5369      63A4EF5E 
 5369      9295E96E 
 5369      EF6279D0 
 5369      8FC8
 5370 0093 E707C87B 		.ascii	"\347\007\310{i\2068Y\021\010\247\206H\200\277ZBU\342"
 5370      69863859 
 5370      1108A786 
 5370      4880BF5A 
 5370      4255E2
 5371 00a6 47AD31A0 		.ascii	"G\2551\240\033'H\200=\025\300\225Q\016\021\240\007\312"
 5371      1B274880 
 5371      3D15C095 
 5371      510E11A0 
 5371      07CA
 5372 00b8 24405F7D 		.ascii	"$@_}u\367\241N?\000\177\224\272X\272{\351\017\020\304"
 5372      75F7A14E 
 5372      3F007F94 
 5372      BA58BA7B 
 5372      E90F10C4 
 5373 00cc D7F5DDBD 		.ascii	"\327\365\335\275\355\356\317.\275\005M\267\366\344Q"
 5373      EDEECF2E 
 5373      BD054DB7 
 5373      F6E451
 5374 00db 3EDAD7E6 		.ascii	">\332\327\346\341\356\211_\363\305o\371\246\237\374"
 5374      E1EE895F 
 5374      F3C56FF9 
 5374      A69FFC
 5375 00ea F9AD952E 		.ascii	"\371\255\225.\223ti\245\373\020\026\222Q\014\312Pt\023"
 5375      937469A5 
 5375      FB101692 
 5375      510CCA50 
 5375      7413
 5376 00fc 6D61F591 		.ascii	"ma\365\221\254\221\342\304\377\374\213\347]\236\375"
 5376      AC91E2C4 
 5376      FFFC8BE7 
 5376      5D9EFD
 5377 010b 8B3F1D6A 		.ascii	"\213?\035jEN\256\212#\316k\231\237;\332@\315O6\252\204"
 5377      454EAE8A 
 5377      23CE6B99 
 5377      9F3BDA40 
 5377      CD4F36AA 
 5378 0120 3BE64994 		.ascii	";\346I\224 \231]\242\016m\023\315T\307*\025@\272\317"
 5378      20995DA2 
 5378      0E6D13CD 
ARM GAS  C:\Users\nicx5\AppData\Local\Temp\cc9k9ag2.s 			page 164


 5378      54C72A15 
 5378      40BACF
 5379 0133 0427F7C6 		.ascii	"\004'\367\306<\351!C\351\356\227\316\304\363\246\235"
 5379      3CE92143 
 5379      E9EE97CE 
 5379      C4F3A69D 
 5380 0143 0D9C14A5 		.ascii	"\015\234\024\245t\354\225|\364o\020\035NE$\017K\032"
 5380      74EC957C 
 5380      F46F101D 
 5380      4E45240F 
 5380      4B1A
 5381 0155 A4F1182B 		.ascii	"\244\361\030+x\014Uz\034\3143f\321\356\3461\037\355"
 5381      780C557A 
 5381      1CCC3366 
 5381      D1EEE631 
 5381      1FED
 5382 0167 754A9363 		.ascii	"uJ\223cPV=TkS\214V&\237\370W\357&%\263\031\364\261\357"
 5382      50563D54 
 5382      6B538C56 
 5382      269FF857 
 5382      EF2625B3 
 5383 017f 511BCC6E 		.ascii	"Q\033\314n\022\014\366\306\0169\023\011\247<\311\374"
 5383      120CF6C6 
 5383      0E391309 
 5383      A73CC9FC 
 5384 018f 60482C32 		.ascii	"`H,2\345\013\350\233\224%\237],~B\037\373\366\306c\212"
 5384      E50BE89B 
 5384      94259F5D 
 5384      2C7E421F 
 5384      FBF6C663 
 5385 01a4 D1A9E417 		.ascii	"\321\251\344\027\377\352\321\255%\271d\206\341\243\325"
 5385      FFEAD1AD 
 5385      25B96486 
 5385      E1A3D5
 5386 01b3 63DFA618 		.ascii	"c\337\246\030]\354\0100\264\026\227ZH\216\254`\263i"
 5386      5DEC0830 
 5386      B416975A 
 5386      488EAC60 
 5386      B369
 5387 01c5 A0D9E0DC 		.ascii	"\240\331\340\334\300\344\330^Fv\305\246ba\202\002\231"
 5387      C0E4D85E 
 5387      4676C5A6 
 5387      62618202 
 5387      99
 5388 01d6 0CE580CE 		.ascii	"\014\345\200\316\205\026\241.\015\012\205\034N\255\246"
 5388      8516A12E 
 5388      0D0A851C 
 5388      4EADA6
 5389 01e5 E6424C66 		.ascii	"\346BLf\303!\007\243\301\321`\265\230\226YM\247[\231"
 5389      C32107A3 
 5389      C1D160B5 
 5389      9896594D 
 5389      A75B99
 5390 01f8 C172385B 		.ascii	"\301r8[\016\006\334\213\312\352n.\263\231\230\314\001"
 5390      0E06DC8B 
 5390      CAEA6E2E 
 5390      B39998CC 
ARM GAS  C:\Users\nicx5\AppData\Local\Temp\cc9k9ag2.s 			page 165


 5390      01
 5391 0209 04DA4C2E 		.ascii	"\004\332L.\003\356&a\246\001L\201\335=\373<\334\021"
 5391      03EE2661 
 5391      A6014C81 
 5391      DD3DFB3C 
 5391      DC11
 5392 021b 26A31AE0 		.ascii	"&\243\032\340\273rd\311\210\244\337\225\006\200\224"
 5392      BB7264C9 
 5392      88A4DF95 
 5392      068094
 5393 022a 8474BF2B 		.ascii	"\204t\277++\013\355ne\323GQ\217}6)\212\2522\313\376"
 5393      2B0BED6E 
 5393      65D34751 
 5393      8F7D3629 
 5393      8AAA32CB 
 5394 023f 7C2E2050 		.ascii	"|. P\002A\352\216\036X!\212\202\261^\331v\246G\356\274"
 5394      0241EA8E 
 5394      1E58218A 
 5394      82B15ED9 
 5394      76A647EE 
 5395 0254 845B1D4D 		.ascii	"\204[\035M)\341 \277\366\263&\370\260\310@\355;&\320"
 5395      29E120BF 
 5395      F6B326F8 
 5395      B0C840ED 
 5395      3B26D0
 5396 0267 FC985884 		.ascii	"\374\230X\204\"\257\272\341D\230\314\020q\360\026J\033"
 5396      22AFBAE1 
 5396      4498CC10 
 5396      71F0164A 
 5396      1B
 5397 0278 D35B582E 		.ascii	"\323[X.\221\337\325\302\356\365~\321w\021\372\310f\033"
 5397      91DFD5C2 
 5397      EEF57ED1 
 5397      7711FAC8 
 5397      661B
 5398 028a 08245E33 		.ascii	"\010$^3&\2400L\014\003\305\210\222r\215\204\313\001"
 5398      26A0304C 
 5398      0C03C588 
 5398      92728D84 
 5398      CB01
 5399 029c CFCAE94C 		.ascii	"\317\312\351L\316\004b\011\032\314\222\321\037\233\265"
 5399      CE046209 
 5399      1ACC92D1 
 5399      1F9BB5
 5400 02ab 1C61BB94 		.ascii	"\034a\273\224\036"
 5400      1E
 5401              		.text
 5402              		.section	.gnu.lto_USB_ActivateEndpoint.345.1f2fd384,"e",%progbits
 5403 0000 28B52FFD 		.ascii	"(\265/\375`A\007\365'\000:I\260\017Ep\336M:\201\226"
 5403      604107F5 
 5403      27003A49 
 5403      B00F4570 
 5403      DE4D3A81 
 5404 0015 54B121C7 		.ascii	"T\261!\307\217\217\260\\\301\3324\266\241\306\324\374"
 5404      8F8FB05C 
 5404      C1DA34B6 
 5404      A1C6D4FC 
ARM GAS  C:\Users\nicx5\AppData\Local\Temp\cc9k9ag2.s 			page 166


 5405 0025 D3A191C4 		.ascii	"\323\241\221\304\001:\351|\334\207Zn\027P\261\372\004"
 5405      013AE97C 
 5405      DC875A6E 
 5405      1750B1FA 
 5405      04
 5406 0036 DAD585C9 		.ascii	"\332\325\205\311\207;\000\245/\353\354\036\273\365O"
 5406      873B00A5 
 5406      2FEBEC1E 
 5406      BBF54F
 5407 0045 8B19E5AF 		.ascii	"\213\031\345\257\370\275\365\277\265d\023\222\244\224"
 5407      F8BDF5BF 
 5407      B5641392 
 5407      A494
 5408 0053 01E400D1 		.ascii	"\001\344\000\321\000\350\000\275\000h\257\020\355\015"
 5408      00E800BD 
 5408      0068AF10 
 5408      ED0D
 5409 0061 A2BD3ADA 		.ascii	"\242\275:\332\233\243\275g\256\227\322^\363\354-i\357"
 5409      9BA3BD67 
 5409      AE97D25E 
 5409      F3EC2D69 
 5409      EF
 5410 0072 CDDE367B 		.ascii	"\315\3366{\371\302\217\3709+\302\304Vk\222@}j\233if"
 5410      F9C28FF8 
 5410      392BC2C4 
 5410      566B9240 
 5410      7D6A9B69 
 5411 0087 0A2799CF 		.ascii	"\012'\231\317\270ww,wa\264\025\372e9\303QV0\234\347"
 5411      B877772C 
 5411      7761B415 
 5411      FA6539C3 
 5411      5156309C 
 5412 009c 6D08151C 		.ascii	"m\010\025\034iT\273I\034]\233\324\273\265\275\205\345"
 5412      6954BB49 
 5412      1C5D9BD4 
 5412      BBB5BD85 
 5412      E5
 5413 00ad A935E9C4 		.ascii	"\2515\351\304\346\322\310\375\240P\035\231\303\030\026"
 5413      E6D2C8FD 
 5413      A0501D99 
 5413      C31816
 5414 00bc 23C7E62F 		.ascii	"#\307\346/\011U\367.k\341-;\230\213\216\262W\201\024"
 5414      0955F72E 
 5414      6BE12D3B 
 5414      988B8EB2 
 5414      578114
 5415 00cf 8D90A935 		.ascii	"\215\220\2515\371\333\01696{|D\331,\271\210\262\271"
 5415      F9DB0E39 
 5415      367B7C44 
 5415      D92CB988 
 5415      B2B9
 5416 00e1 BB1B14EE 		.ascii	"\273\033\024\356X\256W2Y\206#\336\202\020\021\323\247"
 5416      58AE5732 
 5416      598623DE 
 5416      821011D3 
 5416      A7
 5417 00f2 D624F050 		.ascii	"\326$\360P\230\213Oj\226o\256\345\023\003\377(b\231"
ARM GAS  C:\Users\nicx5\AppData\Local\Temp\cc9k9ag2.s 			page 167


 5417      988B4F6A 
 5417      966FAEE5 
 5417      1303FF28 
 5417      6299
 5418 0104 E3F5C583 		.ascii	"\343\365\305\203OZl\223\010\227C_\306\262Wk\025\372"
 5418      4F5A6C93 
 5418      0897435F 
 5418      C6B2576B 
 5418      15FA
 5419 0116 EAD12F9B 		.ascii	"\352\321/\233\304\330\200\015}u\225GnL\3540\032\267"
 5419      C4D8800D 
 5419      7D759547 
 5419      6E4CEC30 
 5419      1AB7
 5420 0128 8F2F62F7 		.ascii	"\217/b\367\211\241\326\272\355\365\025\2047\307\273"
 5420      89A1D6BA 
 5420      EDF51584 
 5420      37C7BB
 5421 0137 3BDCDDBA 		.ascii	";\334\335\272{F\005]E1\342\211K\245\346\306R\274\304"
 5421      7B46055D 
 5421      4531E289 
 5421      4BA5E6C6 
 5421      52BCC4
 5422 014a DAFEB165 		.ascii	"\332\376\261e\306\242\375 \032\235\036\015hwU0\230~"
 5422      C6A2FD20 
 5422      1A9D1E0D 
 5422      68775530 
 5422      987E
 5423 015c 9299F09C 		.ascii	"\222\231\360\234\344\013w\257\330\013V\256\326\036\023"
 5423      E40B77AF 
 5423      D80B56AE 
 5423      D61E13
 5424 016b 96D3B886 		.ascii	"\226\323\270\206\264\310Aas9\007e\223?uDV\011\236\317"
 5424      B4C84161 
 5424      73390765 
 5424      933F7544 
 5424      56099ECF 
 5425 017f B837EC40 		.ascii	"\2707\354@\013\365\340\237f\0044<q\241\324\242\300\251"
 5425      0BF5E09F 
 5425      6604343C 
 5425      71A1D4A2 
 5425      C0A9
 5426 0191 1D68933C 		.ascii	"\035h\223<\372c\313e\375q\327\354\265`\366Jq\222W\310"
 5426      FA63CB65 
 5426      FD71D7EC 
 5426      B560F64A 
 5426      719257C8 
 5427 01a5 4866097C 		.ascii	"Hf\011|\306\033d.\314P\264\027H{\237h\357\217\366B\240"
 5427      C61B642E 
 5427      CC50B417 
 5427      487B9F68 
 5427      EF8FF642 
 5428 01ba BD4E666F 		.ascii	"\275Nfo\023\355}@{}\264\327\001\355m@{\031\004\365."
 5428      13ED7D40 
 5428      7B7DB4D7 
 5428      01ED6D40 
 5428      7B1904F5 
ARM GAS  C:\Users\nicx5\AppData\Local\Temp\cc9k9ag2.s 			page 168


 5429 01cf A0BD0A68 		.ascii	"\240\275\012h/\023\355M@{{\264\027\001\355=\220\353"
 5429      2F13ED4D 
 5429      407B7BB4 
 5429      1701ED3D 
 5429      90EB
 5430 01e1 5DA2BD4A 		.ascii	"]\242\275Jg\257\001\332[\200\366&\321^\002\264w\000"
 5430      67AF01DA 
 5430      5B80F626 
 5430      D15E02B4 
 5430      7700
 5431 01f3 ED45A2BD 		.ascii	"\355E\242\275G\264\327\210\366\026\231\275\002ho\000"
 5431      47B4D788 
 5431      F61699BD 
 5431      02686F00 
 5432 0203 DA4B447B 		.ascii	"\332KD{y\264w\210\366\356t\001\034|\201\265*]\006\316"
 5432      79B47788 
 5432      F6EE7401 
 5432      1C7C81B5 
 5432      2A5D06CE 
 5433 0217 6D8999F4 		.ascii	"m\211\231\3648@\256\303J\340Ig#\330\200\363N\340\013"
 5433      3840AEC3 
 5433      4AE04967 
 5433      23D880F3 
 5433      4EE00B
 5434 022a BC20FDE8 		.ascii	"\274 \375\350\003\316\203C\022\036\351\254V$KS\2143"
 5434      03CE8343 
 5434      121EE9AC 
 5434      56244B53 
 5434      8C33
 5435 023c 7A801F9D 		.ascii	"z\200\037\235\331\212d_\214`\274nh\321\215\316\353*"
 5435      D98A645F 
 5435      8C60BC6E 
 5435      68D18DCE 
 5435      EB2A
 5436 024e C6115F74 		.ascii	"\306\021_t\335\031#\240a\025\277\301\022\3607!Cb\206"
 5436      DD1923A0 
 5436      6115BFC1 
 5436      12F03721 
 5436      436286
 5437 0261 0CC43E4A 		.ascii	"\014\304>J\364\000\337\225\031\303\210!\230\215\010"
 5437      F400DF95 
 5437      19C38821 
 5437      988D08
 5438 0270 A27F3822 		.ascii	"\242\1778\"\207kx\007\036\2214\324\364l\232. T\312\217"
 5438      876B7807 
 5438      1E9134D4 
 5438      F46C9A2E 
 5438      2054CA8F 
 5439 0284 AD8F0E9D 		.ascii	"\255\217\016\235\317\272\356>t]\032\011FsfE\011\030"
 5439      CFBAEE3E 
 5439      745D1A09 
 5439      46736645 
 5439      0918
 5440 0296 94CDDDA5 		.ascii	"\224\315\335\245\216B\007  \350B\301\353\036t.\212\365"
 5440      8E420720 
 5440      20E842C1 
 5440      EB1E742E 
ARM GAS  C:\Users\nicx5\AppData\Local\Temp\cc9k9ag2.s 			page 169


 5440      8AF5
 5441 02a8 D84785D7 		.ascii	"\330G\205\327\375N\212V\350\344^\306\367\204\275\366"
 5441      FD4E8A56 
 5441      E8E45EC6 
 5441      F784BDF6 
 5442 02b8 9C379FFB 		.ascii	"\2347\237\373Yf\004\243g\366\321\363;9\3058\013\247"
 5442      596604A3 
 5442      67F6D1F3 
 5442      3B39C538 
 5442      0BA7
 5443 02ca 67342ECB 		.ascii	"g4.\313\204\360x\211\362-|\333\030F<\301kV\271Z\227"
 5443      84F07889 
 5443      F22D7CDB 
 5443      18463CC1 
 5443      6B56B95A 
 5444 02df 4C5856BB 		.ascii	"LXV\273\201\202\006e\323\274\016yv\342\376\345\231\250"
 5444      81820665 
 5444      D3BC0E79 
 5444      76E2FEE5 
 5444      99A8
 5445 02f1 B28F06FF 		.ascii	"\262\217\006\377\233\001\034\2522h\260\322\301\260\021"
 5445      9B011CAA 
 5445      3268B0D2 
 5445      C1B011
 5446 0300 63C69539 		.ascii	"c\306\2259\343\252\227\302\225\204\025(\"DE=)mi\250"
 5446      E3AA97C2 
 5446      95841528 
 5446      2244453D 
 5446      296D69A8 
 5447 0314 0A51AE8A 		.ascii	"\012Q\256\212\247\024Z6\254^\274`\021\214\202QC\013"
 5447      A7145A36 
 5447      AC5EBC60 
 5447      118C8251 
 5447      430B
 5448 0326 A822AB0A 		.ascii	"\250\"\253\012h\325!\303\224\325\326\026\205)\240V\326"
 5448      68D521C3 
 5448      94D5D616 
 5448      8529A056 
 5448      D6
 5449 0337 D58D1659 		.ascii	"\325\215\026Y\033$\354\226\014\015S&\202Q\036@T\231"
 5449      1B24EC96 
 5449      0C0D5326 
 5449      82511E40 
 5449      5499
 5450 0349 D0729125 		.ascii	"\320r\221%C\204\011)\016F\273\233\254\\\326\037\271"
 5450      43840929 
 5450      0E46BB9B 
 5450      AC5CD61F 
 5450      B9
 5451 035a 68AE8E92 		.ascii	"h\256\216\222\341\215\013\265\346\347\004\036\256\002"
 5451      E18D0BB5 
 5451      E6E7041E 
 5451      AE02
 5452 0368 1C7E3AF0 		.ascii	"\034~:\360w\007\177\272\316\211\021\014\302\037\374"
 5452      77077FBA 
 5452      CE89110C 
 5452      C21FFC
ARM GAS  C:\Users\nicx5\AppData\Local\Temp\cc9k9ag2.s 			page 170


 5453 0377 7766F382 		.ascii	"wf\363\202\305h\004#\266\261\323!\234'\244\351N\327"
 5453      C5680423 
 5453      B6B1D321 
 5453      9C27A4E9 
 5453      4ED7
 5454 0389 C9E183D5 		.ascii	"\311\341\203\325\364?!33C\016\333\260\357\017\276K\323"
 5454      F43F2133 
 5454      33430EDB 
 5454      B0EF0FBE 
 5454      4BD3
 5455 039b E3FB8823 		.ascii	"\343\373\210#r\210\307\301+\254=\371\223\207\014\375"
 5455      7288C7C1 
 5455      2BAC3DF9 
 5455      93870CFD 
 5456 03ab 981A6EC0 		.ascii	"\230\032n\300i\230\301\033\\\007\367\201\357\330\341"
 5456      6998C11B 
 5456      5C07F781 
 5456      EFD8E1
 5457 03ba BA42E582 		.ascii	"\272B\345\202\262\311\340\027\024|\001\022\323\025$"
 5457      B2C9E017 
 5457      147C0112 
 5457      D31524
 5458 03c9 38931916 		.ascii	"8\223\031\026>\301_\266f\326;\035\037\202+\275\367\263"
 5458      3EC15FB6 
 5458      66D63B1D 
 5458      1F822BBD 
 5458      F7B3
 5459 03db 8CE8C011 		.ascii	"\214\350\300\021|\227V\214[:\217\341\003\337\301I}\311"
 5459      7C97568C 
 5459      5B3A8FE1 
 5459      03DFC149 
 5459      7DC9
 5460 03ed 091BF3A5 		.ascii	"\011\033\363\245\336\246P(\025\270\001\016\023\200\201"
 5460      DEA65028 
 5460      15B8010E 
 5460      138081
 5461 03fc A8412047 		.ascii	"\250A G\225Q\206)\222\231IR*t\240\"\231\252\242\007"
 5461      95518629 
 5461      92994952 
 5461      2A74A022 
 5461      99AAA207 
 5462 0410 1100A155 		.ascii	"\021\000\241U\024\025MA\012m\034 eP\356o6r_\2371E\347"
 5462      14154D41 
 5462      0A6D1C20 
 5462      6550EE6F 
 5462      36725F9F 
 5463 0427 F1654395 		.ascii	"\361eC\2251\220f\261\204C\305\017F\211\360\242c{\010"
 5463      319066B1 
 5463      8443C50F 
 5463      4689F0A2 
 5463      637B08
 5464 043a E32C3585 		.ascii	"\343,5\205u\247\2650\326\004\033\326\240<\330\262\214"
 5464      75A7B530 
 5464      D6041BD6 
 5464      A03CD8B2 
 5464      8C
 5465 044b A28B35B5 		.ascii	"\242\2135\265\300\272\261ol\220q\313\246\204\271,F\001"
ARM GAS  C:\Users\nicx5\AppData\Local\Temp\cc9k9ag2.s 			page 171


 5465      C0BAB16F 
 5465      6C9071CB 
 5465      A684B92C 
 5465      4601
 5466 045d DA0D5F7D 		.ascii	"\332\015_}\024\200o p\200/\241\260\313WV\027C\026|\021"
 5466      14806F20 
 5466      70802FA1 
 5466      B0CB5756 
 5466      1743167C 
 5467 0472 854EAB60 		.ascii	"\205N\253`\334\242\013h\235F\332\260\031\004\230\240"
 5467      DCA20B68 
 5467      9D46DAB0 
 5467      190498A0 
 5468 0482 A1198DC3 		.ascii	"\241\031\215\303\021$\204\335\376\240\025B;\226Y\244"
 5468      112484DD 
 5468      FEA01542 
 5468      3B9659A4 
 5469 0492 CDE05458 		.ascii	"\315\340TXnf|2i\030\021\234\242\354>\020d\016\203\303"
 5469      6E667C32 
 5469      6918119C 
 5469      A2EC3E10 
 5469      640E83C3 
 5470 04a6 450C8C08 		.ascii	"E\014\214\010x\276!\247FC\254\007\345\005\301S2\010"
 5470      78BE21A7 
 5470      4643AC07 
 5470      E505C153 
 5470      3208
 5471 04b8 68E4296E 		.ascii	"h\344)n\251\260\0161\242\360\027\360\341y\2261f\010"
 5471      A9B00E31 
 5471      A2F017F0 
 5471      E1799631 
 5471      6608
 5472 04ca 90788E6A 		.ascii	"\220x\216j\327_\015\223\374H\327 )!\341\341\202\006"
 5472      D75F0D93 
 5472      FC48D720 
 5472      2921E1E1 
 5472      8206
 5473 04dc 67D39074 		.ascii	"g\323\220t\377@Z\023 \254h?sgQ\213\347M\227\010N\334"
 5473      FF405A13 
 5473      20AC683F 
 5473      7367518B 
 5473      E74D9708 
 5474 04f2 E4456A3E 		.ascii	"\344Ej>\321X\273\354\022\252J\022<\257\264\015yi\221"
 5474      D158BBEC 
 5474      12AA4A12 
 5474      3CAFB40D 
 5474      796991
 5475 0505 1EFCFE   		.ascii	"\036\374\376"
 5476              		.text
 5477              		.section	.gnu.lto_USB_ActivateDedicatedEndpoint.346.1f2fd384,"e",%progbits
 5478 0000 28B52FFD 		.ascii	"(\265/\375`\236\007\255)\000\332K@\020Dp\\N:Gl\021;"
 5478      609E07AD 
 5478      2900DA4B 
 5478      40104470 
 5478      5C4E3A47 
 5479 0017 F17B1350 		.ascii	"\361{\023P\222=\177\241F\177r\037^^g\207\353\360\205"
 5479      923D7FA1 
ARM GAS  C:\Users\nicx5\AppData\Local\Temp\cc9k9ag2.s 			page 172


 5479      467F721F 
 5479      5E5E6787 
 5479      EBF085
 5480 002a 5B9D0DB3 		.ascii	"[\235\015\263~\330\232,(\035X\227\223k\3776\314\372"
 5480      7ED89A2C 
 5480      281D5897 
 5480      936BFF36 
 5480      CCFA
 5481 003c E666668F 		.ascii	"\346ff\217Pp`\327\021\\\025\250\364\017R\365\221\021"
 5481      507060D7 
 5481      115C15A8 
 5481      F40F52F5 
 5481      9111
 5482 004e BB094952 		.ascii	"\273\011IR\312\361\000\327\000\362\000\264\367G{O\332"
 5482      CAF100D7 
 5482      00F200B4 
 5482      F7477B4F 
 5482      DA
 5483 005f EBF3F552 		.ascii	"\353\363\365R\332k\322\336\222\366\336\354m\263\227"
 5483      DA6BD2DE 
 5483      92F6DEEC 
 5483      6DB397
 5484 006e 2F1C0D4F 		.ascii	"/\034\015O[\021\342\217Z\217\364\321S\351L3R8\311\334"
 5484      5B11E28F 
 5484      5A8FF4D1 
 5484      53E94C33 
 5484      5238C9DC 
 5485 0082 C6BDAB63 		.ascii	"\306\275\253c\331\013\273-\020\024\236\266\033e\375"
 5485      D90BBB2D 
 5485      10149EB6 
 5485      1B65FD
 5486 0091 C2787754 		.ascii	"\302xwT\246\334\330\313\332M\336\350\312\244\276\216"
 5486      A6DCD8CB 
 5486      DA4DDEE8 
 5486      CAA4BE8E 
 5487 00a1 EECE0A5E 		.ascii	"\356\316\012^\255\311'6w\306\011e\227u6\034\310,0N6"
 5487      ADC92736 
 5487      77C60965 
 5487      9775361C 
 5487      C82C304E 
 5488 00b6 A1D26475 		.ascii	"\241\322du\357r\026\326\242\203\267\344(\203\025\310"
 5488      EF7216D6 
 5488      A283B7E4 
 5488      288315C8 
 5489 00c6 718B5CAD 		.ascii	"q\213\\\255\311\250\345p\262\031\344#\312f\311E\224"
 5489      C9A8E570 
 5489      B219E423 
 5489      CA66C945 
 5489      94
 5490 00d7 CDDDDDAA 		.ascii	"\315\335\335\252\007:6\354U\356JQ\304\335\031\2210z"
 5490      073A36EC 
 5490      55EE4A51 
 5490      C4DD1991 
 5490      307A
 5491 00e9 6A4D0E0F 		.ascii	"jM\016\017\205\303\370w\372\250Y\276\303\226\331\307"
 5491      85C3F877 
 5491      FAA859BE 
ARM GAS  C:\Users\nicx5\AppData\Local\Temp\cc9k9ag2.s 			page 173


 5491      C396D9C7 
 5492 00f9 B1CCDC18 		.ascii	"\261\314\334\030\331\016\376\371.\234KJ\204\230\261"
 5492      D90EFEF9 
 5492      2E9C4B4A 
 5492      8498B1
 5493 0108 AF0CBE09 		.ascii	"\257\014\276\011b\206l\312n\274\244DH\0216\207p\031"
 5493      62866CCA 
 5493      6EBCA444 
 5493      48113687 
 5493      7019
 5494 011a 44265606 		.ascii	"D&V\006k\255@d<\372\245\323\331\232\262 \262cyT\267"
 5494      6BAD4064 
 5494      3CFAA5D3 
 5494      D99AB220 
 5494      B2637954 
 5495 012f A40EBB71 		.ascii	"\244\016\273q\367 3v\373.\324Z\267\307\310\204\360\376"
 5495      F7203376 
 5495      FB2ED45A 
 5495      B7C7C884 
 5495      F0FE
 5496 0141 F0EE1AD9 		.ascii	"\360\356\032\331\335\272\353\003\013q|8\312\330\031"
 5496      DDBAEB03 
 5496      0B717C38 
 5496      CAD819
 5497 0150 DDAFB6CC 		.ascii	"\335\257\266\314]\264_\345&\207G\357\355n\012\376\322"
 5497      5DB45FE5 
 5497      268747EF 
 5497      ED6E0AFE 
 5497      D2
 5498 0161 4FCABB3A 		.ascii	"O\312\273:'\371W\273\\\014\327u\326\312\203\270\374"
 5498      27F957BB 
 5498      5C0CD775 
 5498      D6CA83B8 
 5498      FC
 5499 0172 16F683C5 		.ascii	"\026\366\203\305\011\205\315e\034\224M>V\032\233\034"
 5499      0985CD65 
 5499      1C944D3E 
 5499      561A9B1C 
 5500 0182 E2B98D83 		.ascii	"\342\271\215\203\305\356\263\017N\374\337\220{\305\033"
 5500      C5EEB30F 
 5500      4EFCDF90 
 5500      7BC51B
 5501 0191 972ACEEE 		.ascii	"\227*\316\356M\355>\233\334\321W[.\353\323v\315^\013"
 5501      4DED3E9B 
 5501      DCD1575B 
 5501      2EEBD376 
 5501      CD5E0B
 5502 01a4 666F054E 		.ascii	"fo\005N\362^1\033s\004n\343%\362\026\346\007\264\227"
 5502      F25E311B 
 5502      73046EE3 
 5502      25F216E6 
 5502      07B497
 5503 01b7 8AF64ED1 		.ascii	"\212\366N\321\336\341\257W\212\366F\235\275P\264\367"
 5503      DEE1AF57 
 5503      8AF6469D 
 5503      BD50B4F7 
 5504 01c7 89F63AD1 		.ascii	"\211\366:\321\336\006\264WH{\031\320\336\005\264\267"
ARM GAS  C:\Users\nicx5\AppData\Local\Temp\cc9k9ag2.s 			page 174


 5504      DE06B457 
 5504      487B19D0 
 5504      DE05B4B7 
 5505 01d7 89F63299 		.ascii	"\211\3662\231\275\012ho\002\332\273D{\203\264\027\001"
 5505      BD0A686F 
 5505      02DABB44 
 5505      7B83B417 
 5505      01
 5506 01e8 ED3DF0D3 		.ascii	"\355=\360\323k\200\366*\321\336\002\264\227\000\355"
 5506      6B80F62A 
 5506      D1DE02B4 
 5506      9700ED
 5507 01f7 4DA2BD03 		.ascii	"M\242\275\003~\275\002h/\322\331{D{\215ho\021\355%\242"
 5507      7EBD0268 
 5507      2FD2D97B 
 5507      447B8D68 
 5507      6F11ED25 
 5508 020c BD0168EF 		.ascii	"\275\001h\357\020\355\025\242\275A\264\027h\366\002"
 5508      10ED15A2 
 5508      BD41B417 
 5508      68F602
 5509 021b A0BD40B4 		.ascii	"\240\275@\264\367'J\004^\200\301\360\325\011\330\351"
 5509      F7274A04 
 5509      5E80C1F0 
 5509      D509D8E9 
 5510 022b 32797549 		.ascii	"2yuIh\322\341\010\007\034\351I\367\255!\313\004\234"
 5510      68D2E108 
 5510      071CE949 
 5510      F7AD21CB 
 5510      049C
 5511 023d 5948071C 		.ascii	"YH\007\034hw\324\263p\001g7.\327\206 \367\330\000\345"
 5511      6877D4B3 
 5511      70016737 
 5511      2ED78620 
 5511      F7D800E5 
 5512 0251 5BF8B616 		.ascii	"[\370\266\026\323\271\371\000\"\006e\023\351?\243\037"
 5512      D3B9F900 
 5512      22066513 
 5512      E93FA31F 
 5513 0261 0D116F74 		.ascii	"\015\021otS\354xF\206\213Y\3645C4\036\313\303\265H\364"
 5513      53EC7846 
 5513      868B59F4 
 5513      3543341E 
 5513      CBC3B548 
 5514 0276 A27380FF 		.ascii	"\242s\200\377Nt&\270\241\013=\300\205\362\220\256>t"
 5514      4E7426B8 
 5514      A10B3DC0 
 5514      85F290AE 
 5514      3E74
 5515 0288 1673E4F2 		.ascii	"\026s\344\362$\350@\027:\307\035\271\020A\226\031y\333"
 5515      24E84017 
 5515      3AC71DB9 
 5515      10419619 
 5515      79DB
 5516 029a 50E0832E 		.ascii	"P\340\203.$v\324\003p\340\177h\220{\305\020<\327\005"
 5516      2476D403 
 5516      70E07F68 
ARM GAS  C:\Users\nicx5\AppData\Local\Temp\cc9k9ag2.s 			page 175


 5516      907BC510 
 5516      3CD705
 5517 02ad E0675265 		.ascii	"\340gRe\016\0266\241>,\244?\007:p\015if\034\301gH\374"
 5517      0E1636A1 
 5517      3E2CA43F 
 5517      073A700D 
 5517      69661CC1 
 5518 02c4 DC431A5B 		.ascii	"\334C\032[\321\314\357\303\031d\232\354\234\030\220"
 5518      D1CCEFC3 
 5518      19649AEC 
 5518      9C1890
 5519 02d3 29E5D556 		.ascii	")\345\325VH\317s[W\337\317\377\354\220fF\023\034\267"
 5519      48CF735B 
 5519      57DFCFFF 
 5519      EC906646 
 5519      131CB7
 5520 02e6 75D69A84 		.ascii	"u\326\232\204\270<\306\353\304\014\312\246\357\023\322"
 5520      B83CC6EB 
 5520      C40CCAA6 
 5520      EF13D2
 5521 02f5 D8DA6E5C 		.ascii	"\330\332n\\\363\364LTYH\313\233\304\377\345\371x\026"
 5521      F3F44C54 
 5521      5948CB9B 
 5521      C4FFE5F9 
 5521      7816
 5522 0307 6421BDFA 		.ascii	"d!\275\372\377\265#\025\343\215\233\025\033\2640d\330"
 5522      FFB52315 
 5522      E38D9B15 
 5522      1BB43064 
 5522      D8
 5523 0318 FABDA801 		.ascii	"\372\275\250\001C\006\227)\203\253\027\002\227\003\025"
 5523      43069729 
 5523      83AB1702 
 5523      970315
 5524 0327 27A6ACAC 		.ascii	"'\246\254\254\244\224\3002h\201(7\205\024\212\257\032"
 5524      A494C032 
 5524      68812837 
 5524      85148AAF 
 5524      1A
 5525 0338 5B2E5CAC 		.ascii	"[.\\\254\250\262zA\343k\230\302Kk\270\305\001\003\326"
 5525      A8B27A41 
 5525      E36B98C2 
 5525      4B6BB8C5 
 5525      0103D6
 5526 034b 16181804 		.ascii	"\026\030\030\004\254\341\227\027\227\015\026^\032\034"
 5526      ACE19717 
 5526      970D165E 
 5526      1A1C
 5527 0359 2C588C0C 		.ascii	",X\214\014X%\252\254:|\320*\361\325\302+F\210\022\022"
 5527      5825AAAC 
 5527      3A7CD02A 
 5527      F1D5C22B 
 5527      46881212 
 5528 036d 3618ED6E 		.ascii	"6\030\355n\262rY\237\026FO:H\212G.\325\231\265\037\325"
 5528      B272599F 
 5528      16464F3A 
 5528      488A472E 
ARM GAS  C:\Users\nicx5\AppData\Local\Temp\cc9k9ag2.s 			page 176


 5528      D599B51F 
 5529 0382 F3A61E75 		.ascii	"\363\246\036u\252\373\326\206\206\237:\360\355\250'"
 5529      AAFBD686 
 5529      869F3AF0 
 5529      EDA827
 5530 0391 757EC3C3 		.ascii	"u~\303\303\003\363*\\\252I\035\363+\344\011s\002\"\352"
 5530      03F32A5C 
 5530      AA491DF3 
 5530      2BE40973 
 5530      0222EA
 5531 03a4 E950CC86 		.ascii	"\351P\314\206\211\177:\223v:\035/B\203;\011\037|\203"
 5531      897F3A93 
 5531      763A1D2F 
 5531      42833B09 
 5531      1F7C83
 5532 03b7 371D197C 		.ascii	"7\035\031|\301\205\247\022S\303Wgp\026\003\327\345\356"
 5532      C185A712 
 5532      53C35767 
 5532      701603D7 
 5532      E5EE
 5533 03c9 A8D7F404 		.ascii	"\250\327\364\004_p\216\203\3532\207,3\246a\2467]h\210"
 5533      5F708E83 
 5533      EB32872C 
 5533      33A661A6 
 5533      375D6888 
 5534 03dd 8233FD67 		.ascii	"\2023\375gw\247K\301\217Ve\017\013[\021\015/=\301\201"
 5534      77A74BC1 
 5534      8F56650F 
 5534      0B5B110D 
 5534      2F3DC181 
 5535 03f1 6F75962E 		.ascii	"ou\226.\"\215\2558'\370\010yh{\360\344|W\223c\004L\206"
 5535      228DAD38 
 5535      27F80879 
 5535      687BF0E4 
 5535      7C579363 
 5536 0408 0F1CC17F 		.ascii	"\017\034\301\177y\0368\316\235\206\254\026\224\315\003"
 5536      791E38CE 
 5536      9D86AC16 
 5536      94CD03
 5537 0417 A7A07403 		.ascii	"\247\240t\003H\005\036\200\213\250a0f\015A\2061\221"
 5537      48051E80 
 5537      8BA86130 
 5537      660D4186 
 5537      3191
 5538 0429 D114A654 		.ascii	"\321\024\246T\350\240\"\231\242*\017\021\000)U\026\021"
 5538      E8A02299 
 5538      A22A0F11 
 5538      00295516 
 5538      11
 5539 043a 49524807 		.ascii	"IRH\007\034 \345\243\334X6!_\217\334J\314\177Tj,s\""
 5539      1C20E5A3 
 5539      DC583621 
 5539      5F8FDC4A 
 5539      CC7F546A 
 5540 0451 AEA218E7 		.ascii	"\256\242\030\347\272\221\252N\332\035O\241\275\020\004"
 5540      BA91AA4E 
 5540      DA1D4FA1 
ARM GAS  C:\Users\nicx5\AppData\Local\Temp\cc9k9ag2.s 			page 177


 5540      BD1004
 5541 0460 AFEC0B67 		.ascii	"\257\354\013g\217\210\010\260\001\226\264 \031=\314"
 5541      8F8808B0 
 5541      0196B420 
 5541      193DCC
 5542 046f 589491D5 		.ascii	"X\224\221\325\025\021i\2743]a\022\302\257\321K9\271"
 5542      151169BC 
 5542      335D6112 
 5542      C2AFD14B 
 5542      39B9
 5543 0481 6187C3EC 		.ascii	"a\207\303\354a\014(\337\320\214+\011\233\311\250\343"
 5543      610C28DF 
 5543      D08C2B09 
 5543      9BC9A8E3 
 5544 0491 0CD1B4E4 		.ascii	"\014\321\264\344\302\2605d\034j\215\020\010\0319T6\032"
 5544      C2B03564 
 5544      1C6A8D10 
 5544      08193954 
 5544      361A
 5545 04a3 1D592300 		.ascii	"\035Y#\000u\346\211f\247\235\343%-v\274\242!zlW\355"
 5545      75E68966 
 5545      A79DE325 
 5545      2D76BCA2 
 5545      217A6C57 
 5546 04b8 6978F972 		.ascii	"ix\371r\011d\203\236\241\347\267\242\006=\203bb\362"
 5546      0964839E 
 5546      A1E7B7A2 
 5546      063D8362 
 5546      62F2
 5547 04ca 5D5C7AE4 		.ascii	"]\\z\344\203\245\365]!\023\366\246M\3336\207\230Rh\037"
 5547      83A5F55D 
 5547      2113F6A6 
 5547      4DDB3687 
 5547      9852681F 
 5548 04de F00C2CE2 		.ascii	"\360\014,\342\270\362\034A\330\313%\204\032\231\234"
 5548      B8F21C41 
 5548      D8CB2584 
 5548      1A999C
 5549 04ed 300E24F1 		.ascii	"0\016$\361oM?\021\031e\215\377\216\213\022r\231\312"
 5549      6F4D3F11 
 5549      19658DFF 
 5549      8E8B1272 
 5549      99CA
 5550 04ff 54B0E863 		.ascii	"T\260\350c\334\265\011)|=P[1`M\22233`\021\027AD\373"
 5550      DCB50929 
 5550      7C3D505B 
 5550      31604D92 
 5550      33336011 
 5551 0517 C4FF7AAE 		.ascii	"\304\377z\256\250\334\366B\331\201k\300\210#=C\2111"
 5551      A8DCF642 
 5551      D9816BC0 
 5551      88233D43 
 5551      8931
 5552 0529 E312B9FA 		.ascii	"\343\022\271\372)k\021\246O\036\232\237O\351\002\373"
 5552      296B11A6 
 5552      4F1E9A9F 
 5552      4FE902FB 
ARM GAS  C:\Users\nicx5\AppData\Local\Temp\cc9k9ag2.s 			page 178


 5553 0539 A5A37BF0 		.ascii	"\245\243{\360\373\003"
 5553      FB03
 5554              		.text
 5555              		.section	.gnu.lto_USB_DeactivateEndpoint.347.1f2fd384,"e",%progbits
 5556 0000 28B52FFD 		.ascii	"(\265/\375`f\010u(\000\352E,\017Dp\336M:\353m\327U\262"
 5556      60660875 
 5556      2800EA45 
 5556      2C0F4470 
 5556      DE4D3AEB 
 5557 0018 1276AA07 		.ascii	"\022v\252\007\015`\000\354\333q\301\\\365\216\025\276"
 5557      0D6000EC 
 5557      DB71C15C 
 5557      F58E15BE 
 5558 0028 C5C5E016 		.ascii	"\305\305\340\026\342\234\177\314\323%\334\270\016`5"
 5558      E29C7FCC 
 5558      D325DCB8 
 5558      0E6035
 5559 0037 4D91ECE4 		.ascii	"M\221\354\344\027\254\201\014/\361 \353\305~\337K\371"
 5559      17AC810C 
 5559      2FF120EB 
 5559      C57EDF4B 
 5559      F9
 5560 0048 2B2C4DD8 		.ascii	"+,M\330\243I\333\204H)S\341\000\274\000\344\000m\362"
 5560      A349DB84 
 5560      482953E1 
 5560      00BC00E4 
 5560      006DF2
 5561 005b D9E42F56 		.ascii	"\331\344/VC\241\203D\213\302S\253\221:?\025\216i&\312"
 5561      43A18344 
 5561      8BC253AB 
 5561      913A3F15 
 5561      8E6926CA 
 5562 006f 1E7791CB 		.ascii	"\036w\221\313\377\216\257\226}{\257\301\032\022GY\275"
 5562      FF8EAF96 
 5562      7D7BAFC1 
 5562      1A124759 
 5562      BD
 5563 0080 2CDD1C19 		.ascii	",\335\034\031)8\252h\375G\034\\\227\324N\302\2313CW"
 5563      2938AA68 
 5563      FD471C5C 
 5563      97D44EC2 
 5563      99334357 
 5564 0094 EB716ACD 		.ascii	"\353qj\315\3238\033\244i\265[\216b\221\030\347\232\015"
 5564      D3381BA4 
 5564      69B55B8E 
 5564      629118E7 
 5564      9A0D
 5565 00a6 8C5ACCFF 		.ascii	"\214Z\314\377b\331,;\266MG\351\253?\210idj=:8\207sM"
 5565      62D92C3B 
 5565      B64D47E9 
 5565      AB3F8869 
 5565      646A3D3A 
 5566 00be DF26D135 		.ascii	"\337&\3215\313=\242k\376\177U\204\035\017\353J\306\212"
 5566      CB3DA26B 
 5566      FE7F5584 
 5566      1D0FEB4A 
 5566      C68A
ARM GAS  C:\Users\nicx5\AppData\Local\Temp\cc9k9ag2.s 			page 179


 5567 00d0 5888B9B6 		.ascii	"X\210\271\266!`\374\324z\004\366\223\015[\336\271\243"
 5567      2160FCD4 
 5567      7A04F693 
 5567      0D5BDEB9 
 5567      A3
 5568 00e1 66D91CF6 		.ascii	"f\331\034\366]\037\3046]\312\214<\226w:%\011r\266\273"
 5568      5D1FC436 
 5568      5DCA8C3C 
 5568      96773A25 
 5568      0972B6BB 
 5569 00f5 F2290E90 		.ascii	"\362)\016\220\263\"\323}[\247$A\210\254)d\313\362)\251"
 5569      B322D37D 
 5569      5BA72441 
 5569      88AC2964 
 5569      CBF229A9 
 5570 0109 C4CE9091 		.ascii	"\304\316\220\221\254,\220\026g\3263\216q\227RiqfCFb"
 5570      AC2C9016 
 5570      67D6338E 
 5570      71975269 
 5570      71664346 
 5571 011e 99945462 		.ascii	"\231\224Tbg\337\226{\030\207\314;\253Z\353\271\314\030"
 5571      67DF967B 
 5571      1887CC3B 
 5571      AB5AEBB9 
 5571      CC18
 5572 0130 642FB4FF 		.ascii	"d/\264\377\321\376\327\377\264\012{\334\026\376(\226"
 5572      D1FED7FF 
 5572      B40A7BDC 
 5572      16FE2896 
 5573 0140 4BD759EB 		.ascii	"K\327Y\353\230\204\357\2260\264\025\347\2235\2779\350"
 5573      9884EF96 
 5573      30B415E7 
 5573      9335BF39 
 5573      E8
 5574 0151 9ADB596A 		.ascii	"\232\333YjnL\202\275\310\365\211q\335\201\035\354\336"
 5574      6E4C82BD 
 5574      C8F58971 
 5574      DD811DEC 
 5574      DE
 5575 0162 521C24D6 		.ascii	"R\034$\326\303?@\203$N\345\272\037yp\257}\313\332j\277"
 5575      C33F4083 
 5575      244EE5BA 
 5575      1F7970AF 
 5575      7DCBDA6A 
 5576 0177 C9BFEAF1 		.ascii	"\311\277\352\361\255L>\206\036\377\302\036\367\302u"
 5576      AD4C3E86 
 5576      1EFFC21E 
 5576      F7C275
 5577 0186 DBAD5AE4 		.ascii	"\333\255Z\344>\270m\273@\312\237\242|)\312g@\371?\312"
 5577      3EB86DBB 
 5577      40CA9FA2 
 5577      7C29CA67 
 5577      40F93FCA 
 5578 019a 8FA27C28 		.ascii	"\217\242|(\312\177\242\374\005<\276\002\312Op\362\235"
 5578      CA7FA2FC 
 5578      053CBE02 
 5578      CA4F70F2 
ARM GAS  C:\Users\nicx5\AppData\Local\Temp\cc9k9ag2.s 			page 180


 5578      9D
 5579 01ab 28DF47F9 		.ascii	"(\337G\371\010(\377\000\3457Q>\023\345\033\020\342\027"
 5579      0828FF00 
 5579      E537513E 
 5579      13E51B10 
 5579      E217
 5580 01bd A0FC25CA 		.ascii	"\240\374%\312'@\371\003(_\211\362\223(\037\211\362\217"
 5580      2740F903 
 5580      285F89F2 
 5580      93281F89 
 5580      F28F
 5581 01cf 28DF88F2 		.ascii	"(\337\210\362\213(_\000\217OD\371C'?\000\345\003\240"
 5581      8B285F00 
 5581      8F4F44F9 
 5581      43273F00 
 5581      E503A0
 5582 01e2 FC1EE50B 		.ascii	"\374\036\345\013Q>\217\362O\312\337\355\370\224\362"
 5582      513E8FF2 
 5582      4FCADFED 
 5582      F894F2
 5583 01f1 4DCA2F29 		.ascii	"M\312/)?=\347`(\031\206.\251\225z\307gNR;\370\203\324"
 5583      3F3DE760 
 5583      2819862E 
 5583      A9957AC7 
 5583      674E523B 
 5584 0208 72475DD4 		.ascii	"rG]\324H\275c\373\260r\216\372\247\346\206\344c\324"
 5584      48BD63FB 
 5584      B0728EFA 
 5584      A7E686E4 
 5584      63D4
 5585 021a C95F510F 		.ascii	"\311_Q\017\265Q\357\330\212g\303.\352\235\\\021\215"
 5585      B551EFD8 
 5585      8A67C32E 
 5585      EA9D5C11 
 5585      8D
 5586 022b A8777F54 		.ascii	"\250w\177T@\023\221\021\003]5Q\311\306F\264Mt\373\352"
 5586      40139111 
 5586      035D3551 
 5586      C9C646B4 
 5586      4D74FBEA 
 5587 023f 6C0862DB 		.ascii	"l\010b\333\304\245\020!\203\2569\324<\000\035@@\260"
 5587      C4A51021 
 5587      83AE39D4 
 5587      3C001D40 
 5587      40B0
 5588 0251 01B44946 		.ascii	"\001\264IFL\313c\366\324\224U\250{pBr\274>\003t\262"
 5588      4CCB63F6 
 5588      D49455A8 
 5588      7B704272 
 5588      BC3E0374 
 5589 0266 657A90C7 		.ascii	"ez\220\307Z\317\3465OH\321lX\346l \0154\311w\211\302"
 5589      5ACFE635 
 5589      4F48D16C 
 5589      58E66C20 
 5589      0D34C977 
 5590 027c 0650D96B 		.ascii	"\006P\331koA\255z\337\266\010\371\026\267k\253>\217"
 5590      6F41AD7A 
ARM GAS  C:\Users\nicx5\AppData\Local\Temp\cc9k9ag2.s 			page 181


 5590      DFB608F9 
 5590      16B76BAB 
 5590      3E8F
 5591 028e 583125CE 		.ascii	"X1%\316Z\221H\370\206\361\342\242A\327\334u\00557d\017"
 5591      5A9148F8 
 5591      86F1E2A2 
 5591      41D7DC75 
 5591      05353764 
 5592 02a3 6F36ED35 		.ascii	"o6\3555\252\373\243e\233\301\356.{\211i\276\375Qaw7"
 5592      AAFBA365 
 5592      9BC1EE2E 
 5592      7B8969BE 
 5592      FD516177 
 5593 02b8 13229561 		.ascii	"\023\"\225a\017\257\205\346\312B)K\203\323\275\366\335"
 5593      0FAF85E6 
 5593      CA42294B 
 5593      83D3BDF6 
 5593      DD
 5594 02c9 2ECA5DF5 		.ascii	".\312]\365Fg\214\007\3757\261^\270\227\246\010;\032"
 5594      46678C07 
 5594      FD37B15E 
 5594      B897A608 
 5594      3B1A
 5595 02db B6AEB0B8 		.ascii	"\266\256\260\270x0l\304\230\321e\316\350\342O\350\202"
 5595      78306CC4 
 5595      98D165CE 
 5595      E8E24FE8 
 5595      82
 5596 02ec A0C24450 		.ascii	"\240\302DP(\244b\002\303\332\372P\036\005\325\211/\033"
 5596      28A46202 
 5596      C3DAFA50 
 5596      1E05D589 
 5596      2F1B
 5597 02fe 5C2F5EB0 		.ascii	"\\/^\260\250\022\302\250\361\005D\341\265\005\344\342"
 5597      A812C2A8 
 5597      F10544E1 
 5597      B505E4E2 
 5598 030e 7095C505 		.ascii	"p\225\305\005\0066!\013\370\345\325u\243\205W\006\010"
 5598      0636210B 
 5598      F8E5D575 
 5598      A3855706 
 5598      08
 5599 031f 07938195 		.ascii	"\007\223\201\225E\242J\330\301\303\026\211/\027^2@\220"
 5599      45A24AD8 
 5599      C1C31689 
 5599      2F175E32 
 5599      4090
 5600 0331 A8A001E9 		.ascii	"\250\240\001\351[\326V\013\243g\235#b]\374\2034SxS="
 5600      5BD6560B 
 5600      A3679D23 
 5600      625DFC83 
 5600      34537853 
 5601 0346 465527D5 		.ascii	"FU'\325S\315#\323b\036RM\365\207A\327\375\032\252\031"
 5601      53CD23D3 
 5601      621E524D 
 5601      F58741D7 
 5601      FD1AAA19 
ARM GAS  C:\Users\nicx5\AppData\Local\Temp\cc9k9ag2.s 			page 182


 5602 035a 08FAC1F1 		.ascii	"\010\372\301\361\211j@P\235\240\243\236\032j\357\206"
 5602      896A4050 
 5602      9DA0A39E 
 5602      1A6AEF86 
 5603 036a 2EE8A70E 		.ascii	".\350\247\016 G\014\244\240\367\315.h\"!\030Z\301\026"
 5603      20470CA4 
 5603      A0F7CD2E 
 5603      68222118 
 5603      5AC116
 5604 037d 37BB8DC1 		.ascii	"7\273\215\301OX[\002_;\355\232\015\266/\317\211\240"
 5604      4F585B02 
 5604      5F3BED9A 
 5604      0DB62FCF 
 5604      89A0
 5605 038f 4F9A3DD0 		.ascii	"O\232=\320\010\366\034\220kj=\024\326\3142uS\363\230"
 5605      08F61C90 
 5605      6B6A3D14 
 5605      D6CC3275 
 5605      53F398
 5606 03a2 14CD8674 		.ascii	"\024\315\206tLM\001.Y\306\205\254\311\256\327\306\354"
 5606      4C4D012E 
 5606      59C685AC 
 5606      C9AED7C6 
 5606      EC
 5607 03b3 05037D41 		.ascii	"\005\003}Ak\361\334\331\260\345\202\256i\240-,u\001"
 5607      6BF1DCD9 
 5607      B0E582AE 
 5607      69A02D2C 
 5607      7501
 5608 03c5 2502BD34 		.ascii	"%\002\2754\240\011\354\227\025\366\000\270+\\\206O\022"
 5608      A009EC97 
 5608      15F600B8 
 5608      2B5C864F 
 5608      12
 5609 03d6 09550A80 		.ascii	"\011U\012\200\241\250a<\210\215\241\031\022\231 \205"
 5609      A1A8613C 
 5609      888DA119 
 5609      12992085 
 5610 03e6 A96439C0 		.ascii	"\251d9\300\"\221\252)\017\021\360\244DR\215\311\004"
 5610      2291AA29 
 5610      0F11F0A4 
 5610      44528DC9 
 5610      04
 5611 03f7 499AAD03 		.ascii	"I\232\255\003\034 }F\231\206'\005\364Qa(m\010%\235\244"
 5611      1C207D46 
 5611      99862705 
 5611      F4516128 
 5611      6D08259D 
 5612 040c 12B2CC08 		.ascii	"\022\262\314\010\212\235\314\313\344(o\325:\236`+k\313"
 5612      8A9DCCCB 
 5612      E4286FD5 
 5612      3A9E602B 
 5612      6BCB
 5613 041e 1E83B404 		.ascii	"\036\203\264\004\255Ot\253\354\2059\3476\216\312\257"
 5613      AD4F74AB 
 5613      EC8539E7 
 5613      368ECAAF 
ARM GAS  C:\Users\nicx5\AppData\Local\Temp\cc9k9ag2.s 			page 183


 5614 042e 6C0FB40C 		.ascii	"l\017\264\014<\337\326\301\263.\261G\271ls\373h\231"
 5614      3CDFD6C1 
 5614      B32EB147 
 5614      B96C73FB 
 5614      6899
 5615 0440 2D3610C3 		.ascii	"-6\020\303\331\006\322\004\242\211\236\246\211`y\325"
 5615      D906D204 
 5615      A2899EA6 
 5615      896079D5 
 5616 0450 59146BE4 		.ascii	"Y\024k\344\246u\274\2702\231RL\322\337\275\020c\000"
 5616      A675BCB8 
 5616      3299524C 
 5616      D2DFBD10 
 5616      6300
 5617 0462 BF1B35C6 		.ascii	"\277\0335\306e\236\230c%\202\"\352\005\2007^\243\221"
 5617      659E9863 
 5617      258222EA 
 5617      0580375E 
 5617      A391
 5618 0474 F38D7331 		.ascii	"\363\215s1\333\037\205yc\022\321\0253\307\200\004\325"
 5618      DB1F8579 
 5618      6312D115 
 5618      33C78004 
 5618      D5
 5619 0485 2D9912E7 		.ascii	"-\231\022\347\211\311\014\247\252V1\313\031\310\232"
 5619      89C90CA7 
 5619      AA5631CB 
 5619      19C89A
 5620 0494 70485B43 		.ascii	"pH[C\204\311\313a#\362\250\321%+\020\301\324%\213\032"
 5620      84C9CB61 
 5620      23F2A8D1 
 5620      252B10C1 
 5620      D4258B1A 
 5621 04a8 39618F7E 		.ascii	"9a\217~\343\222A^\030\363.\270(\363\204\004\361\322"
 5621      E392415E 
 5621      18F32EB8 
 5621      28F38404 
 5621      F1D2
 5622 04ba A0807043 		.ascii	"\240\200pC\006\331\250\230G9\216\006\316\236\277S\270"
 5622      06D9A898 
 5622      47398E06 
 5622      CE9EBF53 
 5622      B8
 5623 04cb CC21CB8C 		.ascii	"\314!\313\214O\006\316qV\207\234\373\312\210\006\012"
 5623      4F06CE71 
 5623      56879CFB 
 5623      CA88060A 
 5624 04db 3CE471A9 		.ascii	"<\344q\251M\310,\017^\330D\032%a\246\004\245\300\200"
 5624      4DC82C0F 
 5624      5ED8441A 
 5624      2561A604 
 5624      A5C080
 5625 04ee 20FC5BC8 		.ascii	" \374[\310\367\366\251\250\276\250\304t\022\233b\344"
 5625      F7F6A9A8 
 5625      BEA8C474 
 5625      129B62E4 
 5626 04fe A727DDBE 		.ascii	"\247'\335\276F.\241\252_\211\246\201\032!\257*\007\237"
ARM GAS  C:\Users\nicx5\AppData\Local\Temp\cc9k9ag2.s 			page 184


 5626      462EA1AA 
 5626      5F89A681 
 5626      1A21AF2A 
 5626      079F
 5627 0510 108A2F54 		.ascii	"\020\212/T\334Q\250\001"
 5627      DC51A801 
 5628              		.text
 5629              		.section	.gnu.lto_USB_DeactivateDedicatedEndpoint.348.1f2fd384,"e",%progbits
 5630 0000 28B52FFD 		.ascii	"(\265/\375`\235\007\345&\000JD\350\016Dp\336M:wQ6,\312"
 5630      609D07E5 
 5630      26004A44 
 5630      E80E4470 
 5630      DE4D3A77 
 5631 0018 3960C406 		.ascii	"9`\304\006?\304\217\226\321\270\273\234\340\266d\006"
 5631      3FC48F96 
 5631      D1B8BB9C 
 5631      E0B66406 
 5632 0028 9C90AEEE 		.ascii	"\234\220\256\356\317}xp\273@7\256\003P\277'3\375\354"
 5632      CF7D7870 
 5632      BB4037AE 
 5632      0350BF27 
 5632      33FDEC
 5633 003b 720BF8AD 		.ascii	"r\013\370\255F\277\207ze\230\363\205|\360\203\336\""
 5633      46BF877A 
 5633      6598F385 
 5633      7CF083DE 
 5633      22
 5634 004c 226D1322 		.ascii	"\"m\023\"\245L\001\336\000\267\000\337\000_\012\215"
 5634      A54C01DE 
 5634      00B700DF 
 5634      005F0A8D 
 5635 005c 658DB148 		.ascii	"e\215\261H\2051\265\032\251\013T\337\224g\244lq\327"
 5635      8531B51A 
 5635      A90B54DF 
 5635      9467A46C 
 5635      71D7
 5636 006e B8FCEBF8 		.ascii	"\270\374\353\370nY\270\363|q\214cd\375\262sw\350\246"
 5636      6E59B8F3 
 5636      7C718C63 
 5636      64FDB273 
 5636      77E8A6
 5637 0081 8CCD75FD 		.ascii	"\214\315u\375\3051\256Jj\313\275\321\003d\256\326\242"
 5637      C531AE4A 
 5637      6ACBBDD1 
 5637      0364AED6 
 5637      A2
 5638 0092 6FCBD330 		.ascii	"o\313\3230}j\272\232\210CH\214an\351\003\323\305\374"
 5638      7D6ABA9A 
 5638      8843488C 
 5638      616EE903 
 5638      D3C5FC
 5639 00a5 EF95C5A2 		.ascii	"\357\225\305\242c\263\344 {\365G\260L\231Z\213\014\276"
 5639      63B3E420 
 5639      7BF547B0 
 5639      4C995A8B 
 5639      0CBE
 5640 00b7 C1DCB2B7 		.ascii	"\301\334\262\267LtKr\225\350\226\377\177\005A\307\313"
ARM GAS  C:\Users\nicx5\AppData\Local\Temp\cc9k9ag2.s 			page 185


 5640      4C744B72 
 5640      95E896FF 
 5640      7F0541C7 
 5640      CB
 5641 00c8 BA96A962 		.ascii	"\272\226\251b\026\342\216\240!a\002\325Z\374\365\223"
 5641      16E28EA0 
 5641      216102D5 
 5641      5AFCF593 
 5642 00d8 2DDBD3DC 		.ascii	"-\333\323\334\321\222l.\373\256\217 \240&hi;\3664\245"
 5642      D1926C2E 
 5642      FBAE8F20 
 5642      A0266869 
 5642      3BF634A5 
 5643 00ec 900459DB 		.ascii	"\220\004Y\333\0359\005\007\310\232\220\351\302\255\024"
 5643      1D390507 
 5643      C89A90E9 
 5643      C2AD14
 5644 00fb 922044B6 		.ascii	"\222 D\266\024\262$9%\227\004\217Q\332\031\371\304v"
 5644      14B22439 
 5644      2597048F 
 5644      51DA19F9 
 5644      C476
 5645 010d 54E3A5F1 		.ascii	"T\343\245\361\340&\027\260\035\325\214\322\202$\223"
 5645      E02617B0 
 5645      1DD58CD2 
 5645      822493
 5646 011c 5C123C0B 		.ascii	"\\\022<\013\267\334#\015\310\274\263Pk=\243\245\005"
 5646      B7DC230D 
 5646      C8BCB350 
 5646      6B3DA3A5 
 5646      05
 5647 012d D90FEDFF 		.ascii	"\331\017\355\377\"\377\353\277\033\013\275\305\355\337"
 5647      22FFEBBF 
 5647      1B0BBDC5 
 5647      EDDF
 5648 013b 9F62BB80 		.ascii	"\237b\273\200\231\265\362\210\360\345R\206d\205\371"
 5648      99B5F288 
 5648      F0E55286 
 5648      6485F9
 5649 014a 64CB2F0E 		.ascii	"d\313/\016\272\3456\327\220xl\253\3525n\317\214\353"
 5649      BAE536D7 
 5649      90786CAB 
 5649      EA356ECF 
 5649      8CEB
 5650 015c EEEBAA6E 		.ascii	"\356\353\252n.B:\263\006\336\201\232Bp*\327\275\270"
 5650      2E423AB3 
 5650      06DE819A 
 5650      42702AD7 
 5650      BDB8
 5651 016e 83DBED4B 		.ascii	"\203\333\355K\326\036\376%\177\213\307\327*\371\023"
 5651      D61EFE25 
 5651      7F8BC7D7 
 5651      2AF913
 5652 017d 78FCAC2D 		.ascii	"x\374\254-\356\177K\334\265Z\343\276j\263\354\372(_"
 5652      EE7F4BDC 
 5652      B55AE3BE 
 5652      6AB3ECFA 
ARM GAS  C:\Users\nicx5\AppData\Local\Temp\cc9k9ag2.s 			page 186


 5652      285F
 5653 018f 01E527A0 		.ascii	"\001\345'\240\374)\312Gp\362\017P\276\001\223/E\371"
 5653      FC29CA47 
 5653      70F20F50 
 5653      BE01932F 
 5653      45F9
 5654 01a1 3DCA2F40 		.ascii	"=\312/@\371\004(?\212\362\241(\177\000\345?Q\276\323"
 5654      F904283F 
 5654      8AF2A128 
 5654      7F00E53F 
 5654      51BED3
 5655 01b4 105F00E5 		.ascii	"\020_\000\345\007\240\374&\312g\242\374%\312W\242|\000"
 5655      07A0FC26 
 5655      CA67A2FC 
 5655      25CA57A2 
 5655      7C00
 5656 01c6 273F89F2 		.ascii	"'?\211\362\221L\376\021\345\033Q~\021\345\023Q>\217"
 5656      914CFE11 
 5656      E51B517E 
 5656      11E51351 
 5656      3E8F
 5657 01d8 F28728FF 		.ascii	"\362\207(\377\244|\223\362w;>\245\374\222\362I\312\357"
 5657      A47C93F2 
 5657      773B3EA5 
 5657      FC92F249 
 5657      CAEF
 5658 01ea 92CF2507 		.ascii	"\222\317%\007~\344\332\350R\323\241Rj\244^\352\335\233"
 5658      7EE4DAE8 
 5658      52D3A152 
 5658      6AA45EEA 
 5658      DD9B
 5659 01fc 700DD84A 		.ascii	"p\015\330J\275\233#,\222\324\273T\024@\037\235\005\011"
 5659      BD9B232C 
 5659      92D4BB54 
 5659      14401F9D 
 5659      0509
 5660 020e 6D7512F9 		.ascii	"mu\022\371\366&\2443\333(\272\275\265\006\004\261p\344"
 5660      F626A433 
 5660      DB28BABD 
 5660      B50604B1 
 5660      70E4
 5661 0220 4C889041 		.ascii	"L\210\220A\267D\352\323\250\217\220\252\332\250\313"
 5661      B744EAD3 
 5661      A88F90AA 
 5661      DAA8CB
 5662 022f B320DB9E 		.ascii	"\263 \333\236\2426\014\216\352\012\325\325-\025%\352"
 5662      A2360C8E 
 5662      EA0AD5D5 
 5662      2D1525EA 
 5663 023f A2DEF911 		.ascii	"\242\336\371\021\256\261!j\006C\2421O\311[C\326\241"
 5663      AEB1216A 
 5663      0643A231 
 5663      4FC95B43 
 5663      D6A1
 5664 0251 E6A51992 		.ascii	"\346\245\031\222;\033\315\317\311\242\3611\026k5\373"
 5664      3B1BCDCF 
 5664      C9A2F131 
ARM GAS  C:\Users\nicx5\AppData\Local\Temp\cc9k9ag2.s 			page 187


 5664      166B35FB 
 5665 0261 EC738950 		.ascii	"\354s\211P\015h\306\354\037\215\243\226{\221\302f\020"
 5665      0D68C6EC 
 5665      1F8DA396 
 5665      7B91C266 
 5665      10
 5666 0272 D96E6F41 		.ascii	"\331noA\265z\3416\311\010w\334\265V\237G\354\230\022"
 5666      B57AE136 
 5666      C90877DC 
 5666      B5569F47 
 5666      EC9812
 5667 0285 66AD6D11 		.ascii	"f\255m\021\276b\302\276h\320-w\2555$\032\033\370\262"
 5667      BE62C2BE 
 5667      68D02D77 
 5667      AD35241A 
 5667      1BF8B2
 5668 0298 692F80BA 		.ascii	"i/\200\272T\224\354\262\252\273\311\336 [o\251\350\257"
 5668      5494ECB2 
 5668      AABBC9DE 
 5668      205B6FA9 
 5668      E8AF
 5669 02aa BB7B4990 		.ascii	"\273{I\220\012\260\201\357:\276m\0244\2667\335n\337"
 5669      0AB081EF 
 5669      3ABE6D14 
 5669      34B637DD 
 5669      6EDF
 5670 02bc 05A3DC57 		.ascii	"\005\243\334Wpux0\335\377\023\373\205\333\011\312/\032"
 5670      70757830 
 5670      DDFF13FB 
 5670      85DB09CA 
 5670      2F1A
 5671 02ce BC2E60F8 		.ascii	"\274.`\370:a\330\2101\003\254\234\001\306\227\000\366"
 5671      3A61D888 
 5671      3103AC9C 
 5671      01C69700 
 5671      F6
 5672 02df 40C58906 		.ascii	"@\305\211\006XXVPd\030\274>\220Oa\205B\314\306\327\213"
 5672      58585650 
 5672      6418BC3E 
 5672      904F6185 
 5672      42CCC6D7 
 5673 02f4 172CAEB0 		.ascii	"\027,\256\260`\324\020\373\245\010\363\372}m\270\300"
 5673      60D410FB 
 5673      A508F3FA 
 5673      7D6DB8C0 
 5674 0304 F5454626 		.ascii	"\365EF&\201\353'\026\006v\243EX\206\007'\223\201\201"
 5674      81EB2716 
 5674      0676A345 
 5674      58860727 
 5674      938181
 5675 0317 8BC41516 		.ascii	"\213\304\025\026\007\017^$\304\\\204\311\000ABK\303"
 5675      070F5E24 
 5675      C45C84C9 
 5675      0041424B 
 5675      C3
 5676 0328 D297AC3D 		.ascii	"\322\227\254=,\243\346\235#f-\274\203\270:\247\202\036"
 5676      2CA3E69D 
ARM GAS  C:\Users\nicx5\AppData\Local\Temp\cc9k9ag2.s 			page 188


 5676      23662DBC 
 5676      83B83AA7 
 5676      821E
 5677 033a 94A00DB4 		.ascii	"\224\240\015\264\202\251N\200\264oC\021\364T\027\315"
 5677      82A94E80 
 5677      B46F4311 
 5677      F45417CD 
 5678 034a 09123AD0 		.ascii	"\011\022:\320+g\021\364\221\220\011}\200K\234\335\236"
 5678      2B6711F4 
 5678      9190097D 
 5678      804B9CDD 
 5678      9E
 5679 035b 10A82C8B 		.ascii	"\020\250,\213\010\003\275\226Z7[\325\2758-\005\376X"
 5679      0803BD96 
 5679      5A375BD5 
 5679      BD382D05 
 5679      FE58
 5680 036d 1D974017 		.ascii	"\035\227@\027\350\363L\270\326\207@[\015\211F+f\024"
 5680      E8F34CB8 
 5680      D687405B 
 5680      0D89462B 
 5680      6614
 5681 037f 1F350BD5 		.ascii	"\0375\013\325Q}\276\315AuV\034\224\001\255'k\317\354"
 5681      517DBECD 
 5681      4175561C 
 5681      9401AD27 
 5681      6BCFEC
 5682 0392 530FE8F3 		.ascii	"S\017\350\363M\250\006\304\363\324YqC\264.gLv\355Ff"
 5682      4DA806C4 
 5682      F3D45971 
 5682      43B42E67 
 5682      4C76ED46 
 5683 03a7 B39C3ACB 		.ascii	"\263\234:\313k\355\324\351\360\301\005\335\322\251\267"
 5683      6BEDD4E9 
 5683      F0C105DD 
 5683      D2A9B7
 5684 03b6 02B480A6 		.ascii	"\002\264\200\246\246\016\300\324M\013f\177\315\024\327"
 5684      A60EC0D4 
 5684      4D0B667F 
 5684      CD14D7
 5685 03c5 C6660280 		.ascii	"\306f\002\200\217\250Q8\210\015)34\"\2224\225,\007\320"
 5685      8FA85138 
 5685      880D2933 
 5685      34229234 
 5685      952C07D0 
 5686 03d9 22112AAA 		.ascii	"\"\021*\252\007\021\300(\251\250\"\323\202$\311\326"
 5686      0711C028 
 5686      A9A822D3 
 5686      8224C9D6 
 5687 03e9 011C2075 		.ascii	"\001\034 u\351y)r\255\177+L\221\266'\322\015HR\"k\021"
 5687      E9792972 
 5687      AD7F2B4C 
 5687      91B627D2 
 5687      0D485222 
 5688 03ff 5536F17A 		.ascii	"U6\361z\241\200\177r\351\303\234\210A\332Fp\360\322"
 5688      A1807F72 
 5688      E9C39C88 
ARM GAS  C:\Users\nicx5\AppData\Local\Temp\cc9k9ag2.s 			page 189


 5688      41DA4670 
 5688      F0D2
 5689 0411 73A3034B 		.ascii	"s\243\003K@\334\016\034\352\034\021\255\303_\214\012"
 5689      40DC0E1C 
 5689      EA1C11AD 
 5689      C35F8C0A 
 5690 0421 998559C2 		.ascii	"\231\205Y\302z\256>\377~\344\225z|\273\372C[\256\220"
 5690      7AAE3EFF 
 5690      7EE4957A 
 5690      7CBBFA43 
 5690      5BAE90
 5691 0434 7FF5CF54 		.ascii	"\177\365\317T\264\004H\350G\232\010c\030N\210\3241\032"
 5691      B40448E8 
 5691      479A0863 
 5691      184E88D4 
 5691      311A
 5692 0446 CD7493E5 		.ascii	"\315t\223\345\265V\352a/\304#\036Y\033\002\356\232\232"
 5692      B556EA61 
 5692      2FC4231E 
 5692      591B02EE 
 5692      9A9A
 5693 0458 9C8DB6DF 		.ascii	"\234\215\266\337\205B N\230\016\351Y\332\256z\345\367"
 5693      8542204E 
 5693      980EE959 
 5693      DAAE7AE5 
 5693      F7
 5694 0469 71D6E859 		.ascii	"q\326\350Y\252y4u\256\301DX\243\2130/\201\207\362\224"
 5694      AA793475 
 5694      AEC14458 
 5694      A38B302F 
 5694      8187F294 
 5695 047d 2D5D1D9B 		.ascii	"-]\035\233\304\245\367\220.R\244:\370\263\336\330r\213"
 5695      C4A5F790 
 5695      2E52A43A 
 5695      F8B3DED8 
 5695      728B
 5696 048f 126353CE 		.ascii	"\022cS\316\303\2372\222\217\231\027\035d\0311\211\211"
 5696      C39F3292 
 5696      8F99171D 
 5696      64193189 
 5696      89
 5697 04a0 C7050919 		.ascii	"\307\005\011\031\237\225\201\207u9\233wi \031\014\036"
 5697      9F958187 
 5697      75399B77 
 5697      6920190C 
 5697      1E
 5698 04b1 BE7B1862 		.ascii	"\276{\030b*\341\374\374\211\301!\210\375\222\371w\331"
 5698      2AE1FCFC 
 5698      89C12188 
 5698      FD92F977 
 5698      D9
 5699 04c2 542A3B53 		.ascii	"T*;S\004;\234\000&\362\247\347d\0034.\001V_\335\006"
 5699      043B9C00 
 5699      26F2A7E7 
 5699      6403342E 
 5699      01565FDD 
 5700 04d7 0C6A82BC 		.ascii	"\014j\202\274W\016|\320\026Eeq\035\241\006"
ARM GAS  C:\Users\nicx5\AppData\Local\Temp\cc9k9ag2.s 			page 190


 5700      570E7CD0 
 5700      16456571 
 5700      1DA106
 5701              		.text
 5702              		.section	.gnu.lto_USB_EPStartXfer.349.1f2fd384,"e",%progbits
 5703 0000 28B52FFD 		.ascii	"(\265/\375`\026\035\355h\000:\243\220#G \220\273\031"
 5703      60161DED 
 5703      68003AA3 
 5703      90234720 
 5703      90BB19
 5704 0013 0E5A37C6 		.ascii	"\016Z7\306\234De\241\34519\377\33048l\342\231iI\320"
 5704      9C4465A1 
 5704      E53139FF 
 5704      D834386C 
 5704      E2996949 
 5705 0028 FB44037B 		.ascii	"\373D\003{K\000\344]\300p\361\266aH\2704d*\364K@t5\223"
 5705      4B00E45D 
 5705      C070F1B6 
 5705      6148B834 
 5705      642AF44B 
 5706 0040 F71AF61B 		.ascii	"\367\032\366\0330\021\235\222\333'\266\216\335\270\211"
 5706      30119D92 
 5706      DB27B68E 
 5706      DDB889
 5707 004f D1424D48 		.ascii	"\321BMH\222R\006\026\002\343\001H\002DV\257\"+\213f"
 5707      92520616 
 5707      02E30148 
 5707      024456AF 
 5707      222B8B66 
 5708 0063 5DD1AC2A 		.ascii	"]\321\254*\232\265\253Y\271\2325E\263n5+\212f=Ad5\321"
 5708      9AB5AB59 
 5708      B99A3545 
 5708      B36E352B 
 5708      8A663D41 
 5709 007a AC259A95 		.ascii	"\254%\232\225D\263\216hV\255f56kV\263\212hV\254f\015"
 5709      44B38E68 
 5709      56AD6635 
 5709      366B56B3 
 5709      8A6856AC 
 5710 0090 D1AC57CD 		.ascii	"\321\254W\315\012\242Y\255\232\365C\263zh\326\016\315"
 5710      0AA259AD 
 5710      9AF543B3 
 5710      7A68D60E 
 5710      CD
 5711 00a1 5AD5AC54 		.ascii	"Z\325\254T\315:\325\254REV\016\315\032\325\254P\315"
 5711      CD3AD5AC 
 5711      5245560E 
 5711      CD1AD5AC 
 5711      50CD
 5712 00b3 FAD4AC1B 		.ascii	"\372\324\254\033\232\325\251Y\233\232\225\251Y\213\315"
 5712      9AD5A959 
 5712      9B9A95A9 
 5712      598BCD
 5713 00c2 DA455662 		.ascii	"\332EVb\263\016\233U\330\254\301f=\221\225\211\254\273"
 5713      B30E9B55 
 5713      D8ACC166 
 5713      3D919589 
ARM GAS  C:\Users\nicx5\AppData\Local\Temp\cc9k9ag2.s 			page 191


 5713      ACBB
 5714 00d4 7BEF1394 		.ascii	"{\357\023\224\027\027\003\315y\302\011\244t\"\022\016"
 5714      171703CD 
 5714      79C209A4 
 5714      7422120E 
 5715 00e4 C260F9EC 		.ascii	"\302`\371\354\372YUE\323\335\333>\373G\233\272\322\370"
 5715      FA595545 
 5715      D3DDDB3E 
 5715      FB479BBA 
 5715      D2F8
 5716 00f6 A9DBE31B 		.ascii	"\251\333\343\0331U>e\301\323\317F\362\333 \0030\275"
 5716      31553E65 
 5716      C1D3CF46 
 5716      F2DB2003 
 5716      30BD
 5717 0108 C2AEA5D8 		.ascii	"\302\256\245\330\346\355\036\264\3253\343\363\355\274"
 5717      E6ED1EB4 
 5717      D533E3F3 
 5717      EDBC
 5718 0116 20447E1C 		.ascii	" D~\034D:O\274\256\025\252Y\2570\212\273\216bA^\274"
 5718      443A4FBC 
 5718      AE15AA59 
 5718      AF308ABB 
 5718      8E62415E 
 5719 012b B3359E68 		.ascii	"\2635\236h\222\227\260\304 vf\227\240\361L\223<\241"
 5719      9297B0C4 
 5719      20766697 
 5719      A0F14C93 
 5719      3CA1
 5720 013d 4AAF90AB 		.ascii	"J\257\220\253O\214Yu\361\254\007h\233\347\213J\235g"
 5720      4F8C5975 
 5720      F1AC0768 
 5720      9BE78B4A 
 5720      9D67
 5721 014f A54981CE 		.ascii	"\245I\201\316\023o\205\376\350\025\032\267j\270\302"
 5721      136F85FE 
 5721      E8151AB7 
 5721      6AB8C2
 5722 015e E04E0D57 		.ascii	"\340N\015W\250\252\352\002\006\232\246\375\014t\347"
 5722      A8AAEA02 
 5722      069AA6FD 
 5722      0C74E7
 5723 016d 68C44F8E 		.ascii	"h\304O\216\015 J\347\211\347u;\233\266\\)\266P\2340"
 5723      0D204AE7 
 5723      89E7753B 
 5723      9BB65C29 
 5723      B6509C30 
 5724 0181 5182C408 		.ascii	"Q\202\304\010-c\226\010\254\020W \254>x\350PE5%\305"
 5724      2D639608 
 5724      AC105720 
 5724      AC3E78E8 
 5724      50453525 
 5725 0196 210AEA69 		.ascii	"!\012\352i\203S\023S\261\211Ca\360\234\246\273g\224"
 5725      83531353 
 5725      B1894361 
 5725      F09CA6BB 
 5725      6794
ARM GAS  C:\Users\nicx5\AppData\Local\Temp\cc9k9ag2.s 			page 192


 5726 01a8 25B06173 		.ascii	"%\260as\023\263\\)\266TX\024)\220\300'T\030\201M\210"
 5726      13B35C29 
 5726      B6545814 
 5726      2990C027 
 5726      5418814D 
 5727 01bd B0258253 		.ascii	"\260%\202SmBX\244b\221\006n\266\256-\004&!\002 \036"
 5727      6D4258A4 
 5727      6291066E 
 5727      B6AE2D04 
 5727      26210220 
 5728 01d2 A145BC61 		.ascii	"\241E\274a\374\343\207\263@X\021\314\305b\352\341\020"
 5728      FCE387B3 
 5728      405811CC 
 5728      C562EAE1 
 5728      10
 5729 01e3 1FE4E12B 		.ascii	"\037\344\341+\020Vx\366\303\335\035\366\320\241\320"
 5729      105678F6 
 5729      C3DD1DF6 
 5729      D0A1D0
 5730 01f2 055CC5D7 		.ascii	"\005\\\305\327\206A]\233\005LUh\247\244*X\016sK\216"
 5730      86415D9B 
 5730      054C5568 
 5730      A7A42A58 
 5730      0E734B8E 
 5731 0206 AAA00E43 		.ascii	"\252\240\016C\301\331'8Ac]\233\034o\260#\001;5\275\251"
 5731      C1D92738 
 5731      41635D9B 
 5731      1C6FB023 
 5731      013B35BD 
 5732 021b 6B8B63A6 		.ascii	"k\213c\246\"\361\306\237\325\232\243\306\315\266\326"
 5732      22F1C69F 
 5732      D59AA3C6 
 5732      CDB6D6
 5733 022a 1C35704B 		.ascii	"\0345pK\204S\3620h\344kk\223d\341\316Q\363f\203OnkA"
 5733      8453F230 
 5733      68E46B6B 
 5733      9364E1CE 
 5733      51F36683 
 5734 0242 E3799E4D 		.ascii	"\343y\236Mnj\374 \227\034\013o\313\327\346A\260*\321"
 5734      6E6AFC20 
 5734      971C0B6F 
 5734      CBD7E641 
 5734      B02AD1
 5735 0255 048EF6CF 		.ascii	"\004\216\366\317r\0317$3\361\306y\236\312lnjV\273V\225"
 5735      72193724 
 5735      33F1C679 
 5735      9ECA6C6E 
 5735      6A56BB56 
 5736 026a 0BA96A19 		.ascii	"\013\251j\031U\020t\002\033\024A\005\"r\372\006\270"
 5736      55107402 
 5736      1B144105 
 5736      2272FA06 
 5736      B8
 5737 027b 444E764D 		.ascii	"DNvM\207\214'\323\233\336X`\272\327\222\231GW|!\257"
 5737      878C27D3 
 5737      9BDE5860 
 5737      BAD79299 
ARM GAS  C:\Users\nicx5\AppData\Local\Temp\cc9k9ag2.s 			page 193


 5737      47577C21 
 5738 0290 3ACBF6F7 		.ascii	":\313\366\367t\302\011\014\334\255a\277\370\"\035%\034"
 5738      74C2090C 
 5738      DCAD61BF 
 5738      F8221D25 
 5738      1C
 5739 02a1 92C8A250 		.ascii	"\222\310\242P\244\317SN\014\335\023\256\034\2412\\a"
 5739      A4CF534E 
 5739      0CDD13AE 
 5739      1CA1325C 
 5739      61
 5740 02b2 BFC8CC3B 		.ascii	"\277\310\314;R\207'~\245\316\335\032\012?\334\270oR"
 5740      5287277E 
 5740      A5CEDD1A 
 5740      0A3FDCB8 
 5740      6F52
 5741 02c4 CEB85BC3 		.ascii	"\316\270[\303\225{\360B\300d\035\362H\305r\310\002E"
 5741      957BF042 
 5741      C0641DF2 
 5741      48C572C8 
 5741      0245
 5742 02d6 612D4D06 		.ascii	"a-M\006\301\317i\331\360\337<$+\250\354\277Z2\305\016"
 5742      C1CF69D9 
 5742      F0DF3C24 
 5742      2BA8ECBF 
 5742      5A32C50E 
 5743 02ea D1D90BD8 		.ascii	"\321\331\013\330\344\020\375s\272gC\276\213=}j|IU\223"
 5743      E410FD73 
 5743      BA6743BE 
 5743      8B3D7D6A 
 5743      7C495593 
 5744 02fe EC087CAB 		.ascii	"\354\010|\253%s\015Q\3722\364\210\357\224\373\362Y\343"
 5744      25730D51 
 5744      FA32F488 
 5744      EF94FBF2 
 5744      59E3
 5745 0310 F12BA74A 		.ascii	"\361+\247J\266!\234\305\320\005\204\246\247\244\317"
 5745      B6219CC5 
 5745      D00584A6 
 5745      A7A4CF
 5746 031f F35C3B5D 		.ascii	"\363\\;]\206+\334\367X2\373\370\316\270\257\2375\036"
 5746      862BDCF7 
 5746      5832FBF8 
 5746      CEB8AF9F 
 5746      351E
 5747 0331 3950D7CD 		.ascii	"9P\327\3157\356\337S^:\036\251_\206\232|'\007*\236\030"
 5747      37EEDF53 
 5747      5E3A1EA9 
 5747      5F869A7C 
 5747      27072A9E 
 5748 0346 FE9CEE03 		.ascii	"\376\234\356\003\003\003\003\365KU\275=\213\267\273"
 5748      030303F5 
 5748      4B55BD3D 
 5748      8BB7BB
 5749 0355 73CB6775 		.ascii	"s\313gu\345\226\271\273\022\254\237\325\215\333<\273"
 5749      E596B9BB 
 5749      12AC9FD5 
ARM GAS  C:\Users\nicx5\AppData\Local\Temp\cc9k9ag2.s 			page 194


 5749      8DDB3CBB 
 5750 0365 EB06CD19 		.ascii	"\353\006\315\0313e\330\310\214Q2\261nrM\015\351\304"
 5750      3365D8C8 
 5750      8C5132B1 
 5750      6E724D0D 
 5750      E9C4
 5751 0377 AC2BA659 		.ascii	"\254+\246Y\367l\326\264f\015\323\254h\315\012\246Y\277"
 5751      F76CD6B4 
 5751      660DD3AC 
 5751      68CD0AA6 
 5751      59BF
 5752 0389 34AB9766 		.ascii	"4\253\227f\355\322\254\\\232\365\254Y\2674\253Y\263"
 5752      EDD2AC5C 
 5752      9AF5AC59 
 5752      B734AB59 
 5752      B3
 5753 039a 6A69D6B2 		.ascii	"ji\326\262f\315\322\254X\232\365J\263Zi\326*\315J\245"
 5753      66CDD2AC 
 5753      589AF54A 
 5753      B35A69D6 
 5753      2ACD4AA5 
 5754 03ae 59A734AB 		.ascii	"Y\2474\253\224f}\240Y\2434+\224f}\322\254N\232\265I"
 5754      94667DA0 
 5754      59A3342B 
 5754      94667DD2 
 5754      AC4E9AB5 
 5755 03c3 B33269D6 		.ascii	"\2632i\326%O\254\0164\253\222fm\240Y\3116\2602\320\254"
 5755      254FAC0E 
 5755      34AB9266 
 5755      6DA059C9 
 5755      36B032D0 
 5756 03d8 499C58C7 		.ascii	"I\234X\307\232\025I\263.\320\254G\232\325H\263\026i"
 5756      9A1549B3 
 5756      2ED0AC47 
 5756      9AD548B3 
 5756      1669
 5757 03ea 56059858 		.ascii	"V\005\230X\2114\353\220f\025\322\254\0114\261\2125+"
 5757      8934EB90 
 5757      6615D2AC 
 5757      0934B18A 
 5757      352B
 5758 03fc 024CAC41 		.ascii	"\002L\254A\232\365\200f\005Bd\375\321\254>\232\325\200"
 5758      9AF58066 
 5758      054264FD 
 5758      D1AC3E9A 
 5758      D580
 5759 040e 226B01CD 		.ascii	"\"k\001\315\332\243Yy4+\001\315\272\243Yu\024Y\007h"
 5759      DAA35979 
 5759      342B01CD 
 5759      BAA35975 
 5759      14590768 
 5760 0422 D61CCD8A 		.ascii	"\326\034\315\212\243Yo4\253\000\315j\243\310\032@\263"
 5760      A3596F34 
 5760      AB00CD6A 
 5760      A3C81A40 
 5760      B3
 5761 0433 02D0AC35 		.ascii	"\002\320\2545\232\225F\263\2065\353\214\"\253\214f\215"
ARM GAS  C:\Users\nicx5\AppData\Local\Temp\cc9k9ag2.s 			page 195


 5761      9A9546B3 
 5761      8635EB8C 
 5761      22AB8C66 
 5761      8D
 5762 0444 D1AC309A 		.ascii	"\321\2540\232\365E\263\2025\253\013&\326\257fm\021t"
 5762      F545B382 
 5762      35AB0B26 
 5762      D6AF666D 
 5762      1174
 5763 0456 8EE44CE9 		.ascii	"\216\344L\351\215\011\364\341s\374f\213\304\255\002"
 5763      8D09F4E1 
 5763      73FC668B 
 5763      C4AD02
 5764 0465 2F82C704 		.ascii	"/\202\307\004\005\036\266\034r\"C\376J(\306\270\301"
 5764      051EB61C 
 5764      722243FE 
 5764      4A28C6B8 
 5764      C1
 5765 0476 F1F0B9DF 		.ascii	"\361\360\271\337a\221\300\021\270\220\027\355\224o\310"
 5765      6191C011 
 5765      B89017ED 
 5765      946FC8
 5766 0485 EF6E0D13 		.ascii	"\357n\015\023x\023\235d\015H\275\213}\377\354\212\246"
 5766      78139D64 
 5766      0D48BD8B 
 5766      7DFFEC8A 
 5766      A6
 5767 0496 F2D271B1 		.ascii	"\362\322q\261\206\373\325\273\362\016\336 \014\"\004"
 5767      86FBD5BB 
 5767      F20EDE20 
 5767      0C2204
 5768 04a5 5E3CE041 		.ascii	"^<\340A\230\315n\334\017\270\260\231\224\243c\3244\001"
 5768      98CD6EDC 
 5768      0FB8B099 
 5768      94A363D4 
 5768      3401
 5769 04b7 48C64D07 		.ascii	"H\306M\007 \215\324\370R\035\220g1\322\003\250\221\032"
 5769      208DD4F8 
 5769      521D9067 
 5769      31D203A8 
 5769      911A
 5770 04c9 0DAA7E34 		.ascii	"\015\252~4\312\340\007#:\037\277\300\253\316\032p\037"
 5770      CAE00723 
 5770      3A1FBFC0 
 5770      ABCE1A70 
 5770      1F
 5771 04da 761C19D0 		.ascii	"v\034\031\320\343\005\360x\017\002\316\203\000F\313"
 5771      E305F078 
 5771      0F02CE83 
 5771      0046CB
 5772 04e9 BFBF0906 		.ascii	"\277\277\011\006Q\355\370\234W\307\321\361\035/\256"
 5772      51EDF89C 
 5772      57C7D1F1 
 5772      1D2FAE
 5773 04f8 A1200C25 		.ascii	"\241 \014%\0359>\000\216\347\270q\0347\000\247\0048"
 5773      1D393E00 
 5773      8EE7B871 
ARM GAS  C:\Users\nicx5\AppData\Local\Temp\cc9k9ag2.s 			page 196


 5773      1C3700A7 
 5773      0438
 5774 050a 9D1AE779 		.ascii	"\235\032\347y\332\270\000s\324l\000\360\000j\034\000"
 5774      DAB80073 
 5774      D46C00F0 
 5774      006A1C00 
 5775 051a 1AAF4123 		.ascii	"\032\257A#\221T\330\343\324@\2633\036\366\"!\345\033"
 5775      9154D8E3 
 5775      D440B333 
 5775      1EF62221 
 5775      E51B
 5776 052c 0F966B3B 		.ascii	"\017\226k;\3223^d\306\270\014\030\217\361\3420^\234"
 5776      D2335E64 
 5776      C6B80C18 
 5776      8FF1E230 
 5776      5E9C
 5777 053e 6897AC43 		.ascii	"h\227\254C\322-bRN\222\201\303\326\020\354\313\307."
 5777      D22D6252 
 5777      4E9281C3 
 5777      D610ECCB 
 5777      C72E
 5778 0550 0EF6E25A 		.ascii	"\016\366\342Z\001\354\206\333\244\275\361!e\270B\027"
 5778      01EC86DB 
 5778      A4BDF121 
 5778      65B84217 
 5779 0560 0F5BB6F8 		.ascii	"\017[\266\370W\324\031\367\026\1773)\207\\\264\244J"
 5779      57D419F7 
 5779      167F3329 
 5779      875CB4A4 
 5779      4A
 5780 0571 D30729CA 		.ascii	"\323\007)\312+\2023\257c-\222\003\305uU \374\2266\347"
 5780      2B8233AF 
 5780      632D9203 
 5780      C5755520 
 5780      FC9636E7 
 5781 0585 48589DA2 		.ascii	"HX\235\242\035\333\337\212\263P\361\025]W\321\365M\326"
 5781      1DDBDF8A 
 5781      B350F115 
 5781      5D57D1F5 
 5781      4DD6
 5782 0597 21019FB8 		.ascii	"!\001\237\270\032\005a5e\\\367zT\203\015\015g6\354\334"
 5782      1A056135 
 5782      655CF77A 
 5782      54830D0D 
 5782      6736ECDC 
 5783 05ab 374FACD9 		.ascii	"7O\254\331tJ\321\306\347\271\365\024og\266\354P\224"
 5783      744AD1C6 
 5783      E7B9F514 
 5783      6F67B6EC 
 5783      5094
 5784 05bd 092B0606 		.ascii	"\011+\006\006\2368\0128\036s\302\255I\207\005\310R\237"
 5784      9E380A38 
 5784      1E73C2AD 
 5784      498705C8 
 5784      529F
 5785 05cf 2612D6C4 		.ascii	"&\022\326\304w\220\030'\317L\034k\311<6\227%X\315\213"
 5785      77901827 
ARM GAS  C:\Users\nicx5\AppData\Local\Temp\cc9k9ag2.s 			page 197


 5785      CF4C1C6B 
 5785      C93C3697 
 5785      2558CD8B 
 5786 05e3 C4B55E62 		.ascii	"\304\265^b\304I\034\252\251\204C\302bF\374lK\3461pL"
 5786      C4491CAA 
 5786      A98443C2 
 5786      6246FC6C 
 5786      4BE63170 
 5787 05f8 AB2987C9 		.ascii	"\253)\207\311h)\353V7\006\"\022\361\254\257\236\022"
 5787      6829EB56 
 5787      37062212 
 5787      F1ACAF9E 
 5787      12
 5788 0609 823E4AB8 		.ascii	"\202>J\270\251UCC\254\213\270\014\300d\015!\216u\260"
 5788      A9554343 
 5788      AC8BB80C 
 5788      C0640D21 
 5788      8E75B0
 5789 061c 66120F32 		.ascii	"f\022\0172\360\352!\016\266\006\342\377\325\241\326"
 5789      F0EA210E 
 5789      B606E2FF 
 5789      D5A1D6
 5790 062b 2881F823 		.ascii	"(\201\370#\335Ip\307<\306`%\251\370aRX\013\353\341\037"
 5790      DD4970C7 
 5790      3CC66025 
 5790      A9F86152 
 5790      580BEBE1 
 5791 0640 5EDC53BE 		.ascii	"^\334S\276\375yx\330\222\231\227\250?\027\011\213\270"
 5791      FD7978D8 
 5791      929997A8 
 5791      3F17098B 
 5791      B8
 5792 0651 C6F647A7 		.ascii	"\306\366G\247\310\216\3709\355\360\177\371\366\030\022"
 5792      C88EF839 
 5792      EDF07FF9 
 5792      F61812
 5793 0660 B290CA3A 		.ascii	"\262\220\312:\334\306\222y7E]y}R\030\016\332AX\024\321"
 5793      DCC69279 
 5793      37455D79 
 5793      7D52180E 
 5793      DA415814 
 5794 0675 A97294C2 		.ascii	"\251r\224\302R\275\012\256\321\030\225\245\251\027\306"
 5794      52BD0AAE 
 5794      D11895A5 
 5794      A917C6
 5795 0684 966FA53E 		.ascii	"\226o\245>\005\267hL*\352\034\326\204\205z\324\323\241"
 5795      05B7684C 
 5795      2AEA1CD6 
 5795      84857AD4 
 5795      D3A1
 5796 0696 4AD895FB 		.ascii	"J\330\225\373S%a;\204\340\310AV\244bV\345J\023\241\226"
 5796      5325613B 
 5796      84E0C841 
 5796      56A46256 
 5796      E54A13A1 
 5797 06ab 2A4BB448 		.ascii	"*K\264H\2712TB\205\311\2574a\225\321\344\205\023%-\300"
 5797      B9325442 
ARM GAS  C:\Users\nicx5\AppData\Local\Temp\cc9k9ag2.s 			page 198


 5797      85C9AF34 
 5797      6195D1E4 
 5797      8513252D 
 5798 06c0 C05884E0 		.ascii	"\300X\204\340\222C\010\221\240.a\341@\231\031\331\224"
 5798      92430891 
 5798      A02E61E1 
 5798      409919D9 
 5798      94
 5799 06d1 29505C80 		.ascii	")P\\\200Q\321R\346\265$\213\020/\262\0378z\220q\341"
 5799      51D152E6 
 5799      B5248B10 
 5799      2FB21F38 
 5799      7A9071E1 
 5800 06e5 22A38757 		.ascii	"\"\243\207WY\226&[\242d\321\361B\271X\311\321c\314\005"
 5800      5996265B 
 5800      A264D1F1 
 5800      42B958C9 
 5800      D163CC05 
 5801 06f9 18902142 		.ascii	"\030\220!B\306\312\244d\261Rd\214\306\016*U\305;7x\246"
 5801      C6CAA464 
 5801      B152648C 
 5801      C60E2A55 
 5801      C53B3778 
 5802 070e 0D1B8638 		.ascii	"\015\033\2068\307+\365kR3\310\205F\315\236\371\242y"
 5802      C72BF56B 
 5802      5233C885 
 5802      46CD9EF9 
 5802      A279
 5803 0720 71ADEDCC 		.ascii	"q\255\355\314\244\273\024f\320l\231\257\0313e&-\267"
 5803      A4BB1466 
 5803      D06C99AF 
 5803      19336526 
 5803      2DB7
 5804 0732 3EC776B6 		.ascii	">\307v\266%\363e{q/M\203\217!\343W)\354\316\255\017"
 5804      25F3657B 
 5804      712F4D83 
 5804      8F21E357 
 5804      29ECCEAD 
 5805 0747 C58EF90E 		.ascii	"\305\216\371\016Z\345w\314\211\315'\321\376|(w\355\233"
 5805      5AE577CC 
 5805      89CD27D1 
 5805      FE7C2877 
 5805      ED9B
 5806 0759 DCB57F2F 		.ascii	"\334\265\177/)\207\224tBM\354jgj~}&\220v?\356!_l*/\371"
 5806      29879474 
 5806      424DEC6A 
 5806      676A7E7D 
 5806      2690763F 
 5807 0774 DD69200E 		.ascii	"\335i \016\352\372\224\330'\303=~\007\005>9\036\375"
 5807      EAFA94D8 
 5807      27C33D7E 
 5807      07053E39 
 5807      1EFD
 5808 0786 E848F82D 		.ascii	"\350H\370-G|N\214\245\247}\305x\371\2364\244U\012S\011"
 5808      477C4E8C 
 5808      A5A77DC5 
 5808      78F99E34 
ARM GAS  C:\Users\nicx5\AppData\Local\Temp\cc9k9ag2.s 			page 199


 5808      A4550A53 
 5809 079b ED5F1E66 		.ascii	"\355_\036fiX0G\373\327\232\022\0169\303\356\236\203"
 5809      69583047 
 5809      FBD79A12 
 5809      0E39C3EE 
 5809      9E83
 5810 07ad 398CBD64 		.ascii	"9\214\275d\0152|\001\364\002\010\310\366w\334\363-\367"
 5810      0D327C01 
 5810      F40208C8 
 5810      F677DCF3 
 5810      2DF7
 5811 07bf 92023059 		.ascii	"\222\0020Y\327\345\273\007\2040f\314:\271z\273r"
 5811      D7E5BB07 
 5811      843066CC 
 5811      3AB97ABB 
 5811      72
 5812 07d0 E26C3997 		.ascii	"\342l9\227w\371\327\232$\036d\245=;\227C\331%\345\266"
 5812      77F9D79A 
 5812      241E64A5 
 5812      3D3B9743 
 5812      D925E5B6 
 5813 07e4 DCCACFDE 		.ascii	"\334\312\317\336d\227\224CJ\332r2H}Zf~4\264\334\354"
 5813      64979443 
 5813      4ADA7232 
 5813      487D5A66 
 5813      7E34B4DC 
 5814 07f9 9196BB32 		.ascii	"\221\226\2732\030hd\371\225\227\275H\010\313\263\374"
 5814      186864F9 
 5814      9597BD48 
 5814      08CBB3FC 
 5815 0809 6B8D120E 		.ascii	"k\215\022\016\331\207\345?\303\350J\036$;\243\225\276"
 5815      D987E53F 
 5815      C3E84A1E 
 5815      243BA395 
 5815      BE
 5816 081a A6956341 		.ascii	"\246\225cA\262 \253\212\013T^%\021\025KS~h\206\224?"
 5816      B220AB8A 
 5816      0B545E25 
 5816      11154B53 
 5816      7E688694 
 5817 082f F0297CDC 		.ascii	"\360)|\334(\227r(\300\026\036\370\214%3\257R\224\016"
 5817      28977228 
 5817      C0161EF8 
 5817      8C2533AF 
 5817      52940E
 5818 0842 78052B42 		.ascii	"x\005+B*Dy\230$\021P\216BY_\011\233l\177\307#\231\020"
 5818      2A447998 
 5818      2411508E 
 5818      42595F09 
 5818      9B6C7FC7 
 5819 0859 94D37894 		.ascii	"\224\323x\224HM\320s\247\016\326\023.\341\311\261\260"
 5819      484DD073 
 5819      A70ED613 
 5819      2EE1C9B1 
 5819      B0
 5820 086a 3CBAAB33 		.ascii	"<\272\2533C\244@!\036\3219\021\324\344NHhr\026Kf\336"
 5820      43A44021 
ARM GAS  C:\Users\nicx5\AppData\Local\Temp\cc9k9ag2.s 			page 200


 5820      1ED13911 
 5820      D4E44E48 
 5820      6872164B 
 5821 0880 92C94560 		.ascii	"\222\311E`\261\344L^\\\223v\307\200@\010\203'\315\203"
 5821      B1E44C5E 
 5821      5C9376C7 
 5821      80400883 
 5821      27CD83
 5822 0893 25C3152E 		.ascii	"%\303\025.Qr\007:4p%do\200\254\356\021\035\026\004\230"
 5822      5172073A 
 5822      34702564 
 5822      6F80ACEE 
 5822      111D1604 
 5823 08a8 28CE9516 		.ascii	"(\316\225\026\357\334\031\370~\354\353\346\252i\037"
 5823      EFDC19F8 
 5823      7EECEBE6 
 5823      AA691F
 5824 08b7 E0E065D3 		.ascii	"\340\340e\323\340\011\3675Mr\006~@>eI\3766K\346q\000"
 5824      E009F735 
 5824      4D72067E 
 5824      403E6549 
 5824      FE364BE6 
 5825 08cd D67B9255 		.ascii	"\326{\222U'\310\330\263\226\314\243#= \220\344M\260"
 5825      27C8D8B3 
 5825      96CCA323 
 5825      3D2090E4 
 5825      4DB0
 5826 08df 0B1C09DE 		.ascii	"\013\034\011\336\002tVG\3164\362#y\214\274\306\222\231"
 5826      02745647 
 5826      CE34F223 
 5826      798CBCC6 
 5826      9299
 5827 08f1 178253A8 		.ascii	"\027\202S\250\322x-VIghF$IAI\012\255\001\262\013\"\210"
 5827      D2782D56 
 5827      49676846 
 5827      24494149 
 5827      0AAD01B2 
 5828 0908 436954CB 		.ascii	"CiT\313\033\022\340RY\016I9\311\230\032\221\031\245"
 5828      1B12E052 
 5828      590E4939 
 5828      C9981A91 
 5828      19A5
 5829 091a 46076740 		.ascii	"F\007g@x\203\346\203\270\324\036\371\0162\221X\020N"
 5829      7883E683 
 5829      B8D41EF9 
 5829      0E329158 
 5829      104E
 5830 092c F91C585F 		.ascii	"\371\034X_=YPG\3523[\022^\250\230yy\202\234\231\344"
 5830      3D595047 
 5830      EA335B12 
 5830      5EA89879 
 5830      79829C99 
 5831 0941 77219131 		.ascii	"w!\2211G\373\257>8r\021H>\301\272\257\302\271;2m\342"
 5831      47FBAF3E 
 5831      38721148 
 5831      3EC1BAAF 
 5831      C2B93B32 
ARM GAS  C:\Users\nicx5\AppData\Local\Temp\cc9k9ag2.s 			page 201


 5832 0957 8AD1A45F 		.ascii	"\212\321\244_k\340'\201\216\235h\001\260\020w\323 \034"
 5832      6BE02781 
 5832      8E9D6801 
 5832      B01077D3 
 5832      201C
 5833 0969 69700D79 		.ascii	"ip\015yhPTW\210\376\000\232\30083\305\227M\005\\0\375"
 5833      68505457 
 5833      88FE009A 
 5833      C03833C5 
 5833      974D055C 
 5834 097f 0CBFD340 		.ascii	"\014\277\323@\011\353V#?S\000]\315\007\023n\340\003"
 5834      09EB5623 
 5834      3F53005D 
 5834      CD07136E 
 5834      E003
 5835 0991 02653E7B 		.ascii	"\002e>{n)\035\350=\365\015\220@Z\370\212\366H\261\225"
 5835      6E291DE8 
 5835      3DF50D90 
 5835      405AF88A 
 5835      F648B195 
 5836 09a5 B870BC64 		.ascii	"\270p\274d\244\364\356\217\010\371K4\311mB\265\272b"
 5836      A4F4EE8F 
 5836      08F94B34 
 5836      C96D42B5 
 5836      BA62
 5837 09b7 8F9EC087 		.ascii	"\217\236\300\207\310r|\272\004\202\217=8_;\035\301\015"
 5837      C8727CBA 
 5837      04828F3D 
 5837      385F3B1D 
 5837      C10D
 5838 09c9 CE34F19C 		.ascii	"\3164\361\234\336%\"\312F\230\353\270\034_jP\221\236"
 5838      DE2522CA 
 5838      4698EBB8 
 5838      1C5F6A50 
 5838      919E
 5839 09db 0C7B57F0 		.ascii	"\014{W\360\232\036\375\270\230v\245\355\3120M\322e\355"
 5839      9A1EFDB8 
 5839      9876A5ED 
 5839      CA304DD2 
 5839      65ED
 5840 09ed 10125B14 		.ascii	"\020\022[\024\345\344d\003\022\020\201\372O\223\341"
 5840      E5E46403 
 5840      121081FA 
 5840      4F93E1
 5841 09fc 8AC35B0A 		.ascii	"\212\303[\012FI$\363\035*\027\364\\\212\202K\311\024"
 5841      464924F3 
 5841      1D2A17F4 
 5841      5C8A824B 
 5841      C914
 5842 0a0e 9B171077 		.ascii	"\233\027\020w\227bKz\245\334\036\002\315&\027\251r\351"
 5842      97624B7A 
 5842      A5DC1E02 
 5842      CD2617A9 
 5842      72E9
 5843 0a20 DA16B60F 		.ascii	"\332\026\266\017.\367E\217\333\023\224q\373rdX\350_"
 5843      2EF7458F 
 5843      DB139471 
ARM GAS  C:\Users\nicx5\AppData\Local\Temp\cc9k9ag2.s 			page 202


 5843      FB726458 
 5843      E85F
 5844 0a32 FC863E5C 		.ascii	"\374\206>\\(\246\371B\003\300\312\324\376\304\247\223"
 5844      28A6F942 
 5844      03C0CAD4 
 5844      FEC4A793 
 5845 0a42 06B091D1 		.ascii	"\006\260\221\321\007i\246t\352c9\250\335\366X\0131\341"
 5845      0769A674 
 5845      EA6339A8 
 5845      DDF6580B 
 5845      31E1
 5846 0a54 122D730D 		.ascii	"\022-s\015\325j)\264\257\341\340\3566\217\360\371\342"
 5846      D56A29B4 
 5846      AFE1E0EE 
 5846      368FF0F9 
 5846      E2
 5847 0a65 F08EF228 		.ascii	"\360\216\362(\200\2301\266?w\037\337\317Q1\224\332k"
 5847      809831B6 
 5847      3F771FDF 
 5847      CF513194 
 5847      DA6B
 5848 0a77 2358FD78 		.ascii	"#X\375x\234\335)\347gqJ9G\\l\203\342\262\2013\035GG"
 5848      9CDD29E7 
 5848      67714A39 
 5848      475C6C83 
 5848      E2B28133 
 5849 0a8e 82385141 		.ascii	"\2028QA\026^\201ws\027\355\243\240\271\274\356\201\000"
 5849      165E8177 
 5849      7317EDA3 
 5849      A0B9BCEE 
 5849      8100
 5850 0aa0 FFA76C01 		.ascii	"\377\247l\001M\232\323H\005R\353\203\265a\271\222\333"
 5850      4D9AD348 
 5850      0552EB83 
 5850      B561B992 
 5850      DB
 5851 0ab1 8634ABC1 		.ascii	"\2064\253\301\364t,8\3779A\326\361\214gol\245\237\204"
 5851      F4742C38 
 5851      FF3941D6 
 5851      F18C676F 
 5851      6CA59F84 
 5852 0ac5 C40CBCD7 		.ascii	"\304\014\274\327 \244P\2344[\374\255\251?;\004\027Y"
 5852      20A4509C 
 5852      345BFCAD 
 5852      A93F3B04 
 5852      1759
 5853 0ad7 1CD93F92 		.ascii	"\034\331?\222\004\303\3119F\333\336^z\257k\304\272\036"
 5853      04C3C939 
 5853      46DBDE5E 
 5853      7AAF6BC4 
 5853      BA1E
 5854 0ae9 02AE7065 		.ascii	"\002\256pe\207\371\020i\376\000'\207\373\344-+@\372"
 5854      87F91069 
 5854      FE002787 
 5854      FBE42D2B 
 5854      40FA
 5855 0afb BD71AB65 		.ascii	"\275q\253e\012\330\364\007\230\342\004\323\330\316\336"
ARM GAS  C:\Users\nicx5\AppData\Local\Temp\cc9k9ag2.s 			page 203


 5855      0AD8F407 
 5855      98E204D3 
 5855      D8CEDE
 5856 0b0a 8A2CC616 		.ascii	"\212,\306\026\204\037@E\203r\270\220}\312P\3003\363"
 5856      841F4045 
 5856      8372B890 
 5856      7DCA50C0 
 5856      33F3
 5857 0b1c D093B41E 		.ascii	"\320\223\264\036\335XC%\365\210\236\226Q\371+\370\015"
 5857      DD584325 
 5857      F5889E96 
 5857      51F92BF8 
 5857      0D
 5858 0b2d C5A68733 		.ascii	"\305\246\2073\363\232b\311\204\257\013R\254D\232\353"
 5858      F39A62C9 
 5858      84AF0B52 
 5858      AC449AEB 
 5859 0b3d F928A9B2 		.ascii	"\371(\251\262q\2509\343\010\344f\011tk\0104\311\325"
 5859      71A839E3 
 5859      08E46609 
 5859      746B0834 
 5859      C9D5
 5860 0b4f 5763361B 		.ascii	"Wc6\033=u\203\004\207K\335\273\254mp\013\267lz\236\337"
 5860      3D758304 
 5860      874BDDBB 
 5860      AC6D700B 
 5860      B76C7A9E 
 5861 0b64 CD0B4D6C 		.ascii	"\315\013Ml@/|\370\334\314\217<\317\304\226\314\325\317"
 5861      402F7CF8 
 5861      DCCC8F3C 
 5861      CFC496CC 
 5861      D5CF
 5862 0b76 7724286B 		.ascii	"w$(k\263\214\005\304)vj\235x\314\334\035r\177\361\233"
 5862      B38C05C4 
 5862      29766A9D 
 5862      78CCDC1D 
 5862      727FF19B 
 5863 0b8a 2719C576 		.ascii	"'\031\305v\251\325\015\306\310\222\250\370\006c\314"
 5863      A9D50DC6 
 5863      C892A8F8 
 5863      0663CC
 5864 0b99 59E13475 		.ascii	"Y\3414u5\216$/\205\324\202Z\302\021-\002\011] ^\316"
 5864      358E242F 
 5864      85D4825A 
 5864      C2112D02 
 5864      095D205E 
 5865 0bae 4C1659A0 		.ascii	"L\026Y\240\271\020FG\353v\002T\320\237N\274s\0341\301"
 5865      B9104647 
 5865      EB760254 
 5865      D09F4EBC 
 5865      731C31C1 
 5866 0bc2 555D5257 		.ascii	"U]RW\276\354y\004\251!\301?\002:\343\347\014\017\272"
 5866      BEEC7904 
 5866      A921C13F 
 5866      023AE3E7 
 5866      0C0FBA
 5867 0bd5 C9D931E4 		.ascii	"\311\3311\3442\202C\315\204\262\330t\300\325\364\213"
ARM GAS  C:\Users\nicx5\AppData\Local\Temp\cc9k9ag2.s 			page 204


 5867      328243CD 
 5867      84B2D874 
 5867      C0D5F48B 
 5868 0be5 8EC139E8 		.ascii	"\216\3019\350\036:_k@\332\312\0127\005\356M\003\347"
 5868      1E3A5F6B 
 5868      40DACA0A 
 5868      3705EE4D 
 5868      03E7
 5869 0bf7 AD5907C3 		.ascii	"\255Y\007\303\373\364\204\230J\246\355$\361'\301\200"
 5869      FBF48498 
 5869      4AA6ED24 
 5869      F127C180 
 5870 0c07 341F4850 		.ascii	"4\037HP\341\215\250\266\243\333`r{z\026\035\206\377"
 5870      E18DA8B6 
 5870      A3DB6072 
 5870      7B7A161D 
 5870      86FF
 5871 0c19 AF9530AB 		.ascii	"\257\2250\253\310f;\3127\264-\343\256\203+\015!\322"
 5871      C8663BCA 
 5871      37B42DE3 
 5871      AE832B0D 
 5871      21D2
 5872 0c2b C0FF0C4C 		.ascii	"\300\377\014L-\010M\303jt\304\245\005\326\255\301\325"
 5872      2D084DC3 
 5872      6A74C4A5 
 5872      05D6ADC1 
 5872      D5
 5873 0c3c 557CC36F 		.ascii	"U|\303oRE\354\361\003j\220j\242\205\212\036\241\256"
 5873      5245ECF1 
 5873      036A906A 
 5873      A2858A1E 
 5873      A1AE
 5874 0c4e 60C28EDE 		.ascii	"`\302\216\336\004[\303\325>\3574\362+7\346;\335\327"
 5874      045BC3D5 
 5874      3EEF34F2 
 5874      2B37E63B 
 5874      DDD7
 5875 0c60 71E0949E 		.ascii	"q\340\224\236\212\216\316\002\247}N\244\210`y\347\217"
 5875      8A8ECE02 
 5875      A77D4EA4 
 5875      886079E7 
 5875      8F
 5876 0c71 9E7EB14D 		.ascii	"\236~\261M\270\363\364*3\035\000C1\212\013\307\002B"
 5876      B8F3F42A 
 5876      331D0043 
 5876      318A0BC7 
 5876      0242
 5877 0c83 0F10968E 		.ascii	"\017\020\226\216\354\000\255\001\035\255\364O\324\313"
 5877      EC00AD01 
 5877      1DADF44F 
 5877      D4CB
 5878 0c91 EC2A6824 		.ascii	"\354*h$\240\344K\247\240\354\322\010\017S\344\326\322"
 5878      A0E44BA7 
 5878      A0ECD208 
 5878      0F53E4D6 
 5878      D2
 5879 0ca2 70CC93C9 		.ascii	"p\314\223\311@\261Q\023\373\366\001cf\270[g[\360\234"
ARM GAS  C:\Users\nicx5\AppData\Local\Temp\cc9k9ag2.s 			page 205


 5879      40B15113 
 5879      FBF60163 
 5879      66B85B67 
 5879      5BF09C
 5880 0cb5 6B78D5F4 		.ascii	"kx\325\364q\361\327X\214\275/\"\333\237I\001ON30\315"
 5880      71F1D758 
 5880      8CBD2F22 
 5880      DB9F4901 
 5880      4F4E3330 
 5881 0cca BAEEE5A6 		.ascii	"\272\356\345\246\242\315\372\022M\307O\277\240\312#"
 5881      A2CDFA12 
 5881      4DC74FBF 
 5881      A0CA23
 5882 0cd9 2DB523D1 		.ascii	"-\265#\321\357\314\000\220\317\276^v\265\034\376Lm\036"
 5882      EFCC0090 
 5882      CFBE5E76 
 5882      B51CFE4C 
 5882      6D1E
 5883 0ceb A3982496 		.ascii	"\243\230$\226\321\221\303T3\320\206\350\235k\360\242"
 5883      D191C354 
 5883      33D086E8 
 5883      9D6BF0A2 
 5884 0cfb B0FDFD9A 		.ascii	"\260\375\375\232\244v/\225fP\324\203z\016$\324\220b"
 5884      A4762F95 
 5884      6650D483 
 5884      7A0E24D4 
 5884      9062
 5885 0d0d BFD6A007 		.ascii	"\277\326\240\007In\035q\220B\232\246F\265x\354\360\003"
 5885      496E1D71 
 5885      90429AA6 
 5885      46B578EC 
 5885      F003
 5886 0d1f 46DD5CD9 		.ascii	"F\335\\\331w\246\037\002"
 5886      77A61F02 
 5887              		.text
 5888              		.section	.gnu.lto_USB_EPStopXfer.350.1f2fd384,"e",%progbits
 5889 0000 28B52FFD 		.ascii	"(\265/\375`\000\010=)\000ZG\310\017Fp\\N:\313\345Vf"
 5889      6000083D 
 5889      29005A47 
 5889      C80F4670 
 5889      5C4E3ACB 
 5890 0017 8D58D485 		.ascii	"\215X\324\205\240\260MZ\335\264\332\263i\357}\303'\227"
 5890      A0B04D5A 
 5890      DDB4DAB3 
 5890      69EF7DC3 
 5890      2797
 5891 0029 A25D9A3E 		.ascii	"\242]\232>k\335\200\331\245\270B\004%\246\315\354\277"
 5891      6BDD80D9 
 5891      A5B84204 
 5891      25A6CDEC 
 5891      BF
 5892 003a BFFE2333 		.ascii	"\277\376#3\177\245\326\212\264#\256\257\366=\334\240"
 5892      7FA5D68A 
 5892      B423AEAF 
 5892      F63DDCA0 
 5893 004a A41B5A5B 		.ascii	"\244\033Z[\263\233\020\"w\222\001\353\000\320\000\347"
 5893      B39B1022 
ARM GAS  C:\Users\nicx5\AppData\Local\Temp\cc9k9ag2.s 			page 206


 5893      779201EB 
 5893      00D000E7 
 5894 005a 00546716 		.ascii	"\000Tg\026\353\265q\233\011gO[\014&\025\363\362E\275"
 5894      EBB5719B 
 5894      09674F5B 
 5894      0C2615F3 
 5894      F245BD
 5895 006d 476EBFAD 		.ascii	"Gn\277\255\331\343V\347\336%\324Qf\261\023\002\241j"
 5895      D9E356E7 
 5895      DE25D451 
 5895      66B11302 
 5895      A16A
 5896 007f 258C3378 		.ascii	"%\2143x\307\302\352\250\330\035\025\216Q\325\312\374"
 5896      C7C2EAA8 
 5896      D81D158E 
 5896      51D5CAFC 
 5897 008f 29A722E3 		.ascii	")\247\"\343Ub0\321\275z\352\274\334\2734\300\027vG\203"
 5897      556230D1 
 5897      BD7AEABC 
 5897      DCBB34C0 
 5897      17764783 
 5898 00a3 3F4A8F9E 		.ascii	"?J\217\236/J\217F)\220\301\305\276^\242xu\3303f\307"
 5898      2F4A8F46 
 5898      2990C1C5 
 5898      BE5EA278 
 5898      75D83366 
 5899 00b8 963CF72E 		.ascii	"\226<\367.\207\275\204Q\356u\361@\277 _\217\267\003"
 5899      87BD8451 
 5899      EE75F140 
 5899      BF205F8F 
 5899      B703
 5900 00ca DA143DBB 		.ascii	"\332\024=\273\026\371o\3767\214v\222\210\035g\034\250"
 5900      16F96FFE 
 5900      378C7692 
 5900      881D671C 
 5900      A8
 5901 00db 06F92F2C 		.ascii	"\006\371/,\207\217\0079!\023R}pd?z\003\212\344\360q"
 5901      878F0739 
 5901      2113527D 
 5901      70643F7A 
 5901      038AE4F0 
 5902 00f0 5E8FBA13 		.ascii	"^\217\272\023B\323q\340\233\037\340\204\314\254\332"
 5902      42D371E0 
 5902      9B1FE084 
 5902      CCACDA
 5903 00ff 7B05797A 		.ascii	"{\005yz>\260\022\005\011<\032\317fb!\023VQ\035?O\002"
 5903      3EB01205 
 5903      093C1ACF 
 5903      66622113 
 5903      56511D3F 
 5904 0115 706440CE 		.ascii	"pd@\316$\263\2662\337\021\254\366)4k+;\034\031\217\363"
 5904      24B3B632 
 5904      DF11ACF6 
 5904      29346B2B 
 5904      3B1C198F 
 5905 012a E8CD889C 		.ascii	"\350\315\210\2347_k\034\277j\265\022\356\275\\\305\216"
 5905      375F6B1C 
ARM GAS  C:\Users\nicx5\AppData\Local\Temp\cc9k9ag2.s 			page 207


 5905      BF6AB512 
 5905      EEBD5CC5 
 5905      8E
 5906 013b 39CE4267 		.ascii	"9\316Bg\376\0233\2031\333\251\3128\302\376\362\301\002"
 5906      FE133383 
 5906      31DBA9CA 
 5906      38C2FEF2 
 5906      C102
 5907 014d 2DEC6E1A 		.ascii	"-\354n\032\353\274\254\024\323\264!^\365\017'\220\223"
 5907      EBBCAC14 
 5907      D3B4215E 
 5907      F50F2790 
 5907      93
 5908 015e C2E74ABF 		.ascii	"\302\347J\277\366\002gx\230\375\305\011\344\322\340"
 5908      F6026778 
 5908      98FDC509 
 5908      E4D2E0
 5909 016d 6EFDC3CB 		.ascii	"n\375\303\313\031\265\223\374\263=\001\323\301\215d"
 5909      19B593FC 
 5909      B33D01D3 
 5909      C18D64
 5910 017c EE5596EA 		.ascii	"\356U\226\352U&\366*\017\257\374\241\276<\013_\345/"
 5910      5526F62A 
 5910      0FAFFCA1 
 5910      BE3C0B5F 
 5910      E52F
 5911 018e D0ABFC74 		.ascii	"\320\253\374t\346\331\311V\016\332\312M\2662\223\255"
 5911      E6D9C956 
 5911      0EDACA4D 
 5911      B63293AD 
 5912 019e 2CC0565E 		.ascii	",\300V^\262\225\225l\345$[\031\311V\016\300\253\014"
 5912      B295956C 
 5912      E5245B19 
 5912      C9560EC0 
 5912      AB0C
 5913 01b0 C0563EB2 		.ascii	"\300V>\262\225\215l\345\"[\231(\255<d+\013\331\312A"
 5913      958D6CE5 
 5913      225B9928 
 5913      AD3C642B 
 5913      0BD9CA41 
 5914 01c4 B632D056 		.ascii	"\2662\320V\006\262\225\177\266\262\317V\356\331\312"
 5914      06B2957F 
 5914      B6B2CF56 
 5914      EED9CA
 5915 01d3 3C5B79B7 		.ascii	"<[y\267\253lm\345\324VFm\345\323V\356\264rM+_A\3471"
 5915      AB6C6DE5 
 5915      D456466D 
 5915      E5D356EE 
 5915      B4724D2B 
 5916 01eb C33483C2 		.ascii	"\3034\203\302q\257\220?y\356\032\024L\223/\177\346\277"
 5916      71AF903F 
 5916      79EE1A14 
 5916      4C932F7F 
 5916      E6BF
 5917 01fd F6663E33 		.ascii	"\366f>3\313\340_\271\332\233\354\023\236\255q\301e\331"
 5917      CBE05FB9 
 5917      DA9BEC13 
ARM GAS  C:\Users\nicx5\AppData\Local\Temp\cc9k9ag2.s 			page 208


 5917      9EAD71C1 
 5917      65D9
 5918 020f 73A6CEBD 		.ascii	"s\246\316\275o\305\264qM4?\300F\206\271T\367\020j\251"
 5918      6FC5B471 
 5918      4D343FC0 
 5918      4686B954 
 5918      F7106AA9 
 5919 0223 37A1BE80 		.ascii	"7\241\276\200T\022g\314\315\3213\004\007\037\333I\241"
 5919      541267CC 
 5919      CDD13304 
 5919      071FDB49 
 5919      A1
 5920 0234 98A498B4 		.ascii	"\230\244\230\264\013\331\271\322\240>\234\232\033X\255"
 5920      0BD9B9D2 
 5920      A03E9C9A 
 5920      1B58AD
 5921 0243 0B6A2829 		.ascii	"\013j()\300\376\332/v\207\371\027)P\003\277v\240fB\362"
 5921      C0FEDA2F 
 5921      7687F917 
 5921      295003BF 
 5921      76A06642 
 5922 0258 E8E31C1A 		.ascii	"\350\343\034\032\2139d5\256\351\323\003\375\2459\257"
 5922      8B396435 
 5922      AEE9D303 
 5922      FDA539AF 
 5923 0268 AF7F677C 		.ascii	"\257\177g|sDz]\246\301\331\305\3560\227\367\362\272"
 5923      73447A5D 
 5923      A6C1D9C5 
 5923      EE3097F7 
 5923      F2BA
 5924 027a D7BC3463 		.ascii	"\327\2744c\331\227\030^7`!\347g\351\007\233\217\263"
 5924      D997185E 
 5924      376021E7 
 5924      67E9079B 
 5924      8FB3
 5925 028c 937C2225 		.ascii	"\223|\"%\366\233\037b\252\265\355\232\330\\\255\016"
 5925      F69B1F62 
 5925      AAB5ED9A 
 5925      D85CAD0E 
 5926 029c 866B772F 		.ascii	"\206kw/\221\005\374/+Bd\245Gw\015\001\251L\333\022\335"
 5926      9105FC2F 
 5926      2B4264A5 
 5926      47770D01 
 5926      A94CDB12 
 5927 02b1 3FA568A7 		.ascii	"?\245h\247\302>\033\355\207\231\005\377\224v\237\375"
 5927      C23E1BED 
 5927      879905FF 
 5927      94769FFD 
 5928 02c1 30275FFD 		.ascii	"0'_\375\305\265\273o\254c\276:\227\332JH%\225\234\034"
 5928      C5B5BB6F 
 5928      AC63BE3A 
 5928      97DA4A48 
 5928      25959C1C 
 5929 02d5 AFC149B3 		.ascii	"\257\301I\263\245;\311?\211\364\035\245\026\007\254"
 5929      A53BC93F 
 5929      89F41DA5 
 5929      1607AC
ARM GAS  C:\Users\nicx5\AppData\Local\Temp\cc9k9ag2.s 			page 209


 5930 02e4 D63133D6 		.ascii	"\32613\326\331H\354\356\275\013\370Z\212g&vK\216\362"
 5930      D948ECEE 
 5930      BD0BF85A 
 5930      8A672676 
 5930      4B8EF2
 5931 02f7 61A447DF 		.ascii	"a\244G\337H\310-Tpe]\241-\260\264\332B\325\004\012V"
 5931      48C82D54 
 5931      70655DA1 
 5931      2DB0B4DA 
 5931      42D5040A 
 5932 030c BC155895 		.ascii	"\274\025X\225\031`I\215\010\201\200H<\260\324E\241j"
 5932      1960498D 
 5932      08818048 
 5932      3CB0D445 
 5932      A16A
 5933 031e C3C95707 		.ascii	"\303\311W\007DlqY\241@Q\"\212\230\242\305\326\360J\253"
 5933      446C7159 
 5933      A1405122 
 5933      8A98A2C5 
 5933      D6F04AAB 
 5934 0332 6A687561 		.ascii	"jhua\302\224UW\027\203\251\341\226\026\226\013\023Z"
 5934      C2945557 
 5934      1783A9E1 
 5934      9616960B 
 5934      135A
 5935 0344 15A4B82B 		.ascii	"\025\244\270+\213\302\324\207(\"\006\015U\037\266Nh"
 5935      8BC2D487 
 5935      2822060D 
 5935      551FB64E 
 5935      68
 5936 0355 6571F8E0 		.ascii	"eq\370\340\300\202\021\277\221l`LI\227\337\261\274i"
 5936      C08211BF 
 5936      916C604C 
 5936      4997DFB1 
 5936      BC69
 5937 0367 0C8A59FA 		.ascii	"\014\212Y\372\027S\247\036cf\247\336\305\015\361j#\243"
 5937      1753A71E 
 5937      6366A7DE 
 5937      C50DF16A 
 5937      23A3
 5938 0379 F5413AB5 		.ascii	"\365A:\265\004\257\035@\027\342f\206\371k-A\216\214"
 5938      04AF1D40 
 5938      17E26686 
 5938      F96B2D41 
 5938      8E8C
 5939 038b 091AB205 		.ascii	"\011\032\262\005{h'\330\030\220J\342\221NO\263\211c"
 5939      7B6827D8 
 5939      18904AE2 
 5939      914E4FB3 
 5939      8963
 5940 039d B2F9D4BC 		.ascii	"\262\371\324\274\251\211\256\015\223\333\0054\223\000"
 5940      A989AE0D 
 5940      93DB0534 
 5940      9300
 5941 03ab 3A2B7469 		.ascii	":+ti\347\275\367\366\226\350\240\271R/\315Qb\222\324"
 5941      E7BDF7F6 
 5941      96E8A0B9 
ARM GAS  C:\Users\nicx5\AppData\Local\Temp\cc9k9ag2.s 			page 210


 5941      522FCD51 
 5941      6292D4
 5942 03be 710EC61C 		.ascii	"q\016\306\034\251\223\232\3274\226}\305Aj\007t\310\005"
 5942      A9939AD7 
 5942      34967DC5 
 5942      416A0774 
 5942      C805
 5943 03d0 706892BC 		.ascii	"ph\222\274N>\005\350'\017\177\343&\003\210\024\351\321"
 5943      4E3E05E8 
 5943      270F7FE3 
 5943      26038814 
 5943      E9D1
 5944 03e2 001DE1A8 		.ascii	"\000\035\341\250\001\0000\352\243\2426\352r\242.\032"
 5944      010030EA 
 5944      A3A236EA 
 5944      72A22E1A 
 5945 03f2 6A223643 		.ascii	"j\"6CtDhlA\302\266\353\344\377\200\227\250Q,H\021Sd"
 5945      7444686C 
 5945      41C2B6EB 
 5945      E4FF8097 
 5945      A8512C48 
 5946 0409 2A101191 		.ascii	"*\020\021\221$I\322\030\240\002\221!+z\021\360\244T"
 5946      2449D218 
 5946      A0029121 
 5946      2B7A11F0 
 5946      A454
 5947 041b 54154952 		.ascii	"T\025IR\322l\035\010\300\263O\356l6\364\257\233\004"
 5947      D26C1D08 
 5947      C0B34FEE 
 5947      6C36F4AF 
 5947      9B04
 5948 042d 64168D61 		.ascii	"d\026\215aa\202\253\223di8U\300\271N\336i\276\270Oj"
 5948      6182AB93 
 5948      64693855 
 5948      C0B94EDE 
 5948      69BEB84F 
 5949 0442 0CF03126 		.ascii	"\014\3601&lK3\270X\327\022\323d*\336Z\030\303\3659\357"
 5949      6C4B33B8 
 5949      58D712D3 
 5949      642ADE5A 
 5949      18C3F539 
 5950 0457 F055B745 		.ascii	"\360U\267E\337\342V\323\275|Gk\367\275\254\024\017\214"
 5950      DFE256D3 
 5950      BD7C476B 
 5950      F7BDAC14 
 5950      0F8C
 5951 0469 38286D16 		.ascii	"8(m\026\310\313t=\006\250\0028\272\314\034\361\214v"
 5951      C8CB743D 
 5951      06A80238 
 5951      BACC1CF1 
 5951      8C76
 5952 047b 34E3DC61 		.ascii	"4\343\334a\233\241E\300\\\373I\343yF\032')\361\374\354"
 5952      9BA145C0 
 5952      5CFB49E3 
 5952      79461A27 
 5952      29F1FCEC 
 5953 048f 6801A2EC 		.ascii	"h\001\242\3544\261b\244\3033 \330\2118\201\364\336I"
ARM GAS  C:\Users\nicx5\AppData\Local\Temp\cc9k9ag2.s 			page 211


 5953      34B162A4 
 5953      C33320D8 
 5953      893881F4 
 5953      DE49
 5954 04a1 C642706E 		.ascii	"\306Bpn@\010\241\325g, \374\016\310\321\\\370i\344\350"
 5954      4008A1D5 
 5954      672C20FC 
 5954      0EC8D15C 
 5954      F869E4E8 
 5955 04b5 5E5E64E6 		.ascii	"^^d\346vx\030#\316\254@u\364\346\203@\014\231\207~G"
 5955      76781823 
 5955      CEAC4075 
 5955      F4E68340 
 5955      0C99877E 
 5956 04ca 0AF7FE1E 		.ascii	"\012\367\376\036\316V\230\026\345\217J-J\240t\322L\361"
 5956      CE569816 
 5956      E58F4A2D 
 5956      4AA074D2 
 5956      4CF1
 5957 04dc 9DD2DF65 		.ascii	"\235\322\337e\257\301\241O,)\023D \303\224\222\353\223"
 5957      AFC1A14F 
 5957      2C291344 
 5957      20C39492 
 5957      EB93
 5958 04ee 6252BB07 		.ascii	"bR\273\007\037\262\327\357V,\337I\315bT\233\206$\346"
 5958      1FB2D7EF 
 5958      562CDF49 
 5958      CD62549B 
 5958      8624E6
 5959 0501 03A2C108 		.ascii	"\003\242\301\010B\017\246\"y\374\023\357\202mxOE\027"
 5959      420FA622 
 5959      79FC13EF 
 5959      826D784F 
 5959      4517
 5960 0513 B416E825 		.ascii	"\264\026\350%\270\216\021\335\265\241'\015\266Pr\327"
 5960      B88E11DD 
 5960      B5A1270D 
 5960      B65072D7 
 5961 0523 C41E05E3 		.ascii	"\304\036\005\343\026\242\201*%\347\241\277\325\325"
 5961      16A2812A 
 5961      25E7A1BF 
 5961      D5D5
 5962              		.text
 5963              		.section	.gnu.lto_USB_WritePacket.351.1f2fd384,"e",%progbits
 5964 0000 28B52FFD 		.ascii	"(\265/\375`\332\004}\037\000f9\313I\220XN:\024x\020"
 5964      60DA047D 
 5964      1F006639 
 5964      CB499058 
 5964      4E3A1478 
 5965 0015 C82A286A 		.ascii	"\310*(j|\360\024\014\031n\302\234\372\306\023/}\030"
 5965      7CF0140C 
 5965      196EC29C 
 5965      FAC6132F 
 5965      7D18
 5966 0027 E4412782 		.ascii	"\344A'\202\322\265d\251\367\343-\2417_\365/\357\252"
 5966      D2B564A9 
 5966      F7E32DA1 
ARM GAS  C:\Users\nicx5\AppData\Local\Temp\cc9k9ag2.s 			page 212


 5966      375FF52F 
 5966      EFAA
 5967 0039 1ED183DA 		.ascii	"\036\321\203\332!\020$^\340H\242\267$\274(\021\020\012"
 5967      2110245E 
 5967      E048A2B7 
 5967      24BC2811 
 5967      100A
 5968 004b 350EA5BC 		.ascii	"5\016\245\274m\215\020B\210\334I\006\263\000\254\000"
 5968      6D8D1042 
 5968      88DC4906 
 5968      B300AC00 
 5969 005b B4002FF7 		.ascii	"\264\000/\367R(\217\327\021\246\347\232\205\260\353"
 5969      52288FD7 
 5969      11A6E79A 
 5969      85B0EB
 5970 006a 8D635782 		.ascii	"\215cW\202\235\210\323\213,-\256\233-=\201\276\264\251"
 5970      9D88D38B 
 5970      2C2DAE9B 
 5970      2D3D81BE 
 5970      B4A9
 5971 007c 3C347664 		.ascii	"<4vd}\221)@\263\221'\351\023\343\317j\307_\301\257#"
 5971      7D912940 
 5971      B39127E9 
 5971      13E3CF6A 
 5971      C75FC1AF 
 5972 0091 F4254F8A 		.ascii	"\364%O\212]\255\273\007\362 N\3672A\346z(lq\326]D\260"
 5972      5DADBB07 
 5972      F2204EF7 
 5972      3241E67A 
 5972      286C71D6 
 5973 00a8 16D097B9 		.ascii	"\026\320\227\271\0170_\222\2771_\352\0308\355\023\367"
 5973      0F305F92 
 5973      BF315FEA 
 5973      1838ED13 
 5973      F7
 5974 00b9 5917D486 		.ascii	"Y\027\324\2064\015F\0221\335\305\036\336\332w\237,~"
 5974      340D4612 
 5974      31DDC51E 
 5974      DEDA779F 
 5974      2C7E
 5975 00cb CBFA74B3 		.ascii	"\313\372t\263$\271>\355g\250\312PU\021Q\334$\317\251"
 5975      24B93EED 
 5975      67A8CA50 
 5975      551151DC 
 5975      24CFA9
 5976 00de 21D70332 		.ascii	"!\327\0032F4\251Z\352\260:Y\221\204\321RE\264:\323\020"
 5976      4634A95A 
 5976      EAB03A59 
 5976      9184D152 
 5976      45B43AD3 
 5977 00f3 8564AEBB 		.ascii	"\205d\256\273o\366\272\202\030U\353\031\241\273\267"
 5977      6FF6BA82 
 5977      1855EB19 
 5977      A1BBB7
 5978 0102 56115D7C 		.ascii	"V\021]|\317\357\356\324\356\306\330%\267\002?bYk+5|"
 5978      CFEFEED4 
 5978      EEC6D825 
ARM GAS  C:\Users\nicx5\AppData\Local\Temp\cc9k9ag2.s 			page 213


 5978      B7023F62 
 5978      596B2B35 
 5979 0117 B22B61F9 		.ascii	"\262+a\371\034\205\320\360\313\236\203\252m;\3034\314"
 5979      1C85D0F0 
 5979      CB9E83AA 
 5979      6D3BC334 
 5979      CC
 5980 0128 46A85228 		.ascii	"F\250R(\216Z\237\343\217\265\256m[DQYk\277\306%lU\226"
 5980      8E5A9FE3 
 5980      8FB5AE6D 
 5980      5B445159 
 5980      6BBFC625 
 5981 013f B3767572 		.ascii	"\263vur^\374q>\366\275y\221_\300\217\3746\377\372k^"
 5981      5EFC713E 
 5981      F6BD7991 
 5981      5FC08FFC 
 5981      36FFFA6B 
 5982 0154 F6A5B9D7 		.ascii	"\366\245\271\327?\363\260/\356d\337\333Y\027E\353\236"
 5982      3FF3B02F 
 5982      EE64DFDB 
 5982      591745EB 
 5982      9E
 5983 0165 675DF3AC 		.ascii	"g]\363\254[\236u\311\263.\237u\353Y\367\004\370(\006"
 5983      5B9E75C9 
 5983      B32E9F75 
 5983      EB59F704 
 5983      F82806
 5984 0178 26E30057 		.ascii	"&\343\000W\267\21461]\245D\303\361\260\177\354'\373"
 5984      B78C3631 
 5984      5DA544C3 
 5984      F1B07FEC 
 5984      27FB
 5985 018a CB4EEE3A 		.ascii	"\313N\356:\355\305\236\344Jn\266\000x\304\312\200j/"
 5985      EDC59EE4 
 5985      4A6EB600 
 5985      78C4CA80 
 5985      6A2F
 5986 019c D2C88254 		.ascii	"\322\310\202T\206W\306\200d\207\335\230\032s\010\215"
 5986      8657C680 
 5986      6487DD98 
 5986      1A73088D 
 5987 01ac BBDD3060 		.ascii	"\273\3350`\355\032\315V\252\244_\214\335\305\003\001"
 5987      ED1ACD56 
 5987      AAA45F8C 
 5987      DDC50301 
 5988 01bc 3AD67A4A 		.ascii	":\326zJ\020=\331o\250]J\3207dL)\315Z\353(\2713\235/"
 5988      103DD96F 
 5988      A85D4AD0 
 5988      37644C29 
 5988      CD5AEB28 
 5989 01d4 E81B22D6 		.ascii	"\350\033\"\326\325\335\273\336\006\311\334U\025\327"
 5989      D5DDBBDE 
 5989      06C9DC55 
 5989      15D7
 5990 01e2 0B63772B 		.ascii	"\013cw+0zZ\003\345=\224$\242\323F\367\214o\355\221\314"
 5990      307A5A03 
 5990      E53D9424 
ARM GAS  C:\Users\nicx5\AppData\Local\Temp\cc9k9ag2.s 			page 214


 5990      A2D346F7 
 5990      8C6FED91 
 5991 01f7 9737B6AA 		.ascii	"\2277\266\252/`\034\265\273!\356\244\010\355\226j\260"
 5991      2F601CB5 
 5991      BB21EEA4 
 5991      08ED966A 
 5991      B0
 5992 0208 4FF38D40 		.ascii	"O\363\215@\267\214\314\227(s\310\3722\371|\223\227l"
 5992      B78CCC97 
 5992      2873C8FA 
 5992      32F97C93 
 5992      976C
 5993 021a D230C925 		.ascii	"\3220\311%_x\225\353\0330\231I\276p\007\0163_)\235\301"
 5993      5F7895EB 
 5993      1B309949 
 5993      BE70070E 
 5993      335F299D 
 5994 022f 489C4C11 		.ascii	"H\234L\021I\326\002\232\017\273\022\326\3568\346\206"
 5994      49D6029A 
 5994      0FBB12D6 
 5994      EE38E686 
 5995 023f 3FF65CFD 		.ascii	"?\366\\\375R1+\3370g\021\246|\003\346\271\362\311&\274"
 5995      52312BDF 
 5995      306711A6 
 5995      7C03E6B9 
 5995      F2C926BC 
 5996 0253 8AE2A815 		.ascii	"\212\342\250\025\300\347\322jwd{`\203\214\221Y\213\311"
 5996      C0E7D26A 
 5996      77647B60 
 5996      838C9159 
 5996      8BC9
 5997 0265 B4611D91 		.ascii	"\264a\035\221-R5\335\037\273\004\025\204$\000\361n\275"
 5997      2D5235DD 
 5997      1FBB0415 
 5997      842400F1 
 5997      6EBD
 5998 0277 9F5012E9 		.ascii	"\237P\022\351A\367C\342h\011\251\207\026\275\203\321"
 5998      41F743E2 
 5998      6809A987 
 5998      16BD83D1 
 5999 0287 073E22F2 		.ascii	"\007>\"\362\261\321\322\021/\211\210'\242w\353\375\200"
 5999      B1D1D211 
 5999      2F898827 
 5999      A277EBFD 
 5999      80
 6000 0298 BC0E8816 		.ascii	"\274\016\210\026\200\350\240\340\347'\301N\023\220P"
 6000      80E8A0E0 
 6000      E727C14E 
 6000      139050
 6001 02a7 06727B09 		.ascii	"\006r{\011<\000\227x>\237\010\335\217\021\011`O\357"
 6001      3C009778 
 6001      3E9F08DD 
 6001      8F110960 
 6001      4FEF
 6002 02b9 27D4C3B3 		.ascii	"'\324\303\263 !\210\327\324\344 \250\007\370#*Q\364"
 6002      202188D7 
 6002      D4E420A8 
ARM GAS  C:\Users\nicx5\AppData\Local\Temp\cc9k9ag2.s 			page 215


 6002      07F8232A 
 6002      51F4
 6003 02cb A3B0609B 		.ascii	"\243\260`\233\220\200\202\206t?\0270\010\015\001G\374"
 6003      90808286 
 6003      743F1730 
 6003      080D0147 
 6003      FC
 6004 02dc 90340C41 		.ascii	"\2204\014A\250\200\263\273\305>g\355\223\211r\301\202"
 6004      A880B3BB 
 6004      C53E67ED 
 6004      938972C1 
 6004      82
 6005 02ed 62AAF549 		.ascii	"b\252\365I\257\230h@H\035\336\031z)\34339\216\207\005"
 6005      AF986840 
 6005      481DDE19 
 6005      7A29E333 
 6005      398E8705 
 6006 0301 86605890 		.ascii	"\206`X\2209\2743\344\222r\015\337xx\3038\236\240f\366"
 6006      39BC33E4 
 6006      92720DDF 
 6006      7878C338 
 6006      9EA066F6 
 6007 0315 ABE041E3 		.ascii	"\253\340A\343Vk\333\3426\002\024\331\335]\352\360\303"
 6007      566BDBE2 
 6007      360214D9 
 6007      DD5DEAF0 
 6007      C3
 6008 0326 0E3471AC 		.ascii	"\0164q\254SD<\226\311\341\037\277q\016\263\017a\217"
 6008      53443C96 
 6008      C9E11FBF 
 6008      710EB30F 
 6008      618F
 6009 0338 A85EA811 		.ascii	"\250^\250\021\360\224T\212\031!\231\221\231\244\245"
 6009      F094548A 
 6009      19219991 
 6009      99A4A5
 6010 0347 CD01C002 		.ascii	"\315\001\300\002\231\252\322\016\021p\305D\3070\331"
 6010      99AAD20E 
 6010      1170C544 
 6010      C730D9
 6011 0356 D8DFB100 		.ascii	"\330\337\261\000\024<\034\352Ln\227\313Y\351_\2670\337"
 6011      143C1CEA 
 6011      4C6E97CB 
 6011      59E95FB7 
 6011      30DF
 6012 0368 444A136E 		.ascii	"DJ\023n\005\203\2049C\006G_\374\326M\341:\014F\000\030"
 6012      05838439 
 6012      4306475F 
 6012      FCD64DE1 
 6012      3A0C4600 
 6013 037d 06813C2A 		.ascii	"\006\201<*\247Hf\256\301\217:)\343\274\036H\230\"y\220"
 6013      A74866AE 
 6013      C18F3A29 
 6013      E3BC1E48 
 6013      98227990 
 6014 0391 23054495 		.ascii	"#\005D\225\031\034g$\261bjrY\000\270\301@\331\271G\211"
 6014      191C6724 
ARM GAS  C:\Users\nicx5\AppData\Local\Temp\cc9k9ag2.s 			page 216


 6014      B1626A72 
 6014      5900B8C1 
 6014      40D9B947 
 6015 03a6 87995070 		.ascii	"\207\231PpL\021\357cL\201\033Q\034\254e\360D=0i\351"
 6015      4C11EF63 
 6015      4C811B51 
 6015      1CAC65F0 
 6015      443D3069 
 6016 03bb 83304ACD 		.ascii	"\2030J\315\324\276\320\253\362\231\020%\231/Ys\346\227"
 6016      D4BED0AB 
 6016      F2991025 
 6016      992F5973 
 6016      E697
 6017 03cd 19FA0806 		.ascii	"\031\372\010\006\336\203\331c\263\323\030m\330O\034"
 6017      DE83D963 
 6017      B3D3186D 
 6017      D84F1C
 6018 03dc 35C179BD 		.ascii	"5\301y\275\000]\021\2269r\\\030\345\271M\303E\330\313"
 6018      005D1196 
 6018      39725C18 
 6018      E5B94DC3 
 6018      45D8CB
 6019 03ef 9FA9CC4D 		.ascii	"\237\251\314M\317\3446pQ\001"
 6019      CFE43670 
 6019      5101
 6020              		.text
 6021              		.section	.gnu.lto_USB_ReadPacket.352.1f2fd384,"e",%progbits
 6022 0000 28B52FFD 		.ascii	"(\265/\375`'\007\235*\000:Jt\020Gp\334Q:\245\007]Y\252"
 6022      6027079D 
 6022      2A003A4A 
 6022      74104770 
 6022      DC513AA5 
 6023 0018 DCAA08CE 		.ascii	"\334\252\010\316\217\321B\025*\0229\335\015\034H\275"
 6023      8FD14215 
 6023      2A1239DD 
 6023      0D1C48BD 
 6024 0028 2083FA3F 		.ascii	" \203\372?,\271\007\243'\\\010\000\216*\035\251f\305"
 6024      2CB907A3 
 6024      275C0800 
 6024      8E2A1DA9 
 6024      66C5
 6025 003a 0E383541 		.ascii	"\01685A7\246\320\037\246\315$;\361\225\025\301!\312"
 6025      37A6D01F 
 6025      A6CD243B 
 6025      F19515C1 
 6025      21CA
 6026 004c AE9240FD 		.ascii	"\256\222@\375\204\020B\344N;\361\000\341\000\364\000"
 6026      841042E4 
 6026      4E3BF100 
 6026      E100F400 
 6027 005c 38D2AEB0 		.ascii	"8\322\256\260]qm\231\032J\2667\032cx\367\256e\235\231"
 6027      5D716D99 
 6027      1A4AB637 
 6027      1A6378F7 
 6027      AE659D99 
 6028 0070 ED716D9C 		.ascii	"\355qm\234\222\203\261\341\335\233\334\302\371\230{"
 6028      9283B1E1 
ARM GAS  C:\Users\nicx5\AppData\Local\Temp\cc9k9ag2.s 			page 217


 6028      DD9BDCC2 
 6028      F9987B
 6029 007f 0B5C4B27 		.ascii	"\013\\K'.g\244\202\2437\313i\007\257\221\237\302\365"
 6029      2E67A482 
 6029      A337CB69 
 6029      07AF919F 
 6029      C2F5
 6030 0091 B42DCCE6 		.ascii	"\264-\314\346\031kK\340zt\207\235f\3600Z\360dsqx\274"
 6030      196B4BE0 
 6030      7A74879D 
 6030      66F0305A 
 6030      F0647371 
 6031 00a7 5A8F3A75 		.ascii	"Z\217:u\361\216\017\305\305\005\2203\236/ZrF.\270\032"
 6031      F18E0FC5 
 6031      C5059033 
 6031      9E2F5A72 
 6031      462EB81A 
 6032 00bb D6A377F2 		.ascii	"\326\243w\362'\\\367\276\221\372\022\302\255m\227\033"
 6032      275CF7BE 
 6032      91FA12C2 
 6032      AD6D971B 
 6033 00cb 58EEE48C 		.ascii	"X\356\344\214|bO\224\036=\037 =\332G0V\257\256m\333"
 6033      7C624F94 
 6033      1E3D1F20 
 6033      3DDA4730 
 6033      56AFAE6D 
 6034 00e0 F627F2F7 		.ascii	"\366'\362\367l\256\25795E\317\306\\\367\227q\305\006"
 6034      6CAEAF39 
 6034      3545CFC6 
 6034      5CF79771 
 6034      C506
 6035 00f2 13A2B1EB 		.ascii	"\023\242\261\353\353\256\354\306s'\321\230YY\002/Y\224"
 6035      EBAEECC6 
 6035      7327D198 
 6035      5959022F 
 6035      5994
 6036 0104 57DE8019 		.ascii	"W\336\200\031\215\034X5\336xz\262L\0328N6\347\374c\034"
 6036      8D1C5835 
 6036      DE787AB2 
 6036      4C1A384E 
 6036      36E7FC63 
 6037 0119 62F454BF 		.ascii	"b\364T\277\212dB\306\257SB\236\270\345\225\3071\214"
 6037      8A6442C6 
 6037      AF53429E 
 6037      B8E595C7 
 6037      318C
 6038 012b 427C961D 		.ascii	"B|\226\035\337W>W\245eB4\036\217U\0129\347\213\211\306"
 6038      DF573E57 
 6038      A5654234 
 6038      1E8F550A 
 6038      39E78B89 
 6039 0140 1ABF3EBF 		.ascii	"\032\277>\277\367.\357\275b\367\246@\0021t\244u\367"
 6039      F72EEFBD 
 6039      62F7A640 
 6039      023174A4 
 6039      75F7
 6040 0152 D97CA7B4 		.ascii	"\331|\247\264\250q\177\030&l\341\345\265v\272\012\230"
ARM GAS  C:\Users\nicx5\AppData\Local\Temp\cc9k9ag2.s 			page 218


 6040      A8717F18 
 6040      266CE1E5 
 6040      B576BA0A 
 6040      98
 6041 0163 2F63F758 		.ascii	"/c\367XVz\266\373\340 \365\223g\373[)\201F\302!Ts\324"
 6041      567AB6FB 
 6041      E020F593 
 6041      67FB5B29 
 6041      8146C221 
 6042 017a 5F7B1FE1 		.ascii	"_{\037\341_3)\201~\347\274\014\233\302\026\336\267p"
 6042      5F332981 
 6042      7EE7BC0C 
 6042      9BC216DE 
 6042      B770
 6043 018c 6FA130B3 		.ascii	"o\2410\263\223\001\375\266\257\360\341\240=+\352\273"
 6043      9301FDB6 
 6043      AFF0E1A0 
 6043      3D2BEABB 
 6044 019c 9DF5C2ED 		.ascii	"\235\365\302\355%\352\242n5\260\246W\013\257\203\266"
 6044      25EAA26E 
 6044      35B0A657 
 6044      0BAF83B6 
 6045 01ac 8C99717B 		.ascii	"\214\231q{\221]\270\307\356%\020\311\023w\273\310\275"
 6045      915DB8C7 
 6045      EE2510C9 
 6045      1377BBC8 
 6045      BD
 6046 01bd 4D4CEC92 		.ascii	"ML\354\222\022\322\327~\217\236\366\023H\3615:\332?"
 6046      12D2D77E 
 6046      8F9EF613 
 6046      48F1353A 
 6046      DA3F
 6047 01cf E06EBF45 		.ascii	"\340n\277E\207\362\023=\371;\264;\333\257N(\010(\207"
 6047      87F2133D 
 6047      F93BB43B 
 6047      DBAF4E28 
 6047      082887
 6048 01e2 EF4F8AAF 		.ascii	"\357O\212\257\317\212o\356m\277k\212\257\252\342\233"
 6048      CF8A6FEE 
 6048      6DBF6B8A 
 6048      AFAAE29B 
 6049 01f2 A6F8A229 		.ascii	"\246\370\242)\276\247\212o\247\370b\024\337\037@\211"
 6049      BEA78A6F 
 6049      A7F86214 
 6049      DF1F4089 
 6050 0202 68D27A4C 		.ascii	"h\322zL\210\223s\217\366N\206C\227I\236\374\327~\266"
 6050      8893738F 
 6050      F64E8643 
 6050      97499EFC 
 6050      D77EB6
 6051 0215 BFED77E3 		.ascii	"\277\355w\343\272W{\225[9\226g\271\362\3768\021q\013"
 6051      BA577B95 
 6051      5B399667 
 6051      B9F2FE38 
 6051      11710B
 6052 0228 1376D616 		.ascii	"\023v\326\026\034\023t|\372\247\3253\260f\256\325\366"
 6052      1C13747C 
ARM GAS  C:\Users\nicx5\AppData\Local\Temp\cc9k9ag2.s 			page 219


 6052      FAA7D533 
 6052      B066AED5 
 6052      F6
 6053 0239 E99FB361 		.ascii	"\351\237\263as5\352\\_\371\005B\206f\2736\352\213\177"
 6053      7335EA5C 
 6053      5FF90542 
 6053      8666BB36 
 6053      EA8B7F
 6054 024c C9390092 		.ascii	"\3119\000\222m\230A\273>\333P?y\273\240\245\275\251"
 6054      6D9841BB 
 6054      3EDB503F 
 6054      79BBA0A5 
 6054      BDA9
 6055 025e 3F15EDF4 		.ascii	"?\025\355\364\\^\324(\032f^\026X&\243$\035\2434I{\354"
 6055      5C5ED428 
 6055      1A665E16 
 6055      5826A324 
 6055      1DA33449 
 6056 0274 DEF304EA 		.ascii	"\336\363\004\352\265\213\367[)RCQq\003\225d\202*\363"
 6056      B58BF75B 
 6056      29524351 
 6056      71039564 
 6056      822AF3
 6057 0287 7453EB9A 		.ascii	"tS\353\232k\360\227\327u\361\350\010\204\254\231:\251"
 6057      6BF097D7 
 6057      75F1E808 
 6057      84AC993A 
 6057      A9
 6058 0298 A8070D0F 		.ascii	"\250\007\015\017h\240.\036\265\256/\224y\201\233\027"
 6058      68A02E1E 
 6058      B5AE2F94 
 6058      79819B17 
 6059 02a8 86112040 		.ascii	"\206\021 @\030\267W\327\024\274\316\234s>\233\372l\317"
 6059      18B757D7 
 6059      14BCCE9C 
 6059      733E9BFA 
 6059      6CCF
 6060 02ba 4A75DD44 		.ascii	"Ju\335DbN+\207\251\233\034\250\231\272\205\014\227p"
 6060      624E2B87 
 6060      A99B1CA8 
 6060      99BA850C 
 6060      9770
 6061 02cc 480A61E6 		.ascii	"H\012a\3462\301\365m\347\220\374A\346c\202%\244\264"
 6061      32C1F56D 
 6061      E790FC41 
 6061      E6638225 
 6061      A4B4
 6062 02de BC760F33 		.ascii	"\274v\0173\213\371\333\264@\215\010\226\220\322l\222"
 6062      8BF9DBB4 
 6062      408D0896 
 6062      90D26C92 
 6063 02ee 73E65DAB 		.ascii	"s\346]\253\033<\3310\"\3311.\347\334\300\347\303\353"
 6063      1B3CD930 
 6063      22D9312E 
 6063      E7DCC0E7 
 6063      C3EB
 6064 0300 CED9F7F6 		.ascii	"\316\331\367\366\036&k\3159C\270\0073\202\304z\304\227"
ARM GAS  C:\Users\nicx5\AppData\Local\Temp\cc9k9ag2.s 			page 220


 6064      1E266BCD 
 6064      3943B807 
 6064      3382C47A 
 6064      C497
 6065 0312 1E3D91CE 		.ascii	"\036=\221\316\275\027-\023k\316?~\344~E?\031\246*X\240"
 6065      BD172D13 
 6065      6BCE3F7E 
 6065      E47E453F 
 6065      19A62A58 
 6066 0327 CA61017B 		.ascii	"\312a\001{\030T\240UXU\030T\240\276\207\200\212\302"
 6066      1854A055 
 6066      58551854 
 6066      A0BE8780 
 6066      8AC2
 6067 0339 BA6291C2 		.ascii	"\272b\221\302j\005\366\260\266BP\221\270\362]\371\252"
 6067      6A05F6B0 
 6067      B6425091 
 6067      B8F25DF9 
 6067      AA
 6068 034a 50F47EBA 		.ascii	"P\364~\272\253\336\211\306\002\366D\2347B\357\301\210"
 6068      ABDE89C6 
 6068      02F6449C 
 6068      3742EFC1 
 6068      88
 6069 035b AA065151 		.ascii	"\252\006QQ\014\222\264,Ly8\257\025\203\020@\026T'N\224"
 6069      0C92B42C 
 6069      4C7938AF 
 6069      15831040 
 6069      1654274E 
 6070 0370 808A4281 		.ascii	"\200\212B\201\005|\262\372M=Qi\250 E\245\245\025A\352"
 6070      057CB2FA 
 6070      4D3D5169 
 6070      A82045A5 
 6070      A51541EA 
 6071 0384 09F8EBB5 		.ascii	"\011\370\353\265\360\3750<\270Z),H\201\200\212\332\320"
 6071      F0FD303C 
 6071      B85A292C 
 6071      4881808A 
 6071      DAD0
 6072 0396 610A04D0 		.ascii	"a\012\004\320\304/\305\007\020\0232\010\270\367\"\363"
 6072      C42FC507 
 6072      10133208 
 6072      B8F722F3 
 6073 03a6 BB088FA3 		.ascii	"\273\010\217\243\230\233\212\256-$\324(|x5\230\231\032"
 6073      989B8AAE 
 6073      2D24D428 
 6073      7C783598 
 6073      991A
 6074 03b8 12A17EDB 		.ascii	"\022\241~\333\332c\277\204\261\257!\271.r\031\034\305"
 6074      DA63BF84 
 6074      B1AF21B9 
 6074      2E72191C 
 6074      C5
 6075 03c9 E2E4D84E 		.ascii	"\342\344\330N*6\311R\244\036\352\242\321Q\214,\247\324"
 6075      2A36C952 
 6075      A41EEAA2 
 6075      D1518C2C 
ARM GAS  C:\Users\nicx5\AppData\Local\Temp\cc9k9ag2.s 			page 221


 6075      A7D4
 6076 03db EA31489C 		.ascii	"\3521H\234\364\313\357\272x\345Y\036G\261\267\334R\337"
 6076      F4CBEFBA 
 6076      78E5591E 
 6076      47B1B7DC 
 6076      52DF
 6077 03ed 335D3BA8 		.ascii	"3];\250\213g\316\366\005\004L\265 l\333~+\035j\266Q"
 6077      8B67CEF6 
 6077      05044CB5 
 6077      206CDB7E 
 6077      2B1D6AB6 
 6078 0402 35C3B03D 		.ascii	"5\303\260=K\016\036\324K\335j\303%B<Jo\337\265R\367"
 6078      4B0E1ED4 
 6078      4BDD6AC3 
 6078      25423C4A 
 6078      6FDFB552 
 6079 0417 D7304C98 		.ascii	"\3270L\230\254\363\323\367iDT\251D\356\203\351Q\325"
 6079      ACF3D3F7 
 6079      694454A9 
 6079      44EE83E9 
 6079      51D5
 6080 0429 06318098 		.ascii	"\0061\200\230\250A<\304 bf\204&\030\221\246\240\320"
 6080      A8413CC4 
 6080      20626684 
 6080      261891A6 
 6080      A0D0
 6081 043b 70800219 		.ascii	"p\200\002\031*#z\021\240=SV\233\235\375\015[\015\250"
 6081      2A237A11 
 6081      A03D5356 
 6081      9B9DFD0D 
 6081      5B0DA8
 6082 044e F530654F 		.ascii	"\3650eO\203\354(\015\367\202\243\351\353\243m%M\237"
 6082      83EC280D 
 6082      F782A3E9 
 6082      EBA36D25 
 6082      4D9F
 6083 0460 30C80086 		.ascii	"0\310\000\206\024rE<f\027\233Tjr\032F_k\333\010P\310"
 6083      1472453C 
 6083      66179B54 
 6083      6A721A46 
 6083      5F6BDB08 
 6084 0476 92C6FC20 		.ascii	"\222\306\374 \211\342\320G\246\320\367\363\270\272\346"
 6084      89E2D047 
 6084      A6D0F7F3 
 6084      B8BAE6
 6085 0485 A46175C7 		.ascii	"\244au\307\320@\321\363~\"\233\225U\306z;2?w\265\211"
 6085      D040D1F3 
 6085      7E229B95 
 6085      55C67A3B 
 6085      323F77B5 
 6086 049a 162F267F 		.ascii	"\026/&\177\2668\376G\322\225f\332VVxd\376\362`\027["
 6086      B638FE47 
 6086      D29566DA 
 6086      56567864 
 6086      FEF26017 
 6087 04af EA812A22 		.ascii	"\352\201*\"\301\321c\022\262|?\241\001\264\322\321\237"
 6087      C1D16312 
ARM GAS  C:\Users\nicx5\AppData\Local\Temp\cc9k9ag2.s 			page 222


 6087      B27C3FA1 
 6087      01B4D2D1 
 6087      9F
 6088 04c0 4A52301A 		.ascii	"JR0\032\005\006\013\212bGL\255\230/\327\225\263\357"
 6088      05060B8A 
 6088      62474CAD 
 6088      982FD795 
 6088      B3EF
 6089 04d2 177CCF5F 		.ascii	"\027|\317_O\326\242N\211\343\030W\000\203\227\307\205"
 6089      4FD6A24E 
 6089      89E31857 
 6089      008397C7 
 6089      85
 6090 04e3 7124DCA2 		.ascii	"q$\334\242X\000\355\3333\302\005\363\027\332\355\233"
 6090      5800EDDB 
 6090      33C205F3 
 6090      17DAED9B 
 6091 04f3 E256CE68 		.ascii	"\342V\316hgO\\\265\254rg\304b\260>e\020ALyx\315\242"
 6091      674F5CB5 
 6091      AC7267C4 
 6091      62B03E65 
 6091      10414C79 
 6092 050a 451E6C1A 		.ascii	"E\036l\032\263\022I\225q\231C\255\332hy2Q\220\220\350"
 6092      B3124995 
 6092      719943AD 
 6092      DA687932 
 6092      519090E8 
 6093 051e 9961A06B 		.ascii	"\231a\240k\245\335Q\345\265dx\372\264\201]\324\202-"
 6093      A5DD51E5 
 6093      B56478FA 
 6093      B4815DD4 
 6093      822D
 6094 0530 687A5E15 		.ascii	"hz^\025\311\315\315g\206K\346\234\215b;\"\207|\327\331"
 6094      C9CDCD67 
 6094      864BE69C 
 6094      8D623B22 
 6094      877CD7D9 
 6095 0544 048E6E9D 		.ascii	"\004\216n\235OY\342\265x\361\370\360Z+\206\267\353a"
 6095      4F59E2B5 
 6095      78F1F8F0 
 6095      5A2B86B7 
 6095      EB61
 6096 0556 7000504D 		.ascii	"p\000PM\240\241\002"
 6096      A0A102
 6097              		.text
 6098              		.section	.gnu.lto_USB_EPSetStall.353.1f2fd384,"e",%progbits
 6099 0000 28B52FFD 		.ascii	"(\265/\375`w\005\205\037\000f\370\310F\200\336M\007"
 6099      60770585 
 6099      1F0066F8 
 6099      C84680DE 
 6099      4D07
 6100 0012 1AE33516 		.ascii	"\032\3435\026\336\220\207\212\315\362Bc\241\211\013"
 6100      DE90878A 
 6100      CDF24263 
 6100      A1890B
 6101 0021 2020AF38 		.ascii	"  \2578\002\247\3520\317\315+\336\305\325\230\316\201"
 6101      02A7EA30 
ARM GAS  C:\Users\nicx5\AppData\Local\Temp\cc9k9ag2.s 			page 223


 6101      CFCD2BDE 
 6101      C5D598CE 
 6101      81
 6102 0032 43244093 		.ascii	"C$@\223bB\236\216\245\004n\240\261\012|\204\305\204"
 6102      62429E8E 
 6102      A5046EA0 
 6102      B10A7C84 
 6102      C584
 6103 0044 25816B8C 		.ascii	"%\201k\214\006z\372\270\311\336[\312\235RJ\001\266\000"
 6103      067AFAB8 
 6103      C9DE5BCA 
 6103      9D524A01 
 6103      B600
 6104 0056 A200B200 		.ascii	"\242\000\262\000E\004]9\305i\224\326\364\304\026%\357"
 6104      45045D39 
 6104      C56994D6 
 6104      F4C41625 
 6104      EF
 6105 0067 D2E8B273 		.ascii	"\322\350\262s\342\354j\324\244\311\235\271\233\264\223"
 6105      E2EC6AD4 
 6105      A4C99DB9 
 6105      9BB493
 6106 0076 AC7EE282 		.ascii	"\254~\342\202u\367\322A\252\335[Db\013gW^\013\331\256"
 6106      75F7D241 
 6106      AADD5B44 
 6106      620B6757 
 6106      5E0BD9AE 
 6107 008a 6503D9AE 		.ascii	"e\003\331\256\314\314\276\005Y\254\365W\215\311\026"
 6107      CCCCBE05 
 6107      59ACF557 
 6107      8DC916
 6108 0099 07B2371C 		.ascii	"\007\2627\034T\336\356-\366\236Hku\212CO\323\326\362"
 6108      54DEEE2D 
 6108      F69E486B 
 6108      758A434F 
 6108      D3D6F2
 6109 00ac 5D8BBB65 		.ascii	"]\213\273ex\361\020\342%|\321\251)\001G\200\014LG\243"
 6109      78F110E2 
 6109      257CD1A9 
 6109      29014780 
 6109      0C4C47A3 
 6110 00c0 3CB3AF1C 		.ascii	"<\263\257\034~v\333\227\216\322\200\331W\230\233}l\002"
 6110      7E76DB97 
 6110      8ED280D9 
 6110      57989B7D 
 6110      6C02
 6111 00d2 64603BDA 		.ascii	"d`;\332\336\350\312\273\367\246B\030^\226D]\245\001"
 6111      DEE8CABB 
 6111      F7A64218 
 6111      5E96445D 
 6111      A501
 6112 00e4 B61F6C52 		.ascii	"\266\037lR!\227\177y@,L\015\037a\260\024b\373\301\246"
 6112      21977F79 
 6112      402C4C0D 
 6112      1F61B014 
 6112      62FBC1A6 
 6113 00f8 8FED3184 		.ascii	"\217\3551\204@wS\302\275\227\335K\010\326\314\323\314"
ARM GAS  C:\Users\nicx5\AppData\Local\Temp\cc9k9ag2.s 			page 224


 6113      407753C2 
 6113      BD97DD4B 
 6113      08D6CCD3 
 6113      CC
 6114 0109 7C64E6CB 		.ascii	"|d\346\313\\\217\002\3174$\336)\37266o\313\223L\364"
 6114      5C8F02CF 
 6114      3424DE29 
 6114      FA36366F 
 6114      CB934CF4 
 6115 011d 45FF6741 		.ascii	"E\377gA\344\326\003\331wF\247\355z\222\213/\374\313"
 6115      E4D603D9 
 6115      7746A7ED 
 6115      7A928B2F 
 6115      FCCB
 6116 012f B83F994C 		.ascii	"\270?\231L&\371\207\314]l\3365\261{@\033\233\213\372"
 6116      26F987CC 
 6116      5D6CDE35 
 6116      B17B401B 
 6116      9B8BFA
 6117 0142 49379175 		.ascii	"I7\221u\036\262\316B\3269\310:\003\235\316:\353\374"
 6117      1EB2CE42 
 6117      D639C83A 
 6117      039DCE3A 
 6117      EBFC
 6118 0154 833A03B0 		.ascii	"\203:\003\260\3169\353\354c\235{\2543\217uN\2553\316"
 6118      CE39EBEC 
 6118      639D7BAC 
 6118      338F754E 
 6118      AD33CE
 6119 0167 3AA3A7F3 		.ascii	":\243\247\363i\235M\323\331Z\347j\235K\353\374\325\331"
 6119      699D4DD3 
 6119      D95AE76A 
 6119      9D4BEBFC 
 6119      D5D9
 6120 0179 AB7317A8 		.ascii	"\253s\027\2503\274\030\207\364\214\334\333#\371v\327"
 6120      33BC1887 
 6120      F48CDCDB 
 6120      23F976D7 
 6121 0189 6A96235D 		.ascii	"j\226#]\3546\2663gqG\351#\247FZ\214W\345\225\322p\310"
 6121      EC36B633 
 6121      677147E9 
 6121      23A7465A 
 6121      8C57E595 
 6122 01a0 EC20B95A 		.ascii	"\354 \271Zkb.^\371\005r\237\215\215\014\371\346\336"
 6122      6B622E5E 
 6122      F905729F 
 6122      8D8D0CF9 
 6122      E6DE
 6123 01b2 5F90FADE 		.ascii	"_\220\372\336\364y\336t\013\326\340\222>\322\220h\204"
 6123      F479DE74 
 6123      0BD6E092 
 6123      3ED29068 
 6123      84
 6124 01c3 6271BFA5 		.ascii	"bq\277\2457\244\275\342\244}d\321\307=j#\030\006\314"
 6124      37A4BDE2 
 6124      A47D64D1 
 6124      C73D6A23 
ARM GAS  C:\Users\nicx5\AppData\Local\Temp\cc9k9ag2.s 			page 225


 6124      1806CC
 6125 01d6 827EEF87 		.ascii	"\202~\357\207\266D\251\310X\222zew\357an\216j\270\034"
 6125      B644A9C8 
 6125      58927A65 
 6125      77EF616E 
 6125      8E6AB81C 
 6126 01ea C968BE18 		.ascii	"\311h\276\030\317\224_\306U\366\3746\036\311\230\177"
 6126      CF945FC6 
 6126      55F6FC36 
 6126      1EC9987F 
 6127 01fa 7EEE0C54 		.ascii	"~\356\014T[\001q\336;\306\200\273\312/*\205\355j>\204"
 6127      5B0171DE 
 6127      3BC680BB 
 6127      CA2F2A85 
 6127      ED6A3E84 
 6128 020e 21D1F840 		.ascii	"!\321\370@\256o\277\203H\335\355#[~-\372\377\362\273"
 6128      AE6FBF83 
 6128      48DDED23 
 6128      5B7E2DFA 
 6128      FFF2BB
 6129 0221 4B8CD747 		.ascii	"K\214\327Gv\367\377\257\244\313\014\370@\306\200V\244"
 6129      76F7FFAF 
 6129      A4CB0CF8 
 6129      40C68056 
 6129      A4
 6130 0232 8D7889AD 		.ascii	"\215x\211\255\375\227q\367\224\365\367\035\323p9\222"
 6130      FD9771F7 
 6130      94F5F71D 
 6130      D3703992 
 6131 0242 99A55A8A 		.ascii	"\231\245Z\212\177\000\264 \273\357b\377\216yD\243M\235"
 6131      7F00B420 
 6131      BBEF62FF 
 6131      8E7944A3 
 6131      4D9D
 6132 0254 F77231E0 		.ascii	"\367r1\340>\243P\342$\322\225\273\205\355\332\001\025"
 6132      3EA350E2 
 6132      24D295BB 
 6132      85EDDA01 
 6132      15
 6133 0265 9C262C41 		.ascii	"\234&,A\241T+N\240\220\252(\244\234\033H)\020\001\""
 6133      A1542B4E 
 6133      A090AA28 
 6133      A49C1B48 
 6133      29100122 
 6134 0279 81925292 		.ascii	"\201\222R\222\000\254%'\015%G%\205\260Z\001e\302\004"
 6134      00AC2527 
 6134      0D254725 
 6134      85B05A01 
 6134      65C204
 6135 028c 099F1295 		.ascii	"\011\237\022\225\012\253^\324\317\251\007ea\002\023"
 6135      0AAB5ED4 
 6135      CFA90765 
 6135      610213
 6136 029b 14165603 		.ascii	"\024\026V\003\246\236\325O\212\305\324\217\202\002\306"
 6136      A69ED54F 
 6136      8AC5D48F 
 6136      8202C6
ARM GAS  C:\Users\nicx5\AppData\Local\Temp\cc9k9ag2.s 			page 226


 6137 02aa AA5A627A 		.ascii	"\252Zbz\362)]\310\340\364dU\342W\265\341\351A\205 f"
 6137      F2295DC8 
 6137      E0F46455 
 6137      E257B5E1 
 6137      E9418520 
 6138 02bf 2EDE2EEF 		.ascii	".\336.\357\017\265\354\271\306\307\326\007\331\2276"
 6138      0FB5ECB9 
 6138      C6C7D607 
 6138      D99736
 6139 02ce 2CEFBD37 		.ascii	",\357\2757\035B\223\324\245\205~\350Q\030f\204>iH4\336"
 6139      1D4293D4 
 6139      A5857EE8 
 6139      51186684 
 6139      3E694834 
 6140 02e3 19C3057D 		.ascii	"\031\303\005}\233\003-\015\364A\217\006\011\206\001"
 6140      9B032D0D 
 6140      F4418F06 
 6140      098601
 6141 02f2 D780DEC1 		.ascii	"\327\200\336\301\034.\303\245\315\035\364\313\324ZN"
 6141      1C2EC3A5 
 6141      CD1DF4CB 
 6141      D45A4E
 6142 0301 A71D0153 		.ascii	"\247\035\001S\347\374\262+\255\373y\335\347\334:\364"
 6142      E7FCB22B 
 6142      ADFB79DD 
 6142      E7DC3AF4 
 6143 0311 18311F3C 		.ascii	"\0301\037<P\331\256?\037!\367\000\206|>\327\363>=\245"
 6143      50D9AE3F 
 6143      1F21F700 
 6143      867C3ED7 
 6143      F33E3DA5 
 6144 0325 77DFD3C6 		.ascii	"w\337\323\306\261\270\261\3710y\002h\250QD%\215a\244"
 6144      B1B8B1F9 
 6144      30790268 
 6144      A8514425 
 6144      8D61A4
 6145 0338 48868224 		.ascii	"H\206\202$)\025:\320\"!\262y\021\000\261DVMIA\012\007"
 6145      29153AD0 
 6145      2221B279 
 6145      1100B144 
 6145      564D4941 
 6146 034e 5C209D23 		.ascii	"\\ \235#\026L.\310\027\310Y\232\367\004\277#\004\022"
 6146      164C2EC8 
 6146      17C8599A 
 6146      F704BF23 
 6146      0412
 6147 0360 AEF18D46 		.ascii	"\256\361\215F\270\005B\233\3701|\023\026\366\344(\306"
 6147      B805429B 
 6147      F8317C13 
 6147      16F6E428 
 6147      C6
 6148 0371 98CA6CB6 		.ascii	"\230\312l\266HN\311\365~\022\333|\024_\232\306\321\237"
 6148      484EC9F5 
 6148      7E12DB7C 
 6148      145F9AC6 
 6148      D19F
 6149 0383 6B2B12EF 		.ascii	"k+\022\357[yQ\001\331\370\356g\337\033\022Y\002\340"
ARM GAS  C:\Users\nicx5\AppData\Local\Temp\cc9k9ag2.s 			page 227


 6149      5B795101 
 6149      D9F8EE67 
 6149      DF1B1259 
 6149      02E0
 6150 0395 E443193F 		.ascii	"\344C\031?\314c\242ph\035\361\344\346B!\264D=@e\377"
 6150      CC63A270 
 6150      681DF1E4 
 6150      E64221B4 
 6150      443D4065 
 6151 03aa 561C4261 		.ascii	"V\034Ba\275s\362\242\335\236\021L{\020\330\320\311{"
 6151      BD73F2A2 
 6151      DD9E114C 
 6151      7B10D8D0 
 6151      C97B
 6152 03bc D685704B 		.ascii	"\326\205pK[P\205%`\372E\310t\312\375\030\301\203\262"
 6152      5B508525 
 6152      60FA45C8 
 6152      74CAFD18 
 6152      C183B2
 6153 03cf 94547DFD 		.ascii	"\224T}\375\2758\372\004\0160B\244'\200Af\302+*\"\212"
 6153      BD38FA04 
 6153      0E3042A4 
 6153      27804166 
 6153      C22B2A22 
 6154 03e4 44ED8AC0 		.ascii	"D\355\212\300'\230\3006\020A\035{\265\2200t\010\342"
 6154      2798C036 
 6154      10411D7B 
 6154      B5903074 
 6154      08E2
 6155 03f6 68EB587F 		.ascii	"h\353X\177"
 6156              		.text
 6157              		.section	.gnu.lto_USB_EPClearStall.354.1f2fd384,"e",%progbits
 6158 0000 28B52FFD 		.ascii	"(\265/\375`\344\004\275\034\000\366\363\267G\220\232"
 6158      60E404BD 
 6158      1C00F6F3 
 6158      B747909A 
 6159 0010 513A01A3 		.ascii	"Q:\001\243\357\242W\003lL\036\024\225\260a\226\267z"
 6159      EFA25703 
 6159      6C4C1E14 
 6159      95B06196 
 6159      B77A
 6160 0022 EF40C282 		.ascii	"\357@\302\202H\216\345B\252\353\325\251\037\375\256"
 6160      488EE542 
 6160      AAEBD5A9 
 6160      1FFDAE
 6161 0031 9D371081 		.ascii	"\2357\020\201m\205\340\210\260\242\341\340-\277\354"
 6161      6D85E088 
 6161      B0A2E1E0 
 6161      2DBFEC
 6162 0040 0BB993EA 		.ascii	"\013\271\223\352T\246\230\202\374\007\364h\305\300\217"
 6162      54A69882 
 6162      FC07F468 
 6162      C5C08F
 6163 004f 92BF3791 		.ascii	"\222\2777\2212\311\243\000\222\000\241\000\344\347\201"
 6163      32C9A300 
 6163      9200A100 
 6163      E4E781
ARM GAS  C:\Users\nicx5\AppData\Local\Temp\cc9k9ag2.s 			page 228


 6164 005e 1B49BBC3 		.ascii	"\033I\273\303)\256>j\027\213\\q\326\324:L\360\271*H"
 6164      29AE3E6A 
 6164      178B5C71 
 6164      D6D43A4C 
 6164      F0B92A48 
 6165 0072 0362492D 		.ascii	"\003bI-t\341\253\201\202\3744\240&\211y\367J\276\244"
 6165      74E1AB81 
 6165      82FC34A0 
 6165      268979F7 
 6165      4ABEA4
 6166 0085 EA4C5E8C 		.ascii	"\352L^\214C\225F\317\306\225Z\207\012\366\002\3719t"
 6166      439546CF 
 6166      C6955A87 
 6166      0AF602F9 
 6166      3974
 6167 0097 1BFD1CFF 		.ascii	"\033\375\034\377C?wws\015\252\326\252\353\225$\273\016"
 6167      433F7777 
 6167      730DAAD6 
 6167      AAEB9524 
 6167      BB0E
 6168 00a9 5C6E724C 		.ascii	"\\nrLyS\353\020\327Bnu\031\235c\263\325\376]\277\214"
 6168      7953EB10 
 6168      D7426E75 
 6168      199D63B3 
 6168      D5FE5DBF 
 6169 00be 1F12DF0F 		.ascii	"\037\022\337\017\010\3432\332\343\231\343\343X\240\310"
 6169      08E332DA 
 6169      E399E3E3 
 6169      58A0C8
 6170 00cd 95A606F4 		.ascii	"\225\246\006\364\215\002\264\300\262h\300+\356\021\201"
 6170      8D02B4C0 
 6170      B268C02B 
 6170      EE1181
 6171 00dc 1658560D 		.ascii	"\026XV\015\2105\332\212\\i\336u\216\001\3441\313&\324"
 6171      8835DA8A 
 6171      5C69DE75 
 6171      8E01E431 
 6171      CB26D4
 6172 00ef 5A977F40 		.ascii	"Z\227\177@\033_\362\273\273\333\335\272;v\011\215\024"
 6172      1B5FF2BB 
 6172      BBDBDDBA 
 6172      3B76098D 
 6172      14
 6173 0100 14C211EA 		.ascii	"\024\302\021\352\023?\264\343r\003\264P\267\227ol\327"
 6173      133FB4E3 
 6173      7203B450 
 6173      B7976F6C 
 6173      D7
 6174 0111 BCCD3D09 		.ascii	"\274\315=\011#S\271\334!\014\356 \373.\313\262\334\016"
 6174      2353B9DC 
 6174      210CEE20 
 6174      FB2ECBB2 
 6174      DC0E
 6175 0123 EE7EF8BD 		.ascii	"\356~\370\275]\370\0178\361+t&\177\000\312\033Dym\223"
 6175      5DF80F38 
 6175      F12B7426 
 6175      7F00CA1B 
ARM GAS  C:\Users\nicx5\AppData\Local\Temp\cc9k9ag2.s 			page 229


 6175      44796D93 
 6176 0137 1768F2FE 		.ascii	"\027h\362\376P^\037\312\333C\362\002\240\274<\224\267"
 6176      505E1FCA 
 6176      DB43F202 
 6176      A0BC3C94 
 6176      B7
 6177 0148 46797728 		.ascii	"Fyw(\257\016\345\245M\336\234\311;\243\274$\345\225"
 6177      AF0EE5A5 
 6177      4DDE9CC9 
 6177      3BA3BC24 
 6177      E595
 6178 015a C97829E5 		.ascii	"\311x)\345\235\224w\244\274=yy\362\236\300\334\021\205"
 6178      9D9477A4 
 6178      BC3D7979 
 6178      F29EC0DC 
 6178      1185
 6179 016c 0844C28C 		.ascii	"\010D\302\214Zy\224o\352\230\231\245\310\207?\361\274"
 6179      5A79946F 
 6179      EA9899A5 
 6179      C8873FF1 
 6179      BC
 6180 017d 5BB56FF2 		.ascii	"[\265o\362\256\245\035\350\021\247\306\012\345l\270"
 6180      AEA51DE8 
 6180      11A7C60A 
 6180      E56CB8
 6181 018c C48C4C05 		.ascii	"\304\214L\005Y]h\215\013\012u_H\366I\0210bc\224\347"
 6181      595D688D 
 6181      0B0A755F 
 6181      48F64911 
 6181      30626394 
 6182 01a1 F4895D61 		.ascii	"\364\211]a>\366':\353\234\236y\365\264xL\3272\353[P"
 6182      3EF6273A 
 6182      EB9C9E79 
 6182      F5B4784C 
 6182      D732EB5B 
 6183 01b6 B81B4236 		.ascii	"\270\033B6\026\005@\376k\3033V\226\345\211\250\254\311"
 6183      160540FE 
 6183      6BC33356 
 6183      96E589A8 
 6183      ACC9
 6184 01c8 9685F974 		.ascii	"\226\205\371t\360B\274J\023Y\353\226\203=\025\235\223"
 6184      F042BC4A 
 6184      1359EB96 
 6184      833D159D 
 6184      93
 6185 01d9 0AFA29EB 		.ascii	"\012\372)\353\231\220\330\274\235M\373\2761\237z\":"
 6185      9990D8BC 
 6185      9D4DFBBE 
 6185      319F7A22 
 6185      3A
 6186 01ea F614EAEE 		.ascii	"\366\024\352\356\261\337\323\032:\021\275u\367\344\322"
 6186      B1DFD31A 
 6186      3A11BD75 
 6186      F7E4D2
 6187 01f9 3BC26BDE 		.ascii	";\302k\336f\370\012\236\310OkLw\220\375\237(w\256\353"
 6187      66F80A9E 
 6187      C84F6B4C 
ARM GAS  C:\Users\nicx5\AppData\Local\Temp\cc9k9ag2.s 			page 230


 6187      7790FD9F 
 6187      2877AEEB 
 6188 020d CC158FED 		.ascii	"\314\025\217\355.\211C\341\026\372\332\272\365\207\357"
 6188      2E8943E1 
 6188      16FADABA 
 6188      F587EF
 6189 021c DBAE893B 		.ascii	"\333\256\211;y\"k\275r\260\367B\202\"\205|\356]\320"
 6189      79226BBD 
 6189      72B0F742 
 6189      8222857C 
 6189      EE5DD0
 6190 022f CF071694 		.ascii	"\317\007\026\224(\0341\315\240X\240H\3414S8\361>pb0"
 6190      281C31CD 
 6190      A058A048 
 6190      E1345338 
 6190      F13E7062 
 6191 0244 22C40223 		.ascii	"\"\304\002#\243\242\033\325\221\322\206q\233\212DH\261"
 6191      A3A21BD5 
 6191      91D28671 
 6191      9B8A4448 
 6191      B1
 6192 0255 603A71A2 		.ascii	"`:q\242D\316\010j\205\024\256I\247\204c\272@\001\211"
 6192      44CE086A 
 6192      8514AE49 
 6192      A78463BA 
 6192      400189
 6193 0268 898AEA01 		.ascii	"\211\212\352\001\022NJ\347\324\302\204\256\002\203\245"
 6193      124E4AE7 
 6193      D4C284AE 
 6193      0283A5
 6194 0277 8A3A425A 		.ascii	"\212:BZ\312\031a\320\240\264$\365\244\213\342\260\024"
 6194      CA1961D0 
 6194      A0B424F5 
 6194      A48BE2B0 
 6194      14
 6195 0288 C102D0EE 		.ascii	"\301\002\320\356\016\353\307\016ZQ\022M\217]\3736Ge"
 6195      0EEBC70E 
 6195      5A51124D 
 6195      8F5DFB36 
 6195      4765
 6196 029a 6B940599 		.ascii	"k\224\005\231\201\340\345\266\016\352\331\2172\266\206"
 6196      81E0E5B6 
 6196      0EEAD98F 
 6196      32B686
 6197 02a9 10F69F13 		.ascii	"\020\366\237\023\254\037\024h\313\177\032\250\370\243"
 6197      AC1F1468 
 6197      CB7F1AA8 
 6197      F8A3
 6198 02b7 C6A7C514 		.ascii	"\306\247\305\024YyO\373\364\014\313\303\303\200\201"
 6198      59794FFB 
 6198      F40CCBC3 
 6198      C38081
 6199 02c6 F810453F 		.ascii	"\370\020E?{x\032@P\255yv\272v)\277\365NO3g\030KX\261"
 6199      7B781A40 
 6199      50AD7976 
 6199      BA7629BF 
 6199      F54E4F33 
ARM GAS  C:\Users\nicx5\AppData\Local\Temp\cc9k9ag2.s 			page 231


 6200 02df C7D4F982 		.ascii	"\307\324\371\202{\255\225\326:=\303\341\013Y\250Q<&"
 6200      7BAD95D6 
 6200      3A3DC3E1 
 6200      0B59A851 
 6200      3C26
 6201 02f1 8D418252 		.ascii	"\215A\202R#\"\243Mq\265\001\320\"\231\242\362\021\340"
 6201      2322A34D 
 6201      71B501D0 
 6201      2299A2F2 
 6201      11E0
 6202 0303 2C87B4A9 		.ascii	",\207\264\251\013\013Z8\\\300\237\237\274\202\224\276"
 6202      0B0B5A38 
 6202      5CC09F9F 
 6202      BC8294BE 
 6203 0313 9E52A9C1 		.ascii	"\236R\251\301(o\315V|\220b\265\352nJV6\220i\020A\354"
 6203      286FCD56 
 6203      7C9062B5 
 6203      EA6E4A56 
 6203      36906910 
 6204 0329 D80762EB 		.ascii	"\330\007b\353rt\265\332.\021\234|\254\023\372\263\023"
 6204      7274B5DA 
 6204      2E119C7C 
 6204      AC13FAB3 
 6204      13
 6205 033a 186DFF49 		.ascii	"\030m\377I\214f\325[\370?&\036\355K\356\206\375\216"
 6205      8C66D55B 
 6205      F83F261E 
 6205      ED4BEE86 
 6205      FD8E
 6206 034c DDB4A00E 		.ascii	"\335\264\240\016\332\036\201\371#\015\273\363%\222z"
 6206      DA1E81F9 
 6206      230DBBF3 
 6206      25927A
 6207 035b 899D8F82 		.ascii	"\211\235\217\202*.\266\367\021\373\316}}\317\027Uh\217"
 6207      2A2EB6F7 
 6207      11FBCE7D 
 6207      7DCF1755 
 6207      688F
 6208 036d 0302392A 		.ascii	"\003\0029*\262\000\301\315\013A=5\206\241>2rT/d\204"
 6208      B200C1CD 
 6208      0B413D35 
 6208      86A13E32 
 6208      72542F64 
 6209 0382 1394A5AC 		.ascii	"\023\224\245\254\362\324\245\200\353I\363\310\364\217"
 6209      F2D4A580 
 6209      EB49F3C8 
 6209      F48F
 6210 0390 56C07653 		.ascii	"V\300vS\211\243\256BJ/\316\236\252\270\344Q\003"
 6210      89A3AE42 
 6210      4A2FCE9E 
 6210      AAB8E451 
 6210      03
 6211              		.text
 6212              		.section	.gnu.lto_USB_StopDevice.355.1f2fd384,"e",%progbits
 6213 0000 28B52FFD 		.ascii	"(\265/\375`\371\003\325\032\000\246/\250G\240ZQ:L\357"
 6213      60F903D5 
 6213      1A00A62F 
ARM GAS  C:\Users\nicx5\AppData\Local\Temp\cc9k9ag2.s 			page 232


 6213      A847A05A 
 6213      513A4CEF 
 6214 0014 6A30C686 		.ascii	"j0\306\206)=*0\214\226?\334\255,\204\210\254\233\336"
 6214      293D2A30 
 6214      8C963FDC 
 6214      AD2C8488 
 6214      AC9BDE
 6215 0027 EBE3C19D 		.ascii	"\353\343\301\235\315\267\245\324\327\342\257Gu\272\256"
 6215      CDB7A5D4 
 6215      D7E2AF47 
 6215      75BAAE
 6216 0036 DF7FB946 		.ascii	"\337\177\271F0\354\037\026\303\001\021cHU\331p)\344"
 6216      30EC1F16 
 6216      C3011163 
 6216      4855D970 
 6216      29E4
 6217 0048 899CEBDA 		.ascii	"\211\234\353\332\356\252\033i{o)\223\014\223\000\210"
 6217      EEAA1B69 
 6217      7B6F2993 
 6217      0C930088 
 6218 0058 00930039 		.ascii	"\000\223\0009\256CjWUAe]\325:6\370\\\027\"O\021\017"
 6218      AE436A57 
 6218      5541655D 
 6218      D53A36F8 
 6218      5C17224F 
 6219 006e CCAFB297 		.ascii	"\314\257\262\227\362)H\247bcuju\243\206K\255\243\203"
 6219      F22948A7 
 6219      6263756A 
 6219      75A3864B 
 6219      ADA383
 6220 0081 E5207ECE 		.ascii	"\345 ~\316^\200~\312\017\240\237\264\010H\253\353\312"
 6220      5E807ECA 
 6220      0FA09FB4 
 6220      0848ABEB 
 6220      CA
 6221 0092 25CA6E04 		.ascii	"%\312n\004\324U\217-Y\265\216>\235da\227\343W\262\356"
 6221      D4558F2D 
 6221      59B58E3E 
 6221      9D646197 
 6221      E357B2EE 
 6222 00a6 2D3A65B3 		.ascii	"-:e\263n\017\240\227\364\226\330\343T&\030\362\344F"
 6222      6E0FA097 
 6222      F496D8E3 
 6222      542618F2 
 6222      E446
 6223 00b8 406F49CE 		.ascii	"@oI\316\306P1\005\3501\361\224\262\326*\240\247$/p\216"
 6223      C6503105 
 6223      E831F194 
 6223      B2D62AA0 
 6223      A7242F70 
 6224 00cd 1E8F6513 		.ascii	"\036\217e\023\247\367\201wi\201\322\246\251\347tn\001"
 6224      A7F78177 
 6224      6981D2A6 
 6224      A9E7746E 
 6224      01
 6225 00de D55A979B 		.ascii	"\325Z\227\233z<\276\342w7\307\356\"\3556\231\237\355"
 6225      7A3CBEE2 
ARM GAS  C:\Users\nicx5\AppData\Local\Temp\cc9k9ag2.s 			page 233


 6225      7737C7EE 
 6225      22ED3699 
 6225      9FED
 6226 00f0 78B8B08E 		.ascii	"x\270\260\216u_a\212\263k\336r\020\315\201\327\011\226"
 6226      755F618A 
 6226      B36BDE72 
 6226      10CD81D7 
 6226      0996
 6227 0102 B1AA3CDC 		.ascii	"\261\252<\3341\211\373\310~\326Q\273;\377}e\037\277"
 6227      3189FBC8 
 6227      7ED651BB 
 6227      3BFF7D65 
 6227      1FBF
 6228 0114 B153F961 		.ascii	"\261S\371a\313\233s\337\367%\362\272Z\274\242\344mQ"
 6228      CB9B73DF 
 6228      F725F2BA 
 6228      5ABCA2E4 
 6228      6D51
 6229 0126 5E2A79E7 		.ascii	"^*y\347\344\225\222\267%/K\336\033\230OR\277\250\036"
 6229      E49592B7 
 6229      252F4BDE 
 6229      1B984F52 
 6229      BFA81E
 6230 0139 25B53E0D 		.ascii	"%\265>\015\263*\325\354\262\344\276\177\374\177\357"
 6230      B32AD5EC 
 6230      B2E4BE7F 
 6230      FC7FEF
 6231 0148 DDEF7E0A 		.ascii	"\335\357~\012io\345R\007n\000\236'\300\377t\\u\324\376"
 6231      696FE552 
 6231      076E009E 
 6231      27C0FF74 
 6231      5C75D4FE 
 6232 015c 99815A73 		.ascii	"\231\201ZsUCJj\314\311\212\345XPl\230\300\020?y\204"
 6232      55434A6A 
 6232      CCC98AE5 
 6232      58506C98 
 6232      C0103F79 
 6233 0171 1E766FC5 		.ascii	"\036vo\305\027^\\\024!\210A?)\264Z\214\305\272E\023"
 6233      175E5C14 
 6233      2188413F 
 6233      29B45A8C 
 6233      C5BA4513 
 6234 0185 4E994231 		.ascii	"N\231B1\275\323T\014\177\352\257\336\221\341\314\015"
 6234      BDD3540C 
 6234      7FEAAFDE 
 6234      91E1CC0D 
 6235 0195 8E731C48 		.ascii	"\216s\034H\204\274\032hW\345N\337\367\331\3569\372\352"
 6235      84BC1A68 
 6235      57E54EDF 
 6235      F7D9EE39 
 6235      FAEA
 6236 01a7 9D144282 		.ascii	"\235\024B\202C-\337\265]\030\274\245`\200\243\237\027"
 6236      432DDFB5 
 6236      5D18BCA5 
 6236      6080A39F 
 6236      17
 6237 01b8 6653D98C 		.ascii	"fS\331\214j6\303\347\350\256\321\263\254\020k\015\""
ARM GAS  C:\Users\nicx5\AppData\Local\Temp\cc9k9ag2.s 			page 234


 6237      6A36C3E7 
 6237      E8AED1B3 
 6237      AC106B0D 
 6237      22
 6238 01c9 618F8546 		.ascii	"a\217\205F\213\005F\222|\356g\320O\013F\326\374\232"
 6238      8B054692 
 6238      7CEE67D0 
 6238      4F0B46D6 
 6238      FC9A
 6239 01db B7DDB2AF 		.ascii	"\267\335\262\257S\257\200rws\177\351\307\354\012\350"
 6239      53AF8072 
 6239      77737FE9 
 6239      C7EC0AE8 
 6240 01eb ABDF5F72 		.ascii	"\253\337_r\302k\336~\020\022i\252Z\223\272\217<G\357"
 6240      C26BDE7E 
 6240      101269AA 
 6240      5A93BA8F 
 6240      3C47EF
 6241 01fe BB11100E 		.ascii	"\273\021\020\016\276\241\005\261b\37512l\267\3360\204"
 6241      BEA105B1 
 6241      62FD3132 
 6241      6CB7DE30 
 6241      84
 6242 020f 21A8E632 		.ascii	"!\250\3462\372N\260A@a\342\301\317O\317\201\243\240"
 6242      FA4EB041 
 6242      4061E2C1 
 6242      CF4FCF81 
 6242      A3A0
 6243 0221 A110728B 		.ascii	"\241\020r\213zN\340f\324X\260PA\373i!\003\347St\033"
 6243      7A4EE066 
 6243      D458B050 
 6243      41FB6921 
 6243      03E75374 
 6244 0236 F2A971C0 		.ascii	"\362\251q\300 T;:\232 \344\203\273\331h\030\3354@\330"
 6244      20543B3A 
 6244      9A20E483 
 6244      BBD96818 
 6244      DD3440D8 
 6245 024a A3174142 		.ascii	"\243\027ABD\264\237\016 \206\210p+n/D\020U\330@`w\307"
 6245      44B49F0E 
 6245      20868870 
 6245      2B6E2F44 
 6245      1055D840 
 6246 0261 FA5947ED 		.ascii	"\372YG\355J\352\352\003\317>\234\332\010\247\254srz"
 6246      4AEAEA03 
 6246      CF3E9CDA 
 6246      08A7AC73 
 6246      727A
 6247 0273 8176CDD4 		.ascii	"\201v\315\324\012\341j\331J\260.;\340\320\353\250\254"
 6247      0AE16AD9 
 6247      4AB02E3B 
 6247      E0D0EBA8 
 6247      AC
 6248 0284 69409A10 		.ascii	"i@\232\020\313J\326\377}F\200a\275;\202\004\277I\326"
 6248      CB4AD6FF 
 6248      7D468061 
 6248      BD3B8204 
ARM GAS  C:\Users\nicx5\AppData\Local\Temp\cc9k9ag2.s 			page 235


 6248      BF49D6
 6249 0297 3620375A 		.ascii	"6 7Zii\3024%\036\246\252v0U\254\352\324wM\374KS\250"
 6249      6969C234 
 6249      251EA6AA 
 6249      763055AC 
 6249      EAD4774D 
 6250 02af 81240319 		.ascii	"\201$\003\031S\312\210L0\"a\266\305\214\001\220\002"
 6250      53CA884C 
 6250      302261B6 
 6250      C58C0190 
 6250      02
 6251 02c0 99AA6207 		.ascii	"\231\252b\007\021\220\255e\030\032\353\354gg\000\212"
 6251      1190AD65 
 6251      181AEBEC 
 6251      6767008A 
 6252 02d0 91659932 		.ascii	"\221e\2312\351\211\257@\3241m\034\312\017\230\256\005"
 6252      E989AF40 
 6252      D4316D1C 
 6252      CA0F98AE 
 6252      05
 6253 02e1 9E4BD54B 		.ascii	"\236K\325K\202.\377\241?\272\004d\010Ue q?r\270\320"
 6253      822EFFA1 
 6253      3FBA0464 
 6253      08556520 
 6253      713F72B8 
 6254 02f6 9B67DDA9 		.ascii	"\233g\335\251V!\361\322\020\007\276\362\262\220\371"
 6254      5621F1D2 
 6254      1007BEF2 
 6254      B290F9
 6255 0305 51DD296F 		.ascii	"Q\335)o\007K\262T\001\220\253\203\006x\205R\237\336"
 6255      074BB254 
 6255      0190AB83 
 6255      06788552 
 6255      9FDE
 6256 0317 82904403 		.ascii	"\202\220D\003\0237?2\223\351\221\306\335\031#\014)\015"
 6256      13373F32 
 6256      93E991C6 
 6256      DD19230C 
 6256      290D
 6257 0329 A9E39504 		.ascii	"\251\343\225\004\002\2513B\235\2532\232\311\246\275"
 6257      02A93342 
 6257      9DAB329A 
 6257      C9A6BD
 6258 0338 E314C0E4 		.ascii	"\343\024\300\344\347\322\216\213z\354J\223\301\230\036"
 6258      E7D28E8B 
 6258      7AEC4A93 
 6258      C1981E
 6259 0347 82A7CACC 		.ascii	"\202\247\312\314\353\241C\251\276g|\245E\000J\213\207"
 6259      EBA143A9 
 6259      BE677CA5 
 6259      45004A8B 
 6259      87
 6260 0358 17FE5101 		.ascii	"\027\376Q\001j.@\230L_\247\002"
 6260      6A2E4098 
 6260      4C5FA702 
 6261              		.text
 6262              		.section	.gnu.lto_USB_SetDevAddress.356.1f2fd384,"e",%progbits
ARM GAS  C:\Users\nicx5\AppData\Local\Temp\cc9k9ag2.s 			page 236


 6263 0000 28B52FFD 		.ascii	"(\265/\375`\357\001\235\021\000\026\341wH\320\362&\035"
 6263      60EF019D 
 6263      110016E1 
 6263      7748D0F2 
 6263      261D
 6264 0012 A3C7B31C 		.ascii	"\243\307\263\034$\303\376A\230/\374\206x\226\324\252"
 6264      24C3FE41 
 6264      982FFC86 
 6264      7896D4AA 
 6265 0022 6A342226 		.ascii	"j4\"&\001#n:\270G\206\0323\333\216Y\327\334;^\234P\037"
 6265      01236E3A 
 6265      B847861A 
 6265      33DB8E59 
 6265      D7DC3B5E 
 6266 0039 2A366DB6 		.ascii	"*6m\266\336\366U\321\201Xy\243\\\247\206A\362\003\345"
 6266      DEF655D1 
 6266      815879A3 
 6266      5CA78641 
 6266      F203E5
 6267 004c 6F4FD8A8 		.ascii	"oO\330\250\021B6\221;\245`\000[\000d\000'BbT^\007\342"
 6267      11423691 
 6267      3BA56000 
 6267      5B006400 
 6267      27426254 
 6268 0063 AA255153 		.ascii	"\252%QS\332\020~\236\000\211\221\322~\214\313\330y\221"
 6268      DA107E9E 
 6268      008991D2 
 6268      7E8CCBD8 
 6268      7991
 6269 0075 084FB53D 		.ascii	"\010O\265=5 \245\3351\201a\302O\325\007|\237\336\003"
 6269      3520A5DD 
 6269      318161C2 
 6269      4FD5077C 
 6269      9FDE03
 6270 0088 7C9FB6CD 		.ascii	"|\237\266\315Z\260c\231\256\322\213Y\205\334\217\211"
 6270      5AB06399 
 6270      AED28B59 
 6270      85DC8F89 
 6271 0098 1B4EBBE3 		.ascii	"\033N\273\343J\207.\273\224\3717\372G\334r\330n><\227"
 6271      4A872EBB 
 6271      94F937FA 
 6271      47DC72D8 
 6271      6E3E3C97 
 6272 00ac E083DDB5 		.ascii	"\340\203\335\265\274\371\374\334z\333\007l\313l\351"
 6272      BCF9FCDC 
 6272      7ADB076C 
 6272      CB6CE9
 6273 00bb 204F33A5 		.ascii	" O3\245\231\265\324\242\307\312\235G\036\2519\337[\305"
 6273      99B5D4A2 
 6273      C7CA9D47 
 6273      1EA939DF 
 6273      5BC5
 6274 00cd D9D7FD23 		.ascii	"\331\327\375#\037\357\324\213~\221)\215\232\322\341"
 6274      1FEFD48B 
 6274      7E91298D 
 6274      9AD2E1
 6275 00dc 9406A7F4 		.ascii	"\224\006\247\3647\245\347\224\366\246\264~\322rJ\277"
ARM GAS  C:\Users\nicx5\AppData\Local\Temp\cc9k9ag2.s 			page 237


 6275      37A5E794 
 6275      F6A6B47E 
 6275      D2724ABF 
 6276 00ec 64E26A1C 		.ascii	"d\342j\034\345\012$\355\242\3309-\217\211\303\305\307"
 6276      E50A24ED 
 6276      A2D8392D 
 6276      8F89C3C5 
 6276      C7
 6277 00fd DFDEF18D 		.ascii	"\337\336\361\215\2342P\213\261\307\017rW\25421\345J"
 6277      9C32508B 
 6277      B1C70F72 
 6277      57AC3231 
 6277      E54A
 6278 010f 34ED8E08 		.ascii	"4\355\216\010>\255\023\006\000\202lB\336\275\343\373"
 6278      3EAD1306 
 6278      00826C42 
 6278      DEBDE3FB 
 6279 011f 14D41451 		.ascii	"\024\324\024Qm\310\210~\012\006\331\236f6\246\232\340"
 6279      6DC8887E 
 6279      0A06D99E 
 6279      6636A69A 
 6279      E0
 6280 0130 7447303C 		.ascii	"tG0<\245a\302\342\267 $\273]S\317Q>UO\247\016\233\020"
 6280      A561C2E2 
 6280      B72024BB 
 6280      5D53CF51 
 6280      3E554FA7 
 6281 0147 4D69B671 		.ascii	"Mi\266q\216\224\023\356\252`\340\317\010\301!\034\372"
 6281      8E9413EE 
 6281      AA60E0CF 
 6281      08C1211C 
 6281      FA
 6282 0158 F4C5EF53 		.ascii	"\364\305\357S\025\245;R\232\257R_\262G\371RzU\037\265"
 6282      15A53B52 
 6282      9AAF525F 
 6282      B247F952 
 6282      7A551FB5 
 6283 016c 1334A294 		.ascii	"\0234\242\224~\274j&w\026\321\224*\222-..\226\226\027"
 6283      7EBC6A26 
 6283      7716D194 
 6283      2A922D2E 
 6283      2E969617 
 6284 0180 4A146D60 		.ascii	"J\024m`553\240WlT.\314(h\265R\010\304Z\\\023<\323\244"
 6284      353533A0 
 6284      576C542E 
 6284      CC2868B5 
 6284      5208C45A 
 6285 0199 58103DBC 		.ascii	"X\020=\274nn0\260Z8\035\304\025\015\314\265z\301\260"
 6285      6E6E30B0 
 6285      5A381DC4 
 6285      150DCCB5 
 6285      7AC1B0
 6286 01ac BCBC62B1 		.ascii	"\274\274b\261\225\227\225\010\263\321\311\000\203\240"
 6286      95979508 
 6286      B3D1C900 
 6286      83A0
 6287 01ba E2584ECB 		.ascii	"\342XN\313\213\014\253\025A\202KF\324\000\313\241 \323"
ARM GAS  C:\Users\nicx5\AppData\Local\Temp\cc9k9ag2.s 			page 238


 6287      8B0CAB15 
 6287      41824B46 
 6287      D400CBA1 
 6287      20D3
 6288 01cc C04580ED 		.ascii	"\300E\200\355q\357\255\342|\331\027\376H1S\233YKL\250"
 6288      71EFADE2 
 6288      7CD917FE 
 6288      4831539B 
 6288      594B4CA8 
 6289 01e0 A450A7A2 		.ascii	"\244P\247\242\200H\232\216\362\201\032j\" \200\002\021"
 6289      80489A8E 
 6289      F2811A6A 
 6289      22208002 
 6289      11
 6290 01f1 3BF39B41 		.ascii	";\363\233A\230W\256\235\371\221>\217\270\277\265dZ;"
 6290      9857AE9D 
 6290      F9913E8F 
 6290      B8BFB564 
 6290      5A3B
 6291 0203 094C413C 		.ascii	"\011LA<\310W`?\342~\227uv\257xVw\007od\261\213\330\254"
 6291      C857603F 
 6291      E27E9775 
 6291      76AF7856 
 6291      77076F64 
 6292 021b EEDA6189 		.ascii	"\356\332a\211+-Q\212Z\273\010U\274\342\3303\2400\273"
 6292      2B2D518A 
 6292      5ABB0855 
 6292      BCE2D833 
 6292      A030BB
 6293 022e 86D9986E 		.ascii	"\206\331\230n\223x\010WB\"\023_\327{\002"
 6293      93780857 
 6293      4222135F 
 6293      D77B02
 6294              		.text
 6295              		.section	.gnu.lto_USB_DevConnect.357.1f2fd384,"e",%progbits
 6296 0000 28B52FFD 		.ascii	"(\265/\375`\240\001\035\020\0006^mG\320\024U:\250\207"
 6296      60A0011D 
 6296      1000365E 
 6296      6D47D014 
 6296      553AA887 
 6297 0014 2C18E885 		.ascii	",\030\350\205\002\240\332\237\020\011\225NK9\":n\272"
 6297      02A0DA9F 
 6297      1009954E 
 6297      4B39223A 
 6297      6EBA
 6298 0026 1A9B078E 		.ascii	"\032\233\007\216Z\266\333\002\030\232\220\177t$l\260"
 6298      5AB6DB02 
 6298      189A907F 
 6298      74246CB0 
 6299 0036 76C699CD 		.ascii	"v\306\231\315s\037+Q\343\003\014\310\036\251\263\236"
 6299      731F2B51 
 6299      E3030CC8 
 6299      1EA9B39E 
 6300 0046 CC24537E 		.ascii	"\314$S~\204@E\020\002ido\271S\012V\000T\000U\000\013"
 6300      84404510 
 6300      0269646F 
 6300      B9530A56 
ARM GAS  C:\Users\nicx5\AppData\Local\Temp\cc9k9ag2.s 			page 239


 6300      00540055 
 6301 005c 3EEDE13B 		.ascii	">\355\341;\001]b\264\177\3438^\307\2250\201]#Itvs\014"
 6301      015D62B4 
 6301      7FE3385E 
 6301      C7953081 
 6301      5D234974 
 6302 0073 DCF27D9A 		.ascii	"\334\362}\232\374\200\367)_\300\373\264m\222\203\227"
 6302      FC80F729 
 6302      5FC0FBB4 
 6302      6D928397 
 6303 0083 61BA3A36 		.ascii	"a\272:6b\027l:69=\273\271\221\336\016{\204\371\307\371"
 6303      62176C3A 
 6303      36393DBB 
 6303      B991DE0E 
 6303      7B84F9C7 
 6304 0098 53D07ED8 		.ascii	"S\320~\330\320jh\036?\021v\327\221V\243\342\326\333"
 6304      D06A681E 
 6304      3F1176D7 
 6304      9156A3E2 
 6304      D6DB
 6305 00aa 4E605B84 		.ascii	"N`[\204\375\"\001\232c\226$\2462\223v\265 \033C\347"
 6305      FD22019A 
 6305      639624A6 
 6305      329376B5 
 6305      201B43E7 
 6306 00be 68A2DA7C 		.ascii	"h\242\332|\271Z\263\017\336\241\343~\220\214\376d\364"
 6306      B95AB30F 
 6306      DEA1E37E 
 6306      908CFE64 
 6306      F4
 6307 00cf C78BF664 		.ascii	"\307\213\366d\364\224\321RF\353\214\2162\372\001\246"
 6307      F494D152 
 6307      46EB8C8E 
 6307      32FA01A6 
 6308 00df 0C1E3A9B 		.ascii	"\014\036:\233\202\031\273.\302\236\0052{\3208\370\333"
 6308      8219BB2E 
 6308      C29E0532 
 6308      7BD038F8 
 6308      DB
 6309 00f0 2F1FC700 		.ascii	"/\037\307\000Nr\\lpD\334\030\253;;6\037Cvs\001\226\371"
 6309      4E725C6C 
 6309      7044DC18 
 6309      AB3B3B36 
 6309      1F437673 
 6310 0107 8E07BE0E 		.ascii	"\216\007\276\016\326\352\273}\372-\357\363\243 p\252"
 6310      D6EABB7D 
 6310      FA2DEFF3 
 6310      A32070AA 
 6311 0117 3760AAF2 		.ascii	"7`\252\362\304\035N\252\336\234FD@\030\206G.\362T\245"
 6311      C41D4EAA 
 6311      DE9C4644 
 6311      40188647 
 6311      2EF254A5 
 6312 012b 4E13B315 		.ascii	"N\023\263\0252\225\331\327\221\370\360\355\302\370\315"
 6312      3295D9D7 
 6312      91F8F0ED 
 6312      C2F8CD
ARM GAS  C:\Users\nicx5\AppData\Local\Temp\cc9k9ag2.s 			page 240


 6313 013a 9FF13E55 		.ascii	"\237\361>U\217\202\205Ne\276F}\311^\344\205\364\372"
 6313      8F82854E 
 6313      65BE467D 
 6313      C95EE485 
 6313      F4FA
 6314 014c 132D6435 		.ascii	"\023-d5Bz\360&\261\030\032\244!\015,\250\025\223\012"
 6314      427AF026 
 6314      B1181AA4 
 6314      210D2CA8 
 6314      15930A
 6315 015f 64159814 		.ascii	"d\025\230\024\015\030\032\224J(%.\023\252\202\364\013"
 6315      0D181A94 
 6315      4A28252E 
 6315      13AA82F4 
 6315      0B
 6316 0170 4A86D68C 		.ascii	"J\206\326\214*&f\003\251$\003\2425za\241F\252\226\225"
 6316      2A266603 
 6316      A92403A2 
 6316      357A61A1 
 6316      46AA9695 
 6317 0184 93CAE552 		.ascii	"\223\312\345R9\215Z,\230\020\034X\022R\354Z\231N)Ri"
 6317      398D5A2C 
 6317      98101C58 
 6317      1252EC5A 
 6317      994E2952 
 6318 0199 020554AA 		.ascii	"\002\005T\252\325\201\265\262\220\202\300b\300vn/Wk"
 6318      D581B5B2 
 6318      9082C062 
 6318      C0766E2F 
 6318      576B
 6319 01ab 3ECCFB84 		.ascii	">\314\373\204\274\210\351\314\244\035\317\2479\010n"
 6319      BC88E9CC 
 6319      A41DCFA7 
 6319      39086E
 6320 01ba 905CE47D 		.ascii	"\220\\\344}\364\323\271\013  \240\002\221J\363e\340"
 6320      F4D3B90B 
 6320      2020A002 
 6320      914AF365 
 6320      E0
 6321 01cb D12BD7CE 		.ascii	"\321+\327\316\354H_\217\234\321Znjp\343\213\335b\333"
 6321      EC485F8F 
 6321      9CD15A6E 
 6321      6A70E38B 
 6321      DD62DB
 6322 01de 9C5D4476 		.ascii	"\234]Dv\035\251\221\030\227\305\037\006\344\252\015"
 6322      1DA99118 
 6322      97C51F06 
 6322      E4AA0D
 6323 01ed A2192987 		.ascii	"\242\031)\207\025\015'd\214\001\212\314w\014\3414R\343"
 6323      150D2764 
 6323      8C018ACC 
 6323      770CE134 
 6323      52E3
 6324 01ff 1A5DB1E3 		.ascii	"\032]\261\343\301\316i\272\014|\304\327%\236"
 6324      C1CE69BA 
 6324      0C7CC4D7 
 6324      259E
ARM GAS  C:\Users\nicx5\AppData\Local\Temp\cc9k9ag2.s 			page 241


 6325              		.text
 6326              		.section	.gnu.lto_USB_DevDisconnect.358.1f2fd384,"e",%progbits
 6327 0000 28B52FFD 		.ascii	"(\265/\375`\234\001E\020\000F\336mH\320TQ:\310l\023"
 6327      609C0145 
 6327      100046DE 
 6327      6D48D054 
 6327      513AC86C 
 6328 0015 2778B523 		.ascii	"'x\265#A\315K}\366\037\370\225o\202\2118)\310\320L\367"
 6328      41CD4B7D 
 6328      F61FF895 
 6328      6F828938 
 6328      29C8D04C 
 6329 002a A0242362 		.ascii	"\240$#bp?|\371W\214\016V\\;\306\321\365\3404\003\225"
 6329      703F7CF9 
 6329      578C0E56 
 6329      5C3BC6D1 
 6329      F5E03403 
 6330 003f 68B651CC 		.ascii	"h\266Q\314F4\226\241Yb\304zU\027\305\265'\215\354-w"
 6330      463496A1 
 6330      5962C47A 
 6330      5517C5B5 
 6330      278DEC2D 
 6331 0054 4A015600 		.ascii	"J\001V\000T\000U\000\011>\315\341+A\301\022\243\375"
 6331      54005500 
 6331      093ECDE1 
 6331      2B41C112 
 6331      A3FD
 6332 0066 1BC7313B 		.ascii	"\033\3071;\317\010i\332\02336@\273;\005^\371>M7\340"
 6332      CF0869DA 
 6332      13333640 
 6332      BB3B055E 
 6332      F93E4D37 
 6333 007b 7DCA13F0 		.ascii	"}\312\023\360>m\033d03M\027\250F\255\202N\215\212\237"
 6333      3E6D1B64 
 6333      30334D17 
 6333      A846AD82 
 6333      4E8D8A9F 
 6334 008f A2DD1D4A 		.ascii	"\242\335\035Js\247=\322\374\367\374&p@f\340hd\036G\017"
 6334      73A73DD2 
 6334      FCF7FC26 
 6334      704066E0 
 6334      68641E47 
 6335 00a4 76D71147 		.ascii	"v\327\021GSs\353m#\260\015\302>Q\232\343v\244\2466\203"
 6335      5373EB6D 
 6335      23B00DC2 
 6335      3E519AE3 
 6335      76A4A636 
 6336 00b9 413B4136 		.ascii	"A;A6\206\336\311D\315\361\345*\216}\335]:\317O\222\321"
 6336      86DEC944 
 6336      CDF1E52A 
 6336      8E7DDD5D 
 6336      3ACF4F92 
 6337 00ce 9F8C1E79 		.ascii	"\237\214\036y\321\236\214\2362Z\312h\235\321QF?\300"
 6337      D19E8C9E 
 6337      325ACA68 
 6337      9DD15146 
 6337      3FC0
ARM GAS  C:\Users\nicx5\AppData\Local\Temp\cc9k9ag2.s 			page 242


 6338 00e0 DCF9E193 		.ascii	"\334\371\341\223\003\362\330}\021\026\255\320\354A\343"
 6338      03F2D87D 
 6338      1116ADD0 
 6338      EC41E3
 6339 00ef BADF9EF9 		.ascii	"\272\337\236\371=\006P\322\202\305\326\205\210+cuhH"
 6339      3D0650D2 
 6339      82C5D685 
 6339      882B6375 
 6339      6848
 6340 0101 274591DD 		.ascii	"'E\221\335]\206\371\216\006\276\016\330\353\313}\372"
 6340      5D86F98E 
 6340      06BE0ED8 
 6340      EBCB7DFA 
 6341 0111 31EF73A4 		.ascii	"1\357s\244$\335To\300T\025\022\203\204\244\352\315q"
 6341      24DD546F 
 6341      C0541512 
 6341      8384A4EA 
 6341      CD71
 6342 0123 4402C230 		.ascii	"D\002\30204\362\223\247*u\222\270\255\260\251\315\276"
 6342      34F293A7 
 6342      2A7592B8 
 6342      ADB0A9CD 
 6342      BE
 6343 0134 8F880EDF 		.ascii	"\217\210\016\337n\214\347\374\030\357S\365%X\370\250"
 6343      6E8CE7FC 
 6343      18EF53F5 
 6343      2558F8A8 
 6344 0144 CDD7A827 		.ascii	"\315\327\250'\331\237\274\222^?\343\302f\243\244\327"
 6344      D99FBC92 
 6344      5E3FE3C2 
 6344      66A3A4D7 
 6345 0154 DD548BA1 		.ascii	"\335T\213\241IZ\322*\254\024\225\213d\024\227\023\014"
 6345      495AD22A 
 6345      AC14958B 
 6345      64149713 
 6345      0C
 6346 0165 1616A452 		.ascii	"\026\026\244R&$2\025k\202t\213\311\205X\214\353\345"
 6346      26243215 
 6346      6B82748B 
 6346      C985588C 
 6346      EBE5
 6347 0177 25039882 		.ascii	"%\003\230\202\361\020C\265\300X(\327J\312\312%\223\241"
 6347      F11043B5 
 6347      C05828D7 
 6347      4ACACA25 
 6347      93A1
 6348 0189 AC503198 		.ascii	"\254P1\230\313\007\0150\010'\226\275T\253\026\230\212"
 6348      CB070D30 
 6348      082796BD 
 6348      54AB1698 
 6348      8A
 6349 019a 2081D58A 		.ascii	" \201\325\212m\200\275(\264\034\250\024\260\275\333"
 6349      6D80BD28 
 6349      B41CA814 
 6349      B0BDDB
 6350 01a9 CB551C9F 		.ascii	"\313U\034\237\346}D`\324\364f0h\310\247?\007n~\362F"
 6350      E67D4460 
ARM GAS  C:\Users\nicx5\AppData\Local\Temp\cc9k9ag2.s 			page 243


 6350      D4F46630 
 6350      68C8A73F 
 6350      076E7EF2 
 6351 01be FAE9F471 		.ascii	"\372\351\364q\263\011! \200\002\221J\336\305\300\253"
 6351      B3092120 
 6351      8002914A 
 6351      DEC5C0AB 
 6352 01ce 57B69DE9 		.ascii	"W\266\235\351\221>\217\214\304Z2\365\337\330b\363\330"
 6352      913E8F8C 
 6352      C45A32F5 
 6352      DFD862F3 
 6352      D8
 6353 01df 7237990D 		.ascii	"r7\231\015\025\313\333\010\251\311\031\227\331\327\316"
 6353      15CBDB08 
 6353      A9C91997 
 6353      D9D7CE
 6354 01ee E4AA0DF2 		.ascii	"\344\252\015\362\214\324\303\252\206S2\206\000E\317"
 6354      8CD4C3AA 
 6354      86533286 
 6354      0045CF
 6355 01fd 730C4134 		.ascii	"s\014A4R\3045\272k\307\263\235St\031\230\210\257\253"
 6355      52C435BA 
 6355      6BC7B39D 
 6355      53741998 
 6355      88AFAB
 6356 0210 3F01     		.ascii	"?\001"
 6357              		.text
 6358              		.section	.gnu.lto_USB_ReadInterrupts.359.1f2fd384,"e",%progbits
 6359 0000 28B52FFD 		.ascii	"(\265/\375`\006\001]\015\000\266\327ZG\360\2606\035"
 6359      6006015D 
 6359      0D00B6D7 
 6359      5A47F0B0 
 6359      361D
 6360 0012 4C9498BE 		.ascii	"L\224\230\276\204\354\326\250\352X\013\2275t\224\270"
 6360      84ECD6A8 
 6360      EA580B97 
 6360      357494B8 
 6361 0022 A6496844 		.ascii	"\246IhD\225\325\021\356\205\027\322V\033\257\000'\345"
 6361      95D511EE 
 6361      8517D256 
 6361      1BAF0027 
 6361      E5
 6362 0033 B06A7106 		.ascii	"\260jq\006-|\245\025\361\230\235p\213\252\376\207Z\010"
 6362      2D7CA515 
 6362      F1989D70 
 6362      8BAAFE87 
 6362      5A08
 6363 0045 69C96A6C 		.ascii	"i\311jlK\361\235\322\305\2074m\"wJ\001A\000D\000G\000"
 6363      4BF19DD2 
 6363      C587346D 
 6363      22774A01 
 6363      41004400 
 6364 005b BB23039B 		.ascii	"\273#\003\233d\237\266\375\025g\341\342\020\300\352"
 6364      649FB6FD 
 6364      1567E1E2 
 6364      10C0EA
 6365 006a A84C219B 		.ascii	"\250L!\233\03120zvG\355\363\002\330\347\365\001\330"
ARM GAS  C:\Users\nicx5\AppData\Local\Temp\cc9k9ag2.s 			page 244


 6365      1932307A 
 6365      7647EDF3 
 6365      02D8E7F5 
 6365      01D8
 6366 007c A7DE3CBC 		.ascii	"\247\336<\274\014\375\347\374#P5dP1\246\313\217\007"
 6366      0CFDE7FC 
 6366      23503564 
 6366      5031A6CB 
 6366      8F07
 6367 008e BB6B898A 		.ascii	"\273k\211\212!q\353m#\260]\262\337\005Z\343_\253){\252"
 6367      2171EB6D 
 6367      23B05DB2 
 6367      DF055AE3 
 6367      5FAB297B 
 6368 00a3 F47551F5 		.ascii	"\364uQ\365Kl\342\304X\325\220\344\3305\321\352Y\033"
 6368      4B6CE2C4 
 6368      58D590E4 
 6368      D835D1EA 
 6368      591B
 6369 00b5 5306CEC5 		.ascii	"S\006\316\305\337\276m\027?\307\001@t\204l1\224{bug"
 6369      DFBE6D17 
 6369      3FC70140 
 6369      74846C31 
 6369      947B6275 
 6370 00ca C786C68E 		.ascii	"\307\206\306\216\335q\301\247;\200\360\204\244\274\252"
 6370      DD71C1A7 
 6370      3B80F084 
 6370      A4BCAA
 6371 00d9 C502767B 		.ascii	"\305\002v{\360\320\011\031\216\231\027\205\361\306\272"
 6371      F0D00919 
 6371      8E991785 
 6371      F1C6BA
 6372 00e8 313F97AA 		.ascii	"1?\227\252NU\032\230\022'=\331\376\360\027\331\245\012"
 6372      4E551A98 
 6372      12273DD9 
 6372      FEF017D9 
 6372      A50A
 6373 00fa 36560BD5 		.ascii	"6V\013\325\213G\231y\221-\333\337W,\331.\215\003\337"
 6373      8B479979 
 6373      912DDBDF 
 6373      572CD92E 
 6373      8D03DF
 6374 010d 85881009 		.ascii	"\205\210\020\011P\334|\372-j %\256\364d\311R\261\261"
 6374      50DC7CFA 
 6374      2D6A2025 
 6374      AEF464C9 
 6374      52B1B1
 6375 0120 52F0AC6C 		.ascii	"R\360\254ly4\311\032H\236\007\225\022\346\021\222H\206"
 6375      7934C91A 
 6375      489E0795 
 6375      12E61192 
 6375      4886
 6376 0132 0B0D382E 		.ascii	"\013\0158.\344\000X\"\252p\371$\004\303\307\322\245"
 6376      E4005822 
 6376      AA70F924 
 6376      04C3C7D2 
 6376      A5
ARM GAS  C:\Users\nicx5\AppData\Local\Temp\cc9k9ag2.s 			page 245


 6377 0143 A46CD838 		.ascii	"\244l\3308\225\322\247\235x\"\2553\201\000\352@p\004"
 6377      95D2A79D 
 6377      7822AD33 
 6377      8100EA40 
 6377      7004
 6378 0155 A47D1E09 		.ascii	"\244}\036\011\004\212\027A\304\340J\011h\264q\023(\210"
 6378      048A1741 
 6378      C4E04A09 
 6378      68B47113 
 6378      2888
 6379 0167 461F076F 		.ascii	"F\037\007o\305\302\210D\002\001\333\343\376ZMM\015\030"
 6379      C5C28844 
 6379      0201DBE3 
 6379      FE5A4D4D 
 6379      0D18
 6380 0179 00C02B4F 		.ascii	"\000\300+O;s\216\364\315\021\036\255\265P\243\320B\304"
 6380      3B738EF4 
 6380      CD111EAD 
 6380      B550A3D0 
 6380      42C4
 6381 018b DE4558E1 		.ascii	"\336EX\341\252(\260r\003\340\310k\273\265m\231\232\345"
 6381      AA28B072 
 6381      03E0C86B 
 6381      BBB56D99 
 6381      9AE5
 6382 019d 57046A8D 		.ascii	"W\004j\215A\232 \2540\353\231P$E\227\250\373\204\237"
 6382      419A20AC 
 6382      30EB9950 
 6382      244597A8 
 6382      FB849F
 6383 01b0 195FED7C 		.ascii	"\031_\355|\002"
 6383      02
 6384              		.text
 6385              		.section	.gnu.lto_USB_ReadChInterrupts.360.1f2fd384,"e",%progbits
 6386 0000 28B52FFD 		.ascii	"(\265/\375`\331\001\205\021\000\226 vH\320\322(\035"
 6386      60D90185 
 6386      11009620 
 6386      7648D0D2 
 6386      281D
 6387 0012 B0413E47 		.ascii	"\260A>G\301\026\231V8\313\321C\025H\262\022\245/\226"
 6387      C1169956 
 6387      38CBD143 
 6387      1548B212 
 6387      A52F96
 6388 0025 F08451D6 		.ascii	"\360\204Q\326*\302\311\267\364x\037\364h\224a\365\032"
 6388      2AC2C9B7 
 6388      F4781FF4 
 6388      689461F5 
 6388      1A
 6389 0036 BCCD0047 		.ascii	"\274\315\000G\324P\346>\365V\206\031\245\346\251c\204"
 6389      D450E63E 
 6389      F5568619 
 6389      A5E6A963 
 6389      84
 6390 0047 A920C16B 		.ascii	"\251 \301k9\266\321\252?\310'{\313\235R^\000[\000_\000"
 6390      39B6D1AA 
 6390      3FC8277B 
ARM GAS  C:\Users\nicx5\AppData\Local\Temp\cc9k9ag2.s 			page 246


 6390      CB9D525E 
 6390      005B005F 
 6391 005c 2F8D766B 		.ascii	"/\215vk\001\316u\034\276\332\017;F4\337\347\010\320"
 6391      01CE751C 
 6391      BEDA0F3B 
 6391      4634DFE7 
 6391      08D0
 6392 006e 2BC6E76E 		.ascii	"+\306\347n\034`\027\010S\215]0\201[\276O\333\376\321"
 6392      1C601708 
 6392      538D5D30 
 6392      815BBE4F 
 6392      DBFED1
 6393 0081 61E0F816 		.ascii	"a\340\370\026\2625r9\257\242\020\"h0\355\202\254\325"
 6393      B2357239 
 6393      AFA21022 
 6393      6830ED82 
 6393      ACD5
 6394 0093 09789FF2 		.ascii	"\011x\237\362\002\274O%\372\355\361\346?\351\367\320"
 6394      02BC4F25 
 6394      FAEDF1E6 
 6394      3FE9F7D0 
 6395 00a3 F343A8C7 		.ascii	"\363C\250\307'\347\361\344`w\035{|@\334z\333\007lw\260"
 6395      27E7F1E4 
 6395      60771D7B 
 6395      7C40DC7A 
 6395      DB076C77 
 6396 00b8 A3483951 		.ascii	"\243H9QS\370ru\310V\311\350\324\301\033u\335\377=\274"
 6396      53F87275 
 6396      C856C9E8 
 6396      D4C11B75 
 6396      DDFF3DBC 
 6397 00cc 4FCFFDDE 		.ascii	"O\317\375\336\214\2362Z\312h\225\321QF\037\300<\272"
 6397      8C9E325A 
 6397      CA6895D1 
 6397      51461FC0 
 6397      3CBA
 6398 00de 11AA10E1 		.ascii	"\021\252\020\341\261K\242\211iqL\033+\016\376\341\243"
 6398      B14BA289 
 6398      69714C1B 
 6398      2B0EFEE1 
 6398      A3
 6399 00ef 8DE3233D 		.ascii	"\215\343#=\311\251\021\243\360&W\351>\212~X\334 \275"
 6399      C9A911A3 
 6399      F02657E9 
 6399      3E8A7E58 
 6399      DC20BD
 6400 0102 6CF016D7 		.ascii	"l\360\026\327\304\352\322R\021P\217]\020\301\247k#B"
 6400      C4EAD252 
 6400      11508F5D 
 6400      10C1A76B 
 6400      2342
 6401 0114 01B2CFF8 		.ascii	"\001\262\317\370R\332`H\027.\241\364\340e\202\354\232"
 6401      52DA6048 
 6401      172EA1F4 
 6401      E06582EC 
 6401      9A
 6402 0125 2B69F876 		.ascii	"+i\370vK0\360e\324h((\210>}\033\357\023\245\005\206"
ARM GAS  C:\Users\nicx5\AppData\Local\Temp\cc9k9ag2.s 			page 247


 6402      4B30F065 
 6402      D4682828 
 6402      883E7D1B 
 6402      EF13A505 
 6403 013a 74A1E22C 		.ascii	"t\241\342,u\352Q{\022OU\2364\252\352wF\254N\342]\243"
 6403      75EA517B 
 6403      124F559E 
 6403      34AAEA77 
 6403      46AC4EE2 
 6404 0150 7EC7054E 		.ascii	"~\307\005Nq\376\364q\227k\355^\234\364\341W:\261\311"
 6404      71FEF471 
 6404      976BED5E 
 6404      9CF4E157 
 6404      3AB1C9
 6405 0163 9E9E5463 		.ascii	"\236\236Tc\360\004\321Q\234[\273\026966\031\014+\260"
 6405      F004D151 
 6405      9C5BBB16 
 6405      39363619 
 6405      0C2BB0
 6406 0176 149558C8 		.ascii	"\024\225X\310\005\230Y\006Y\315\223\331\320\304\274"
 6406      05985906 
 6406      59CD93D9 
 6406      D0C4BC
 6407 0185 4C9FC098 		.ascii	"L\237\300\230X\240\240\300\345*1`S\201I\220~)\251@\263"
 6407      58A0A0C0 
 6407      E52A3160 
 6407      53814990 
 6407      7E29A940 
 6408 019a 89CDCCC4 		.ascii	"\211\315\314\304\264\\\262\032\215\3652\203\261b-),"
 6408      B45CB21A 
 6408      8DF53283 
 6408      B1622D29 
 6408      2C
 6409 01ab 319BED84 		.ascii	"1\233\355\204\205E\233\301l\220\231=0\261\255F\205\305"
 6409      85459BC1 
 6409      6C90993D 
 6409      30B1AD46 
 6409      85C5
 6410 01bd A5E58210 		.ascii	"\245\345\202\020\001\346B\3030\253\231\340\202\2622"
 6410      01E642C3 
 6410      30AB99E0 
 6410      82B232
 6411 01cc C036B8B7 		.ascii	"\3006\270\267U\372\355\010\322Q\036\267v:T\253\224\242"
 6411      55FAED08 
 6411      D2511EB7 
 6411      763A54AB 
 6411      94A2
 6412 01de 54A57A82 		.ascii	"T\245z\202\347\307\016# P\"\202\316zH\005#^Y;\363\221"
 6412      E7C70E23 
 6412      20502282 
 6412      CE7A4805 
 6412      235E593B 
 6413 01f4 BB5FD211 		.ascii	"\273_\322\021$\024\352;bcE\254\353X\2751\014?\341\211"
 6413      2414EA3B 
 6413      626345AC 
 6413      EB58BD31 
 6413      0C3FE189 
ARM GAS  C:\Users\nicx5\AppData\Local\Temp\cc9k9ag2.s 			page 248


 6414 0208 4D042806 		.ascii	"M\004(\006\202\021\272*\210\220\021a\222\204\301&\225"
 6414      8211BA2A 
 6414      88901161 
 6414      9284C126 
 6414      95
 6415 0219 DBCE21A8 		.ascii	"\333\316!\250\221\016n\225\030!\244\231\360m/\033<\315"
 6415      910E6E95 
 6415      1821A499 
 6415      F06D2F1B 
 6415      3CCD
 6416 022b 6B4B1813 		.ascii	"kK\030\023\033\344\006\341\220\302\233\361\325\256'"
 6416      1BE406E1 
 6416      90C29BF1 
 6416      D5AE27
 6417              		.text
 6418              		.section	.gnu.lto_USB_ReadDevAllOutEpInterrupt.361.1f2fd384,"e",%progbits
 6419 0000 28B52FFD 		.ascii	"(\265/\375`\222\0015\020\000\266]mG\320\024U:\261\217"
 6419      60920135 
 6419      1000B65D 
 6419      6D47D014 
 6419      553AB18F 
 6420 0014 321511C1 		.ascii	"2\025\021\301V[HI\0245]u\004\241L\0025Kz]\002\370@o"
 6420      565B4849 
 6420      14355D75 
 6420      04A14C02 
 6420      354B7A5D 
 6421 002c 90A3C740 		.ascii	"\220\243\307@\265\2046\360M\267\0144\332\330\0170\030"
 6421      B58436F0 
 6421      4DB70C34 
 6421      DAD80F30 
 6421      18
 6422 003d 9DF6CD5A 		.ascii	"\235\366\315Z\251\335E\310/\243\331A\217=\004\031H\017"
 6422      A9DD45C8 
 6422      2FA3D941 
 6422      8F3D0419 
 6422      480F
 6423 004f 092284C8 		.ascii	"\011\"\204\310\235RU\000U\000V\000HvK\005\007\315!$"
 6423      9D525500 
 6423      55005600 
 6423      48764B05 
 6423      07CD2124 
 6424 0063 E434E779 		.ascii	"\3444\347y\">\320\222\260\315\344\354\226\013\334\""
 6424      223ED092 
 6424      B0CDE4EC 
 6424      960BDC22 
 6425 0073 1EB4EDCF 		.ascii	"\036\264\355\3178\215\030\313\306\315\341\315N;\036"
 6425      388D18CB 
 6425      C6CDE1CD 
 6425      4E3B1E
 6426 0082 2674ECEC 		.ascii	"&t\354\354\226\"\320\011\204\007\277\013\010\017j\315"
 6426      9622D009 
 6426      8407BF0B 
 6426      080F6ACD 
 6427 0092 659F32FF 		.ascii	"e\2372\3776\177\016\247d\005Nf\366\371y\260\273\236"
 6427      367F0EA7 
 6427      64054E66 
 6427      F6F979B0 
ARM GAS  C:\Users\nicx5\AppData\Local\Temp\cc9k9ag2.s 			page 249


 6427      BB9E
 6428 00a4 389912B7 		.ascii	"8\231\022\267\336\366\001\333#\354\367\002:1\210\354"
 6428      DEF601DB 
 6428      23ECF702 
 6428      3A3188EC 
 6429 00b4 EC71399B 		.ascii	"\354q9\233\332\302\377Vu\266\247GQ\247?'\357\360\345"
 6429      DAC2FF56 
 6429      75B6A747 
 6429      51A73F27 
 6429      EFF0E5
 6430 00c7 FD9DF7EB 		.ascii	"\375\235\367\3537=u\372\000\300\032?n\\$8\262\213\242"
 6430      373D75FA 
 6430      00C01A3F 
 6430      6E5C2438 
 6430      B28BA2
 6431 00da 67678780 		.ascii	"gg\207\200;^\234\374\313O;\306\267q\033\007\010\031"
 6431      3B5E9CFC 
 6431      CB4F3BC6 
 6431      B7711B07 
 6431      0819
 6432 00ec 2965DFE6 		.ascii	")e\337\346x\222\235\017\0300\361`h\311\311&esU\254\366"
 6432      78929D0F 
 6432      1830F160 
 6432      68C9C926 
 6432      657355AC 
 6433 0101 7A3B2001 		.ascii	"z; \001\"\350\243\241\212\252\271\333\214\335:\016\361"
 6433      22E8A3A1 
 6433      8AAAB9DB 
 6433      8CDD3A0E 
 6433      F1
 6434 0112 A32A3AF2 		.ascii	"\243*:\362\246\027\352\311\263hl\017\307y\211\273)\032"
 6434      A617EAC9 
 6434      B3686C0F 
 6434      C77989BB 
 6434      291A
 6435 0124 F83742C0 		.ascii	"\3707B\300TX\324\034\364A\204\007C-\240#o\264\346\353"
 6435      5458D41C 
 6435      F4418407 
 6435      432DA023 
 6435      6FB4E6EB 
 6436 0138 D49BEC11 		.ascii	"\324\233\354\021\204\237^\265\207\355DMk\236:\274\221"
 6436      849F5EB5 
 6436      87ED444D 
 6436      6B9E3ABC 
 6436      91
 6437 0149 8E8C4F5F 		.ascii	"\216\214O_\036D\233=V\375Tqn<4\255y\024,\250\225\222"
 6437      1E449B3D 
 6437      56FD5471 
 6437      6E3C34AD 
 6437      79142CA8 
 6438 015f 6AC4B072 		.ascii	"j\304\260ru`\301\204NY\241\\\250\300\200D:1\020+\241"
 6438      7560C184 
 6438      4E59A15C 
 6438      A8C08044 
 6438      3A31102B 
 6439 0174 267C7639 		.ascii	"&|v9\261\360\202\251^^2\214H,\230\227\310\305\205\022"
 6439      B1F082A9 
ARM GAS  C:\Users\nicx5\AppData\Local\Temp\cc9k9ag2.s 			page 250


 6439      5E5E328C 
 6439      482C9897 
 6439      C8C58512 
 6440 0188 A95A564C 		.ascii	"\251ZVL\252X,\305$z\271V\0374\270 \2408\326*\231R#R"
 6440      AA582CC5 
 6440      247AB956 
 6440      1F34B820 
 6440      A038D62A 
 6441 01a0 0409A8D4 		.ascii	"\004\011\250\324k\203\253E!\345\200e\200\355r\357QC"
 6441      6B83AB45 
 6441      21E58065 
 6441      80ED72EF 
 6441      5143
 6442 01b2 1A9ADE6C 		.ascii	"\032\232\336lr\007\011E\035u\314\331xjE\002\037\000"
 6442      72070945 
 6442      1D75CCD9 
 6442      786A4502 
 6442      1F00
 6443 01c4 980A42E0 		.ascii	"\230\012B\340\225\247\2359G\356\346%0\342\336\\\203"
 6443      95A79D39 
 6443      47EEE625 
 6443      30E2DE5C 
 6443      83
 6444 01d5 76208C88 		.ascii	"v \214\210\020E\004\332C\320\253\014\303\232\020`Mh"
 6444      104504DA 
 6444      43D0AB0C 
 6444      C39A1060 
 6444      4D68
 6445 01e7 21461811 		.ascii	"!F\030\021v\255 h5w\345\034\202j\244\205\033`\031?\226"
 6445      76AD2068 
 6445      3577E51C 
 6445      826AA485 
 6445      1B60193F 
 6446 01fc 41A2B1A8 		.ascii	"A\242\261\250(\203\216\312GR\304\210\272*\374\314\363"
 6446      28838ECA 
 6446      4752C488 
 6446      BA2AFCCC 
 6446      F3
 6447 020d 6A2719   		.ascii	"j'\031"
 6448              		.text
 6449              		.section	.gnu.lto_USB_ReadDevAllInEpInterrupt.362.1f2fd384,"e",%progbits
 6450 0000 28B52FFD 		.ascii	"(\265/\375`\223\001-\020\000\306\035mH\340\222*\035"
 6450      6093012D 
 6450      1000C61D 
 6450      6D48E092 
 6450      2A1D
 6451 0012 8004A421 		.ascii	"\200\004\244!\200Cy\223\363\213\363\353T\223\304(D9"
 6451      80437993 
 6451      F38BF3EB 
 6451      5493C428 
 6451      4439
 6452 0024 3C965825 		.ascii	"<\226X%\025\360#\317\003\011q1\262R0\333\277\361\337"
 6452      15F023CF 
 6452      03097131 
 6452      B25230DB 
 6452      BFF1DF
 6453 0037 9ADA7B01 		.ascii	"\232\332{\001\265\3561\247\350\347\303\020\302\202\226"
ARM GAS  C:\Users\nicx5\AppData\Local\Temp\cc9k9ag2.s 			page 251


 6453      B5EE31A7 
 6453      E8E7C310 
 6453      C28296
 6454 0046 4F9B54CC 		.ascii	"O\233T\314\254\214\351\261\031K\032!D\356\224\002U\000"
 6454      AC8CE9B1 
 6454      194B1A21 
 6454      44EE9402 
 6454      5500
 6455 0058 52005600 		.ascii	"R\000V\000Bv\313\004\007\275!4s\232\363\271\020\037"
 6455      4276CB04 
 6455      07BD2134 
 6455      739AF3B9 
 6455      101F
 6456 006a 6847BC9C 		.ascii	"hG\274\234\310\331-\025XE<h\333\237q\032.\036?\233\223"
 6456      C8D92D15 
 6456      58453C68 
 6456      DB9F711A 
 6456      2E1E3F9B 
 6457 007f 939D7025 		.ascii	"\223\235p%P\354\330\331-E\240\023\010\017~\027\020\036"
 6457      50ECD8D9 
 6457      2D45A013 
 6457      080F7E17 
 6457      101E
 6458 0091 549A8F9F 		.ascii	"T\232\217\237\243\377\233\337\204\016\".`bd\237\036"
 6458      A3FF9BDF 
 6458      840E222E 
 6458      6062649F 
 6458      1E
 6459 00a2 07BBEB09 		.ascii	"\007\273\353\011\023C\342\326\333>`[\204}\235\273\032"
 6459      1343E2D6 
 6459      DB3E605B 
 6459      847D9DBB 
 6459      1A
 6460 00b3 9D9D3D97 		.ascii	"\235\235=\227\262\2510\374o\365f{\372#\352\264\347\344"
 6460      B2A930FC 
 6460      6FF5667B 
 6460      FA23EAB4 
 6460      E7E4
 6461 00c5 1DBEBCBF 		.ascii	"\035\276\274\277\347~\375\246\247N\177\004\254\341C"
 6461      E77EFDA6 
 6461      A74E7F04 
 6461      ACE143
 6462 00d4 17631464 		.ascii	"\027c\024dwEog\177\200<p'\377\362\323v\361m\374\306"
 6462      77456F67 
 6462      7F803C70 
 6462      27FFF2D3 
 6462      76F16DFC 
 6463 00e9 004235E5 		.ascii	"\000B5\345\370m\216\017\301\331d\300\304\203!\362d\223"
 6463      F86D8E0F 
 6463      C1D964C0 
 6463      C48321F2 
 6463      6493
 6464 00fb E3DC9955 		.ascii	"\343\334\231U\036\017\227\"\"\310\243\241\212\252-j"
 6464      1E0F9722 
 6464      22C8A3A1 
 6464      8AAA2D6A 
 6465 010b 36BB751C 		.ascii	"6\273u\034\242GOn\244\216\027\352\311\263d\354\016\307"
ARM GAS  C:\Users\nicx5\AppData\Local\Temp\cc9k9ag2.s 			page 252


 6465      A2474F6E 
 6465      A48E17EA 
 6465      C9B364EC 
 6465      0EC7
 6466 011d 7989BB2C 		.ascii	"y\211\273,\030\3707@\300N^\320\034\364?\204\007C-p#"
 6466      18F83740 
 6466      C04E5ED0 
 6466      1CF43F84 
 6466      07432D70 
 6467 0132 754AF375 		.ascii	"uJ\363u\352\003\354\021\204\237^\265\307\213\012\232"
 6467      EA03EC11 
 6467      849F5EB5 
 6467      C78B0A9A 
 6468 0142 D23C77B9 		.ascii	"\322<w\271\321\316\346\323\227\007\315f\317\252\237"
 6468      D1CEE6D3 
 6468      9707CD66 
 6468      CFAA9F
 6469 0151 2A4EADC8 		.ascii	"*N\255\310Li\036\005)(\224\222\352sa\345\342\300j\011"
 6469      4C691E05 
 6469      29289492 
 6469      EA7361E5 
 6469      E2C06A09 
 6470 0165 6DB22AB1 		.ascii	"m\262*\261@a\001\211Db VBI\370\274BR\341\005S\261\260"
 6470      40610189 
 6470      44622056 
 6470      4249F8BC 
 6470      4252E105 
 6471 017c 60189158 		.ascii	"`\030\221X-/\321\212\013%R\251\240\230T\261\230\211"
 6471      2D2FD18A 
 6471      0B2552A9 
 6471      A09854B1 
 6471      9889
 6472 018e 49F472AD 		.ascii	"I\364r\255<dp=(q\254U2\245F$\010\021P\251\227\006Wk"
 6472      3C64703D 
 6472      2871AC55 
 6472      32A54624 
 6472      081150A9 
 6473 01a6 42AA41CA 		.ascii	"B\252A\312\000\333\345\336\037\015efZ\263\366z\037C"
 6473      00DBE5DE 
 6473      1F0D6566 
 6473      5AB3F67A 
 6473      1F43
 6474 01b8 513F0ADA 		.ascii	"Q?\012\332\324l4 \001\037\000\230\012B\340\225\247\235"
 6474      D46C3420 
 6474      011F0098 
 6474      0A42E095 
 6474      A79D
 6475 01ca 3947EEE6 		.ascii	"9G\356\346%0\002\276\271\001\232\200\034\021\301\212"
 6475      253002BE 
 6475      B9019A80 
 6475      1C11C18A 
 6476 01da 88BE87A0 		.ascii	"\210\276\207\240W\031\2065!\300\232\320B\2140\"\354"
 6476      57198635 
 6476      21C09AD0 
 6476      428C3022 
 6476      EC
 6477 01eb 5A41D06A 		.ascii	"ZA\320j\356\3129\004\325H\0137\3002~,\203DcQQ\006\035"
ARM GAS  C:\Users\nicx5\AppData\Local\Temp\cc9k9ag2.s 			page 253


 6477      EECA3904 
 6477      D5480B37 
 6477      C0327E2C 
 6477      83446351 
 6478 0202 958FA488 		.ascii	"\225\217\244\210\021uU\370\231\347\325N2"
 6478      117555F8 
 6478      99E7D54E 
 6478      32
 6479              		.text
 6480              		.section	.gnu.lto_USB_ReadDevOutEPInterrupt.363.1f2fd384,"e",%progbits
 6481 0000 28B52FFD 		.ascii	"(\265/\375`\003\002u\022\000\326b}I\320\322(\035PHU"
 6481      60030275 
 6481      1200D662 
 6481      7D49D0D2 
 6481      281D5048 
 6482 0015 F0ADEFFC 		.ascii	"\360\255\357\374y\352\2600\374X\337\244\206\307\306"
 6482      79EAB030 
 6482      FC58DFA4 
 6482      86C7C6
 6483 0024 B0E005B3 		.ascii	"\260\340\005\263\325\320\207\222\344\357\333\337\370"
 6483      D5D08792 
 6483      E4EFDBDF 
 6483      F8
 6484 0031 F32DC3EA 		.ascii	"\363-\303\352K\374\310\212\205Y.\210\230\241j\251\261"
 6484      4BFCC88A 
 6484      85592E88 
 6484      98A16AA9 
 6484      B1
 6485 0042 F4000A38 		.ascii	"\364\000\0128;\200\251g\024\262E\354Z\245\203\304\222"
 6485      3B80A967 
 6485      14B245EC 
 6485      5AA583C4 
 6485      92
 6486 0053 BDE54E29 		.ascii	"\275\345N)f\000b\000e\000u\\p\352\332\310\222k\245\315"
 6486      66006200 
 6486      6500755C 
 6486      70EADAC8 
 6486      926BA5CD 
 6487 0067 7270735E 		.ascii	"rps^\210\253*\011\035O&<\035IrIy!\233\251\252%t<G\265"
 6487      88AB2A09 
 6487      1D4F263C 
 6487      1D497249 
 6487      79219BA9 
 6488 0081 8E0CCC12 		.ascii	"\216\014\314\022\236\332\366\203.\343\3067\261\036\011"
 6488      9EDAF683 
 6488      2EE3C637 
 6488      B11E09
 6489 0090 E1B87639 		.ascii	"\341\270v9L\0305\325:\256T/\000\236\316\017\000O\027"
 6489      4C1835D5 
 6489      3AAE542F 
 6489      009ECE0F 
 6489      004F17
 6490 00a3 E8B7CB9B 		.ascii	"\350\267\313\233\377\241\177\204\316\217Hg\007\347\362"
 6490      FFA17F84 
 6490      CE8F4867 
 6490      07E7F2
 6491 00b2 34A1D66A 		.ascii	"4\241\326j\251\263\303s\357m+\260-\302\226,\001<\252"
ARM GAS  C:\Users\nicx5\AppData\Local\Temp\cc9k9ag2.s 			page 254


 6491      A9B3C373 
 6491      EF6D2BB0 
 6491      2DC2962C 
 6491      013CAA
 6492 00c5 FC79C491 		.ascii	"\374y\304\221\333\302\237u\177\354\324\224\026\371x"
 6492      DBC29F75 
 6492      7FECD494 
 6492      16F978
 6493 00d4 A3CEFB43 		.ascii	"\243\316\373C\336\273\305\013\375!(}\232\322 \225\246"
 6493      DEBBC50B 
 6493      FD21287D 
 6493      9AD22095 
 6493      A6
 6494 00e5 537A4EE9 		.ascii	"SzN\351\235\322rJ?\000\245\261\324s!\341E\255(~Mu\007"
 6494      9DD2724A 
 6494      3F00A5B1 
 6494      D47321E1 
 6494      45AD287E 
 6495 00fc C5B1FBF8 		.ascii	"\305\261\373\370\367.\355\033\277\306\207\014`\004H"
 6495      F72EED1B 
 6495      BFC6870C 
 6495      600448
 6496 010b EF366BD1 		.ascii	"\3576k\321\231vI0l\302\323\0049\227=\336dUQWIi\247\343"
 6496      99764930 
 6496      6CC2D304 
 6496      39973DDE 
 6496      64555157 
 6497 0123 470DA722 		.ascii	"G\015\247\"\013\001\334\223\000q\301]$]On\011\265\037"
 6497      0B01DC93 
 6497      0071C15D 
 6497      245D4F6E 
 6497      09B51F
 6498 0136 2FF3C1C9 		.ascii	"/\363\301\311\237m\331\213f\302ZS<\360\211j\0372\260"
 6498      9F6DD98B 
 6498      66C25A53 
 6498      3CF0896A 
 6498      1F32B0
 6499 0149 003AF56B 		.ascii	"\000:\365k\300S\324\036\370\341\3656\347\271to\240\236"
 6499      C053D41E 
 6499      F8E1F536 
 6499      E7B9746F 
 6499      A09E
 6500 015b 04DC9DE2 		.ascii	"\004\334\235\342\312\335\275\256Gu\022\360+\367\272"
 6500      CADDBDAE 
 6500      477512F0 
 6500      2BF7BA
 6501 016a 18B9CD39 		.ascii	"\030\271\3159d\277\213$}=X\276\031\342\276w\025N\376"
 6501      64BF8B24 
 6501      7D3D58BE 
 6501      19E2BE77 
 6501      154EFE
 6502 017d 1CAEB86B 		.ascii	"\034\256\270k#'\010nsf\371\202\002*/\224\024\230\330"
 6502      2327086E 
 6502      7366F982 
 6502      022A2F94 
 6502      1498D8
 6503 0190 2136A391 		.ascii	"!6\243\221\325@Y\215\014M\214\372$f\302AC\203V\253\004"
ARM GAS  C:\Users\nicx5\AppData\Local\Temp\cc9k9ag2.s 			page 255


 6503      D540598D 
 6503      0C4D8CFA 
 6503      2466C241 
 6503      438356AB 
 6504 01a5 812DE575 		.ascii	"\201-\345ua\332\245d\003\255\006\026\023\343\201\325"
 6504      61DAA564 
 6504      03AD0616 
 6504      13E381D5 
 6505 01b5 92D5682B 		.ascii	"\222\325h+\227\331k\005cAY\201\331l'++\332,\006\342"
 6505      97D96B05 
 6505      63415981 
 6505      D96C272B 
 6505      2BDA2C06 
 6506 01ca 6546C1C4 		.ascii	"eF\301\304\266\231\224\225\026V\253\202\205W\013\015"
 6506      B6999495 
 6506      1656AB82 
 6506      85570B0D 
 6507 01da 663683A1 		.ascii	"f6\203\241%\202\012\001\333c\275\235\332\320\207\017"
 6507      25820A01 
 6507      DB63BD9D 
 6507      DAD0870F 
 6508 01ea 6E73CCF2 		.ascii	"ns\314\3621\245T\"\213\332\324\356\212\234\023\366\313"
 6508      31A55422 
 6508      8BDAD4EE 
 6508      8A9C13F6 
 6508      CB
 6509 01fb 6F18D1C0 		.ascii	"o\030\321\300\20440$ `\"r,yH\203\361^Y;\223#w^\302#"
 6509      84343024 
 6509      20602272 
 6509      2C794883 
 6509      F15E593B 
 6510 0215 D024943B 		.ascii	"\320$\224;\023cg\326\015Y\235M\310\213i\014\351j\213"
 6510      136367D6 
 6510      0D599D4D 
 6510      C88B690C 
 6510      E96A8B
 6511 0228 3BF56E01 		.ascii	";\365n\001k\327\266\325\302`\016\322)\014,}\306t\003"
 6511      6BD7B6D5 
 6511      C2600ED2 
 6511      290C2C7D 
 6511      C67403
 6512 023b 41ED5568 		.ascii	"A\355Uhd\326\010b\314\204k{\321\240\223|\030\023\033"
 6512      64D60862 
 6512      CC846B7B 
 6512      D1A0937C 
 6512      18131B
 6513 024e E006E190 		.ascii	"\340\006\341\220\302\237\361\325\366'"
 6513      C29FF1D5 
 6513      F627
 6514              		.text
 6515              		.section	.gnu.lto_USB_ReadDevInEPInterrupt.364.1f2fd384,"e",%progbits
 6516 0000 28B52FFD 		.ascii	"(\265/\375`*\003\245\027\000\226\253\232J\240XU:\300"
 6516      602A03A5 
 6516      170096AB 
 6516      9A4AA058 
 6516      553AC0
 6517 0013 6B62A22F 		.ascii	"kb\242/\340Q;>\324Sr\007\255\315\303\374\246\215\034"
ARM GAS  C:\Users\nicx5\AppData\Local\Temp\cc9k9ag2.s 			page 256


 6517      E0513B3E 
 6517      D4537207 
 6517      ADCDC3FC 
 6517      A68D1C
 6518 0026 5C32E9C0 		.ascii	"\\2\351\300u\316\274N\377ay\207\260_VPn\306\354a\311"
 6518      75CEBC4E 
 6518      FF617987 
 6518      B05F5650 
 6518      6EC6EC61 
 6519 003b F08CF3FF 		.ascii	"\360\214\363\377\210;+\2444\223\207\224}\312`\231?\300"
 6519      883B2BA4 
 6519      34938794 
 6519      7DCA6099 
 6519      3FC0
 6520 004d DEF7BE24 		.ascii	"\336\367\276$YI#{\313\235d\207\000z\000\205\000E\017"
 6520      5949237B 
 6520      CB9D6487 
 6520      007A0085 
 6520      00450F
 6521 0060 348EBF7A 		.ascii	"4\216\277z\177\034J\361\206\015\237y\013\263\243\306"
 6521      7F1C4AF1 
 6521      860D9F79 
 6521      0BB3A3C6 
 6522 0070 7CFEE885 		.ascii	"|\376\350\205q[I\251\210\343\311\275\247\201[\016\202"
 6522      715B49A9 
 6522      88E3C9BD 
 6522      A7815B0E 
 6522      82
 6523 0081 19D69A32 		.ascii	"\031\326\2322\317\024\010\035i\303a\227\204\320x\301"
 6523      CF14081D 
 6523      69C36197 
 6523      84D078C1 
 6524 0091 BC2540A5 		.ascii	"\274%@\245F\351\215\035*\354\226\020\232\030r\357\211"
 6524      46E98D1D 
 6524      2AEC9610 
 6524      9A1872EF 
 6524      89
 6525 00a2 8073CC5B 		.ascii	"\200s\314[f\346\347\270\016!\376\241\356\020\343P\255"
 6525      66E6E7B8 
 6525      0E21FEA1 
 6525      EE10E350 
 6525      AD
 6526 00b3 C8624510 		.ascii	"\310bE\020)\367\2362\330_\345m}\253\274\355\243\377"
 6526      29F79E32 
 6526      D85FE56D 
 6526      7DABBCED 
 6526      A3FF
 6527 00c5 4E7FFC27 		.ascii	"N\177\374'\375#B\250\210\001\342\304\320\351\251\301"
 6527      FD2342A8 
 6527      8801E2C4 
 6527      D0E9A9C1 
 6528 00d5 BD972988 		.ascii	"\275\227)\210\023(\316}f\216af\021\314\235\013M\374"
 6528      1328CE7D 
 6528      668E6166 
 6528      11CC9D0B 
 6528      4DFC
 6529 00e7 D2A96E1F 		.ascii	"\322\251n\037\303+\300\016\362lII\311\245M|\016\321"
ARM GAS  C:\Users\nicx5\AppData\Local\Temp\cc9k9ag2.s 			page 257


 6529      C32BC00E 
 6529      F26C4949 
 6529      C9A54D7C 
 6529      0ED1
 6530 00f9 9EC1AFB7 		.ascii	"\236\301\257\267\211\314&\345\327\221g\327\217\347\326"
 6530      89CC26E5 
 6530      D79167D7 
 6530      8FE7D6
 6531 0108 917ED6CF 		.ascii	"\221~\326\317\363\352\307\263\352\311s\352\306\377\245"
 6531      F3EAC7B3 
 6531      EAC973EA 
 6531      C6FFA5
 6532 0117 52763951 		.ascii	"Rv9Qn\251\224Y*eT\245lV\312\247J\271\254\224m\245\\"
 6532      6EA99459 
 6532      2A6554A5 
 6532      6C56CAA7 
 6532      4AB9AC94 
 6533 012e 4BCA6D29 		.ascii	"K\312m)\323J\371\001,\220#\307\243\002N\356u\321$\345"
 6533      D34AF901 
 6533      2C9023C7 
 6533      A3024EEE 
 6533      75D124E5 
 6534 0142 26B1446A 		.ascii	"&\261Dj\374\374\217?\362O\2762\013\361y\274\307}<\211"
 6534      FCFC8F3F 
 6534      F24FBE32 
 6534      0BF179BC 
 6534      C77D3C89 
 6535 0156 5B605224 		.ascii	"[`R$m<X\204\014\027\266\200=V\236\332\354\013\213\254"
 6535      6D3C5884 
 6535      0C17B680 
 6535      3D569EDA 
 6535      EC0B8BAC 
 6536 016a 3E3115B5 		.ascii	">1\025\265`\300\262[\335\033\246\0106=V\332.\373C\242"
 6536      60C0B25B 
 6536      DD1BA608 
 6536      363D56DA 
 6536      2EFB43A2 
 6537 017e D3194959 		.ascii	"\323\031IY\333\366\213\221\260J\367\252k\333\017\302"
 6537      DBF68B91 
 6537      B04AF7AA 
 6537      6BDB0FC2 
 6538 018e 2BAFEE7E 		.ascii	"+\257\356~\322c\214\000|C\311\352W3\035\022\005\255"
 6538      D2638C00 
 6538      7C43C9EA 
 6538      57331D12 
 6538      05AD
 6539 01a0 ACFA27CF 		.ascii	"\254\372'\317\205\254\246\250\372\307\017x\301\354\363"
 6539      85ACA6A8 
 6539      FAC70F78 
 6539      C1ECF3
 6540 01af 2039F3DE 		.ascii	" 9\363\336\242\005| \034t\007d\034\365\312[U\237\210"
 6540      A2057C20 
 6540      1C740764 
 6540      1CF5CA5B 
 6540      559F88
 6541 01c2 48C70EF2 		.ascii	"H\307\016\362\233\366U\367\2612\325\357V!l\021\354 "
 6541      9BF655F7 
ARM GAS  C:\Users\nicx5\AppData\Local\Temp\cc9k9ag2.s 			page 258


 6541      B132D5EF 
 6541      56216C11 
 6541      EC20
 6542 01d4 D3A5284D 		.ascii	"\323\245(M\350\322\222\331\022S\252\237<\014H\0037\266"
 6542      E8D292D9 
 6542      1253AA9F 
 6542      3C0C4803 
 6542      37B6
 6543 01e6 1A9B1B8A 		.ascii	"\032\233\033\212\007\267\003\322\005\2259\236\256\201"
 6543      07B703D2 
 6543      0595399E 
 6543      AE81
 6544 01f4 74B8D6F5 		.ascii	"t\270\326\365.\000\341,\323\340f,PH@\243\311\010\360"
 6544      2E00E12C 
 6544      D3E0662C 
 6544      504840A3 
 6544      C908F0
 6545 0207 D9D82454 		.ascii	"\331\330$T\336\221\251\300\353\335~~zf4]\020O\266\263"
 6545      DE91A9C0 
 6545      EBDD7E7E 
 6545      7A66345D 
 6545      104FB6B3 
 6546 021b B3C96E39 		.ascii	"\263\311n9587\237\217\006G\306\333\3414\370\354\034"
 6546      3538379F 
 6546      8F0647C6 
 6546      DBE134F8 
 6546      EC1C
 6547 022d CCB00F83 		.ascii	"\314\260\017\203\015\216\316\214\366 \202M\207\227\333"
 6547      0D8ECE8C 
 6547      F620824D 
 6547      8797DB
 6548 023c 6198A0C3 		.ascii	"a\230\240\303\340\306\305\314\347}\275Mt\265\311\344"
 6548      E0C6C5CC 
 6548      E77DBD4D 
 6548      74B5C9E4 
 6549 024c 05B0873C 		.ascii	"\005\260\207<c\"\272\372\310\303\200.\355\3526\032\022"
 6549      6322BAFA 
 6549      C8C3802E 
 6549      EDEA361A 
 6549      12
 6550 025d 31EFDC48 		.ascii	"1\357\334H\221\036\234\231\241\274ui\010,\335\302\272"
 6550      911E9C99 
 6550      A1BC7569 
 6550      082CDDC2 
 6550      BA
 6551 026e 8F95A866 		.ascii	"\217\225\250fI\265\331\250\016< \240\"\261\252\362\320"
 6551      49B5D9A8 
 6551      0E3C20A0 
 6551      22B1AAF2 
 6551      D0
 6552 027f 070F5E99 		.ascii	"\007\017^\231v\246#}=r\266\255\345\214\321F\332\036"
 6552      76A6237D 
 6552      3D72B6AD 
 6552      E58CD146 
 6552      DA1E
 6553 0291 5878D1A0 		.ascii	"Xx\321\240E$\304b2\306\010\204C\351\310\302{\204\221"
 6553      4524C462 
ARM GAS  C:\Users\nicx5\AppData\Local\Temp\cc9k9ag2.s 			page 259


 6553      32C60884 
 6553      43E9C8C2 
 6553      7B8491
 6554 02a4 71808139 		.ascii	"q\200\2019V\202\265M:\006\2753\271?\272\310\365u8\306"
 6554      5682B54D 
 6554      3A06BD33 
 6554      B93FBAC8 
 6554      F57538C6 
 6555 02b8 BF31456E 		.ascii	"\2771En1\370\364\374% \270\253\262\215\230m`\220\025"
 6555      31F8F4FC 
 6555      2520B8AB 
 6555      B28D986D 
 6555      609015
 6556 02cb 50BA0205 		.ascii	"P\272\002\005|K\001\332\330e \300\373\3721\376\263a"
 6556      7C4B01DA 
 6556      D86520C0 
 6556      FBFA31FE 
 6556      B361
 6557 02dd AA143473 		.ascii	"\252\0244s\310\014I\215 \2333\263H\020n\271A\347\371"
 6557      C80C498D 
 6557      209B33B3 
 6557      48106EB9 
 6557      41E7F9
 6558 02f0 30466CB0 		.ascii	"0Fl\260\033\304C\012\337\214\257v=\001"
 6558      1BC4430A 
 6558      DF8CAF76 
 6558      3D01
 6559              		.text
 6560              		.section	.gnu.lto_USB_ClearInterrupts.365.1f2fd384,"e",%progbits
 6561 0000 28B52FFD 		.ascii	"(\265/\375`\313\000\325\013\000\366\025SA\000Q&\035"
 6561      60CB00D5 
 6561      0B00F615 
 6561      53410051 
 6561      261D
 6562 0012 0C81BA8E 		.ascii	"\014\201\272\216\240\351jw\213\245G3\014\220\206\231"
 6562      A0E96A77 
 6562      8BA54733 
 6562      0C908699 
 6563 0022 519F32E8 		.ascii	"Q\2372\350\243,\346\3036\254\301\307\342\267\210xl\207"
 6563      A32CE6C3 
 6563      36ACC1C7 
 6563      E2B78878 
 6563      6C87
 6564 0034 66AB34E1 		.ascii	"f\2534\341\221>\020\327\"u\002\240\200\370\353W.\371"
 6564      913E10D7 
 6564      227502A0 
 6564      80F8EB57 
 6564      2EF9
 6565 0046 038F4284 		.ascii	"\003\217B\204\374M\366N)<\000<\000@\000\013\"\003\306"
 6565      FC4DF64E 
 6565      293C003C 
 6565      0040000B 
 6565      2203C6
 6566 0059 AE0D8139 		.ascii	"\256\015\2019\337+\345\003\"\257\335\003D^]\3325\010"
 6566      DF2BE503 
 6566      22AFDD03 
 6566      445E5DDA 
ARM GAS  C:\Users\nicx5\AppData\Local\Temp\cc9k9ag2.s 			page 260


 6566      3508
 6567 006b 74D895A4 		.ascii	"t\330\225\244\310!\002\367\261\273 \235\275\374,\375"
 6567      C82102F7 
 6567      B1BB209D 
 6567      BDFC2CFD 
 6568 007b B3388017 		.ascii	"\2638\200\027\214\365\3511\330]\317\027,v\323\3336`"
 6568      8CF5E931 
 6568      D85DCF17 
 6568      2C76D3DB 
 6568      3660
 6569 008d 5B65FF40 		.ascii	"[e\377@\357vwMe\366k\177=\355\357\350\364\244\323\367"
 6569      EF76774D 
 6569      65F66B7F 
 6569      3DEDEFE8 
 6569      F4A4D3F7 
 6570 00a1 2ACEC66D 		.ascii	"*\316\306m\006~\330%\021\362\261\271\032\003\205\355"
 6570      067ED825 
 6570      11F2B1B9 
 6570      1A0385ED 
 6571 00b1 77D89519 		.ascii	"w\330\225\031\235Y\333\320Q\026\204\207X\351{\255\274"
 6571      9D59DBD0 
 6571      51168487 
 6571      58E97BAD 
 6571      BC
 6572 00c2 E87CDA57 		.ascii	"\350|\332W\361\025\345i+O6\266\355\273\2452O<@r\034"
 6572      F115E569 
 6572      2B4F36B6 
 6572      EDBBA532 
 6572      4F3C4072 
 6573 00d7 A8CB93BA 		.ascii	"\250\313\223\272\360L\374u\243\322\323Ik\010\327\210"
 6573      F04CFC75 
 6573      A3D2D349 
 6573      6B08D788 
 6574 00e7 166DD91E 		.ascii	"\026m\331\036\177C}\273%\024\370-R\252o\366\352\257"
 6574      7F437DBB 
 6574      2514F82D 
 6574      52AA6FF6 
 6574      EAAF
 6575 00f9 22AFA79E 		.ascii	"\"\257\247\236\254v\243-_<p\320\330\031b\033k\322\023"
 6575      AC76A32D 
 6575      5F3C70D0 
 6575      D819621B 
 6575      6BD213
 6576 010c 0E270D28 		.ascii	"\016'\015(Q\024\235J#\2113\"\214\005\012\011\302\320"
 6576      51149D4A 
 6576      23893322 
 6576      8C050A09 
 6576      C2D0
 6577 011e 5280D478 		.ascii	"R\200\324x$t\016Y*\214(\020\211t\341\022f8\215`H\364"
 6577      24740E59 
 6577      2A8C2810 
 6577      8974E112 
 6577      66388D60 
 6578 0134 80204E83 		.ascii	"\200 N\203\015\210$3\033p\024E\251\221\350\000c\322"
 6578      0D882433 
 6578      1B701445 
 6578      A991E800 
ARM GAS  C:\Users\nicx5\AppData\Local\Temp\cc9k9ag2.s 			page 261


 6578      63D2
 6579 0146 A4D97C2E 		.ascii	"\244\331|.!\204\010\236\317\210A4M\370,x \300\016\021"
 6579      2184089E 
 6579      CF884134 
 6579      4DF82C78 
 6579      20C00E11 
 6580 015a 00C02B4F 		.ascii	"\000\300+O;s\216\364\315\221\013[\303\331\004VDe0T9"
 6580      3B738EF4 
 6580      CD910B5B 
 6580      C3D90456 
 6580      44653054 
 6581 016f C66A0EAB 		.ascii	"\306j\016\253\261\356Z\003fa\030P\370\205\232\002\356"
 6581      B1EE5A03 
 6581      66611850 
 6581      F8859A02 
 6581      EE
 6582 0180 F2A29D64 		.ascii	"\362\242\235d"
 6583              		.text
 6584              		.section	.gnu.lto_USB_GetMode.366.1f2fd384,"e",%progbits
 6585 0000 28B52FFD 		.ascii	"(\265/\375`\202\000\245\012\000\226\023LD\020\213L:"
 6585      608200A5 
 6585      0A009613 
 6585      4C44108B 
 6585      4C3A
 6586 0012 00EDAAEA 		.ascii	"\000\355\252\352*@\216+\256 \210\370\363\034$\273+\010"
 6586      2A408E2B 
 6586      AE2088F8 
 6586      F31C24BB 
 6586      2B08
 6587 0024 0D5C951C 		.ascii	"\015\\\225\034r\241\212:\214\370\347\211\267\203\\\341"
 6587      72A18A3A 
 6587      8CF8E789 
 6587      B7835CE1 
 6588 0034 CB2542AE 		.ascii	"\313%B\256\200\346\015>\350\014\030\252\330\024\204"
 6588      80E60D3E 
 6588      E80C18AA 
 6588      D81484
 6589 0043 D816437C 		.ascii	"\330\026C|\020\210\352h\210l$\233\354\235R7\0005\000"
 6589      1088EA68 
 6589      886C249B 
 6589      EC9D5237 
 6589      003500
 6590 0056 37001B52 		.ascii	"7\000\033R&%\366&Sy0\\``\303\355\226\237\3061\274\327"
 6590      2625F626 
 6590      5379305C 
 6590      6060C3ED 
 6590      969FC631 
 6591 006c EE16DE2B 		.ascii	"\356\026\336+\205\235\374$\375\317\376\0076\007\024"
 6591      859DFC24 
 6591      FDCFFE07 
 6591      360714
 6592 007b 5A2ED527 		.ascii	"Z.\325'%dw=[\256\0057\275m\016\333%\333\"\002K_\266"
 6592      2564773D 
 6592      5BAE0537 
 6592      BD6D0EDB 
 6592      25DB2202 
 6593 0092 A7BBCB7E 		.ascii	"\247\273\313~J\247_k\007\0205X\306\302.\204\034nCT\017"
ARM GAS  C:\Users\nicx5\AppData\Local\Temp\cc9k9ag2.s 			page 262


 6593      4AA75F6B 
 6593      07103558 
 6593      C6C22E84 
 6593      1C6E4354 
 6594 00a7 31FBB494 		.ascii	"1\373\264\224=ao\304<s~v\031\312\025\273#>\334vK\017"
 6594      3D616FC4 
 6594      3C737E76 
 6594      19CA15BB 
 6594      233EDC76 
 6595 00bd 772AAFB6 		.ascii	"w*\257\266}\015\017v\271wG\275\010\012(\313?\351\235"
 6595      7D0D0F76 
 6595      B97747BD 
 6595      080A28CB 
 6595      3FE99D
 6596 00d0 76949281 		.ascii	"v\224\222\201\325`EW\266\305\227\247\312\356\204\214"
 6596      D5604557 
 6596      B6C597A7 
 6596      CAEE848C 
 6597 00e0 CF614C50 		.ascii	"\317aLP\201\275\372(\357\365\264\343E\253\321\225)$"
 6597      81BDFA28 
 6597      EFF5B4E3 
 6597      45ABD195 
 6597      2924
 6598 00f2 ECCCB954 		.ascii	"\354\314\271TMZ\301\357\002\326\2140\003\002|\200\240"
 6598      4D5AC1EF 
 6598      02D68C30 
 6598      03027C80 
 6598      A0
 6599 0103 2563DC7C 		.ascii	"%c\334|N:\213,\002\304S\210D\"p\001K\007\304O\024~\276"
 6599      4E3A8B2C 
 6599      02C45388 
 6599      44227001 
 6599      4B07C44F 
 6600 011a 50478413 		.ascii	"PG\204\023\032G\015\347\023\303\021\202\002\341\010"
 6600      1A470DE7 
 6600      13C31182 
 6600      02E108
 6601 0129 C6A369C3 		.ascii	"\306\243i\303\001]\300\022\223\017H4\020\232\000\200"
 6601      015DC012 
 6601      930F4834 
 6601      109A0080 
 6602 0139 40482E1C 		.ascii	"@H.\034\014\000\300+O;s\216\334\315K`\204\302\270\""
 6602      0C00C02B 
 6602      4F3B738E 
 6602      DCCD4B60 
 6602      84C2B822 
 6603 014d CD58DC9A 		.ascii	"\315X\334\232\275\215\211W\252\260\302\3171\257k\222"
 6603      BD8D8957 
 6603      AAB0C2CF 
 6603      31AF6B92 
 6604 015d 01       		.ascii	"\001"
 6605              		.text
 6606              		.section	.gnu.lto_USB_ActivateSetup.367.1f2fd384,"e",%progbits
 6607 0000 28B52FFD 		.ascii	"(\265/\375`\267\001\025\020\000\306\035mG\320TQ:\020"
 6607      60B70115 
 6607      1000C61D 
 6607      6D47D054 
ARM GAS  C:\Users\nicx5\AppData\Local\Temp\cc9k9ag2.s 			page 263


 6607      513A10
 6608 0013 DDEEE220 		.ascii	"\335\356\342 R$ \037,\264LL\363+]Z\036*\0302\311m\233"
 6608      5224201F 
 6608      2CB44C4C 
 6608      F32B5D5A 
 6608      1E2A1832 
 6609 002a C0893A06 		.ascii	"\300\211:\006\367\277\265\035\011\370e\205\320\237C"
 6609      F7BFB51D 
 6609      09F86585 
 6609      D09F43
 6610 0039 368F391E 		.ascii	"6\2179\036\310m\233mTg#\3365\020z\311\027\020\020Q\254"
 6610      C86D9B6D 
 6610      546723DE 
 6610      35107AC9 
 6610      17101051 
 6611 004e D608217B 		.ascii	"\326\010!{\313\235RU\000R\000W\000\323\034\302\223\031"
 6611      CB9D5255 
 6611      00520057 
 6611      00D31CC2 
 6611      9319
 6612 0060 4C8CF66F 		.ascii	"L\214\366o\034G\354>#$iQ\340\350\000\355\352\032\370"
 6612      1C47EC3E 
 6612      23246951 
 6612      E0E800ED 
 6612      EA1AF8
 6613 0073 25FC241D 		.ascii	"%\374$\035\301\367)o\340\373\264m\323\203\230e\272@"
 6613      C1F7296F 
 6613      E0FBB46D 
 6613      D3839865 
 6613      BA40
 6614 0085 3668177A 		.ascii	"6h\027z\206\250\370\301dWWR\334e\2172\377?\277\211\022"
 6614      86A8F8C1 
 6614      64575752 
 6614      DC658F32 
 6614      FF3FBF89 
 6615 009a 3B356E39 		.ascii	";5n9\263G0\302\356:\336rR\334z\333\013l\203\260c\200"
 6615      B34730C2 
 6615      EE3ADE72 
 6615      52DC7ADB 
 6615      0B6C83B0 
 6616 00b0 34ADD924 		.ascii	"4\255\331$D\343\310\306\236u\263\2502|\271\312c?w\217"
 6616      44E3C8C6 
 6616      9E75B3A8 
 6616      327CB9CA 
 6616      633F778F 
 6617 00c4 EEF38B64 		.ascii	"\356\363\213dt(\243\301/\372\223\321SFK\031\2553:\312"
 6617      7428A3C1 
 6617      2FFA93D1 
 6617      53464B19 
 6617      AD333ACA 
 6618 00d8 E80B9841 		.ascii	"\350\013\230Ax;\034\213\222\335\235\036\22352\205\314"
 6618      783B1C8B 
 6618      92DD9D1E 
 6618      93353285 
 6618      CC
 6619 00e9 78EEB763 		.ascii	"x\356\267c\376\217\001\234\234\200\261s!\342\276X\345"
 6619      FE8F019C 
ARM GAS  C:\Users\nicx5\AppData\Local\Temp\cc9k9ag2.s 			page 264


 6619      9C80B173 
 6619      21E2BE58 
 6619      E5
 6620 00fa F17A8A0C 		.ascii	"\361z\212\014\355\352\030<\367\321\303E\363\372>\301"
 6620      EDEA183C 
 6620      F7D1C345 
 6620      F3FA3EC1 
 6621 010a A91F81A9 		.ascii	"\251\037\201\251\032\024$\225\007J\214\337\226\014\350"
 6621      1A142495 
 6621      074A8CDF 
 6621      960CE8
 6622 0119 F58654A5 		.ascii	"\365\206T\245\2020l+jZ\263ms\035\255p\327\005\004\177"
 6622      82306C2B 
 6622      6A5AB36D 
 6622      731DAD70 
 6622      D705047F 
 6623 012d 27A243B8 		.ascii	"'\242C\270\273\307}\3727\337\247\252(\267\323\232\257"
 6623      BBC77DFA 
 6623      37DFA7AA 
 6623      28B7D39A 
 6623      AF
 6624 013e 515F608F 		.ascii	"Q_`\217\362\215\364:I\340\260\250\345\030\351s'\321"
 6624      F28DF43A 
 6624      49E0B0A8 
 6624      E518E973 
 6624      27D1
 6625 0150 62CF221D 		.ascii	"b\317\"\035\251\356\2605\011.\252\026\024K\344\025\031"
 6625      A9EEB035 
 6625      092EAA16 
 6625      144BE415 
 6625      19
 6626 0161 150D181C 		.ascii	"\025\015\030\034\234N)\011`(U\005\351\230\224\014\257"
 6626      9C4E2909 
 6626      60285505 
 6626      E998940C 
 6626      AF
 6627 0172 1B564DCD 		.ascii	"\033VM\315\006\323\311\306\303\253\024\343R\225X/-)"
 6627      06D3C9C6 
 6627      C3AB14E3 
 6627      5295582F 
 6627      2D29
 6628 0184 160CB692 		.ascii	"\026\014\266\222*\275\\2\037f\\\022T\014k\241R+\323"
 6628      2ABD5C32 
 6628      1F665C12 
 6628      540C6BA1 
 6628      522BD3
 6629 0197 690205D5 		.ascii	"i\002\005\325\352E\343jYX\261\270\034\260\255\333\313"
 6629      EA45E36A 
 6629      5958B1B8 
 6629      1CB0ADDB 
 6629      CB
 6630 01a8 551E5FF6 		.ascii	"U\036_\366\205HZ\320\324f\223P\222P\201(\210\240\206"
 6630      85485AD0 
 6630      D4669350 
 6630      92508128 
 6630      88A086
 6631 01bb 3A89D874 		.ascii	":\211\330tf\002\" \320\002\221B\035e\340\331+\337\316"
ARM GAS  C:\Users\nicx5\AppData\Local\Temp\cc9k9ag2.s 			page 265


 6631      66022220 
 6631      D0029142 
 6631      1D65E0D9 
 6631      2BDFCE
 6632 01ce D4489F47 		.ascii	"\324H\237G\310\315Zh\012\240\361\305hc\001\350\333\362"
 6632      C8CD5A68 
 6632      0AA0F1C5 
 6632      686301E8 
 6632      DBF2
 6633 01e0 C640C65B 		.ascii	"\306@\306[\313\203\\\006Ew\340!\226]L\263\245\353\332"
 6633      CB835C06 
 6633      4577E021 
 6633      965D4CB3 
 6633      A5EBDA
 6634 01f3 F215B790 		.ascii	"\362\025\267\220<\352]\204\332^G3\2726\343\301\316\011"
 6634      3CEA5D84 
 6634      DA5E4733 
 6634      BA36E3C1 
 6634      CE09
 6635 0205 BA0C6CC4 		.ascii	"\272\014l\304\327\005\237"
 6635      D7059F
 6636              		.text
 6637              		.section	.gnu.lto_USB_EP0_OutStart.368.1f2fd384,"e",%progbits
 6638 0000 28B52FFD 		.ascii	"(\265/\375`\217\004\005\034\000v1\261I\240\326Q:\001"
 6638      608F0405 
 6638      1C007631 
 6638      B149A0D6 
 6638      513A01
 6639 0013 2C306638 		.ascii	",0f8\376\010\005&\2365T\214vL\354\326q]\261\371!\335"
 6639      FE080526 
 6639      9E35548C 
 6639      764CECD6 
 6639      715DB1F9 
 6640 0029 21C10DD0 		.ascii	"!\301\015\320)\331\017P\223\330\331\345\321\222\315"
 6640      29D90F50 
 6640      93D8D9E5 
 6640      D192CD
 6641 0038 5BE969C7 		.ascii	"[\351i\307\350\2770\372\002\330\314\025\343\024ms\247"
 6641      E8BF30FA 
 6641      02D8CC15 
 6641      E3146D73 
 6641      A7
 6642 0049 A1858AA9 		.ascii	"\241\205\212\251z\275\311\030\237l\262\345\226)\233"
 6642      7ABDC918 
 6642      9F6CB2E5 
 6642      96299B
 6643 0058 008E009A 		.ascii	"\000\216\000\232\000\\RR\\\272\2119;\036)fc\342C\211"
 6643      005C5252 
 6643      5CBA8939 
 6643      3B1E2966 
 6643      63E24389 
 6644 006c 2D823776 		.ascii	"-\2027vS><w\210\264\266\236\001\034\246\210\362\231"
 6644      533E3C77 
 6644      88B4B69E 
 6644      011CA688 
 6644      F299
 6645 007e F3DF24AB 		.ascii	"\363\337$\253$i\251^P[\323\000\332\300\352&.8\206\330"
ARM GAS  C:\Users\nicx5\AppData\Local\Temp\cc9k9ag2.s 			page 266


 6645      2469A95E 
 6645      505BD300 
 6645      DAC0EA26 
 6645      2E3886D8 
 6646 0092 8EB60550 		.ascii	"\216\266\005Pw\244[\253;\376?\316A\322\225\270\261\220"
 6646      77A45BAB 
 6646      3BFE3FCE 
 6646      41D295B8 
 6646      B190
 6647 00a4 F8404811 		.ascii	"\370@H\021\301q\025\246\233x\343\250U\332:R\236J_\032"
 6647      C17115A6 
 6647      9B78E3A8 
 6647      55DA3A52 
 6647      9E4A5F1A 
 6648 00b8 E1D2D61B 		.ascii	"\341\322\326\033;R\005:\264\232fB \005\300\345\343K"
 6648      3B52053A 
 6648      B49A6642 
 6648      2005C0E5 
 6648      E34B
 6649 00ca 268C3129 		.ascii	"&\2141)\275\325\270\032r\263\305\210\024\231\0208y&"
 6649      BDD5B81A 
 6649      72B3C588 
 6649      14991038 
 6649      7926
 6650 00dc 84416DDD 		.ascii	"\204Am\335\275\305\2352\204\2779I\012\335\375\311$\264"
 6650      BDC59D32 
 6650      84BF3949 
 6650      0ADDFDC9 
 6650      24B4
 6651 00ee B127F7BF 		.ascii	"\261'\367\277\356?\323Ok\0042r\224\374;\356\013\214"
 6651      EE3FD34F 
 6651      6B043272 
 6651      94FC3BEE 
 6651      0B8C
 6652 0100 C66BB536 		.ascii	"\306k\2656\337,\363\033\2461\027\203a>\376\275\310\227"
 6652      DF2CF31B 
 6652      A6311783 
 6652      613EFEBD 
 6652      C897
 6653 0112 5757CF32 		.ascii	"WW\3172'.M\206\372\322\346\247\177\211\273\004v\270"
 6653      272E4D86 
 6653      FAD2E6A7 
 6653      7F89BB04 
 6653      76B8
 6654 0124 3B20368F 		.ascii	"; 6\217\263\345\276\266V{\332R\355\336\324\371Y\235"
 6654      B3E5BEB6 
 6654      567BDA52 
 6654      EDDED4F9 
 6654      599D
 6655 0136 B7A9F335 		.ascii	"\267\251\3635u^V\347i\352\374L\235\217\325y\262\316"
 6655      755E56E7 
 6655      69EAFC4C 
 6655      9D8FD579 
 6655      B2CE
 6656 0148 57727EAC 		.ascii	"Wr~\254\363\264\31639?\353\374\032\030\265\244\224A"
 6656      F3B4CE33 
 6656      393FEBFC 
ARM GAS  C:\Users\nicx5\AppData\Local\Temp\cc9k9ag2.s 			page 267


 6656      1A18B5A4 
 6656      9441
 6657 015a 0E08E9DE 		.ascii	"\016\010\351\336Q&Lo\215S\206l\271k\265\363O\372Vm\361"
 6657      51264C6F 
 6657      8D53866C 
 6657      B96BB5F3 
 6657      4FFA566D 
 6658 016f 321B15AB 		.ascii	"2\033\025\253\036m'\333E\312\010\221]\332\362\371\313"
 6658      1E6D27DB 
 6658      45CA0891 
 6658      5DDAF2F9 
 6658      CB
 6659 0180 DEEC1FCD 		.ascii	"\336\354\037\315\\\0015\3063UbKH\316Z&/\266\256L2Y\014"
 6659      5C0135C6 
 6659      3355624B 
 6659      48CE5A26 
 6659      2FB6AE4C 
 6660 0197 364D31AA 		.ascii	"6M1\252\234\340iXNuu\257\376B\033\305H\227\300i\202"
 6660      9CE06958 
 6660      4E7575AF 
 6660      FE421BC5 
 6660      4897C069 
 6661 01ac D317CAE3 		.ascii	"\323\027\312\343>Y\032S^\034\330\021\246*\203,\241\337"
 6661      3E591A53 
 6661      5E1CD811 
 6661      A62A832C 
 6661      A1DF
 6662 01be A28AC35B 		.ascii	"\242\212\303[\\ZY\245\305\214\303\237\377\320B)\021"
 6662      5C5A59A5 
 6662      C58CC39F 
 6662      FFD04229 
 6662      11
 6663 01cf EBEEF1E0 		.ascii	"\353\356\361\340{\345B\027\213ZQwd\216\3604,y\362\006"
 6663      7BE54217 
 6663      8B5A5177 
 6663      648EF034 
 6663      2C79F206 
 6664 01e3 E8455069 		.ascii	"\350EPi\274\314@\200:~\374;\207/2\263\273\227\230\241"
 6664      BCCC4080 
 6664      3A7EFC3B 
 6664      872F32B3 
 6664      BB9798A1 
 6665 01f7 4EC7606D 		.ascii	"N\307`m1m\257\326\030Wu\005\306\014;\356\013L\215\267"
 6665      316DAFD6 
 6665      18577505 
 6665      C60C3BEE 
 6665      0B4C8DB7 
 6666 020b DC153CBE 		.ascii	"\334\025<\276MB\234\320q\352\356\261Q'.Q\335\261\306"
 6666      4D429CD0 
 6666      71EAEEB1 
 6666      51272E51 
 6666      DDB1C6
 6667 021e 5C0C1772 		.ascii	"\\\014\027r\025x\200f,\350r\0334\344J\220*zFC<\0255"
 6667      15788066 
 6667      2CE8721B 
 6667      34E44A90 
 6667      2A7A4643 
ARM GAS  C:\Users\nicx5\AppData\Local\Temp\cc9k9ag2.s 			page 268


 6668 0235 8868041F 		.ascii	"\210h\004\037\302P\003\022A\014vvt\012\034\361\344<"
 6668      C2500312 
 6668      410C7676 
 6668      740A1CF1 
 6668      E43C
 6669 0247 D00BE988 		.ascii	"\320\013\351\210\340\365\200P\2400\201\333!2\342\335"
 6669      E0F58050 
 6669      A03081DB 
 6669      2132E2DD 
 6670 0257 8476B91B 		.ascii	"\204v\271\033\020\206\012=@GG\020zn\274\335\020\013"
 6670      10860A3D 
 6670      40474710 
 6670      7A6EBCDD 
 6670      100B
 6671 0269 DDCE4283 		.ascii	"\335\316B\203\037\025\361\364\374\340v2t\310\375\360"
 6671      1F15F1F4 
 6671      FCE07632 
 6671      74C8FDF0 
 6672 0279 4EEC8A3E 		.ascii	"N\354\212>\374H\270\200\363\237\330K\371I\251\236\202"
 6672      FC48B880 
 6672      F39FD84B 
 6672      F949A99E 
 6672      82
 6673 028a 8F8375C6 		.ascii	"\217\203u\306Zrb\355\263\341\031\223Y\301\246_\026\033"
 6673      5A7262ED 
 6673      B3E11993 
 6673      59C1A65F 
 6673      161B
 6674 029c CE791A96 		.ascii	"\316y\032\226bj\370\017\332\256\0342\213\000\3270\011"
 6674      626AF80F 
 6674      DAAE1C32 
 6674      8B00D730 
 6674      09
 6675 02ad 2618E603 		.ascii	"&\030\346\003\353\2628\204H\246F\206Z\244:\200qU^`^"
 6675      EBB23884 
 6675      48A64686 
 6675      5AA43A80 
 6675      71555E60 
 6676 02c2 322CB5BB 		.ascii	"2,\265\273iX\246E\3035cE\300\"\010V\250!@\310\024A\012"
 6676      6958A645 
 6676      C3356345 
 6676      C0220856 
 6676      A82140C8 
 6677 02d9 15492041 		.ascii	"\025I A\024&i\306\240\"\031;v\021@=DU3aAI\263\035b\200"
 6677      142669C6 
 6677      A022193B 
 6677      7611403D 
 6677      44553361 
 6678 02f3 CFF2DCB3 		.ascii	"\317\362\334\263ls\257\012\301^\200\310oL\016*z\021"
 6678      6C73AF0A 
 6678      C15E80C8 
 6678      6F4C0E2A 
 6678      7A11
 6679 0305 91FA4E1F 		.ascii	"\221\372N\037\372\021\202\313\256\245Q9]\232a\236\327"
 6679      FA1182CB 
 6679      AEA55139 
 6679      5D9A619E 
ARM GAS  C:\Users\nicx5\AppData\Local\Temp\cc9k9ag2.s 			page 269


 6679      D7
 6680 0316 33977FC4 		.ascii	"3\227\177\304\205k\003\360\2258\212\3543\023\204\220"
 6680      856B03F0 
 6680      95388AEC 
 6680      33138490 
 6681 0326 868E72F1 		.ascii	"\206\216r\361\254\2142\035\005\342\336\211\335\366a"
 6681      AC8C321D 
 6681      05E2DE89 
 6681      DDF661
 6682 0335 3AE100FC 		.ascii	":\341\000\374L\211'\006\262%=\307\361 \030&m<\242\326"
 6682      4C892706 
 6682      B2253DC7 
 6682      F1201826 
 6682      6D3CA2D6 
 6683 0349 691B6327 		.ascii	"i\033c'\354U\230L\254\260\016\226\367\267 \304WD\355"
 6683      EC55984C 
 6683      ACB00E96 
 6683      F7B720C4 
 6683      5744ED
 6684 035c EC092EE4 		.ascii	"\354\011.\344J\025A\276\004\240\337h\327RA\305\333("
 6684      4A1541BE 
 6684      04A0DF68 
 6684      D75241C5 
 6684      DB28
 6685 036e 40C0EA5F 		.ascii	"@\300\352_\032a\267\003|\242\031 \212\220\253<\"T\323"
 6685      1A61B703 
 6685      7CA21920 
 6685      8A90AB3C 
 6685      2254D3
 6686 0381 099A1453 		.ascii	"\011\232\024S=rK\336\037"
 6686      3D724BDE 
 6686      1F
 6687              		.text
 6688              		.section	.gnu.lto_USB_CoreReset.369.1f2fd384,"e",%progbits
 6689 0000 28B52FFD 		.ascii	"(\265/\375`\226\003\315\030\000&\253\234K\260\324U\007"
 6689      609603CD 
 6689      180026AB 
 6689      9C4BB0D4 
 6689      5507
 6690 0012 50DF49E2 		.ascii	"P\337I\342E\206\023\361\234{M\373&qw:K&z\2711\305\331"
 6690      458613F1 
 6690      9C7B4DFB 
 6690      2671773A 
 6690      4B267AB9 
 6691 0029 1A486E3F 		.ascii	"\032Hn?\250<:o:\324\350CW3y\251\036.\344\025\372Kj\300"
 6691      A83C3A6F 
 6691      3AD4E843 
 6691      573379A9 
 6691      1E2EE415 
 6692 0041 883548B9 		.ascii	"\2105H\271\336ce\322\000\276\214:~\\O\276\277\335[J"
 6692      DE6365D2 
 6692      00BE8C3A 
 6692      7E5C4FBE 
 6692      BFDD5B4A 
 6693 0055 99644A01 		.ascii	"\231dJ\001\205\000~\000\210\000\347\312\362\246\326"
 6693      85007E00 
 6693      8800E7CA 
ARM GAS  C:\Users\nicx5\AppData\Local\Temp\cc9k9ag2.s 			page 270


 6693      F2A6D6
 6694 0064 6E67E12D 		.ascii	"ng\341-\204\334EP\003\310Y\271\304\2213\321@\333\234"
 6694      84DC4550 
 6694      03C859B9 
 6694      C49133D1 
 6694      40DB9C
 6695 0077 7E595C00 		.ascii	"~Y\\\000\366k=\000\366;C \324\273\3178\256x7VA'\033"
 6695      F66B3D00 
 6695      F63B4320 
 6695      D4BBCF38 
 6695      AE783756 
 6696 008e C99C89B2 		.ascii	"\311\234\211\262\257j\334\377;o\235.\023\337\227\375"
 6696      AF6ADCFF 
 6696      3B6F9D2E 
 6696      13DF97FD 
 6697 009e BA6B1FF2 		.ascii	"\272k\037\362V}\362\263\311]\306\244\247\020\325\354"
 6697      567DF2B3 
 6697      C95DC6A4 
 6697      A710D5EC 
 6698 00ae E126BFE7 		.ascii	"\341&\277\347\222\277N|\035<\230$\242Z\253\340\305\025"
 6698      92BF4E7C 
 6698      1D3C9824 
 6698      A25AABE0 
 6698      C515
 6699 00c0 7AE22BB2 		.ascii	"z\342+\262\237\322\330\341C'\020L\372\325w\371\226\274"
 6699      9FD2D8E1 
 6699      4327104C 
 6699      FAD577F9 
 6699      96BC
 6700 00d2 9A3339E7 		.ascii	"\23239\347\256G>%o\230w\267\214\356\306u\177-\274~\025"
 6700      AE473E25 
 6700      6F9877B7 
 6700      8CEEC675 
 6700      7F2DBC7E 
 6701 00e7 F4877394 		.ascii	"\364\207s\224\232\035Q\332\234s\376\007\272\016\273"
 6701      9A1D51DA 
 6701      9C73FE07 
 6701      BA0EBB
 6702 00f6 D05DA890 		.ascii	"\320]\250\220\351\363\332\207^\203G\214\030sm\322\304"
 6702      E9F3DA87 
 6702      5E83478C 
 6702      18736DD2 
 6702      C4
 6703 0107 A1FAC0F6 		.ascii	"\241\372\300\366\030#\017`?\332\355.\334Q\272v\314\326"
 6703      18230F60 
 6703      3FDAED2E 
 6703      DC51BA76 
 6703      CCD6
 6704 0119 86D9DA2F 		.ascii	"\206\331\332/[\333ek\267l\355\323\3266mm|k_[\333\332"
 6704      5BDB656B 
 6704      B76CEDD3 
 6704      D6366D6D 
 6704      7C6B5F5B 
 6705 012f DA6F6B57 		.ascii	"\332okW[\333S\356\020eZ\"\246\230\363\210&\311\374\343"
 6705      5BDB53EE 
 6705      10655A22 
 6705      A698F388 
ARM GAS  C:\Users\nicx5\AppData\Local\Temp\cc9k9ag2.s 			page 271


 6705      26C9FCE3 
 6706 0143 E630E142 		.ascii	"\3460\341B\367n\241\366a\277X<\334t\013u5O\3457bY\251"
 6706      F76EA1F6 
 6706      61BF583C 
 6706      DC740B75 
 6706      354FE537 
 6707 015a 40923390 		.ascii	"@\2223\220\002~\333'\017L\335\345\372\025\364\207\203"
 6707      027EDB27 
 6707      0F4CDDE5 
 6707      FA15F487 
 6707      83
 6708 016b 946ABD0B 		.ascii	"\224j\275\013\035\206\237\337:\225\307$\236\004\202"
 6708      1D869FDF 
 6708      3A95C724 
 6708      9E0482
 6709 017a C2089B7F 		.ascii	"\302\010\233\177\303\244j\301\370\315\277L=\020<,\374"
 6709      C3A46AC1 
 6709      F8CDBF4C 
 6709      3D103C2C 
 6709      FC
 6710 018b 262A24D2 		.ascii	"&*$\322\216K\241B\316\216BT\212PK\356\003\335\037\013"
 6710      8E4BA142 
 6710      CE8E4254 
 6710      8A504BEE 
 6710      03DD1F0B 
 6711 019f 6A6AC7CB 		.ascii	"jj\307\313\201\360}\006>\354\337\217\351\350-\211\236"
 6711      81F07D06 
 6711      3EECDF8F 
 6711      E9E82D89 
 6711      9E
 6712 01b0 D7DD369F 		.ascii	"\327\3356\237\241;s\226\212i\227!a\303Y\345\267=\350"
 6712      A13B7396 
 6712      8A699721 
 6712      61C359E5 
 6712      B73DE8
 6713 01c3 5D50612C 		.ascii	"]Pa,\307q\305\007\311Jk\330d\316\331u\370\337\323\030"
 6713      C771C507 
 6713      C94A6BD8 
 6713      64CED975 
 6713      F8DFD318 
 6714 01d7 3D8AEAF2 		.ascii	"=\212\352\362\177\005\255\177\244$u\034\366\257\357"
 6714      7F05AD7F 
 6714      A424751C 
 6714      F6AFEF
 6715 01e6 4651BC0F 		.ascii	"FQ\274\017?>@\266\235\3332<0\026(\034\240\321^\006\344"
 6715      3F3E40B6 
 6715      9DDB323C 
 6715      3016281C 
 6715      A0D15E06 
 6716 01fb 686A116C 		.ascii	"hj\021l\357\274T\300\001\351\364\364\\\230\3214\374"
 6716      EFBC54C0 
 6716      01E9F4F4 
 6716      5C98D134 
 6716      FC
 6717 020c E0643BB7 		.ascii	"\340d;\267\232L\307fA\215N.'S#\303\335x8`\2705\200\351"
 6717      9A4CC766 
 6717      418D4E2E 
ARM GAS  C:\Users\nicx5\AppData\Local\Temp\cc9k9ag2.s 			page 272


 6717      275323C3 
 6717      DD783860 
 6718 0224 9C8DA626 		.ascii	"\234\215\246&gF{\000\241\226\203\313p\263M\310I\340"
 6718      67467B00 
 6718      A19683CB 
 6718      70B34DC8 
 6718      49E0
 6719 0236 00A5BB89 		.ascii	"\000\245\273\211\331\037m\025'\022E\263}\207}\3505\252"
 6719      D91F6D15 
 6719      271245B3 
 6719      7D877DE8 
 6719      35AA
 6720 0248 89C987F3 		.ascii	"\211\311\207\363}\207c\217\324\335\261\357\031\242\357"
 6720      7D87638F 
 6720      D4DDB1EF 
 6720      19A2EF
 6721 0257 55B5DC5D 		.ascii	"U\265\334]\262~$9\275\307\022\223\222\353\321n\301\260"
 6721      B27E2439 
 6721      BDC71293 
 6721      92EBD16E 
 6721      C1B0
 6722 0269 C7C61845 		.ascii	"\307\306\030Ej\370\353ao\246\350\375\212\257\024y\""
 6722      6AF8EB61 
 6722      6FA6E8FD 
 6722      8AAF1479 
 6722      22
 6723 027a EB08E986 		.ascii	"\353\010\351\206\031I\250A$\246\225BhF(\022\021I\342"
 6723      1949A841 
 6723      24A69542 
 6723      68462812 
 6723      1149E2
 6724 028d 8C017002 		.ascii	"\214\001p\002\031\252;\017\021P\261s\022\321\244\306"
 6724      19AA3B0F 
 6724      1150B173 
 6724      12D1A4C6 
 6725 029d 0138F8DA 		.ascii	"\0018\370\332\331&;\373/\305_I\244U\303I\210\014y6$"
 6725      D9263BFB 
 6725      2FC55F49 
 6725      A455C349 
 6725      880C7936 
 6726 02b2 34F58B4A 		.ascii	"4\365\213J\360S\221\315Q\333\323:[dCw\211\036\254\203"
 6726      F05391CD 
 6726      51DBD33A 
 6726      5B644377 
 6726      891EAC83 
 6727 02c6 A234C918 		.ascii	"\2424\311\030\372\221\021\246\362\273\352\012\2723\203"
 6727      FA9111A6 
 6727      F2BBEA0A 
 6727      BA3383
 6728 02d5 2E5D98BF 		.ascii	".]\230\277N\215\035\022\245\300\253\225\255\013q\242"
 6728      4E8D1D12 
 6728      A5C0AB95 
 6728      AD0B71A2 
 6729 02e5 84CB4853 		.ascii	"\204\313HSXA\300\004\270\2069\243$\221\255,k\247\347"
 6729      5841C004 
 6729      B88639A3 
 6729      2491AD2C 
ARM GAS  C:\Users\nicx5\AppData\Local\Temp\cc9k9ag2.s 			page 273


 6729      6BA7E7
 6730 02f8 CB98795F 		.ascii	"\313\230y_\351\034\356\240\037\243v\364}b\322 S\011"
 6730      E91CEEA0 
 6730      1FA376F4 
 6730      7D62D220 
 6730      5309
 6731 030a 4A039441 		.ascii	"J\003\224A\375\2407B\006O\0346\000o\221u\013\000\273"
 6731      FDA03742 
 6731      064F1C36 
 6731      006F9175 
 6731      0B00BB
 6732 031d 69E270EE 		.ascii	"i\342p\356\027\374"
 6732      17FC
 6733              		.text
 6734              		.section	.gnu.lto_USB_HostInit.370.1f2fd384,"e",%progbits
 6735 0000 28B52FFD 		.ascii	"(\265/\375`%\012\3451\000\272U\304\022CP\236N\007\337"
 6735      60250AE5 
 6735      3100BA55 
 6735      C4124350 
 6735      9E4E07DF 
 6736 0014 197AD499 		.ascii	"\031z\324\231\030\027\304\000/\325\031\361\320,'\216"
 6736      1817C400 
 6736      2FD519F1 
 6736      D02C278E 
 6737 0024 D106C083 		.ascii	"\321\006\300\203\036<\243:Wm)\023\317\353\242\365\236"
 6737      1E3CA33A 
 6737      576D2913 
 6737      CFEBA2F5 
 6737      9E
 6738 0035 209221E6 		.ascii	" \222!\346 \342kt\020\034\220\350\023\230.\342\243\246"
 6738      20E26B74 
 6738      101C90E8 
 6738      13982EE2 
 6738      A3A6
 6739 0047 BCCCB809 		.ascii	"\274\314\270\011\331{\313\235dJ\001\034\001\375\000"
 6739      D97BCB9D 
 6739      644A011C 
 6739      01FD00
 6740 0056 1E01EE7B 		.ascii	"\036\001\356{\376\335\336\335a\355y^\305\255\364Qi\257"
 6740      FEDDDEDD 
 6740      61ED795E 
 6740      C5ADF451 
 6740      69AF
 6741 0068 CAF7C46E 		.ascii	"\312\367\304n\276\221_\032h\027Fp\206\027\275/5_\361"
 6741      BE915F1A 
 6741      68174670 
 6741      8617BD2F 
 6741      355FF1
 6742 007b 41BB314B 		.ascii	"A\2731K\274Z\307J~U\335\322\257\233\211\344\377\373"
 6742      BC5AC74A 
 6742      7E55DDD2 
 6742      AF9B89E4 
 6742      FFFB
 6743 008d B32B2398 		.ascii	"\263+#\2303^\001\307\315\325*A\251\372\250\337\2059"
 6743      335E01C7 
 6743      CDD52A41 
 6743      A9FAA8DF 
ARM GAS  C:\Users\nicx5\AppData\Local\Temp\cc9k9ag2.s 			page 274


 6743      8539
 6744 009f 1E0C4FE6 		.ascii	"\036\014O\346\274\307\307\227s6\320,Z\307\315\246Gi"
 6744      BCC7C797 
 6744      7336D02C 
 6744      5AC7CDA6 
 6744      4769
 6745 00b1 AEEADE6E 		.ascii	"\256\352\336n\267\363(a.EF\007\345\\\347\014_\316x\006"
 6745      B7F32861 
 6745      2E454607 
 6745      E55CE70C 
 6745      5FCE7806 
 6746 00c5 3A43EB38 		.ascii	":C\3538\351C\253c\325\001\254\216\231\012\302Z\3543"
 6746      E943AB63 
 6746      D501AC8E 
 6746      990AC25A 
 6746      EC33
 6747 00d7 DF932608 		.ascii	"\337\223&\010\273>7-tr\306\203\372\271\356\271b\376"
 6747      BB3E372D 
 6747      7472C683 
 6747      FAB9EEB9 
 6747      62FE
 6748 00e9 E383ECE1 		.ascii	"\343\203\354\3419\032\213-\273b\365\257X;\016\033\206"
 6748      391A8B2D 
 6748      BB62F5AF 
 6748      583B0E1B 
 6748      86
 6749 00fa 4ED29C63 		.ascii	"N\322\234c\376\363t\237\247\232\244[\003r\221*k\246"
 6749      FEF3749F 
 6749      A79AA45B 
 6749      0372912A 
 6749      6BA6
 6750 010c 96C401D7 		.ascii	"\226\304\001\327\340\324\006v\004\373|\334\036#l?\234"
 6750      E0D40676 
 6750      04FB7CDC 
 6750      1E236C3F 
 6750      9C
 6751 011d 878DE06F 		.ascii	"\207\215\340o\321\265A!l?\374\330\303\215=x\334\342"
 6751      D1B54121 
 6751      6C3FFCD8 
 6751      C38D3D78 
 6751      DCE2
 6752 012f 9210B637 		.ascii	"\222\020\2667o\001\327\336\226\350\326v\\vuslt\272\271"
 6752      6F01D7DE 
 6752      96E8D676 
 6752      5C767573 
 6752      6C74BAB9 
 6753 0143 AA2EE1CC 		.ascii	"\252.\341\314\264!\235f\352\320\337\2207Gg\331}\244"
 6753      B4219D66 
 6753      EAD0DF90 
 6753      374767D9 
 6753      7DA4
 6754 0155 F34C4DE6 		.ascii	"\363LM\346\234\335\212_\033N\262{\331\0109\347\276i"
 6754      9CDD8A5F 
 6754      1B4EB27B 
 6754      D90839E7 
 6754      BE69
 6755 0167 4E366F20 		.ascii	"N6o \357\366\246\356\036\353.z\005\211\323\351\324\225"
ARM GAS  C:\Users\nicx5\AppData\Local\Temp\cc9k9ag2.s 			page 275


 6755      EFF6A6EE 
 6755      1EEB2E7A 
 6755      0589D3E9 
 6755      D495
 6756 0179 EBBFFA5F 		.ascii	"\353\277\372_\210\266\243[\313\273l\2659\007Y\320\316"
 6756      88B6A35B 
 6756      CBBB6CB5 
 6756      390759D0 
 6756      CE
 6757 018a 456CEE44 		.ascii	"El\356D;\347\270]\306\352\370\237\225\213J\337|\255"
 6757      3BE7B85D 
 6757      C6EAF89F 
 6757      958B4ADF 
 6757      7CAD
 6758 019c ED5A626C 		.ascii	"\355Zbl\3753\347 >\327\336\265:V>\011\245O\326\376\367"
 6758      FD33E720 
 6758      3ED7DEB5 
 6758      3A563E09 
 6758      A54FD6FE 
 6759 01b1 FD28BB72 		.ascii	"\375(\273r]\276\277\237\301\221=Y\337B?\300\\\267|\327"
 6759      5DBEBF9F 
 6759      C1913D59 
 6759      DF423FC0 
 6759      5CB77CD7 
 6760 01c5 F3E4D32F 		.ascii	"\363\344\323/\377\253\240%6\237\254\231\205L\332\305"
 6760      FFABA025 
 6760      369FAC99 
 6760      854CDAC5 
 6761 01d5 56DF73AF 		.ascii	"V\337s\257\213k\336i3\013\221\000\346;m\274\261\373"
 6761      8B6BDE69 
 6761      330B9100 
 6761      E63B6DBC 
 6761      B1FB
 6762 01e7 D0F6064F 		.ascii	"\320\366\006O;\202\375r\335R\256\347\275t)\356O.\365"
 6762      3B82FD72 
 6762      DD52AEE7 
 6762      BD7429EE 
 6762      4F2EF5
 6763 01fa 766AF23D 		.ascii	"vj\362=o&|\233\000\276\275\204o'\361m%\366v\022\276"
 6763      6F267C9B 
 6763      00BEBD84 
 6763      6F27F16D 
 6763      25F67612 
 6764 020f 8DC4DE3E 		.ascii	"\215\304\336>2\336\036\200o\033\341\333E\3706Q\361\266"
 6764      32DE1E80 
 6764      6F1BE1DB 
 6764      45F83651 
 6764      F1B6
 6765 0221 80E2ED00 		.ascii	"\200\342\355\000\370\366\020\276-\324\336\006\200o\007"
 6765      F8F610BE 
 6765      2DD4DE06 
 6765      806F07
 6766 0230 E1DB40F8 		.ascii	"\341\333@\370\366O{\333\007\337F\342\333=\3706O{\373"
 6766      F64F7BDB 
 6766      07DF46E2 
 6766      DB3DF836 
 6766      4F7BFB
ARM GAS  C:\Users\nicx5\AppData\Local\Temp\cc9k9ag2.s 			page 276


 6767 0243 886F1BD9 		.ascii	"\210o\033\331\333E|\273\305\267Y|{\305\2671\276\255"
 6767      DB457CBB 
 6767      C5B7597C 
 6767      7BC5B731 
 6767      BEAD
 6768 0255 E2DBBFDE 		.ascii	"\342\333\277\336\276\370\266C\300w\376\244I\226\\r\006"
 6768      BEF8B643 
 6768      C077FEA4 
 6768      49965C72 
 6768      06
 6769 0266 32A593FD 		.ascii	"2\245\223\375p\237\022\227\272\353\005D\357gt\033\016"
 6769      709F1297 
 6769      BAEB0544 
 6769      EF67741B 
 6769      0E
 6770 0277 E5DE8A18 		.ascii	"\345\336\212\0303'\317C\337\334\356r\030]\320[-2}\323"
 6770      3327CF43 
 6770      DFDCEE72 
 6770      185DD05B 
 6770      2D327DD3 
 6771 028b AB75FB16 		.ascii	"\253u\373\026w\251o\035\006i:\012\372\240\361\241]\344"
 6771      77A96F1D 
 6771      06693A0A 
 6771      FAA0F1A1 
 6771      5DE4
 6772 029d 16254EEB 		.ascii	"\026%N\353\202n\300\015\232\310\372\025gz5\001D\267"
 6772      826EC00D 
 6772      9AC8FA15 
 6772      677A3501 
 6772      44B7
 6773 02af CAEA7A9A 		.ascii	"\312\352z\232\200G\212+{\263\2463\014d\372\010\315\342"
 6773      80478A2B 
 6773      7BB3A633 
 6773      0C64FA08 
 6773      CDE2
 6774 02c1 43B5E236 		.ascii	"C\265\3426\030\336\265~\305\003\2747\311k3t\177\374"
 6774      18DEB57E 
 6774      C503BC37 
 6774      C96B3374 
 6774      7FFC
 6775 02d3 6B7DFA6E 		.ascii	"k}\372n\017 \256\247\005x\2448\2637k\246a\035;\364p"
 6775      0F20AEA7 
 6775      0578A438 
 6775      B3376BA6 
 6775      611D3BF4 
 6776 02e8 927C8D0B 		.ascii	"\222|\215\013\375\320c0n>\010\005=\200\240\3774gpd\206"
 6776      FDD06330 
 6776      6E3E0805 
 6776      3D80A0FF 
 6776      34677064 
 6777 02fd 4556A00F 		.ascii	"EV\240\017TN\247w\\\271\376<\320\0165$~\276\030E\276"
 6777      544EA777 
 6777      5CB9FE3C 
 6777      D00E3524 
 6777      7EBE1845 
 6778 0312 8F9FF1E5 		.ascii	"\217\237\361\345#\341\004e\261#\005?\364\321(UW\256"
 6778      23E10465 
ARM GAS  C:\Users\nicx5\AppData\Local\Temp\cc9k9ag2.s 			page 277


 6778      B123053F 
 6778      F4D12855 
 6778      57AE
 6779 0324 3CDFF3B8 		.ascii	"<\337\363\270\020\255-\204\377\371\241\030\321bu\314"
 6779      10AD2D84 
 6779      FFF9A118 
 6779      D16275CC 
 6780 0334 F3C5A8F1 		.ascii	"\363\305\250\361\217\255\361\261\331\031\034\327\034"
 6780      8FADF1B1 
 6780      D9191CD7 
 6780      1C
 6781 0341 28452CD2 		.ascii	"(E,\322C\365\241\355\216\265\026\337\245}\345T\260\332"
 6781      43F5A1ED 
 6781      8EB516DF 
 6781      A57DE554 
 6781      B0DA
 6782 0353 9CF382E2 		.ascii	"\234\363\202\342\037\311E\233O\326\033\346\034\265M"
 6782      1FC9459B 
 6782      4FD61BE6 
 6782      1CB54D
 6783 0362 79F20FED 		.ascii	"y\362\017\355v\345\332>3/\260\354&v\343\271re\277}\234"
 6783      76E5DA3E 
 6783      332FB0EC 
 6783      2676E3B9 
 6783      7265BF7D 
 6784 0377 26CBC9B0 		.ascii	"&\313\311\260\1774\247\310*fj\210\177\375\202\353\250"
 6784      7F34A7C8 
 6784      2A666A88 
 6784      7FFD82EB 
 6784      A8
 6785 0388 DFC73E3D 		.ascii	"\337\307>=M\216O^Z\\?e%a\302Uq\313O\230\310\372f\240"
 6785      4D8E4F5E 
 6785      5A5C3F65 
 6785      2561C255 
 6785      71CB4F98 
 6786 03a0 95C00416 		.ascii	"\225\300\004\026\202\250\250\003G`\023\254:\250\235"
 6786      82A8A803 
 6786      476013AC 
 6786      3AA89D
 6787 03af 75A04497 		.ascii	"u\240D\227\213+\025*P0\243VxuAeqYA]e\220@u\005\006\306"
 6787      8B2B152A 
 6787      5030A356 
 6787      78754165 
 6787      7159415D 
 6788 03ca 800AAA8B 		.ascii	"\200\012\252\213K\353\305\026W\205\004\015\326b\002"
 6788      4BEBC516 
 6788      5785040D 
 6788      D66202
 6789 03d9 95086694 		.ascii	"\225\010f\224\006\016V\"\272Rp\265\360 \302\301\224"
 6789      060E5622 
 6789      BA5270B5 
 6789      F020C2C1 
 6789      94
 6790 03ea 5077E365 		.ascii	"Pw\343e\177\271\246o\335\3045\037\255\231\210p\010\264"
 6790      7FB9A66F 
 6790      DDC4351F 
 6790      AD998870 
ARM GAS  C:\Users\nicx5\AppData\Local\Temp\cc9k9ag2.s 			page 278


 6790      08B4
 6791 03fc B1C6B79C 		.ascii	"\261\306\267\234i\270r]z\002\217u8\227\236\225\213\""
 6791      69B8725D 
 6791      7A028F75 
 6791      38979E95 
 6791      8B22
 6792 040e 4EF949BE 		.ascii	"N\371I\276Z\321\217+W\245O>\256Ck#\233\2727\224\276"
 6792      5AD18F2B 
 6792      57A54F3E 
 6792      AE436B23 
 6792      9BBA3794 
 6793 0423 482E2A45 		.ascii	"H.*E\364\301Z\223\236)\026%\351\215\344\242M\304\"l"
 6793      F4C15A93 
 6793      9E291625 
 6793      E98DE4A2 
 6793      4DC4226C 
 6794 0437 3E9B72D1 		.ascii	">\233r\321\352\264\271\254[\354\356\226=x\022\036\026"
 6794      EAB4B9AC 
 6794      5BECEE96 
 6794      3D78121E 
 6794      16
 6795 0448 6609776C 		.ascii	"f\011wl9h\350\335\024|\0328\345\210O\314\303;\300\214"
 6795      3968E8DD 
 6795      147C1A38 
 6795      E5884FCC 
 6795      C33BC08C 
 6796 045c 7C687B18 		.ascii	"|h{\030\036<R\277\2269\372\026wz5\247G\372\333\227w"
 6796      1E3C52BF 
 6796      9639FA16 
 6796      777A35A7 
 6796      47FADB97 
 6797 0471 E6E891BE 		.ascii	"\346\350\221\276\010-\261i\301\251`Q\035=T\215#B\234"
 6797      082DB169 
 6797      C1A96051 
 6797      1D3D548D 
 6797      23429C
 6798 0484 DEA56ACE 		.ascii	"\336\245j\3169\367H\275K=\331\364\257\325\351\245R4"
 6798      39F748BD 
 6798      4B3DD9F4 
 6798      AFD5E9A5 
 6798      5234
 6799 0496 0F87745F 		.ascii	"\017\207t_\360:\016\236\204R$\323\306\340s\012\2514"
 6799      F03A0E9E 
 6799      845224D3 
 6799      C6E0730A 
 6799      A934
 6800 04a8 283D53AC 		.ascii	"(=S\254\216\241\236\204F?\300X\364F\313'\372\242\244"
 6800      8EA19E84 
 6800      463FC058 
 6800      F446CB27 
 6800      FAA2A4
 6801 04bb 2B57A70F 		.ascii	"+W\247\017\200\301\250AHg\215\241\231\021\021\221$M"
 6801      80C1A841 
 6801      48678DA1 
 6801      99111191 
 6801      244D
 6802 04cd A135A002 		.ascii	"\2415\240\002\021\251\242\352\021 1SP\315\320\202\202"
ARM GAS  C:\Users\nicx5\AppData\Local\Temp\cc9k9ag2.s 			page 279


 6802      11A9A2EA 
 6802      11203153 
 6802      50CDD082 
 6802      82
 6803 04de 14B2C701 		.ascii	"\024\262\307\001\027\240\347I\334\323d\267\334\265?"
 6803      17A0E749 
 6803      DCD364B7 
 6803      DCB53F
 6804 04ed 98A09B84 		.ascii	"\230\240\233\204\023\321\346\204\343\347\200r;\305\314"
 6804      13D1E684 
 6804      E3E78072 
 6804      3BC5CC
 6805 04fc 11DE3DD5 		.ascii	"\021\336=\325\202N\332\240o\016\276\004\237\021L\321"
 6805      824EDAA0 
 6805      6F0EBE04 
 6805      9F114CD1 
 6806 050c BF201A97 		.ascii	"\277 \032\227\244\265G\260\3531T\302\245\230\331E\237"
 6806      A4B547B0 
 6806      EB3154C2 
 6806      A598D945 
 6806      9F
 6807 051d ABBF4662 		.ascii	"\253\277Fb\315\020E\304K\005\031u\344\263\0065/k|\003"
 6807      CD1045C4 
 6807      4B051975 
 6807      E4B30635 
 6807      2F6B7C03 
 6808 0531 159E60B2 		.ascii	"\025\236`\262\364\010\232\351\031\355;]i\322\307\250"
 6808      F4089AE9 
 6808      19ED3B5D 
 6808      69D2C7A8 
 6809 0541 84E5BDF8 		.ascii	"\204\345\275\370hI\222\025\243\266\034\2619*o\307\001"
 6809      68499215 
 6809      A3B61CB1 
 6809      392A6FC7 
 6809      01
 6810 0552 263BB13D 		.ascii	"&;\261=\302m\016`xT\233;\232\342F\302\204\303\3331&"
 6810      C26D0E60 
 6810      78549B3B 
 6810      9AE246C2 
 6810      84C3DB31 
 6811 0567 8D8A8C28 		.ascii	"\215\212\214(@[\244B\255/\022\333S\311i\011\261\362"
 6811      405BA442 
 6811      AD2F12DB 
 6811      53C96909 
 6811      B1F2
 6812 0579 4938F402 		.ascii	"I8\364\002nD?\311\254\025\317o!\252\002P\307N\277\201"
 6812      6E443FC9 
 6812      AC15CF6F 
 6812      21AA0250 
 6812      C74EBF81 
 6813 058d 20D043F3 		.ascii	" \320C\363g\"\277\261\223\013 \013T(\273\357\340\020"
 6813      6722BFB1 
 6813      930B200B 
 6813      5428BBEF 
 6813      E010
 6814 059f 2C332A83 		.ascii	",3*\203\023\200\251\205\206\217 \312\015\243\204d}e"
 6814      1380A985 
ARM GAS  C:\Users\nicx5\AppData\Local\Temp\cc9k9ag2.s 			page 280


 6814      868F20CA 
 6814      0DA38464 
 6814      7D65
 6815 05b1 964AA421 		.ascii	"\226J\244!\217BB\317\375\021d`\307`\002\241\214~*2 "
 6815      8F4242CF 
 6815      FD116460 
 6815      C76002A1 
 6815      8C7E2A32 
 6816 05c6 9844D541 		.ascii	"\230D\325AT\273\226%\211\234\00039\340\254}\372=\236"
 6816      54BB9625 
 6816      899C0033 
 6816      39E0AC7D 
 6816      FA3D9E
 6817 05d9 9E31AC13 		.ascii	"\2361\254\023\205cH\223yR\304\221B\221\0205P\005\252"
 6817      85634893 
 6817      7952C491 
 6817      42911035 
 6817      5005AA
 6818 05ec 721326F3 		.ascii	"r\023&\363R\305'\275\265DA1\2077\201\364\374g\365\253"
 6818      52C527BD 
 6818      B5444131 
 6818      873781F4 
 6818      FC67F5AB 
 6819 0600 28C8B108 		.ascii	"(\310\261\010%\262\217\242\351$}\337\203\277\012\022"
 6819      25B28FA2 
 6819      E9247DDF 
 6819      83BF0A12 
 6820 0610 D4B85B51 		.ascii	"\324\270[Q\354#\226\253;\271\317\364\000[\314E%d\340"
 6820      EC2396AB 
 6820      3BB9CFF4 
 6820      005BCC45 
 6820      2564E0
 6821 0623 73F01854 		.ascii	"s\360\030T\365\035\324#\015\277'@\262\251\246\322\006"
 6821      F51DD423 
 6821      0DBF2740 
 6821      B2A9A6D2 
 6821      06
 6822 0634 A350F768 		.ascii	"\243P\367ht\355r\372\354#\360j\315I\267\304\250\001"
 6822      74ED72FA 
 6822      EC23F06A 
 6822      CD49B7C4 
 6822      A801
 6823              		.text
 6824              		.section	.gnu.lto_USB_InitFSLSPClkSel.371.1f2fd384,"e",%progbits
 6825 0000 28B52FFD 		.ascii	"(\265/\375`\001\003\005\026\000&\250\220K\260\022R:"
 6825      60010305 
 6825      160026A8 
 6825      904BB012 
 6825      523A
 6826 0012 F9E53001 		.ascii	"\371\3450\001k\354\003\373C\227tt\214e\254\330%cf\205"
 6826      6BEC03FB 
 6826      43977474 
 6826      8C65ACD8 
 6826      25636685 
 6827 0026 D13FA0C4 		.ascii	"\321?\240\304s\316\314X\317n\356\265:\233\333\021\031"
 6827      73CECC58 
 6827      CF6EEEB5 
ARM GAS  C:\Users\nicx5\AppData\Local\Temp\cc9k9ag2.s 			page 281


 6827      3A9BDB11 
 6827      19
 6828 0037 D9E10C0A 		.ascii	"\331\341\014\012\235; \334\360\341\025\002q\302[Sq\337"
 6828      9D3B20DC 
 6828      F0E11502 
 6828      71C25B53 
 6828      71DF
 6829 0049 75E1CFA1 		.ascii	"u\341\317\2414-\031\377{#\204\354-\267L\001z\000q\000"
 6829      342D19FF 
 6829      7B2384EC 
 6829      2DB74C01 
 6829      7A007100 
 6830 005d 7B004256 		.ascii	"{\000BV\025J\266%[2\224\376\254\202W\370\260\324\206"
 6830      154AB625 
 6830      5B3294FE 
 6830      AC8257F8 
 6830      B0D486
 6831 0070 3ABB4642 		.ascii	":\273FBH\304{\315\223\307\224lg<2\262\255\034`d\373"
 6831      48C47BCD 
 6831      93C7946C 
 6831      673C32B2 
 6831      AD1C6064 
 6832 0085 FF35043E 		.ascii	"\3775\004>\347\365%\246\350A\230*\021\204\321u\257I"
 6832      E7F525A6 
 6832      E841982A 
 6832      1184D175 
 6832      AF49
 6833 0097 6B27E631 		.ascii	"k'\34619\332\332\224w\376a\262\014\362hA\200\277:\273"
 6833      39DADA94 
 6833      77FE61B2 
 6833      0CF26841 
 6833      80BF3ABB 
 6834 00ab F7C28041 		.ascii	"\367\302\200A\264\002\000z\340\256\005\222n\034\201"
 6834      B402007A 
 6834      E0AE0592 
 6834      6E1C81
 6835 00ba 0081EA08 		.ascii	"\000\201\352\010V\210\034L\305\224\010\350\243\224d"
 6835      56881C4C 
 6835      C59408E8 
 6835      A39464
 6836 00c9 B9F79E0E 		.ascii	"\271\367\236\016\001;\360K\376O\341?\207\277e\001\315"
 6836      013BF04B 
 6836      FE4FE13F 
 6836      87BF6501 
 6836      CD
 6837 00da 26CF7AF4 		.ascii	"&\317z\364<\254c\335U\277b\257}?Q\314\302q\351y\363"
 6837      3CAC63DD 
 6837      55BF62AF 
 6837      7D3F51CC 
 6837      C271E979 
 6838 00ef 8776D3B9 		.ascii	"\207v\323\271\336f\372I\372\020\0262\313\330\344\307"
 6838      DE66FA49 
 6838      FA101632 
 6838      CBD8E4C7 
 6839 00ff 588A1976 		.ascii	"X\212\031v\372\227\245/-=i\351\255\245\257\226\276G"
 6839      FA97A52F 
 6839      2D3D69E9 
ARM GAS  C:\Users\nicx5\AppData\Local\Temp\cc9k9ag2.s 			page 282


 6839      ADA5AF96 
 6839      BE47
 6840 0111 7A6AE959 		.ascii	"zj\351Y\304\236YC(\225\247{A\234]\367\312\316\200b\223"
 6840      C49E5943 
 6840      2895A77B 
 6840      419C5DF7 
 6840      CACE8062 
 6841 0126 F9F73953 		.ascii	"\371\3679S\0356\200H\3467y\350\025q\033\013k\012\205"
 6841      1D368048 
 6841      E63779E8 
 6841      15711B0B 
 6841      6B0A85
 6842 0139 D6BDA601 		.ascii	"\326\275\246\001\266\327\225%E\231\246,\354\341\331"
 6842      B6D79525 
 6842      4599A62C 
 6842      ECE1D9
 6843 0148 2D0A94C7 		.ascii	"-\012\224\307e\236\361\277ab\311\311\322\016\006\347"
 6843      659EF1BF 
 6843      6162C9C9 
 6843      D20E06E7 
 6844 0158 087E1A4A 		.ascii	"\010~\032J\272\352n:\327Xd\001\321\342k\305\037e\014"
 6844      BAEA6E3A 
 6844      D7586401 
 6844      D1E26BC5 
 6844      1F650C
 6845 016b B26D9747 		.ascii	"\262m\227G!M6S1\001\032\315=\243\254C\372\364\205m\022"
 6845      214D3653 
 6845      31011ACD 
 6845      3DA3AC43 
 6845      FAF4856D 
 6846 0180 26E190AB 		.ascii	"&\341\220\253\266\013\222%\036\3221l\337e\347y\372`"
 6846      B60B9225 
 6846      1ED2316C 
 6846      DF65E779 
 6846      FA60
 6847 0192 93B1BBB6 		.ascii	"\223\261\273\266\215\372!\3758\\\245S\336\253\244rn"
 6847      8DFA21FD 
 6847      385CA553 
 6847      DEABA472 
 6847      6E
 6848 01a3 A161A7BC 		.ascii	"\241a\247\274\367\262\023\333\263nd\333\375\022\016"
 6848      F7B213DB 
 6848      B36E64DB 
 6848      FD120E
 6849 01b2 9B369797 		.ascii	"\2336\227\227M\306Xsw\225P\222\257}\257\025\267b\001"
 6849      4DC65873 
 6849      77955092 
 6849      AF7DAF15 
 6849      B76201
 6850 01c5 2FB71617 		.ascii	"/\267\026\027\334\313BM\316\246~\245&\305&\302\001\233"
 6850      DCCB424D 
 6850      CEA67EA5 
 6850      26C526C2 
 6850      019B
 6851 01d7 0D8564E7 		.ascii	"\015\205d\347rsPO\203\"A\207\001\227\2233\241f\323\271"
 6851      7273504F 
 6851      83224187 
ARM GAS  C:\Users\nicx5\AppData\Local\Temp\cc9k9ag2.s 			page 283


 6851      01979333 
 6851      A166D3B9 
 6852 01eb A0A3D1E4 		.ascii	"\240\243\321\344n4\\L\013\014n\267[\201\241\351r5\031"
 6852      6E345C4C 
 6852      0B0C6EB7 
 6852      5B81A1E9 
 6852      723519
 6853 01fe 6E720A52 		.ascii	"nr\012R\276\333q\201\231\251\331\0264\270\315\350pr"
 6853      BEDB7181 
 6853      99A9D916 
 6853      34B8CDE8 
 6853      7072
 6854 0210 3B0F6612 		.ascii	";\017f\022\274\210\3747/\327\333L\027\020<\213\3063"
 6854      BC88FC37 
 6854      2FD7DB4C 
 6854      17103C8B 
 6854      C633
 6855 0222 6FFC102C 		.ascii	"o\374\020,>Uf\336\370j\243\377\257>K\257\177d7\321\032"
 6855      3E5566DE 
 6855      F86AA3FF 
 6855      AF3E4BAF 
 6855      7F6437D1 
 6856 0237 41462646 		.ascii	"AF&F\024-\253\250\245\036ZDK\331F\367N\022T\006\027"
 6856      142DABA8 
 6856      A51E5A44 
 6856      4BD946F7 
 6856      4E125406 
 6857 024c 96520D36 		.ascii	"\226R\0156 \220\"!Cz\224\301\002\257|;\263G\372|\204"
 6857      20902221 
 6857      437A94C1 
 6857      02AF7C3B 
 6857      B347FA7C 
 6858 0261 9746EDD3 		.ascii	"\227F\355\323\012v\226\203\031\260\36462\341^\2642\231"
 6858      0A769683 
 6858      19B0F436 
 6858      32E15EB4 
 6858      3299
 6859 0273 796BE538 		.ascii	"yk\3458G\345s}\303$'58!I\022B!\256\016m\247\300\366"
 6859      47E5737D 
 6859      C3242735 
 6859      38214912 
 6859      4221AE0E 
 6860 028b E27945E0 		.ascii	"\342yE\340\327\221\202\261\355\212d\351\356\340F.v\021"
 6860      D79182B1 
 6860      ED8A64E9 
 6860      EEE0462E 
 6860      7611
 6861 029d 5BBB8B15 		.ascii	"[\273\213\025Y\322\2672)2\205\335\254\344B\005\332\003"
 6861      59D2B732 
 6861      293285DD 
 6861      ACE44205 
 6861      DA03
 6862 02af B066FCD8 		.ascii	"\260f\374\330\331\210n\243x\310WV\202F<\363H8\350{]"
 6862      D9886EA3 
 6862      78C85756 
 6862      82463CF3 
 6862      4838E87B 
ARM GAS  C:\Users\nicx5\AppData\Local\Temp\cc9k9ag2.s 			page 284


 6863 02c4 C3FD1A2D 		.ascii	"\303\375\032-\204\002"
 6863      8402
 6864              		.text
 6865              		.section	.gnu.lto_USB_ResetPort.372.1f2fd384,"e",%progbits
 6866 0000 28B52FFD 		.ascii	"(\265/\375`/\002\225\022\000Fb{H\300\224Q:x\375\346"
 6866      602F0295 
 6866      12004662 
 6866      7B48C094 
 6866      513A78FD 
 6867 0015 032FDADC 		.ascii	"\003/\332\334\370\177\265\032\231\352\370a\017\367`"
 6867      F87FB51A 
 6867      99EAF861 
 6867      0FF760
 6868 0024 5A54273B 		.ascii	"ZT';\340n\205\240\352m\235T;\035\237&\343'\272\201\237"
 6868      E06E85A0 
 6868      EA6D9D54 
 6868      3B1D9F26 
 6868      E327BA81 
 6869 0039 021DD90B 		.ascii	"\002\035\331\0137\010\310( T?W\304F\314\010z\211)\207"
 6869      3708C828 
 6869      20543F57 
 6869      C446CC08 
 6869      7A892987 
 6870 004d 97697CD2 		.ascii	"\227i|\322\366&r\247\024c\000`\000c\000\316\371\304"
 6870      F62672A7 
 6870      14630060 
 6870      006300CE 
 6870      F9C4
 6871 005f 95B1CAF3 		.ascii	"\225\261\312\363\301\263\301\264\273\224\340\322\034"
 6871      C1B3C1B4 
 6871      BB94E0D2 
 6871      1C
 6872 006c C0141C35 		.ascii	"\300\024\03451\332\317q\035?G\022\341\000\273OK\224"
 6872      31DACF71 
 6872      1D3F4712 
 6872      E100BB4F 
 6872      4B94
 6873 007e 764305A6 		.ascii	"vC\005\246\001/U>`^~\0270/m\273e\301\217g\272JG\264"
 6873      012F553E 
 6873      605E7E17 
 6873      302F6DBB 
 6873      65C18F67 
 6874 0096 0ABC162B 		.ascii	"\012\274\026+~8\355\206,-\372\354q\346?\351?\201B\250"
 6874      7E38ED86 
 6874      2C2DFAEC 
 6874      71E63FE9 
 6874      3F8142A8 
 6875 00aa C82D08E8 		.ascii	"\310-\010\350\021\325`w\035oA)n\275\355\003\266\177"
 6875      11D56077 
 6875      1D6F4129 
 6875      6EBDED03 
 6875      B67F
 6876 00bc EC380B0F 		.ascii	"\3548\013\017\257B\213=\237\250JugkB\323\232[=\226x"
 6876      AF428B3D 
 6876      9FA84A75 
 6876      676B42D3 
 6876      9A5B3D96 
ARM GAS  C:\Users\nicx5\AppData\Local\Temp\cc9k9ag2.s 			page 285


 6877 00d1 1B7B0E81 		.ascii	"\033{\016\201\242\322\360\277U\234\375\360V\035\351"
 6877      A2D2F0BF 
 6877      559CFDF0 
 6877      561DE9
 6878 00e0 3F91D129 		.ascii	"?\221\321)\031\015\312h\224\214\2362Z\312\350OF\353"
 6878      190DCA68 
 6878      948C9E32 
 6878      5ACAE84F 
 6878      46EB
 6879 00f2 8C8E32FA 		.ascii	"\214\2162\372(\250\333\223\356\310\000\222\335\027="
 6879      28A8DB93 
 6879      EEC80092 
 6879      DD173D
 6880 0101 A7152283 		.ascii	"\247\025\"\203\324x\356\017\377\035O\262*\205G\330\263"
 6880      D478EE0F 
 6880      FF1D4FB2 
 6880      2A8547D8 
 6880      B3
 6881 0112 B4C43362 		.ascii	"\264\3043b\332\015y\300\313\024\245\032\007\366\216"
 6881      DA0D79C0 
 6881      CB14A51A 
 6881      07F68E
 6882 0121 87F89B55 		.ascii	"\207\370\233UF(\011\353\216\010\245J\244DnMq\277\232"
 6882      462809EB 
 6882      8E08A54A 
 6882      A4446E4D 
 6882      71BF9A
 6883 0134 53517A9B 		.ascii	"SQz\233\212\251\017v3\244\002\350\365z@\276\232\237"
 6883      8AA90F76 
 6883      33A402E8 
 6883      F57A40BE 
 6883      9A9F
 6884 0146 4ABD6DA8 		.ascii	"J\275m\250\226\373\247\004pC\272'\325\347\256B\267&"
 6884      96FBA704 
 6884      7043BA27 
 6884      D5E7AE42 
 6884      B726
 6885 0158 7F17C207 		.ascii	"\177\027\302\007\334\215\361\"?6/Uo\202\205Nk\276F="
 6885      DC8DF122 
 6885      3F362F55 
 6885      6F82854E 
 6885      6BBE463D 
 6886 016c 187E3555 		.ascii	"\030~5Uz\325\033%\\\324\222\370>\363\271# R\2423\242"
 6886      7AD51B25 
 6886      5CD492F8 
 6886      3EF3B923 
 6886      2052A233 
 6887 0181 D2322E98 		.ascii	"\3222.\230\230W\212\205\007\326!G\372\005\307\005\203"
 6887      98578A85 
 6887      07D62147 
 6887      FA05C705 
 6887      83
 6888 0192 0596566B 		.ascii	"\005\226Vk\245\200,\3065\341\363\315\312\205\330\207"
 6888      A5802CC6 
 6888      35E1F3CD 
 6888      CA85D887 
 6889 01a2 978E4E4E 		.ascii	"\227\216NNKk\003O\214u\003s\261^403/\231\354e\206\025"
ARM GAS  C:\Users\nicx5\AppData\Local\Temp\cc9k9ag2.s 			page 286


 6889      4B6B034F 
 6889      8C750373 
 6889      B15E3430 
 6889      332F99EC 
 6890 01b9 83E180C8 		.ascii	"\203\341\200\310\000s\340b\331N\314\214MK\013\202\004"
 6890      0073E062 
 6890      D94ECC8C 
 6890      4D4B0B82 
 6890      04
 6891 01ca 974D4C03 		.ascii	"\227ML\003l\207\202\015\003\031\024\333\341\376[\305"
 6891      6C87820D 
 6891      031914DB 
 6891      E1FE5BC5 
 6892 01da F9B3091E 		.ascii	"\371\263\011\036\201AS\233uwtb\224b\322\373j\202\232"
 6892      8141539B 
 6892      75777462 
 6892      9462D2FB 
 6892      6A829A
 6893 01ed 0235026E 		.ascii	"\0025\002nHwE\251\350!\357\231\001+ \200\002\221\203"
 6893      487745A9 
 6893      E821EF99 
 6893      012B2080 
 6893      029183
 6894 0200 B60DD7C1 		.ascii	"\266\015\327\301\222W\336\316\354H\2379B(YKV7e\207\263"
 6894      9257DECE 
 6894      EC489F39 
 6894      4228594B 
 6894      56376587 
 6895 0215 5AE1DE01 		.ascii	"Z\341\336\001\024\316\300t'\306\357\265~\303\273\004"
 6895      14CEC074 
 6895      27C6EFB5 
 6895      7EC3BB04 
 6896 0225 EB3EF2DA 		.ascii	"\353>\362\332T\036&\266\320\250\260\025\334q\371\215"
 6896      541E26B6 
 6896      D0A8B015 
 6896      DC71F98D 
 6897 0235 D59883C8 		.ascii	"\325\230\203\310\233!G\032\375\335\264y\302\020\330"
 6897      9B21471A 
 6897      FDDDB479 
 6897      C210D8
 6898 0244 25C55945 		.ascii	"%\305YEaq\240\205Ev\371\206?~l\31741\003\017\363\272"
 6898      6171A085 
 6898      4576F986 
 6898      3F7E6CCF 
 6898      3431030F 
 6899 025a 1E19     		.ascii	"\036\031"
 6900              		.text
 6901              		.section	.gnu.lto_USB_DriveVbus.373.1f2fd384,"e",%progbits
 6902 0000 28B52FFD 		.ascii	"(\265/\375`u\003m\030\000V\354\235F\240\\M:\020@wh\341"
 6902      6075036D 
 6902      180056EC 
 6902      9D46A05C 
 6902      4D3A1040 
 6903 0017 532DAC71 		.ascii	"S-\254qHa\371\000\002\255\322\220O#\001G\344\012\213"
 6903      4861F900 
 6903      02ADD290 
 6903      4F230147 
ARM GAS  C:\Users\nicx5\AppData\Local\Temp\cc9k9ag2.s 			page 287


 6903      E40A8B
 6904 002a DBBEB122 		.ascii	"\333\276\261\"b-\357\335\2576e\340\022\254\361N\326"
 6904      622DEFDD 
 6904      AF3665E0 
 6904      12ACF14E 
 6904      D6
 6905 003b 4AD571FD 		.ascii	"J\325q\375\3048.\261+\330\025`cc\005\3320\255\033!{"
 6905      C4382EB1 
 6905      2BD81560 
 6905      636305DA 
 6905      30AD1B21 
 6906 0050 1329930C 		.ascii	"\023)\223\014\211\000~\000\204\000OMT-\302K\005j\204"
 6906      89007E00 
 6906      84004F4D 
 6906      542DC24B 
 6906      056A84
 6907 0063 76551FE5 		.ascii	"vU\037\345R\216>\245\206\016\350\206#\207K\267\030A"
 6907      528E3EA5 
 6907      860EE886 
 6907      23874BB7 
 6907      1841
 6908 0075 398497AF 		.ascii	"9\204\227\257\373\314\313\357\004\346\245\252j\254\302"
 6908      FBCCCBEF 
 6908      04E6A5AA 
 6908      6AACC2
 6909 0084 91227173 		.ascii	"\221\"qs\241R\032\201\005\325C\313\233n\361\207\223"
 6909      A1521A81 
 6909      05D543CB 
 6909      9B6EF187 
 6909      93
 6910 0095 1CE92138 		.ascii	"\034\351!8\345\307\213\244\0071\034\307\323\217'N\272"
 6910      E5C78BA4 
 6910      07311CC7 
 6910      D38F274E 
 6910      BA
 6911 00a6 A4870D88 		.ascii	"\244\207\015\210@\355\016\272t\271\235W:vM+\243\376"
 6911      40ED0EBA 
 6911      74B99D57 
 6911      3A764D2B 
 6911      A3FE
 6912 00b8 7D0F8084 		.ascii	"}\017\200\204\331\341\303+\202\306\245[Z\006\240c\372"
 6912      D9E1C32B 
 6912      82C6A55B 
 6912      5A06A063 
 6912      FA
 6913 00c9 5EDDFDAA 		.ascii	"^\335\375\252\357\015\035n\027\304\320\335\272N:\250"
 6913      EF0D1D6E 
 6913      17C4D0DD 
 6913      BA4E3AA8 
 6914 00d9 6BEBAADA 		.ascii	"k\353\252\332CUq\252\354!8\225]Qr\325\333S1iyJ\3775"
 6914      435571AA 
 6914      EC213895 
 6914      5D5172D5 
 6914      DB533169 
 6915 00f1 4BA99ECA 		.ascii	"K\251\236\312o\340\343\265\347S~\001s\225g\256\356\314"
 6915      6FE0E3B5 
 6915      E7537E01 
ARM GAS  C:\Users\nicx5\AppData\Local\Temp\cc9k9ag2.s 			page 288


 6915      739567AE 
 6915      EECC
 6916 0103 55D75CD5 		.ascii	"U\327\\\325\231\253\255\271\032\316Up\256\316\271*\347"
 6916      99ABADB9 
 6916      1ACE5570 
 6916      AECEB92A 
 6916      E7
 6917 0114 EA375719 		.ascii	"\3527W\031\\\335\271z\004\340\023o\244\212m\351\016"
 6917      5CDDB97A 
 6917      04E0136F 
 6917      A48A6DE9 
 6917      0E
 6918 0125 D27BD364 		.ascii	"\322{\323d\244\227%\027\377\361\253z\244\257\362*u-"
 6918      A4972517 
 6918      FFF1AB7A 
 6918      A4AFF22A 
 6918      752D
 6919 0137 B031C6E0 		.ascii	"\2601\306\340\361\260x\254\351\026i\204\227\013\242"
 6919      F1B078AC 
 6919      E9166984 
 6919      970BA2
 6920 0146 845445A3 		.ascii	"\204TE\243m#\315WX\260vk\272y\020.\325\026*\210#\304"
 6920      6D23CD57 
 6920      58B0766B 
 6920      BA79102E 
 6920      D5162A88 
 6921 015c 7B2A33FE 		.ascii	"{*3\376\352-~nG\310\035\244v\263+n\024\014S\016&\037"
 6921      EA2D7E6E 
 6921      47C81DA4 
 6921      76B32B6E 
 6921      140C530E 
 6922 0172 4FE93F63 		.ascii	"O\351?c\032`\0371\333\335I\314S\252\207M\220cUe\226"
 6922      1A601F31 
 6922      DBDD49CC 
 6922      53AA874D 
 6922      90635565 
 6923 0187 364B5F7D 		.ascii	"6K_}\330\234\014Nf\220Fr\200^\257\327\345\260\371\261"
 6923      D89C0C4E 
 6923      66904672 
 6923      805EAFD7 
 6923      E5B0F9B1 
 6924 019b E4E77638 		.ascii	"\344\347v8\361\037#\220\332\215<\346\213\347('6z+\032"
 6924      F11F2390 
 6924      DA8D3CE6 
 6924      8BE72827 
 6924      367A2B1A 
 6925 01af 4661F790 		.ascii	"Fa\367\220'\321\303\230\227\314\277\341cd\234\236\227"
 6925      27D1C398 
 6925      97CCBFE1 
 6925      63649C9E 
 6925      97
 6926 01c0 1F8A87CD 		.ascii	"\037\212\207\315\036>\263\223& 8(z\243y\361\016\220"
 6926      1E3EB393 
 6926      26203828 
 6926      7AA379F1 
 6926      0E90
 6927 01d2 B4199BF4 		.ascii	"\264\031\233\364\360\307\277\224\266\247\002\270\207"
ARM GAS  C:\Users\nicx5\AppData\Local\Temp\cc9k9ag2.s 			page 289


 6927      F0C7BF94 
 6927      B6A702B8 
 6927      87
 6928 01df D94A2E4B 		.ascii	"\331J.K\211\003\033f\031\200\210n@3\020\255\0116\332"
 6928      89031B66 
 6928      1980886E 
 6928      403310AD 
 6928      0936DA
 6929 01f2 0B14B2C8 		.ascii	"\013\024\262\310F\302V\223j\241\210\302\011\022\023"
 6929      46C25693 
 6929      6AA188C2 
 6929      091213
 6930 0201 64320909 		.ascii	"d2\011\011n@3\020\237\232\220P\242\026\203h\305\012"
 6930      6E403310 
 6930      9F9A9050 
 6930      A2168368 
 6930      C50A
 6931 0213 1431190B 		.ascii	"\0241\031\013[\355\307\004m\366C\304!C\020\321\355f"
 6931      5BEDC704 
 6931      6DF643C4 
 6931      214310D1 
 6931      ED66
 6932 0225 21E8A746 		.ascii	"!\350\247F+\222\221\202\246\201\202\336\\\000\005\015"
 6932      2B929182 
 6932      A68182DE 
 6932      5C00050D 
 6933 0235 C5641D3E 		.ascii	"\305d\035>\314\206j*h.B\014]\330P@U\305\376\327,\205"
 6933      CC866A2A 
 6933      682E420C 
 6933      5DD85040 
 6933      55C5FED7 
 6934 024b 34C33342 		.ascii	"4\3033B\2248\2472+%!\317\230\336as\207yvX\304\314\352"
 6934      9438A732 
 6934      2B2521CF 
 6934      98DE6173 
 6934      87797658 
 6935 0262 C8413DF0 		.ascii	"\310A=\360ef\271\213cUf\2266K\207]:\314@j7\316\221-"
 6935      6566B98B 
 6935      63556696 
 6935      364B875D 
 6935      3ACC406A 
 6936 027a 96482493 		.ascii	"\226H$\223\023\233\021\313C\016C\250a0\347\004\312\020"
 6936      139B11CB 
 6936      430E43A8 
 6936      6130E704 
 6936      CA10
 6937 028c E6D44890 		.ascii	"\346\324H\220\024\2264c\220\"\251\302z\020H\3124\205"
 6937      14963463 
 6937      9022A9C2 
 6937      7A1048CA 
 6937      3485
 6938 029e 85B40648 		.ascii	"\205\264\006H\262KZ\3543\244\326n\304\035\312\022\257"
 6938      B24B5AEC 
 6938      33A4D66E 
 6938      C41DCA12 
 6938      AF
 6939 02af AACCCD2F 		.ascii	"\252\314\315/\033\237\305\257\202\225\351J]9\024\222"
ARM GAS  C:\Users\nicx5\AppData\Local\Temp\cc9k9ag2.s 			page 290


 6939      1B9FC5AF 
 6939      8295E94A 
 6939      5D391492 
 6940 02bf BADC1A66 		.ascii	"\272\334\032f\255\0058)\260\355\256E\361K\225$\273\016"
 6940      AD053829 
 6940      B0EDAE45 
 6940      F14B9524 
 6940      BB0E
 6941 02d1 05E7A086 		.ascii	"\005\347\240\206\007\244\331Q\301?\340\315\220\005\343"
 6941      07A4D951 
 6941      C13FE0CD 
 6941      9005E3
 6942 02e0 8359AE6A 		.ascii	"\203Y\256j\357\3419\177\274\315G\360b\344$\034\302z"
 6942      EFE1397F 
 6942      BCCD47F0 
 6942      62E4241C 
 6942      C27A
 6943 02f2 5ADC8A42 		.ascii	"Z\334\212BD\243\004\265k9\227k\3044\352\310\314\230"
 6943      44A304B5 
 6943      6B39976B 
 6943      C434EAC8 
 6943      CC98
 6944 0304 B01ABF6E 		.ascii	"\260\032\277n\351\301>\204 @6\333\334\034\325q6\214"
 6944      E9C13E84 
 6944      204036DB 
 6944      DC1CD571 
 6944      368C
 6945 0316 FF       		.ascii	"\377"
 6946              		.text
 6947              		.section	.gnu.lto_USB_GetHostSpeed.374.1f2fd384,"e",%progbits
 6948 0000 28B52FFD 		.ascii	"(\265/\375`l\001u\017\000\006\035jH\320\262*\035\261"
 6948      606C0175 
 6948      0F00061D 
 6948      6A48D0B2 
 6948      2A1DB1
 6949 0013 E23F2CA2 		.ascii	"\342?,\242\325/\223\016\365\224\314\316\226qK\270B\352"
 6949      D52F930E 
 6949      F594CCCE 
 6949      96714BB8 
 6949      42EA
 6950 0025 6F104261 		.ascii	"o\020Ba\320\253M\210\3603 \202\205\230\0053_\245\320"
 6950      D0AB4D88 
 6950      F0332082 
 6950      85980533 
 6950      5FA5D0
 6951 0038 3147E8D1 		.ascii	"1G\350\321\217\016\300\005\333:\323Q1\373\234\312\034"
 6951      8F0EC005 
 6951      DB3AD351 
 6951      31FB9CCA 
 6951      1C
 6952 0049 A9B0E9FF 		.ascii	"\251\260\351\377P0k\204l\"wJ\001R\000P\000S\000\272"
 6952      50306B84 
 6952      6C22774A 
 6952      01520050 
 6952      005300BA 
 6953 005d 0597DE20 		.ascii	"\005\227\336 \202q\212\361\267\017\026\260\033d\267"
 6953      82718AF1 
ARM GAS  C:\Users\nicx5\AppData\Local\Temp\cc9k9ag2.s 			page 291


 6953      B70F16B0 
 6953      1B64B7
 6954 006c B33B1958 		.ascii	"\263;\031X\005ti\333\307y\214\030\303Bv\347\026;\361"
 6954      057469DB 
 6954      C7798C18 
 6954      C34276E7 
 6954      163BF1
 6955 007f F0214103 		.ascii	"\360!A\003\310\356\034\211\274\300w\351}\300w\2515\207"
 6955      C8EE1C89 
 6955      BCC077E9 
 6955      7DC077A9 
 6955      3587
 6956 0091 3DC2FCE7 		.ascii	"=\302\374\347\374,n\330\344\240\315\304\036A\007\273"
 6956      FC2C6ED8 
 6956      E4A0CDC4 
 6956      1E4107BB 
 6957 00a1 EB489BA1 		.ascii	"\353H\233\241\271\365\266\021\330\216\261\177\0133\026"
 6957      B9F5B611 
 6957      D88EB17F 
 6957      0B3316
 6958 00b0 D585EFAD 		.ascii	"\325\205\357\255\332lG\207>o\360\267\377\363\242\245"
 6958      DA6C4787 
 6958      3E6FF0B7 
 6958      FFF3A2A5 
 6959 00c0 17ED79D1 		.ascii	"\027\355y\321*\243\243\027}\000`\255G\016\347@\210\335"
 6959      2AA3A317 
 6959      7D0060AD 
 6959      470EE740 
 6959      88DD
 6960 00d2 133F4076 		.ascii	"\023?@v\207\304\361\342\270\177>\332\277\214\3478$\232"
 6960      87C4F1E2 
 6960      B87F3EDA 
 6960      BF8CE738 
 6960      249A
 6961 00e4 13A6D3F5 		.ascii	"\023\246\323\365\320\354vg\013t)\262q\262q\257\270*"
 6961      D0EC7667 
 6961      0B7429B2 
 6961      71B271AF 
 6961      B82A
 6962 00f6 567966F4 		.ascii	"Vyf\364\210\330\355\006\016p\353\370<\225z\031\237\020"
 6962      88D8ED06 
 6962      0E70EBF8 
 6962      3C957A19 
 6962      9F10
 6963 0108 774F23D8 		.ascii	"wO#\330j\271\033\325\343\256#h>|\035\017/\320n\212\327"
 6963      6AB91BD5 
 6963      E3AE2368 
 6963      3E7C1D0F 
 6963      2FD06E8A 
 6964 011d F8307A10 		.ascii	"\3700z\020%r\032\372\032\365\240\371\004\037\250W\275"
 6964      25721AFA 
 6964      1AF5A0F9 
 6964      041FA857 
 6964      BD
 6965 012e 913111DA 		.ascii	"\2211\021\332\370\257\357\270+h\361#g\003\365\363\""
 6965      F8AFEFB8 
 6965      2B68F123 
ARM GAS  C:\Users\nicx5\AppData\Local\Temp\cc9k9ag2.s 			page 292


 6965      6703F5F3 
 6965      22
 6966 013f B2F8E34F 		.ascii	"\262\370\343OAU\235\231\217LC\223j\254\340\331\370\343"
 6966      41559D99 
 6966      8F4C4393 
 6966      6AACE0D9 
 6966      F8E3
 6967 0151 29289492 		.ascii	")(\224\222*\204\244\265\342\320\"}\302br\241\002\011"
 6967      2A84A4B5 
 6967      E2D0227D 
 6967      C26272A1 
 6967      0209
 6968 0163 893462C0 		.ascii	"\2114b\300UBM\360\2742b\201\005\243rqi)!ih\261F++\324"
 6968      55424DF0 
 6968      BC326281 
 6968      05A37271 
 6968      69292169 
 6969 017d 48A58262 		.ascii	"H\245\202bR\271\\'\246\021k\305\322\001\303\352\201"
 6969      52B95C27 
 6969      A6116BC5 
 6969      D201C3EA 
 6969      81
 6970 018e 895D2F25 		.ascii	"\211]/%S\252\204\004A\002*\305\312\260z\241\220j\220"
 6970      53AA8404 
 6970      41022AC5 
 6970      CAB07AA1 
 6970      906A90
 6971 01a1 42C0F6DC 		.ascii	"B\300\366\334;\244\037\012\231\316\254\207}RC\372Y-"
 6971      3BA41F0A 
 6971      99CEAC87 
 6971      7D5243FA 
 6971      592D
 6972 01b3 D4301B00 		.ascii	"\3240\033\000\227\012\026\340\225\247\2359G\356\346"
 6972      970A16E0 
 6972      95A79D39 
 6972      47EEE6
 6973 01c2 2530A256 		.ascii	"%0\242Vs\317+ch\314\011\"\367\2042E\341C\360(\270\233"
 6973      73CF2B63 
 6973      68CC0922 
 6973      F7843245 
 6973      E143F028 
 6974 01d8 B3391086 		.ascii	"\2639\020\206\240.i\315\012\000\033Gin\004\326\300\305"
 6974      A02E69CD 
 6974      0A001B47 
 6974      696E04D6 
 6974      C0C5
 6975 01ea A3AC9414 		.ascii	"\243\254\224\024]\242\356\023~f|\265\363\011"
 6975      5DA2EE13 
 6975      7E667CB5 
 6975      F309
 6976              		.text
 6977              		.section	.gnu.lto_USB_GetCurrentFrame.375.1f2fd384,"e",%progbits
 6978 0000 28B52FFD 		.ascii	"(\265/\375`\376\000]\015\000\366\330\\F\360\2606\035"
 6978      60FE005D 
 6978      0D00F6D8 
 6978      5C46F0B0 
 6978      361D
ARM GAS  C:\Users\nicx5\AppData\Local\Temp\cc9k9ag2.s 			page 293


 6979 0012 70881A0B 		.ascii	"p\210\032\013\277\014\262\350\237\353\034\305\336\251"
 6979      BF0CB2E8 
 6979      9FEB1CC5 
 6979      DEA9
 6980 0020 DB68E769 		.ascii	"\333h\347i\257-\014'Un\355Z=\336\276\002\356\306!\251"
 6980      AF2D0C27 
 6980      556EED5A 
 6980      3DDEBE02 
 6980      EEC621A9 
 6981 0034 21BD0702 		.ascii	"!\275\007\002\306\223\213\021J\202^b\251\220\307D*\346"
 6981      C6938B11 
 6981      4A825E62 
 6981      A990C744 
 6981      2AE6
 6982 0046 C91A2F82 		.ascii	"\311\032/\202x\207\242\236\032m\"wJ\001E\000E\000G\000"
 6982      7887A29E 
 6982      1A6D2277 
 6982      4A014500 
 6982      45004700 
 6983 005a BB3568E8 		.ascii	"\2735h\350\354\212\010l\222}\332\366m~\343b\360\263"
 6983      EC8A086C 
 6983      927DDAF6 
 6983      6D7EE362 
 6983      F0B3
 6984 006c 3AAA9288 		.ascii	":\252\222\210\347FfE\317\256\250y|\300\365i=\300\365"
 6984      E7466645 
 6984      CFAEA879 
 6984      7CC0F569 
 6984      3DC0F5
 6985 007f A934072F 		.ascii	"\2514\007/A\3778\377\014\210\032\231\027\230\322%\306"
 6985      41FF38FF 
 6985      0C881A99 
 6985      1798D225 
 6985      C6
 6986 0090 60772D5F 		.ascii	"`w-_`bn\275\355\017\333-\366O\002(|k5e[\032{x\317\253"
 6986      60626EBD 
 6986      ED0FDB2D 
 6986      F64F0228 
 6986      7C6B3565 
 6987 00aa 7E4BA5D5 		.ascii	"~K\245\325\222\226*\375\014\023\361be\363\341bw\304"
 6987      92962AFD 
 6987      0C13F162 
 6987      65F3E162 
 6987      77C4
 6988 00bc D8B33126 		.ascii	"\330\2631&\214\024\017\177\333\305\3071GG\214\310\016"
 6988      8C140F7F 
 6988      DBC5C731 
 6988      47478CC8 
 6988      0E
 6989 00cd 41B92656 		.ascii	"A\271&Vwvx\302\031\273\242\201Oc\350\360 \222\362\252"
 6989      777678C2 
 6989      19BBA281 
 6989      4F63E8F0 
 6989      2092F2AA 
 6990 00e1 0E06103A 		.ascii	"\016\006\020:\216\007/UL\261\034T\010;\303U|\331n\011"
 6990      8E072F55 
 6990      4CB11C54 
ARM GAS  C:\Users\nicx5\AppData\Local\Temp\cc9k9ag2.s 			page 294


 6990      083BC355 
 6990      7CD96E09 
 6991 00f5 05FE8A03 		.ascii	"\005\376\212\003KF\363\351\267\350\201T\270\322\223"
 6991      4B46F3E9 
 6991      B7E88154 
 6991      B8D293
 6992 0104 AF529FED 		.ascii	"\257R\237\355\013\\S\257Z\363a\346\324\342\304\324\207"
 6992      0B5C53AF 
 6992      5AF361E6 
 6992      D4E2C4D4 
 6992      87
 6993 0115 F730C9D1 		.ascii	"\3670\311\321\226N\325\034\324\015\223\236\274\261\260"
 6993      964ED51C 
 6993      D40D939E 
 6993      BCB1B0
 6994 0124 2163E568 		.ascii	"!c\345h\261$5%\034\011\250\373x$EdB\204\004\333\006"
 6994      B1243525 
 6994      1C09A8FB 
 6994      78244564 
 6994      428404DB 
 6995 0139 428004E2 		.ascii	"B\200\004\342\036XF\001\221\360\261t**\024B\266\013"
 6995      1E584601 
 6995      91F0B174 
 6995      2A2A1442 
 6995      B60B
 6996 014b 1A3E0DC5 		.ascii	"\032>\015\305\343\264\316\204$\324\221H#!\355\363R6"
 6996      E3B4CE84 
 6996      24D49148 
 6996      2321EDF3 
 6996      5236
 6997 015d 54F01A88 		.ascii	"T\360\032\210\230\264\002\012\215B6\007'\334\350\263"
 6997      98B4020A 
 6997      8D423607 
 6997      27DCE8B3 
 6998 016d E0AD4018 		.ascii	"\340\255@\030-(\021`[\334[\253)L/\022&E9\024\000E\005"
 6998      2D281160 
 6998      5BDC5BAB 
 6998      294C2F12 
 6998      26453914 
 6999 0184 1EF0CAD3 		.ascii	"\036\360\312\323\316\234#}\363\010VkD\326D#\014\220"
 6999      CE9C237D 
 6999      F308566B 
 6999      44D64423 
 6999      0C90
 7000 0196 ACC10CCB 		.ascii	"\254\301\014\313~R\215\002\201\021\324}\2551\366\264"
 7000      7E528D02 
 7000      8111D47D 
 7000      AD31F6B4 
 7001 01a6 802013BC 		.ascii	"\200 \023\274\244\210\021uU\370\231\347\325N2"
 7001      A4881175 
 7001      55F899E7 
 7001      D54E32
 7002              		.text
 7003              		.section	.gnu.lto_USB_HC_Init.376.1f2fd384,"e",%progbits
 7004 0000 28B52FFD 		.ascii	"(\265/\375`\317\015]A\000joT\030>@\244N\007\247\012"
 7004      60CF0D5D 
 7004      41006A6F 
ARM GAS  C:\Users\nicx5\AppData\Local\Temp\cc9k9ag2.s 			page 295


 7004      54183E40 
 7004      A44E07A7 
 7005 0015 F4CD9180 		.ascii	"\364\315\221\200,G\263\337\006p\347\246\252J2\254\034"
 7005      2C47B3DF 
 7005      0670E7A6 
 7005      AA4A32AC 
 7005      1C
 7006 0026 A57A107E 		.ascii	"\245z\020~\035(\011&\324:6z\037m\0044\177\2200>\375"
 7006      1D280926 
 7006      D43A367A 
 7006      1F6D0434 
 7006      7F90303E 
 7007 003b AEE01220 		.ascii	"\256\340\022 \012\224\002\235\343\216iB\233\310n)\245"
 7007      0A94029D 
 7007      E38E6942 
 7007      9BC86E29 
 7007      A5
 7008 004c 14770145 		.ascii	"\024w\001E\001{\001\316D\353\374\326\331\255s\233(\252"
 7008      017B01CE 
 7008      44EBFCD6 
 7008      D9AD739B 
 7008      28AA
 7009 005e 2984A2B9 		.ascii	")\204\242\271:t\357\224i\243\373G\305\363\322v\272\353"
 7009      3A74EF94 
 7009      69A3FB47 
 7009      C5F3D276 
 7009      BAEB
 7010 0070 BAEFBAF1 		.ascii	"\272\357\272\361\272\363\232\231\203p\337i\273\306\323"
 7010      BAF39A99 
 7010      8370DF69 
 7010      BBC6D3
 7011 007f 793ACA48 		.ascii	"y:\312H\250/\\\314yd~\217\334\207\012\006\336\021\332"
 7011      A82F5CCC 
 7011      79647E8F 
 7011      DC870A06 
 7011      DE11DA
 7012 0092 61838707 		.ascii	"a\203\207\007\245s\227Wf\257N\214x\345t\242@\275/Y\002"
 7012      A5739757 
 7012      66AF4E8C 
 7012      78E574A2 
 7012      40BD2F59 
 7013 00a7 7131DB11 		.ascii	"q1\333\021\363\213\345\276\237_\240\036\302{\351&\264"
 7013      F38BE5BE 
 7013      9F5FA01E 
 7013      C27BE926 
 7013      B4
 7014 00b8 CAFD6485 		.ascii	"\312\375d\205\272\302E\224\323s\2024\035\037|\274W\252"
 7014      BAC24594 
 7014      D3738234 
 7014      1D1F7CBC 
 7014      57AA
 7015 00ca E88EC9DA 		.ascii	"\350\216\311\332\352\222C5\201\263\206\020\311\332*"
 7015      EA924335 
 7015      81B38610 
 7015      C9DA2A
 7016 00d9 54113765 		.ascii	"T\0217e\332i\010\035c{o\"\276; \210\350\306\220\356"
 7016      DA69081D 
ARM GAS  C:\Users\nicx5\AppData\Local\Temp\cc9k9ag2.s 			page 296


 7016      637B6F22 
 7016      BE3B2088 
 7016      E8C690EE 
 7017 00ed BB290C4C 		.ascii	"\273)\014LC(\366\307\365\336sc\035u\237M6\035k\253\006"
 7017      4328F6C7 
 7017      F5DE7363 
 7017      1D759F4D 
 7017      361D6BAB 
 7018 0102 A25CEECC 		.ascii	"\242\\\356\314\235\246\325\004\3515@\270\351\336B\276"
 7018      9DA6D504 
 7018      E93540B8 
 7018      E9DE42BE 
 7019 0112 BB7BE92A 		.ascii	"\273{\351*\360\326\332jT\003\260\255\022\333\311\266"
 7019      F0D6DA6A 
 7019      5403B0AD 
 7019      12DBC9B6 
 7020 0122 CACC8C21 		.ascii	"\312\314\214!C\020&\373{w\306\214E\340\031'u\032\335"
 7020      431026FB 
 7020      7B77C68C 
 7020      45E01927 
 7020      751ADD
 7021 0135 4B37F55B 		.ascii	"K7\365[\232\254\235\232\230\226\222JIH\310\243q-Z\225"
 7021      9AAC9D9A 
 7021      9896924A 
 7021      4948C8A3 
 7021      712D5A95 
 7022 0149 F84EC65D 		.ascii	"\370N\306]\344\020\355F\362d\024\210\246V\326NZ\272"
 7022      E410ED46 
 7022      F2641488 
 7022      A656D64E 
 7022      5ABA
 7023 015b 490B539C 		.ascii	"I\013S\234\234/\301u2L\032\234+\021%\374\245M!\002\360"
 7023      9C2FC175 
 7023      324C1A9C 
 7023      2B1125FC 
 7023      A54D2102 
 7024 0170 BB32E8E6 		.ascii	"\2732\350\346I\012\254(ik\244\376K\223\322\346\310#"
 7024      490AAC28 
 7024      696BA4FE 
 7024      4B93D2E6 
 7024      C823
 7025 0182 1437AE4D 		.ascii	"\0247\256M\005a\322\330\274\350Q\3326i\265\310\241I"
 7025      0561D2D8 
 7025      BCE851DA 
 7025      3669B5C8 
 7025      A149
 7026 0194 13890EFC 		.ascii	"\023\211\016\374\256\014*\251\015!\026p\343[\353h\273"
 7026      AE0C2AA9 
 7026      0D211670 
 7026      E35BEB68 
 7026      BB
 7027 01a5 113521FE 		.ascii	"\0215!\376\316'G\2653\273t\357m+iQ\210^\344p\357eGS"
 7027      CE2747B5 
 7027      33BB74EF 
 7027      6D2B6951 
 7027      885EE470 
 7028 01bd 53D2FCD4 		.ascii	"S\322\374\324\314M\203\231\355\230\221\236\001\336c"
ARM GAS  C:\Users\nicx5\AppData\Local\Temp\cc9k9ag2.s 			page 297


 7028      CC4D8399 
 7028      ED98919E 
 7028      01DE63
 7029 01cc 161077A0 		.ascii	"\026\020w\240.\224\366\207\333\217\007\327\036\263\255"
 7029      2E94F687 
 7029      DB8F07D7 
 7029      1EB3AD
 7030 01db B6D39505 		.ascii	"\266\323\225\0056\372\322\207\231\007\237\244|g\356"
 7030      36FAD287 
 7030      99079FA4 
 7030      7C67EE
 7031 01ea 2D6B3766 		.ascii	"-k7f\346AG\273\021Z\305\372\250\346\233\261\322N09\235"
 7031      E64147BB 
 7031      115AC5FA 
 7031      A8E69BB1 
 7031      D24E3039 
 7032 01ff 4EA72D66 		.ascii	"N\247-f\231a4\037\031\353\275U\254\270\367\360Xf\301"
 7032      9961341F 
 7032      19EBBD55 
 7032      ACB8F7F0 
 7032      5866C1
 7033 0212 6DD9615B 		.ascii	"m\331a[\335\202[\004\3753&\276z\274-e\377\211V\357\377"
 7033      DD825B04 
 7033      FD3326BE 
 7033      7ABC2D65 
 7033      FF8956EF 
 7034 0227 DF4DB7A8 		.ascii	"\337M\267\250\226\262\375\376\335\014s\366g|\365\375"
 7034      96B2FDFE 
 7034      DD0C73F6 
 7034      677CF5FD 
 7035 0237 FD766BBE 		.ascii	"\375vk\276\274\335\226\277\033g\365\215\327Q\031\336"
 7035      BCDD96BF 
 7035      1B67F58D 
 7035      D75119DE 
 7036 0247 EAFF8DF3 		.ascii	"\352\377\215\363\320\354\317Xi\367\306Mf;\257\233\014"
 7036      D0ECCF58 
 7036      69F7C64D 
 7036      663BAF9B 
 7036      0C
 7037 0258 15339FB2 		.ascii	"\0253\237\262\322\256\312\337\365)\323\225\371\313q"
 7037      D2AECADF 
 7037      F529D395 
 7037      F9CB71
 7038 0267 FF743A9D 		.ascii	"\377t:\235\362\30717\235\356\255\206v\223h7\335#\332"
 7038      F2C73137 
 7038      9DEEAD86 
 7038      76936837 
 7038      DD23DA
 7039 027a 4EB30824 		.ascii	"N\263\010$\347\017M\327\235\325p\272\261z\256\373\252"
 7039      E70F4DD7 
 7039      9DD570BA 
 7039      B17AAEFB 
 7039      AA
 7040 028b F19AAD7A 		.ascii	"\361\232\255zMw\006\244sU\3275S\365]\363\205\316k\236"
 7040      4D7706A4 
 7040      7355D735 
 7040      53F55DF3 
ARM GAS  C:\Users\nicx5\AppData\Local\Temp\cc9k9ag2.s 			page 298


 7040      85CE6B9E 
 7041 029f B2CE16AC 		.ascii	"\262\316\026\254s\005\353L\301:O\260\316\022\254s\004"
 7041      7305EB4C 
 7041      C13A4FB0 
 7041      CE12AC73 
 7041      04
 7042 02b0 EB2C659D 		.ascii	"\353,e\235!X\347\007\326\331\201un`\235\031X\347\005"
 7042      2158E707 
 7042      D6D98175 
 7042      6E609D19 
 7042      58E705
 7043 02c3 D6598175 		.ascii	"\326Y\201u\216\262\316\011\2543\002\353|`u\206\262\316"
 7043      8EB2CE09 
 7043      AC3302EB 
 7043      7C607586 
 7043      B2CE
 7044 02d5 06AC7301 		.ascii	"\006\254s\001\353L\300:\0178:\013\260\316\001\214\316"
 7044      EB4CC03A 
 7044      0F383A0B 
 7044      B0CE018C 
 7044      CE
 7045 02e6 00ACF393 		.ascii	"\000\254\363\223uv\262\316M\326\231\311:/\255\316I\353"
 7045      7576B2CE 
 7045      4DD699C9 
 7045      3A2FADCE 
 7045      49EB
 7046 02f8 AC649D93 		.ascii	"\254d\235\223Vg$\353\214\264\316G\353l\264\316\353\352"
 7046      566724EB 
 7046      8CB4CE47 
 7046      EB6CB4CE 
 7046      EBEA
 7047 030a 5C2C3AAB 		.ascii	"\\,:\2536m\177O\244_\000\354\021\217\241\215\240\222"
 7047      366D7F4F 
 7047      A45F00EC 
 7047      118FA18D 
 7047      A092
 7048 031c 4F50C4B7 		.ascii	"OP\304\267\235\216\032\340\031\236\231\253\313\033M"
 7048      9D8E1AE0 
 7048      199E99AB 
 7048      CB1B4D
 7049 032b C437172A 		.ascii	"\3047\027*B~\010\037\233\013\317\301\314\247I^\344\215"
 7049      427E081F 
 7049      9B0BCFC1 
 7049      CCA7495E 
 7049      E48D
 7050 033d 4A171F18 		.ascii	"J\027\037\030\357\202\346\366\007\351\345\330@\233\231"
 7050      EF82E6F6 
 7050      07E9E5D8 
 7050      409B99
 7051 034c 2EDE4D66 		.ascii	".\336Mf+Hq\364\264\255\327S\237\004\3521@\035\232\025"
 7051      2B4871F4 
 7051      B4ADD753 
 7051      9F04EA31 
 7051      401D9A15 
 7052 0360 1A7829C5 		.ascii	"\032x)\305\245{\013\274\201W\2318\327R\370\0236\262"
 7052      A57B0BBC 
 7052      81579938 
ARM GAS  C:\Users\nicx5\AppData\Local\Temp\cc9k9ag2.s 			page 299


 7052      D752F813 
 7052      36B2
 7053 0372 B515406C 		.ascii	"\265\025@l\253\005\276\0307\0075D\340\233@\015\370\000"
 7053      AB05BE18 
 7053      37073544 
 7053      E09B400D 
 7053      F800
 7054 0384 4FE055A9 		.ascii	"O\340U\251sM\300wK\331\001_\004l\032V\275\200\357hO"
 7054      734DC077 
 7054      4BD9015F 
 7054      046C1A56 
 7054      BD80EF68 
 7055 0399 6092EC31 		.ascii	"`\222\3541{\365U\317\356dc\341J\\\015E\2135\207m5\300"
 7055      7BF555CF 
 7055      EE6463E1 
 7055      4A5C0D45 
 7055      8B35876D 
 7056 03af 1BE79E1E 		.ascii	"\033\347\236\036\300j\365O\377o\232ng~N\376\314j)\333"
 7056      C06AF54F 
 7056      FF6F9A6E 
 7056      677E4EFE 
 7056      CC6A29DB 
 7057 03c3 F44E6F94 		.ascii	"\364No\224\272\221\246\317\212\233\203\356\221y\341"
 7057      BA91A6CF 
 7057      8A9B83EE 
 7057      9179E1
 7058 03d2 44B24AC0 		.ascii	"D\262J\300-\212\266\213\331\213\233\372\316k\357k\346"
 7058      2D8AB68B 
 7058      D98B9BFA 
 7058      CE6BEF6B 
 7058      E6
 7059 03e3 50F66548 		.ascii	"P\366eH&o\376\3223\371\331\222\236\3371\231\324CC|\363"
 7059      266FFED2 
 7059      33F9D992 
 7059      9EDF3199 
 7059      D443437C 
 7060 03f8 ABF7F6D7 		.ascii	"\253\367\366\327]zU\214J\207M\330I\257d\230\0245\264"
 7060      5D7A558C 
 7060      4A874DD8 
 7060      49AF6498 
 7060      1435B4
 7061 040b BE9CA146 		.ascii	"\276\234\241FB\212\002&\025F\337\002\273+Z\245\330\375"
 7061      428A0226 
 7061      1546DF02 
 7061      BB2B5AA5 
 7061      D8FD
 7062 041d 16C988FF 		.ascii	"\026\311\210\377\264\224=>r\321\321\020\327\201\306"
 7062      B4943D3E 
 7062      72D1D110 
 7062      D781C6
 7063 042c D1A31A5F 		.ascii	"\321\243\032_\321\210FS\344\353\033\037\031u\256!Z\327"
 7063      D1884653 
 7063      E4EB1B1F 
 7063      1975AE21 
 7063      5AD7
 7064 043e 1F113707 		.ascii	"\037\0217\007]\222\307\346\357\372\264\212\315\0318"
 7064      5D92C7E6 
ARM GAS  C:\Users\nicx5\AppData\Local\Temp\cc9k9ag2.s 			page 300


 7064      EFFAB48A 
 7064      CD1938
 7065 044d E2CBF197 		.ascii	"\342\313\361\227-~\343\265\341\023\342\207\234\365\305"
 7065      2D7EE3B5 
 7065      E113E287 
 7065      9CF5C5
 7066 045c 2F92711E 		.ascii	"/\222q\036\232\345\2211\266\265\224e\366\352BZ-\230"
 7066      9AE59131 
 7066      B6B59465 
 7066      F6EA425A 
 7066      2D98
 7067 046e 7685EDA7 		.ascii	"v\205\355\247\337\216\360O\331\227\365\275\367\376\313"
 7067      DF8EF04F 
 7067      D997F5BD 
 7067      F7FECB
 7068 047d 710FE216 		.ascii	"q\017\342\026|Bw\202x\220\371\210-<\226a\037\242\253"
 7068      7C427782 
 7068      7890F988 
 7068      2D3C9661 
 7068      1FA2AB
 7069 0490 83072F63 		.ascii	"\203\007/c\230\015\020`!\220>\276\266\302`\324\220\361"
 7069      980D1060 
 7069      21903EBE 
 7069      B6C260D4 
 7069      90F1
 7070 04a2 414BA96B 		.ascii	"AK\251k\031\366\365\201\007\363K+\211\011\226\343\227"
 7070      19F6F581 
 7070      07F34B2B 
 7070      890996E3 
 7070      97
 7071 04b3 60633CBC 		.ascii	"`c<\274\300\226\305\031\313%\030Se2\227a3f\300\360\352"
 7071      C096C519 
 7071      CB251853 
 7071      65329761 
 7071      3366C0F0 
 7072 04c8 B19C81CC 		.ascii	"\261\234\201\314!\246\003l\251\346\020\323\341UC\206"
 7072      21A6036C 
 7072      A9E610D3 
 7072      E1554386 
 7073 04d8 E5AB6515 		.ascii	"\345\253e\025\015\030\027\224J\013P?<t\245 \262\014"
 7073      0D181794 
 7073      4A0B503F 
 7073      3C74A520 
 7073      B20C
 7074 04ea 0B319862 		.ascii	"\0131\230b^8p\324\300\240\314\301\2039%#\254k\312k\253"
 7074      5E3870D4 
 7074      C0A0CCC1 
 7074      83392523 
 7074      AC6BCA6B 
 7075 04ff 8396D78F 		.ascii	"\203\226\327\217\037WZS\314\260e\017\033a \252\370\307"
 7075      1F575A53 
 7075      CCB0650F 
 7075      1B6120AA 
 7075      F8C7
 7076 0511 97072D17 		.ascii	"\227\007-\027\030\224%Pt\271`\336\010\373Z\341\002+"
 7076      18942550 
 7076      74B960DE 
ARM GAS  C:\Users\nicx5\AppData\Local\Temp\cc9k9ag2.s 			page 301


 7076      08FB5AE1 
 7076      022B
 7077 0523 C41337F1 		.ascii	"\304\0237\361~\334\324\257\205\250\230\275\223\225}"
 7077      7EDCD4AF 
 7077      85A898BD 
 7077      93957D
 7078 0532 857FD7C9 		.ascii	"\205\177\327\311\302\177\331p\357\255\360\026\336(\345"
 7078      C27FD970 
 7078      EFADF016 
 7078      DE28E5
 7079 0541 52E137C4 		.ascii	"R\3417\304\315u\365!\242b\010\035\323\004\250\261\376"
 7079      CD75F521 
 7079      A262081D 
 7079      D304A8B1 
 7079      FE
 7080 0552 44163576 		.ascii	"D\0265vm\004\035\217\324\257\012\023\241f\322\2134\205"
 7080      6D041D8F 
 7080      D4AF0A13 
 7080      A166D28B 
 7080      3485
 7081 0564 B6C0A7D2 		.ascii	"\266\300\247\322J5\250\261\372\000)<s\011\227\313zP"
 7081      4A35A8B1 
 7081      FA00293C 
 7081      730997CB 
 7081      7A50
 7082 0576 2735C374 		.ascii	"'5\303t\023\236\3027\325K\370\011\257d\362\021^\302"
 7082      139EC237 
 7082      D54BF809 
 7082      AF64F211 
 7082      5EC2
 7083 0588 6BA89332 		.ascii	"k\250\2232\222z\010\037\341\273\357)\335s\256}x\251"
 7083      927A081F 
 7083      E1BBEF29 
 7083      DD73AE7D 
 7083      78A9
 7084 059a 37F39406 		.ascii	"7\363\224\006N\333\207\335\372\017\017\236\301C\370"
 7084      4EDB87DD 
 7084      FA0F0F9E 
 7084      C143F8
 7085 05a9 067C4AE3 		.ascii	"\006|J\343\\\270\016\376\301S55x\007\237$\3234\304\372"
 7085      5CB80EFE 
 7085      C1533535 
 7085      78079F24 
 7085      D334C4FA 
 7086 05bd 064FA14E 		.ascii	"\006O\241N\272\267\340\023<\203\357>O\251\031\347\332"
 7086      BAB7E013 
 7086      3C83EF3E 
 7086      4FA919E7 
 7086      DA
 7087 05ce 99825FF0 		.ascii	"\231\202_\360\3127d\324+\370n\032f}\324\367\233:i\234"
 7087      CA3764D4 
 7087      2BF86E1A 
 7087      667DD4F7 
 7087      9B3A699C 
 7088 05e2 C38BE013 		.ascii	"\303\213\340\023<\025\240\223-@s\037{\340\021|R\332"
 7088      3C15A093 
 7088      2D40731F 
ARM GAS  C:\Users\nicx5\AppData\Local\Temp\cc9k9ag2.s 			page 302


 7088      7BE0117C 
 7088      52DA
 7089 05f4 3424F107 		.ascii	"4$\361\007\036\311\244\217\013\325w\035q\011L\337\025"
 7089      1EC9A48F 
 7089      0BD5771D 
 7089      71094CDF 
 7089      15
 7090 0605 2448F8B8 		.ascii	"$H\370\270$[\314\212x\025Y\320\354\265!$\304\017[\351"
 7090      245BCC8A 
 7090      781559D0 
 7090      ECB52124 
 7090      C40F5BE9 
 7091 0619 E5F800A0 		.ascii	"\345\370\000\240&\222\027\351\010\001\201\031\250Q4"
 7091      269217E9 
 7091      08018119 
 7091      A85134
 7092 0628 E9105286 		.ascii	"\351\020R\206fDD$IRHc\221\005\204 \311 3\017\021\000"
 7092      66444424 
 7092      49524863 
 7092      91058420 
 7092      C920330F 
 7093 063e 35A9981A 		.ascii	"5\251\230\032\223\202\024\264\036\007y\300i\241A\337"
 7093      938214B4 
 7093      1E0779C0 
 7093      69A141DF 
 7094 064e B35F3B99 		.ascii	"\263_;\231rgR\377\374t\010!\237\216\010\205\035\346"
 7094      726752FF 
 7094      FC740821 
 7094      9F8E0885 
 7094      1DE6
 7095 0660 05A2BC04 		.ascii	"\005\242\274\004\237nCF\340\207\201v\371\352\005\312"
 7095      9F6E4346 
 7095      E0878176 
 7095      F9EA05CA 
 7096 0670 19082224 		.ascii	"\031\010\"$4\017\336\224e\361\255il\352\235\357\355"
 7096      340FDE94 
 7096      65F1AD69 
 7096      6CEA9DEF 
 7096      ED
 7097 0681 8B106BA9 		.ascii	"\213\020k\251p#\233\315\332\000\3570\221\207B\230\305"
 7097      70239BCD 
 7097      DA00EF30 
 7097      91874298 
 7097      C5
 7098 0692 DAB542D5 		.ascii	"\332\265B\325Jbd\245\003Y\277\262\250Y\014N\201\363"
 7098      4A6264A5 
 7098      0359BFB2 
 7098      A8590C4E 
 7098      81F3
 7099 06a4 10BFAD20 		.ascii	"\020\277\255 \354\037\346-zIR\311\241\030\324\\\253"
 7099      EC1FE62D 
 7099      7A4952C9 
 7099      A118D45C 
 7099      AB
 7100 06b5 3CDC0CCC 		.ascii	"<\334\014\314]\315\365\034B\015\373\2664\017\037\244"
 7100      5DCDF51C 
 7100      420DFBB6 
ARM GAS  C:\Users\nicx5\AppData\Local\Temp\cc9k9ag2.s 			page 303


 7100      340F1FA4 
 7101 06c5 1AEB0196 		.ascii	"\032\353\001\226\"\245HN\230\307\311\237m2\335\324\007"
 7101      22A5484E 
 7101      98C7C99F 
 7101      6D32DDD4 
 7101      07
 7102 06d6 4ED18A00 		.ascii	"N\321\212\000\177j\001\231\0304\362\2560L\215b\2155"
 7102      7F6A0199 
 7102      1834F2AE 
 7102      304C8D62 
 7102      8D35
 7103 06e8 711433C9 		.ascii	"q\0243\311\004f\304\204\004\363\364Q\227\253\036(N\251"
 7103      0466C484 
 7103      04F3F451 
 7103      97AB1E28 
 7103      4EA9
 7104 06fa ECEE25CD 		.ascii	"\354\356%\3155\322j\304\232\235\200\215\034\013.\207"
 7104      35D26AC4 
 7104      9A9D808D 
 7104      1C0B2E87 
 7105 070a 1A51D789 		.ascii	"\032Q\327\211\231\375\242\350\213r\370\305-\334\027"
 7105      99FDA2E8 
 7105      8B72F8C5 
 7105      2DDC17
 7106 0719 E2A50979 		.ascii	"\342\245\011y:G\202\223\322K\306\305Z\224\375\031\361"
 7106      3A478293 
 7106      D24BC6C5 
 7106      5A94FD19 
 7106      F1
 7107 072a 8BB615D8 		.ascii	"\213\266\025\330\210\\D\022\257K_x\343\230\244&\024"
 7107      885C4412 
 7107      AF4B5F78 
 7107      E398A426 
 7107      14
 7108 073b 70DF4316 		.ascii	"p\337C\026\364\177\334q?\325\235\371m\260\302e_\374"
 7108      F47FDC71 
 7108      3FD59DF9 
 7108      6DB0C265 
 7108      5FFC
 7109 074d 2140C6F9 		.ascii	"!@\306\371\322\252 \377\377\276&K-&\216\370|\326\266"
 7109      D2AA20FF 
 7109      FFBE264B 
 7109      2D268EF8 
 7109      7CD6B6
 7110 0760 E1F41AF4 		.ascii	"\341\364\032\364G\204\256\233<\252\214\374\273\355\272"
 7110      4784AE9B 
 7110      3CAA8CFC 
 7110      BBEDBA
 7111 076f 81BDF6A2 		.ascii	"\201\275\366\242s\012\345d/\233\274\327F\311{vG\212"
 7111      730AE564 
 7111      2F9BBCD7 
 7111      46C97B76 
 7111      478A
 7112 0781 4D5847E0 		.ascii	"MXG\340d\037\015B\32257\302\017\211sM\025R\247c\341"
 7112      641F0D42 
 7112      D23537C2 
 7112      0F89734D 
ARM GAS  C:\Users\nicx5\AppData\Local\Temp\cc9k9ag2.s 			page 304


 7112      1552A763 
 7113 0796 5A9262A3 		.ascii	"Z\222b\243h\031\001v\313)\177\301\210Xk\201A\240\225"
 7113      68190176 
 7113      CB297FC1 
 7113      88586B81 
 7113      41A095
 7114 07a9 C5443648 		.ascii	"\305D6H\327@\336\001\354\342B\021G\3105\327\201\347"
 7114      D740DE01 
 7114      ECE24211 
 7114      47C835D7 
 7114      81E7
 7115 07bb 2104E692 		.ascii	"!\004\346\222\202\334\364\355(t\246TO2\231\177\322\271"
 7115      82DCF4ED 
 7115      2874A654 
 7115      4F32997F 
 7115      D2B9
 7116 07cd 8A74A6   		.ascii	"\212t\246"
 7117 07d0 0FDE33FF 		.ascii	"\017\3363\377Z\336n\313c\353v\030\011h\261\032\251X"
 7117      5ADE6ECB 
 7117      63EB7618 
 7117      0968B11A 
 7117      A958
 7118 07e2 1B130735 		.ascii	"\033\023\0075\221\341\216F\031\036Z\337\365\020\326"
 7118      91E18E46 
 7118      191E5ADF 
 7118      F510D6
 7119 07f1 0B30B803 		.ascii	"\0130\270\003\377\200jAph*\003J!\3203\012K=\371\233"
 7119      FF806A41 
 7119      70682A03 
 7119      4A21D033 
 7119      0A4B3DF9 
 7120 0806 86C29133 		.ascii	"\206\302\2213\002\323\0336\014\272}P\213K\004<\215y"
 7120      02D31B36 
 7120      0CBA7D50 
 7120      8B4B043C 
 7120      8D79
 7121 0818 6644F961 		.ascii	"fD\371a\332\375\015\002\307\024\022\335`\201\370m$\007"
 7121      DAFD0D02 
 7121      C71412DD 
 7121      6081F86D 
 7121      2407
 7122 082a D3B84429 		.ascii	"\323\270D)\003#/\030\206\314T"
 7122      03232F18 
 7122      86CC54
 7123              		.text
 7124              		.section	.gnu.lto_USB_HC_StartXfer.377.1f2fd384,"e",%progbits
 7125 0000 28B52FFD 		.ascii	"(\265/\375`\304\"\035\207\000\272\317\364-D\0200N\247"
 7125      60C4221D 
 7125      8700BACF 
 7125      F42D4410 
 7125      304EA7
 7126 0013 0310C9EF 		.ascii	"\003\020\311\357`\202\375\237\3774\263\251DF\376\027"
 7126      6082FD9F 
 7126      FF34B3A9 
 7126      4446FE17 
 7127 0023 FFA70D4A 		.ascii	"\377\247\015J\230\275\255\262O\256t\2378&\256\301\003"
 7127      98BDADB2 
ARM GAS  C:\Users\nicx5\AppData\Local\Temp\cc9k9ag2.s 			page 305


 7127      4FAE749F 
 7127      3826AEC1 
 7127      03
 7128 0034 7967D398 		.ascii	"yg\323\230`\302\316'\251\364\250\000\021JB\353Oc\233"
 7128      60C2CE27 
 7128      A9F4A800 
 7128      114A42EB 
 7128      4F639B
 7129 0047 91B633A2 		.ascii	"\221\2663\2424$\273\227\264\224R\012\310\002\200\002"
 7129      3424BB97 
 7129      B494520A 
 7129      C8028002 
 7130 0057 EC028C75 		.ascii	"\354\002\214u\235\257\256\263\325u\256\272\316 \256"
 7130      9DAFAEB3 
 7130      D575AEBA 
 7130      CE20AE
 7131 0066 33D5D2F9 		.ascii	"3\325\322\371\303u\366\300:w\270\316S\327Y\352:G]g\250"
 7131      C375F6C0 
 7131      3A77B8CE 
 7131      53D759EA 
 7131      3A475D67 
 7132 007b A5F3D375 		.ascii	"\245\363\323uv\272\316M\327y\303\322Y\303u\316p\235"
 7132      76BACE4D 
 7132      D779C3D2 
 7132      59C375CE 
 7132      709D
 7133 008d 315C67A6 		.ascii	"1\\g\246\353\274t\235\225\256\363\205\245\263\205\353"
 7133      EBBC749D 
 7133      95AEF385 
 7133      A5B385EB 
 7134 009d 9CC43A23 		.ascii	"\234\304:#]\347\243\245\263\021\353\\\304:/\2573\321"
 7134      5DE7A3A5 
 7134      B311EB5C 
 7134      C43A2FAF 
 7134      33D1
 7135 00af D2F95E67 		.ascii	"\322\371^g\366:+\211\234\327\353\234\274\316\310\353"
 7135      F63A2B89 
 7135      9CD7EB9C 
 7135      BCCEC8EB 
 7136 00bf FCACB3B3 		.ascii	"\374\254\263\263\316\335f\224\217\212~i\270\244\264"
 7136      CEDD6694 
 7136      8F8A7E69 
 7136      B8A4B4
 7137 00ce AD96AA0A 		.ascii	"\255\226\252\012\255\237\344\0351\355\246[N7\235\356"
 7137      AD9FE41D 
 7137      31EDA65B 
 7137      4E379DEE 
 7138 00de BF463237 		.ascii	"\277F273\243q\267i\020:\204\216\323s\272N\333\341e\223"
 7138      33A371B7 
 7138      69103A84 
 7138      8ED373BA 
 7138      4EDBE165 
 7139 00f3 9F3F26B2 		.ascii	"\237?&\262}\323\212\211h\306\230A\244\303\024\024LT"
 7139      7DD38A89 
 7139      68C69841 
 7139      A4C31414 
 7139      4C54
ARM GAS  C:\Users\nicx5\AppData\Local\Temp\cc9k9ag2.s 			page 306


 7140 0105 4348CCA1 		.ascii	"CH\314\241/f9f\336j\320\376`\010\211RBm+\210\367\374"
 7140      2F663966 
 7140      DE6AD0FE 
 7140      60088952 
 7140      426D2B88 
 7141 011b 6286D344 		.ascii	"b\206\323D\266t-\230\370\227e\356\315\235)[\334\234"
 7141      B6742D98 
 7141      F89765EE 
 7141      CD9D295B 
 7141      DC9C
 7142 012d 215BBC36 		.ascii	"![\2746L\024aL\263\261\235t\012\363\325~\315\006\255"
 7142      4C14614C 
 7142      B3B19D74 
 7142      0AF3D57E 
 7142      CD06AD
 7143 0140 3F38F376 		.ascii	"?8\363v\256};\202\211y\010\265m_\210N\362\031\333\311"
 7143      AE7D3B82 
 7143      897908B5 
 7143      6D5F884E 
 7143      F219DBC9 
 7144 0154 246FC2F3 		.ascii	"$o\302\363\205\364\356k\366T+\345\031\307\004\341\353"
 7144      85F4EE6B 
 7144      F6542BE5 
 7144      19C704E1 
 7144      EB
 7145 0165 A54C9053 		.ascii	"\245L\220S-\034\233\236#l'\233\320|\27137\232N\203\326"
 7145      2D1C9B9E 
 7145      236C279B 
 7145      D07CB933 
 7145      379A4E83 
 7146 017a 6A9AF085 		.ascii	"j\232\360\205\266u,\364\327\266}#\330\006\333\311\251"
 7146      B6752CF4 
 7146      D7B67D23 
 7146      D806DBC9 
 7146      A9
 7147 018b 665A3B89 		.ascii	"fZ;\211l\245\265\223\314\314Z(\3208\355\333\2773\316"
 7147      6CA5B593 
 7147      CCCC5A28 
 7147      D038EDDB 
 7147      BF33CE
 7148 019e 1D8966AC 		.ascii	"\035\211f\254\304Q\241m\373\262\376K\2475\214\027.Z"
 7148      C451A16D 
 7148      FBB2FE4B 
 7148      A7358C17 
 7148      2E5A
 7149 01b0 B058A182 		.ascii	"\260X\241\202+\005\212\023[Z&Jd\221\030!\"\004\326\225"
 7149      2B058A13 
 7149      5B5A264A 
 7149      64911821 
 7149      2204D695 
 7150 01c4 551508AA 		.ascii	"U\025\010\252\017\036:p\230\222\212\202zrj\332\240!"
 7150      0F1E3A70 
 7150      98928A82 
 7150      7A726ADA 
 7150      A021
 7151 01d6 0306A625 		.ascii	"\003\006\246%\245\013\026\222\220\216\214\212\226D\227"
 7151      A50B1692 
ARM GAS  C:\Users\nicx5\AppData\Local\Temp\cc9k9ag2.s 			page 307


 7151      908E8C8A 
 7151      964497
 7152 01e5 55AE49E4 		.ascii	"U\256I\344{\0327\221\334\223\206\241\354z\341b\372\350"
 7152      7B1A3791 
 7152      DC9386A1 
 7152      EC7AE162 
 7152      FAE8
 7153 01f7 2DA6CD62 		.ascii	"-\246\315bz\310W\254\320wq\216+S\024\320\313\364U\250"
 7153      7AC857AC 
 7153      D077718E 
 7153      2B5314D0 
 7153      CBF455A8 
 7154 020b E05C899E 		.ascii	"\340\\\211\236\202:\310Q R\375\304\326ak\241 \310M\224"
 7154      823AC851 
 7154      2052FDC4 
 7154      D6616BA1 
 7154      20C84D94 
 7155 021f 38944588 		.ascii	"8\224E\210\304\241<dF(\273\354\264\205=\207\324(\336"
 7155      C4A13C64 
 7155      4628BBEC 
 7155      B4853D87 
 7155      D428DE
 7156 0232 4D316C11 		.ascii	"M1l\021}\002\371\364]\234\011k\321\2372X\230\303]\234"
 7156      7D02F9F4 
 7156      5D9C096B 
 7156      D19F3258 
 7156      98C35D9C 
 7157 0246 61328461 		.ascii	"a2\204a\011\216eH\202_\355i+=^U\307A\354\241\232C\307"
 7157      098E6548 
 7157      825FED69 
 7157      2B3D5E55 
 7157      C741ECA1 
 7158 025d 3FC8690F 		.ascii	"?\310i\017r\342x\0079p\234C\240\020|\352MK\275Y\343"
 7158      72E27807 
 7158      39709C43 
 7158      A0107CEA 
 7158      4D4BBD59 
 7159 0272 512E6DA8 		.ascii	"Q.m\250\247vJ\333)M7\251A\343\033\366Z\303\336\031\317"
 7159      A7764ADB 
 7159      294D37A9 
 7159      41E31BF6 
 7159      5AC3DE19 
 7160 0287 80E13D48 		.ascii	"\200\341=H!P\221)\014\030_Bb\205A2}q\245\013\026\220"
 7160      21509129 
 7160      0C185F42 
 7160      62854132 
 7160      7D71A50B 
 7161 029d 4D512415 		.ascii	"MQ$\025\207\2748\250'!\035!\251\006\343\264 \233\362"
 7161      87BC38A8 
 7161      27211D21 
 7161      A906E3B4 
 7161      209BF2
 7162 02b0 E2EADC08 		.ascii	"\342\352\334\010\017\003/\362\222\305\227\312\256\273"
 7162      0F032FF2 
 7162      92C597CA 
 7162      AEBB
 7163 02be 297C4D34 		.ascii	")|M4\030w\001r*/\016\213_1yqW\234m\305E,\212wS\250\255"
ARM GAS  C:\Users\nicx5\AppData\Local\Temp\cc9k9ag2.s 			page 308


 7163      18770172 
 7163      2A2F0E8B 
 7163      5F317971 
 7163      579C6DC5 
 7164 02d9 44AA98D3 		.ascii	"D\252\230\323\326Q\346U\311<}\345p7\205\256\223=\030"
 7164      D651E655 
 7164      C93C7DE5 
 7164      703785AE 
 7164      933D18
 7165 02ec 47873C92 		.ascii	"G\207<\222\203\202\234j\333v)\267\346\217\304\2523a"
 7165      83829C6A 
 7165      DB7629B7 
 7165      E68FC4AA 
 7165      3361
 7166 02fe EE488E0D 		.ascii	"\356H\216\015\311$\230\301a\333i\247@N\315]\331\325"
 7166      C92498C1 
 7166      61DB69A7 
 7166      404ECD5D 
 7166      D9D5
 7167 0310 B62DBB9B 		.ascii	"\266-\273\233\334\224f\000\232\031\351d\3465\314Q\315"
 7167      DC946600 
 7167      9A19E964 
 7167      E635CC51 
 7167      CD
 7168 0321 2930935E 		.ascii	")0\223^\012*}*\205{N\321G\020\212\220\276\357(6\221"
 7168      0A2A7D2A 
 7168      857B4ED1 
 7168      47108A90 
 7168      BEEF2836 
 7169 0336 1E8ACCF2 		.ascii	"\036\212\314\362\350\231ot\"sC\262\215\333\242\321\037"
 7169      E8996F74 
 7169      227343B2 
 7169      8DDBA2D1 
 7169      1F
 7170 0347 7DE768C4 		.ascii	"}\347h\3043\243\027\002\225:\013\267\360_\231\267=\242"
 7170      33A31702 
 7170      953A0BB7 
 7170      F05F99B7 
 7170      3DA2
 7171 0359 8FEEE922 		.ascii	"\217\356\351\"A_\215B\321;A\245\216}\266r\261\003#T"
 7171      415F8D42 
 7171      D13B41A5 
 7171      8E7DB672 
 7171      B1032354 
 7172 036d B4FB43B7 		.ascii	"\264\373C\267x\363\364\362\265\300:\320\3627@\245[\204"
 7172      78F3F4F2 
 7172      B5C03AD0 
 7172      F23740A5 
 7172      5B84
 7173 037f 85AFC7D0 		.ascii	"\205\257\307\320\240\023X3B=&\357\357\266g\326\261\303"
 7173      A0135833 
 7173      423D26EF 
 7173      EFB667D6 
 7173      B1C3
 7174 0391 DB8DCFEC 		.ascii	"\333\215\317\354\326~\215\315\010\311T\265\311eQ~\264"
 7174      D67E8DCD 
 7174      08C954B5 
ARM GAS  C:\Users\nicx5\AppData\Local\Temp\cc9k9ag2.s 			page 309


 7174      C965517E 
 7174      B4
 7175 03a2 6ABD9DA6 		.ascii	"j\275\235\246\3314a\025\027\227@\013$\306\367q@\377"
 7175      D9346115 
 7175      1797400B 
 7175      24C6F771 
 7175      40FF
 7176 03b4 08A16EA7 		.ascii	"\010\241n\247Q\320ne\177\320\013\257\335\026\221\252"
 7176      51D06E65 
 7176      7FD00BAF 
 7176      DD1691AA 
 7177 03c4 D52A5C5B 		.ascii	"\325*\\[\255\312g\177\251\367\244Sk\240\373\230\261"
 7177      ADCA677F 
 7177      A9F7A453 
 7177      6BA0FB98 
 7177      B1
 7178 03d5 6DBB2505 		.ascii	"m\273%\005w`Y\217\"k'\225\177\245~\257\306\311_\277"
 7178      7760598F 
 7178      226B2795 
 7178      7FA57EAF 
 7178      C6C95FBF 
 7179 03e9 9F54A2B6 		.ascii	"\237T\242\266\255V\344'\037\371\315V7\325Vk\277\375"
 7179      AD56E427 
 7179      1FF9CD56 
 7179      37D5566B 
 7179      BFFD
 7180 03fb FF5D63CB 		.ascii	"\377]c\313S{56\353\223\310h\347\255P\322\227\250<\302"
 7180      537B3536 
 7180      EB93C868 
 7180      E7AD50D2 
 7180      97A83CC2 
 7181 040f 1ADC18E4 		.ascii	"\032\334\030\344G\271\271\372\267\037sX\353\361\177"
 7181      47B9B9FA 
 7181      B71F7358 
 7181      EBF17F
 7182 041e 824AC1FA 		.ascii	"\202J\301\372\010v\030\267:?\377Q\356\346\332R^\213"
 7182      087618B7 
 7182      3A3FFF51 
 7182      EEE6DA52 
 7182      5E8B
 7183 0430 8D2114A7 		.ascii	"\215!\024\247\362V\237=o\373l\355\017\232i\347\374\202"
 7183      F2569F3D 
 7183      6FFB6CED 
 7183      0F9A69E7 
 7183      FC82
 7184 0442 A7C1F7B1 		.ascii	"\247\301\367\261\333\012\234\016\266o\337tz\312\371"
 7184      DB0A9C0E 
 7184      B66FDF74 
 7184      7ACAF9
 7185 0451 FDC6ECA3 		.ascii	"\375\306\354\243Eh\262m\333\246\340\306\203\026H\214"
 7185      4568B26D 
 7185      DBA6E0C6 
 7185      8316488C 
 7186 0461 FDC264ED 		.ascii	"\375\302d\355d?\015\250t+\320q\260\215\362\375\327S"
 7186      643F0DA8 
 7186      742BD071 
 7186      B08DF2FD 
ARM GAS  C:\Users\nicx5\AppData\Local\Temp\cc9k9ag2.s 			page 310


 7186      D753
 7187 0473 4EAF72B7 		.ascii	"N\257r\267}G\371o\363\244:_\215\313\0046\016\266^\345"
 7187      7D47F96F 
 7187      F3A43A5F 
 7187      8DCB0436 
 7187      0EB65EE5 
 7188 0487 BE27FDD5 		.ascii	"\276'\375\325j\265\352\037\345\376j\265Z\345\2072\267"
 7188      6AB5EA1F 
 7188      E5FE6AB5 
 7188      5AE58732 
 7188      B7
 7189 0498 9BE696EB 		.ascii	"\233\346\226\353\276\356\226r\235\273\202\246\323\334"
 7189      BEEE9672 
 7189      9DBB82A6 
 7189      D3DC
 7190 04a6 6F2DED6E 		.ascii	"o-\355n\012\372\257\271\243\264\232\356n[:\247\265\233"
 7190      0AFAAFB9 
 7190      A3B49AEE 
 7190      6E5B3AA7 
 7190      B59B
 7191 04b8 66B476D3 		.ascii	"f\264v\323\354d\351\334\244\310Y\202\353\314\344:/\271"
 7191      EC64E9DC 
 7191      A4C85982 
 7191      EBCCE43A 
 7191      2FB9
 7192 04ca CECDEB1C 		.ascii	"\316\315\353\034\301u>\273\316J\256\263\331u.\273\316"
 7192      C1753EBB 
 7192      CE4AAEB3 
 7192      D9752EBB 
 7192      CE
 7193 04db CCEB9CE4 		.ascii	"\314\353\234\344:#\271\316G\2563\031\353l\204u.r\235"
 7193      3A23B9CE 
 7193      47AE3319 
 7193      EB6C8475 
 7193      2E729D
 7194 04ee 895CE721 		.ascii	"\211\\\347!\327Y\310u\016r\235\201\\\347\261\353\374"
 7194      D759C875 
 7194      0E729D81 
 7194      5CE7B1EB 
 7194      FC
 7195 04ff E33A8BB1 		.ascii	"\343:\213\261\316\020\\g\037\327\371\201\353\034v\235"
 7195      CE105C67 
 7195      1FD7F981 
 7195      EB1C769D 
 7196 050f 1DB8CE3D 		.ascii	"\035\270\316=\2563\217\353\334\300uf\340:\357\270\316"
 7196      AE338FEB 
 7196      DCC07566 
 7196      E03AEFB8 
 7196      CE
 7197 0520 0B5C671D 		.ascii	"\013\\g\035\327Y\001\3269\201\353\214\300u\006c\235"
 7197      D75901D6 
 7197      3981EB8C 
 7197      C0750663 
 7197      9D
 7198 0531 0F609DBF 		.ascii	"\017`\235\277\256\263\001\3279\307u\306q\235o\260\316"
 7198      AEB301D7 
 7198      39C775C6 
ARM GAS  C:\Users\nicx5\AppData\Local\Temp\cc9k9ag2.s 			page 311


 7198      719D6FB0 
 7198      CE
 7199 0542 3658E71A 		.ascii	"6X\347\032\327\271\200\353L\343:{]g\002\256\363\000"
 7199      D7B980EB 
 7199      4CE33A7B 
 7199      5D6702AE 
 7199      F300
 7200 0554 ACF38CEB 		.ascii	"\254\363\214\353,\300u\016\200u\226q\235c\\\347\256"
 7200      2CC0750E 
 7200      80759671 
 7200      9D635CE7 
 7200      AE
 7201 0565 EB0CC075 		.ascii	"\353\014\300u\206q\235_\\g\027\327\271\305ufa\344\274"
 7201      86719D5F 
 7201      5C6717D7 
 7201      B9C57566 
 7201      61E4BC
 7202 0578 E23AABB8 		.ascii	"\342:\253\270\316\\E\316)\2563\012\"\347\023\327y\353"
 7202      CE5C45CE 
 7202      29AE330A 
 7202      22E713D7 
 7202      79EB
 7203 058a 3A6B5D67 		.ascii	":k]g\023\327\271\304u\316\272\316$X\347\021\327Y\304"
 7203      13D7B9C4 
 7203      75CEBACE 
 7203      2458E711 
 7203      D759C4
 7204 059d 750E713D 		.ascii	"u\016q=\257\307\013y\343q\374\262\012\340\215\367\202"
 7204      AFC70B79 
 7204      E371FCB2 
 7204      0AE08DF7 
 7204      82
 7205 05ae 4AFD1213 		.ascii	"J\375\022\023=|\224m\274\022\225\215!\236\246\215\367"
 7205      3D7C946D 
 7205      BC12958D 
 7205      219EA68D 
 7205      F7
 7206 05bf 3929001D 		.ascii	"9)\000\035\245t\250Q\306\355\324\370\247\302\002\276"
 7206      A574A851 
 7206      C6EDD4F8 
 7206      A7C202BE 
 7207 05cf 0E0CF6D3 		.ascii	"\016\014\366\323V+\215/`\316\345\320x\030P\251\337\236"
 7207      562B8D2F 
 7207      60CEE5D0 
 7207      781850A9 
 7207      DF9E
 7208 05e1 979EC381 		.ascii	"\227\236\303\201\201W\207\257\213\333\242\037\001\357"
 7208      815787AF 
 7208      8BDBA21F 
 7208      01EF
 7209 05ef C5D7C173 		.ascii	"\305\327\301sn\200\027\340\011\370&\204\343\353\362"
 7209      6E8017E0 
 7209      09F82684 
 7209      E3EBF2
 7210 05fe 9C9BF103 		.ascii	"\234\233\361\003\374\262J\007\016Bs\306?\007+\240\260"
 7210      FCB24A07 
 7210      0E4273C6 
ARM GAS  C:\Users\nicx5\AppData\Local\Temp\cc9k9ag2.s 			page 312


 7210      3F072BA0 
 7210      B0
 7211 060f 275536F3 		.ascii	"'U6\363Y\003x\001\336D\025\266G\031\037\300/\271\244"
 7211      59037801 
 7211      DE4415B6 
 7211      47191FC0 
 7211      2FB9A4
 7212 0622 EDF90732 		.ascii	"\355\371\0072\376H\"\224\303\240i\014\277\256\207\361"
 7212      FE482294 
 7212      C3A0690C 
 7212      BFAE87F1 
 7213 0632 31E6FC4B 		.ascii	"1\346\374K\003\360]o\324\206\355\361\354\001xe\241\333"
 7213      03F05D6F 
 7213      D486EDF1 
 7213      EC017865 
 7213      A1DB
 7214 0644 A2B30F46 		.ascii	"\242\263\017F\343\213\227\032U\253.\376\305+\365\322"
 7214      E38B971A 
 7214      55AB2EFE 
 7214      C52BF5D2 
 7215 0654 781A177E 		.ascii	"x\032\027~\212w&\230k\262l\015\247\333N\263S;\347\231"
 7215      8A772698 
 7215      6BB26C0D 
 7215      A7DB4EB3 
 7215      533BE799 
 7216 0668 6EF167CF 		.ascii	"n\361g\317\376\264@\255\255V\026\337\342\227\205i|\336"
 7216      FEB440AD 
 7216      AD5616DF 
 7216      E2978569 
 7216      7CDE
 7217 067a 819B497B 		.ascii	"\201\233I{K[3\266v\222\305\343\200JU\374\012\266\215"
 7217      4B5B33B6 
 7217      7692C5E3 
 7217      804A55FC 
 7217      0AB68D
 7218 068d F22A5E09 		.ascii	"\362*^\011\310V7\010q\260\235\342z\346\030^FD\233\024"
 7218      C8563708 
 7218      71B09DE2 
 7218      7AE6185E 
 7218      46449B14 
 7219 06a1 CFF5CAC2 		.ascii	"\317\365\312\302\000\234L\220\024\317\300 \301\3034"
 7219      009C4C90 
 7219      14CFC020 
 7219      C1C334
 7220 06b0 86F2A490 		.ascii	"\206\362\244\220NN\376\252\256\213\024\2506l4A\203\364"
 7220      4E4EFEAA 
 7220      AE8B14A8 
 7220      366C3441 
 7220      83F4
 7221 06c2 503CF30C 		.ascii	"P<\363\014\027\223fA\017,\250:{VJ\274\210G\361\235g"
 7221      17936641 
 7221      0F2CA83A 
 7221      7B564ABC 
 7221      8847F19D 
 7222 06d7 4EED4FB4 		.ascii	"N\355O\264\011\255\365[&^\253\204\356\2677\361]g\317"
 7222      09ADF55B 
 7222      265EAB84 
ARM GAS  C:\Users\nicx5\AppData\Local\Temp\cc9k9ag2.s 			page 313


 7222      EEB737F1 
 7222      5D67CF
 7223 06ea 0A5BDEDA 		.ascii	"\012[\336\332\266m\326\227x$\300'\035\211\317z\034\361"
 7223      B66DD697 
 7223      7824C027 
 7223      1D89CF7A 
 7223      1CF1
 7224 06fc 245ED9F8 		.ascii	"$^\331\370\244:\011p/\315\021\357\207+\304\331\223\206"
 7224      A43A0970 
 7224      2FCD11EF 
 7224      872BC4D9 
 7224      9386
 7225 070e 78AB17F1 		.ascii	"x\253\027\361\355\006n\317\312s\016\353C<R\033\267E"
 7225      ED066ECF 
 7225      CA730EEB 
 7225      433C521B 
 7225      B745
 7226 0720 A5E6C0F5 		.ascii	"\245\346\300\365\352\261\336\010\220\355\021\355\257"
 7226      EAB1DE08 
 7226      90ED11ED 
 7226      AF
 7227 072d 5EAACE5E 		.ascii	"^\252\316^\227'U\252\352\255\2720\253\336\253\314 ."
 7227      972755AA 
 7227      EAADBA30 
 7227      ABDEABCC 
 7227      202E
 7228 073f 68845150 		.ascii	"h\204QPN\316E\361\251\235@x\006T\357\341A\374\262\015"
 7228      4ECE45F1 
 7228      A99D4078 
 7228      0654EFE1 
 7228      41FCB20D 
 7229 0753 5BDE87A7 		.ascii	"[\336\207\247\362-\037\234\274\207O\026>\251\210\202"
 7229      F22D1F9C 
 7229      BC874F16 
 7229      3EA98882 
 7230 0763 4D1FE528 		.ascii	"M\037\345(@\1772\264a\207\250;!\214\206\264w\362p\035"
 7230      407F32B4 
 7230      6187A83B 
 7230      218C86B4 
 7230      77F2701D 
 7231 0777 BE5C4BB3 		.ascii	"\276\\K\263\003\036\304='\334\345\334\360Q\300n\271"
 7231      031EC43D 
 7231      27DCE5DC 
 7231      F051C06E 
 7231      B9
 7232 0788 4FFBE7C2 		.ascii	"O\373\347\302\306\250\306'\367\355\246\247\246\276\345"
 7232      C6A8C627 
 7232      F7EDA6A7 
 7232      A6BEE5
 7233 0797 3EA9F7A4 		.ascii	">\251\367\244:\245~\352M\000\262\241Q{5\2535\352\245"
 7233      3AA57EEA 
 7233      4D00B2A1 
 7233      517B35AB 
 7233      35EAA5
 7234 07aa 1EA911EA 		.ascii	"\036\251\021\352\235>\352\227O\017\365\235\345\354\351"
 7234      9D3EEA97 
 7234      4F0FF59D 
ARM GAS  C:\Users\nicx5\AppData\Local\Temp\cc9k9ag2.s 			page 314


 7234      E5ECE9
 7235 07b9 89981DEA 		.ascii	"\211\230\035\352ei\023\344\250\341\243\314\\\235\256"
 7235      656913E4 
 7235      A8E1A3CC 
 7235      5C9DAE
 7236 07c8 309D0EC1 		.ascii	"0\235\016\301\234\221\003\\"
 7236      9C91035C 
 7237 07d0 CCD064A5 		.ascii	"\314\320d\245J\323\273\000\204(b-\315\035\206\217R)"
 7237      4AD3BB00 
 7237      8428622D 
 7237      CD1D868F 
 7237      5229
 7238 07e2 0368CD75 		.ascii	"\003h\315u\212\360\307\264\3413\374\303a\023\250\341"
 7238      8AF0C7B4 
 7238      E133FCC3 
 7238      6113A8E1 
 7239 07f2 377C0830 		.ascii	"7|\0100Oj\016\227;\323\360\036\350p^\031\336\327\030"
 7239      4F6A0E97 
 7239      3BD3F01E 
 7239      E8705E19 
 7239      DED718
 7240 0805 5E58836A 		.ascii	"^X\203jYj)\206O\005\220\036\2126\270E\245\177\3733\275"
 7240      596A2986 
 7240      4F05901E 
 7240      8A36B845 
 7240      A57FFB33 
 7241 081a 806CE61A 		.ascii	"\200l\346\032\005\321\002\206\300\2366\323c\360'\323"
 7241      05D10286 
 7241      C09E36D3 
 7241      63F027D3 
 7242 082a 9FC2245F 		.ascii	"\237\302$_\373\303\227\364Qj\253\375\201\262mW0@\372"
 7242      FBC397F4 
 7242      516AABFD 
 7242      81B26D57 
 7242      3040FA
 7243 083d 287365A6 		.ascii	"(se\246\341\255T\001x\214x\012\035\223s\270<\217\230"
 7243      E1AD5401 
 7243      788C780A 
 7243      1D9373B8 
 7243      3C8F98
 7244 0850 EBD2F722 		.ascii	"\353\322\367\"\033>P\234Zm\346\252\364KoT\310V\247F"
 7244      1B3E509C 
 7244      5A6DE6AA 
 7244      F44B6F54 
 7244      C856A746 
 7245 0864 A31F951E 		.ascii	"\243\037\225\036\013*U<dxA\005(\345\232\205\277P\350"
 7245      0B2A553C 
 7245      64784105 
 7245      28E59A85 
 7245      BF50E8
 7246 0877 CCC2BB28 		.ascii	"\314\302\273(SXh\004(\325\300HM3\327\244\357A6\2015"
 7246      53586804 
 7246      28D5C048 
 7246      4D33D7A4 
 7246      EF413681 
 7247 088c 3A33C062 		.ascii	":3\300b\310\010\273dgG\302\204\210\255A\306\312\222"
 7247      C808BB64 
ARM GAS  C:\Users\nicx5\AppData\Local\Temp\cc9k9ag2.s 			page 315


 7247      6747C284 
 7247      88AD41C6 
 7247      CA92
 7248 089e 902959C7 		.ascii	"\220)Y\307\310|\224\001\371\361\003I\230\331\220\245"
 7248      C87C9401 
 7248      F9F10349 
 7248      98D990A5 
 7249 08ae D98F3224 		.ascii	"\331\2172$\315\260#cF\256\231\222\261\"b>\222\204\221"
 7249      CDB02363 
 7249      46AE9992 
 7249      B122623E 
 7249      928491
 7250 08c1 9D1D592A 		.ascii	"\235\035Y*9r\206D,LI\221$abB\302\226\370 K\362A\366"
 7250      39728644 
 7250      2C4C4991 
 7250      24616242 
 7250      C296F820 
 7251 08d9 E3C58438 		.ascii	"\343\305\2048s\215\235\000\342\243\304\326\026\211\247"
 7251      738D9D00 
 7251      E2A3C4D6 
 7251      1689A7
 7252 08e8 2532C012 		.ascii	"%2\300\022@\262\030\011\010\314\316\302\214\030\021"
 7252      40B21809 
 7252      08CCCEC2 
 7252      8C1811
 7253 08f7 A2B545A6 		.ascii	"\242\265E\246\304,K\254\014,+\314F\014\257\260%K\270"
 7253      C42C4BAC 
 7253      0C2C2BCC 
 7253      460CAFB0 
 7253      254BB8
 7254 090a BCB2CCCA 		.ascii	"\274\262\314\312\306\"\030R&\300\011^\202D\206\027\017"
 7254      C6221852 
 7254      26C0095E 
 7254      82448617 
 7254      0F
 7255 091b ADAD1B08 		.ascii	"\255\255\033\010\200\3610+R\206D\007\017\0263\226\230"
 7255      80F1302B 
 7255      52864407 
 7255      0F163396 
 7255      98
 7256 092c B9AF6D64 		.ascii	"\271\257md\373\320\264\225\273\234\377D\302\030\341"
 7256      FBD0B495 
 7256      BB9CFF44 
 7256      C218E1
 7257 093b BDA79B7C 		.ascii	"\275\247\233|\277\004\337m]\322\240\310\226\356\327"
 7257      BF04DF6D 
 7257      5DD2A0C8 
 7257      96EED7
 7258 094a 98C837F9 		.ascii	"\230\3107\371\376\275 Nx5\360$\300C\205\376\225>/\230"
 7258      FEBD204E 
 7258      7835F024 
 7258      C04385FE 
 7258      953E2F98 
 7259 095e 7430D52E 		.ascii	"t0\325.y&\034,\231\026\272\250\340\233&@qj\004\337\374"
 7259      79261C2C 
 7259      9916BAA8 
 7259      E09B2640 
ARM GAS  C:\Users\nicx5\AppData\Local\Temp\cc9k9ag2.s 			page 316


 7259      716A04DF 
 7260 0973 25A097CF 		.ascii	"%\240\227\317\213 \216\222\357\012\246{\026\374\006"
 7260      8B208E92 
 7260      EF0AA67B 
 7260      16FC06
 7261 0982 6DF64AB8 		.ascii	"m\366J\2704\2217\233\222\251k\263)\264E\331\213\221"
 7261      3491379B 
 7261      92A96BB3 
 7261      29B445D9 
 7261      8B91
 7262 0994 627ED92B 		.ascii	"b~\331+\253<\347\300<\030\346K=6\256}b\342X|\224\223"
 7262      AB3CE7C0 
 7262      3C18E64B 
 7262      3D36AE7D 
 7262      62E2587C 
 7263 09aa 3CD1E335 		.ascii	"<\321\3435\222O\362\313*b\336\313G\321\006\245\221i"
 7263      924FF2CB 
 7263      2A62DECB 
 7263      47D106A5 
 7263      9169
 7264 09bc B27612C9 		.ascii	"\262v\022\311K\241R\277#ODgxw\366\246\033\214\235\223"
 7264      4BA152BF 
 7264      234F4467 
 7264      7877F6A6 
 7264      1B8C9D93 
 7265 09d0 EC8F50D5 		.ascii	"\354\217P\325\332j%\362d\277\244\362\310\367\027\364"
 7265      DA6A25F2 
 7265      64BFA4F2 
 7265      C8F717F4 
 7266 09e0 3F8E6903 		.ascii	"?\216i\003\355Vh\300\207i\321o\250\365\216\017\323*"
 7266      ED5668C0 
 7266      8769D16F 
 7266      A8F58E0F 
 7266      D32A
 7267 09f2 A0F3865A 		.ascii	"\240\363\206Z\265\360\333\361a\232\027\272\026!\013"
 7267      B5F0DBF1 
 7267      619A17BA 
 7267      16210B
 7268 0a01 3F067CC8 		.ascii	"?\006|\3106\324\332I*\335cy\252\3621=]\323\010\330c"
 7268      36D4DA49 
 7268      2ADD6379 
 7268      AAF2313D 
 7268      5DD308D8 
 7269 0a16 17279640 		.ascii	"\027'\226@\025E\036D\340[\320,\362HG\246\003EO\015\027"
 7269      15451E44 
 7269      E05BD02C 
 7269      F24847A6 
 7269      03454F0D 
 7270 0a2b 9157FAF3 		.ascii	"\221W\372\363sD\336\341\030\24604E\361Q6d8\344\247\014"
 7270      7344DEE1 
 7270      18A63034 
 7270      45F15136 
 7270      6438E4A7 
 7271 0a40 F9168242 		.ascii	"\371\026\202B\336t\220\027\022\344\233\266\014\361\235"
 7271      DE749017 
 7271      12E49BB6 
 7271      0CF19D
ARM GAS  C:\Users\nicx5\AppData\Local\Temp\cc9k9ag2.s 			page 317


 7272 0a4f 00321D7B 		.ascii	"\0002\035{ cz[?\014\265\330\377\370~\316\211\375\023"
 7272      20637A5B 
 7272      3F0CB5D8 
 7272      FFF87ECE 
 7272      89FD13
 7273 0a62 94CE1017 		.ascii	"\224\316\020\0272Z\020|=\034\004S\037\313\007\336\307"
 7273      325A107C 
 7273      3D1C0453 
 7273      1FCB07DE 
 7273      C7
 7274 0a73 F7934E4D 		.ascii	"\367\223NMN?\360MP:\277Ba\337r\372\271\374[\330\267"
 7274      4E3FF04D 
 7274      503ABF42 
 7274      61DF72FA 
 7274      B9FC5BD8 
 7275 0a88 804AFD0A 		.ascii	"\200J\375\012!\242\320\334\365\344\237\234`\342\243"
 7275      21A2D0DC 
 7275      F5E49F9C 
 7275      60E2A3
 7276 0a97 58FADDF0 		.ascii	"X\372\335\360\030\375\012\361\015\266%\032\035h\373"
 7276      18FD0AF1 
 7276      0DB6251A 
 7276      1D68FB
 7277 0aa6 1EEFC05A 		.ascii	"\036\357\300Z\017\305\024\014\263\004y\274\232\215n"
 7277      0FC5140C 
 7277      B30479BC 
 7277      9A8D6E
 7278 0ab5 E0797CDB 		.ascii	"\340y|\333\000\237\242\036\0110\014Pm\034\265\325\272"
 7278      009FA21E 
 7278      09300C50 
 7278      6D1CB5D5 
 7278      BA
 7279 0ac6 E3195861 		.ascii	"\343\031XaG#4\261\237J\343\226\021\216\0138\332p\035"
 7279      472334B1 
 7279      9F4AE396 
 7279      118E0B38 
 7279      DA701D
 7280 0ad9 BFC02F01 		.ascii	"\277\300/\001\013\351x\033P\251\037c\343`\213\330\317"
 7280      0BE9781B 
 7280      50A91F63 
 7280      E3608BD8 
 7280      CF
 7281 0aea 78E8E7C9 		.ascii	"x\350\347\311?I\246),A\004#;\005\214\213\354RH \304"
 7281      3F49A629 
 7281      2C410423 
 7281      3B058C8B 
 7281      EC524820 
 7282 0aff EEFC1BC4 		.ascii	"\356\374\033\304]\345C\266\275\357\311!3c\374\220\231"
 7282      5DE543B6 
 7282      BDEFC921 
 7282      3363FC90 
 7282      99
 7283 0b10 0F7F4CD7 		.ascii	"\017\177L\327\234i\333']\307\314|\350n\355\025\224\035"
 7283      9C69DB27 
 7283      5DC7CC7C 
 7283      E86EED15 
 7283      941D
ARM GAS  C:\Users\nicx5\AppData\Local\Temp\cc9k9ag2.s 			page 318


 7284 0b22 DB3B0531 		.ascii	"\333;\0051\025\370+\250\324\311\010(D\002\277\024(\201"
 7284      15F82BA8 
 7284      D4C90828 
 7284      4402BF14 
 7284      2881
 7285 0b34 773E7058 		.ascii	"w>pX`\214{W\010\374\361<\015\366\010\020\2021B\211\244"
 7285      608C7B57 
 7285      08FCF13C 
 7285      0DF60810 
 7285      82314289 
 7286 0b49 84C6581D 		.ascii	"\204\306X\035\360\177h\360\200w\016\246m\216Q\210w\240"
 7286      F07F68F0 
 7286      80770EA6 
 7286      6D8E5188 
 7286      77A0
 7287 0b5b 54AD57F2 		.ascii	"T\255W\362\220\340'\016\035\020\315\365\353\251\334"
 7287      90E0270E 
 7287      1D10CDF5 
 7287      EBA9DC
 7288 0b6a 088AD342 		.ascii	"\010\212\323BH\365\365\355\347}\276\036j\232\302\007"
 7288      48F5F5ED 
 7288      E77DBE1E 
 7288      6A9AC207 
 7289 0b7a 03F878F5 		.ascii	"\003\370x\365\265\325\232\343\015\370\245\036\0119\024"
 7289      B5D59AE3 
 7289      0DF8A51E 
 7289      093914
 7290 0b89 710482D4 		.ascii	"q\004\202\324\250\002\0219SR\207\024\211\210\210$\005"
 7290      A8021139 
 7290      53528714 
 7290      89888824 
 7290      05
 7291 0b9a 49218D01 		.ascii	"I!\215\001B\013\020\006\"Y\232\247\260\007\022\240s"
 7291      420B1006 
 7291      22599AA7 
 7291      B00712A0 
 7291      73
 7292 0bab 3188748E 		.ascii	"1\210t\2169#\"\"C\012\222J:S\033p0~s\245\221\302}\037"
 7292      39232222 
 7292      430A924A 
 7292      3A531B70 
 7292      307E73A5 
 7293 0bc3 085D26F5 		.ascii	"\010]&\365{\030`\206\004\325]F\342\305h\256\002\373"
 7293      7B186086 
 7293      04D55D46 
 7293      E2C568AE 
 7293      02FB
 7294 0bd5 C7DE2EF0 		.ascii	"\307\336.\360c\315uJc\276R\351\324f\317\317\223C\010"
 7294      63CD754A 
 7294      63BE52E9 
 7294      D466CFCF 
 7294      934308
 7295 0be8 5142857A 		.ascii	"QB\205z\247\201\263nTD\007L\302f\263?-\231\226ijq5\331"
 7295      A781B36E 
 7295      5444074C 
 7295      C266B33F 
 7295      2D999669 
ARM GAS  C:\Users\nicx5\AppData\Local\Temp\cc9k9ag2.s 			page 319


 7296 0c00 C0914E6A 		.ascii	"\300\221NjJ+6bB,qe\003-Rx\204\340\302q\314\206\260\322"
 7296      4A2B3662 
 7296      422C7165 
 7296      032D5278 
 7296      84E0C271 
 7297 0c18 55B59B39 		.ascii	"U\265\2339q\177\315\323\234!S\206K\254\206_j\333>\022"
 7297      717FCDD3 
 7297      9C215386 
 7297      4BAC865F 
 7297      6ADB3E12 
 7298 0c2c C5158099 		.ascii	"\305\025\200\231c\225\260?\270\020\240:\031\341o\202"
 7298      6395B03F 
 7298      B810A03A 
 7298      19E16F82 
 7299 0c3c 7404E727 		.ascii	"t\004\347'\263p0\211-~fG\314\367\340\307\210|\001\210"
 7299      B3703089 
 7299      2D7E6647 
 7299      CCF7E0C7 
 7299      887C0188 
 7300 0c50 06C17A47 		.ascii	"\006\301zG\024F\341\343\216P\355\021\304\217\330\343"
 7300      1446E1E3 
 7300      8E50ED11 
 7300      C48FD8E3 
 7301 0c60 71438055 		.ascii	"qC\200U?o\001\317Djl\362q#!eKI\264V[\2241\355\330N*"
 7301      3F6F01CF 
 7301      446A6CF2 
 7301      71232165 
 7301      4B49B456 
 7302 0c7b 3621CF50 		.ascii	"6!\317P@U\345C\302L\305+\330N\246\326\325\376G\233H"
 7302      4055E543 
 7302      C24CC52B 
 7302      D84EA6D6 
 7302      D5FE479B 
 7303 0c90 724F6EBC 		.ascii	"rOn\274\364\213OH\004\002r\365\306\372\343\030\215\314"
 7303      F48B4F48 
 7303      040272F5 
 7303      C6FAE318 
 7303      8DCC
 7304 0ca2 4E34A1A1 		.ascii	"N4\241\241Do4B- \2306\012\337\347\226\250M\271\362\334"
 7304      446F3442 
 7304      2D209836 
 7304      0ADFE796 
 7304      A84DB9F2 
 7305 0cb7 29716486 		.ascii	")qd\206h\376\373\201\334\2777x\334\350\370G\371\006"
 7305      68FEFB81 
 7305      DCBF3778 
 7305      DCE8F847 
 7305      F906
 7306 0cc9 3CA0036D 		.ascii	"<\240\003mH\353)$\250<\003\236\010%D\266\226Z\001\021"
 7306      48EB2924 
 7306      A83C039E 
 7306      082544B6 
 7306      965A0111 
 7307 0cdd 79AB9C47 		.ascii	"y\253\234GP \277o\256Od\317\000\023\250r\261:\332\370"
 7307      5020BF6F 
 7307      AE4F64CF 
 7307      0013A872 
ARM GAS  C:\Users\nicx5\AppData\Local\Temp\cc9k9ag2.s 			page 320


 7307      B13ADAF8 
 7308 0cf1 26D930DC 		.ascii	"&\3310\334$\037\237\362\251bB\211~ba\343\365\250n[\231"
 7308      241F9FF2 
 7308      A9624289 
 7308      7E6261E3 
 7308      F5A86E5B 
 7309 0d06 06577C34 		.ascii	"\006W|4\216\317\301\001A$\270\010k8\350\220@\364]\343"
 7309      8ECFC101 
 7309      4124B808 
 7309      6B38E890 
 7309      40F45DE3 
 7310 0d1a 0505D951 		.ascii	"\005\005\331Qd/#yc\340\227}Sx\017\374\341\024\303(X"
 7310      642F2379 
 7310      63E0977D 
 7310      53780FFC 
 7310      E114C328 
 7311 0d2f 61A5145D 		.ascii	"a\245\024]\265p\317\232H\251\0053\361\302\334\264\305"
 7311      B570CF9A 
 7311      48A90533 
 7311      F1C2DCB4 
 7311      C5
 7312 0d40 2B03D56F 		.ascii	"+\003\325o5\333\365\337^\177lK\241\307\013Z\344$\207"
 7312      35DBF5DF 
 7312      5E7F6C4B 
 7312      A1C70B5A 
 7312      E42487
 7313 0d53 4D9AB53A 		.ascii	"M\232\265:\232\337\266Lv\342\\\034a\264\342\330m\235"
 7313      9ADFB64C 
 7313      76E25C1C 
 7313      61B4E2D8 
 7313      6D9D
 7314 0d65 C9043131 		.ascii	"\311\00411^\202PF\254\343Q&\320$\005\311D\216\231\026"
 7314      5E825046 
 7314      ACE35126 
 7314      D02405C9 
 7314      448E9916 
 7315 0d79 F537373D 		.ascii	"\36577=\374\210\351&\017|k\376M\202S\217\344\007y\210"
 7315      FC88E926 
 7315      0F7C6BFE 
 7315      4D82538F 
 7315      E4077988 
 7316 0d8d 701A1AC2 		.ascii	"p\032\032\302?\353pM\373\301\310\205s\373|\025\200\036"
 7316      3FEB704D 
 7316      FBC1C885 
 7316      73FB7C15 
 7316      801E
 7317 0d9f 29411E82 		.ascii	")A\036\202D\370b\322\202\272\373\335m\254\364\353\232"
 7317      44F862D2 
 7317      82BAFBDD 
 7317      6DACF4EB 
 7317      9A
 7318 0db0 A080AA52 		.ascii	"\240\200\252Rt\367\374Z\033\300ieN\206\221'9\202\344"
 7318      74F7FC5A 
 7318      1BC06965 
 7318      4E869127 
 7318      3982E4
 7319 0dc3 29CE06B0 		.ascii	")\316\006\260\222kM\2120\024\"UN\030W\324Rz\355\023"
ARM GAS  C:\Users\nicx5\AppData\Local\Temp\cc9k9ag2.s 			page 321


 7319      926B4D8A 
 7319      30142255 
 7319      4E1857D4 
 7319      527AED13 
 7320 0dd7 1A62025F 		.ascii	"\032b\002_\224\244+\200I\277\016C\363\274\0009!De\247"
 7320      94A42B80 
 7320      49BF0E43 
 7320      F3BC0039 
 7320      214465A7 
 7321 0deb F81713F1 		.ascii	"\370\027\023\361\005I\220\306\013\247\333\306\250\200"
 7321      054990C6 
 7321      0BA7DBC6 
 7321      A880
 7322 0df9 600B1344 		.ascii	"`\013\023D\232\361SKuJ\362\214\224\246b\346\341-O\010"
 7322      9AF1534B 
 7322      754AF28C 
 7322      94A662E6 
 7322      E12D4F08 
 7323 0e0d F761209D 		.ascii	"\367a \235%\362\240:o^\231\326h\014\310\002\311\350"
 7323      25F2A03A 
 7323      6F5E99D6 
 7323      680CC802 
 7323      C9E8
 7324 0e1f 5760CAE5 		.ascii	"W`\312\3454\245/%6D#G*I\244\302\365s\262\244FI\033G"
 7324      34A52F25 
 7324      36442347 
 7324      2A49A4C2 
 7324      F573B2A4 
 7325 0e37 11D10770 		.ascii	"\021\321\007p!\375\006\314(\252&?@/\236D\322\030\364"
 7325      21FD06CC 
 7325      28AA263F 
 7325      402F9E44 
 7325      D218F4
 7326 0e4a F1586365 		.ascii	"\361Xce\003\213\020Sf)&\034(nhBZ\377\022+m#\017\222"
 7326      038B1053 
 7326      6629261C 
 7326      286E6842 
 7326      5AFF122B 
 7327 0e62 A5C3AFA3 		.ascii	"\245\303\257\243\322\376\207-\020A\266\360\230\226!"
 7327      D2FE872D 
 7327      1041B6F0 
 7327      989621
 7328 0e71 279D6C94 		.ascii	"'\235l\224Pw5\271\345&8\031)\221\023\271\203 \344\230"
 7328      507735B9 
 7328      E5263819 
 7328      299113B9 
 7328      8320E498 
 7329 0e85 51168DA7 		.ascii	"Q\026\215\247FS\241\373/\330\031\274v\002}L\220\223"
 7329      4653A1FB 
 7329      2FD819BC 
 7329      76027D4C 
 7329      9093
 7330 0e97 63474A6E 		.ascii	"cGJn]#2\350\305\024\231\261\037\261'\222<\2176)\245"
 7330      5D2332E8 
 7330      C51499B1 
 7330      1FB12792 
 7330      3C8F3629 
ARM GAS  C:\Users\nicx5\AppData\Local\Temp\cc9k9ag2.s 			page 322


 7331 0eac 6E21042B 		.ascii	"n!\004+L\0340:\344\341\177\257\343\\\337l\340\301HZ"
 7331      4C1C303A 
 7331      E4E17FAF 
 7331      E35CDF6C 
 7331      E0C1485A 
 7332 0ec0 98898DD2 		.ascii	"\230\211\215\322\301+\0116\354Q[\355\032a\357\177\012"
 7332      C12B0936 
 7332      EC515BED 
 7332      1A61EF7F 
 7332      0A
 7333 0ed1 C33B1AB0 		.ascii	"\303;\032\260\256\271pK\262\371@\000;\002\006\202\006"
 7333      AEB9704B 
 7333      B2F94000 
 7333      3B020682 
 7333      06
 7334 0ee2 EB43CBD2 		.ascii	"\353C\313\322\270z\345\012\011&\265~\306\3062\230K]"
 7334      B87AE50A 
 7334      0926B57E 
 7334      C6C63298 
 7334      4B5D
 7335 0ef4 FD1D01DF 		.ascii	"\375\035\001\3379E\273p\2179d\225\003\035?\3142\330"
 7335      3945BB70 
 7335      8F396495 
 7335      031D3FCC 
 7335      32D8
 7336 0f06 BCD42474 		.ascii	"\274\324$t\006P\372\206\343=\236+\2415\001\345e'\206"
 7336      0650FA86 
 7336      E33D9E2B 
 7336      A13501E5 
 7336      652786
 7337 0f19 7CD0DCBB 		.ascii	"|\320\334\273+\000\236\212\210\274\2116\011\240\303"
 7337      2B009E8A 
 7337      88BC8936 
 7337      09A0C3
 7338 0f28 E4F7B0F2 		.ascii	"\344\367\260\362(\030\236r\017\275\015^\336X\213-\220"
 7338      28189E72 
 7338      0FBD0D5E 
 7338      DE588B2D 
 7338      90
 7339 0f39 DE202CE1 		.ascii	"\336 ,\341\026\212\177\201t\267gN\357\222\001\002\006"
 7339      168A7F81 
 7339      74B7674E 
 7339      EF920102 
 7339      06
 7340 0f4a 82DE9AEC 		.ascii	"\202\336\232\354\222\212\014\265{\217\024\377\000\350"
 7340      928A0CB5 
 7340      7B8F14FF 
 7340      00E8
 7341 0f58 B526F5A5 		.ascii	"\265&\365\245|`\001x\264\020\212\342nN\311\233bMl*\274"
 7341      7C600178 
 7341      B4108AE2 
 7341      6E4EC99B 
 7341      624D6C2A 
 7342 0f6d 6037C740 		.ascii	"`7\307@\342\211\026W\2427\036\326\344\351\304\310@\341"
 7342      E2891657 
 7342      A2371ED6 
 7342      E4E9C4C8 
ARM GAS  C:\Users\nicx5\AppData\Local\Temp\cc9k9ag2.s 			page 323


 7342      40E1
 7343 0f7f 2EB1A909 		.ascii	".\261\251\011\337\300\366\335a\243\230\234\226\320J"
 7343      DFC0F6DD 
 7343      61A3989C 
 7343      96D04A
 7344 0f8e 354A4390 		.ascii	"5JC\220\241n\205\366\311\2509\340\331\017\214\343\227"
 7344      A16E85F6 
 7344      C9A839E0 
 7344      D90F8CE3 
 7344      97
 7345 0f9f C1       		.ascii	"\301"
 7346 0fa0 013E6EAB 		.ascii	"\001>n\253;\227\253/.\031{\257\221\333\360\351\276h"
 7346      3B97AB2F 
 7346      2E197BAF 
 7346      91DBF0E9 
 7346      BE68
 7347 0fb2 532FD4C9 		.ascii	"S/\324\311\034]y\026a2Rd\336(\303\024v\035N\211\222"
 7347      1C5D7916 
 7347      61325264 
 7347      DE28C314 
 7347      761D4E89 
 7348 0fc7 83631395 		.ascii	"\203c\023\225|-\204\257H\374\312\271\323t\035v\211\321"
 7348      7C2D84AF 
 7348      48FCCAB9 
 7348      D3741D76 
 7348      89D1
 7349 0fd9 EEC77D15 		.ascii	"\356\307}\025\026!r\032\201\212\021\315\220*\224\371"
 7349      1621721A 
 7349      818A11CD 
 7349      902A94F9 
 7350 0fe9 21C6E7A6 		.ascii	"!\306\347\246.\001P\272\324by\025y.\334\023\232\366"
 7350      2E0150BA 
 7350      D4627915 
 7350      792EDC13 
 7350      9AF6
 7351 0ffb 2F075351 		.ascii	"/\007SQ)\300\"\214o&\225\350k\366\032\374\002P]a\320"
 7351      29C0228C 
 7351      6F2695E8 
 7351      6BF61AFC 
 7351      02505D61 
 7352 1010 1469EEBB 		.ascii	"\024i\356\273\333\221\366\032fvx\336\260\260\265\010"
 7352      DB91F61A 
 7352      667678DE 
 7352      B0B0B508 
 7353 1020 FD346851 		.ascii	"\3754hQ\306C\004\021\367\341_\325p\3129mP|N\210?evB"
 7353      C6430411 
 7353      F7E15FD5 
 7353      70CA396D 
 7353      507C4E88 
 7354 1038 B4C7CCD0 		.ascii	"\264\307\314\320\217e\267~\232.]\237\020\030\202\320"
 7354      8F65B77E 
 7354      9A2E5D9F 
 7354      101882D0 
 7355 1048 9E040D88 		.ascii	"\236\004\015\210\340a6s\272\"\370\210)\021\022~X\031"
 7355      E0613673 
 7355      BA22F888 
 7355      2911127E 
ARM GAS  C:\Users\nicx5\AppData\Local\Temp\cc9k9ag2.s 			page 324


 7355      5819
 7356 105a AFF86D44 		.ascii	"\257\370mDG\2349\005\2257\361Cf\221\250\201\027\305"
 7356      479C3905 
 7356      9537F143 
 7356      6691A881 
 7356      17C5
 7357 106c 0AD3B82D 		.ascii	"\012\323\270-\230\026\363rp\316D\210R\350\312i)\347"
 7357      9816F372 
 7357      70CE4488 
 7357      52E8CA69 
 7357      29E7
 7358 107e 4035AE2D 		.ascii	"@5\256-%Z\020h(FL\217\272\226*\221\306\300\244\201\023"
 7358      255A1068 
 7358      28464C8F 
 7358      BA962A91 
 7358      C6C0A481 
 7359 1093 8BDA0164 		.ascii	"\213\332\001dC\336\344m\361\031\242\252\307\244\275"
 7359      43DEE46D 
 7359      F119A2AA 
 7359      C7A4BD
 7360 10a2 8C4BD0BD 		.ascii	"\214K\320\275Yj\331\314\242pK6xP\364,\334eW\020\302"
 7360      596AD9CC 
 7360      A2704B36 
 7360      7850F42C 
 7360      DC655710 
 7361 10b7 420793A0 		.ascii	"B\007\223\240S\022q\233\014f\354\342~u\306\017S\352"
 7361      5312719B 
 7361      0C66ECE2 
 7361      7E75C60F 
 7361      53EA
 7362 10c9 A4EA2ACB 		.ascii	"\244\352*\313H\361\324\356\2649sr\020m\023\221j)\025"
 7362      48F1D4EE 
 7362      B4397372 
 7362      106D1391 
 7362      6A2915
 7363 10dc FEBEA9B9 		.ascii	"\376\276\251\271G\305JD\363\331\241\2046=\374\213\026"
 7363      47C54A44 
 7363      F3D9A184 
 7363      363DFC8B 
 7363      16
 7364              		.text
 7365              		.section	.gnu.lto_USB_HC_ReadInterrupt.378.1f2fd384,"e",%progbits
 7366 0000 28B52FFD 		.ascii	"(\265/\375`\376\000=\015\000\366\330[D\020\221\223\016"
 7366      60FE003D 
 7366      0D00F6D8 
 7366      5B441091 
 7366      930E
 7367 0012 551D2220 		.ascii	"U\035\" \276\006@n\261$d\223\240\275\001\345\200\327"
 7367      BE06406E 
 7367      B1246493 
 7367      A0BD01E5 
 7367      80D7
 7368 0024 296BF0E5 		.ascii	")k\360\345\344\353\277\324\266\341\246)\374\207\374"
 7368      E4EBBFD4 
 7368      B6E1A629 
 7368      FC87FC
 7369 0033 B0C53E80 		.ascii	"\260\305>\200\270\357\033\310\313\257\017-\246\321\257"
ARM GAS  C:\Users\nicx5\AppData\Local\Temp\cc9k9ag2.s 			page 325


 7369      B8EF1BC8 
 7369      CBAF0F2D 
 7369      A6D1AF
 7370 0042 80008AE2 		.ascii	"\200\000\212\342H5\305c\004\334\022B6\221;\245D\000"
 7370      4835C563 
 7370      04DC1242 
 7370      36913BA5 
 7370      4400
 7371 0054 44004600 		.ascii	"D\000F\000\2735X3\273a\207G\264K\333\376\212\307\254"
 7371      BB355833 
 7371      BB618747 
 7371      B44BDBFE 
 7371      8AC7AC
 7372 0067 F8DBEC4C 		.ascii	"\370\333\354L\212\364\2311.-X\273\341\306q\002\330\345"
 7372      8AF49931 
 7372      2E2D58BB 
 7372      E1C67102 
 7372      D8E5
 7373 0079 7501D8A5 		.ascii	"u\001\330\245\302\374{\374\374\253\376\027\0205.,-\244"
 7373      C2FC7BFC 
 7373      FCABFE17 
 7373      10352E2C 
 7373      2DA4
 7374 008b C78CC1EE 		.ascii	"\307\214\301\356:\262\264\204\270\365\266\015\330V\261"
 7374      3AB2B484 
 7374      B8F5B60D 
 7374      D856B1
 7375 009a 4F1229FC 		.ascii	"O\022)\374k\025e;:;x\313\247\376K\243\365\212\216\032"
 7375      6B15653B 
 7375      3A3B78CB 
 7375      A7FE4BA3 
 7375      F58A8E1A 
 7376 00ae 7D2D6BBD 		.ascii	"}-k\275X\2518.v_&kcH\030*\016\376\366\212\2572\200\215"
 7376      58A9382E 
 7376      765F266B 
 7376      6348182A 
 7376      0EFEF68A 
 7377 00c6 111F1BFC 		.ascii	"\021\037\033\374\342\236X\245\241\231 \215\335\020\301"
 7377      E29E58A5 
 7377      A199208D 
 7377      DD10C1
 7378 00d5 A5316C7C 		.ascii	"\2451l|\370\304\370T\007\007\010:\347?L5\323l\306I\204"
 7378      F8C4F854 
 7378      0707083A 
 7378      E73F4C35 
 7378      D36CC649 
 7379 00ea 9DE12C3C 		.ascii	"\235\341,<m\327\204\002\177\305!E\203\271\364U\264\003"
 7379      6DD78402 
 7379      7FC52145 
 7379      83B9F455 
 7379      B403
 7380 00fc 05AED4E4 		.ascii	"\005\256\324\344k\324k\373\003\230\324\253\312x a\232"
 7380      6BD46BFB 
 7380      0398D4AB 
 7380      CA782061 
 7380      9A
 7381 010d 28A41E3C 		.ascii	"(\244\036<G)N_*UeN\255\222\232\314\265jdl\234\016IQ"
ARM GAS  C:\Users\nicx5\AppData\Local\Temp\cc9k9ag2.s 			page 326


 7381      47294E5F 
 7381      2A55654E 
 7381      AD929ACC 
 7381      B56A646C 
 7382 0125 03225D48 		.ascii	"\003\"]H'\2641\307\004dB\204\004\034\347Q`\324\351\036"
 7382      27B431C7 
 7382      04644284 
 7382      041CE751 
 7382      60D4E91E 
 7383 0139 5C2EF190 		.ascii	"\\.\361\220\340\245\204NN(|p\0274x[\211\250\333B#!\236"
 7383      E0A5844E 
 7383      4E287C70 
 7383      1734785B 
 7383      89A8DB42 
 7384 0150 D068C4F1 		.ascii	"\320h\304\361l\236\310dC\005Q\003\020\217P:\036\320"
 7384      6C9EC864 
 7384      43055103 
 7384      108F503A 
 7384      1ED0
 7385 0162 07E780A4 		.ascii	"\007\347\200\244\003y\026D(\020@\013D\006\330\016\367"
 7385      03791644 
 7385      2810400B 
 7385      4406D80E 
 7385      F7
 7386 0173 D72A2A53 		.ascii	"\327**S\254DIO\016\024\000E\005\036\360\312\323\316"
 7386      AC44494F 
 7386      0E140045 
 7386      051EF0CA 
 7386      D3CE
 7387 0185 9C237DF3 		.ascii	"\234#}\363\010VkD\326D#\014\220\254\301\014\313~R\215"
 7387      08566B44 
 7387      D644230C 
 7387      90ACC10C 
 7387      CB7E528D 
 7388 0199 028111D4 		.ascii	"\002\201\021\324}\2551\366\264\200 \023\274\244\210"
 7388      7DAD31F6 
 7388      B4802013 
 7388      BCA488
 7389 01a8 117555F8 		.ascii	"\021uU\370\231\347\325N2"
 7389      99E7D54E 
 7389      32
 7390              		.text
 7391              		.section	.gnu.lto_USB_HC_Halt.379.1f2fd384,"e",%progbits
 7392 0000 28B52FFD 		.ascii	"(\265/\375`\253\014\2458\000z^\350\024?@dR\007\322_"
 7392      60AB0CA5 
 7392      38007A5E 
 7392      E8143F40 
 7392      645207D2 
 7393 0015 BD5EDB69 		.ascii	"\275^\333i\020\000T\370cV `\021\361\223O\021\322\310"
 7393      100054F8 
 7393      63562060 
 7393      11F1934F 
 7393      11D2C8
 7394 0028 2BF407F4 		.ascii	"+\364\007\364\033\007\372\203\034M\364\217\301\025a"
 7394      1B07FA83 
 7394      1C4DF48F 
 7394      C11561
ARM GAS  C:\Users\nicx5\AppData\Local\Temp\cc9k9ag2.s 			page 327


 7395 0037 C61B5E49 		.ascii	"\306\033^IP}a\260\360\2760\012\375Q%\306\232%+\204\244"
 7395      507D61B0 
 7395      F0BE300A 
 7395      FD5125C6 
 7395      9A252B84 
 7396 004c 94524501 		.ascii	"\224RE\001\015\001@\001@\346f\346\036\334h\232\256\247"
 7396      0D014001 
 7396      40E666E6 
 7396      1EDC689A 
 7396      AEA7
 7397 005e 6DD7693A 		.ascii	"m\327i:\217\213RQ<C\327F[\330\300\334\361]\035\025z"
 7397      8F8B5251 
 7397      3C43D746 
 7397      5BD8C0DC 
 7397      F15D1D15 
 7398 0073 D65197D5 		.ascii	"\326Q\227\3254Wk\241\266\345[{S\327l!{\322\034\300\366"
 7398      34576BA1 
 7398      B6E55B7B 
 7398      53D76C21 
 7398      7BD21CC0 
 7399 0088 AE0F4D59 		.ascii	"\256\017MY\333\342#\220\010\346\271\034\336Vi\237\257"
 7399      DBE22390 
 7399      08E6B91C 
 7399      DE56699F 
 7399      AF
 7400 0099 3AC559A8 		.ascii	":\305Y\250m\347\222\035\344\245P\352\211\210\367\226"
 7400      6DE7921D 
 7400      E4A550EA 
 7400      8988F796 
 7401 00a9 DBD154AD 		.ascii	"\333\321T\255\2214/c\302\016J5E\2703\367\230&\323\243"
 7401      91342F63 
 7401      C20E4A35 
 7401      45B833F7 
 7401      9826D3A3 
 7402 00bd CBF0E063 		.ascii	"\313\360\340c\3332Z\344\246m\347\254\370\203\260\203"
 7402      DB325AE4 
 7402      A66DE7AC 
 7402      F883B083 
 7403 00cd 54FD743B 		.ascii	"T\375t;\010\354\246\333\301\254\255\036\\\366\255\233"
 7403      08ECA6DB 
 7403      C1ACAD1E 
 7403      5CF6AD9B 
 7404 00dd 306627AE 		.ascii	"0f'\256\211\224\344-j\3339\254\307\302H|\374\262~r\212"
 7404      8994E42D 
 7404      6ADB39AC 
 7404      C7C2487C 
 7404      FCB27E72 
 7405 00f2 6A3A322D 		.ascii	"j:2-)\031\241\222\220\212\304\241\220\275A\340{\031"
 7405      2919A192 
 7405      908AC4A1 
 7405      90BD41E0 
 7405      7B19
 7406 0104 3751ED47 		.ascii	"7Q\355G?9E;J\2137]9F\233\011\013\324\227\224\330\013"
 7406      3F39453B 
 7406      4A8B375D 
 7406      39469B09 
 7406      0BD49794 
ARM GAS  C:\Users\nicx5\AppData\Local\Temp\cc9k9ag2.s 			page 328


 7407 011a 53D6DEDA 		.ascii	"S\326\336\332\330fN\032\252\332|\203kf\361$`\0053a\240"
 7407      D8664E1A 
 7407      AADA7C83 
 7407      6B66F124 
 7407      60053361 
 7408 012f 5D6D3E01 		.ascii	"]m>\001\276\324\216N\347u\025R\325\2245']dk\342D(L|"
 7408      BED48E4E 
 7408      E7751552 
 7408      D5943527 
 7408      5D646BE2 
 7409 0147 D8D5A69B 		.ascii	"\330\325\246\233\260\332|\3025\2278\313\274\300,<56"
 7409      B0DA7CC2 
 7409      359738CB 
 7409      BCC02C3C 
 7409      3536
 7410 0159 46B53460 		.ascii	"F\2654`R\334 \270 \260\001\233\236\323\250\006\004\370"
 7410      52DC20B8 
 7410      20B0019B 
 7410      9ED3A806 
 7410      04F8
 7411 016b C4474550 		.ascii	"\304GEP\3035\337\034XTC\3637\2521\201Tm\333v^;\021\265"
 7411      C335DF1C 
 7411      585443F3 
 7411      37AA3181 
 7411      546DDB76 
 7412 0183 3377F642 		.ascii	"3w\366B\333\266\354C\324\326\232\0014s\213af+\314E\013"
 7412      DBB6EC43 
 7412      D4D69A01 
 7412      34738B61 
 7412      662BCC45 
 7413 0198 01DC6E70 		.ascii	"\001\334np\300\020b\251q;\030\374\020P9\351\237\361"
 7413      C01062A9 
 7413      713B18FC 
 7413      105039E9 
 7413      9FF1
 7414 01aa 3FF09BD8 		.ascii	"?\360\233\3306\362\372\377\373w\032\033U#\357\326\367"
 7414      36F2FAFF 
 7414      FB771A1B 
 7414      5523EFD6 
 7414      F7
 7415 01bb B340D2E0 		.ascii	"\263@\322\340\316\376\214\265\352\244p/oS\233\201\033"
 7415      CEFE8CB5 
 7415      EAA4702F 
 7415      6F539B81 
 7415      1B
 7416 01cc 22E9A3AD 		.ascii	"\"\351\243\255\357;\255\337R^\031)\277\361\232\312\314"
 7416      EF3BADDF 
 7416      525E1929 
 7416      BFF19ACA 
 7416      CC
 7417 01dd AF9CF5CA 		.ascii	"\257\234\365\312\377)\323j\366g\334y\355]\256\177\325"
 7417      FF29D36A 
 7417      F667DC79 
 7417      ED5DAE7F 
 7417      D5
 7418 01ee D6AF3CF7 		.ascii	"\326\257<\367\303?\312\355W7\277-\374P\346\241s\327"
 7418      C33FCAED 
ARM GAS  C:\Users\nicx5\AppData\Local\Temp\cc9k9ag2.s 			page 329


 7418      5737BF2D 
 7418      FC50E6A1 
 7418      73D7
 7419 0200 D07942D7 		.ascii	"\320yB\3275s\365]\363V\313uk5^\263\262\313tg]\347\253"
 7419      3573F55D 
 7419      F356CB75 
 7419      6B355EB3 
 7419      B2CB7467 
 7420 0217 EB6C759D 		.ascii	"\353lu\235\035\\\347\344unp\235\031\\g\344u^p\235\025"
 7420      1D5CE7E4 
 7420      756E709D 
 7420      195C67E4 
 7420      755E709D 
 7421 022c 5CE704D7 		.ascii	"\\\347\004\327\031\301u> t6p\235\253\2563\325u.p\235"
 7421      19C1753E 
 7421      20743670 
 7421      9DABAE33 
 7421      D5752E70 
 7422 0241 A7AE3381 		.ascii	"\247\2563\201\353<\340:\013\270\316\001\256\263\324"
 7422      EB3CE03A 
 7422      0BB8CE01 
 7422      AEB3D4
 7423 0250 7506709D 		.ascii	"u\006p\235\243\2563\324u~\272\316N\327\271\351:\037"
 7423      A3AE33D4 
 7423      757EBACE 
 7423      4ED7B9E9 
 7423      3A1F
 7424 0262 AF33D375 		.ascii	"\2573\323u^\272\316J\327\331x\235\223\2563\322u.^g\342"
 7424      5EBACE4A 
 7424      D7D9789D 
 7424      93AE33D2 
 7424      752E5E67 
 7425 0277 751E5E67 		.ascii	"u\036^g\341uf\257\363\275\316A\326\031x\235\377:\373"
 7425      E17566AF 
 7425      F3BDCE41 
 7425      D619789D 
 7425      FF3AFB
 7426 028a 756E0EC3 		.ascii	"un\016\303\247!\351\031\013F\332\026\312uQ\273'\010"
 7426      A721E919 
 7426      0B46DA16 
 7426      CA7551BB 
 7426      2708
 7427 029c 474BD775 		.ascii	"GK\327uS\273\357\272\361:\212\002\274\007\250\034\204"
 7427      53BBEFBA 
 7427      F13A8A02 
 7427      BC07A81C 
 7427      84
 7428 02ad 2AD4B6E7 		.ascii	"*\324\266\347\023Hz\227\364Qf\377\364\362J}\037\242"
 7428      13487A97 
 7428      F45166FF 
 7428      F4F24A7D 
 7428      1FA2
 7429 02bf DB4373AB 		.ascii	"\333Cs\253\324[\375\001\370\246\366^G=\200\246v\324"
 7429      D45BFD01 
 7429      F8A6F65E 
 7429      473D80A6 
 7429      76D4
ARM GAS  C:\Users\nicx5\AppData\Local\Temp\cc9k9ag2.s 			page 330


 7430 02d1 23A14F2F 		.ascii	"#\241O/S\277>HP\210\204m\373\364PNCO|N\204\260\330\353"
 7430      53BF3E48 
 7430      5088846D 
 7430      FBF4504E 
 7430      434F7C4E 
 7431 02e9 F57A6DE4 		.ascii	"\365zm\344mz\247\037\012jz,\347\324L\204*\236h\361\370"
 7431      6D7AA71F 
 7431      0A6A7A2C 
 7431      E7D44C84 
 7431      2A9E68F1 
 7432 02fe 0D8775C4 		.ascii	"\015\207u\304\364\307g\343\276\272\217\351\221d\323"
 7432      F4C767E3 
 7432      BEBA8FE9 
 7432      9164D3
 7433 030d 38F69B7E 		.ascii	"8\366\233~\211Cl\275^\372\226\322\365)\375\222\037\245"
 7433      89436CBD 
 7433      5EFA96D2 
 7433      F529FD92 
 7433      1FA5
 7434 031f 9F7A337E 		.ascii	"\237z3~\237\244[\0179\004l\3336\351\215\317N\231\316"
 7434      9FA45B0F 
 7434      39046CDB 
 7434      36E98DCF 
 7434      4E99CE
 7435 0332 6AD22747 		.ascii	"j\322'GL\2554\236!~nCwbC\345\314\334\026!\327gi\325"
 7435      4CAD349E 
 7435      217E6E43 
 7435      776243E5 
 7435      CCDC1621 
 7436 034a 5DA9D796 		.ascii	"]\251\327\226\217\375\2509\020\254hG\356G\271;\307\345"
 7436      8FFDA839 
 7436      10AC6847 
 7436      EE47B93B 
 7436      C7E5
 7437 035c 7A639F90 		.ascii	"zc\237\2206\026\240\330\321\013~4O\013\037\350\204\312"
 7437      3616A0D8 
 7437      D10B7E34 
 7437      4F0B1FE8 
 7437      84CA
 7438 036e 7A0035C1 		.ascii	"z\0005\301\002\314q\211\357K\366\350\372\320\334\332"
 7438      02CC7189 
 7438      EF4BF6E8 
 7438      FAD0DCDA 
 7439 037e 67E27CA9 		.ascii	"g\342|\251\363\037en\344E\372,:@hn\345^\323\305Gz\026"
 7439      F31F656E 
 7439      E445FA2C 
 7439      3A40686E 
 7439      E55ED3C5 
 7440 0395 08F309D6 		.ascii	"\010\363\011\326x\302\204m\333\026\201\373N\031\023"
 7440      78C2846D 
 7440      DB1681FB 
 7440      4E1913
 7441 03a4 311EB783 		.ascii	"1\036\267\203\305\237\342#~\317\365\234\036>\261E\327"
 7441      C59FE223 
 7441      7ECFF59C 
 7441      1E3EB145 
 7441      D7
ARM GAS  C:\Users\nicx5\AppData\Local\Temp\cc9k9ag2.s 			page 331


 7442 03b5 194285DF 		.ascii	"\031B\205\337\322\256\021\245\000\373\302W\"\221\303"
 7442      D2AE11A5 
 7442      00FBC257 
 7442      2291C3
 7443 03c4 BE09A89C 		.ascii	"\276\011\250\234\264\215\353\273\356\033y\357s=\217"
 7443      B48DEBBB 
 7443      EE1B79EF 
 7443      733D8F
 7444 03d3 CD7B37F8 		.ascii	"\315{7\370\367!\374\245Y\231_\364\233\245\260m\245D"
 7444      F721FCA5 
 7444      59995FF4 
 7444      9BA5B06D 
 7444      A544
 7445 03e5 085D5E18 		.ascii	"\010]^\0302|\015e,\307\302\\\004\311\306\2263\302\202"
 7445      327C0D65 
 7445      2CC7C25C 
 7445      04C9C696 
 7445      33C282
 7446 03f8 6234768C 		.ascii	"b4v\214\240\321\025\326A\0106\326\025Cll\014\314\205"
 7446      A0D115D6 
 7446      410836D6 
 7446      15436C6C 
 7446      0CCC85
 7447 040b 0622D858 		.ascii	"\006\"\330X\027\331\213\0304\274\2042\226c_a..K\020"
 7447      17D98B18 
 7447      34BC8432 
 7447      96635F61 
 7447      2E2E4B10 
 7448 041f D36201F6 		.ascii	"\323b\001\366@\251\274\032\240#\203\027\011 \207]\255"
 7448      40A9BC1A 
 7448      A0238317 
 7448      0920875D 
 7448      AD
 7449 0430 B8B1FC8A 		.ascii	"\270\261\374\212\021\303E\226R\006\331\015\2540\033"
 7449      11C34596 
 7449      5206D90D 
 7449      AC301B
 7450 043f 5E585F1F 		.ascii	"^X_\0370t\370\322\241CB\007\254\0336\304p\274\260\261"
 7450      3074F8D2 
 7450      A1434207 
 7450      AC1B36C4 
 7450      70BCB0B1 
 7451 0453 418B75CC 		.ascii	"A\213u\314\310\320!E\226\022\304\010\257\0247`\330\230"
 7451      C8D02145 
 7451      9612C408 
 7451      AF143760 
 7451      D898
 7452 0465 51220585 		.ascii	"Q\"\005\205.'f\236k\373\241e\227/\230=\263\313\323U"
 7452      2E27669E 
 7452      6BFBA165 
 7452      972F983D 
 7452      B3CBD355 
 7453 0479 12ABBF72 		.ascii	"\022\253\277r:\255\324\2649I\273\3601\022\365\320E="
 7453      3AADD4B4 
 7453      3949BBF0 
 7453      3112F5D0 
 7453      453D
ARM GAS  C:\Users\nicx5\AppData\Local\Temp\cc9k9ag2.s 			page 332


 7454 048b 41EAE027 		.ascii	"A\352\340'\370\232\203\267\000\225\203\200f\367\247"
 7454      F89A83B7 
 7454      00958380 
 7454      66F7A7
 7455 049a D706499A 		.ascii	"\327\006I\232\246\217\366_'\277\253\311O\366i\300\340"
 7455      A68FF65F 
 7455      27BFABC9 
 7455      4FF669C0 
 7455      E0
 7456 04ab 1B30F829 		.ascii	"\0330\370)\350\323\316\014\231]\334/z\023\024\350\210"
 7456      E8D3CE0C 
 7456      995DDC2F 
 7456      7A1314E8 
 7456      88
 7457 04bc 6C2E78A4 		.ascii	"l.x\244\323\310\002.\012\212\370u\202W\360\034\222\340"
 7457      D3C8022E 
 7457      0A8AF875 
 7457      8257F01C 
 7457      92E0
 7458 04ce ADC8ECDE 		.ascii	"\255\310\354\336\266\032\011\321cB\000\250\017<\202"
 7458      B61A09D1 
 7458      634200A8 
 7458      0F3C82
 7459 04dd 67E5309F 		.ascii	"g\3450\237(<\2103\313\306\250\230q;x\340\223Uo@\250"
 7459      283C8833 
 7459      CBC6A898 
 7459      713B78E0 
 7459      93556F40 
 7460 04f2 FCAAFFB6 		.ascii	"\374\252\377\2664\2663\2736*\264$\237.\360T\317N\335"
 7460      34B633BB 
 7460      362AB424 
 7460      9F2EF054 
 7460      CF4EDD
 7461 0505 ACC02747 		.ascii	"\254\300'GP\037\005Bt$\314\322\224\267V\004~\352\331"
 7461      501F0542 
 7461      7424CCD2 
 7461      94B75604 
 7461      7EEAD9
 7462 0518 3E4CA795 		.ascii	">L\247\225\300[Q\373\224\0068\302:\324\002~\200\263"
 7462      C05B51FB 
 7462      940638C2 
 7462      3AD4027E 
 7462      80B3
 7463 052a 91006A9C 		.ascii	"\221\000j\234\361\243\335\237\346I\0259P\017e\031\267"
 7463      F1A3DD9F 
 7463      E6491539 
 7463      500F6519 
 7463      B7
 7464 053b EB9F70E8 		.ascii	"\353\237p\350\364\002|\327\2633\255f\001\201\000\250"
 7464      F4027CD7 
 7464      B333AD66 
 7464      018100A8 
 7465 054b 513C6511 		.ascii	"Q<e\021C4\"\"\"IR\220\264\006\320\002\221\231\"\316"
 7465      43342222 
 7465      22495290 
 7465      B406D002 
 7465      919922CE 
ARM GAS  C:\Users\nicx5\AppData\Local\Temp\cc9k9ag2.s 			page 333


 7466 055f 0111C034 		.ascii	"\001\021\3004\250$\"\022\221$M\255\306[\005T_b\251\231"
 7466      A8242212 
 7466      91244DAD 
 7466      C65B0554 
 7466      5F62A999 
 7467 0573 42682726 		.ascii	"Bh'&+H\216%d\024C4\320\230\015\013\274\324\321\321*"
 7467      2B488E25 
 7467      64144334 
 7467      D0980D0B 
 7467      BCD4D1D1 
 7468 0588 989FC978 		.ascii	"\230\237\311x\027c~(\237\265-\001Q[\220^\313\272$\333"
 7468      17637E28 
 7468      9FB52D01 
 7468      515B905E 
 7468      CBBA24DB 
 7469 059c 7CF12399 		.ascii	"|\361#\231N\000gf\022\204\002\222s\312\237\241\006\313"
 7469      4E006766 
 7469      12840292 
 7469      73CA9FA1 
 7469      06CB
 7470 05ae 8961316F 		.ascii	"\211a1oWCE\313\215\344Qe\020#Cu\177\213\346\015\240"
 7470      574345CB 
 7470      8DE45165 
 7470      10234375 
 7470      7F8BE60D 
 7471 05c3 903280DF 		.ascii	"\2202\200\337\236\312J5\331\223_G6t\376\303\021\026"
 7471      9ECA4A35 
 7471      D9935F47 
 7471      3674FEC3 
 7471      1116
 7472 05d5 B3DC8BA3 		.ascii	"\263\334\213\243\004\245\226\035`\223\255'\017c\000"
 7472      04A5961D 
 7472      6093AD27 
 7472      0F6300
 7473 05e4 18D260C0 		.ascii	"\030\322`\300,\3159h\266BE\240\033\344\004\340\245\217"
 7473      2CCD3968 
 7473      B64245A0 
 7473      1BE404E0 
 7473      A58F
 7474 05f6 E1693993 		.ascii	"\341i9\223\315\213\220\000\261\216\254\354\2610\012"
 7474      CD8B9000 
 7474      B18EACEC 
 7474      B1300A
 7475 0605 022F4307 		.ascii	"\002/C\007\252\240<y\330\331\200\310\020\026\010\351"
 7475      AAA03C79 
 7475      D8D980C8 
 7475      101608E9 
 7476 0615 95CF8429 		.ascii	"\225\317\204)\326`\371\264\320t\252\321\270\217\327"
 7476      D660F9B4 
 7476      D074AAD1 
 7476      B88FD7
 7477 0624 0204E01D 		.ascii	"\002\004\340\035\005\357\012f!a\302\"\376\256\367\006"
 7477      05EF0A66 
 7477      2161C222 
 7477      FEAEF706 
 7478 0634 EE2A58B8 		.ascii	"\356*X\270\240\251\216\320\361\373\362Y\216v\267\311"
 7478      A0A98ED0 
ARM GAS  C:\Users\nicx5\AppData\Local\Temp\cc9k9ag2.s 			page 334


 7478      F1FBF259 
 7478      8E76B7C9 
 7479 0644 49B63F27 		.ascii	"I\266?'\270\321b\005\3607gJ$n\302+\006\226\012\256G"
 7479      B8D16205 
 7479      F037674A 
 7479      246EC22B 
 7479      06960AAE 
 7480 0659 D689E195 		.ascii	"\326\211\341\225\3437\370^\321\221\372\331E-\203\240"
 7480      E337F85E 
 7480      D191FAD9 
 7480      452D83A0 
 7481 0669 19F912B4 		.ascii	"\031\371\022\264\035\311I\025A;\263\204\330?\377I\300"
 7481      1DC94915 
 7481      413BB384 
 7481      D83FFF49 
 7481      C0
 7482 067a 1D7146CF 		.ascii	"\035qF\317\266\375\001r\337\014\227\262J\314\017\030"
 7482      B6FD0172 
 7482      DF0C97B2 
 7482      4ACC0F18 
 7483 068a 549A226E 		.ascii	"T\232\"n\021\231\223\264\010\207\035\2475^3*=\020H\306"
 7483      119993B4 
 7483      08871DA7 
 7483      355E332A 
 7483      3D1048C6 
 7484 069e 2F221869 		.ascii	"/\"\030i~1\356f:P\367\021Y\256\220\027\347sN\212^R\034"
 7484      7E31EE66 
 7484      3A50F711 
 7484      59AE9017 
 7484      E7734E8A 
 7485 06b5 8FC900F4 		.ascii	"\217\311\000\364X \251\217\316\320:A\032\305\031\200"
 7485      5820A98F 
 7485      CED03A41 
 7485      1AC51980 
 7486 06c5 92642C55 		.ascii	"\222d,U\006\"\266.\032\362\006-\363\316\024\005l\007"
 7486      0622B62E 
 7486      1AF2062D 
 7486      F3CE1405 
 7486      6C07
 7487 06d7 0C0236C6 		.ascii	"\014\0026\3064#\203,t\357'.\237\037\0135\365R\024\306"
 7487      3423832C 
 7487      74EF272E 
 7487      9F1F0B35 
 7487      F55214C6 
 7488 06eb 06D98A23 		.ascii	"\006\331\212#\323si\242\007y\330\313\223gl\346\363\301"
 7488      D37369A2 
 7488      0779D8CB 
 7488      93676CE6 
 7488      F3C1
 7489 06fd B9D7BB0B 		.ascii	"\271\327\273\013\212\001\312\327^\255\312\365:\032\006"
 7489      8A01CAD7 
 7489      5EADCAF5 
 7489      3A1A06
 7490 070c 8D3EE173 		.ascii	"\215>\341s\351P\303b\326\223\0111%\310l\307\372\003"
 7490      E950C362 
 7490      D6930931 
 7490      25C86CC7 
ARM GAS  C:\Users\nicx5\AppData\Local\Temp\cc9k9ag2.s 			page 335


 7490      FA03
 7491              		.text
 7492              		.section	.gnu.lto_USB_DoPing.380.1f2fd384,"e",%progbits
 7493 0000 28B52FFD 		.ascii	"(\265/\375`\310\002E\025\000\206\345\210K\260\322U:"
 7493      60C80245 
 7493      150086E5 
 7493      884BB0D2 
 7493      553A
 7494 0012 BC48A8E7 		.ascii	"\274H\250\347va\227\347\332T\276\204)\333k\213\201$"
 7494      766197E7 
 7494      DA54BE84 
 7494      29DB6B8B 
 7494      8124
 7495 0024 7CBE2A32 		.ascii	"|\276*2^\377\213\337N\344\365WsC\366a\376\240\356&K"
 7495      5EFF8BDF 
 7495      4EE4F557 
 7495      7343F661 
 7495      FEA0EE26 
 7496 0039 8FABB7BD 		.ascii	"\217\253\267\275\357\021\315\217L\363/+Z[ \002\247E"
 7496      EF11CD8F 
 7496      4CF32F2B 
 7496      5A5B2002 
 7496      A745
 7497 004b E11BEA0E 		.ascii	"\341\033\352\016\021\276y\215\240M\210\334I\006p\000"
 7497      11BE798D 
 7497      A04D88DC 
 7497      49067000 
 7498 005b 6C006F00 		.ascii	"l\000o\000#\232k\030\217f\350\350>\025\274\\\2359\262"
 7498      239A6B18 
 7498      8F66E8E8 
 7498      3E15BC5C 
 7498      9D39B2
 7499 006e F4C2F4C1 		.ascii	"\364\302\364\301\014w5PO\322\315|9r\342\205\322\335"
 7499      0C773550 
 7499      4FD2CD7C 
 7499      3972E285 
 7499      D2DD
 7500 0080 B3F8D2CE 		.ascii	"\263\370\322\316\2314\254\200\356\037=\242\272\317\005"
 7500      9934AC80 
 7500      EE1F3DA2 
 7500      BACF05
 7501 008f EB62BE74 		.ascii	"\353b\276t\275@}I~@}\271\273{\322`g{\334QJ\276\012G"
 7501      BD407D49 
 7501      7E407DB9 
 7501      BB7BD260 
 7501      677BDC51 
 7502 00a7 C1A11755 		.ascii	"\301\241\027U\335\347\213\221\336;\355\355\377\364w"
 7502      DDE78B91 
 7502      DE3BEDED 
 7502      FFF477
 7503 00b6 105AE1E3 		.ascii	"\020Z\341\343'\210\347t\365\240\273\227\376\004\011"
 7503      2788E774 
 7503      F5A0BB97 
 7503      FE0409
 7504 00c5 7DF9BB8B 		.ascii	"}\371\273\213`w\207vi\220\225\331\311'\210\217\177\033"
 7504      60778776 
 7504      699095D9 
ARM GAS  C:\Users\nicx5\AppData\Local\Temp\cc9k9ag2.s 			page 336


 7504      C927888F 
 7504      7F1B
 7505 00d7 2B1A199B 		.ascii	"+\032\031\233\036\367\344\241\\bOvw/\003wEZ?\277\254"
 7505      1EF7E4A1 
 7505      5C624F76 
 7505      772F0377 
 7505      455A3FBF 
 7506 00ec 0FBFE683 		.ascii	"\017\277\346\203\377\352\304o=\323_V\272dI\227K\272"
 7506      FFEAC46F 
 7506      3DD35F56 
 7506      BA644997 
 7506      4BBA
 7507 00fe B4A4FB00 		.ascii	"\264\244\373\000!\037\232\204.\022\000u\2078V5\215R"
 7507      211F9A84 
 7507      2E120075 
 7507      87385635 
 7507      8D52
 7508 0110 0AC5CF7F 		.ascii	"\012\305\317\177\370\023\317\273;\373\246\267\270\323"
 7508      F813CFBB 
 7508      3BFBA6B7 
 7508      B8D3
 7509 011e 9F963502 		.ascii	"\237\2265\002E\224\002\2121\234:\007\243pG6\324\251"
 7509      4594028A 
 7509      319C3A07 
 7509      A3704736 
 7509      D4A9
 7510 0130 8E64A4D8 		.ascii	"\216d\244\330\220\343e\367\334\321\016;Z.\337\361x<"
 7510      90E365F7 
 7510      DCD10E3B 
 7510      5A2EDFF1 
 7510      783C
 7511 0142 9EA4B2B8 		.ascii	"\236\244\262\270\305l\344C\364\303\301\342\237\237\331"
 7511      C56CE443 
 7511      F4C3C1E2 
 7511      9F9FD9
 7512 0151 A579540A 		.ascii	"\245yT\012\213\015\000\203B\033]\324\375]\335\265\275"
 7512      8B0D0083 
 7512      421B5DD4 
 7512      FD5DDDB5 
 7512      BD
 7513 0162 6863768B 		.ascii	"hcv\213p\260\207\241\203SB\002)W_\256\214~\250\204\374"
 7513      70B087A1 
 7513      83534202 
 7513      29575FAE 
 7513      8C7EA884 
 7514 0177 5B66920F 		.ascii	"[f\222\017\240OR)3S~\017\010\327I\252\311\347\367$\375"
 7514      A04F5229 
 7514      33537E0F 
 7514      08D749AA 
 7514      C9E7F724 
 7515 018c F8B76451 		.ascii	"\370\267dQ\311\330*\376]\275\3608E\261\242\011\223?"
 7515      C9D82AFE 
 7515      5DBDF038 
 7515      45B1A209 
 7515      933F
 7516 019e 5CB109AC 		.ascii	"\\\261\011\254|\342]>z\334\222\003,2\225\225Y\210Mw"
 7516      7CE25D3E 
ARM GAS  C:\Users\nicx5\AppData\Local\Temp\cc9k9ag2.s 			page 337


 7516      7ADC9203 
 7516      2C329595 
 7516      59884D77 
 7517 01b2 93A195B9 		.ascii	"\223\241\225\271\234\032\015-\346ff\323\335X\030j\270"
 7517      9C1A0D2D 
 7517      E66666D3 
 7517      DD58186A 
 7517      B8
 7518 01c3 1B5B4EB5 		.ascii	"\033[N\265\351n3\031Z]\224Z\354B\014\003\030\314\344"
 7518      E96E3319 
 7518      5A5D945A 
 7518      EC420C03 
 7518      18CCE4
 7519 01d6 006F4536 		.ascii	"\000oE6\201\\\232\211\205\234nVS#s\002\263\345\344^"
 7519      815C9A89 
 7519      859C6E56 
 7519      53237302 
 7519      B3E5E45E 
 7520 01ea 349CEC35 		.ascii	"4\234\3545sQi\231\361x(-\257\034\256\2463\203\203\020"
 7520      73516999 
 7520      F178282D 
 7520      AF1CAEA6 
 7520      33838310 
 7521 01fe 5B9ECD4A 		.ascii	"[\236\315J\013\314\011,\202\004\031L\216\006gC\001&"
 7521      0BCC092C 
 7521      8204194C 
 7521      8E066743 
 7521      0126
 7522 0210 8585C0EE 		.ascii	"\205\205\300\356\236}\222\201\373^5o\024\371\330gcE"
 7522      9E7D9281 
 7522      FB5E356F 
 7522      14F9D867 
 7522      6345
 7523 0222 20532529 		.ascii	" S%)@\"!\017\221\356\026\213x\010= \300\002\221:\326"
 7523      4022210F 
 7523      91EE168B 
 7523      78083D20 
 7523      C002913A 
 7524 0237 012B0425 		.ascii	"\001+\004%\274r\354\314\214\354\345\021\013uK\227\266"
 7524      BC72ECCC 
 7524      8CECE511 
 7524      0B754B97 
 7524      B6
 7525 0248 0EAF6B64 		.ascii	"\016\257kd\002/\027\326\225\304\001\372\017\307\266"
 7525      022F17D6 
 7525      95C401FA 
 7525      0FC7B6
 7526 0257 61EF619D 		.ascii	"a\357a\235H5\354a\213\327\256\211R`\256\316\260:\202"
 7526      4835EC61 
 7526      8BD7AE89 
 7526      5260AECE 
 7526      B03A82
 7527 026a 4A5E9183 		.ascii	"J^\221\203\314\010\221B\014SX\010\017\006\310 \302\012"
 7527      CC089142 
 7527      0C535808 
 7527      0F06C820 
 7527      C20A
ARM GAS  C:\Users\nicx5\AppData\Local\Temp\cc9k9ag2.s 			page 338


 7528 027c 9931DEAE 		.ascii	"\2311\336\256\225\2349\306\227\0343\273\010\343>ej\011"
 7528      959C39C6 
 7528      971C33BB 
 7528      08E33E65 
 7528      6A09
 7529 028e 4140C34C 		.ascii	"A@\303L1hsf\246\304p\0143\013#\241\201\025\231>\223"
 7529      31687366 
 7529      A6C4700C 
 7529      330B23A1 
 7529      8115993E 
 7530 02a3 9DCD0D10 		.ascii	"\235\315\015\020k>4\302=Hh\314\353\312d"
 7530      6B3E34C2 
 7530      3D4868CC 
 7530      EBCA64
 7531              		.text
 7532              		.section	.gnu.lto_USB_StopHost.381.1f2fd384,"e",%progbits
 7533 0000 28B52FFD 		.ascii	"(\265/\375`\321\012\2256\000ZZ\374\023DPdR\007\223\222"
 7533      60D10A95 
 7533      36005A5A 
 7533      FC134450 
 7533      64520793 
 7534 0015 5D72FD40 		.ascii	"]r\375@3\331\272\273C3.PeqC8XA\014\253\206\222d$re\370"
 7534      33D9BABB 
 7534      43332E50 
 7534      65714338 
 7534      58410CAB 
 7535 0030 D1243BB7 		.ascii	"\321$;\267\231Q\212\210\012\212\200\200g#Z\245\225w"
 7535      99518A88 
 7535      0A8A8080 
 7535      67235AA5 
 7535      9577
 7536 0042 E368BB3D 		.ascii	"\343h\273=!\245xb\244\225\330\275\367\336I\246\024/"
 7536      21A57862 
 7536      A495D8BD 
 7536      F7DE49A6 
 7536      142F
 7537 0054 01190129 		.ascii	"\001\031\001)\001]N\305\005FC\262r\303\354\351\255\253"
 7537      015D4EC5 
 7537      054643B2 
 7537      72C3ECE9 
 7537      ADAB
 7538 0066 FBE72CEE 		.ascii	"\373\347,\356\206\321n\305\2578\026\327\342n\375#\232"
 7538      86D16EC5 
 7538      AF3816D7 
 7538      E26EFD23 
 7538      9A
 7539 0077 56F99624 		.ascii	"V\371\226$\3165\362G\3414\235x\0305\013\333\213:Q/*"
 7539      CE35F247 
 7539      E1349D78 
 7539      18350BDB 
 7539      8B3A512F 
 7540 008c 5C338A9D 		.ascii	"\\3\212\235\234\323\260x\235%\372\003\375Z3\027\277"
 7540      9CD3B078 
 7540      9D25FA03 
 7540      FD5A3317 
 7540      BF
 7541 009d D36C63A2 		.ascii	"\323lc\242\342u\266hFU\367\363\013\347\264\374i\250"
ARM GAS  C:\Users\nicx5\AppData\Local\Temp\cc9k9ag2.s 			page 339


 7541      E275B668 
 7541      4655F7F3 
 7541      0BE7B4FC 
 7541      69A8
 7542 00af 4D297672 		.ascii	"M)vr\20669\333(^\".U\030w\273\024\237\002\303\251\270"
 7542      863639DB 
 7542      285E222E 
 7542      551877BB 
 7542      149F02C3 
 7543 00c5 68A19CEF 		.ascii	"h\241\234\357\352\276\344\014}\352\012\257\263E\007"
 7543      EABEE40C 
 7543      7DEA0AAF 
 7543      B34507
 7544 00d4 D03ABB3A 		.ascii	"\320:\273:\261u6\352\000\214N~\376\322\246\324\320d"
 7544      B17536EA 
 7544      008C4E7E 
 7544      FED2A6D4 
 7544      D064
 7545 00e6 F2E8C227 		.ascii	"\362\350\302'g\350\361\221\264/\330C_\241\336\357\232"
 7545      67E8F191 
 7545      B42FD843 
 7545      5FA1DEEF 
 7545      9A
 7546 00f7 74A02070 		.ascii	"t\240 p\370\363\365\204\257\333\262\353\343d{\260\214"
 7546      F8F3F584 
 7546      AFDBB2EB 
 7546      E3647BB0 
 7546      8C
 7547 0108 8CD8188E 		.ascii	"\214\330\030\216\030\016\304\354\201\203F\312\20280"
 7547      180EC4EC 
 7547      818346CA 
 7547      823830
 7548 0117 ACCC870F 		.ascii	"\254\314\207\017\251d@\234\220\251\341\337\332\240J"
 7548      A964409C 
 7548      90A9E1DF 
 7548      DAA04A
 7549 0126 9BD3A964 		.ascii	"\233\323\251d?\326\217\272\211q7/\340\204\014\010\366"
 7549      3FD68FBA 
 7549      8971372F 
 7549      E0840C08 
 7549      F6
 7550 0137 1129F3E1 		.ascii	"\021)\363\341=W\006q\341\372i\306\020q*\231\220\265"
 7550      3D570671 
 7550      E1FA69C6 
 7550      10712A99 
 7550      90B5
 7551 0149 01B35927 		.ascii	"\001\263Y'\206\337\002F\312\316\334u\251\334G\263\217"
 7551      86DF0246 
 7551      CACEDC75 
 7551      A9DC47B3 
 7551      8F
 7552 015a 1D91B233 		.ascii	"\035\221\2623ow8\033\006\206W3\177 \0342\326b\316\331"
 7552      6F77381B 
 7552      06865733 
 7552      7F201C32 
 7552      D662CED9 
 7553 016e DD1CD3C0 		.ascii	"\335\034\323\300\261\304\330\245\31297\036\303Q\346"
ARM GAS  C:\Users\nicx5\AppData\Local\Temp\cc9k9ag2.s 			page 340


 7553      B1C4D8A5 
 7553      CA39371E 
 7553      C351E6
 7554 017d 1DE4DD8E 		.ascii	"\035\344\335\216\241\273gt\367\332\004\256\232\217\335"
 7554      A1BB6774 
 7554      F7DA04AE 
 7554      9A8FDD
 7555 018c 1156ABD5 		.ascii	"\021V\253\325<7\266N\377\364\254\016\261\263e#=\214"
 7555      3C37B64E 
 7555      FFF4AC0E 
 7555      B1B36523 
 7555      3D8C
 7556 019e D79BF310 		.ascii	"\327\233\363\020\004\355\323\012\"\332\221\270h\235"
 7556      04EDD30A 
 7556      22DA91B8 
 7556      689D
 7557 01ac 757AD7F9 		.ascii	"uz\327\371\214\376\262\035\214\023\205\014\241\372\027"
 7557      8CFEB21D 
 7557      8C13850C 
 7557      A1FA17
 7558 01bb C7479877 		.ascii	"\307G\230wj\262K\275\250\374\263\306\341\241f;\257\326"
 7558      6AB24BBD 
 7558      A8FCB3C6 
 7558      E1A1663B 
 7558      AFD6
 7559 01cd A3CEA486 		.ascii	"\243\316\244\206':\347\350=\213\027\215\376\350_\213"
 7559      273AE7E8 
 7559      3D8B178D 
 7559      FEE85F8B 
 7560 01dd 589EF297 		.ascii	"X\236\362\227=\025\367\246=\331\372\026w(hJ\\\355\251"
 7560      3D15F7A6 
 7560      3DD9FA16 
 7560      7728684A 
 7560      5CEDA9
 7561 01f0 3836D48C 		.ascii	"86\324\214\253\015]\342_k\177(xt\372\235\335/\356\343"
 7561      AB0D5DE2 
 7561      5F6B7F28 
 7561      7874FA9D 
 7561      DD2FEEE3 
 7562 0204 8B1BEAC5 		.ascii	"\213\033\352\305\375\364\342vjb2.)9\324;\351\305]\374"
 7562      FDF4E276 
 7562      6A62322E 
 7562      2939D43B 
 7562      E9C55DFC 
 7563 0218 E146F22C 		.ascii	"\341F\362,\336GN\305\335\350\305]4\344Oo\242\220o\361"
 7563      DE474EC5 
 7563      DDE8C55D 
 7563      34E44F6F 
 7563      A2906FF1 
 7564 022c 0EF2E11E 		.ascii	"\016\362\341\036\276\270\205/n\240\027w\360\305\015"
 7564      BEB8852F 
 7564      6EA01777 
 7564      F0C50D
 7565 023b 7C71FF7A 		.ascii	"|q\377z\270}/\356\336\213\373}q\273=\334\355\213\233"
 7565      B87D2FEE 
 7565      DE8BFB7D 
 7565      71BB3DDC 
ARM GAS  C:\Users\nicx5\AppData\Local\Temp\cc9k9ag2.s 			page 341


 7565      ED8B9B
 7566 024e 7D71AF2F 		.ascii	"}q\257/\356wqc\027\267G\365\220\274E\337\020\330\310"
 7566      EE777163 
 7566      17B747F5 
 7566      90BC45DF 
 7566      10D8C8
 7567 0261 5948954F 		.ascii	"YH\225OF\303\312-\361\247;\324=\352\236\305}\213\267"
 7567      46C3CA2D 
 7567      F1A73BD4 
 7567      3DEA9EC5 
 7567      7D8BB7
 7568 0274 C73918AE 		.ascii	"\3079\030\256/\310\034g\244tR.)\2258\256\356\237{\351"
 7568      2FC81C67 
 7568      A474522E 
 7568      299538AE 
 7568      EE9F7BE9 
 7569 0288 FE759773 		.ascii	"\376u\227si\357\202\324\361l\3139\377\332\341\250tM"
 7569      69EF82D4 
 7569      F16CCB39 
 7569      FFDAE1A8 
 7569      744D
 7570 029a A681BB2A 		.ascii	"\246\201\273*\214\035..|g{\\\037\267\351[\272\326\353"
 7570      8C1D2E2E 
 7570      7C677B5C 
 7570      1FB7E95B 
 7570      BAD6EB
 7571 02ad 9CF837BA 		.ascii	"\234\3707\272\214\023\037\202\273\271\3178B\204\370"
 7571      8C131F82 
 7571      BBB9CF38 
 7571      4284F8
 7572 02bc FE647046 		.ascii	"\376dpF&\354mz\177\372WK\374&\021l\322=r\010(p\236E"
 7572      26EC6D7A 
 7572      7FFA574B 
 7572      FC26116C 
 7572      D23D7208 
 7573 02d4 93301595 		.ascii	"\2230\025\225k\274\370L\017E\314\314\255\342\031\277"
 7573      6BBCF84C 
 7573      0F45CCCC 
 7573      ADE219BF 
 7574 02e4 F88DC5CE 		.ascii	"\370\215\305\316\346\234\336\306\241lsE\320(\335$\225"
 7574      E69CDEC6 
 7574      A16C7345 
 7574      D028DD24 
 7574      95
 7575 02f5 18BB845B 		.ascii	"\030\273\204[\255V\253Vm\\\213\3141%\331@S\025\341\342"
 7575      AD56AB56 
 7575      6D5C8BCC 
 7575      3125D940 
 7575      5315E1E2 
 7576 0309 6C924ABE 		.ascii	"l\222J\276\336\234\263\326\232sv\366jn\210\361\035\352"
 7576      DE9CB3D6 
 7576      9A7376F6 
 7576      6A6E88F1 
 7576      1DEA
 7577 031b 27D0948D 		.ascii	"'\320\224\215\301\325P\2672\034\325r\316'Zg\215\037"
 7577      C1D550B7 
 7577      321CD572 
ARM GAS  C:\Users\nicx5\AppData\Local\Temp\cc9k9ag2.s 			page 342


 7577      CE275A67 
 7577      8D1F
 7578 032d C0F964BF 		.ascii	"\300\371d\277}\367e7\266\353\263G\377\277\276\2071\213"
 7578      7DF76537 
 7578      B6EBB347 
 7578      FFBFBE87 
 7578      318B
 7579 033f 6E6C89FF 		.ascii	"nl\211\377\377\3230'\313_\366\225\024\017\001\265\314"
 7579      FFD33027 
 7579      CB5FF695 
 7579      140F01B5 
 7579      CC
 7580 0350 99FB6B3D 		.ascii	"\231\373k=\322\362\224\260n\306{]\203^\350o|\265\376"
 7580      D2F294B0 
 7580      6EC67B5D 
 7580      835EE86F 
 7580      7CB5FE
 7581 0363 74AD3C42 		.ascii	"t\255<B\255\031g\303\376Z\033\245\371\261\361n\306\237"
 7581      AD1967C3 
 7581      FE5A1BA5 
 7581      F9B1F16E 
 7581      C69F
 7582 0375 D2F43CB1 		.ascii	"\322\364<\261\313y\320\337\300D\274\241\003\3661\374"
 7582      CB79D0DF 
 7582      C044BCA1 
 7582      03F631FC 
 7583 0385 03D0643C 		.ascii	"\003\320d<X\263I\253\004=\225r\3755\344\225\364\211"
 7583      58B349AB 
 7583      043D9572 
 7583      FD35E495 
 7583      F489
 7584 0397 D3E5EDF9 		.ascii	"\323\345\355\371_k\227s\177\217\202\005\216\014\234"
 7584      5F6B9773 
 7584      7F8F8205 
 7584      8E0C9C
 7585 03a6 D7433CF4 		.ascii	"\327C<\364\257\326\350\273?da\037\363\037\200\006\366"
 7585      AFD6E8BB 
 7585      3F64611F 
 7585      F31F8006 
 7585      F6
 7586 03b7 603D2575 		.ascii	"`=%u\272\273y\222Y\034\036\232\027R\344\351\311x\005"
 7586      BABB7992 
 7586      591C1E9A 
 7586      1752E4E9 
 7586      C97805
 7587 03ca 2B905B2F 		.ascii	"+\220[/\301\312\301\003\254\336\012\024])\262Xd\227"
 7587      C1CAC103 
 7587      ACDE0A14 
 7587      5D29B258 
 7587      6497
 7588 03dc 890F2C58 		.ascii	"\211\017,X-\357\004\310\251\020\037\014HIA\011h\361"
 7588      2DEF04C8 
 7588      A9101F0C 
 7588      48494109 
 7588      68F1
 7589 03ee C00AC3DA 		.ascii	"\300\012\303\332YP \270\272\260L\230\030\021%ub\005"
 7589      595020B8 
ARM GAS  C:\Users\nicx5\AppData\Local\Temp\cc9k9ag2.s 			page 343


 7589      BAB04C98 
 7589      18112575 
 7589      6205
 7590 0400 D7316BCB 		.ascii	"\3271k\313\352\210U\301\001\005\254\026-\022P8rm!Yh"
 7590      EA8855C1 
 7590      0105AC16 
 7590      2D125038 
 7590      726D2159 
 7591 0415 6D4598EA 		.ascii	"mE\230\352\026)\036P\340\020%e\341\312\212\003W\211"
 7591      16291E50 
 7591      E0102565 
 7591      E1CA8A03 
 7591      5789
 7592 0427 AD141938 		.ascii	"\255\024\03180\2200\324\335P\245\277S\350\3378h\312"
 7592      309030D4 
 7592      DD50A5BF 
 7592      53E8DF38 
 7592      68CA
 7593 0439 17EBA930 		.ascii	"\027\353\2510C\340\246wL(\307\007\363r\325\334\330B"
 7593      43E0A677 
 7593      4C28C707 
 7593      F372D5DC 
 7593      D842
 7594 044b FDD16CD9 		.ascii	"\375\321l\331H\254\364z\241\2748\221\331\244\213\023"
 7594      48ACF47A 
 7594      A1BC3891 
 7594      D9A48B13 
 7595 045b CE8BD33B 		.ascii	"\316\213\323;\317\363n\0138\273S;\341W\333}\301\361"
 7595      CFF36E0B 
 7595      38BB533B 
 7595      E157DB7D 
 7595      C1F1
 7596 046d FE78A812 		.ascii	"\376x\250\022P\242u\326I\015\217\360\207\357\321\013"
 7596      50A275D6 
 7596      490D8FF0 
 7596      87EFD10B 
 7597 047d A7A675EA 		.ascii	"\247\246u\352\000\331\350\003\\\372\226N\350u>44\324"
 7597      00D9E803 
 7597      5CFA964E 
 7597      E8753E34 
 7597      34D4
 7598 048f 23B834F4 		.ascii	"#\2704\364K\023\330\346\254\034\001\276\005I\0133t\255"
 7598      4B13D8E6 
 7598      AC1C01BE 
 7598      05490B33 
 7598      74AD
 7599 04a1 16E9DDCD 		.ascii	"\026\351\335\315\211\344\260\230\001z\244o\314\347\005"
 7599      89E4B098 
 7599      017AA46F 
 7599      CCE705
 7600 04b0 FA05CE67 		.ascii	"\372\005\316g4mZEM\234\350\333\357\327\\7\356\325\006"
 7600      346D5A45 
 7600      4D9CE8DB 
 7600      EFD75C37 
 7600      EED506
 7601 04c3 DFE5B0D4 		.ascii	"\337\345\260\324\311\300y\301gJ\002|\217\372\034\377"
 7601      C9C079C1 
ARM GAS  C:\Users\nicx5\AppData\Local\Temp\cc9k9ag2.s 			page 344


 7601      674A027C 
 7601      8FFA1CFF 
 7602 04d3 3D30EABF 		.ascii	"=0\352\277\027\260bZ\204\232}JyH\344Q\262\363\242W\022"
 7602      17B0625A 
 7602      849A7D4A 
 7602      7948E451 
 7602      B2F3A257 
 7603 04e8 267D91DD 		.ascii	"&}\221\335\235d\033pN\262\355M\322\327!\221\341\230"
 7603      9D641B70 
 7603      4EB2ED4D 
 7603      D2D72191 
 7603      E198
 7604 04fa D47B9FA3 		.ascii	"\324{\237\243\361\367{\356\277~\306\207\336\235k\263"
 7604      F1F77BEE 
 7604      BF7EC687 
 7604      DE9D6BB3 
 7605 050a D6FBB580 		.ascii	"\326\373\265\200\354\250a4\010\021SfFDD\222$Ic\220\002"
 7605      ECA86134 
 7605      08115366 
 7605      46444492 
 7605      24496390 
 7606 051f 11B122DB 		.ascii	"\021\261\"\333\021\340@\250\034\233RP\220dZ\003M\201"
 7606      11E040A8 
 7606      1C9B5250 
 7606      90645A03 
 7606      4D81
 7607 0531 1420B189 		.ascii	"\024 \261\211IC\271\363w\271\020\323\"Y\275\000\031"
 7607      4943B9F3 
 7607      77B910D3 
 7607      2259BD00 
 7607      19
 7608 0542 DCE18B93 		.ascii	"\334\341\213\223\001\272\0307\224H\271b\015'l\264\323"
 7608      01BA1837 
 7608      9448B962 
 7608      0D276CB4 
 7608      D3
 7609 0553 025FC98C 		.ascii	"\002_\311\214HM\306\011\256_\244S\020E\306\2510L\032"
 7609      484DC609 
 7609      AE5FA453 
 7609      1045C6A9 
 7609      304C1A
 7610 0566 90202B3F 		.ascii	"\220 +?2|=\210\320\177^Q\334\015E\225z\245\226\217\""
 7610      327C3D88 
 7610      D07F5E51 
 7610      DC0D4595 
 7610      7AA5968F 
 7611 057b 18463A73 		.ascii	"\030F:s4d\250\243\242[\013J`o\301%\357\252\310Y5'\265"
 7611      3464A8A3 
 7611      A25B0B4A 
 7611      606FC125 
 7611      EFAAC859 
 7612 0592 D5560259 		.ascii	"\325V\002Yh\377n1n\006F\322\302\244\311\177\312\261"
 7612      68FF6E31 
 7612      6E0646D2 
 7612      C2A4C97F 
 7612      CAB1
 7613 05a4 68A6238E 		.ascii	"h\246#\216^\024\032m\006f\237Oq\242\200\242\244\030"
ARM GAS  C:\Users\nicx5\AppData\Local\Temp\cc9k9ag2.s 			page 345


 7613      5E141A6D 
 7613      06669F4F 
 7613      71A280A2 
 7613      A418
 7614 05b6 47AF076C 		.ascii	"G\257\007l\274@1\2271\277\273\335d\275\240\206\242u"
 7614      BC403197 
 7614      31BFBBDD 
 7614      64BDA086 
 7614      A275
 7615 05c8 6E25BE19 		.ascii	"n%\276\031\\\322a\230\"l},q\317\320\303\347\367a'\226"
 7615      5CD26198 
 7615      226C7D2C 
 7615      71CFD0C3 
 7615      E7F76127 
 7616 05dd 1CDB31F9 		.ascii	"\034\3331\371\016]\206\373\230\035\023\202\266\325\207"
 7616      0E5D86FB 
 7616      981D1382 
 7616      B6D587
 7617 05ec DD98BE2D 		.ascii	"\335\230\276-p\030\225\037a\336 \026Jp\277\376\2036"
 7617      7018951F 
 7617      61DE2016 
 7617      4A70BFFE 
 7617      8336
 7618 05fe DAE67F18 		.ascii	"\332\346\177\030K\3034\011\251\315\363\020C\011\204"
 7618      4BC33409 
 7618      A9CDF310 
 7618      430984
 7619 060d 1AACB213 		.ascii	"\032\254\262\023\232\372*\357\017C@\335ih\264.1A\005"
 7619      9AFA2AEF 
 7619      0F4340DD 
 7619      6968B42E 
 7619      314105
 7620 0620 99064379 		.ascii	"\231\006Cy\354\210\314r \325\223D\327)\031o\344\375"
 7620      EC88CC72 
 7620      20D59344 
 7620      D729196F 
 7620      E4FD
 7621 0632 467AB83F 		.ascii	"Fz\270?:\322\365\034\357\301>e\254\300\200\033J\205"
 7621      3AD2F51C 
 7621      EFC13E65 
 7621      ACC0801B 
 7621      4A85
 7622 0644 FE0862E4 		.ascii	"\376\010b\344\033/\323>\027\315\377\316,9\206\236\360"
 7622      1B2FD33E 
 7622      17CDFFCE 
 7622      2C39869E 
 7622      F0
 7623 0655 69BBF228 		.ascii	"i\273\362(\272\221\\z(\240v#\347\017\024\210[\367ip"
 7623      BA915C7A 
 7623      28A07623 
 7623      E70F1488 
 7623      5BF76970 
 7624 0669 FA0ED5A1 		.ascii	"\372\016\325\241\214\205*\221\346T\016\322\205\305o"
 7624      8C852A91 
 7624      E6540ED2 
 7624      85C56F
 7625 0678 EDC2C477 		.ascii	"\355\302\304wL\374\342YW\247I\024tx\210\203\307v\355"
ARM GAS  C:\Users\nicx5\AppData\Local\Temp\cc9k9ag2.s 			page 346


 7625      4CFCE259 
 7625      57A74914 
 7625      74788883 
 7625      C776ED
 7626 068b 12BECE10 		.ascii	"\022\276\316\020`\005<\224\223v\260X'\244\3361\022\302"
 7626      60053C94 
 7626      9376B058 
 7626      27A4DE31 
 7626      12C2
 7627 069d D10183B0 		.ascii	"\321\001\203\260\335\304\247\361\225I\352\026/\343}"
 7627      DDC4A7F1 
 7627      9549EA16 
 7627      2FE37D
 7628 06ac BC728AD3 		.ascii	"\274r\212\323 W\211\225\035\034\271F\200\355\013.\235"
 7628      20578995 
 7628      1D1CB946 
 7628      80ED0B2E 
 7628      9D
 7629 06bd 3EA8E593 		.ascii	">\250\345\223<\305\351N<\001\241\031\377\304%&\002N"
 7629      3CC5E94E 
 7629      3C01A119 
 7629      FFC42526 
 7629      024E
 7630 06cf CB93BEAC 		.ascii	"\313\223\276\254m\341B\277\344\276\355}j"
 7630      6DE142BF 
 7630      E4BEED7D 
 7630      6A
 7631              		.text
 7632              		.section	.gnu.lto_USB_ActivateRemoteWakeup.382.1f2fd384,"e",%progbits
 7633 0000 28B52FFD 		.ascii	"(\265/\375`\266\001\235\020\000\306\236pH\300\224Q:"
 7633      60B6019D 
 7633      1000C69E 
 7633      7048C094 
 7633      513A
 7634 0012 3D72B93E 		.ascii	"=r\271>`3\225\006\361o\247\022\014\342\251)\004M~t8"
 7634      60339506 
 7634      F16FA712 
 7634      0CE2A929 
 7634      044D7E74 
 7635 0027 ECFCEFC0 		.ascii	"\354\374\357\300{\333\377s\320\324\256\353\206\272`"
 7635      7BDBFF73 
 7635      D0D4AEEB 
 7635      86BA60
 7636 0036 A332893D 		.ascii	"\2432\211=\010~b\340\0017\032\245%\353\334\0123\007"
 7636      087E62E0 
 7636      01371AA5 
 7636      25EBDC0A 
 7636      3307
 7637 0048 F467275B 		.ascii	"\364g'[\035\272\020\205\304\222\275\345N)Y\000W\000"
 7637      1DBA1085 
 7637      C492BDE5 
 7637      4E295900 
 7637      5700
 7638 005a 5700421F 		.ascii	"W\000B\037\344iG\344\3000\332\335!p\313\367y\272\001"
 7638      E46947E4 
 7638      C030DADD 
 7638      2170CBF7 
ARM GAS  C:\Users\nicx5\AppData\Local\Temp\cc9k9ag2.s 			page 347


 7638      79BA01
 7639 006d EF539E80 		.ascii	"\357S\236\200\367i\333*\0056\256\351\032\311\260E\370"
 7639      F769DB2A 
 7639      0536AEE9 
 7639      1AC9B045 
 7639      F8
 7640 007e 79414247 		.ascii	"yABG\322\356.\245@\257]j\254\371&\225\213\330\361\321"
 7640      D2EE2EA5 
 7640      40AF5D6A 
 7640      ACF92695 
 7640      8BD8F1D1 
 7641 0092 A383BBB9 		.ascii	"\243\203\273\271\344\271\012\300\341\310\323\356~\350"
 7641      E4B90AC0 
 7641      E1C8D3EE 
 7641      7EE8
 7642 00a0 31042E8C 		.ascii	"1\004.\214\321\244\262\273\216:\270\235{\336v\003\333"
 7642      D1A4B2BB 
 7642      8E3AB89D 
 7642      7BDE7603 
 7642      DB
 7643 00b1 1CEC0709 		.ascii	"\034\354\007\011GB\2206.yw\023\325\307\227\2539\373"
 7643      47429036 
 7643      2E797713 
 7643      D5C797AB 
 7643      39FB
 7644 00c3 BA1BBCD0 		.ascii	"\272\033\274\320\377\311hOFO\031-e\264\316\350(\243"
 7644      FFC9684F 
 7644      464F192D 
 7644      65B4CEE8 
 7644      28A3
 7645 00d5 1F000CEA 		.ascii	"\037\000\014\352A\224\003%h\027\305R\322\376\230;\\"
 7645      41940325 
 7645      6817C552 
 7645      D2FE983B 
 7645      5C
 7646 00e6 5CF7DB36 		.ascii	"\\\367\3336\376\220\001\224\364\270\330\272\016qW\254"
 7646      FE900194 
 7646      F4B8D8BA 
 7646      0E7157AC 
 7647 00f6 0241FA89 		.ascii	"\002A\372\211Qdwg\362i\014_\211\011\227\030\355\317"
 7647      51647767 
 7647      F2690C5F 
 7647      89099718 
 7647      EDCF
 7648 0108 380D9B07 		.ascii	"8\015\233\007\2771\025\365r\224$\356\356\215\252\217"
 7648      BF3115F5 
 7648      729424EE 
 7648      EE8DAA8F 
 7649 0118 8FF2A4AA 		.ascii	"\217\362\244\252\212\206\340D%\377(OU\252\211\305\255"
 7649      8A86E044 
 7649      25FF284F 
 7649      55AA89C5 
 7649      AD
 7650 0129 44A8A16D 		.ascii	"D\250\241m\232\027e\370vU\240\370D\036f\037\320\247"
 7650      9A1765F8 
 7650      7655A0F8 
 7650      441E661F 
ARM GAS  C:\Users\nicx5\AppData\Local\Temp\cc9k9ag2.s 			page 348


 7650      D0A7
 7651 013b 5FE37DAA 		.ascii	"_\343}\252\232\344tD\032\372\032\365\003\366(\017\324"
 7651      9AE47444 
 7651      1AFA1AF5 
 7651      03F6280F 
 7651      D4
 7652 014c AB82C839 		.ascii	"\253\202\3109\021\032\001\365\272\237lq\311\237\202"
 7652      111A01F5 
 7652      BA9F6C71 
 7652      C99F82
 7653 015b AA366E4A 		.ascii	"\2526nJ6\015\315\012,\257\225V\014tJ\014\213\202\204"
 7653      360DCD0A 
 7653      2CAF9556 
 7653      0C744A0C 
 7653      8B8284
 7654 016e 04ABD5C9 		.ascii	"\004\253\325\311\001Z\353\365@\032\346d\302\254&&#S"
 7654      015AEBF5 
 7654      401AE664 
 7654      C2AC2626 
 7654      2353
 7655 0180 41B59AD1 		.ascii	"A\265\232\3210K\301\310^\251X\313\212+F\243\245\270"
 7655      304BC1C8 
 7655      5EA958CB 
 7655      8A2B46A3 
 7655      A5B8
 7656 0192 523359CC 		.ascii	"R3Y\314\006\0132\006,\323hZ.\230j\345\340\345\005\233"
 7656      060B3206 
 7656      2CD3685A 
 7656      2E986AE5 
 7656      E0E5059B 
 7657 01a6 5D90D140 		.ascii	"]\220\321@\200-`)`{\267\227\253\271\232\367\021Ia\323"
 7657      802D6029 
 7657      607BB797 
 7657      ABB99AF7 
 7657      114961D3 
 7658 01ba 9B593C72 		.ascii	"\233Y<r\322S\034\250\026\3279R\343S=\235Hn<3\001\036"
 7658      D2531CA8 
 7658      16D73952 
 7658      E3533D9D 
 7658      486E3C33 
 7659 01d0 0045051E 		.ascii	"\000E\005\036\360\312\323\316\234#}s\304\370\2669l\240"
 7659      F0CAD3CE 
 7659      9C237D73 
 7659      C4F8B639 
 7659      6CA0
 7660 01e2 017B620D 		.ascii	"\001{b\015\207R-C\030\323\242\246{\230\326\001\033Y"
 7660      87522D43 
 7660      18D3A2A6 
 7660      7B98D601 
 7660      1B59
 7661 01f4 A4F1C518 		.ascii	"\244\361\305\030\031C\334\370\225,\313\212R\215\202"
 7661      1943DCF8 
 7661      952CCB8A 
 7661      528D82
 7662 0203 BB08AABD 		.ascii	"\273\010\252\275\026\032\317\233A\241\261~R\304\020"
 7662      161ACF9B 
 7662      41A1B17E 
ARM GAS  C:\Users\nicx5\AppData\Local\Temp\cc9k9ag2.s 			page 349


 7662      52C410
 7663 0212 54C12435 		.ascii	"T\301$5zQ5\266\253\224\001"
 7663      7A5135B6 
 7663      AB9401
 7664              		.text
 7665              		.section	.gnu.lto_USB_DeActivateRemoteWakeup.383.1f2fd384,"e",%progbits
 7666 0000 28B52FFD 		.ascii	"(\265/\375`*\001M\016\000\266ZcF\340\224(\035@\264\350"
 7666      602A014D 
 7666      0E00B65A 
 7666      6346E094 
 7666      281D40B4 
 7667 0015 B000785C 		.ascii	"\260\000x\\\231Q\015bM\236\033\336!\030\220A]Z\262\356"
 7667      99510D62 
 7667      4D9E1BDE 
 7667      21189041 
 7667      5D5AB2EE 
 7668 0029 68BD25E1 		.ascii	"h\275%\341\313l\241]\302\023\217b\342\255*G\222\037"
 7668      CB6CA15D 
 7668      C2138F62 
 7668      E2AD2A47 
 7668      921F
 7669 003b 31DC25B4 		.ascii	"1\334%\264\311\271\334:\260\335;\352\210\2558L\2115"
 7669      C9B9DC3A 
 7669      B0DD3BEA 
 7669      88AD384C 
 7669      8935
 7670 004d 23617B6F 		.ascii	"#a{o\271S\012L\000J\000M\0004^\303\365\035\0231\264"
 7670      B9530A4C 
 7670      004A004D 
 7670      00345EC3 
 7670      F51D1331 
 7671 0062 286666F4 		.ascii	"(ff\364\354\316\026\230e\273\014\335\300\274\214'0/"
 7671      ECCE1698 
 7671      65BB0CDD 
 7671      C0BC8C27 
 7671      302F
 7672 0074 6D7BD4C0 		.ascii	"m{\324\300\345\227n\217\016\354\002N\022\033\035\265"
 7672      E5976E8F 
 7672      0EEC024E 
 7672      121B1DB5 
 7673 0084 DD994873 		.ascii	"\335\231Hs\376:|\371\347\371O\324\374\330\310hd\016"
 7673      FE3A7CF9 
 7673      E7F94FD4 
 7673      FCD8C868 
 7673      640E
 7674 0096 0144D85D 		.ascii	"\001D\330]C\031M\315\255\267\235\300\366\010\373\033"
 7674      43194DCD 
 7674      ADB79DC0 
 7674      F608FB1B 
 7675 00a6 0B3FCF64 		.ascii	"\013?\317d\240\306\360\343\352\215}\357\236\337\371"
 7675      A0C6F0E3 
 7675      EA8D7DEF 
 7675      9EDFF9
 7676 00b5 65848E11 		.ascii	"e\204\216\021Z%4\214\320\007\201tv\320r@(\262\273\342"
 7676      5A25348C 
 7676      D0078174 
 7676      76D07240 
ARM GAS  C:\Users\nicx5\AppData\Local\Temp\cc9k9ag2.s 			page 350


 7676      28B2BBE2 
 7677 00c9 AB2D10C9 		.ascii	"\253-\020\311C\306\275\337v\371<\016`\202\244\305\366"
 7677      43C6BDDF 
 7677      76F93C0E 
 7677      6082A4C5 
 7677      F6
 7678 00da 48C075B1 		.ascii	"H\300u\261\032\304\007\247fdw\246\340\322\0376\223!"
 7678      1AC407A7 
 7678      666477A6 
 7678      E0D21F36 
 7678      9321
 7679 00ec 2D10DA0F 		.ascii	"-\020\332\017\212\003\001\214\313\216\010\370\276o\311"
 7679      8A03018C 
 7679      CB8E08F8 
 7679      BE6FC9
 7680 00fb 4FA66A54 		.ascii	"O\246jT\331#\226\242\323\316\366\3526@l\273-\034\370"
 7680      D92396A2 
 7680      D3CEF6EA 
 7680      36406CBB 
 7680      2D1CF8
 7681 010e B412DC96 		.ascii	"\264\022\334\226s\351\307\314KU\220G\323\316W\250\037"
 7681      73E9C7CC 
 7681      4B559047 
 7681      D3CE57A8 
 7681      1F
 7682 011f B03F9953 		.ascii	"\260?\231S\257*dFE\247d\352\275\207`\360\263\324\251"
 7682      AF2A6446 
 7682      45A764EA 
 7682      BD8760F0 
 7682      B3D4A9
 7683 0132 7A23B604 		.ascii	"z#\266\004\246\235K>~|\002+(\025\223\012\344\224\227"
 7683      A69D4B3E 
 7683      7E7C022B 
 7683      2815930A 
 7683      E49497
 7684 0145 92060C0C 		.ascii	"\222\006\014\014H$\224\003-\023\252B\264\013J\006.F"
 7684      48249403 
 7684      2D13AA42 
 7684      B40B4A06 
 7684      2E46
 7685 0157 0503B361 		.ascii	"\005\003\263aD\362\020\202\023\271\260P\"\025\213\312"
 7685      44F21082 
 7685      13B9B050 
 7685      22158BCA 
 7686 0167 49D56AA5 		.ascii	"I\325j\245\234D\034\353E\004\007\226\204\222[+\323)"
 7686      9C441CEB 
 7686      45040796 
 7686      84925B2B 
 7686      D329
 7687 0179 35224DA0 		.ascii	"5\"M\240\200Jq\035X+\013\251\007+\005l\317\366q\365"
 7687      804A711D 
 7687      582B0BA9 
 7687      072B056C 
 7687      CFF671F5 
 7688 018d C67FCD8D 		.ascii	"\306\177\315\215\010\013\230\306\\\372\361\"\006\026"
 7688      080B98C6 
 7688      5CFAF122 
ARM GAS  C:\Users\nicx5\AppData\Local\Temp\cc9k9ag2.s 			page 351


 7688      0616
 7689 019b 0045051E 		.ascii	"\000E\005\036\360\312\323\316\234#}s\344\304\326\342"
 7689      F0CAD3CE 
 7689      9C237D73 
 7689      E4C4D6E2 
 7690 01ab A606A611 		.ascii	"\246\006\246\021,vUlV\271k\327%B\326\022\245B\005\355"
 7690      2C76556C 
 7690      56B96BD7 
 7690      2542D612 
 7690      A54205ED 
 7691 01bf 2228F15A 		.ascii	"\"(\361Zc\254i\001=&\370I\0213P\205y]\223\014"
 7691      63AC6901 
 7691      3D26F849 
 7691      11335085 
 7691      795D930C 
 7692              		.text
 7693              		.section	.gnu.lto_USB_StopDevice.part.0.385.1f2fd384,"e",%progbits
 7694 0000 28B52FFD 		.ascii	"(\265/\375`\304\001\315\017\000\006\334fG\320\320*\035"
 7694      60C401CD 
 7694      0F0006DC 
 7694      6647D0D0 
 7694      2A1D
 7695 0012 301EFF28 		.ascii	"0\036\377(\002lq\251G\303\345!$r\324Odz\013XV\020\\"
 7695      026C71A9 
 7695      47C3E521 
 7695      2472D44F 
 7695      647A0B58 
 7696 0029 9B22D3C4 		.ascii	"\233\"\323\304$*\364/4\201\274\025\204\221\\#\260\323"
 7696      242AF42F 
 7696      3481BC15 
 7696      84915C23 
 7696      B0D3
 7697 003b CF0F7A28 		.ascii	"\317\017z(\271R\005\2671t\341\355\2000\256\310\244\254"
 7697      B95205B7 
 7697      3174E1ED 
 7697      8030AEC8 
 7697      A4AC
 7698 004d 7F45418A 		.ascii	"\177EA\2126\2212\245K\000V\000J\000@\273\267\220G\243"
 7698      369132A5 
 7698      4B005600 
 7698      4A0040BB 
 7698      B79047A3 
 7699 0061 808F2027 		.ascii	"\200\217 '\020z\374. \364h\177\205I$a\214m\223Hb\226"
 7699      107AFC2E 
 7699      20F4687F 
 7699      85492461 
 7699      8C6D9348 
 7700 0077 E902D9CC 		.ascii	"\351\002\331\314\034\324v \\\360vo\243G5q\3315?\231"
 7700      1CD47620 
 7700      5CF0766F 
 7700      A3473571 
 7700      D9353F99 
 7701 008b 9F34990D 		.ascii	"\2374\231\015\327\373<i2\037\236\037\377\000\224\354"
 7701      D7FB3C69 
 7701      321F9E1F 
 7701      FF0094EC 
 7702 009b AEC1993B 		.ascii	"\256\301\231;\336\266\311v\314\316/\341s1\037\367\235"
ARM GAS  C:\Users\nicx5\AppData\Local\Temp\cc9k9ag2.s 			page 352


 7702      DEB6C976 
 7702      CCCE2FE1 
 7702      73311FF7 
 7702      9D
 7703 00ac F3D8E351 		.ascii	"\363\330\343Q\244\202\347-d\271\035Vud\324l\3544\340"
 7703      A482E72D 
 7703      64B91D56 
 7703      7564D46C 
 7703      EC34E0
 7704 00bf 76745EDF 		.ascii	"vt^\337\352N\243v\003\205\005\360Q\364\"\305>\356\366"
 7704      EA4EA376 
 7704      038505F0 
 7704      51F422C5 
 7704      3EEEF6
 7705 00d2 CA1DB11A 		.ascii	"\312\035\261\032\024T\343\355vo\006\036]\001tx\234\227"
 7705      1454E3ED 
 7705      766F061E 
 7705      5D017478 
 7705      9C97
 7706 00e4 8EDD9B98 		.ascii	"\216\335\233\230\335[\210\250D\212\346s|\026\277\211"
 7706      DD5B88A8 
 7706      448AE673 
 7706      7C16BF89 
 7707 00f4 1DE7C51F 		.ascii	"\035\347\305\037\2738j\004Z\363cs\202\314\262g0\003"
 7707      BB386A04 
 7707      5AF36373 
 7707      82CCB267 
 7707      3003
 7708 0106 FC15BAE0 		.ascii	"\374\025\272\340\312\323RY40\012\343\024?$bl\366Rk\364"
 7708      CAD35259 
 7708      34300AE3 
 7708      143F2462 
 7708      6CF6526B 
 7709 011b 539BFFAD 		.ascii	"S\233\377\255\332\354\230\326\353\356|\316\377P\332"
 7709      DAEC98D6 
 7709      EBEE7CCE 
 7709      FF50DA
 7710 012a CEB3D915 		.ascii	"\316\263\331\025\321\343-M\204q\342\272\277\347\317"
 7710      D1E32D4D 
 7710      8471E2BA 
 7710      BFE7CF
 7711 0139 5DEDDBCF 		.ascii	"]\355\333\317\205~\317u\367\261\207\3030.\254\226\236"
 7711      857ECF75 
 7711      F7B187C3 
 7711      302EAC96 
 7711      9E
 7712 014a A44C4EAB 		.ascii	"\244LN\253\216\225\333\304\032\211\360\340@\251$R\000"
 7712      8E95DBC4 
 7712      1A89F0E0 
 7712      40A92452 
 7712      00
 7713 015b 764A31F8 		.ascii	"vJ1\370\254\"\002\301\205a\305\302\"\201T\242\340\342"
 7713      AC2202C1 
 7713      8561C5C2 
 7713      228154A2 
 7713      E0E2
 7714 016d 1AA9B452 		.ascii	"\032\251\264R\243\025\212\011j\005\203\231P#W\213\225"
ARM GAS  C:\Users\nicx5\AppData\Local\Temp\cc9k9ag2.s 			page 353


 7714      A3158A09 
 7714      6A058399 
 7714      5023578B 
 7714      95
 7715 017e 61A59560 		.ascii	"a\245\225`\304\260\226\023JE*)X\220R\271&\264Z\032\250"
 7715      C4B09613 
 7715      4A452A29 
 7715      589052B9 
 7715      26B45A1A 
 7716 0193 109C0CB0 		.ascii	"\020\234\014\260\363\337\252-\304L\216\031\231\252\352"
 7716      F3DFAA2D 
 7716      C44C8E19 
 7716      99AAEA
 7717 01a2 415D3253 		.ascii	"A]2S\016\032' \200\2429\245\362\347\340\323+\323\316"
 7717      0E1A2720 
 7717      80A239A5 
 7717      F2E7E0D3 
 7717      2BD3CE
 7718 01b5 74246F1D 		.ascii	"t$o\035\311\220\265\210\335\357^\305Q\037\276\\\014"
 7718      C990B588 
 7718      DDEF5EC5 
 7718      511FBE5C 
 7718      0C
 7719 01c6 5F1CB15E 		.ascii	"_\034\261^\311\375\307[\006\034i\320x\245\026\316X5"
 7719      C9FDC75B 
 7719      061C69D0 
 7719      78A516CE 
 7719      5835
 7720 01d8 B71E1214 		.ascii	"\267\036\022\024\027\357\243\342\302\241M\030_\304\326"
 7720      17EFA3E2 
 7720      C2A14D18 
 7720      5FC4D6
 7721 01e7 EFEC15AE 		.ascii	"\357\354\025\256k\354\020\322\371\301\316\312\327\015"
 7721      6BEC10D2 
 7721      F9C1CECA 
 7721      D70D
 7722 01f5 AC3EF588 		.ascii	"\254>\365\210n\303+\236\022v\347\265a\014"
 7722      6EC32B9E 
 7722      1276E7B5 
 7722      610C
 7723              		.text
 7724              		.section	.gnu.lto_.symbol_nodes.1f2fd384,"e",%progbits
 7725 0000 28B52FFD 		.ascii	"(\265/\375`\345\004\365\020\000&\033fC\300\032\031:"
 7725      60E504F5 
 7725      1000261B 
 7725      6643C01A 
 7725      193A
 7726 0012 9851C834 		.ascii	"\230Q\3104\253\332. b\353s(\270x\267\004\333\\\213C"
 7726      ABDA2E20 
 7726      62EB7328 
 7726      B878B704 
 7726      DB5C8B43 
 7727 0026 54F02224 		.ascii	"T\360\"$\334\274R\001\214\266>\366\337\024Q@\324k\000"
 7727      DCBC5201 
 7727      8CB63EF6 
 7727      DF145140 
 7727      D46B00
ARM GAS  C:\Users\nicx5\AppData\Local\Temp\cc9k9ag2.s 			page 354


 7728 0039 00002002 		.ascii	"\000\000 \002\000\200\215\265\026\034\000\036\334c\240"
 7728      00808DB5 
 7728      161C001E 
 7728      DC63A0
 7729 0048 41195516 		.ascii	"A\031U\026$Q&)\003Q\000R\000Q\000[&\334I\022n-\021\356"
 7729      24512629 
 7729      03510052 
 7729      0051005B 
 7729      26DC4912 
 7730 0060 2C106E2C 		.ascii	",\020n,1\010!\320M\345\301}\345\347\266\022\2031\372"
 7730      310821D0 
 7730      4DE5C17D 
 7730      E5E7B612 
 7730      8331FA
 7731 0073 B039F8E6 		.ascii	"\2609\370\346hpW\311]\220&P\014\356)>7\322\202\373H"
 7731      687057C9 
 7731      5D902650 
 7731      0CEE293E 
 7731      37D282FB 
 7732 0088 C16DE448 		.ascii	"\301m\344Hc\202\003!\204\263[\212\012\306H\263e>3\012"
 7732      63820321 
 7732      84B35B8A 
 7732      0AC648B3 
 7732      653E330A 
 7733 009c 4D7F7049 		.ascii	"M\177pIGd7\032gf\252)\267\032\024w\232\023\267\316\304"
 7733      4764371A 
 7733      6766AA29 
 7733      B71A1477 
 7733      9A13B7CE 
 7734 00b1 7DA6C49D 		.ascii	"}\246\304\235#q;\215\270\315\210\270\313\204\270\311"
 7734      23713B8D 
 7734      B8CD88B8 
 7734      CB84B8C9 
 7735 00c1 80B8C77C 		.ascii	"\200\270\307|\270\305x\270\303t\270\301p\270\277l\270"
 7735      B8C578B8 
 7735      C374B8C1 
 7735      70B8BF6C 
 7735      B8
 7736 00d2 BD68B8BB 		.ascii	"\275h\270\273d\270qAw\023\020\021O\207\341f\332\357"
 7736      64B87141 
 7736      77131011 
 7736      4F87E166 
 7736      DAEF
 7737 00e4 FBBE0B37 		.ascii	"\373\276\0137\227\324\035=1Y\270\227\024\212\022\241"
 7737      97D41D3D 
 7737      3159B897 
 7737      148A12A1 
 7738 00f4 1F156E25 		.ascii	"\037\025n%\012w/\241\324\262\214\350\016\031E\365\360"
 7738      0A772FA1 
 7738      D4B28CE8 
 7738      0E1945F5 
 7738      F0
 7739 0105 49AD2BAA 		.ascii	"I\255+\252\362\212|OR\267US\353P\202\266\324\315LC\032"
 7739      F28A7C4F 
 7739      52B75553 
 7739      EB5082B6 
 7739      D4CD4C43 
ARM GAS  C:\Users\nicx5\AppData\Local\Temp\cc9k9ag2.s 			page 355


 7740 011a CC84D9F8 		.ascii	"\314\204\331\370B\255q\1774\356\250\242^n\306\335\223"
 7740      42AD717F 
 7740      34EEA8A2 
 7740      5E6EC6DD 
 7740      93
 7741 012b 71BB8971 		.ascii	"q\273\211q\277\361G\344\204\004\306\015\365\342\346"
 7741      BFF147E4 
 7741      8404C60D 
 7741      F5E2E6
 7742 013a B9B8772D 		.ascii	"\271\270w-\3566,n6+\356'\025\367\232\024\001\331\302"
 7742      EE362C6E 
 7742      362BEE27 
 7742      15F79A14 
 7742      01D9C2
 7743 014d E916F572 		.ascii	"\351\026\365r\253\331\352D\325l\275$jO\024\262\264#"
 7743      ABD9EA44 
 7743      D56CBD24 
 7743      6A4F14B2 
 7743      B423
 7744 015f 5B571C92 		.ascii	"[W\034\222@\2668n\272\007\020l\313\211\216\201%\020"
 7744      40B6386E 
 7744      BA07106C 
 7744      CB898E81 
 7744      2510
 7745 0171 573C3BA0 		.ascii	"W<;\240\246\342Y\001\267\234\327\272^\253In\332\263"
 7745      A6E25901 
 7745      B79CD7BA 
 7745      5EAB496E 
 7745      DAB3
 7746 0183 8307911D 		.ascii	"\203\007\221\035\327\336\270\255X\013\303i\214\265\260"
 7746      D7DEB8AD 
 7746      580BC369 
 7746      8CB5B0
 7747 0192 9A06401A 		.ascii	"\232\006@\032\352\341\012\324t\005d\027\001\2606H\225"
 7747      EAE10AD4 
 7747      74056417 
 7747      01B03648 
 7747      95
 7748 01a3 B30148A8 		.ascii	"\263\001H\250A\020!\265d\350\202R6\306\340\002\021\232"
 7748      411021B5 
 7748      64E88252 
 7748      36C6E002 
 7748      119A
 7749 01b5 E2361190 		.ascii	"\3426\021\220\0241\212\010\211\021:\"T>p\270\177\015"
 7749      14318A08 
 7749      89113A22 
 7749      543E70B8 
 7749      7F0D
 7750 01c7 A1B400B1 		.ascii	"\241\264\000\261\242\037\000\025W\000\222\254\343\021"
 7750      A21F0015 
 7750      570092AC 
 7750      E311
 7751 01d5 4F294D01 		.ascii	"O)M\001\226\356E\202\252Hq\220\234\267\244\326z\011"
 7751      96EE4582 
 7751      AA487190 
 7751      9CB7A4D6 
 7751      7A09
ARM GAS  C:\Users\nicx5\AppData\Local\Temp\cc9k9ag2.s 			page 356


 7752 01e7 C60C2625 		.ascii	"\306\014&%\307\257\323\244\266O\215v\031\303\301\244"
 7752      C7AFD3A4 
 7752      B64F8D76 
 7752      19C3C1A4 
 7753 01f7 416238AA 		.ascii	"Ab8\2520\010\177\015\350\013\244\344y\013aH\025\031"
 7753      30087F0D 
 7753      E80BA4E4 
 7753      790B6148 
 7753      1519
 7754 0209 E18676F3 		.ascii	"\341\206v\363\010\2440\216\355\3614\371Z\227\242\021"
 7754      08A4308E 
 7754      EDF134F9 
 7754      5A97A211 
 7755 0219 EEF08FA2 		.ascii	"\356\360\217\242\006\227t3\247\310\337\223\006\240\032"
 7755      06977433 
 7755      A7C8DF93 
 7755      06A01A
 7756              		.text
 7757              		.section	.gnu.lto_.refs.1f2fd384,"e",%progbits
 7758 0000 28B52FFD 		.ascii	"(\265/\375 \005)\000\000\001\000\000\000\000"
 7758      20052900 
 7758      00010000 
 7758      0000
 7759              		.text
 7760              		.section	.gnu.lto_.decls.1f2fd384,"e",%progbits
 7761 0000 28B52FFD 		.ascii	"(\265/\375`\246H\255\026\001Z\275IbS \012Q:\351\265"
 7761      60A648AD 
 7761      16015ABD 
 7761      49625320 
 7761      0A513AE9 
 7762 0015 06FD9237 		.ascii	"\006\375\2227\224t<\034#\264\000\306\253\006\014\230"
 7762      94743C1C 
 7762      23B400C6 
 7762      AB060C98 
 7763 0025 D54304FE 		.ascii	"\325C\004\376\273\323\015\000\357e\007\314\347\323\235"
 7763      BBD30D00 
 7763      EF6507CC 
 7763      E7D39D
 7764 0034 B9E1E60E 		.ascii	"\271\341\346\0163\207j.x\030w[A\241\316\2556\2224\033"
 7764      33876A2E 
 7764      7818775B 
 7764      41A1CEAD 
 7764      3692341B 
 7765 0048 29F3FF1E 		.ascii	")\363\377\036\327(w\303,eGu\325v\272\"\323\326*\306"
 7765      D72877C3 
 7765      2C654775 
 7765      D576BA22 
 7765      D3D62AC6 
 7766 005c 224B3691 		.ascii	"\"K6\221;\005;\005\376\005O\0066j% >U\202\377\016\223"
 7766      3B053B05 
 7766      FE054F06 
 7766      366A2520 
 7766      3E5582FF 
 7767 0072 80474894 		.ascii	"\200GH\2243?\372\376\255\003L\255\023\314\003\323\267"
 7767      333FFAFE 
 7767      AD034CAD 
 7767      13CC03D3 
ARM GAS  C:\Users\nicx5\AppData\Local\Temp\cc9k9ag2.s 			page 357


 7767      B7
 7768 0083 735450B1 		.ascii	"sTP\261|\201\002\366}\272\003\273\311q)l\323\305\356"
 7768      7C8102F6 
 7768      7DBA03BB 
 7768      C971296C 
 7768      D3C5EE
 7769 0096 0EEAD65A 		.ascii	"\016\352\326Z\026\213\325BX\370\006\212F\215\363\317"
 7769      168BD542 
 7769      58F8068A 
 7769      468DF3CF 
 7770 00a6 4C134036 		.ascii	"L\023@6b[\346\240xa\346\356\276\3249\365\002\301\376"
 7770      625BE6A0 
 7770      7861E6EE 
 7770      BED439F5 
 7770      02C1FE
 7771 00b9 B6EA19FD 		.ascii	"\266\352\031\375\3258\272\253\261\254\241=\354\0336"
 7771      D538BAAB 
 7771      B1ACA13D 
 7771      EC1B36
 7772 00c8 DA5BDD6C 		.ascii	"\332[\335l\256\206\321Y}\3251\272FW\265\214\266a\347"
 7772      AE86D159 
 7772      7DD531BA 
 7772      4657B58C 
 7772      B661E7
 7773 00db B49795D3 		.ascii	"\264\227\225\3234:7\225ek\255\337\276\261\202\337\311"
 7773      343A3795 
 7773      656BADDF 
 7773      BEB182DF 
 7773      C9
 7774 00ec 395BA9AD 		.ascii	"9[\251\255\301A\223f\2113\347\275>\277'\320\274\326"
 7774      C1419366 
 7774      8933E7BD 
 7774      3EBF27D0 
 7774      BCD6
 7775 00fe B27B960C 		.ascii	"\262{\226\014\2061?\362\320^\241\0324\347\214'f\212"
 7775      86313FF2 
 7775      D05EA11A 
 7775      34E78C27 
 7775      668A
 7776 0110 730B97BC 		.ascii	"s\013\227\274\2762ij\255e\341\330B\373|\333)\034t\346"
 7776      BE32696A 
 7776      AD65E1D8 
 7776      42FB7CDB 
 7776      291C74E6 
 7777 0124 5CF677E6 		.ascii	"\\\366w\346\254\203\033*\205_w`\350:\264\301\341\354"
 7777      AC831B2A 
 7777      855F7760 
 7777      E83AB4C1 
 7777      E1EC
 7778 0136 E2C55AE1 		.ascii	"\342\305Z\341\303Rh\007\315y\357\037~KWg\3430\214\371"
 7778      C3526807 
 7778      CD79EF1F 
 7778      7E4B5767 
 7778      E3308CF9 
 7779 014a 91D3BD33 		.ascii	"\221\323\2753\205`\2409?\001\327\364\320\203Z+E\317"
 7779      8560A039 
 7779      3F01D7F4 
ARM GAS  C:\Users\nicx5\AppData\Local\Temp\cc9k9ag2.s 			page 358


 7779      D0835A2B 
 7779      45CF
 7780 015c 371B5818 		.ascii	"7\033X\030\346\314y\3576\255\265\354\010\326JcQ\221"
 7780      E6CC79EF 
 7780      36ADB5EC 
 7780      08D64A63 
 7780      5191
 7781 016e 65AE4C37 		.ascii	"e\256L7\205\203\031Y\214\304\031\314y\317\202\012\026"
 7781      85831959 
 7781      8CC419CC 
 7781      79CF820A 
 7781      16
 7782 017f 58196B9E 		.ascii	"X\031k\236\220i`%\375\222\321\330\364\375\355\240\024"
 7782      90696025 
 7782      FD92D1D8 
 7782      F4FDEDA0 
 7782      14
 7783 0190 3BE5C7EF 		.ascii	";\345\307\357\314\224h_\033\247\303\355\240\325q\326"
 7783      CC94685F 
 7783      1BA7C3ED 
 7783      A0D571D6 
 7784 01a0 644D5F20 		.ascii	"dM_ +xB\266\024\210\375\224\202\337h\370}\004\277\201"
 7784      2B7842B6 
 7784      1488FD94 
 7784      82DF68F8 
 7784      7D04BF81 
 7785 01b4 E0370FFC 		.ascii	"\3407\017\374\276\201\205\232\006~_\341\012s\360\255"
 7785      BE81859A 
 7785      067E5FE1 
 7785      0A73F0AD 
 7786 01c4 20C6C087 		.ascii	" \306\300\207o\277\340\014|\267v\014\036\003\004\011"
 7786      6FBFE00C 
 7786      7CB7760C 
 7786      1E030409 
 7787 01d4 95BE1E3A 		.ascii	"\225\276\036:\334\362\251eJd\310\350{+\207\377\264\024"
 7787      DCF2A965 
 7787      4A64C8E8 
 7787      7B2B87FF 
 7787      B414
 7788 01e6 88D81211 		.ascii	"\210\330\022\0219\274\341\3336\254\201\032\276=\303"
 7788      39BCE1DB 
 7788      36AC811A 
 7788      BE3DC3
 7789 01f5 7F1AC1B7 		.ascii	"\177\032\301\267?\360\337\302\360m\015\3749KD\274\235"
 7789      3FF0DFC2 
 7789      F06D0DFC 
 7789      394B44BC 
 7789      9D
 7790 0206 816F9BF8 		.ascii	"\201o\233\370w\226\210\370\020\260\325\362\333+\366"
 7790      779688F8 
 7790      10B0D5F2 
 7790      DB2BF6
 7791 0215 CDC6DD67 		.ascii	"\315\306\335g\316V9g\010\256\032\014;\035}\237A=r\342"
 7791      CE563967 
 7791      08AE1A0C 
 7791      3B1D7D9F 
 7791      413D72E2 
ARM GAS  C:\Users\nicx5\AppData\Local\Temp\cc9k9ag2.s 			page 359


 7792 0229 EAD4F4B5 		.ascii	"\352\324\364\265Y:\334\302\235(\007\001\255\355\001"
 7792      593ADCC2 
 7792      9D280701 
 7792      ADED01
 7793 0238 C1EB4B81 		.ascii	"\301\353K\201%\">\211w\306X\012D+f\211\210\037c\211"
 7793      25223E89 
 7793      77C6580A 
 7793      442B6689 
 7793      881F6389 
 7794 024c 88F669A9 		.ascii	"\210\366i\251X\266\014\266\355\022b\344<\230\363\230"
 7794      58B60CB6 
 7794      ED1262E4 
 7794      3C98F398 
 7795 025c 20CCC706 		.ascii	" \314\307\006]\353\373\025\367 \335V\371\000\3702\210"
 7795      5DEBFB15 
 7795      F720DD56 
 7795      F900F832 
 7795      88
 7796 026d F7E0DB0C 		.ascii	"\367\340\333\014\304\240h4\032\265\031\210o\234\216"
 7796      C4A06834 
 7796      1AB51988 
 7796      6F9C8E
 7797 027c B114880E 		.ascii	"\261\024\210\016\260D\304\316\226\210\370\333(\277\205"
 7797      B044C4CE 
 7797      9688F8DB 
 7797      28BF85
 7798 028b 62D332EC 		.ascii	"b\3232\354X=\363`\316\317!;GL\223\252/\006K\201x-\021"
 7798      583DF360 
 7798      CECF213B 
 7798      474C93AA 
 7798      2F064B81 
 7799 02a2 F1A8020B 		.ascii	"\361\250\002\013.\277]\343\250l. \230\346\277\034K\250"
 7799      2EBF5DE3 
 7799      A86C2E20 
 7799      98E6BF1C 
 7799      4BA8
 7800 02b4 07411FB9 		.ascii	"\007A\037\271\371\023c\246\347W\271\020\372X<2\205m"
 7800      F91363A6 
 7800      E757B910 
 7800      FA583C32 
 7800      856D
 7801 02c6 7E5A7E2B 		.ascii	"~Z~+\330\207\305\315\025@K\360\367\006\033'\357\357"
 7801      D887C5CD 
 7801      15404BF0 
 7801      F7061B27 
 7801      EFEF
 7802 02d8 0ABF15F3 		.ascii	"\012\277\025\363\367\000\376\206\340o\004\374m\200\277"
 7802      F700FE86 
 7802      E06F04FC 
 7802      6D80BF
 7803 02e7 35FCCDE1 		.ascii	"5\374\315\341\357\013f\300t\002\376>\300\337\036\312"
 7803      EF0B66C0 
 7803      7402FE3E 
 7803      C0DF1ECA 
 7804 02f7 FAFA43A0 		.ascii	"\372\372C\240\206_%\363[\275\277\223\244\367\267\022"
 7804      865F25F3 
 7804      5BBDBF93 
ARM GAS  C:\Users\nicx5\AppData\Local\Temp\cc9k9ag2.s 			page 360


 7804      A4F7B712 
 7805 0307 6C1BBC5B 		.ascii	"l\033\274[\350\007\274\002\276\000\374\252\225\337\306"
 7805      E807BC02 
 7805      BE00FCAA 
 7805      95DFC6
 7806 0316 B185774A 		.ascii	"\261\205wJ\354\210\277z\344B\222\010V\331F\007\344\267"
 7806      EC88BF7A 
 7806      E4429208 
 7806      56D94607 
 7806      E4B7
 7807 0328 6F7E0B87 		.ascii	"o~\013\207\260p\256\214\347\267\370\267C\014\260d,\234"
 7807      B070AE8C 
 7807      E7B7F8B7 
 7807      430CB064 
 7807      2C9C
 7808 033a DF125EB0 		.ascii	"\337\022^\260\020\364\025Z\245\\\001~\225\307\0069~"
 7808      10F4155A 
 7808      A55C017E 
 7808      95C70639 
 7808      7E
 7809 034b 4BC3EF46 		.ascii	"K\303\357F7 I\307oW\254$\0321\376\313\251\242^]\261"
 7809      372049C7 
 7809      6F57AC24 
 7809      1A31FECB 
 7809      A9A25E5D 
 7810 0360 B885C371 		.ascii	"\270\205\303q\340\267P_7\242\370\374\252\006\240,\223"
 7810      E0B7505F 
 7810      37A2F8FC 
 7810      AA06A02C 
 7810      93
 7811 0371 8753A37E 		.ascii	"\207S\243~\013\346\267a\376\267\365\035\356\203\337"
 7811      0BE6B761 
 7811      FEB7F51D 
 7811      EE83DF
 7812 0380 4A70E25F 		.ascii	"Jp\342_E\032\251\200\222H\212 j\211\277[hY\020*`\001"
 7812      451AA980 
 7812      92488A20 
 7812      6A89BF5B 
 7812      6859102A 
 7813 0396 80FF6EF9 		.ascii	"\200\377n\371\221\324Q)f\"~{\301r\371\355\334o\351n"
 7813      91D45129 
 7813      66227E7B 
 7813      C172F9ED 
 7813      DC6FE96E 
 7814 03aa 41494188 		.ascii	"AIA\210\013\375j\321\377*oX\224e_A\277\212\200/\264"
 7814      0BFD6AD1 
 7814      FF2A6F58 
 7814      94655F41 
 7814      BF8A802F 
 7815 03bf 0B1D6D5B 		.ascii	"\013\035m[\323\"\372\325\010h\374\226\311o\267\332F"
 7815      D322FAD5 
 7815      0868FC96 
 7815      C96FB7DA 
 7815      46
 7816 03d0 9AFED6F9 		.ascii	"\232\376\326\371[&{\201\016\374\266\211m:\271a\313\304"
 7816      5B267B81 
 7816      0EFCB689 
ARM GAS  C:\Users\nicx5\AppData\Local\Temp\cc9k9ag2.s 			page 361


 7816      6D3AB961 
 7816      CBC4
 7817 03e2 EC5A980A 		.ascii	"\354Z\230\012\342\012\202_\355q\362\300UG\253*\374\252"
 7817      E20A825F 
 7817      ED71F2C0 
 7817      5547AB2A 
 7817      FCAA
 7818 03f4 CE07BF95 		.ascii	"\316\007\277\225\272\262XM5=\362[#\177c\220\344\267"
 7818      BAB2584D 
 7818      353DF25B 
 7818      237F6390 
 7818      E4B7
 7819 0406 686AB7C0 		.ascii	"hj\267\300oA\220\362\201\010\376\033\375\355\005B\330"
 7819      6F4190F2 
 7819      8108FE1B 
 7819      FDED0542 
 7819      D8
 7820 0417 0B6C7E8B 		.ascii	"\013l~\213\374\337\006\202\275\000\002\317\177\311\034"
 7820      FCDF0682 
 7820      BD0002CF 
 7820      7FC91C
 7821 0426 2E035D7E 		.ascii	".\003]~+\364\266&,\277\375\360\333\014$\374V\353\267"
 7821      2BF4B626 
 7821      2CBFFDF0 
 7821      DB0C24FC 
 7821      56EBB7
 7822 0439 5BBFF5FA 		.ascii	"[\277\365\372\300o\233\277\365\200\323o\241~\313\"\003"
 7822      C06F9BBF 
 7822      F580D36F 
 7822      A17ECB22 
 7822      03
 7823 044a CD94F6DF 		.ascii	"\315\224\366\337R\251\375m\003\254]\323\377\204\321"
 7823      52A9FD6D 
 7823      03AC5DD3 
 7823      FF84D1
 7824 0459 3EFA6FC1 		.ascii	">\372o\301B\340\267 :\002K\017\377\375\373/\247\013"
 7824      42E0B720 
 7824      3A024B0F 
 7824      FFFDFB2F 
 7824      A70B
 7825 046b E7FC37EC 		.ascii	"\347\3747\354\266f\300q\350\277k\036\240\375\326\247"
 7825      B666C071 
 7825      E8BF6B1E 
 7825      A0FDD6A7 
 7826 047b 039DFF2A 		.ascii	"\003\235\377*\371ox8\012\354\374\367\310o}~\033\364"
 7826      F96F7838 
 7826      0AECFCF7 
 7826      C86F7D7E 
 7826      1BF4
 7827 048d DB0C7EAB 		.ascii	"\333\014~\253\301\337\023\220\363\333\013\376\033\376"
 7827      C1DF1390 
 7827      F3DB0BFE 
 7827      1BFE
 7828 049b 966831F8 		.ascii	"\226h1\370\355\005\013\266B\322\377\011\377-\373\333"
 7828      ED050BB6 
 7828      42D2FF09 
 7828      FF2DFBDB 
ARM GAS  C:\Users\nicx5\AppData\Local\Temp\cc9k9ag2.s 			page 362


 7829 04ab F0EF387F 		.ascii	"\360\3578\177\013\376\355\346\357\300\277\315\374\355"
 7829      0BFEEDE6 
 7829      EFC0BFCD 
 7829      FCED
 7830 04b9 F777DFDF 		.ascii	"\367w\337\337|\177\337\375m\367w\335\337t\177\317\375"
 7830      7C7FDFFD 
 7830      6DF777DD 
 7830      DF747FCF 
 7830      FD
 7831 04ca 2DF777DC 		.ascii	"-\367w\334\337n\177\267\375]\345o)\177G\371\033\312"
 7831      DF6E7FB7 
 7831      FD5DE56F 
 7831      297F47F9 
 7831      1BCA
 7832 04dc DF4EFE46 		.ascii	"\337N\376F\373\333\371\267\221\277\211\374\035\344o"
 7832      FBDBF9B7 
 7832      91BF89FC 
 7832      1DE46F
 7833 04eb 167FFFF8 		.ascii	"\026\177\377\370\333\354o\262\277\303\376\376\372[\353"
 7833      DBEC6FB2 
 7833      BFC3FEFE 
 7833      FA5BEB
 7834 04fa EFABBFAB 		.ascii	"\357\253\277\253\376n\376\375\201\2775\360\367\362o"
 7834      FE6EFEFD 
 7834      81BF35F0 
 7834      F7F26F
 7835 0509 10FECEC0 		.ascii	"\020\376\316\300\337-\376n\372\373\370\267\007\177w"
 7835      DF2DFE6E 
 7835      FAFBF8B7 
 7835      077F77
 7836 0518 F03705FE 		.ascii	"\3607\005\376V\372{\203\277=\374\226\360\267d~\213\345"
 7836      56FA7B83 
 7836      BF3DFC96 
 7836      F0B7647E 
 7836      8BE5
 7837 052a B7537EAB 		.ascii	"\267S~\253\366\333\257\337^\375V\352\267e~[\364\277"
 7837      F6DBAFDF 
 7837      5EFD56EA 
 7837      B7657E5B 
 7837      F4BF
 7838 053c EDB710FC 		.ascii	"\355\267\020\374\035\201\377\024\374\375\200\277\033"
 7838      1D81FF14 
 7838      FCFD80BF 
 7838      1B
 7839 0549 F05BB1BF 		.ascii	"\360[\261\277\031\360\277\202\377p\377-\374\215\301"
 7839      19F0BF82 
 7839      FF70FF2D 
 7839      FC8DC1
 7840 0558 DF207E7B 		.ascii	"\337 ~{\341\357\013\376g\340\357\017\277-\374\255\337"
 7840      E1EF0BFE 
 7840      67E0EF0F 
 7840      BF2DFCAD 
 7840      DF
 7841 0569 6FFB7E5B 		.ascii	"o\373~[\366[\272\337\302\3756\313o\327~+\345\2677~\213"
 7841      F65BBADF 
 7841      C2FD36CB 
 7841      6FD77E2B 
ARM GAS  C:\Users\nicx5\AppData\Local\Temp\cc9k9ag2.s 			page 363


 7841      E5B7377E 
 7842 057e F55BE56F 		.ascii	"\365[\345oA\370m\210\337J\340\267\021\374\266\302\377"
 7842      41F86D88 
 7842      DF4AE0B7 
 7842      11FCB6C2 
 7842      FF
 7843 058f B4FFC8FF 		.ascii	"\264\377\310\377^\376\177\210F\243\321?H\351\347!\374"
 7843      5EFE7F88 
 7843      46A3D13F 
 7843      48E9E721 
 7843      FC
 7844 05a0 37940880 		.ascii	"7\224\010\200Y`\316\033v\261\344\2268\253\362\314\272"
 7844      5960CE1B 
 7844      76B1E496 
 7844      38ABF2CC 
 7844      BA
 7845 05b1 66D8015E 		.ascii	"f\330\001^\030rb \256\215\213\203+\014Jf\327\227\243"
 7845      18726220 
 7845      AE8D8B83 
 7845      2B0C4A66 
 7845      D797A3
 7846 05c4 506F46D7 		.ascii	"PoF\327V!\010\2579'\032+\033\267%G\227\312I\2439\266"
 7846      562108AF 
 7846      39271A2B 
 7846      1BB72547 
 7846      97CA49A3 
 7847 05da 7CE565AE 		.ascii	"|\345e\256\256\032i\316\277t\014\214\005\274z2\204\306"
 7847      AE1A69CE 
 7847      BF740C8C 
 7847      05BC7A32 
 7847      84C6
 7848 05ec 0C3931B6 		.ascii	"\01491\266p\330>\252\2557Wk\306\341\015\353#pmn\221"
 7848      70D83EAA 
 7848      AD37576B 
 7848      C6E10DEB 
 7848      23706D6E 
 7849 0601 FBE3FAB8 		.ascii	"\373\343\372\2709\256\010\227\307Er\313.\221\013\344"
 7849      39AE0897 
 7849      C74572CB 
 7849      2E910BE4 
 7850 0611 EAB86437 		.ascii	"\352\270d7\3115r\235\267\307\005\273C\256\330\035\273"
 7850      C935729D 
 7850      B7C705BB 
 7850      43AED81D 
 7850      BB
 7851 0622 42EE8EAB 		.ascii	"B\356\216\253\344\036\271A\256\231e\273a[S\240z2\266"
 7851      E41EB941 
 7851      AE9965BB 
 7851      615B53A0 
 7851      7A32B6
 7852 0635 6AE4DDB0 		.ascii	"j\344\335\260\333d\323F\252\270\370\300\340\336\033"
 7852      DB64D346 
 7852      AAB8F8C0 
 7852      E0DE1B
 7853 0644 4E11C662 		.ascii	"N\021\306b\364\275\317\233\373\345\263\006\337\247\014"
 7853      F4BDCF9B 
 7853      FBE5B306 
ARM GAS  C:\Users\nicx5\AppData\Local\Temp\cc9k9ag2.s 			page 364


 7853      DFA70C
 7854 0653 BE4F1EBE 		.ascii	"\276O\036\276\217\027|\0379|\0377|\0375|\237%\370>>"
 7854      8F177C1F 
 7854      397C1F37 
 7854      7C1F357C 
 7854      9F25F83E 
 7855 0668 F07D6AE0 		.ascii	"\360}j\340\373\\\341\367\310\301\357y\203\337s\006\277"
 7855      FB5CE1F7 
 7855      C8C1EF79 
 7855      83DF7306 
 7855      BF
 7856 0679 670C7E8F 		.ascii	"g\014~\217\027\374\036-\370=U\360{\242\340\3678\323"
 7856      17FC1E2D 
 7856      F83D55F0 
 7856      7BA2E0F7 
 7856      38D3
 7857 068b C31F20CD 		.ascii	"\303\037 \315\254!}\337#\206\3239\277\007\020\022\244"
 7857      AC217DDF 
 7857      2386D339 
 7857      BF071012 
 7857      A4
 7858 069c CD671634 		.ascii	"\315g\0264\347\347\217J\006\317MI\337\367\3240,\274"
 7858      E7E78F4A 
 7858      06CF4D49 
 7858      DFF7D430 
 7858      2CBC
 7859 06ae 3FB438F9 		.ascii	"?\2648\371\372\246\204$\240 \211\353{\236C\234&\372"
 7859      FAA68424 
 7859      A02089EB 
 7859      7B9E439C 
 7859      26FA
 7860 06c0 0518ED32 		.ascii	"\005\030\3552\023\246\246\306\03104\320\250\0304u\223"
 7860      13A6A6C6 
 7860      193034D0 
 7860      A8183475 
 7860      93
 7861 06d1 C249DFA4 		.ascii	"\302I\337\244\201\351`*\230\306\261li\233?]\223\262"
 7861      81E9602A 
 7861      98C6B16C 
 7861      699B3F5D 
 7861      93B2
 7862 06e3 6993A2B1 		.ascii	"i\223\242\261q8\234D>+A\276\204\356y\004\261\035c)\020"
 7862      71389C44 
 7862      3E2B41BE 
 7862      84EE7904 
 7862      B11D6329 
 7863 06f8 2D5822E2 		.ascii	"-X\"\342y\240\370<i\360y\312\340\363|\301\347\341\202"
 7863      79A0F83C 
 7863      69F079CA 
 7863      E0F37CC1 
 7863      E7E182
 7864 070b CF0387FF 		.ascii	"\317\003\207\377\364\317O\007\254\010\330X\337\247N"
 7864      F4CF4F07 
 7864      AC08D858 
 7864      DFA74E
 7865 071a 9B1A8D67 		.ascii	"\233\032\215g\231><2\247\225\276)\231\224\360\255-F"
 7865      993E3C32 
ARM GAS  C:\Users\nicx5\AppData\Local\Temp\cc9k9ag2.s 			page 365


 7865      A795BE29 
 7865      9994F0AD 
 7865      2D46
 7866 072c DFF338F7 		.ascii	"\337\3638\367R\2754/\305K\305\244a\3221\226-\345\343"
 7866      52BD342F 
 7866      C54BC5A4 
 7866      61D23196 
 7866      2DE5E3
 7867 073f 4BC144EF 		.ascii	"K\301D\357\240_\242juv\316.\321:/s\316;k%:\305\231\362"
 7867      A05FA26A 
 7867      7576CE2E 
 7867      D13A2F73 
 7867      CE3B6B25 
 7868 0757 A57651BA 		.ascii	"\245vQ\272\364\007\032Z\034\241{\036!\370<d\370<:\360"
 7868      F4071A5A 
 7868      1CA17B1E 
 7868      21F83C64 
 7868      F83C3AF0 
 7869 076b 796CE0F3 		.ascii	"yl\340\363\310\300\347\251\302\337\231\203\377t\204"
 7869      C8C0E7A9 
 7869      C2DF9983 
 7869      FF7484
 7870 077a 1B5F8132 		.ascii	"\033_\2012\270\244Wl\\ce\215\271\200\344\312\027\224"
 7870      B8A4576C 
 7870      5C63658D 
 7870      B980E4CA 
 7870      1794
 7871 078c CEB2A55C 		.ascii	"\316\262\245\\R-\351\234\217\325\215&^\356M\345\322"
 7871      522DE99C 
 7871      8FD58D26 
 7871      5EEE4DE5 
 7871      D2
 7872 079d 2D6BF09F 		.ascii	"-k\360\237\306\231\215i\3125\201\313\202\345x8\227\364"
 7872      C6998D69 
 7872      CA3581CB 
 7872      82E57838 
 7872      97F4
 7873 07af 3543415F 		.ascii	"5CA_\030\261\276o\351\025\033WT\005,W\225\301\000\234"
 7873      18B1BE6F 
 7873      E9151B57 
 7873      54052C57 
 7873      95C1009C 
 7874 07c3 2A61D40C 		.ascii	"*a\324\014b\261l\351[J%uK"
 7874      62B16CE9 
 7874      5B4A2575 
 7874      4B
 7875 07d0 731E6295 		.ascii	"s\036b\225s\266\240\002O\234\021\260\270\356\375\016"
 7875      73B6A002 
 7875      4F9C11B0 
 7875      B8EEFD0E 
 7876 07e0 169CB2A5 		.ascii	"\026\234\262\245m\251\225\177\207\230\306Gf\260\357"
 7876      6DA9957F 
 7876      8798C647 
 7876      66B0EF
 7877 07ef 77A8E02F 		.ascii	"w\250\340/\340\377\016\256\202\303\313\253\312\277\303"
 7877      E0FF0EAE 
 7877      82C3CBAB 
ARM GAS  C:\Users\nicx5\AppData\Local\Temp\cc9k9ag2.s 			page 366


 7877      CABFC3
 7878 07fe 23268E0E 		.ascii	"#&\216\016g\337\357\244\341\357\030\301\177\372\\\353"
 7878      67DFEFA4 
 7878      E1EF18C1 
 7878      7FFA5CEB 
 7879 080e F982E754 		.ascii	"\371\202\347TCln\301=\373\376\351\024)]\312\230\214"
 7879      436C6EC1 
 7879      3DFBFEE9 
 7879      14295DCA 
 7879      988C
 7880 0820 F54DD574 		.ascii	"\365M\325t\276\014\005\265\372~'\014\277\315\2044q\216"
 7880      BE0C05B5 
 7880      FA7E270C 
 7880      BFCD8434 
 7880      718E
 7881 0832 C9F97107 		.ascii	"\311\371q\007H&c\320\231C\314\371A\204\260\0363\272"
 7881      482663D0 
 7881      9943CCF9 
 7881      4184B01E 
 7881      33BA
 7882 0844 FE8CD8B8 		.ascii	"\376\214\330\270\253e\205!s\315\370\323\263\324I\232"
 7882      AB658521 
 7882      73CDF8D3 
 7882      B3D4499A 
 7883 0854 24454BD3 		.ascii	"$EK\323\322'\251\222\364H\012%E\222.I\243\244\316\264"
 7883      D227A992 
 7883      F4480A25 
 7883      45922E49 
 7883      A3A4CEB4 
 7884 0868 89654B99 		.ascii	"\211eK\231\374)\221\264\310w\310\202\364Xc\3451\026"
 7884      FC2991B4 
 7884      C877C882 
 7884      F45863E5 
 7884      3116
 7885 087a B6B2D8B4 		.ascii	"\266\262\330\264\262\324\254\261\250\310.p\311x\003"
 7885      B2D4ACB1 
 7885      A8C82E70 
 7885      C97803
 7886 0889 1D22C399 		.ascii	"\035\"\303\2312Iu\244<\256\026\025\206\274\005\207#"
 7886      324975A4 
 7886      3CAE1615 
 7886      86BC0587 
 7886      23
 7887 089a 65920291 		.ascii	"e\222\002\221A\347\324K\231\244>l\334\236S\221= .A\255"
 7887      41E7D44B 
 7887      99A43E6C 
 7887      DC9E5391 
 7887      3D202E41 
 7888 08af BE0BF73B 		.ascii	"\276\013\367;]\270\311,\005\242\001,\021\361;Z\370;"
 7888      5DB8C92C 
 7888      05A2012C 
 7888      11F13B5A 
 7888      F83B
 7889 08c1 58F8780E 		.ascii	"X\370x\016>N\203\217\375\360\261\027|\254\305\254\307"
 7889      3E4E838F 
 7889      FDF0B117 
 7889      7CACC5AC 
ARM GAS  C:\Users\nicx5\AppData\Local\Temp\cc9k9ag2.s 			page 367


 7889      C7
 7890 08d2 80DCDA90 		.ascii	"\200\334\332\220\311\322\367\230\015\037\247\341\343"
 7890      C9D2F798 
 7890      0D1FA7E1 
 7890      E3
 7891 08df 24F8980C 		.ascii	"$\370\230\014\247a\351\016\313VA*\366\024\254\315\316"
 7891      A761E90E 
 7891      CB56412A 
 7891      F614ACCD 
 7891      CE
 7892 08f0 7395F39B 		.ascii	"s\225\363\233\234\237A?l\310\236l\372\036\347\300\267"
 7892      9C9F413F 
 7892      6CC89E6C 
 7892      FA1EE7C0 
 7892      B7
 7893 0901 1510D368 		.ascii	"\025\020\323h\324V@<\236\201\333\022\021\217\251p\334"
 7893      D456403C 
 7893      9E81DB12 
 7893      118FA970 
 7893      DC
 7894 0912 D8D96136 		.ascii	"\330\331a6#\257o\372\325cD\374\372^\347\017\377O\273"
 7894      23AF6FFA 
 7894      D56344FC 
 7894      FA5EE70F 
 7894      FF4FBB
 7895 0925 D2AD942B 		.ascii	"\322\255\224+\365Ji\244Zi\015\313\226\332\370\014\272"
 7895      F54A69A4 
 7895      5A690DCB 
 7895      96DAF80C 
 7895      BA
 7896 0936 BA3B279A 		.ascii	"\272;'\232\324F\033Z2\030\370\221\207\366\016c\200q"
 7896      D4461B5A 
 7896      3218F891 
 7896      87F60E63 
 7896      8071
 7897 0948 668571E6 		.ascii	"f\205q\346\274\247g#\225a\007\265\321\203u\320\234\237"
 7897      BCA76723 
 7897      956107B5 
 7897      D18375D0 
 7897      9C9F
 7898 095a 15A249C8 		.ascii	"\025\242I\310\272\010\335\353\350\341\353x\301\327\221"
 7898      BA08DDEB 
 7898      E8E1EB78 
 7898      C1D791
 7899 0969 C3D771C3 		.ascii	"\303\327q\303\177\012#\305\372\342&\312Z\337\364\012"
 7899      7F0A23C5 
 7899      FAE226CA 
 7899      5ADFF40A 
 7900 0979 48499D58 		.ascii	"HI\235X\223\276\3271\202\321\2749\354Q\007\006\205s"
 7900      93BED731 
 7900      82D1BC39 
 7900      EC510706 
 7900      8573
 7901 098b 183627B5 		.ascii	"\0306'\265\352\303\224*\255Js\313\351\250eK\233\277"
 7901      EAC3942A 
 7901      AD4A73CB 
 7901      E9A8654B 
ARM GAS  C:\Users\nicx5\AppData\Local\Temp\cc9k9ag2.s 			page 368


 7901      9BBF
 7902 099d FDEB42BD 		.ascii	"\375\353B\27588\234\204\326J\015'\240\340\241\030\324"
 7902      38389C84 
 7902      D64A0D27 
 7902      A0E0A118 
 7902      D4
 7903 09ae D0C61D3A 		.ascii	"\320\306\035:\235i\263\007\017\277\2409?-\260\300\202"
 7903      9D69B307 
 7903      0FBFA039 
 7903      3F2DB0C0 
 7903      82
 7904 09bf 0A3F6866 		.ascii	"\012?hf\264\240\221p\257S\206;[\012\304\353\350\300"
 7904      B4A09170 
 7904      AF53863B 
 7904      5B0AC4EB 
 7904      E8C0
 7905 09d1 D7D9C2D7 		.ascii	"\327\331\302\327\301\302'\316\301'\012\342\023\001\361"
 7905      C1C227CE 
 7905      C1270AE2 
 7905      1301F1
 7906 09e0 DF6EAC15 		.ascii	"\337n\254\025\"\340\027/$m\002S\370X\373\353\333\320"
 7906      22E0172F 
 7906      246D0253 
 7906      F858FBEB 
 7906      DBD0
 7907 09f2 9E1D62CA 		.ascii	"\236\035b\312\262\364=\321\013\346\322\004\220\316\360"
 7907      B2F43DD1 
 7907      0BE6D204 
 7907      90CEF0
 7908 0a01 2CCE70EE 		.ascii	",\316p\356\355N\257\316\011E3\367\004J\246\255X\302"
 7908      ED4EAFCE 
 7908      094533F7 
 7908      044AA6AD 
 7908      58C2
 7909 0a13 338679D0 		.ascii	"3\206y\320\2343\340\010K\240\177[\014\323\240v\206b"
 7909      9C33E008 
 7909      4BA07F5B 
 7909      0CD3A076 
 7909      8662
 7910 0a25 6E61B218 		.ascii	"na\262\030\326\355\365\231.\323aZM\343u_\217i\300\026"
 7910      D6EDF599 
 7910      2ED3615A 
 7910      4DE3755F 
 7910      8F69C016 
 7911 0a39 D379FDD7 		.ascii	"\323y\375\327h\232M\257i3\235\246\365\332\257\371,["
 7911      689A4DAF 
 7911      69339DA6 
 7911      F5DAAFF9 
 7911      2C5B
 7912 0a4b 93F9FBAE 		.ascii	"\223\371\373\256\277t\360\022\346\35460Pg\316{yp\206"
 7912      BF74F012 
 7912      E6EC3630 
 7912      5067CE7B 
 7912      797086
 7913 0a5e 74CE9CF7 		.ascii	"t\316\234\367\364\272\364\200\312\251As~\366i1\234r"
 7913      F4BAF480 
 7913      CAA94173 
ARM GAS  C:\Users\nicx5\AppData\Local\Temp\cc9k9ag2.s 			page 369


 7913      7EF66931 
 7913      9C72
 7914 0a70 7765CF90 		.ascii	"we\317\220Lc\311U|I\206vH\206\354\364Xs\244\313\202"
 7914      4C63C955 
 7914      7C498676 
 7914      4886ECF4 
 7914      5873A4CB 
 7915 0a85 7B621CC6 		.ascii	"{b\034\306OK\201h\263,\021\361\304+\370\304*\370D)\370"
 7915      4F4B8168 
 7915      B32C11F1 
 7915      C42BF8C4 
 7915      2AF84429 
 7916 0a9a C425F844 		.ascii	"\304%\370D\"\370D3|\242\030>\321\006>1\013_=\304W\005"
 7916      22F84433 
 7916      7CA2183E 
 7916      D1063E31 
 7916      0B5F3DC4 
 7917 0ab0 F15534F8 		.ascii	"\361U4\370*\037\276\352\005_\225\303W\255\340\253i\370"
 7917      2A1FBEEA 
 7917      055F95C3 
 7917      57ADE0AB 
 7917      69F8
 7918 0ac2 AA135F05 		.ascii	"\252\023_\005\202m\263Ui$^n</\\\231%0\250<}\346\214"
 7918      826DB355 
 7918      69245E6E 
 7918      3C2F5C99 
 7918      2530A83C 
 7919 0ad9 C159EBFB 		.ascii	"\301Y\353\373\277\321\232I\2575\224\226\322j}\326Nz"
 7919      BFD19A49 
 7919      AF359496 
 7919      D26A7DD6 
 7919      4E7A
 7920 0aeb 4A47E927 		.ascii	"JG\351'\235\326M,[?\377V\322K\236Z=\0370\340t0\242\366"
 7920      9DD64D2C 
 7920      5B3FFF56 
 7920      D24B9E5A 
 7920      3D1F30E0 
 7921 0b03 01485E10 		.ascii	"\001H^\020!`\216\234%\301\001\342G\033\263\277\003\222"
 7921      21608E9C 
 7921      25C101E2 
 7921      471BB3BF 
 7921      0392
 7922 0b15 1E448ACC 		.ascii	"\036D\212\3149s~:\261v\034\016\371;\210\320cW\253\211"
 7922      39737E3A 
 7922      B1761C0E 
 7922      F93B88D0 
 7922      6357AB89 
 7923 0b29 216FC1B0 		.ascii	"!o\301\260s\346\374|\223y\000\321\317.\353\261\242'"
 7923      73E6FC7C 
 7923      937900D1 
 7923      CF2EEBB1 
 7923      A227
 7924 0b3b 58AEA2D2 		.ascii	"X\256\242\322A\264l\013\331`\316\317\012\304\273!Pz"
 7924      41B46C0B 
 7924      D960CECF 
 7924      0AC4BB21 
 7924      507A
ARM GAS  C:\Users\nicx5\AppData\Local\Temp\cc9k9ag2.s 			page 370


 7925 0b4d 58B83763 		.ascii	"X\2707c)\020\177,\021\361\227\017\377\326\341_,\370"
 7925      29107F2C 
 7925      11F1970F 
 7925      FFD6E15F 
 7925      2CF8
 7926 0b5f 970DFF46 		.ascii	"\227\015\377F\301\277N\234\001\010\346\360\2055\260"
 7926      C1BF4E9C 
 7926      0108E6F0 
 7926      8535B0
 7927 0b6e 1488BF31 		.ascii	"\024\210\2771\360\323@\374T\014\026\262\024\210O\341"
 7927      F0D340FC 
 7927      540C16B2 
 7927      14884FE1 
 7928 0b7e 70054B81 		.ascii	"p\005K\201\330b\315\303\262I\320=\356\001\304\211UT"
 7928      D862CDC3 
 7928      B249D03D 
 7928      EE01C489 
 7928      5554
 7929 0b90 199AF333 		.ascii	"\031\232\3633(=b\346M^\337\247l\370V\002b\320 }U\274"
 7929      283D62E6 
 7929      4D5EDFA7 
 7929      6CF85602 
 7929      62D0207D 
 7930 0ba6 1EDB193B 		.ascii	"\036\333\031;\023G\356\014[hsw\247:\375\322\3108i{\323"
 7930      1347EE0C 
 7930      5B687377 
 7930      A73AFDD2 
 7930      C838697B 
 7931 0bbb F713C8B0 		.ascii	"\367\023\310\260\004dvvd\016\241?Y\270\340D\373~\002"
 7931      04647676 
 7931      640EA13F 
 7931      59B8E044 
 7931      FB7E02
 7932 0bce 179600AF 		.ascii	"\027\226\000\257\256\356\006\222\251\001\344fHWX\337"
 7932      AEEE0692 
 7932      A901E466 
 7932      485758DF 
 7933 0bde 4F68E20B 		.ascii	"Oh\342\013>\350\350T\"|bm\374\232`}O\344\006_\310\233"
 7933      3EE8E854 
 7933      227C626D 
 7933      FC9A607D 
 7933      4FE4065F 
 7934 0bf4 9BBB816B 		.ascii	"\233\273\201k\316l\350\306\212\036\036\200\0169\271"
 7934      CE6CE8C6 
 7934      8A1E1E80 
 7934      0E39B9
 7935 0c03 3B974677 		.ascii	";\227Fw\241\274i\026\366=\021\035\306\240\343\355M\215"
 7935      A1BC6916 
 7935      F63D111D 
 7935      C6A0E3ED 
 7935      4D8D
 7936 0c15 6BE274DA 		.ascii	"k\342t\332(\223\322\245\302]\215\263^7\312\250\372\252"
 7936      2893D2A5 
 7936      C25D8DB3 
 7936      5E37CAA8 
 7936      FAAA
 7937 0c27 592E1B9F 		.ascii	"Y.\033\237$l\262r_\025K\217\011\002B\211D9\273r\246"
ARM GAS  C:\Users\nicx5\AppData\Local\Temp\cc9k9ag2.s 			page 371


 7937      246CB272 
 7937      5F154B8F 
 7937      09024289 
 7937      4439BB72 
 7938 0c3c D9F74454 		.ascii	"\331\367DT0\2065nn*\021&u\320@\033si\372\236(\011\236"
 7938      3086356E 
 7938      6E2A1126 
 7938      75D0401B 
 7938      7369FA9E 
 7939 0c53 40AC4DB5 		.ascii	"@\254M\265\322\246:%\220\305\304y\243]h\312\364=\221"
 7939      D2A63A25 
 7939      90C5C479 
 7939      A35D68CA 
 7939      F43D91
 7940 0c66 0F3C8194 		.ascii	"\017<\201\224\2655\265\012\224%p\240=@lp\311P\251\\"
 7940      B535B50A 
 7940      942570A0 
 7940      3D406C70 
 7940      C950A95C 
 7941 0c7a AD723540 		.ascii	"\255r5@\2050\236_\372\252O\".<\301\237\024)K\304\202"
 7941      85309E5F 
 7941      FAAA4F22 
 7941      2E3CC19F 
 7941      14294BC4 
 7942 0c8f E0D0B078 		.ascii	"\340\320\260x\301\301\004\300\022%\212\212v\367\023"
 7942      C1C104C0 
 7942      12258A8A 
 7942      76F713
 7943 0c9e CDC21225 		.ascii	"\315\302\022%\014.\200\027\024(I\276\360\014\276\261"
 7943      0C2E8017 
 7943      142849BE 
 7943      F00CBEB1 
 7944 0cae E6131720 		.ascii	"\346\023\027 \316\211\023\325Y\2276I;\023\327\367\022"
 7944      CE8913D5 
 7944      59973649 
 7944      3B13D7F7 
 7944      12
 7945 0cbf 7C6003C0 		.ascii	"|`\003\300X\262DEC\362\345\334\211\353\313\023;\273"
 7945      58B24445 
 7945      43F2E5DC 
 7945      89EBCB13 
 7945      3BBB
 7946 0cd1 8A46CC12 		.ascii	"\212F\314\022$\007__\225\211\204-l\200-*\022\025\211"
 7946      24075F5F 
 7946      9589842D 
 7946      6C802D2A 
 7946      121589
 7947 0ce4 EAE452A4 		.ascii	"\352\344R\244NM\022\345\014LMr\325i\343tl\314)\3213"
 7947      4E4D12E5 
 7947      0C4C4D72 
 7947      D569E374 
 7947      6CCC29D1 
 7948 0cf9 C4069863 		.ascii	"\304\006\230c\304H\221\032\316\036>\306p\234\301\007"
 7948      C448911A 
 7948      CE1E3EC6 
 7948      709CC107 
 7949 0d09 28326488 		.ascii	"(2d\210Jdn\006\234,4}U\"D\021\304\014\313\206\300\340"
ARM GAS  C:\Users\nicx5\AppData\Local\Temp\cc9k9ag2.s 			page 372


 7949      4A646E06 
 7949      9C2C347D 
 7949      55224411 
 7949      C40CCB86 
 7950 0d1f 037C0912 		.ascii	"\003|\011\022\344\006\006\022\251\321\303\303F ^\337"
 7950      E4060612 
 7950      A9D1C3C3 
 7950      46205EDF 
 7951 0d2f 0FBD610A 		.ascii	"\017\275a\012\300\374\370\021\350\003N\020\2244>\257"
 7951      C0FCF811 
 7951      E8034E10 
 7951      94343EAF 
 7952 0d3f BE1F7282 		.ascii	"\276\037r\202+\020\242\232\251f_\314\006\363\370\340"
 7952      2B10A29A 
 7952      A9665FCC 
 7952      06F3F8E0 
 7953 0d4f 9CF5FDD0 		.ascii	"\234\365\375\320\020\\\301\032UL\025S\311\236D\353\240"
 7953      105CC11A 
 7953      554C1553 
 7953      C99E44EB 
 7953      A0
 7954 0d60 2DC76DC7 		.ascii	"-\307m\307\340\330U\262\247\261vO\300\252\372\252=."
 7954      E0D855B2 
 7954      A7B1764F 
 7954      C0AAFAAA 
 7954      3D2E
 7955 0d72 9B9D35E7 		.ascii	"\233\2355\347\037`_\225Gj\006\304\005J\220\033}\357"
 7955      1F605F95 
 7955      476A06C4 
 7955      054A901B 
 7955      7DEF
 7956 0d84 8688C7A6 		.ascii	"\206\210\307\246\345\256\357\207t`\013\354p\340P\303"
 7956      E5AEEF87 
 7956      74600BEC 
 7956      70E050C3 
 7957 0d94 D8F450C3 		.ascii	"\330\364P\303\362\227\243\257\032\266\203\027\266\325"
 7957      F297A3AF 
 7957      1AB68317 
 7957      B6D5
 7958 0da2 ECAB825D 		.ascii	"\354\253\202]7\037*{9\264\364Us\2501t\262F\330Re(\006"
 7958      371F2A7B 
 7958      39B4F455 
 7958      73A83174 
 7958      B246D852 
 7959 0db9 CE20B8B5 		.ascii	"\316 \270\265\245~\035\252}~m\236\330\270\372\205\001"
 7959      A57E1DAA 
 7959      7D7E6D9E 
 7959      D8B8FA85 
 7959      01
 7960 0dca E05799BE 		.ascii	"\340W\231\276j\015\015p\2011\322W\365J\315|\224\271"
 7960      6A0D0D70 
 7960      8131D257 
 7960      F54ACD7C 
 7960      94B9
 7961 0ddc 12ECAB76 		.ascii	"\022\354\253v\365\030\264\015\241\220\276*W\312#\360"
 7961      F518B40D 
 7961      A190BE2A 
ARM GAS  C:\Users\nicx5\AppData\Local\Temp\cc9k9ag2.s 			page 373


 7961      57CA23F0 
 7962 0dec 8B0E3842 		.ascii	"\213\0168B\214\00090`\250Z\205vN\034N~HQg\\\325\352"
 7962      8C003930 
 7962      60A85A85 
 7962      764E1C4E 
 7962      7E485167 
 7963 0e03 913353F5 		.ascii	"\2213S\365\243\257*\003\206\033\225\031j\014<\010\006"
 7963      A3AF2A03 
 7963      861B9519 
 7963      6A0C3C08 
 7963      06
 7964 0e14 F55363A8 		.ascii	"\365Sc\250YNtT\351\352A\267\2630hp\002\234\\]\245)\344"
 7964      594E7454 
 7964      E9EA41B7 
 7964      B3306870 
 7964      029C5C5D 
 7965 0e2b 395493E5 		.ascii	"9T\223\345\262\340\004\034VU\241Q#\372\371p\336\350"
 7965      B2E0041C 
 7965      5655A151 
 7965      23FAF970 
 7965      DEE8
 7966 0e3d 7B212658 		.ascii	"{!&X\001V\324\246\332\274\321\277\036\252\231\032\026"
 7966      0156D4A6 
 7966      DABCD1BF 
 7966      1EAA991A 
 7966      16
 7967 0e4e 911B7801 		.ascii	"\221\033x\001Z\204\2047\312w\347W\003\332I\276\226\274"
 7967      5A848437 
 7967      CA77E757 
 7967      03DA49BE 
 7967      96BC
 7968 0e60 1DFE4683 		.ascii	"\035\376F\203\250j\0242\351{\347\\6\3217/-9]\306\266"
 7968      A86A1432 
 7968      E97BE75C 
 7968      36D1372F 
 7968      2D395DC6 
 7969 0e75 7C91730D 		.ascii	"|\221s\015w\340\371(L\325\236\275\205F\244\256P(\343"
 7969      77E0F928 
 7969      4CD59EBD 
 7969      8546A4AE 
 7969      5028E3
 7970 0e88 058C8024 		.ascii	"\005\214\200$x\301\033G\0029\347\257\234\356\275\221"
 7970      78C11B47 
 7970      0239E7AF 
 7970      9CEEBD91 
 7971 0e98 0183064D 		.ascii	"\001\203\006M\021C\306\003\316o\234\036\003\262\263"
 7971      1143C603 
 7971      CE6F9C1E 
 7971      03B2B3
 7972 0ea7 11E6C865 		.ascii	"\021\346\310e\343s(c\012\020(\336\260\346\306\315\235"
 7972      E3732863 
 7972      0A1028DE 
 7972      B0E6C6CD 
 7972      9D
 7973 0eb8 B3F104E8 		.ascii	"\263\361\004\350K\232\300\260>\254a\207\03257\320\346"
 7973      4B9AC0B0 
 7973      3EAC6187 
ARM GAS  C:\Users\nicx5\AppData\Local\Temp\cc9k9ag2.s 			page 374


 7973      1A3537D0 
 7973      E6
 7974 0ec9 9CF3100B 		.ascii	"\234\363\020\013\345\273\373\301\272\253r\005\372\033"
 7974      E5BBFBC1 
 7974      BAAB7205 
 7974      FA1B
 7975 0ed7 D84FAE38 		.ascii	"\330O\2568-}/\340e\023\324E\207\336\0346k\372\311\234"
 7975      2D7D2FE0 
 7975      6513D445 
 7975      87DE1C36 
 7975      6BFAC99C 
 7976 0eeb 2071CF1F 		.ascii	" q\317\037']\304\304\250\303\032\354\320\240\271pcK"
 7976      275DC4C4 
 7976      A8C31AEC 
 7976      D0A0B970 
 7976      634B
 7977 0efd 7A10CDC9 		.ascii	"z\020\315\311\325\367Am\370~\327\214\337\205\363\311"
 7977      D5F7416D 
 7977      F87ED78C 
 7977      DF85F3C9 
 7978 0f0d 59CD4FB5 		.ascii	"Y\315O\265\256\014\326\225\201\202\257\277k\346\357"
 7978      AE0CD695 
 7978      8182AFBF 
 7978      6BE6EF
 7979 0f1c C2D9DC95 		.ascii	"\302\331\334\225\363\020\033\030\004\032\244\305\244"
 7979      F3101B18 
 7979      041AA4C5 
 7979      A4
 7980 0f29 69D6F741 		.ascii	"i\326\367Ah\370Acx\203\325\336\367n\037\316=\300\210"
 7980      68F84163 
 7980      7883D5DE 
 7980      F76E1FCE 
 7980      3DC088
 7981 0f3c 6EB4E608 		.ascii	"n\264\346\010\373\336>\237\2669m\014\373^> >g\226\353"
 7981      FBDE3E9F 
 7981      B6396D0C 
 7981      FB5E3E20 
 7981      3E6796EB 
 7982 0f50 7B37A911 		.ascii	"{7\251\021\270,:\372>\210\013s\250\021&\314\325\343"
 7982      B82C3AFA 
 7982      3E880B73 
 7982      A81126CC 
 7982      D5E3
 7983 0f62 2A74EACC 		.ascii	"*t\352\314\005Q\242%\357WoN\221\2704}\257\230\353\326"
 7983      0551A225 
 7983      EF576F4E 
 7983      91B8347D 
 7983      AF98EBD6 
 7984 0f76 7363C65A 		.ascii	"sc\306Z\337M\363!\204K\214\034\314\341\015\314\305\003"
 7984      DF4DF321 
 7984      844B8C1C 
 7984      CCE10DCC 
 7984      C503
 7985 0f88 A3D6E304 		.ascii	"\243\326\343\004z\204\356\017s\370\273\273_\356.\034"
 7985      7A84EE0F 
 7985      73F8BBBB 
 7985      5FEE2E1C 
ARM GAS  C:\Users\nicx5\AppData\Local\Temp\cc9k9ag2.s 			page 375


 7986 0f98 6E727DF1 		.ascii	"nr}\361\330=Q\002"
 7986      D83D5102 
 7987 0fa0 3802EE80 		.ascii	"8\002\356\200EGw\355p\316\231\012C\346\2221\305\231"
 7987      454777ED 
 7987      70CE990A 
 7987      43E69231 
 7987      C599
 7988 0fb2 C1C032EC 		.ascii	"\301\3002\354\244\241\301\006I\337k\247\266\301\030"
 7988      A4A1C106 
 7988      49DF6BA7 
 7988      B6C118
 7989 0fc1 F3A4EFAD 		.ascii	"\363\244\357\255\263\\@\240\014\366\275#\330\270\237"
 7989      B35C40A0 
 7989      0CF6BD23 
 7989      D8B89F
 7990 0fd0 ABB4B338 		.ascii	"\253\264\2638=\326S\203\317\213\031)\270\003\026-Z\356"
 7990      3DD65383 
 7990      CF8B1929 
 7990      B803162D 
 7990      5AEE
 7991 0fe2 DCCD3937 		.ascii	"\334\31597\311.\334p\263\203f0\260\014>gr\2009\351{"
 7991      C92EDC70 
 7991      B3836630 
 7991      B00C3E67 
 7991      728039E9 
 7992 0ff7 E76ED915 		.ascii	"\347n\331\025\260\256\276WN\355\312J\253\362\374\277"
 7992      B0AEBE57 
 7992      4EEDCA4A 
 7992      ABF2FCBF 
 7993 1007 C3E304A3 		.ascii	"\303\343\004\243\027\247\357\201\234x\000j\220.\225"
 7993      17A7EF81 
 7993      9C78006A 
 7993      902E95
 7994 1016 5BE597ED 		.ascii	"[\345\227\355l\027\356B9\347\253\234\325\322\000\000"
 7994      6C17EE42 
 7994      39E7AB9C 
 7994      D5D20000 
 7995 1026 C7879E9A 		.ascii	"\307\207\236\232\301\014\326\225\341\277W~\341~\263"
 7995      C10CD695 
 7995      E1BF577E 
 7995      E17EB3
 7996 1035 64C8167E 		.ascii	"d\310\026~\264\030vi\351\267\213Eg\315\007^\227\276"
 7996      B4187669 
 7996      E9B78B45 
 7996      67CD075E 
 7996      97BE
 7997 1047 FF39F3E6 		.ascii	"\3779\363\346\346\272\375\337iB4t\321v\263bd\307\033"
 7997      E6BAFDDF 
 7997      69423474 
 7997      D176B362 
 7997      64C71B
 7998 105a 1A9D8328 		.ascii	"\032\235\203(\250\346\317\206e\273mi\316\025\354\226"
 7998      A8E6CF86 
 7998      65BB6D69 
 7998      CE15EC96 
 7999 106a 922BBCBE 		.ascii	"\222+\274\276\377\301\303B\023\272\354%\320%t\273f\256"
 7999      FFC1C342 
ARM GAS  C:\Users\nicx5\AppData\Local\Temp\cc9k9ag2.s 			page 376


 7999      13BAEC25 
 7999      D02574BB 
 7999      66AE
 8000 107c 2A0C59CE 		.ascii	"*\014Y\316\331\276\271d\203a\321\276\377\3159\347<\227"
 8000      D9BEB964 
 8000      8361D1BE 
 8000      FFCD39E7 
 8000      3C97
 8001 108e 654596BB 		.ascii	"eE\226\273\231\365$kf\205\241\362\032\312j3\363\312"
 8001      99F5246B 
 8001      6685A1F2 
 8001      1ACA6A33 
 8001      F3CA
 8002 10a0 B2B2F212 		.ascii	"\262\262\362\022\312j{6\263\254r\227\315O\252\256\234"
 8002      CA6A7B36 
 8002      B3AC7297 
 8002      CD4FAAAE 
 8002      9C
 8003 10b1 A9BA70A6 		.ascii	"\251\272p\246\362\312j3\353\022\312m\271+\347\234\303"
 8003      F2CA6A33 
 8003      EB12CA6D 
 8003      B92BE79C 
 8003      C3
 8004 10c2 6665AA9C 		.ascii	"fe\252\234\225\311\232B\271\315K(\353I\325\314j3\363"
 8004      95C99A42 
 8004      B9CD4B28 
 8004      EB49D5CC 
 8004      6A33F3
 8005 10d5 B2596D64 		.ascii	"\262Ymd^Ymd^C\331*7\263\025U\331%\363\312\012C\346\205"
 8005      5E596D64 
 8005      5E43D92A 
 8005      37B31555 
 8005      D925F3CA 
 8006 10ed DBA8BCB2 		.ascii	"\333\250\274\262\254\314\262\315O*{VH\266\"\353\032"
 8006      ACCCB2CD 
 8006      4F2A7B56 
 8006      48B622EB 
 8006      1A
 8007 10fe 93F52CB3 		.ascii	"\223\365,\263\315g>\3139/i\332\234\225\2359g=\263\207"
 8007      CD673ECB 
 8007      392F69DA 
 8007      9C959D39 
 8007      673DB387 
 8008 1112 26D6D3EB 		.ascii	"&\326\323\353\011\326\223\253\305\223-g\214\23431\347"
 8008      09D693AB 
 8008      C5932D67 
 8008      8C9C3331 
 8008      E7
 8009 1123 9C978409 		.ascii	"\234\227\204\011e\253\334|:\255\3020\344|V\225\363Y"
 8009      65ABDC7C 
 8009      3AADC230 
 8009      E47C5695 
 8009      F359
 8010 1135 FEC94D4B 		.ascii	"\376\311MK\246\205\225s\316b\271\202V\316\315\234s\030"
 8010      A6859573 
 8010      CE62B982 
 8010      56CECD9C 
ARM GAS  C:\Users\nicx5\AppData\Local\Temp\cc9k9ag2.s 			page 377


 8010      7318
 8011 1147 B1F9CC39 		.ascii	"\261\371\3149SYK\226\263\312\252h\345\2600\0148\303"
 8011      53594B96 
 8011      B3CAAA68 
 8011      E5B0300C 
 8011      38C3
 8012 1159 F2932AB3 		.ascii	"\362\223*\263\0129\347fV\233YXJC\353\214,?\311`\266"
 8012      0A39E766 
 8012      569B5958 
 8012      4A43EB8C 
 8012      2C3FC960 
 8013 116e D996B132 		.ascii	"\331\226\2612\015+\263\214\333\232\317\374\226s\266"
 8013      0D2BB38C 
 8013      DB9ACFFC 
 8013      9673B6
 8014 117d 6E809E84 		.ascii	"n\200\236\204SD\270kW1\234>\372\376\347\010\276jW\312"
 8014      5344B86B 
 8014      57319C3E 
 8014      FAFEE708 
 8014      BE6A57CA 
 8015 1191 EF94E70C 		.ascii	"\357\224\347\014\3159\337)\027\220\345Lu\247\004\311"
 8015      CD39DF29 
 8015      1790E54C 
 8015      75A704C9 
 8016 11a1 C9992AC8 		.ascii	"\311\231*\310\332\011\254\235\340\256]\371;#\336\377"
 8016      DA09AC9D 
 8016      E0AE5DF9 
 8016      3B23DEFF 
 8017 11b1 46B94D88 		.ascii	"F\271M\210\274\015)\322\367B\301\207O91}\377\243\343"
 8017      BC0D29D2 
 8017      F742C187 
 8017      4F39317D 
 8017      FFA3E3
 8018 11c4 3E89B285 		.ascii	">\211\262\205\325\244\357\323&\311J\023\005\255\202"
 8018      D5A4EFD3 
 8018      26C94A13 
 8018      05AD82
 8019 11d3 148A57B4 		.ascii	"\024\212W\264\313=\273L\324\340\210\316\365\275Kp\316"
 8019      CB3DBB4C 
 8019      D4E088CE 
 8019      F5BD4B70 
 8019      CE
 8020 11e4 F2C6A3EF 		.ascii	"\362\306\243\357\177`\340\016\\3\302\004o\241\341\011"
 8020      7F60E00E 
 8020      5C33C204 
 8020      6FA1E109 
 8021 11f4 D9A24308 		.ascii	"\331\242C\010\310\247\325\350H\242\010ig5\222\232Z?"
 8021      C8A7D5E8 
 8021      48A20869 
 8021      6735929A 
 8021      5A3F
 8022 1206 4072B032 		.ascii	"@r\2602\243\240V\024\313($\251(\246\321\347XDb\221t"
 8022      A3A05614 
 8022      CB2824A9 
 8022      28A6D1E7 
 8022      58446291 
 8023 121b 528A32E2 		.ascii	"R\2122\342a>!\221\212HE\244\025\012\251\034qD\304\\"
ARM GAS  C:\Users\nicx5\AppData\Local\Temp\cc9k9ag2.s 			page 378


 8023      613E2191 
 8023      8A4845A4 
 8023      150AA91C 
 8023      7144C45C 
 8024 122f 462131D7 		.ascii	"F!1\327\243\345\224\012\0120\225QJO\253\361\203\247"
 8024      A3E5940A 
 8024      0A309551 
 8024      4A4FABF1 
 8024      83A7
 8025 1241 A2929184 		.ascii	"\242\222\221\204q\004\323)\231D\304\\F!1\247N\0349H"
 8025      7104D329 
 8025      9944C45C 
 8025      462131A7 
 8025      4E1C3948 
 8026 1255 4D3157E3 		.ascii	"M1W\343\320z\264$J&UP\022\301\234:\021A2I\000R\"\230"
 8026      D07AB424 
 8026      4A265550 
 8026      12C19C3A 
 8026      11413249 
 8027 126d 53279E9E 		.ascii	"S'\236\236\212\\\254F\026Z\024\233\220+\212%SjJ\251"
 8027      8A5CAC46 
 8027      165A149B 
 8027      902B8A25 
 8027      536A4AA9 
 8028 1281 5C99C9A4 		.ascii	"\\\231\311\244&\344\212B\002\323\322\311\310\305j4\304"
 8028      26E48A42 
 8028      02D3D2C9 
 8028      C8C56A34 
 8028      C4
 8029 1292 645A93C9 		.ascii	"dZ\223\311\250\242\213\325h\271\\\225MMECJ\344\372T"
 8029      A8A28BD5 
 8029      68B95C95 
 8029      4D4D4543 
 8029      4AE4FA54 
 8030 12a6 54127A7A 		.ascii	"T\022zzB2\215\314\025\250\011\271\242\000R\256+:`*\221"
 8030      42328DCC 
 8030      15A809B9 
 8030      A20052AE 
 8030      2B3A602A 
 8031 12bb 4CA39208 		.ascii	"L\243\222\010\245\225\351\244\344@\271\256\350@*\212"
 8031      A595E9A4 
 8031      E440B9AE 
 8031      E8402A8A 
 8032 12cb 69541201 		.ascii	"iT\022\0014\000\344j\004\000#\011V&\322\205\023\223"
 8032      3400E46A 
 8032      04002309 
 8032      5626D285 
 8032      1393
 8033 12dd A968C211 		.ascii	"\251h\302\021\323)\231\344b\355iZW)\243\213\325\210"
 8033      D32999E4 
 8033      62ED695A 
 8033      5729A38B 
 8033      D588
 8034 12ef B906A100 		.ascii	"\271\006\241\000\342\240\201\251DJi\220\212bF\255p\032"
 8034      E2A081A9 
 8034      444A6990 
 8034      8A6246AD 
ARM GAS  C:\Users\nicx5\AppData\Local\Temp\cc9k9ag2.s 			page 379


 8034      701A
 8035 1301 F162A9C5 		.ascii	"\361b\251\305r\352i\3041\2041E\320\332\024U\202\231"
 8035      72EA69C4 
 8035      31843145 
 8035      D0DA1455 
 8035      8299
 8036 1313 5C95CAA9 		.ascii	"\\\225\312\251\"s5JX:\031\035C\030SL`&\223\326'\025"
 8036      2273354A 
 8036      583A191D 
 8036      4318534C 
 8036      602693D6 
 8037 1329 C8A40828 		.ascii	"\310\244\010(\247\245\246\344T\224\022\231TN-1W#\323"
 8037      A7A5A6E4 
 8037      54941299 
 8037      544E2D31 
 8037      5723D3
 8038 133c 2999E4F3 		.ascii	")\231\344\363\345\024\023\3114\036I\024!\0151\327\345"
 8038      E51413C9 
 8038      341E4914 
 8038      210D31D7 
 8038      E5
 8039 134d 8A625546 		.ascii	"\212bUF\025\217!\214)~\236\001\324\002^\254Le\024\023"
 8039      158F218C 
 8039      297E9E01 
 8039      D4025EAC 
 8039      4C651413 
 8040 1361 CFA59A34 		.ascii	"\317\245\2324H\255H\000\324\002\326\014\\@)\221A,V\024"
 8040      48AD4800 
 8040      D402D60C 
 8040      5C402991 
 8040      412C5614 
 8041 1375 25AC4D51 		.ascii	"%\254MQ%\212HE$\011\252\213\265\251\005\023\021j*y\224"
 8041      258A4845 
 8041      2409AA8B 
 8041      B5A90513 
 8041      116A2A79 
 8042 138a 5A8947A9 		.ascii	"Z\211G\251\025\263H:I\035\243\232t\226\307\250\246\035"
 8042      15B3483A 
 8042      491DA39A 
 8042      7496C7A8 
 8042      A61D
 8043 139c A6D393D4 		.ascii	"\246\323\223\324\222\351\030\325\264\263>M5\255-\230"
 8043      92E918D5 
 8043      B4B33E4D 
 8043      35AD2D98 
 8044 13ac 96C7E5F2 		.ascii	"\226\307\345\362(\265\002-\243\224\230L\310\027G\346"
 8044      28B5022D 
 8044      A394984C 
 8044      C81747E6 
 8045 13bc 93D4F218 		.ascii	"\223\324\362\030\265t\022R\252H\036\231\312(\251\243"
 8045      B5741252 
 8045      AA481E99 
 8045      CA28A9A3 
 8046 13cc 8AA9163E 		.ascii	"\212\251\026>*\246Z\340U*\004\346Qj\3259\276@B\361\340"
 8046      2AA65AE0 
 8046      552A04E6 
 8046      516AD539 
ARM GAS  C:\Users\nicx5\AppData\Local\Temp\cc9k9ag2.s 			page 380


 8046      BE4042F1 
 8047 13e1 75034E46 		.ascii	"u\003NF\345\272\242\003\234t\332aNE\035\327'\026,\242"
 8047      E5BAA203 
 8047      9C74DA61 
 8047      4E451DD7 
 8047      27162CA2 
 8048 13f5 983C4466 		.ascii	"\230<Df\262\250T\212`\256!\230\340Y\231H\2461\004\212"
 8048      B2A8548A 
 8048      60AE2198 
 8048      E0599948 
 8048      A631048A 
 8049 1409 142B13C9 		.ascii	"\024+\023\311\\\036U(\247v\21060\226\300G#\212H\027"
 8049      5C1E5528 
 8049      A7768836 
 8049      3096C047 
 8049      238A4817 
 8050 141d 45D208A4 		.ascii	"E\322\010\244[\"\205\211\021Hj\221\303\005=H:K&\222"
 8050      5B228589 
 8050      11486A91 
 8050      C3053D48 
 8050      3A4B2692 
 8051 1431 8A90D422 		.ascii	"\212\220\324\"s\031\205\204Q\024!\025\213H\304%\022"
 8051      73198584 
 8051      51142115 
 8051      8B48C425 
 8051      12
 8052 1442 4AC62212 		.ascii	"J\306\"\022\261\210\204=H2.\025\221\210E%\214\212H\252"
 8052      B188843D 
 8052      48322E15 
 8052      91884525 
 8052      8C8A48AA 
 8053 1456 88A52414 		.ascii	"\210\245$\024\034\000\275\205\006&&\026\307\245\323"
 8053      1C00BD85 
 8053      06262616 
 8053      C7A5D3
 8054 1465 128A8900 		.ascii	"\022\212\211\000.l\323\232d\341\364\204\324i\"\032\025"
 8054      2E6CD39A 
 8054      64E1F484 
 8054      D469221A 
 8054      15
 8055 1476 894071F4 		.ascii	"\211@q\364\360a\311DR\212\343\322\217\222\210\241u\003"
 8055      F061C944 
 8055      528AE3D2 
 8055      8F9288A1 
 8055      7503
 8056 1488 4E4BA8A9 		.ascii	"NK\250\251d\232t:.\235\324\247'$sy\\:\341\225\271>I"
 8056      649A743A 
 8056      2E9DD4A7 
 8056      27247379 
 8056      5C3AE195 
 8057 149f 41453125 		.ascii	"AE1%\235\216QK\247\343\322ih\225\012\201y\231J$sylr"
 8057      9D8E514B 
 8057      A7E3D269 
 8057      68950A81 
 8057      79994A24 
 8058 14b7 923A2299 		.ascii	"\222:\"\231\310& \346\372\001\023R\352\005\022jg\305"
 8058      C82620E6 
ARM GAS  C:\Users\nicx5\AppData\Local\Temp\cc9k9ag2.s 			page 381


 8058      FA011352 
 8058      EA05126A 
 8058      67C5
 8059 14c9 8A29153B 		.ascii	"\212)\025;\311\365\0113\223SQLG\345\272\342\005\317"
 8059      C9F50933 
 8059      9353514C 
 8059      47E5BAE2 
 8059      05CF
 8060 14db 0A8554AE 		.ascii	"\012\205T\256865E\035\223\253\213\025\210y\304\240\003"
 8060      38363545 
 8060      1D93AB8B 
 8060      158879C4 
 8060      A003
 8061 14ed D454F218 		.ascii	"\324T\362\030\265\302i\305\361\005\263G\331\324\204"
 8061      B5C269C5 
 8061      F105B347 
 8061      D9D484
 8062 14fc 3C22A19A 		.ascii	"<\"\241\232\360R\212\023\001 \261T<q\342\204\010\023"
 8062      F0528A13 
 8062      0120B154 
 8062      3C71E284 
 8062      0813
 8063 150e 491168D0 		.ascii	"I\021h\320\201\304R\361\202%\023I\036$\031qQ\011#\343"
 8063      81C452F1 
 8063      82251349 
 8063      1E241971 
 8063      510923E3 
 8064 1522 92714407 		.ascii	"\222qD\007KF:K)N\030\361\034\215(\032]\022KE\243k\\"
 8064      4B463A4B 
 8064      294E18F1 
 8064      1C8D281A 
 8064      5D124B45 
 8065 1539 321ADD22 		.ascii	"2\032\335\"\207$\021'\214t\324\"#\314\301\003\003\214"
 8065      87241127 
 8065      8C74D422 
 8065      23CCC103 
 8065      038C
 8066 154b 49465884 		.ascii	"IFX\204\221D\012%c\212\020\0240\342!\261TD\201\264d"
 8066      91440A25 
 8066      638A1014 
 8066      30E221B1 
 8066      544481B4 
 8067 1560 A4B381B1 		.ascii	"\244\263\201\261\204R\011\021J\"\222\214x\226L$m`,\201"
 8067      84520911 
 8067      4A22928C 
 8067      78964C24 
 8067      6D602C81 
 8068 1574 542C1261 		.ascii	"T,\022a\2049l`,\321AI\204\211$\243\235\013.x\213d\322"
 8068      84396C60 
 8068      2CD14149 
 8068      848924A3 
 8068      9D0B2E78 
 8069 158b 054B66D2 		.ascii	"\005Kf\322)J\252)\271\036]\254M?\313\2475\231D\266`"
 8069      294AAA29 
 8069      B91E5DAC 
 8069      4D3FCBA7 
 8069      359944B6 
ARM GAS  C:\Users\nicx5\AppData\Local\Temp\cc9k9ag2.s 			page 382


 8070 15a0 3A329751 		.ascii	":2\227QH?H\250&\236\246u\225Z\252K)\250#\007\251Uge"
 8070      483F48A8 
 8070      269EA675 
 8070      955AAA4B 
 8070      29A82307 
 8071 15b8 42AE603A 		.ascii	"B\256`:\035Ch!\265\"\312\310\243\\5\020%u\324@\324\223"
 8071      1D436821 
 8071      B522CAC8 
 8071      A35C3510 
 8071      2575D440 
 8072 15ce 1094D413 		.ascii	"\020\224\324\023\017\013%\262\005\3231\004\345\312d"
 8072      0F0B25B2 
 8072      05D33104 
 8072      E5CA64
 8073 15dd 225540B0 		.ascii	"\"U@\260>\251@&\327#\213\244\3232\271.\217\313)\025"
 8073      3EA94026 
 8073      D7238BA4 
 8073      D332B92E 
 8073      8FCB2915 
 8074 15f1 2E883A48 		.ascii	".\210:H\255\307\246\225\211drjZ\233\230G\015\230I\247"
 8074      ADC7A695 
 8074      8964726A 
 8074      5A9B9847 
 8074      0D9849A7 
 8075 1605 299DE594 		.ascii	")\235\345\224\012\027\307'dR\2712_\254\307u95\264b5"
 8075      0A17C727 
 8075      6452B932 
 8075      5FACC775 
 8075      3935B462 
 8076 161a 5AA54258 		.ascii	"Z\245BXzB\252\210z::\036-\2358\2060\246\240\360\026"
 8076      7A42AA88 
 8076      7A3A3A1E 
 8076      2D9D3886 
 8076      30A6A0F0 
 8077 162f 1A5EBCE0 		.ascii	"\032^\274\340\000bm\232zbJ&mX2nX\231\234\\\254F\033"
 8077      00626D9A 
 8077      7A624A26 
 8077      6D58326E 
 8077      58999C5C 
 8078 1646 8C49C612 		.ascii	"\214I\306\022E\015\376\"*\004\222\005,\260\374@\031"
 8078      450DFE22 
 8078      2A049205 
 8078      2CB0FC40 
 8078      19
 8079 1657 C581051A 		.ascii	"\305\201\005\032 b\202\016\211\245\342\222\211\244\243"
 8079      2062820E 
 8079      89A5E292 
 8079      89A4A3
 8080 1666 A5134845 		.ascii	"\245\023HEG:G#\212!\214)\216tH,\025\227\214(\216t\214"
 8080      473A4723 
 8080      8A218C29 
 8080      8E74482C 
 8080      15978C28 
 8081 167d 4BC60D8C 		.ascii	"K\306\015\214%\226L$\035\351\240P2.\031Q\034\351x\220"
 8081      25964C24 
 8081      1DE9A050 
 8081      322E1951 
ARM GAS  C:\Users\nicx5\AppData\Local\Temp\cc9k9ag2.s 			page 383


 8081      1CE97890 
 8082 1691 641C71E4 		.ascii	"d\034q\3440\242\203%%\021IF\022\214K\306\016\226\224"
 8082      30A28325 
 8082      25114946 
 8082      128C4BC6 
 8082      0E9694
 8083 16a4 4C20610E 		.ascii	"L a\016\037\216F\024\213G\252QR15J2*\2310\036\351t\360"
 8083      1F8E4614 
 8083      8B47AA51 
 8083      5231354A 
 8083      322A9930 
 8084 16bc F0E16844 		.ascii	"\360\341hD\221\003\244#\035\014v\216F\024K(\2218\322"
 8084      9103A423 
 8084      1D0C768E 
 8084      46144B28 
 8084      9138D2
 8085 16cf 31618482 		.ascii	"1a\204\202\003\245#\342\321\210\342\211\021I#\214\216"
 8085      03A523E2 
 8085      D188E289 
 8085      1149238C 
 8085      8E
 8086 16e0 76482C15 		.ascii	"vH,\025\225\214\212\216t>\\\320\264\272P\256\313\025"
 8086      958C8A8E 
 8086      743E5CD0 
 8086      B4BA50AE 
 8086      CB15
 8087 16f2 050FF3E8 		.ascii	"\005\017\363\350\341\0033\3514\205\237\301z\301\012"
 8087      E10333E9 
 8087      34859FC1 
 8087      7AC10A
 8088 1701 24870F1F 		.ascii	"$\207\017\0374Xx\006\035\212\030R\2308\302L\032T,\247"
 8088      34587806 
 8088      1D8A1852 
 8088      9838C24C 
 8088      1A542CA7 
 8089 1715 8E4F4FC7 		.ascii	"\216OO\307\027/2h\341\341\003\024s\271\201Ii\334p$Q"
 8089      172F3268 
 8089      E1E10314 
 8089      73B98149 
 8089      69DC7024 
 8090 172a 84747CF1 		.ascii	"\204t|\361\"\003$\017\037J,\0317,\225\253\013'\245\321"
 8090      2203240F 
 8090      1F4A2C19 
 8090      372C95AB 
 8090      0B27A5D1 
 8091 173e 070F928C 		.ascii	"\007\017\222\214#:XRB\302\377\211WN\365\314\255\315"
 8091      233A5852 
 8091      42C2FF89 
 8091      574EF5CC 
 8091      ADCD
 8092 1750 8795FA85 		.ascii	"\207\225\372\205\305\250\3659\253n\237\2234yX\372\376"
 8092      C5A8F539 
 8092      AB6E9F93 
 8092      347958FA 
 8092      FE
 8093 1761 44AA1BB8 		.ascii	"D\252\033\270\244/\016^_b\266\037\210F\243"
 8093      A42F0E5E 
ARM GAS  C:\Users\nicx5\AppData\Local\Temp\cc9k9ag2.s 			page 384


 8093      5F62B61F 
 8093      8846A3
 8094 1770 51393953 		.ascii	"Q99S\021\233j\364\304|\242\221\231WV\033Y\316T\326N"
 8094      119B6AF4 
 8094      C47CA291 
 8094      9957561B 
 8094      59CE54D6 
 8095 1785 1064ED04 		.ascii	"\020d\355\004?\"$\001\002\204x\177\365P5\004C\345\010"
 8095      3F222401 
 8095      0284787F 
 8095      F5503504 
 8095      43E508
 8096 1798 DF9C0B17 		.ascii	"\337\234\013\027\204\246\306KG_\000HA\372\257\022\022"
 8096      84A6C64B 
 8096      475F0048 
 8096      41FAAF12 
 8096      12
 8097 17a9 AA8619C8 		.ascii	"\252\206\031\310\252\374&\244Y\0113f0g\260\014>[\250"
 8097      AAFC26A4 
 8097      59093366 
 8097      3067B00C 
 8097      3E5BA8
 8098 17bc AE8E145E 		.ascii	"\256\216\024^5\344\301\001X\3706\005\003`\2048q\336"
 8098      35E4C101 
 8098      58F83605 
 8098      03608438 
 8098      71DE
 8099 17ce 5811A03C 		.ascii	"X\021\240<\333|`\010`\010\012\252D\2128\263|a\001\366"
 8099      DB7C6008 
 8099      60080AAA 
 8099      448A38B3 
 8099      7C6101F6 
 8100 17e2 3D051918 		.ascii	"=\005\031\030\00247n.\234\220\036;M\0316\272\372~\302"
 8100      0234376E 
 8100      2E9C901E 
 8100      3B4D1936 
 8100      BAFA7EC2 
 8101 17f6 1C1C0021 		.ascii	"\034\034\000!*\032\025\215\032\310\246\011\020\330\230"
 8101      2A1A158D 
 8101      1AC8A609 
 8101      10D898
 8102 1805 226B2AF4 		.ascii	"\"k*\364*\227\3022Z}U6\327\315\212\240\243L_5\215\272"
 8102      2A97C232 
 8102      5A7D5536 
 8102      D7CD8AA0 
 8102      A34C5F35 
 8103 181b E6656381 		.ascii	"\346ec\201\352\032\0250\207\232\252\264\273\344G\016"
 8103      EA1A1530 
 8103      879AAAB4 
 8103      BBE4470E 
 8104 182b 96959AAA 		.ascii	"\226\225\232\252F\015\256\260\303\214\2316A\2468{\254"
 8104      460DAEB0 
 8104      C38C9936 
 8104      41A6387B 
 8104      AC
 8105 183c 9CA5A1B2 		.ascii	"\234\245\241\262\207+\314\361\363\273\201Q8\320\373"
 8105      872BCCF1 
ARM GAS  C:\Users\nicx5\AppData\Local\Temp\cc9k9ag2.s 			page 385


 8105      F3BB8151 
 8105      38D0FB
 8106 184b 377728A3 		.ascii	"7w(\243\013\216\200\260\257/\232\006\235\"\003\256\254"
 8106      0B8E80B0 
 8106      AF2F9A06 
 8106      9D2203AE 
 8106      AC
 8107 185c EF273CB1 		.ascii	"\357'<\261\000\252\200\001\243\362\375=\201\006q\371"
 8107      00AA8001 
 8107      A3F2FD3D 
 8107      810671F9 
 8108 186c 11B763EF 		.ascii	"\021\267c\357*_Z\244\016\213\257\257:\346\272]\302\262"
 8108      2A5F5AA4 
 8108      0E8BAFAF 
 8108      3AE6BA5D 
 8108      C2B2
 8109 187e AB11FAAA 		.ascii	"\253\021\372\252z@\200yu\206}\325\274K\304\006\215\037"
 8109      7A408079 
 8109      75867DD5 
 8109      BC4BC406 
 8109      8D1F
 8110 1890 7D55313D 		.ascii	"}U1=\266C-\316M_5L\217a6g\205~\250sB5\212 \352\020b"
 8110      B6432DCE 
 8110      4D5F354C 
 8110      8F613667 
 8110      857EA873 
 8111 18ab 8C291219 		.ascii	"\214)\022\031\021M\322\026\003\223\026@@HL\"Sv]\316"
 8111      114DD216 
 8111      03931640 
 8111      40484C22 
 8111      53765DCE 
 8112 18bf 0313C044 		.ascii	"\003\023\300D\211\347\365\011Q\253\220AHDDD\"\021\221"
 8112      89E7F509 
 8112      51AB9041 
 8112      48444444 
 8112      221191
 8113 18d2 A4200585 		.ascii	"\244 \005\205\014\007[0\013\200\356\377\343\246\325"
 8113      0C075B30 
 8113      0B80EEFF 
 8113      E3A6D5
 8114 18e1 2E7EBC9E 		.ascii	".~\274\236w!p\3739~\000s\253#axi\271\032\377\033\333"
 8114      772170FB 
 8114      397E0073 
 8114      AB236178 
 8114      69B91AFF 
 8115 18f7 94875367 		.ascii	"\224\207Sg|\362#\375hTO\375\027c^\004$m<*\005[J6 F\015"
 8115      7CF223FD 
 8115      68544FFD 
 8115      17635E04 
 8115      246D3C2A 
 8116 1912 E964BDB7 		.ascii	"\351d\275\267\215\210\013\007\300\246\316JD\231}N\270"
 8116      8D880B07 
 8116      C0A6CE4A 
 8116      44997D4E 
 8116      B8
 8117 1923 5D74F156 		.ascii	"]t\361V\007iU-\007\020\261#\010\027\261\305-\026\311"
 8117      0769552D 
ARM GAS  C:\Users\nicx5\AppData\Local\Temp\cc9k9ag2.s 			page 386


 8117      0710B123 
 8117      0817B1C5 
 8117      2D16C9
 8118 1936 CE5595FC 		.ascii	"\316U\225\374\216'd\002\325\263\017\"\002\263b\231\330"
 8118      8E276402 
 8118      D5B30F22 
 8118      02B36299 
 8118      D8
 8119 1947 63EAD88C 		.ascii	"c\352\330\214\251a\254]X{\007#V\306\016LUnU\204\366"
 8119      A961AC5D 
 8119      587B0723 
 8119      56C60E4C 
 8119      556E5584 
 8120 195c 0EDA02D7 		.ascii	"\016\332\002\327\377g\030\020\241\021a'\031\262\211"
 8120      FF671810 
 8120      A1116127 
 8120      19B289
 8121 196b 4BC8342D 		.ascii	"K\3104-\015\025\316\321P{c\340t\371\226^\017l\306\316"
 8121      0D15CED1 
 8121      507B63E0 
 8121      74F9965E 
 8121      0F6CC6CE 
 8122 197f FBD07444 		.ascii	"\373\320tDU'\277(f\367\203\360\337C\221\016\177J\265"
 8122      5527BF28 
 8122      66F783F0 
 8122      DF43910E 
 8122      7F4AB5
 8123 1992 FADC6D85 		.ascii	"\372\334m\205\331%\216\322k\316>C\\?\352W;\350E3.\201"
 8123      D9258ED2 
 8123      6BCE3E43 
 8123      5C3FEA57 
 8123      3BE84533 
 8124 19a8 3B3C2EE0 		.ascii	";<.\340(B\360N\201P\242\343D\273\245&\021=\010\362\314"
 8124      2842F04E 
 8124      8150A2E3 
 8124      44BBA526 
 8124      113D08F2 
 8125 19bd 9164F27A 		.ascii	"\221d\362z\023\227\000s\306\372;\256H\034\253h\266\346"
 8125      13970073 
 8125      C6FA3BAE 
 8125      481CAB68 
 8125      B6E6
 8126 19cf C34B28B4 		.ascii	"\303K(\264\025\2206\202\315\361>\240\006G\277({\215"
 8126      15903682 
 8126      CDF13EA0 
 8126      0647BF28 
 8126      7B8D
 8127 19e1 BE7622FC 		.ascii	"\276v\"\374\347\345W\002#\3113%\230\3334\265\006L\\"
 8127      E7E55702 
 8127      23C93325 
 8127      98DB34B5 
 8127      064C5C
 8128 19f4 27A6D85F 		.ascii	"'\246\330_\303\220\324\035G\345\214\027\243\274\270"
 8128      C390D41D 
 8128      47E58C17 
 8128      A3BCB8
 8129 1a03 BF562F20 		.ascii	"\277V/ \353\333R\346\314%P\031ZA\265\350\334g\260S\311"
ARM GAS  C:\Users\nicx5\AppData\Local\Temp\cc9k9ag2.s 			page 387


 8129      EBDB52E6 
 8129      CC255019 
 8129      5A41B5E8 
 8129      DC67B053 
 8130 1a18 5B2D0CD5 		.ascii	"[-\014\3250\213\366\342\342)4\326\003\240\354EP\350"
 8130      308BF6E2 
 8130      E22934D6 
 8130      03A0EC45 
 8130      50E8
 8131 1a2a 1CB4C83B 		.ascii	"\034\264\310;\220\010cnA|-\\\327\026z,R\256F\201j\201"
 8131      9008636E 
 8131      417C2D5C 
 8131      D7167A2C 
 8131      52AE4681 
 8132 1a40 99113526 		.ascii	"\231\0215&\264\325\374\376F\220\234\205e\255\004\327"
 8132      B4D5FCFE 
 8132      46909C85 
 8132      65AD04D7 
 8133 1a50 D1E275B6 		.ascii	"\321\342u\266\244\000\317e^\344\033\027\233\371\310"
 8133      A400CF65 
 8133      5EE41B17 
 8133      9BF9C8
 8134 1a5f D46F41F8 		.ascii	"\324oA\370\325\303i\351[4A`-\350\032u\271.^\344\304"
 8134      D5C369E9 
 8134      5B344160 
 8134      2DE81A75 
 8134      B92E5EE4 
 8135 1a74 A06184E1 		.ascii	"\240a\204\341\333 \2252\313\320\316\364;\220\023i4\013"
 8135      DB209532 
 8135      CBD0CEF4 
 8135      3B901369 
 8135      340B
 8136 1a86 0E51FA72 		.ascii	"\016Q\372r\325\202\177r\355\240D>L\234C\234O\277\354"
 8136      D5827F72 
 8136      EDA0443E 
 8136      4C9C439C 
 8136      4FBFEC
 8137 1a99 4DB9C7C3 		.ascii	"M\271\307\303+ F\233\25748\224\224bg!ll\332\000\011"
 8137      2B20469B 
 8137      AF343894 
 8137      94626721 
 8137      6C6CDA00 
 8138 1aae 3B7FF860 		.ascii	";\177\370`\306\363k\337<\366\005\242\203\242S \302\016"
 8138      C6F36BDF 
 8138      3CF605A2 
 8138      83A25320 
 8138      C20E
 8139 1ac0 1D7F0160 		.ascii	"\035\177\001`)X\264+\344\3200\350G\214\177\254\330E"
 8139      2958B42B 
 8139      E4D030E8 
 8139      478C7FAC 
 8139      D845
 8140 1ad2 5D436BE5 		.ascii	"]Ck\345\241\277\267\240\014t\366D<JYV\346\004E\356\005"
 8140      A1BFB7A0 
 8140      0C74F644 
 8140      3C4A5956 
 8140      E60445EE 
ARM GAS  C:\Users\nicx5\AppData\Local\Temp\cc9k9ag2.s 			page 388


 8141 1ae7 0F84494E 		.ascii	"\017\204IN\375S\257\270\207\264S\310\036\271\342\226"
 8141      FD53AFB8 
 8141      87B453C8 
 8141      1EB9E296 
 8142 1af7 FB31F6A3 		.ascii	"\3731\366\243\000\252\343\221WC\250p\356p\001\365he"
 8142      00AAE391 
 8142      5743A870 
 8142      EE7001F5 
 8142      6865
 8143 1b09 F11AD599 		.ascii	"\361\032\325\231\007\226\021\345\347\274\244i\207E\374"
 8143      079611E5 
 8143      E7BCA469 
 8143      8745FC
 8144 1b18 ADA2DF77 		.ascii	"\255\242\337w\244\030\321\236\177i\372?^\2014\007\301"
 8144      A418D19E 
 8144      7F69FA3F 
 8144      5E813407 
 8144      C1
 8145 1b29 8B08D887 		.ascii	"\213\010\330\207K(\2643uI\317\274(%\201 \342\340$\267"
 8145      4B28B433 
 8145      7549CFBC 
 8145      28258120 
 8145      E2E024B7 
 8146 1b3d 288C273F 		.ascii	"(\214'?\277\260\340\316Z1\333-\016\364\301\324\336\231"
 8146      BFB0E0CE 
 8146      5A31DB2D 
 8146      0EF4C1D4 
 8146      DE99
 8147 1b4f 1681E569 		.ascii	"\026\201\345i\352s\276\335\356\270#\021\027\024\224"
 8147      EA73BEDD 
 8147      EEB82311 
 8147      171494
 8148 1b5e DD298FC1 		.ascii	"\335)\217\301\304fZR\351\261\315I\367\362\002#\2121"
 8148      C4665A52 
 8148      E9B1CD49 
 8148      F7F20223 
 8148      8A31
 8149 1b70 FB87F866 		.ascii	"\373\207\370f\222n\272b\356Q\365K1\221\315\263\036\344"
 8149      926EBA62 
 8149      EE51F54B 
 8149      3191CDB3 
 8149      1EE4
 8150 1b82 5C9397FF 		.ascii	"\\\223\227\377\314<\320X\2406\346\026J\334\212\216\252"
 8150      CC3CD058 
 8150      A036E616 
 8150      4ADC8A8E 
 8150      AA
 8151 1b93 2EBDFC65 		.ascii	".\275\374e\377\003\260\234V\232\031\021S\261\310\223"
 8151      FF03B09C 
 8151      569A1911 
 8151      53B1C893 
 8152 1ba3 61285466 		.ascii	"a(Tf*\240\306\320T]\263ED;\222\327\330\226\243\032\236"
 8152      2AA0C6D0 
 8152      545DB345 
 8152      443B92D7 
 8152      D896A31A 
 8153 1bb8 A01E1D98 		.ascii	"\240\036\035\230O\250\363\012\251>\306\345\200\327T"
ARM GAS  C:\Users\nicx5\AppData\Local\Temp\cc9k9ag2.s 			page 389


 8153      4FA8F30A 
 8153      A93EC6E5 
 8153      80D754
 8154 1bc7 0AD4909E 		.ascii	"\012\324\220\236\257\004r\261L\323\256\266{\2566-\240"
 8154      AF0472B1 
 8154      4CD3AEB6 
 8154      7BAE362D 
 8154      A0
 8155 1bd8 C8130FBF 		.ascii	"\310\023\017\277\002e\207\237\204\346@\033NY\356\014"
 8155      0265879F 
 8155      84E6401B 
 8155      4E59EE0C 
 8156 1be8 6399C40A 		.ascii	"c\231\304\012\203\2165FoW\026\201\270\250\016]\012\324"
 8156      838E3546 
 8156      6F571681 
 8156      B8A80E5D 
 8156      0AD4
 8157 1bfa 5FCA3378 		.ascii	"_\3123x\033Q\331\260\347\265\246b/%\322\251\217\255"
 8157      1B51D9B0 
 8157      E7B5A662 
 8157      2F25D2A9 
 8157      8FAD
 8158 1c0c 4072B947 		.ascii	"@r\271G\321C\360b\027P\376\014.H\326\034%m\334\0339"
 8158      D143F062 
 8158      1750FE0C 
 8158      2E48D61C 
 8158      256DDC1B 
 8159 1c21 91786511 		.ascii	"\221xe\021\217\261sp\021W\335\0061J\330\013\373P\206"
 8159      8FB17370 
 8159      1157DD06 
 8159      314AD80B 
 8159      FB5086
 8160 1c34 59820F27 		.ascii	"Y\202\017'\036\327\364\300\317,\251\032\032\222 2T\305"
 8160      1ED7F4C0 
 8160      CF2CA91A 
 8160      1A922032 
 8160      54C5
 8161 1c46 EDDA3A7A 		.ascii	"\355\332:z\003\251\244\222\002\352\012\303\010_\243"
 8161      03A9A492 
 8161      02EA0AC3 
 8161      085FA3
 8162 1c55 D49138C5 		.ascii	"\324\2218\305\303T\357\222*\330\026_\237\031t\005\014"
 8162      C354EF92 
 8162      2AD8165F 
 8162      9F197405 
 8162      0C
 8163 1c66 E2D4AA5B 		.ascii	"\342\324\252[v\323`Y\307]e\033\336\370\242\0273\342"
 8163      76D36059 
 8163      C75D651B 
 8163      DEF8A217 
 8163      33E2
 8164 1c78 EF546719 		.ascii	"\357Tg\031C]R\275\375\025\034\316\262 \022<q|\273[0"
 8164      435D52BD 
 8164      FD151CCE 
 8164      B220123C 
 8164      717CBB5B 
 8165 1c8d 27D17850 		.ascii	"'\321xPS\365\377\223\367H(\005\361}\030\002\034\351"
ARM GAS  C:\Users\nicx5\AppData\Local\Temp\cc9k9ag2.s 			page 390


 8165      53F5FF93 
 8165      F7482805 
 8165      F17D1802 
 8165      1CE9
 8166 1c9f 82355DCD 		.ascii	"\2025]\315\221\\4p\301!R\344\207D\3335x\227k\0278\357"
 8166      915C3470 
 8166      C12152E4 
 8166      8744DB35 
 8166      78976B17 
 8167 1cb5 CA08B725 		.ascii	"\312\010\267%\362\275r\230\372\350<FK\224\300\0052\030"
 8167      F2BD7298 
 8167      FAE83C46 
 8167      4B94C005 
 8167      3218
 8168 1cc7 8E168D7E 		.ascii	"\216\026\215~$W\266\2379\364t7\215\307\217w&\271K\276"
 8168      2457B69F 
 8168      39F47437 
 8168      8DC78F77 
 8168      26B94BBE 
 8169 1cdb 40CA7876 		.ascii	"@\312xv\350\320\025\012H\000\366\3752\021qph\252\371"
 8169      E8D0150A 
 8169      4800F6FD 
 8169      32117170 
 8169      68AAF9
 8170 1cee 3811B373 		.ascii	"8\021\263s\320\314W\245!\031Ba\037\323\372\316\211X"
 8170      D0CC57A5 
 8170      21194261 
 8170      1FD3FACE 
 8170      8958
 8171 1d00 B26CF382 		.ascii	"\262l\363\202\253%\253\005\005\033\351a\017\253\311"
 8171      AB25AB05 
 8171      051BE961 
 8171      0FABC9
 8172 1d0f 7EFB24E2 		.ascii	"~\373$\342\277\232=\365\000\205\210\254\340\223\275"
 8172      BF9A3DF5 
 8172      008588AC 
 8172      E093BD
 8173 1d1e DB05F918 		.ascii	"\333\005\371\030\332t]\037\002t\327F\323[\3154\003\311"
 8173      DA745D1F 
 8173      0274D746 
 8173      D35BCD34 
 8173      03C9
 8174 1d30 021C7DD1 		.ascii	"\002\034}\321\231\232\274\362\303\017E.\256|\352\230"
 8174      999ABCF2 
 8174      C30F452E 
 8174      AE7CEA98 
 8175 1d40 1E71BB37 		.ascii	"\036q\2737=\"\270\377\373\001\360$\214\307\017m\212"
 8175      3D22B8FF 
 8175      FB01F024 
 8175      8CC70F6D 
 8175      8A
 8176 1d51 8A929DA3 		.ascii	"\212\222\235\243f\210\025\021\327\275S\266r!\026\240"
 8176      66881511 
 8176      D7BD53B6 
 8176      722116A0 
 8177 1d61 8D8E2C34 		.ascii	"\215\216,4~-\372\360s\230Z\307b\355M\274:u$\210\227"
 8177      7E2DFAF0 
ARM GAS  C:\Users\nicx5\AppData\Local\Temp\cc9k9ag2.s 			page 391


 8177      73985AC7 
 8177      62ED4DBC 
 8177      3A752488 
 8178 1d76 032F922E 		.ascii	"\003/\222.!:\024C\250\255\313l\306P\212c\001VM\340\317"
 8178      213A1443 
 8178      A8ADCB6C 
 8178      C6508A63 
 8178      01564DE0 
 8179 1d8b 183E8C5D 		.ascii	"\030>\214]\310\364\216\000\030\301\026\332\007\002\320"
 8179      C8F48E00 
 8179      18C116DA 
 8179      0702D0
 8180 1d9a A9730541 		.ascii	"\251s\005A\010W\314Q\266\231e\263\261\215\267Q\310W"
 8180      0857CC51 
 8180      B69965B3 
 8180      B18DB751 
 8180      C857
 8181 1dac 2BBA396E 		.ascii	"+\2729nZ\311\014\003(9^\317\243|\344\015UxW^\221\337"
 8181      5AC90C03 
 8181      28395ECF 
 8181      A37CE40D 
 8181      5578575E 
 8182 1dc2 2EE574D5 		.ascii	".\345t\325\344\275o\333_\330|\032^\275\001\377/\306"
 8182      E4BD6FDB 
 8182      5FD87C1A 
 8182      5EBD01FF 
 8182      2FC6
 8183 1dd4 B64E8E97 		.ascii	"\266N\216\227\007\202\2216\357@0\225\021\227\350@\261"
 8183      07829136 
 8183      EF403095 
 8183      1197E840 
 8183      B1
 8184 1de5 4CA80605 		.ascii	"L\250\006\005DT(\206\020\263\337\035\216e\036\037\317"
 8184      44542886 
 8184      10B3DF1D 
 8184      8E651E1F 
 8184      CF
 8185 1df6 B36AF5D7 		.ascii	"\263j\365\327W\035x{\037\263\244m\011\315+\307y\225"
 8185      571D787B 
 8185      1FB3A46D 
 8185      09CD2BC7 
 8185      7995
 8186 1e08 A44201AD 		.ascii	"\244B\001\255\362;4\201\352\372~\275\"\331 \254\376"
 8186      F23B3481 
 8186      EAFA7EBD 
 8186      22D920AC 
 8186      FE
 8187 1e19 2A433305 		.ascii	"*C3\005c\346\247O\241X\361\320\205\177\270\020&\355"
 8187      63E6A74F 
 8187      A158F1D0 
 8187      857FB810 
 8187      26ED
 8188 1e2b 49600CAD 		.ascii	"I`\014\255\204#\247\204\206\267\222\226\312\355\005"
 8188      8423A784 
 8188      86B79296 
 8188      CAED05
 8189 1e3a 3055A316 		.ascii	"0U\243\026\264=D\356\351\361\332\224`\217o\230\351\""
ARM GAS  C:\Users\nicx5\AppData\Local\Temp\cc9k9ag2.s 			page 392


 8189      B43D44EE 
 8189      E9F1DA94 
 8189      608F6F98 
 8189      E922
 8190 1e4c AA0903F3 		.ascii	"\252\011\003\3630\2263ST}\034\256`r\247J\273\202\335"
 8190      30963353 
 8190      547D1CAE 
 8190      6072A74A 
 8190      BB82DD
 8191 1e5f 5A5A68B5 		.ascii	"ZZh\265\342\253\352\025\350\253\213p\217\361\217\264"
 8191      E2ABEA15 
 8191      E8AB8B70 
 8191      8FF18FB4 
 8192 1e6f BCBB8A8D 		.ascii	"\274\273\212\215T\2722\353\226!\315\363Up\337\312uX"
 8192      54BA32EB 
 8192      9621CDF3 
 8192      5570DFCA 
 8192      7558
 8193 1e81 FED732C1 		.ascii	"\376\3272\301\200\037\273d\305\260\007}\2377A\306U\237"
 8193      801FBB64 
 8193      C5B0077D 
 8193      9F3741C6 
 8193      559F
 8194 1e93 69036186 		.ascii	"i\003a\206\332\315\221\327\245i\027d\223\250\357\262"
 8194      DACD91D7 
 8194      A5691764 
 8194      93A8EFB2 
 8195 1ea3 3C0025A9 		.ascii	"<\000%\251\0006\304\032c\254,\266P<*\243\025\004a\341"
 8195      0036C41A 
 8195      63AC2CB6 
 8195      503C2AA3 
 8195      150461E1 
 8196 1eb7 D073FF55 		.ascii	"\320s\377U3\3416\3401l0q\361l\251l\212\312%1E\004\237"
 8196      33E136E0 
 8196      316C3071 
 8196      F16CA96C 
 8196      8ACA2531 
 8197 1ece B3572F40 		.ascii	"\263W/@%\212\302/\006\267 \264\217\005D,\351\300\345"
 8197      258AC22F 
 8197      06B720B4 
 8197      8F05442C 
 8197      E9C0E5
 8198 1ee1 EA925C13 		.ascii	"\352\222\\\023\020Z\371\240;\224\322\370 B=4e\333=\004"
 8198      105AF9A0 
 8198      3B94D2F8 
 8198      20423D34 
 8198      65DB3D04 
 8199 1ef5 B0564033 		.ascii	"\260V@3\362_\352\232\216\366\011\033bV\3412\277\261"
 8199      F25FEA9A 
 8199      8EF6091B 
 8199      6256E132 
 8199      BFB1
 8200 1f07 3FC97EF2 		.ascii	"?\311~\362\001/\277\335,f\023\032eaU\015\036\322\007"
 8200      012FBFDD 
 8200      2C66131A 
 8200      6561550D 
 8200      1ED207
ARM GAS  C:\Users\nicx5\AppData\Local\Temp\cc9k9ag2.s 			page 393


 8201 1f1a E182748F 		.ascii	"\341\202t\217\324\260\347^\261\235\003\313*H\213\347"
 8201      D4B0E75E 
 8201      B19D03CB 
 8201      2A488BE7 
 8202 1f2a 0DC04990 		.ascii	"\015\300I\220(\334?\376\235/(\263\361b}\260\231(/9\364"
 8202      28DC3FFE 
 8202      9D2F28B3 
 8202      F1627DB0 
 8202      99282F39 
 8203 1f3f 26       		.ascii	"&"
 8204 1f40 67FFFDB2 		.ascii	"g\377\375\262aq\372\302\356\235\3034\261K\254\030\337"
 8204      6171FAC2 
 8204      EE9DC334 
 8204      B14BAC18 
 8204      DF
 8205 1f51 7234FA06 		.ascii	"r4\372\006\\;\212{\200\224\374>M\316e\017I(\264\230"
 8205      5C3B8A7B 
 8205      8094FC3E 
 8205      4DCE650F 
 8205      4928B498 
 8206 1f65 381F835D 		.ascii	"8\037\203]/@\012\2508\321wqp\210\335\275\230\201\311"
 8206      2F400AA8 
 8206      38D17771 
 8206      7088DDBD 
 8206      9881C9
 8207 1f78 461D1DCE 		.ascii	"F\035\035\316\242\373\222(\312\243x\214\336V\211Ro\223"
 8207      A2FB9228 
 8207      CAA3788C 
 8207      DE568952 
 8207      6F93
 8208 1f8a 8AD40004 		.ascii	"\212\324\000\004p2\361\320\023\307\014\230\331g6\314"
 8208      7032F1D0 
 8208      13C70C98 
 8208      D96736CC 
 8209 1f9a DF14F542 		.ascii	"\337\024\365B4S|\361\017q\330\367\275\215sS\232\037"
 8209      34537CF1 
 8209      0F71D8F7 
 8209      BD8D7353 
 8209      9A1F
 8210 1fac 548E80B8 		.ascii	"T\216\200\270vp0s\207\200p-W\266\323O\344\003\254\034"
 8210      76703073 
 8210      8780702D 
 8210      57B6D34F 
 8210      E403AC1C 
 8211 1fc0 D86839BD 		.ascii	"\330h9\275\222I\275l\017\332b\373,\3651v\367E\014\325"
 8211      9249BD6C 
 8211      0FDA62FB 
 8211      2CF53176 
 8211      F7450CD5 
 8212 1fd4 1325A68E 		.ascii	"\023%\246\216G\274\034\376\227\326\3072\344\262\247"
 8212      47BC1CFE 
 8212      97D6C732 
 8212      E4B2A7
 8213 1fe3 AE1A3EE1 		.ascii	"\256\032>\341mI\327\203\021\223\331\206\256K\324\367"
 8213      6D49D783 
 8213      1193D986 
 8213      AE4BD4F7 
ARM GAS  C:\Users\nicx5\AppData\Local\Temp\cc9k9ag2.s 			page 394


 8214 1ff3 205D568A 		.ascii	" ]V\212\015j\000\312=]\215\011\304S@\024\205\373\230"
 8214      0D6A00CA 
 8214      3D5D8D09 
 8214      C4534014 
 8214      85FB98
 8215 2006 24B6C1E0 		.ascii	"$\266\301\340w\212\302\3525\012?V\352S\015\230e\244"
 8215      778AC2EA 
 8215      350A3F56 
 8215      EA530D98 
 8215      65A4
 8216 2018 3A300756 		.ascii	":0\007V\257\303p\021\026M\326\204\332\351\314\203.\037"
 8216      AFC37011 
 8216      164DD684 
 8216      DAE9CC83 
 8216      2E1F
 8217 202a 8A0B0FCF 		.ascii	"\212\013\017\317\374\267g\177\033\314\311\202\330\022"
 8217      FCB7677F 
 8217      1BCCC982 
 8217      D812
 8218 2038 68AD7246 		.ascii	"h\255rF\366\003\207y\352R\362Y\361I\001\266\364Gdis"
 8218      F6038779 
 8218      EA52F259 
 8218      F14901B6 
 8218      F4476469 
 8219 204d A126221F 		.ascii	"\241&\"\037\002\"V\206M\334\307\277[\302\003\374mH\254"
 8219      02225686 
 8219      4DDCC7BF 
 8219      5BC203FC 
 8219      6D48AC
 8220 2060 59B947DA 		.ascii	"Y\271G\332%\265n\225\031\\\"\374\021\374\345\001(\222"
 8220      25B56E95 
 8220      195C22FC 
 8220      11FCE501 
 8220      2892
 8221 2072 FF792A52 		.ascii	"\377y*R\215\203\016`\336\005u\377\035T\025\240}\204"
 8221      8D830E60 
 8221      DE0575FF 
 8221      1D5415A0 
 8221      7D84
 8222 2084 7A9F8274 		.ascii	"z\237\202te\2729\242\342\230\237\335@\360ca\353\304"
 8222      65BA39A2 
 8222      E2989FDD 
 8222      40F06361 
 8222      EBC4
 8223 2096 3AC1F7F3 		.ascii	":\301\367\363\003\363X\270\213\336^<w\016\232%u\223"
 8223      03F358B8 
 8223      8BDE5E3C 
 8223      770E9A25 
 8223      7593
 8224 20a8 3A86F54F 		.ascii	":\206\365O\253\351!\2166~|\232\371E/.\307b\012w~.\365"
 8224      ABE9218E 
 8224      367E7C9A 
 8224      F9452F2E 
 8224      C7620A77 
 8225 20bf 823DBBB5 		.ascii	"\202=\273\265\007\260\237\013\"o\275\207\354\212\020"
 8225      07B09F0B 
 8225      226FBD87 
ARM GAS  C:\Users\nicx5\AppData\Local\Temp\cc9k9ag2.s 			page 395


 8225      EC8A10
 8226 20ce B569EB42 		.ascii	"\265i\353BK\337?\010\377\224x\017\371z\351^\273\312"
 8226      4BDF3F08 
 8226      FF94780F 
 8226      F97AE95E 
 8226      BBCA
 8227 20e0 392712BD 		.ascii	"9'\022\275\376h\343\232\314\304N\215\246\364#\343\267"
 8227      FE68E39A 
 8227      CCC44E8D 
 8227      A6F423E3 
 8227      B7
 8228 20f1 18046726 		.ascii	"\030\004g&\031\375\274\220\022\237D\017\036\360gEv\305"
 8228      19FDBC90 
 8228      129F440F 
 8228      1EF06745 
 8228      76C5
 8229 2103 BE3A15EB 		.ascii	"\276:\025\353\015\256\007\242\354\304\263\354\331\254"
 8229      0DAE07A2 
 8229      ECC4B3EC 
 8229      D9AC
 8230 2111 23C1B6E2 		.ascii	"#\301\266\342/f\366vN~\253\366\343\250\374-\224\030"
 8230      2F66F676 
 8230      4E7EABF6 
 8230      E3A8FC2D 
 8230      9418
 8231 2123 9C014E3E 		.ascii	"\234\001N>\032^\220w1\317\3645\371\241\2076\034\335"
 8231      1A5E9077 
 8231      31CFF435 
 8231      F9A18736 
 8231      1CDD
 8232 2135 4680D621 		.ascii	"F\200\326!\017\307~\000e\010\375]L\300\272\210\364\023"
 8232      0FC77E00 
 8232      6508FD5D 
 8232      4CC0BA88 
 8232      F413
 8233 2147 FBC13A03 		.ascii	"\373\301:\003\245\010Y\374\347\230\367\026\363@\377"
 8233      A50859FC 
 8233      E798F716 
 8233      F340FF
 8234 2156 228BA3FE 		.ascii	"\"\213\243\376\274\240\373\350t\225:\037\317\263S\324"
 8234      BCA0FBE8 
 8234      74953A1F 
 8234      CFB353D4 
 8235 2166 2F6FCEB5 		.ascii	"/o\316\265\027\266\221\360\217\3465\265Z\247g\337i\037"
 8235      17B691F0 
 8235      8FE635B5 
 8235      5AA767DF 
 8235      691F
 8236 2178 68C3F4E3 		.ascii	"h\303\364\343\007\206m\037\356\362h\311\214\306f\327"
 8236      07866D1F 
 8236      EEF268C9 
 8236      8CC666D7 
 8237 2188 F570146C 		.ascii	"\365p\024l\03720y\031\2662q\344B\344\255\254\342\263"
 8237      1F323079 
 8237      19B63271 
 8237      E442E4AD 
 8237      ACE2B3
ARM GAS  C:\Users\nicx5\AppData\Local\Temp\cc9k9ag2.s 			page 396


 8238 219b 5D51D76F 		.ascii	"]Q\327o\371\271\255\200\0378X\373:\376\207CW.\376c\376"
 8238      F9B9AD80 
 8238      1F3858FB 
 8238      3AFE8743 
 8238      572EFE63 
 8239 21b0 719B62AD 		.ascii	"q\233b\255\331\235A\345y\210A\272?\251r\033\006\353"
 8239      D99D41E5 
 8239      798841BA 
 8239      3FA9721B 
 8239      06EB
 8240 21c2 3DA7663E 		.ascii	"=\247f>\375$\376\037\311\375\217\326\367 l\377\260\337"
 8240      FD24FE1F 
 8240      C9FD8FD6 
 8240      F7206CFF 
 8240      B0DF
 8241 21d4 60F82DE2 		.ascii	"`\370-\342Q\005\036\376\350!br>K\375O\241\023\331\213"
 8241      51051EFE 
 8241      E8216272 
 8241      3E4BFD4F 
 8241      A113D98B 
 8242 21e8 F3F898DC 		.ascii	"\363\370\230\334u\013\276\317G\2331\006;\\{\277\216"
 8242      750BBECF 
 8242      479B3106 
 8242      3B5C7BBF 
 8242      8E
 8243 21f9 CB52DC14 		.ascii	"\313R\334\024l\273\257\007\".\260\2740\373\353\344\217"
 8243      6CBBAF07 
 8243      222EB0BC 
 8243      30FBEBE4 
 8243      8F
 8244 220a ECB5C7E6 		.ascii	"\354\265\307\346E\336\217\322\221\354\373\325\347\310"
 8244      45DE8FD2 
 8244      91ECFBD5 
 8244      E7C8
 8245 2218 F327EC8F 		.ascii	"\363'\354\217~\211$/Z\263\3334MU\267{\324\265\240V\241"
 8245      7E89242F 
 8245      5AB3DB34 
 8245      4D55B77B 
 8245      D4B5A056 
 8246 222d 6EA13E6B 		.ascii	"n\241>k\234\325\345a\232>\2247\257\257\326/\275\320"
 8246      9CD5E561 
 8246      9A3E9437 
 8246      AFAFD62F 
 8246      BDD0
 8247 223f FF6A9184 		.ascii	"\377j\221\204[\360^\272\265\021\347 \367\276\211\"\247"
 8247      5BF05EBA 
 8247      B511E720 
 8247      F7BE8922 
 8247      A7
 8248 2250 0E5E583D 		.ascii	"\016^X=Gqn\372,\350\232\277\011\242\235\254\334\020"
 8248      47716EFA 
 8248      2CE89ABF 
 8248      09A29DAC 
 8248      DC10
 8249 2262 C98F6E00 		.ascii	"\311\217n\000\352\275c}\024\224\373\364~\210\224^-\037"
 8249      EABD637D 
 8249      1494FBF4 
ARM GAS  C:\Users\nicx5\AppData\Local\Temp\cc9k9ag2.s 			page 397


 8249      7E88945E 
 8249      2D1F
 8250 2274 51D7B75F 		.ascii	"Q\327\267_]\342^\340Y\\y=N/\270\337\037\311\227,\222"
 8250      5DE25EE0 
 8250      595C793D 
 8250      4E2FB8DF 
 8250      1FC9972C 
 8251 2289 859DEC9D 		.ascii	"\205\235\354\235\313=1K\323S\270\274g\257~\262<n\340"
 8251      CB3D314B 
 8251      D353B8BC 
 8251      67AF7EB2 
 8251      3C6EE0
 8252 229c 5F1958FA 		.ascii	"_\031X\372\223p\0154f\022\375\365\377\226\324\177q\330"
 8252      93700D34 
 8252      6612FDF5 
 8252      FF96D47F 
 8252      71D8
 8253 22ae B1B3D445 		.ascii	"\261\263\324Ex\007\202\027x\340\226\3751\372\016\330"
 8253      78078217 
 8253      78E096FD 
 8253      31FA0ED8 
 8254 22be 5C1F9D37 		.ascii	"\\\037\2357B\2479\237\367g\"Ep4w6mw\361\340<W\346v "
 8254      42A7399F 
 8254      F7672245 
 8254      70347736 
 8254      6D77F1E0 
 8255 22d7 6EB0AEA9 		.ascii	"n\260\256\251W\312\265\256"
 8255      57CAB5AE 
 8256              		.text
 8257              		.section	.gnu.lto_.symtab.1f2fd384,"e",%progbits
 8258 0000 5553425F 		.ascii	"USB_CoreInit\000"
 8258      436F7265 
 8258      496E6974 
 8258      00
 8259 000d 00       		.ascii	"\000"
 8260 000e 00       		.ascii	"\000"
 8261 000f 00       		.ascii	"\000"
 8262 0010 00000000 		.ascii	"\000\000\000\000\000\000\000\000"
 8262      00000000 
 8263 0018 50020000 		.ascii	"P\002\000\000"
 8264 001c 5553425F 		.ascii	"USB_SetTurnaroundTime\000"
 8264      53657454 
 8264      75726E61 
 8264      726F756E 
 8264      6454696D 
 8265 0032 00       		.ascii	"\000"
 8266 0033 00       		.ascii	"\000"
 8267 0034 00       		.ascii	"\000"
 8268 0035 00000000 		.ascii	"\000\000\000\000\000\000\000\000"
 8268      00000000 
 8269 003d 56020000 		.ascii	"V\002\000\000"
 8270 0041 5553425F 		.ascii	"USB_EnableGlobalInt\000"
 8270      456E6162 
 8270      6C65476C 
 8270      6F62616C 
 8270      496E7400 
 8271 0055 00       		.ascii	"\000"
ARM GAS  C:\Users\nicx5\AppData\Local\Temp\cc9k9ag2.s 			page 398


 8272 0056 00       		.ascii	"\000"
 8273 0057 00       		.ascii	"\000"
 8274 0058 00000000 		.ascii	"\000\000\000\000\000\000\000\000"
 8274      00000000 
 8275 0060 58020000 		.ascii	"X\002\000\000"
 8276 0064 5553425F 		.ascii	"USB_DisableGlobalInt\000"
 8276      44697361 
 8276      626C6547 
 8276      6C6F6261 
 8276      6C496E74 
 8277 0079 00       		.ascii	"\000"
 8278 007a 00       		.ascii	"\000"
 8279 007b 00       		.ascii	"\000"
 8280 007c 00000000 		.ascii	"\000\000\000\000\000\000\000\000"
 8280      00000000 
 8281 0084 5A020000 		.ascii	"Z\002\000\000"
 8282 0088 5553425F 		.ascii	"USB_SetCurrentMode\000"
 8282      53657443 
 8282      75727265 
 8282      6E744D6F 
 8282      646500
 8283 009b 00       		.ascii	"\000"
 8284 009c 00       		.ascii	"\000"
 8285 009d 00       		.ascii	"\000"
 8286 009e 00000000 		.ascii	"\000\000\000\000\000\000\000\000"
 8286      00000000 
 8287 00a6 5F020000 		.ascii	"_\002\000\000"
 8288 00aa 5553425F 		.ascii	"USB_FlushTxFifo\000"
 8288      466C7573 
 8288      68547846 
 8288      69666F00 
 8289 00ba 00       		.ascii	"\000"
 8290 00bb 00       		.ascii	"\000"
 8291 00bc 00       		.ascii	"\000"
 8292 00bd 00000000 		.ascii	"\000\000\000\000\000\000\000\000"
 8292      00000000 
 8293 00c5 64020000 		.ascii	"d\002\000\000"
 8294 00c9 5553425F 		.ascii	"USB_FlushRxFifo\000"
 8294      466C7573 
 8294      68527846 
 8294      69666F00 
 8295 00d9 00       		.ascii	"\000"
 8296 00da 00       		.ascii	"\000"
 8297 00db 00       		.ascii	"\000"
 8298 00dc 00000000 		.ascii	"\000\000\000\000\000\000\000\000"
 8298      00000000 
 8299 00e4 6A020000 		.ascii	"j\002\000\000"
 8300 00e8 5553425F 		.ascii	"USB_SetDevSpeed\000"
 8300      53657444 
 8300      65765370 
 8300      65656400 
 8301 00f8 00       		.ascii	"\000"
 8302 00f9 00       		.ascii	"\000"
 8303 00fa 00       		.ascii	"\000"
 8304 00fb 00000000 		.ascii	"\000\000\000\000\000\000\000\000"
 8304      00000000 
 8305 0103 71020000 		.ascii	"q\002\000\000"
ARM GAS  C:\Users\nicx5\AppData\Local\Temp\cc9k9ag2.s 			page 399


 8306 0107 5553425F 		.ascii	"USB_DevInit\000"
 8306      44657649 
 8306      6E697400 
 8307 0113 00       		.ascii	"\000"
 8308 0114 00       		.ascii	"\000"
 8309 0115 00       		.ascii	"\000"
 8310 0116 00000000 		.ascii	"\000\000\000\000\000\000\000\000"
 8310      00000000 
 8311 011e 73020000 		.ascii	"s\002\000\000"
 8312 0122 5553425F 		.ascii	"USB_GetDevSpeed\000"
 8312      47657444 
 8312      65765370 
 8312      65656400 
 8313 0132 00       		.ascii	"\000"
 8314 0133 00       		.ascii	"\000"
 8315 0134 00       		.ascii	"\000"
 8316 0135 00000000 		.ascii	"\000\000\000\000\000\000\000\000"
 8316      00000000 
 8317 013d 77020000 		.ascii	"w\002\000\000"
 8318 0141 5553425F 		.ascii	"USB_ActivateEndpoint\000"
 8318      41637469 
 8318      76617465 
 8318      456E6470 
 8318      6F696E74 
 8319 0156 00       		.ascii	"\000"
 8320 0157 00       		.ascii	"\000"
 8321 0158 00       		.ascii	"\000"
 8322 0159 00000000 		.ascii	"\000\000\000\000\000\000\000\000"
 8322      00000000 
 8323 0161 7F020000 		.ascii	"\177\002\000\000"
 8324 0165 5553425F 		.ascii	"USB_ActivateDedicatedEndpoint\000"
 8324      41637469 
 8324      76617465 
 8324      44656469 
 8324      63617465 
 8325 0183 00       		.ascii	"\000"
 8326 0184 00       		.ascii	"\000"
 8327 0185 00       		.ascii	"\000"
 8328 0186 00000000 		.ascii	"\000\000\000\000\000\000\000\000"
 8328      00000000 
 8329 018e 81020000 		.ascii	"\201\002\000\000"
 8330 0192 5553425F 		.ascii	"USB_DeactivateEndpoint\000"
 8330      44656163 
 8330      74697661 
 8330      7465456E 
 8330      64706F69 
 8331 01a9 00       		.ascii	"\000"
 8332 01aa 00       		.ascii	"\000"
 8333 01ab 00       		.ascii	"\000"
 8334 01ac 00000000 		.ascii	"\000\000\000\000\000\000\000\000"
 8334      00000000 
 8335 01b4 83020000 		.ascii	"\203\002\000\000"
 8336 01b8 5553425F 		.ascii	"USB_DeactivateDedicatedEndpoint\000"
 8336      44656163 
 8336      74697661 
 8336      74654465 
 8336      64696361 
ARM GAS  C:\Users\nicx5\AppData\Local\Temp\cc9k9ag2.s 			page 400


 8337 01d8 00       		.ascii	"\000"
 8338 01d9 00       		.ascii	"\000"
 8339 01da 00       		.ascii	"\000"
 8340 01db 00000000 		.ascii	"\000\000\000\000\000\000\000\000"
 8340      00000000 
 8341 01e3 85020000 		.ascii	"\205\002\000\000"
 8342 01e7 5553425F 		.ascii	"USB_EPStopXfer\000"
 8342      45505374 
 8342      6F705866 
 8342      657200
 8343 01f6 00       		.ascii	"\000"
 8344 01f7 00       		.ascii	"\000"
 8345 01f8 00       		.ascii	"\000"
 8346 01f9 00000000 		.ascii	"\000\000\000\000\000\000\000\000"
 8346      00000000 
 8347 0201 8C020000 		.ascii	"\214\002\000\000"
 8348 0205 5553425F 		.ascii	"USB_WritePacket\000"
 8348      57726974 
 8348      65506163 
 8348      6B657400 
 8349 0215 00       		.ascii	"\000"
 8350 0216 00       		.ascii	"\000"
 8351 0217 00       		.ascii	"\000"
 8352 0218 00000000 		.ascii	"\000\000\000\000\000\000\000\000"
 8352      00000000 
 8353 0220 94020000 		.ascii	"\224\002\000\000"
 8354 0224 5553425F 		.ascii	"USB_EPStartXfer\000"
 8354      45505374 
 8354      61727458 
 8354      66657200 
 8355 0234 00       		.ascii	"\000"
 8356 0235 00       		.ascii	"\000"
 8357 0236 00       		.ascii	"\000"
 8358 0237 00000000 		.ascii	"\000\000\000\000\000\000\000\000"
 8358      00000000 
 8359 023f 9A020000 		.ascii	"\232\002\000\000"
 8360 0243 5553425F 		.ascii	"USB_ReadPacket\000"
 8360      52656164 
 8360      5061636B 
 8360      657400
 8361 0252 00       		.ascii	"\000"
 8362 0253 00       		.ascii	"\000"
 8363 0254 00       		.ascii	"\000"
 8364 0255 00000000 		.ascii	"\000\000\000\000\000\000\000\000"
 8364      00000000 
 8365 025d A0020000 		.ascii	"\240\002\000\000"
 8366 0261 5553425F 		.ascii	"USB_EPSetStall\000"
 8366      45505365 
 8366      74537461 
 8366      6C6C00
 8367 0270 00       		.ascii	"\000"
 8368 0271 00       		.ascii	"\000"
 8369 0272 00       		.ascii	"\000"
 8370 0273 00000000 		.ascii	"\000\000\000\000\000\000\000\000"
 8370      00000000 
 8371 027b A2020000 		.ascii	"\242\002\000\000"
 8372 027f 5553425F 		.ascii	"USB_EPClearStall\000"
ARM GAS  C:\Users\nicx5\AppData\Local\Temp\cc9k9ag2.s 			page 401


 8372      4550436C 
 8372      65617253 
 8372      74616C6C 
 8372      00
 8373 0290 00       		.ascii	"\000"
 8374 0291 00       		.ascii	"\000"
 8375 0292 00       		.ascii	"\000"
 8376 0293 00000000 		.ascii	"\000\000\000\000\000\000\000\000"
 8376      00000000 
 8377 029b A4020000 		.ascii	"\244\002\000\000"
 8378 029f 5553425F 		.ascii	"USB_StopDevice\000"
 8378      53746F70 
 8378      44657669 
 8378      636500
 8379 02ae 00       		.ascii	"\000"
 8380 02af 00       		.ascii	"\000"
 8381 02b0 00       		.ascii	"\000"
 8382 02b1 00000000 		.ascii	"\000\000\000\000\000\000\000\000"
 8382      00000000 
 8383 02b9 67020000 		.ascii	"g\002\000\000"
 8384 02bd 5553425F 		.ascii	"USB_SetDevAddress\000"
 8384      53657444 
 8384      65764164 
 8384      64726573 
 8384      7300
 8385 02cf 00       		.ascii	"\000"
 8386 02d0 00       		.ascii	"\000"
 8387 02d1 00       		.ascii	"\000"
 8388 02d2 00000000 		.ascii	"\000\000\000\000\000\000\000\000"
 8388      00000000 
 8389 02da A6020000 		.ascii	"\246\002\000\000"
 8390 02de 5553425F 		.ascii	"USB_DevConnect\000"
 8390      44657643 
 8390      6F6E6E65 
 8390      637400
 8391 02ed 00       		.ascii	"\000"
 8392 02ee 00       		.ascii	"\000"
 8393 02ef 00       		.ascii	"\000"
 8394 02f0 00000000 		.ascii	"\000\000\000\000\000\000\000\000"
 8394      00000000 
 8395 02f8 AA020000 		.ascii	"\252\002\000\000"
 8396 02fc 5553425F 		.ascii	"USB_DevDisconnect\000"
 8396      44657644 
 8396      6973636F 
 8396      6E6E6563 
 8396      7400
 8397 030e 00       		.ascii	"\000"
 8398 030f 00       		.ascii	"\000"
 8399 0310 00       		.ascii	"\000"
 8400 0311 00000000 		.ascii	"\000\000\000\000\000\000\000\000"
 8400      00000000 
 8401 0319 AC020000 		.ascii	"\254\002\000\000"
 8402 031d 5553425F 		.ascii	"USB_ReadInterrupts\000"
 8402      52656164 
 8402      496E7465 
 8402      72727570 
 8402      747300
ARM GAS  C:\Users\nicx5\AppData\Local\Temp\cc9k9ag2.s 			page 402


 8403 0330 00       		.ascii	"\000"
 8404 0331 00       		.ascii	"\000"
 8405 0332 00       		.ascii	"\000"
 8406 0333 00000000 		.ascii	"\000\000\000\000\000\000\000\000"
 8406      00000000 
 8407 033b B0020000 		.ascii	"\260\002\000\000"
 8408 033f 5553425F 		.ascii	"USB_ReadChInterrupts\000"
 8408      52656164 
 8408      4368496E 
 8408      74657272 
 8408      75707473 
 8409 0354 00       		.ascii	"\000"
 8410 0355 00       		.ascii	"\000"
 8411 0356 00       		.ascii	"\000"
 8412 0357 00000000 		.ascii	"\000\000\000\000\000\000\000\000"
 8412      00000000 
 8413 035f B5020000 		.ascii	"\265\002\000\000"
 8414 0363 5553425F 		.ascii	"USB_ReadDevAllOutEpInterrupt\000"
 8414      52656164 
 8414      44657641 
 8414      6C6C4F75 
 8414      74457049 
 8415 0380 00       		.ascii	"\000"
 8416 0381 00       		.ascii	"\000"
 8417 0382 00       		.ascii	"\000"
 8418 0383 00000000 		.ascii	"\000\000\000\000\000\000\000\000"
 8418      00000000 
 8419 038b B7020000 		.ascii	"\267\002\000\000"
 8420 038f 5553425F 		.ascii	"USB_ReadDevAllInEpInterrupt\000"
 8420      52656164 
 8420      44657641 
 8420      6C6C496E 
 8420      4570496E 
 8421 03ab 00       		.ascii	"\000"
 8422 03ac 00       		.ascii	"\000"
 8423 03ad 00       		.ascii	"\000"
 8424 03ae 00000000 		.ascii	"\000\000\000\000\000\000\000\000"
 8424      00000000 
 8425 03b6 B9020000 		.ascii	"\271\002\000\000"
 8426 03ba 5553425F 		.ascii	"USB_ReadDevOutEPInterrupt\000"
 8426      52656164 
 8426      4465764F 
 8426      75744550 
 8426      496E7465 
 8427 03d4 00       		.ascii	"\000"
 8428 03d5 00       		.ascii	"\000"
 8429 03d6 00       		.ascii	"\000"
 8430 03d7 00000000 		.ascii	"\000\000\000\000\000\000\000\000"
 8430      00000000 
 8431 03df BB020000 		.ascii	"\273\002\000\000"
 8432 03e3 5553425F 		.ascii	"USB_ReadDevInEPInterrupt\000"
 8432      52656164 
 8432      44657649 
 8432      6E455049 
 8432      6E746572 
 8433 03fc 00       		.ascii	"\000"
 8434 03fd 00       		.ascii	"\000"
ARM GAS  C:\Users\nicx5\AppData\Local\Temp\cc9k9ag2.s 			page 403


 8435 03fe 00       		.ascii	"\000"
 8436 03ff 00000000 		.ascii	"\000\000\000\000\000\000\000\000"
 8436      00000000 
 8437 0407 BD020000 		.ascii	"\275\002\000\000"
 8438 040b 5553425F 		.ascii	"USB_ClearInterrupts\000"
 8438      436C6561 
 8438      72496E74 
 8438      65727275 
 8438      70747300 
 8439 041f 00       		.ascii	"\000"
 8440 0420 00       		.ascii	"\000"
 8441 0421 00       		.ascii	"\000"
 8442 0422 00000000 		.ascii	"\000\000\000\000\000\000\000\000"
 8442      00000000 
 8443 042a C2020000 		.ascii	"\302\002\000\000"
 8444 042e 5553425F 		.ascii	"USB_GetMode\000"
 8444      4765744D 
 8444      6F646500 
 8445 043a 00       		.ascii	"\000"
 8446 043b 00       		.ascii	"\000"
 8447 043c 00       		.ascii	"\000"
 8448 043d 00000000 		.ascii	"\000\000\000\000\000\000\000\000"
 8448      00000000 
 8449 0445 C4020000 		.ascii	"\304\002\000\000"
 8450 0449 5553425F 		.ascii	"USB_ActivateSetup\000"
 8450      41637469 
 8450      76617465 
 8450      53657475 
 8450      7000
 8451 045b 00       		.ascii	"\000"
 8452 045c 00       		.ascii	"\000"
 8453 045d 00       		.ascii	"\000"
 8454 045e 00000000 		.ascii	"\000\000\000\000\000\000\000\000"
 8454      00000000 
 8455 0466 C6020000 		.ascii	"\306\002\000\000"
 8456 046a 5553425F 		.ascii	"USB_EP0_OutStart\000"
 8456      4550305F 
 8456      4F757453 
 8456      74617274 
 8456      00
 8457 047b 00       		.ascii	"\000"
 8458 047c 00       		.ascii	"\000"
 8459 047d 00       		.ascii	"\000"
 8460 047e 00000000 		.ascii	"\000\000\000\000\000\000\000\000"
 8460      00000000 
 8461 0486 CC020000 		.ascii	"\314\002\000\000"
 8462 048a 5553425F 		.ascii	"USB_HostInit\000"
 8462      486F7374 
 8462      496E6974 
 8462      00
 8463 0497 00       		.ascii	"\000"
 8464 0498 00       		.ascii	"\000"
 8465 0499 00       		.ascii	"\000"
 8466 049a 00000000 		.ascii	"\000\000\000\000\000\000\000\000"
 8466      00000000 
 8467 04a2 CE020000 		.ascii	"\316\002\000\000"
 8468 04a6 5553425F 		.ascii	"USB_InitFSLSPClkSel\000"
ARM GAS  C:\Users\nicx5\AppData\Local\Temp\cc9k9ag2.s 			page 404


 8468      496E6974 
 8468      46534C53 
 8468      50436C6B 
 8468      53656C00 
 8469 04ba 00       		.ascii	"\000"
 8470 04bb 00       		.ascii	"\000"
 8471 04bc 00       		.ascii	"\000"
 8472 04bd 00000000 		.ascii	"\000\000\000\000\000\000\000\000"
 8472      00000000 
 8473 04c5 D0020000 		.ascii	"\320\002\000\000"
 8474 04c9 5553425F 		.ascii	"USB_ResetPort\000"
 8474      52657365 
 8474      74506F72 
 8474      7400
 8475 04d7 00       		.ascii	"\000"
 8476 04d8 00       		.ascii	"\000"
 8477 04d9 00       		.ascii	"\000"
 8478 04da 00000000 		.ascii	"\000\000\000\000\000\000\000\000"
 8478      00000000 
 8479 04e2 D2020000 		.ascii	"\322\002\000\000"
 8480 04e6 5553425F 		.ascii	"USB_DriveVbus\000"
 8480      44726976 
 8480      65566275 
 8480      7300
 8481 04f4 00       		.ascii	"\000"
 8482 04f5 00       		.ascii	"\000"
 8483 04f6 00       		.ascii	"\000"
 8484 04f7 00000000 		.ascii	"\000\000\000\000\000\000\000\000"
 8484      00000000 
 8485 04ff D4020000 		.ascii	"\324\002\000\000"
 8486 0503 5553425F 		.ascii	"USB_GetHostSpeed\000"
 8486      47657448 
 8486      6F737453 
 8486      70656564 
 8486      00
 8487 0514 00       		.ascii	"\000"
 8488 0515 00       		.ascii	"\000"
 8489 0516 00       		.ascii	"\000"
 8490 0517 00000000 		.ascii	"\000\000\000\000\000\000\000\000"
 8490      00000000 
 8491 051f D6020000 		.ascii	"\326\002\000\000"
 8492 0523 5553425F 		.ascii	"USB_GetCurrentFrame\000"
 8492      47657443 
 8492      75727265 
 8492      6E744672 
 8492      616D6500 
 8493 0537 00       		.ascii	"\000"
 8494 0538 00       		.ascii	"\000"
 8495 0539 00       		.ascii	"\000"
 8496 053a 00000000 		.ascii	"\000\000\000\000\000\000\000\000"
 8496      00000000 
 8497 0542 D8020000 		.ascii	"\330\002\000\000"
 8498 0546 5553425F 		.ascii	"USB_HC_Init\000"
 8498      48435F49 
 8498      6E697400 
 8499 0552 00       		.ascii	"\000"
 8500 0553 00       		.ascii	"\000"
ARM GAS  C:\Users\nicx5\AppData\Local\Temp\cc9k9ag2.s 			page 405


 8501 0554 00       		.ascii	"\000"
 8502 0555 00000000 		.ascii	"\000\000\000\000\000\000\000\000"
 8502      00000000 
 8503 055d E2020000 		.ascii	"\342\002\000\000"
 8504 0561 5553425F 		.ascii	"USB_HC_ReadInterrupt\000"
 8504      48435F52 
 8504      65616449 
 8504      6E746572 
 8504      72757074 
 8505 0576 00       		.ascii	"\000"
 8506 0577 00       		.ascii	"\000"
 8507 0578 00       		.ascii	"\000"
 8508 0579 00000000 		.ascii	"\000\000\000\000\000\000\000\000"
 8508      00000000 
 8509 0581 E4020000 		.ascii	"\344\002\000\000"
 8510 0585 5553425F 		.ascii	"USB_HC_Halt\000"
 8510      48435F48 
 8510      616C7400 
 8511 0591 00       		.ascii	"\000"
 8512 0592 00       		.ascii	"\000"
 8513 0593 00       		.ascii	"\000"
 8514 0594 00000000 		.ascii	"\000\000\000\000\000\000\000\000"
 8514      00000000 
 8515 059c E6020000 		.ascii	"\346\002\000\000"
 8516 05a0 5553425F 		.ascii	"USB_DoPing\000"
 8516      446F5069 
 8516      6E6700
 8517 05ab 00       		.ascii	"\000"
 8518 05ac 00       		.ascii	"\000"
 8519 05ad 00       		.ascii	"\000"
 8520 05ae 00000000 		.ascii	"\000\000\000\000\000\000\000\000"
 8520      00000000 
 8521 05b6 E8020000 		.ascii	"\350\002\000\000"
 8522 05ba 5553425F 		.ascii	"USB_HC_StartXfer\000"
 8522      48435F53 
 8522      74617274 
 8522      58666572 
 8522      00
 8523 05cb 00       		.ascii	"\000"
 8524 05cc 00       		.ascii	"\000"
 8525 05cd 00       		.ascii	"\000"
 8526 05ce 00000000 		.ascii	"\000\000\000\000\000\000\000\000"
 8526      00000000 
 8527 05d6 F1020000 		.ascii	"\361\002\000\000"
 8528 05da 5553425F 		.ascii	"USB_StopHost\000"
 8528      53746F70 
 8528      486F7374 
 8528      00
 8529 05e7 00       		.ascii	"\000"
 8530 05e8 00       		.ascii	"\000"
 8531 05e9 00       		.ascii	"\000"
 8532 05ea 00000000 		.ascii	"\000\000\000\000\000\000\000\000"
 8532      00000000 
 8533 05f2 F3020000 		.ascii	"\363\002\000\000"
 8534 05f6 5553425F 		.ascii	"USB_ActivateRemoteWakeup\000"
 8534      41637469 
 8534      76617465 
ARM GAS  C:\Users\nicx5\AppData\Local\Temp\cc9k9ag2.s 			page 406


 8534      52656D6F 
 8534      74655761 
 8535 060f 00       		.ascii	"\000"
 8536 0610 00       		.ascii	"\000"
 8537 0611 00       		.ascii	"\000"
 8538 0612 00000000 		.ascii	"\000\000\000\000\000\000\000\000"
 8538      00000000 
 8539 061a F5020000 		.ascii	"\365\002\000\000"
 8540 061e 5553425F 		.ascii	"USB_DeActivateRemoteWakeup\000"
 8540      44654163 
 8540      74697661 
 8540      74655265 
 8540      6D6F7465 
 8541 0639 00       		.ascii	"\000"
 8542 063a 00       		.ascii	"\000"
 8543 063b 00       		.ascii	"\000"
 8544 063c 00000000 		.ascii	"\000\000\000\000\000\000\000\000"
 8544      00000000 
 8545 0644 F7020000 		.ascii	"\367\002\000\000"
 8546 0648 48414C5F 		.ascii	"HAL_Delay\000"
 8546      44656C61 
 8546      7900
 8547 0652 00       		.ascii	"\000"
 8548 0653 02       		.ascii	"\002"
 8549 0654 00       		.ascii	"\000"
 8550 0655 00000000 		.ascii	"\000\000\000\000\000\000\000\000"
 8550      00000000 
 8551 065d FB020000 		.ascii	"\373\002\000\000"
 8552              		.text
 8553              		.section	.gnu.lto_.ext_symtab.1f2fd384,"e",%progbits
 8554 0000 01       		.ascii	"\001"
 8555 0001 01       		.ascii	"\001"
 8556 0002 00       		.ascii	"\000"
 8557 0003 01       		.ascii	"\001"
 8558 0004 00       		.ascii	"\000"
 8559 0005 01       		.ascii	"\001"
 8560 0006 00       		.ascii	"\000"
 8561 0007 01       		.ascii	"\001"
 8562 0008 00       		.ascii	"\000"
 8563 0009 01       		.ascii	"\001"
 8564 000a 00       		.ascii	"\000"
 8565 000b 01       		.ascii	"\001"
 8566 000c 00       		.ascii	"\000"
 8567 000d 01       		.ascii	"\001"
 8568 000e 00       		.ascii	"\000"
 8569 000f 01       		.ascii	"\001"
 8570 0010 00       		.ascii	"\000"
 8571 0011 01       		.ascii	"\001"
 8572 0012 00       		.ascii	"\000"
 8573 0013 01       		.ascii	"\001"
 8574 0014 00       		.ascii	"\000"
 8575 0015 01       		.ascii	"\001"
 8576 0016 00       		.ascii	"\000"
 8577 0017 01       		.ascii	"\001"
 8578 0018 00       		.ascii	"\000"
 8579 0019 01       		.ascii	"\001"
 8580 001a 00       		.ascii	"\000"
ARM GAS  C:\Users\nicx5\AppData\Local\Temp\cc9k9ag2.s 			page 407


 8581 001b 01       		.ascii	"\001"
 8582 001c 00       		.ascii	"\000"
 8583 001d 01       		.ascii	"\001"
 8584 001e 00       		.ascii	"\000"
 8585 001f 01       		.ascii	"\001"
 8586 0020 00       		.ascii	"\000"
 8587 0021 01       		.ascii	"\001"
 8588 0022 00       		.ascii	"\000"
 8589 0023 01       		.ascii	"\001"
 8590 0024 00       		.ascii	"\000"
 8591 0025 01       		.ascii	"\001"
 8592 0026 00       		.ascii	"\000"
 8593 0027 01       		.ascii	"\001"
 8594 0028 00       		.ascii	"\000"
 8595 0029 01       		.ascii	"\001"
 8596 002a 00       		.ascii	"\000"
 8597 002b 01       		.ascii	"\001"
 8598 002c 00       		.ascii	"\000"
 8599 002d 01       		.ascii	"\001"
 8600 002e 00       		.ascii	"\000"
 8601 002f 01       		.ascii	"\001"
 8602 0030 00       		.ascii	"\000"
 8603 0031 01       		.ascii	"\001"
 8604 0032 00       		.ascii	"\000"
 8605 0033 01       		.ascii	"\001"
 8606 0034 00       		.ascii	"\000"
 8607 0035 01       		.ascii	"\001"
 8608 0036 00       		.ascii	"\000"
 8609 0037 01       		.ascii	"\001"
 8610 0038 00       		.ascii	"\000"
 8611 0039 01       		.ascii	"\001"
 8612 003a 00       		.ascii	"\000"
 8613 003b 01       		.ascii	"\001"
 8614 003c 00       		.ascii	"\000"
 8615 003d 01       		.ascii	"\001"
 8616 003e 00       		.ascii	"\000"
 8617 003f 01       		.ascii	"\001"
 8618 0040 00       		.ascii	"\000"
 8619 0041 01       		.ascii	"\001"
 8620 0042 00       		.ascii	"\000"
 8621 0043 01       		.ascii	"\001"
 8622 0044 00       		.ascii	"\000"
 8623 0045 01       		.ascii	"\001"
 8624 0046 00       		.ascii	"\000"
 8625 0047 01       		.ascii	"\001"
 8626 0048 00       		.ascii	"\000"
 8627 0049 01       		.ascii	"\001"
 8628 004a 00       		.ascii	"\000"
 8629 004b 01       		.ascii	"\001"
 8630 004c 00       		.ascii	"\000"
 8631 004d 01       		.ascii	"\001"
 8632 004e 00       		.ascii	"\000"
 8633 004f 01       		.ascii	"\001"
 8634 0050 00       		.ascii	"\000"
 8635 0051 01       		.ascii	"\001"
 8636 0052 00       		.ascii	"\000"
 8637 0053 01       		.ascii	"\001"
ARM GAS  C:\Users\nicx5\AppData\Local\Temp\cc9k9ag2.s 			page 408


 8638 0054 00       		.ascii	"\000"
 8639 0055 01       		.ascii	"\001"
 8640 0056 00       		.ascii	"\000"
 8641 0057 01       		.ascii	"\001"
 8642 0058 00       		.ascii	"\000"
 8643 0059 01       		.ascii	"\001"
 8644 005a 00       		.ascii	"\000"
 8645 005b 01       		.ascii	"\001"
 8646 005c 00       		.ascii	"\000"
 8647 005d 01       		.ascii	"\001"
 8648 005e 00       		.ascii	"\000"
 8649 005f 01       		.ascii	"\001"
 8650 0060 00       		.ascii	"\000"
 8651 0061 01       		.ascii	"\001"
 8652 0062 00       		.ascii	"\000"
 8653              		.text
 8654              		.section	.gnu.lto_.opts,"e",%progbits
 8655 0000 272D666E 		.ascii	"'-fno-openmp' '-fno-openacc' '-fno-pie' '-fcf-prote"
 8655      6F2D6F70 
 8655      656E6D70 
 8655      2720272D 
 8655      666E6F2D 
 8656 0033 6374696F 		.ascii	"ction=none' '-g' '-mcpu=cortex-m7' '-mthumb' '-mfpu"
 8656      6E3D6E6F 
 8656      6E652720 
 8656      272D6727 
 8656      20272D6D 
 8657 0066 3D667076 		.ascii	"=fpv5-d16' '-mfloat-abi=hard' '-mlibarch=armv7e-m+f"
 8657      352D6431 
 8657      36272027 
 8657      2D6D666C 
 8657      6F61742D 
 8658 0099 702E6470 		.ascii	"p.dp' '-march=armv7e-m+fp.dp' '-Os' '-fdata-section"
 8658      2720272D 
 8658      6D617263 
 8658      683D6172 
 8658      6D763765 
 8659 00cc 73272027 		.ascii	"s' '-ffunction-sections' '-flto' '-fmerge-constants"
 8659      2D666675 
 8659      6E637469 
 8659      6F6E2D73 
 8659      65637469 
 8660 00ff 2720272D 		.ascii	"' '-fno-unwind-tables' '-fno-asynchronous-unwind-ta"
 8660      666E6F2D 
 8660      756E7769 
 8660      6E642D74 
 8660      61626C65 
 8661 0132 626C6573 		.ascii	"bles' '-Xassembler' '-a' '-Xassembler' '-ad' '-Xass"
 8661      2720272D 
 8661      58617373 
 8661      656D626C 
 8661      65722720 
 8662 0165 656D626C 		.ascii	"embler' '-alms=build_bootloader/stm32h7xx_ll_usb.ls"
 8662      65722720 
 8662      272D616C 
 8662      6D733D62 
 8662      75696C64 
ARM GAS  C:\Users\nicx5\AppData\Local\Temp\cc9k9ag2.s 			page 409


 8663 0198 742700   		.ascii	"t'\000"
 8664              		.text
 8665              		.comm	__gnu_lto_slim,1,1
 8666              		.ident	"GCC: (GNU) 13.3.0"
ARM GAS  C:\Users\nicx5\AppData\Local\Temp\cc9k9ag2.s 			page 410


DEFINED SYMBOLS
                            *ABS*:00000000 stm32h7xx_ll_usb.c
C:\Users\nicx5\AppData\Local\Temp\cc9k9ag2.s:27     .gnu.debuglto_.debug_info:00000000 stm32h7xx_ll_usb.c.330af4e7
                            *COM*:00000001 __gnu_lto_slim

NO UNDEFINED SYMBOLS
