ARM GAS  C:\Users\nicx5\AppData\Local\Temp\ccjkJcxQ.s 			page 1


   1              		.cpu cortex-m7
   2              		.arch armv7e-m
   3              		.fpu fpv5-d16
   4              		.eabi_attribute 28, 1
   5              		.eabi_attribute 20, 1
   6              		.eabi_attribute 21, 1
   7              		.eabi_attribute 23, 3
   8              		.eabi_attribute 24, 1
   9              		.eabi_attribute 25, 1
  10              		.eabi_attribute 26, 1
  11              		.eabi_attribute 30, 4
  12              		.eabi_attribute 34, 1
  13              		.eabi_attribute 18, 4
  14              		.file	"stm32h7xx_hal_qspi.c"
  15              		.file 1 "D:/Program Files/msys64/mingw64/arm-none-eabi/include/machine/_default_types.h"
  16              		.file 2 "D:/Program Files/msys64/mingw64/arm-none-eabi/include/sys/_stdint.h"
  17              		.file 3 "Drivers/CMSIS/Device/ST/STM32H7xx/Include/stm32h750xx.h"
  18              		.file 4 "Drivers/CMSIS/Device/ST/STM32H7xx/Include/stm32h7xx.h"
  19              		.file 5 "Drivers/STM32H7xx_HAL_Driver/Inc/stm32h7xx_hal_def.h"
  20              		.file 6 "Drivers/STM32H7xx_HAL_Driver/Inc/stm32h7xx_hal_mdma.h"
  21              		.file 7 "Drivers/STM32H7xx_HAL_Driver/Inc/stm32h7xx_hal_qspi.h"
  22              		.file 8 "Drivers/STM32H7xx_HAL_Driver/Src/stm32h7xx_hal_qspi.c"
  23              		.file 9 "Drivers/STM32H7xx_HAL_Driver/Inc/stm32h7xx_hal.h"
  24              		.section	.gnu.debuglto_.debug_info,"e",%progbits
  25              	.Ldebug_info0:
  26              		.hidden	stm32h7xx_hal_qspi.c.31ca700d
  27              		.weak	stm32h7xx_hal_qspi.c.31ca700d
  28              	stm32h7xx_hal_qspi.c.31ca700d:
  29 0000 06120000 		.4byte	0x1206
  30 0004 0200     		.2byte	0x2
  31 0006 00000000 		.4byte	.Ldebug_abbrev0
  32 000a 04       		.byte	0x4
  33 000b 01       		.uleb128 0x1
  34 000c 23000000 		.4byte	.LASF192
  35 0010 0C       		.byte	0xc
  36 0011 660A0000 		.4byte	.LASF193
  37 0015 2D060000 		.4byte	.LASF194
  38 0019 00000000 		.4byte	.Ldebug_line0
  39 001d 02       		.uleb128 0x2
  40 001e 02       		.byte	0x2
  41 001f 05       		.byte	0x5
  42 0020 AD030000 		.4byte	.LASF0
  43 0024 02       		.uleb128 0x2
  44 0025 01       		.byte	0x1
  45 0026 06       		.byte	0x6
  46 0027 A6020000 		.4byte	.LASF1
  47 002b 03       		.uleb128 0x3
  48 002c 50010000 		.4byte	.LASF4
  49 0030 01       		.byte	0x1
  50 0031 2B       		.byte	0x2b
  51 0032 18       		.byte	0x18
  52 0033 37000000 		.4byte	0x37
  53 0037 02       		.uleb128 0x2
  54 0038 01       		.byte	0x1
  55 0039 08       		.byte	0x8
  56 003a A1090000 		.4byte	.LASF2
  57 003e 02       		.uleb128 0x2
ARM GAS  C:\Users\nicx5\AppData\Local\Temp\ccjkJcxQ.s 			page 2


  58 003f 02       		.byte	0x2
  59 0040 07       		.byte	0x7
  60 0041 46050000 		.4byte	.LASF3
  61 0045 03       		.uleb128 0x3
  62 0046 C5050000 		.4byte	.LASF5
  63 004a 01       		.byte	0x1
  64 004b 4D       		.byte	0x4d
  65 004c 18       		.byte	0x18
  66 004d 51000000 		.4byte	0x51
  67 0051 02       		.uleb128 0x2
  68 0052 04       		.byte	0x4
  69 0053 05       		.byte	0x5
  70 0054 45030000 		.4byte	.LASF6
  71 0058 03       		.uleb128 0x3
  72 0059 2B040000 		.4byte	.LASF7
  73 005d 01       		.byte	0x1
  74 005e 4F       		.byte	0x4f
  75 005f 19       		.byte	0x19
  76 0060 64000000 		.4byte	0x64
  77 0064 02       		.uleb128 0x2
  78 0065 04       		.byte	0x4
  79 0066 07       		.byte	0x7
  80 0067 B2020000 		.4byte	.LASF8
  81 006b 02       		.uleb128 0x2
  82 006c 08       		.byte	0x8
  83 006d 05       		.byte	0x5
  84 006e 98020000 		.4byte	.LASF9
  85 0072 02       		.uleb128 0x2
  86 0073 08       		.byte	0x8
  87 0074 07       		.byte	0x7
  88 0075 9F010000 		.4byte	.LASF10
  89 0079 04       		.uleb128 0x4
  90 007a 04       		.byte	0x4
  91 007b 05       		.byte	0x5
  92 007c 696E7400 		.ascii	"int\000"
  93 0080 02       		.uleb128 0x2
  94 0081 04       		.byte	0x4
  95 0082 07       		.byte	0x7
  96 0083 8C030000 		.4byte	.LASF11
  97 0087 03       		.uleb128 0x3
  98 0088 DE0A0000 		.4byte	.LASF12
  99 008c 02       		.byte	0x2
 100 008d 18       		.byte	0x18
 101 008e 13       		.byte	0x13
 102 008f 2B000000 		.4byte	0x2b
 103 0093 03       		.uleb128 0x3
 104 0094 39070000 		.4byte	.LASF13
 105 0098 02       		.byte	0x2
 106 0099 2C       		.byte	0x2c
 107 009a 13       		.byte	0x13
 108 009b 45000000 		.4byte	0x45
 109 009f 03       		.uleb128 0x3
 110 00a0 1D0A0000 		.4byte	.LASF14
 111 00a4 02       		.byte	0x2
 112 00a5 30       		.byte	0x30
 113 00a6 14       		.byte	0x14
 114 00a7 58000000 		.4byte	0x58
ARM GAS  C:\Users\nicx5\AppData\Local\Temp\ccjkJcxQ.s 			page 3


 115 00ab 05       		.uleb128 0x5
 116 00ac 9F000000 		.4byte	0x9f
 117 00b0 06       		.uleb128 0x6
 118 00b1 38       		.byte	0x38
 119 00b2 03       		.byte	0x3
 120 00b3 6F02     		.2byte	0x26f
 121 00b5 09       		.byte	0x9
 122 00b6 9B010000 		.4byte	0x19b
 123 00ba 07       		.uleb128 0x7
 124 00bb 1B0C0000 		.4byte	.LASF15
 125 00bf 03       		.byte	0x3
 126 00c0 7102     		.2byte	0x271
 127 00c2 12       		.byte	0x12
 128 00c3 AB000000 		.4byte	0xab
 129 00c7 02       		.byte	0x2
 130 00c8 23       		.byte	0x23
 131 00c9 00       		.uleb128 0
 132 00ca 07       		.uleb128 0x7
 133 00cb BF090000 		.4byte	.LASF16
 134 00cf 03       		.byte	0x3
 135 00d0 7202     		.2byte	0x272
 136 00d2 12       		.byte	0x12
 137 00d3 AB000000 		.4byte	0xab
 138 00d7 02       		.byte	0x2
 139 00d8 23       		.byte	0x23
 140 00d9 04       		.uleb128 0x4
 141 00da 07       		.uleb128 0x7
 142 00db 74030000 		.4byte	.LASF17
 143 00df 03       		.byte	0x3
 144 00e0 7302     		.2byte	0x273
 145 00e2 12       		.byte	0x12
 146 00e3 AB000000 		.4byte	0xab
 147 00e7 02       		.byte	0x2
 148 00e8 23       		.byte	0x23
 149 00e9 08       		.uleb128 0x8
 150 00ea 08       		.uleb128 0x8
 151 00eb 43435200 		.ascii	"CCR\000"
 152 00ef 03       		.byte	0x3
 153 00f0 7402     		.2byte	0x274
 154 00f2 12       		.byte	0x12
 155 00f3 AB000000 		.4byte	0xab
 156 00f7 02       		.byte	0x2
 157 00f8 23       		.byte	0x23
 158 00f9 0C       		.uleb128 0xc
 159 00fa 07       		.uleb128 0x7
 160 00fb B60A0000 		.4byte	.LASF18
 161 00ff 03       		.byte	0x3
 162 0100 7502     		.2byte	0x275
 163 0102 12       		.byte	0x12
 164 0103 AB000000 		.4byte	0xab
 165 0107 02       		.byte	0x2
 166 0108 23       		.byte	0x23
 167 0109 10       		.uleb128 0x10
 168 010a 07       		.uleb128 0x7
 169 010b 80050000 		.4byte	.LASF19
 170 010f 03       		.byte	0x3
 171 0110 7602     		.2byte	0x276
ARM GAS  C:\Users\nicx5\AppData\Local\Temp\ccjkJcxQ.s 			page 4


 172 0112 12       		.byte	0x12
 173 0113 AB000000 		.4byte	0xab
 174 0117 02       		.byte	0x2
 175 0118 23       		.byte	0x23
 176 0119 14       		.uleb128 0x14
 177 011a 07       		.uleb128 0x7
 178 011b 6A090000 		.4byte	.LASF20
 179 011f 03       		.byte	0x3
 180 0120 7702     		.2byte	0x277
 181 0122 12       		.byte	0x12
 182 0123 AB000000 		.4byte	0xab
 183 0127 02       		.byte	0x2
 184 0128 23       		.byte	0x23
 185 0129 18       		.uleb128 0x18
 186 012a 07       		.uleb128 0x7
 187 012b 5E060000 		.4byte	.LASF21
 188 012f 03       		.byte	0x3
 189 0130 7802     		.2byte	0x278
 190 0132 12       		.byte	0x12
 191 0133 AB000000 		.4byte	0xab
 192 0137 02       		.byte	0x2
 193 0138 23       		.byte	0x23
 194 0139 1C       		.uleb128 0x1c
 195 013a 07       		.uleb128 0x7
 196 013b 6F090000 		.4byte	.LASF22
 197 013f 03       		.byte	0x3
 198 0140 7902     		.2byte	0x279
 199 0142 12       		.byte	0x12
 200 0143 AB000000 		.4byte	0xab
 201 0147 02       		.byte	0x2
 202 0148 23       		.byte	0x23
 203 0149 20       		.uleb128 0x20
 204 014a 07       		.uleb128 0x7
 205 014b 78010000 		.4byte	.LASF23
 206 014f 03       		.byte	0x3
 207 0150 7A02     		.2byte	0x27a
 208 0152 12       		.byte	0x12
 209 0153 AB000000 		.4byte	0xab
 210 0157 02       		.byte	0x2
 211 0158 23       		.byte	0x23
 212 0159 24       		.uleb128 0x24
 213 015a 07       		.uleb128 0x7
 214 015b D0080000 		.4byte	.LASF24
 215 015f 03       		.byte	0x3
 216 0160 7B02     		.2byte	0x27b
 217 0162 12       		.byte	0x12
 218 0163 AB000000 		.4byte	0xab
 219 0167 02       		.byte	0x2
 220 0168 23       		.byte	0x23
 221 0169 28       		.uleb128 0x28
 222 016a 07       		.uleb128 0x7
 223 016b 05070000 		.4byte	.LASF25
 224 016f 03       		.byte	0x3
 225 0170 7C02     		.2byte	0x27c
 226 0172 12       		.byte	0x12
 227 0173 9F000000 		.4byte	0x9f
 228 0177 02       		.byte	0x2
ARM GAS  C:\Users\nicx5\AppData\Local\Temp\ccjkJcxQ.s 			page 5


 229 0178 23       		.byte	0x23
 230 0179 2C       		.uleb128 0x2c
 231 017a 07       		.uleb128 0x7
 232 017b BB0A0000 		.4byte	.LASF26
 233 017f 03       		.byte	0x3
 234 0180 7D02     		.2byte	0x27d
 235 0182 12       		.byte	0x12
 236 0183 AB000000 		.4byte	0xab
 237 0187 02       		.byte	0x2
 238 0188 23       		.byte	0x23
 239 0189 30       		.uleb128 0x30
 240 018a 07       		.uleb128 0x7
 241 018b 36040000 		.4byte	.LASF27
 242 018f 03       		.byte	0x3
 243 0190 7E02     		.2byte	0x27e
 244 0192 12       		.byte	0x12
 245 0193 AB000000 		.4byte	0xab
 246 0197 02       		.byte	0x2
 247 0198 23       		.byte	0x23
 248 0199 34       		.uleb128 0x34
 249 019a 00       		.byte	0
 250 019b 09       		.uleb128 0x9
 251 019c A6050000 		.4byte	.LASF28
 252 01a0 03       		.byte	0x3
 253 01a1 7F02     		.2byte	0x27f
 254 01a3 02       		.byte	0x2
 255 01a4 B0000000 		.4byte	0xb0
 256 01a8 06       		.uleb128 0x6
 257 01a9 34       		.byte	0x34
 258 01aa 03       		.byte	0x3
 259 01ab DD05     		.2byte	0x5dd
 260 01ad 09       		.byte	0x9
 261 01ae 7F020000 		.4byte	0x27f
 262 01b2 08       		.uleb128 0x8
 263 01b3 435200   		.ascii	"CR\000"
 264 01b6 03       		.byte	0x3
 265 01b7 DF05     		.2byte	0x5df
 266 01b9 11       		.byte	0x11
 267 01ba AB000000 		.4byte	0xab
 268 01be 02       		.byte	0x2
 269 01bf 23       		.byte	0x23
 270 01c0 00       		.uleb128 0
 271 01c1 08       		.uleb128 0x8
 272 01c2 44435200 		.ascii	"DCR\000"
 273 01c6 03       		.byte	0x3
 274 01c7 E005     		.2byte	0x5e0
 275 01c9 11       		.byte	0x11
 276 01ca AB000000 		.4byte	0xab
 277 01ce 02       		.byte	0x2
 278 01cf 23       		.byte	0x23
 279 01d0 04       		.uleb128 0x4
 280 01d1 08       		.uleb128 0x8
 281 01d2 535200   		.ascii	"SR\000"
 282 01d5 03       		.byte	0x3
 283 01d6 E105     		.2byte	0x5e1
 284 01d8 11       		.byte	0x11
 285 01d9 AB000000 		.4byte	0xab
ARM GAS  C:\Users\nicx5\AppData\Local\Temp\ccjkJcxQ.s 			page 6


 286 01dd 02       		.byte	0x2
 287 01de 23       		.byte	0x23
 288 01df 08       		.uleb128 0x8
 289 01e0 08       		.uleb128 0x8
 290 01e1 46435200 		.ascii	"FCR\000"
 291 01e5 03       		.byte	0x3
 292 01e6 E205     		.2byte	0x5e2
 293 01e8 11       		.byte	0x11
 294 01e9 AB000000 		.4byte	0xab
 295 01ed 02       		.byte	0x2
 296 01ee 23       		.byte	0x23
 297 01ef 0C       		.uleb128 0xc
 298 01f0 08       		.uleb128 0x8
 299 01f1 444C5200 		.ascii	"DLR\000"
 300 01f5 03       		.byte	0x3
 301 01f6 E305     		.2byte	0x5e3
 302 01f8 11       		.byte	0x11
 303 01f9 AB000000 		.4byte	0xab
 304 01fd 02       		.byte	0x2
 305 01fe 23       		.byte	0x23
 306 01ff 10       		.uleb128 0x10
 307 0200 08       		.uleb128 0x8
 308 0201 43435200 		.ascii	"CCR\000"
 309 0205 03       		.byte	0x3
 310 0206 E405     		.2byte	0x5e4
 311 0208 11       		.byte	0x11
 312 0209 AB000000 		.4byte	0xab
 313 020d 02       		.byte	0x2
 314 020e 23       		.byte	0x23
 315 020f 14       		.uleb128 0x14
 316 0210 08       		.uleb128 0x8
 317 0211 415200   		.ascii	"AR\000"
 318 0214 03       		.byte	0x3
 319 0215 E505     		.2byte	0x5e5
 320 0217 11       		.byte	0x11
 321 0218 AB000000 		.4byte	0xab
 322 021c 02       		.byte	0x2
 323 021d 23       		.byte	0x23
 324 021e 18       		.uleb128 0x18
 325 021f 08       		.uleb128 0x8
 326 0220 41425200 		.ascii	"ABR\000"
 327 0224 03       		.byte	0x3
 328 0225 E605     		.2byte	0x5e6
 329 0227 11       		.byte	0x11
 330 0228 AB000000 		.4byte	0xab
 331 022c 02       		.byte	0x2
 332 022d 23       		.byte	0x23
 333 022e 1C       		.uleb128 0x1c
 334 022f 08       		.uleb128 0x8
 335 0230 445200   		.ascii	"DR\000"
 336 0233 03       		.byte	0x3
 337 0234 E705     		.2byte	0x5e7
 338 0236 11       		.byte	0x11
 339 0237 AB000000 		.4byte	0xab
 340 023b 02       		.byte	0x2
 341 023c 23       		.byte	0x23
 342 023d 20       		.uleb128 0x20
ARM GAS  C:\Users\nicx5\AppData\Local\Temp\ccjkJcxQ.s 			page 7


 343 023e 07       		.uleb128 0x7
 344 023f CF070000 		.4byte	.LASF29
 345 0243 03       		.byte	0x3
 346 0244 E805     		.2byte	0x5e8
 347 0246 11       		.byte	0x11
 348 0247 AB000000 		.4byte	0xab
 349 024b 02       		.byte	0x2
 350 024c 23       		.byte	0x23
 351 024d 24       		.uleb128 0x24
 352 024e 07       		.uleb128 0x7
 353 024f 35050000 		.4byte	.LASF30
 354 0253 03       		.byte	0x3
 355 0254 E905     		.2byte	0x5e9
 356 0256 11       		.byte	0x11
 357 0257 AB000000 		.4byte	0xab
 358 025b 02       		.byte	0x2
 359 025c 23       		.byte	0x23
 360 025d 28       		.uleb128 0x28
 361 025e 08       		.uleb128 0x8
 362 025f 50495200 		.ascii	"PIR\000"
 363 0263 03       		.byte	0x3
 364 0264 EA05     		.2byte	0x5ea
 365 0266 11       		.byte	0x11
 366 0267 AB000000 		.4byte	0xab
 367 026b 02       		.byte	0x2
 368 026c 23       		.byte	0x23
 369 026d 2C       		.uleb128 0x2c
 370 026e 07       		.uleb128 0x7
 371 026f FA090000 		.4byte	.LASF31
 372 0273 03       		.byte	0x3
 373 0274 EB05     		.2byte	0x5eb
 374 0276 11       		.byte	0x11
 375 0277 AB000000 		.4byte	0xab
 376 027b 02       		.byte	0x2
 377 027c 23       		.byte	0x23
 378 027d 30       		.uleb128 0x30
 379 027e 00       		.byte	0
 380 027f 09       		.uleb128 0x9
 381 0280 F70B0000 		.4byte	.LASF32
 382 0284 03       		.byte	0x3
 383 0285 EC05     		.2byte	0x5ec
 384 0287 03       		.byte	0x3
 385 0288 A8010000 		.4byte	0x1a8
 386 028c 0A       		.uleb128 0xa
 387 028d 07       		.byte	0x7
 388 028e 01       		.byte	0x1
 389 028f 37000000 		.4byte	0x37
 390 0293 04       		.byte	0x4
 391 0294 B4       		.byte	0xb4
 392 0295 01       		.byte	0x1
 393 0296 A7020000 		.4byte	0x2a7
 394 029a 0B       		.uleb128 0xb
 395 029b 18070000 		.4byte	.LASF33
 396 029f 00       		.byte	0
 397 02a0 0C       		.uleb128 0xc
 398 02a1 53455400 		.ascii	"SET\000"
 399 02a5 01       		.byte	0x1
ARM GAS  C:\Users\nicx5\AppData\Local\Temp\ccjkJcxQ.s 			page 8


 400 02a6 00       		.byte	0
 401 02a7 03       		.uleb128 0x3
 402 02a8 00010000 		.4byte	.LASF34
 403 02ac 04       		.byte	0x4
 404 02ad B7       		.byte	0xb7
 405 02ae 03       		.byte	0x3
 406 02af 8C020000 		.4byte	0x28c
 407 02b3 02       		.uleb128 0x2
 408 02b4 08       		.byte	0x8
 409 02b5 04       		.byte	0x4
 410 02b6 D5080000 		.4byte	.LASF35
 411 02ba 0D       		.uleb128 0xd
 412 02bb 04       		.byte	0x4
 413 02bc 02       		.uleb128 0x2
 414 02bd 01       		.byte	0x1
 415 02be 08       		.byte	0x8
 416 02bf E1080000 		.4byte	.LASF36
 417 02c3 02       		.uleb128 0x2
 418 02c4 04       		.byte	0x4
 419 02c5 04       		.byte	0x4
 420 02c6 F6060000 		.4byte	.LASF37
 421 02ca 02       		.uleb128 0x2
 422 02cb 08       		.byte	0x8
 423 02cc 04       		.byte	0x4
 424 02cd B7030000 		.4byte	.LASF38
 425 02d1 0A       		.uleb128 0xa
 426 02d2 07       		.byte	0x7
 427 02d3 01       		.byte	0x1
 428 02d4 37000000 		.4byte	0x37
 429 02d8 05       		.byte	0x5
 430 02d9 28       		.byte	0x28
 431 02da 01       		.byte	0x1
 432 02db F8020000 		.4byte	0x2f8
 433 02df 0B       		.uleb128 0xb
 434 02e0 EF040000 		.4byte	.LASF39
 435 02e4 00       		.byte	0
 436 02e5 0B       		.uleb128 0xb
 437 02e6 C6080000 		.4byte	.LASF40
 438 02ea 01       		.byte	0x1
 439 02eb 0B       		.uleb128 0xb
 440 02ec 5A010000 		.4byte	.LASF41
 441 02f0 02       		.byte	0x2
 442 02f1 0B       		.uleb128 0xb
 443 02f2 7C040000 		.4byte	.LASF42
 444 02f6 03       		.byte	0x3
 445 02f7 00       		.byte	0
 446 02f8 03       		.uleb128 0x3
 447 02f9 8C050000 		.4byte	.LASF43
 448 02fd 05       		.byte	0x5
 449 02fe 2D       		.byte	0x2d
 450 02ff 03       		.byte	0x3
 451 0300 D1020000 		.4byte	0x2d1
 452 0304 0A       		.uleb128 0xa
 453 0305 07       		.byte	0x7
 454 0306 01       		.byte	0x1
 455 0307 37000000 		.4byte	0x37
 456 030b 05       		.byte	0x5
ARM GAS  C:\Users\nicx5\AppData\Local\Temp\ccjkJcxQ.s 			page 9


 457 030c 33       		.byte	0x33
 458 030d 01       		.byte	0x1
 459 030e 1F030000 		.4byte	0x31f
 460 0312 0B       		.uleb128 0xb
 461 0313 920B0000 		.4byte	.LASF44
 462 0317 00       		.byte	0
 463 0318 0B       		.uleb128 0xb
 464 0319 99060000 		.4byte	.LASF45
 465 031d 01       		.byte	0x1
 466 031e 00       		.byte	0
 467 031f 03       		.uleb128 0x3
 468 0320 01030000 		.4byte	.LASF46
 469 0324 05       		.byte	0x5
 470 0325 36       		.byte	0x36
 471 0326 03       		.byte	0x3
 472 0327 04030000 		.4byte	0x304
 473 032b 05       		.uleb128 0x5
 474 032c 1F030000 		.4byte	0x31f
 475 0330 0E       		.uleb128 0xe
 476 0331 38       		.byte	0x38
 477 0332 06       		.byte	0x6
 478 0333 30       		.byte	0x30
 479 0334 09       		.byte	0x9
 480 0335 0C040000 		.4byte	0x40c
 481 0339 0F       		.uleb128 0xf
 482 033a 99090000 		.4byte	.LASF47
 483 033e 06       		.byte	0x6
 484 033f 33       		.byte	0x33
 485 0340 0C       		.byte	0xc
 486 0341 9F000000 		.4byte	0x9f
 487 0345 02       		.byte	0x2
 488 0346 23       		.byte	0x23
 489 0347 00       		.uleb128 0
 490 0348 0F       		.uleb128 0xf
 491 0349 6F080000 		.4byte	.LASF48
 492 034d 06       		.byte	0x6
 493 034e 36       		.byte	0x36
 494 034f 0C       		.byte	0xc
 495 0350 9F000000 		.4byte	0x9f
 496 0354 02       		.byte	0x2
 497 0355 23       		.byte	0x23
 498 0356 04       		.uleb128 0x4
 499 0357 0F       		.uleb128 0xf
 500 0358 59050000 		.4byte	.LASF49
 501 035c 06       		.byte	0x6
 502 035d 3A       		.byte	0x3a
 503 035e 0C       		.byte	0xc
 504 035f 9F000000 		.4byte	0x9f
 505 0363 02       		.byte	0x2
 506 0364 23       		.byte	0x23
 507 0365 08       		.uleb128 0x8
 508 0366 0F       		.uleb128 0xf
 509 0367 0A0B0000 		.4byte	.LASF50
 510 036b 06       		.byte	0x6
 511 036c 3D       		.byte	0x3d
 512 036d 0C       		.byte	0xc
 513 036e 9F000000 		.4byte	0x9f
ARM GAS  C:\Users\nicx5\AppData\Local\Temp\ccjkJcxQ.s 			page 10


 514 0372 02       		.byte	0x2
 515 0373 23       		.byte	0x23
 516 0374 0C       		.uleb128 0xc
 517 0375 0F       		.uleb128 0xf
 518 0376 2F070000 		.4byte	.LASF51
 519 037a 06       		.byte	0x6
 520 037b 40       		.byte	0x40
 521 037c 0C       		.byte	0xc
 522 037d 9F000000 		.4byte	0x9f
 523 0381 02       		.byte	0x2
 524 0382 23       		.byte	0x23
 525 0383 10       		.uleb128 0x10
 526 0384 0F       		.uleb128 0xf
 527 0385 0C020000 		.4byte	.LASF52
 528 0389 06       		.byte	0x6
 529 038a 43       		.byte	0x43
 530 038b 0C       		.byte	0xc
 531 038c 9F000000 		.4byte	0x9f
 532 0390 02       		.byte	0x2
 533 0391 23       		.byte	0x23
 534 0392 14       		.uleb128 0x14
 535 0393 0F       		.uleb128 0xf
 536 0394 E6080000 		.4byte	.LASF53
 537 0398 06       		.byte	0x6
 538 0399 46       		.byte	0x46
 539 039a 0C       		.byte	0xc
 540 039b 9F000000 		.4byte	0x9f
 541 039f 02       		.byte	0x2
 542 03a0 23       		.byte	0x23
 543 03a1 18       		.uleb128 0x18
 544 03a2 0F       		.uleb128 0xf
 545 03a3 340B0000 		.4byte	.LASF54
 546 03a7 06       		.byte	0x6
 547 03a8 49       		.byte	0x49
 548 03a9 0C       		.byte	0xc
 549 03aa 9F000000 		.4byte	0x9f
 550 03ae 02       		.byte	0x2
 551 03af 23       		.byte	0x23
 552 03b0 1C       		.uleb128 0x1c
 553 03b1 0F       		.uleb128 0xf
 554 03b2 CF010000 		.4byte	.LASF55
 555 03b6 06       		.byte	0x6
 556 03b7 4D       		.byte	0x4d
 557 03b8 0C       		.byte	0xc
 558 03b9 9F000000 		.4byte	0x9f
 559 03bd 02       		.byte	0x2
 560 03be 23       		.byte	0x23
 561 03bf 20       		.uleb128 0x20
 562 03c0 0F       		.uleb128 0xf
 563 03c1 260A0000 		.4byte	.LASF56
 564 03c5 06       		.byte	0x6
 565 03c6 50       		.byte	0x50
 566 03c7 0C       		.byte	0xc
 567 03c8 9F000000 		.4byte	0x9f
 568 03cc 02       		.byte	0x2
 569 03cd 23       		.byte	0x23
 570 03ce 24       		.uleb128 0x24
ARM GAS  C:\Users\nicx5\AppData\Local\Temp\ccjkJcxQ.s 			page 11


 571 03cf 0F       		.uleb128 0xf
 572 03d0 2C010000 		.4byte	.LASF57
 573 03d4 06       		.byte	0x6
 574 03d5 53       		.byte	0x53
 575 03d6 0C       		.byte	0xc
 576 03d7 9F000000 		.4byte	0x9f
 577 03db 02       		.byte	0x2
 578 03dc 23       		.byte	0x23
 579 03dd 28       		.uleb128 0x28
 580 03de 0F       		.uleb128 0xf
 581 03df DD010000 		.4byte	.LASF58
 582 03e3 06       		.byte	0x6
 583 03e4 5B       		.byte	0x5b
 584 03e5 0C       		.byte	0xc
 585 03e6 9F000000 		.4byte	0x9f
 586 03ea 02       		.byte	0x2
 587 03eb 23       		.byte	0x23
 588 03ec 2C       		.uleb128 0x2c
 589 03ed 0F       		.uleb128 0xf
 590 03ee B6010000 		.4byte	.LASF59
 591 03f2 06       		.byte	0x6
 592 03f3 63       		.byte	0x63
 593 03f4 0B       		.byte	0xb
 594 03f5 93000000 		.4byte	0x93
 595 03f9 02       		.byte	0x2
 596 03fa 23       		.byte	0x23
 597 03fb 30       		.uleb128 0x30
 598 03fc 0F       		.uleb128 0xf
 599 03fd EB050000 		.4byte	.LASF60
 600 0401 06       		.byte	0x6
 601 0402 6A       		.byte	0x6a
 602 0403 0B       		.byte	0xb
 603 0404 93000000 		.4byte	0x93
 604 0408 02       		.byte	0x2
 605 0409 23       		.byte	0x23
 606 040a 34       		.uleb128 0x34
 607 040b 00       		.byte	0
 608 040c 03       		.uleb128 0x3
 609 040d 150B0000 		.4byte	.LASF61
 610 0411 06       		.byte	0x6
 611 0412 70       		.byte	0x70
 612 0413 02       		.byte	0x2
 613 0414 30030000 		.4byte	0x330
 614 0418 0E       		.uleb128 0xe
 615 0419 28       		.byte	0x28
 616 041a 06       		.byte	0x6
 617 041b 79       		.byte	0x79
 618 041c 09       		.byte	0x9
 619 041d B8040000 		.4byte	0x4b8
 620 0421 0F       		.uleb128 0xf
 621 0422 B60A0000 		.4byte	.LASF18
 622 0426 06       		.byte	0x6
 623 0427 7B       		.byte	0x7b
 624 0428 11       		.byte	0x11
 625 0429 AB000000 		.4byte	0xab
 626 042d 02       		.byte	0x2
 627 042e 23       		.byte	0x23
ARM GAS  C:\Users\nicx5\AppData\Local\Temp\ccjkJcxQ.s 			page 12


 628 042f 00       		.uleb128 0
 629 0430 0F       		.uleb128 0xf
 630 0431 80050000 		.4byte	.LASF19
 631 0435 06       		.byte	0x6
 632 0436 7C       		.byte	0x7c
 633 0437 11       		.byte	0x11
 634 0438 AB000000 		.4byte	0xab
 635 043c 02       		.byte	0x2
 636 043d 23       		.byte	0x23
 637 043e 04       		.uleb128 0x4
 638 043f 0F       		.uleb128 0xf
 639 0440 6A090000 		.4byte	.LASF20
 640 0444 06       		.byte	0x6
 641 0445 7D       		.byte	0x7d
 642 0446 11       		.byte	0x11
 643 0447 AB000000 		.4byte	0xab
 644 044b 02       		.byte	0x2
 645 044c 23       		.byte	0x23
 646 044d 08       		.uleb128 0x8
 647 044e 0F       		.uleb128 0xf
 648 044f 5E060000 		.4byte	.LASF21
 649 0453 06       		.byte	0x6
 650 0454 7E       		.byte	0x7e
 651 0455 11       		.byte	0x11
 652 0456 AB000000 		.4byte	0xab
 653 045a 02       		.byte	0x2
 654 045b 23       		.byte	0x23
 655 045c 0C       		.uleb128 0xc
 656 045d 0F       		.uleb128 0xf
 657 045e 6F090000 		.4byte	.LASF22
 658 0462 06       		.byte	0x6
 659 0463 7F       		.byte	0x7f
 660 0464 11       		.byte	0x11
 661 0465 AB000000 		.4byte	0xab
 662 0469 02       		.byte	0x2
 663 046a 23       		.byte	0x23
 664 046b 10       		.uleb128 0x10
 665 046c 0F       		.uleb128 0xf
 666 046d 78010000 		.4byte	.LASF23
 667 0471 06       		.byte	0x6
 668 0472 80       		.byte	0x80
 669 0473 11       		.byte	0x11
 670 0474 AB000000 		.4byte	0xab
 671 0478 02       		.byte	0x2
 672 0479 23       		.byte	0x23
 673 047a 14       		.uleb128 0x14
 674 047b 0F       		.uleb128 0xf
 675 047c D0080000 		.4byte	.LASF24
 676 0480 06       		.byte	0x6
 677 0481 81       		.byte	0x81
 678 0482 11       		.byte	0x11
 679 0483 AB000000 		.4byte	0xab
 680 0487 02       		.byte	0x2
 681 0488 23       		.byte	0x23
 682 0489 18       		.uleb128 0x18
 683 048a 0F       		.uleb128 0xf
 684 048b 7D010000 		.4byte	.LASF62
ARM GAS  C:\Users\nicx5\AppData\Local\Temp\ccjkJcxQ.s 			page 13


 685 048f 06       		.byte	0x6
 686 0490 82       		.byte	0x82
 687 0491 11       		.byte	0x11
 688 0492 AB000000 		.4byte	0xab
 689 0496 02       		.byte	0x2
 690 0497 23       		.byte	0x23
 691 0498 1C       		.uleb128 0x1c
 692 0499 0F       		.uleb128 0xf
 693 049a BB0A0000 		.4byte	.LASF26
 694 049e 06       		.byte	0x6
 695 049f 83       		.byte	0x83
 696 04a0 11       		.byte	0x11
 697 04a1 AB000000 		.4byte	0xab
 698 04a5 02       		.byte	0x2
 699 04a6 23       		.byte	0x23
 700 04a7 20       		.uleb128 0x20
 701 04a8 0F       		.uleb128 0xf
 702 04a9 36040000 		.4byte	.LASF27
 703 04ad 06       		.byte	0x6
 704 04ae 84       		.byte	0x84
 705 04af 11       		.byte	0x11
 706 04b0 AB000000 		.4byte	0xab
 707 04b4 02       		.byte	0x2
 708 04b5 23       		.byte	0x23
 709 04b6 24       		.uleb128 0x24
 710 04b7 00       		.byte	0
 711 04b8 03       		.uleb128 0x3
 712 04b9 7D070000 		.4byte	.LASF63
 713 04bd 06       		.byte	0x6
 714 04be 86       		.byte	0x86
 715 04bf 02       		.byte	0x2
 716 04c0 18040000 		.4byte	0x418
 717 04c4 0A       		.uleb128 0xa
 718 04c5 07       		.byte	0x7
 719 04c6 01       		.byte	0x1
 720 04c7 37000000 		.4byte	0x37
 721 04cb 06       		.byte	0x6
 722 04cc A2       		.byte	0xa2
 723 04cd 01       		.byte	0x1
 724 04ce F1040000 		.4byte	0x4f1
 725 04d2 0B       		.uleb128 0xb
 726 04d3 CD020000 		.4byte	.LASF64
 727 04d7 00       		.byte	0
 728 04d8 0B       		.uleb128 0xb
 729 04d9 67040000 		.4byte	.LASF65
 730 04dd 01       		.byte	0x1
 731 04de 0B       		.uleb128 0xb
 732 04df 49080000 		.4byte	.LASF66
 733 04e3 02       		.byte	0x2
 734 04e4 0B       		.uleb128 0xb
 735 04e5 63010000 		.4byte	.LASF67
 736 04e9 03       		.byte	0x3
 737 04ea 0B       		.uleb128 0xb
 738 04eb CD030000 		.4byte	.LASF68
 739 04ef 04       		.byte	0x4
 740 04f0 00       		.byte	0
 741 04f1 03       		.uleb128 0x3
ARM GAS  C:\Users\nicx5\AppData\Local\Temp\ccjkJcxQ.s 			page 14


 742 04f2 E60A0000 		.4byte	.LASF69
 743 04f6 06       		.byte	0x6
 744 04f7 A9       		.byte	0xa9
 745 04f8 02       		.byte	0x2
 746 04f9 C4040000 		.4byte	0x4c4
 747 04fd 05       		.uleb128 0x5
 748 04fe F1040000 		.4byte	0x4f1
 749 0502 10       		.uleb128 0x10
 750 0503 55090000 		.4byte	.LASF195
 751 0507 6C       		.byte	0x6c
 752 0508 06       		.byte	0x6
 753 0509 CA       		.byte	0xca
 754 050a 10       		.byte	0x10
 755 050b F1050000 		.4byte	0x5f1
 756 050f 0F       		.uleb128 0xf
 757 0510 0F070000 		.4byte	.LASF70
 758 0514 06       		.byte	0x6
 759 0515 CC       		.byte	0xcc
 760 0516 19       		.byte	0x19
 761 0517 F1050000 		.4byte	0x5f1
 762 051b 02       		.byte	0x2
 763 051c 23       		.byte	0x23
 764 051d 00       		.uleb128 0
 765 051e 0F       		.uleb128 0xf
 766 051f 16060000 		.4byte	.LASF71
 767 0523 06       		.byte	0x6
 768 0524 CE       		.byte	0xce
 769 0525 19       		.byte	0x19
 770 0526 0C040000 		.4byte	0x40c
 771 052a 02       		.byte	0x2
 772 052b 23       		.byte	0x23
 773 052c 04       		.uleb128 0x4
 774 052d 0F       		.uleb128 0xf
 775 052e 87050000 		.4byte	.LASF72
 776 0532 06       		.byte	0x6
 777 0533 D0       		.byte	0xd0
 778 0534 19       		.byte	0x19
 779 0535 1F030000 		.4byte	0x31f
 780 0539 02       		.byte	0x2
 781 053a 23       		.byte	0x23
 782 053b 3C       		.uleb128 0x3c
 783 053c 0F       		.uleb128 0xf
 784 053d 1C090000 		.4byte	.LASF73
 785 0541 06       		.byte	0x6
 786 0542 D2       		.byte	0xd2
 787 0543 1F       		.byte	0x1f
 788 0544 FD040000 		.4byte	0x4fd
 789 0548 02       		.byte	0x2
 790 0549 23       		.byte	0x23
 791 054a 3D       		.uleb128 0x3d
 792 054b 0F       		.uleb128 0xf
 793 054c 0F040000 		.4byte	.LASF74
 794 0550 06       		.byte	0x6
 795 0551 D4       		.byte	0xd4
 796 0552 1A       		.byte	0x1a
 797 0553 BA020000 		.4byte	0x2ba
 798 0557 02       		.byte	0x2
ARM GAS  C:\Users\nicx5\AppData\Local\Temp\ccjkJcxQ.s 			page 15


 799 0558 23       		.byte	0x23
 800 0559 40       		.uleb128 0x40
 801 055a 0F       		.uleb128 0xf
 802 055b 470C0000 		.4byte	.LASF75
 803 055f 06       		.byte	0x6
 804 0560 D6       		.byte	0xd6
 805 0561 1C       		.byte	0x1c
 806 0562 09060000 		.4byte	0x609
 807 0566 02       		.byte	0x2
 808 0567 23       		.byte	0x23
 809 0568 44       		.uleb128 0x44
 810 0569 0F       		.uleb128 0xf
 811 056a 7C060000 		.4byte	.LASF76
 812 056e 06       		.byte	0x6
 813 056f D8       		.byte	0xd8
 814 0570 1C       		.byte	0x1c
 815 0571 09060000 		.4byte	0x609
 816 0575 02       		.byte	0x2
 817 0576 23       		.byte	0x23
 818 0577 48       		.uleb128 0x48
 819 0578 0F       		.uleb128 0xf
 820 0579 500A0000 		.4byte	.LASF77
 821 057d 06       		.byte	0x6
 822 057e DA       		.byte	0xda
 823 057f 1C       		.byte	0x1c
 824 0580 09060000 		.4byte	0x609
 825 0584 02       		.byte	0x2
 826 0585 23       		.byte	0x23
 827 0586 4C       		.uleb128 0x4c
 828 0587 0F       		.uleb128 0xf
 829 0588 B1040000 		.4byte	.LASF78
 830 058c 06       		.byte	0x6
 831 058d DC       		.byte	0xdc
 832 058e 1C       		.byte	0x1c
 833 058f 09060000 		.4byte	0x609
 834 0593 02       		.byte	0x2
 835 0594 23       		.byte	0x23
 836 0595 50       		.uleb128 0x50
 837 0596 0F       		.uleb128 0xf
 838 0597 B6060000 		.4byte	.LASF79
 839 059b 06       		.byte	0x6
 840 059c DE       		.byte	0xde
 841 059d 1C       		.byte	0x1c
 842 059e 09060000 		.4byte	0x609
 843 05a2 02       		.byte	0x2
 844 05a3 23       		.byte	0x23
 845 05a4 54       		.uleb128 0x54
 846 05a5 0F       		.uleb128 0xf
 847 05a6 200C0000 		.4byte	.LASF80
 848 05aa 06       		.byte	0x6
 849 05ab E0       		.byte	0xe0
 850 05ac 1C       		.byte	0x1c
 851 05ad 09060000 		.4byte	0x609
 852 05b1 02       		.byte	0x2
 853 05b2 23       		.byte	0x23
 854 05b3 58       		.uleb128 0x58
 855 05b4 0F       		.uleb128 0xf
ARM GAS  C:\Users\nicx5\AppData\Local\Temp\ccjkJcxQ.s 			page 16


 856 05b5 2E080000 		.4byte	.LASF81
 857 05b9 06       		.byte	0x6
 858 05ba E3       		.byte	0xe3
 859 05bb 19       		.byte	0x19
 860 05bc 0F060000 		.4byte	0x60f
 861 05c0 02       		.byte	0x2
 862 05c1 23       		.byte	0x23
 863 05c2 5C       		.uleb128 0x5c
 864 05c3 0F       		.uleb128 0xf
 865 05c4 4E030000 		.4byte	.LASF82
 866 05c8 06       		.byte	0x6
 867 05c9 E9       		.byte	0xe9
 868 05ca 19       		.byte	0x19
 869 05cb 0F060000 		.4byte	0x60f
 870 05cf 02       		.byte	0x2
 871 05d0 23       		.byte	0x23
 872 05d1 60       		.uleb128 0x60
 873 05d2 0F       		.uleb128 0xf
 874 05d3 E6070000 		.4byte	.LASF83
 875 05d7 06       		.byte	0x6
 876 05d8 ED       		.byte	0xed
 877 05d9 0C       		.byte	0xc
 878 05da 9F000000 		.4byte	0x9f
 879 05de 02       		.byte	0x2
 880 05df 23       		.byte	0x23
 881 05e0 64       		.uleb128 0x64
 882 05e1 0F       		.uleb128 0xf
 883 05e2 6D050000 		.4byte	.LASF84
 884 05e6 06       		.byte	0x6
 885 05e7 EF       		.byte	0xef
 886 05e8 1A       		.byte	0x1a
 887 05e9 AB000000 		.4byte	0xab
 888 05ed 02       		.byte	0x2
 889 05ee 23       		.byte	0x23
 890 05ef 68       		.uleb128 0x68
 891 05f0 00       		.byte	0
 892 05f1 11       		.uleb128 0x11
 893 05f2 04       		.byte	0x4
 894 05f3 9B010000 		.4byte	0x19b
 895 05f7 12       		.uleb128 0x12
 896 05f8 01       		.byte	0x1
 897 05f9 03060000 		.4byte	0x603
 898 05fd 13       		.uleb128 0x13
 899 05fe 03060000 		.4byte	0x603
 900 0602 00       		.byte	0
 901 0603 11       		.uleb128 0x11
 902 0604 04       		.byte	0x4
 903 0605 02050000 		.4byte	0x502
 904 0609 11       		.uleb128 0x11
 905 060a 04       		.byte	0x4
 906 060b F7050000 		.4byte	0x5f7
 907 060f 11       		.uleb128 0x11
 908 0610 04       		.byte	0x4
 909 0611 B8040000 		.4byte	0x4b8
 910 0615 03       		.uleb128 0x3
 911 0616 F6040000 		.4byte	.LASF85
 912 061a 06       		.byte	0x6
ARM GAS  C:\Users\nicx5\AppData\Local\Temp\ccjkJcxQ.s 			page 17


 913 061b F1       		.byte	0xf1
 914 061c 03       		.byte	0x3
 915 061d 02050000 		.4byte	0x502
 916 0621 11       		.uleb128 0x11
 917 0622 04       		.byte	0x4
 918 0623 87000000 		.4byte	0x87
 919 0627 0E       		.uleb128 0xe
 920 0628 20       		.byte	0x20
 921 0629 07       		.byte	0x7
 922 062a 30       		.byte	0x30
 923 062b 09       		.byte	0x9
 924 062c A9060000 		.4byte	0x6a9
 925 0630 0F       		.uleb128 0xf
 926 0631 25020000 		.4byte	.LASF86
 927 0635 07       		.byte	0x7
 928 0636 32       		.byte	0x32
 929 0637 0C       		.byte	0xc
 930 0638 9F000000 		.4byte	0x9f
 931 063c 02       		.byte	0x2
 932 063d 23       		.byte	0x23
 933 063e 00       		.uleb128 0
 934 063f 0F       		.uleb128 0xf
 935 0640 7E030000 		.4byte	.LASF87
 936 0644 07       		.byte	0x7
 937 0645 34       		.byte	0x34
 938 0646 0C       		.byte	0xc
 939 0647 9F000000 		.4byte	0x9f
 940 064b 02       		.byte	0x2
 941 064c 23       		.byte	0x23
 942 064d 04       		.uleb128 0x4
 943 064e 0F       		.uleb128 0xf
 944 064f D5040000 		.4byte	.LASF88
 945 0653 07       		.byte	0x7
 946 0654 36       		.byte	0x36
 947 0655 0C       		.byte	0xc
 948 0656 9F000000 		.4byte	0x9f
 949 065a 02       		.byte	0x2
 950 065b 23       		.byte	0x23
 951 065c 08       		.uleb128 0x8
 952 065d 0F       		.uleb128 0xf
 953 065e 38010000 		.4byte	.LASF89
 954 0662 07       		.byte	0x7
 955 0663 39       		.byte	0x39
 956 0664 0C       		.byte	0xc
 957 0665 9F000000 		.4byte	0x9f
 958 0669 02       		.byte	0x2
 959 066a 23       		.byte	0x23
 960 066b 0C       		.uleb128 0xc
 961 066c 0F       		.uleb128 0xf
 962 066d 00000000 		.4byte	.LASF90
 963 0671 07       		.byte	0x7
 964 0672 3E       		.byte	0x3e
 965 0673 0C       		.byte	0xc
 966 0674 9F000000 		.4byte	0x9f
 967 0678 02       		.byte	0x2
 968 0679 23       		.byte	0x23
 969 067a 10       		.uleb128 0x10
ARM GAS  C:\Users\nicx5\AppData\Local\Temp\ccjkJcxQ.s 			page 18


 970 067b 0F       		.uleb128 0xf
 971 067c D40A0000 		.4byte	.LASF91
 972 0680 07       		.byte	0x7
 973 0681 41       		.byte	0x41
 974 0682 0C       		.byte	0xc
 975 0683 9F000000 		.4byte	0x9f
 976 0687 02       		.byte	0x2
 977 0688 23       		.byte	0x23
 978 0689 14       		.uleb128 0x14
 979 068a 0F       		.uleb128 0xf
 980 068b BE080000 		.4byte	.LASF92
 981 068f 07       		.byte	0x7
 982 0690 43       		.byte	0x43
 983 0691 0C       		.byte	0xc
 984 0692 9F000000 		.4byte	0x9f
 985 0696 02       		.byte	0x2
 986 0697 23       		.byte	0x23
 987 0698 18       		.uleb128 0x18
 988 0699 0F       		.uleb128 0xf
 989 069a ED0B0000 		.4byte	.LASF93
 990 069e 07       		.byte	0x7
 991 069f 45       		.byte	0x45
 992 06a0 0C       		.byte	0xc
 993 06a1 9F000000 		.4byte	0x9f
 994 06a5 02       		.byte	0x2
 995 06a6 23       		.byte	0x23
 996 06a7 1C       		.uleb128 0x1c
 997 06a8 00       		.byte	0
 998 06a9 03       		.uleb128 0x3
 999 06aa FB010000 		.4byte	.LASF94
 1000 06ae 07       		.byte	0x7
 1001 06af 47       		.byte	0x47
 1002 06b0 02       		.byte	0x2
 1003 06b1 27060000 		.4byte	0x627
 1004 06b5 0A       		.uleb128 0xa
 1005 06b6 07       		.byte	0x7
 1006 06b7 01       		.byte	0x1
 1007 06b8 37000000 		.4byte	0x37
 1008 06bc 07       		.byte	0x7
 1009 06bd 4D       		.byte	0x4d
 1010 06be 01       		.byte	0x1
 1011 06bf FA060000 		.4byte	0x6fa
 1012 06c3 0B       		.uleb128 0xb
 1013 06c4 E5090000 		.4byte	.LASF95
 1014 06c8 00       		.byte	0
 1015 06c9 0B       		.uleb128 0xb
 1016 06ca 30030000 		.4byte	.LASF96
 1017 06ce 01       		.byte	0x1
 1018 06cf 0B       		.uleb128 0xb
 1019 06d0 02060000 		.4byte	.LASF97
 1020 06d4 02       		.byte	0x2
 1021 06d5 0B       		.uleb128 0xb
 1022 06d6 15050000 		.4byte	.LASF98
 1023 06da 12       		.byte	0x12
 1024 06db 0B       		.uleb128 0xb
 1025 06dc C5090000 		.4byte	.LASF99
 1026 06e0 22       		.byte	0x22
ARM GAS  C:\Users\nicx5\AppData\Local\Temp\ccjkJcxQ.s 			page 19


 1027 06e1 0B       		.uleb128 0xb
 1028 06e2 0B010000 		.4byte	.LASF100
 1029 06e6 42       		.byte	0x42
 1030 06e7 0B       		.uleb128 0xb
 1031 06e8 C8060000 		.4byte	.LASF101
 1032 06ec 82       		.byte	0x82
 1033 06ed 0B       		.uleb128 0xb
 1034 06ee 9F0B0000 		.4byte	.LASF102
 1035 06f2 08       		.byte	0x8
 1036 06f3 0B       		.uleb128 0xb
 1037 06f4 7D0B0000 		.4byte	.LASF103
 1038 06f8 04       		.byte	0x4
 1039 06f9 00       		.byte	0
 1040 06fa 03       		.uleb128 0x3
 1041 06fb 9C070000 		.4byte	.LASF104
 1042 06ff 07       		.byte	0x7
 1043 0700 57       		.byte	0x57
 1044 0701 02       		.byte	0x2
 1045 0702 B5060000 		.4byte	0x6b5
 1046 0706 05       		.uleb128 0x5
 1047 0707 FA060000 		.4byte	0x6fa
 1048 070b 0E       		.uleb128 0xe
 1049 070c 4C       		.byte	0x4c
 1050 070d 07       		.byte	0x7
 1051 070e 5F       		.byte	0x5f
 1052 070f 09       		.byte	0x9
 1053 0710 D8070000 		.4byte	0x7d8
 1054 0714 0F       		.uleb128 0xf
 1055 0715 0F070000 		.4byte	.LASF70
 1056 0719 07       		.byte	0x7
 1057 071a 62       		.byte	0x62
 1058 071b 1F       		.byte	0x1f
 1059 071c D8070000 		.4byte	0x7d8
 1060 0720 02       		.byte	0x2
 1061 0721 23       		.byte	0x23
 1062 0722 00       		.uleb128 0
 1063 0723 0F       		.uleb128 0xf
 1064 0724 16060000 		.4byte	.LASF71
 1065 0728 07       		.byte	0x7
 1066 0729 63       		.byte	0x63
 1067 072a 1E       		.byte	0x1e
 1068 072b A9060000 		.4byte	0x6a9
 1069 072f 02       		.byte	0x2
 1070 0730 23       		.byte	0x23
 1071 0731 04       		.uleb128 0x4
 1072 0732 0F       		.uleb128 0xf
 1073 0733 E4040000 		.4byte	.LASF105
 1074 0737 07       		.byte	0x7
 1075 0738 64       		.byte	0x64
 1076 0739 1F       		.byte	0x1f
 1077 073a 21060000 		.4byte	0x621
 1078 073e 02       		.byte	0x2
 1079 073f 23       		.byte	0x23
 1080 0740 24       		.uleb128 0x24
 1081 0741 0F       		.uleb128 0xf
 1082 0742 62050000 		.4byte	.LASF106
 1083 0746 07       		.byte	0x7
ARM GAS  C:\Users\nicx5\AppData\Local\Temp\ccjkJcxQ.s 			page 20


 1084 0747 65       		.byte	0x65
 1085 0748 1E       		.byte	0x1e
 1086 0749 AB000000 		.4byte	0xab
 1087 074d 02       		.byte	0x2
 1088 074e 23       		.byte	0x23
 1089 074f 28       		.uleb128 0x28
 1090 0750 0F       		.uleb128 0xf
 1091 0751 81020000 		.4byte	.LASF107
 1092 0755 07       		.byte	0x7
 1093 0756 66       		.byte	0x66
 1094 0757 1E       		.byte	0x1e
 1095 0758 AB000000 		.4byte	0xab
 1096 075c 02       		.byte	0x2
 1097 075d 23       		.byte	0x23
 1098 075e 2C       		.uleb128 0x2c
 1099 075f 0F       		.uleb128 0xf
 1100 0760 8D020000 		.4byte	.LASF108
 1101 0764 07       		.byte	0x7
 1102 0765 67       		.byte	0x67
 1103 0766 1F       		.byte	0x1f
 1104 0767 21060000 		.4byte	0x621
 1105 076b 02       		.byte	0x2
 1106 076c 23       		.byte	0x23
 1107 076d 30       		.uleb128 0x30
 1108 076e 0F       		.uleb128 0xf
 1109 076f 3B050000 		.4byte	.LASF109
 1110 0773 07       		.byte	0x7
 1111 0774 68       		.byte	0x68
 1112 0775 1E       		.byte	0x1e
 1113 0776 AB000000 		.4byte	0xab
 1114 077a 02       		.byte	0x2
 1115 077b 23       		.byte	0x23
 1116 077c 34       		.uleb128 0x34
 1117 077d 0F       		.uleb128 0xf
 1118 077e 710B0000 		.4byte	.LASF110
 1119 0782 07       		.byte	0x7
 1120 0783 69       		.byte	0x69
 1121 0784 1E       		.byte	0x1e
 1122 0785 AB000000 		.4byte	0xab
 1123 0789 02       		.byte	0x2
 1124 078a 23       		.byte	0x23
 1125 078b 38       		.uleb128 0x38
 1126 078c 0F       		.uleb128 0xf
 1127 078d 16040000 		.4byte	.LASF111
 1128 0791 07       		.byte	0x7
 1129 0792 6A       		.byte	0x6a
 1130 0793 20       		.byte	0x20
 1131 0794 DE070000 		.4byte	0x7de
 1132 0798 02       		.byte	0x2
 1133 0799 23       		.byte	0x23
 1134 079a 3C       		.uleb128 0x3c
 1135 079b 0F       		.uleb128 0xf
 1136 079c 87050000 		.4byte	.LASF72
 1137 07a0 07       		.byte	0x7
 1138 07a1 6B       		.byte	0x6b
 1139 07a2 1E       		.byte	0x1e
 1140 07a3 2B030000 		.4byte	0x32b
ARM GAS  C:\Users\nicx5\AppData\Local\Temp\ccjkJcxQ.s 			page 21


 1141 07a7 02       		.byte	0x2
 1142 07a8 23       		.byte	0x23
 1143 07a9 40       		.uleb128 0x40
 1144 07aa 0F       		.uleb128 0xf
 1145 07ab 1C090000 		.4byte	.LASF73
 1146 07af 07       		.byte	0x7
 1147 07b0 6C       		.byte	0x6c
 1148 07b1 1E       		.byte	0x1e
 1149 07b2 06070000 		.4byte	0x706
 1150 07b6 02       		.byte	0x2
 1151 07b7 23       		.byte	0x23
 1152 07b8 41       		.uleb128 0x41
 1153 07b9 0F       		.uleb128 0xf
 1154 07ba 6D050000 		.4byte	.LASF84
 1155 07be 07       		.byte	0x7
 1156 07bf 6D       		.byte	0x6d
 1157 07c0 1E       		.byte	0x1e
 1158 07c1 AB000000 		.4byte	0xab
 1159 07c5 02       		.byte	0x2
 1160 07c6 23       		.byte	0x23
 1161 07c7 44       		.uleb128 0x44
 1162 07c8 0F       		.uleb128 0xf
 1163 07c9 14080000 		.4byte	.LASF112
 1164 07cd 07       		.byte	0x7
 1165 07ce 6E       		.byte	0x6e
 1166 07cf 1E       		.byte	0x1e
 1167 07d0 9F000000 		.4byte	0x9f
 1168 07d4 02       		.byte	0x2
 1169 07d5 23       		.byte	0x23
 1170 07d6 48       		.uleb128 0x48
 1171 07d7 00       		.byte	0
 1172 07d8 11       		.uleb128 0x11
 1173 07d9 04       		.byte	0x4
 1174 07da 7F020000 		.4byte	0x27f
 1175 07de 11       		.uleb128 0x11
 1176 07df 04       		.byte	0x4
 1177 07e0 15060000 		.4byte	0x615
 1178 07e4 03       		.uleb128 0x3
 1179 07e5 F2030000 		.4byte	.LASF113
 1180 07e9 07       		.byte	0x7
 1181 07ea 7C       		.byte	0x7c
 1182 07eb 02       		.byte	0x2
 1183 07ec 0B070000 		.4byte	0x70b
 1184 07f0 14       		.uleb128 0x14
 1185 07f1 E4070000 		.4byte	0x7e4
 1186 07f5 0E       		.uleb128 0xe
 1187 07f6 38       		.byte	0x38
 1188 07f7 07       		.byte	0x7
 1189 07f8 81       		.byte	0x81
 1190 07f9 09       		.byte	0x9
 1191 07fa D1080000 		.4byte	0x8d1
 1192 07fe 0F       		.uleb128 0xf
 1193 07ff F5020000 		.4byte	.LASF114
 1194 0803 07       		.byte	0x7
 1195 0804 83       		.byte	0x83
 1196 0805 0C       		.byte	0xc
 1197 0806 9F000000 		.4byte	0x9f
ARM GAS  C:\Users\nicx5\AppData\Local\Temp\ccjkJcxQ.s 			page 22


 1198 080a 02       		.byte	0x2
 1199 080b 23       		.byte	0x23
 1200 080c 00       		.uleb128 0
 1201 080d 0F       		.uleb128 0xf
 1202 080e 9E050000 		.4byte	.LASF115
 1203 0812 07       		.byte	0x7
 1204 0813 85       		.byte	0x85
 1205 0814 0C       		.byte	0xc
 1206 0815 9F000000 		.4byte	0x9f
 1207 0819 02       		.byte	0x2
 1208 081a 23       		.byte	0x23
 1209 081b 04       		.uleb128 0x4
 1210 081c 0F       		.uleb128 0xf
 1211 081d 3B0A0000 		.4byte	.LASF116
 1212 0821 07       		.byte	0x7
 1213 0822 87       		.byte	0x87
 1214 0823 0C       		.byte	0xc
 1215 0824 9F000000 		.4byte	0x9f
 1216 0828 02       		.byte	0x2
 1217 0829 23       		.byte	0x23
 1218 082a 08       		.uleb128 0x8
 1219 082b 0F       		.uleb128 0xf
 1220 082c 68030000 		.4byte	.LASF117
 1221 0830 07       		.byte	0x7
 1222 0831 89       		.byte	0x89
 1223 0832 0C       		.byte	0xc
 1224 0833 9F000000 		.4byte	0x9f
 1225 0837 02       		.byte	0x2
 1226 0838 23       		.byte	0x23
 1227 0839 0C       		.uleb128 0xc
 1228 083a 0F       		.uleb128 0xf
 1229 083b CF050000 		.4byte	.LASF118
 1230 083f 07       		.byte	0x7
 1231 0840 8B       		.byte	0x8b
 1232 0841 0C       		.byte	0xc
 1233 0842 9F000000 		.4byte	0x9f
 1234 0846 02       		.byte	0x2
 1235 0847 23       		.byte	0x23
 1236 0848 10       		.uleb128 0x10
 1237 0849 0F       		.uleb128 0xf
 1238 084a A5040000 		.4byte	.LASF119
 1239 084e 07       		.byte	0x7
 1240 084f 8D       		.byte	0x8d
 1241 0850 0C       		.byte	0xc
 1242 0851 9F000000 		.4byte	0x9f
 1243 0855 02       		.byte	0x2
 1244 0856 23       		.byte	0x23
 1245 0857 14       		.uleb128 0x14
 1246 0858 0F       		.uleb128 0xf
 1247 0859 AF090000 		.4byte	.LASF120
 1248 085d 07       		.byte	0x7
 1249 085e 8F       		.byte	0x8f
 1250 085f 0C       		.byte	0xc
 1251 0860 9F000000 		.4byte	0x9f
 1252 0864 02       		.byte	0x2
 1253 0865 23       		.byte	0x23
 1254 0866 18       		.uleb128 0x18
ARM GAS  C:\Users\nicx5\AppData\Local\Temp\ccjkJcxQ.s 			page 23


 1255 0867 0F       		.uleb128 0xf
 1256 0868 A30A0000 		.4byte	.LASF121
 1257 086c 07       		.byte	0x7
 1258 086d 91       		.byte	0x91
 1259 086e 0C       		.byte	0xc
 1260 086f 9F000000 		.4byte	0x9f
 1261 0873 02       		.byte	0x2
 1262 0874 23       		.byte	0x23
 1263 0875 1C       		.uleb128 0x1c
 1264 0876 0F       		.uleb128 0xf
 1265 0877 6B070000 		.4byte	.LASF122
 1266 087b 07       		.byte	0x7
 1267 087c 93       		.byte	0x93
 1268 087d 0C       		.byte	0xc
 1269 087e 9F000000 		.4byte	0x9f
 1270 0882 02       		.byte	0x2
 1271 0883 23       		.byte	0x23
 1272 0884 20       		.uleb128 0x20
 1273 0885 0F       		.uleb128 0xf
 1274 0886 E2050000 		.4byte	.LASF123
 1275 088a 07       		.byte	0x7
 1276 088b 95       		.byte	0x95
 1277 088c 0C       		.byte	0xc
 1278 088d 9F000000 		.4byte	0x9f
 1279 0891 02       		.byte	0x2
 1280 0892 23       		.byte	0x23
 1281 0893 24       		.uleb128 0x24
 1282 0894 0F       		.uleb128 0xf
 1283 0895 AF0A0000 		.4byte	.LASF124
 1284 0899 07       		.byte	0x7
 1285 089a 97       		.byte	0x97
 1286 089b 0C       		.byte	0xc
 1287 089c 9F000000 		.4byte	0x9f
 1288 08a0 02       		.byte	0x2
 1289 08a1 23       		.byte	0x23
 1290 08a2 28       		.uleb128 0x28
 1291 08a3 0F       		.uleb128 0xf
 1292 08a4 CD040000 		.4byte	.LASF125
 1293 08a8 07       		.byte	0x7
 1294 08a9 9A       		.byte	0x9a
 1295 08aa 0C       		.byte	0xc
 1296 08ab 9F000000 		.4byte	0x9f
 1297 08af 02       		.byte	0x2
 1298 08b0 23       		.byte	0x23
 1299 08b1 2C       		.uleb128 0x2c
 1300 08b2 0F       		.uleb128 0xf
 1301 08b3 1E070000 		.4byte	.LASF126
 1302 08b7 07       		.byte	0x7
 1303 08b8 9C       		.byte	0x9c
 1304 08b9 0C       		.byte	0xc
 1305 08ba 9F000000 		.4byte	0x9f
 1306 08be 02       		.byte	0x2
 1307 08bf 23       		.byte	0x23
 1308 08c0 30       		.uleb128 0x30
 1309 08c1 0F       		.uleb128 0xf
 1310 08c2 77050000 		.4byte	.LASF127
 1311 08c6 07       		.byte	0x7
ARM GAS  C:\Users\nicx5\AppData\Local\Temp\ccjkJcxQ.s 			page 24


 1312 08c7 9F       		.byte	0x9f
 1313 08c8 0C       		.byte	0xc
 1314 08c9 9F000000 		.4byte	0x9f
 1315 08cd 02       		.byte	0x2
 1316 08ce 23       		.byte	0x23
 1317 08cf 34       		.uleb128 0x34
 1318 08d0 00       		.byte	0
 1319 08d1 03       		.uleb128 0x3
 1320 08d2 C00A0000 		.4byte	.LASF128
 1321 08d6 07       		.byte	0x7
 1322 08d7 A1       		.byte	0xa1
 1323 08d8 02       		.byte	0x2
 1324 08d9 F5070000 		.4byte	0x7f5
 1325 08dd 0E       		.uleb128 0xe
 1326 08de 18       		.byte	0x18
 1327 08df 07       		.byte	0x7
 1328 08e0 A6       		.byte	0xa6
 1329 08e1 09       		.byte	0x9
 1330 08e2 41090000 		.4byte	0x941
 1331 08e6 0F       		.uleb128 0xf
 1332 08e7 4A0A0000 		.4byte	.LASF129
 1333 08eb 07       		.byte	0x7
 1334 08ec A8       		.byte	0xa8
 1335 08ed 0C       		.byte	0xc
 1336 08ee 9F000000 		.4byte	0x9f
 1337 08f2 02       		.byte	0x2
 1338 08f3 23       		.byte	0x23
 1339 08f4 00       		.uleb128 0
 1340 08f5 0F       		.uleb128 0xf
 1341 08f6 A0040000 		.4byte	.LASF130
 1342 08fa 07       		.byte	0x7
 1343 08fb AA       		.byte	0xaa
 1344 08fc 0C       		.byte	0xc
 1345 08fd 9F000000 		.4byte	0x9f
 1346 0901 02       		.byte	0x2
 1347 0902 23       		.byte	0x23
 1348 0903 04       		.uleb128 0x4
 1349 0904 0F       		.uleb128 0xf
 1350 0905 B5080000 		.4byte	.LASF131
 1351 0909 07       		.byte	0x7
 1352 090a AC       		.byte	0xac
 1353 090b 0C       		.byte	0xc
 1354 090c 9F000000 		.4byte	0x9f
 1355 0910 02       		.byte	0x2
 1356 0911 23       		.byte	0x23
 1357 0912 08       		.uleb128 0x8
 1358 0913 0F       		.uleb128 0xf
 1359 0914 13000000 		.4byte	.LASF132
 1360 0918 07       		.byte	0x7
 1361 0919 AE       		.byte	0xae
 1362 091a 0C       		.byte	0xc
 1363 091b 9F000000 		.4byte	0x9f
 1364 091f 02       		.byte	0x2
 1365 0920 23       		.byte	0x23
 1366 0921 0C       		.uleb128 0xc
 1367 0922 0F       		.uleb128 0xf
 1368 0923 1B020000 		.4byte	.LASF133
ARM GAS  C:\Users\nicx5\AppData\Local\Temp\ccjkJcxQ.s 			page 25


 1369 0927 07       		.byte	0x7
 1370 0928 B0       		.byte	0xb0
 1371 0929 0C       		.byte	0xc
 1372 092a 9F000000 		.4byte	0x9f
 1373 092e 02       		.byte	0x2
 1374 092f 23       		.byte	0x23
 1375 0930 10       		.uleb128 0x10
 1376 0931 0F       		.uleb128 0xf
 1377 0932 F5080000 		.4byte	.LASF134
 1378 0936 07       		.byte	0x7
 1379 0937 B2       		.byte	0xb2
 1380 0938 0C       		.byte	0xc
 1381 0939 9F000000 		.4byte	0x9f
 1382 093d 02       		.byte	0x2
 1383 093e 23       		.byte	0x23
 1384 093f 14       		.uleb128 0x14
 1385 0940 00       		.byte	0
 1386 0941 03       		.uleb128 0x3
 1387 0942 B7070000 		.4byte	.LASF135
 1388 0946 07       		.byte	0x7
 1389 0947 B4       		.byte	0xb4
 1390 0948 02       		.byte	0x2
 1391 0949 DD080000 		.4byte	0x8dd
 1392 094d 0E       		.uleb128 0xe
 1393 094e 08       		.byte	0x8
 1394 094f 07       		.byte	0x7
 1395 0950 B9       		.byte	0xb9
 1396 0951 09       		.byte	0x9
 1397 0952 75090000 		.4byte	0x975
 1398 0956 0F       		.uleb128 0xf
 1399 0957 42010000 		.4byte	.LASF136
 1400 095b 07       		.byte	0x7
 1401 095c BB       		.byte	0xbb
 1402 095d 0C       		.byte	0xc
 1403 095e 9F000000 		.4byte	0x9f
 1404 0962 02       		.byte	0x2
 1405 0963 23       		.byte	0x23
 1406 0964 00       		.uleb128 0
 1407 0965 0F       		.uleb128 0xf
 1408 0966 1C080000 		.4byte	.LASF137
 1409 096a 07       		.byte	0x7
 1410 096b BD       		.byte	0xbd
 1411 096c 0C       		.byte	0xc
 1412 096d 9F000000 		.4byte	0x9f
 1413 0971 02       		.byte	0x2
 1414 0972 23       		.byte	0x23
 1415 0973 04       		.uleb128 0x4
 1416 0974 00       		.byte	0
 1417 0975 03       		.uleb128 0x3
 1418 0976 03090000 		.4byte	.LASF138
 1419 097a 07       		.byte	0x7
 1420 097b BF       		.byte	0xbf
 1421 097c 02       		.byte	0x2
 1422 097d 4D090000 		.4byte	0x94d
 1423 0981 15       		.uleb128 0x15
 1424 0982 01       		.byte	0x1
 1425 0983 22090000 		.4byte	.LASF139
ARM GAS  C:\Users\nicx5\AppData\Local\Temp\ccjkJcxQ.s 			page 26


 1426 0987 06       		.byte	0x6
 1427 0988 A302     		.2byte	0x2a3
 1428 098a 13       		.byte	0x13
 1429 098b 01       		.byte	0x1
 1430 098c F8020000 		.4byte	0x2f8
 1431 0990 01       		.byte	0x1
 1432 0991 9B090000 		.4byte	0x99b
 1433 0995 13       		.uleb128 0x13
 1434 0996 DE070000 		.4byte	0x7de
 1435 099a 00       		.byte	0
 1436 099b 15       		.uleb128 0x15
 1437 099c 01       		.byte	0x1
 1438 099d 55040000 		.4byte	.LASF140
 1439 09a1 06       		.byte	0x6
 1440 09a2 A202     		.2byte	0x2a2
 1441 09a4 13       		.byte	0x13
 1442 09a5 01       		.byte	0x1
 1443 09a6 F8020000 		.4byte	0x2f8
 1444 09aa 01       		.byte	0x1
 1445 09ab C9090000 		.4byte	0x9c9
 1446 09af 13       		.uleb128 0x13
 1447 09b0 DE070000 		.4byte	0x7de
 1448 09b4 13       		.uleb128 0x13
 1449 09b5 9F000000 		.4byte	0x9f
 1450 09b9 13       		.uleb128 0x13
 1451 09ba 9F000000 		.4byte	0x9f
 1452 09be 13       		.uleb128 0x13
 1453 09bf 9F000000 		.4byte	0x9f
 1454 09c3 13       		.uleb128 0x13
 1455 09c4 9F000000 		.4byte	0x9f
 1456 09c8 00       		.byte	0
 1457 09c9 15       		.uleb128 0x15
 1458 09ca 01       		.byte	0x1
 1459 09cb 1B060000 		.4byte	.LASF141
 1460 09cf 06       		.byte	0x6
 1461 09d0 A402     		.2byte	0x2a4
 1462 09d2 13       		.byte	0x13
 1463 09d3 01       		.byte	0x1
 1464 09d4 F8020000 		.4byte	0x2f8
 1465 09d8 01       		.byte	0x1
 1466 09d9 E3090000 		.4byte	0x9e3
 1467 09dd 13       		.uleb128 0x13
 1468 09de DE070000 		.4byte	0x7de
 1469 09e2 00       		.byte	0
 1470 09e3 16       		.uleb128 0x16
 1471 09e4 01       		.byte	0x1
 1472 09e5 52060000 		.4byte	.LASF196
 1473 09e9 09       		.byte	0x9
 1474 09ea 3304     		.2byte	0x433
 1475 09ec 0A       		.byte	0xa
 1476 09ed 01       		.byte	0x1
 1477 09ee 9F000000 		.4byte	0x9f
 1478 09f2 01       		.byte	0x1
 1479 09f3 17       		.uleb128 0x17
 1480 09f4 09050000 		.4byte	.LASF146
 1481 09f8 08       		.byte	0x8
 1482 09f9 CF09     		.2byte	0x9cf
ARM GAS  C:\Users\nicx5\AppData\Local\Temp\ccjkJcxQ.s 			page 27


 1483 09fb 0D       		.byte	0xd
 1484 09fc 01       		.byte	0x1
 1485 09fd 290A0000 		.4byte	0xa29
 1486 0a01 18       		.uleb128 0x18
 1487 0a02 93060000 		.4byte	.LASF142
 1488 0a06 08       		.byte	0x8
 1489 0a07 CF09     		.2byte	0x9cf
 1490 0a09 2D       		.byte	0x2d
 1491 0a0a 290A0000 		.4byte	0xa29
 1492 0a0e 19       		.uleb128 0x19
 1493 0a0f 636D6400 		.ascii	"cmd\000"
 1494 0a13 08       		.byte	0x8
 1495 0a14 CF09     		.2byte	0x9cf
 1496 0a16 49       		.byte	0x49
 1497 0a17 2F0A0000 		.4byte	0xa2f
 1498 0a1b 18       		.uleb128 0x18
 1499 0a1c E7060000 		.4byte	.LASF143
 1500 0a20 08       		.byte	0x8
 1501 0a21 CF09     		.2byte	0x9cf
 1502 0a23 57       		.byte	0x57
 1503 0a24 9F000000 		.4byte	0x9f
 1504 0a28 00       		.byte	0
 1505 0a29 11       		.uleb128 0x11
 1506 0a2a 04       		.byte	0x4
 1507 0a2b E4070000 		.4byte	0x7e4
 1508 0a2f 11       		.uleb128 0x11
 1509 0a30 04       		.byte	0x4
 1510 0a31 D1080000 		.4byte	0x8d1
 1511 0a35 1A       		.uleb128 0x1a
 1512 0a36 11030000 		.4byte	.LASF197
 1513 0a3a 08       		.byte	0x8
 1514 0a3b AE09     		.2byte	0x9ae
 1515 0a3d 1A       		.byte	0x1a
 1516 0a3e 01       		.byte	0x1
 1517 0a3f F8020000 		.4byte	0x2f8
 1518 0a43 890A0000 		.4byte	0xa89
 1519 0a47 18       		.uleb128 0x18
 1520 0a48 93060000 		.4byte	.LASF142
 1521 0a4c 08       		.byte	0x8
 1522 0a4d AE09     		.2byte	0x9ae
 1523 0a4f 4D       		.byte	0x4d
 1524 0a50 290A0000 		.4byte	0xa29
 1525 0a54 18       		.uleb128 0x18
 1526 0a55 79030000 		.4byte	.LASF144
 1527 0a59 08       		.byte	0x8
 1528 0a5a AE09     		.2byte	0x9ae
 1529 0a5c 5D       		.byte	0x5d
 1530 0a5d 9F000000 		.4byte	0x9f
 1531 0a61 18       		.uleb128 0x18
 1532 0a62 1C090000 		.4byte	.LASF73
 1533 0a66 08       		.byte	0x8
 1534 0a67 AF09     		.2byte	0x9af
 1535 0a69 44       		.byte	0x44
 1536 0a6a A7020000 		.4byte	0x2a7
 1537 0a6e 18       		.uleb128 0x18
 1538 0a6f 05040000 		.4byte	.LASF145
 1539 0a73 08       		.byte	0x8
ARM GAS  C:\Users\nicx5\AppData\Local\Temp\ccjkJcxQ.s 			page 28


 1540 0a74 AF09     		.2byte	0x9af
 1541 0a76 54       		.byte	0x54
 1542 0a77 9F000000 		.4byte	0x9f
 1543 0a7b 18       		.uleb128 0x18
 1544 0a7c 14080000 		.4byte	.LASF112
 1545 0a80 08       		.byte	0x8
 1546 0a81 AF09     		.2byte	0x9af
 1547 0a83 68       		.byte	0x68
 1548 0a84 9F000000 		.4byte	0x9f
 1549 0a88 00       		.byte	0
 1550 0a89 17       		.uleb128 0x17
 1551 0a8a 75090000 		.4byte	.LASF147
 1552 0a8e 08       		.byte	0x8
 1553 0a8f 8309     		.2byte	0x983
 1554 0a91 0D       		.byte	0xd
 1555 0a92 01       		.byte	0x1
 1556 0a93 B20A0000 		.4byte	0xab2
 1557 0a97 18       		.uleb128 0x18
 1558 0a98 16040000 		.4byte	.LASF111
 1559 0a9c 08       		.byte	0x8
 1560 0a9d 8309     		.2byte	0x983
 1561 0a9f 33       		.byte	0x33
 1562 0aa0 DE070000 		.4byte	0x7de
 1563 0aa4 1B       		.uleb128 0x1b
 1564 0aa5 93060000 		.4byte	.LASF142
 1565 0aa9 08       		.byte	0x8
 1566 0aaa 8509     		.2byte	0x985
 1567 0aac 17       		.byte	0x17
 1568 0aad 290A0000 		.4byte	0xa29
 1569 0ab1 00       		.byte	0
 1570 0ab2 17       		.uleb128 0x17
 1571 0ab3 260B0000 		.4byte	.LASF148
 1572 0ab7 08       		.byte	0x8
 1573 0ab8 6D09     		.2byte	0x96d
 1574 0aba 0D       		.byte	0xd
 1575 0abb 01       		.byte	0x1
 1576 0abc DB0A0000 		.4byte	0xadb
 1577 0ac0 18       		.uleb128 0x18
 1578 0ac1 16040000 		.4byte	.LASF111
 1579 0ac5 08       		.byte	0x8
 1580 0ac6 6D09     		.2byte	0x96d
 1581 0ac8 2F       		.byte	0x2f
 1582 0ac9 DE070000 		.4byte	0x7de
 1583 0acd 1B       		.uleb128 0x1b
 1584 0ace 93060000 		.4byte	.LASF142
 1585 0ad2 08       		.byte	0x8
 1586 0ad3 6F09     		.2byte	0x96f
 1587 0ad5 17       		.byte	0x17
 1588 0ad6 290A0000 		.4byte	0xa29
 1589 0ada 00       		.byte	0
 1590 0adb 17       		.uleb128 0x17
 1591 0adc 46090000 		.4byte	.LASF149
 1592 0ae0 08       		.byte	0x8
 1593 0ae1 5F09     		.2byte	0x95f
 1594 0ae3 0D       		.byte	0xd
 1595 0ae4 01       		.byte	0x1
 1596 0ae5 040B0000 		.4byte	0xb04
ARM GAS  C:\Users\nicx5\AppData\Local\Temp\ccjkJcxQ.s 			page 29


 1597 0ae9 18       		.uleb128 0x18
 1598 0aea 16040000 		.4byte	.LASF111
 1599 0aee 08       		.byte	0x8
 1600 0aef 5F09     		.2byte	0x95f
 1601 0af1 30       		.byte	0x30
 1602 0af2 DE070000 		.4byte	0x7de
 1603 0af6 1B       		.uleb128 0x1b
 1604 0af7 93060000 		.4byte	.LASF142
 1605 0afb 08       		.byte	0x8
 1606 0afc 6109     		.2byte	0x961
 1607 0afe 17       		.byte	0x17
 1608 0aff 290A0000 		.4byte	0xa29
 1609 0b03 00       		.byte	0
 1610 0b04 17       		.uleb128 0x17
 1611 0b05 B40B0000 		.4byte	.LASF150
 1612 0b09 08       		.byte	0x8
 1613 0b0a 5109     		.2byte	0x951
 1614 0b0c 0D       		.byte	0xd
 1615 0b0d 01       		.byte	0x1
 1616 0b0e 2D0B0000 		.4byte	0xb2d
 1617 0b12 18       		.uleb128 0x18
 1618 0b13 16040000 		.4byte	.LASF111
 1619 0b17 08       		.byte	0x8
 1620 0b18 5109     		.2byte	0x951
 1621 0b1a 30       		.byte	0x30
 1622 0b1b DE070000 		.4byte	0x7de
 1623 0b1f 1B       		.uleb128 0x1b
 1624 0b20 93060000 		.4byte	.LASF142
 1625 0b24 08       		.byte	0x8
 1626 0b25 5309     		.2byte	0x953
 1627 0b27 17       		.byte	0x17
 1628 0b28 290A0000 		.4byte	0xa29
 1629 0b2c 00       		.byte	0
 1630 0b2d 1C       		.uleb128 0x1c
 1631 0b2e 01       		.byte	0x1
 1632 0b2f 41070000 		.4byte	.LASF152
 1633 0b33 08       		.byte	0x8
 1634 0b34 2209     		.2byte	0x922
 1635 0b36 13       		.byte	0x13
 1636 0b37 01       		.byte	0x1
 1637 0b38 F8020000 		.4byte	0x2f8
 1638 0b3c 680B0000 		.4byte	0xb68
 1639 0b40 18       		.uleb128 0x18
 1640 0b41 93060000 		.4byte	.LASF142
 1641 0b45 08       		.byte	0x8
 1642 0b46 2209     		.2byte	0x922
 1643 0b48 3B       		.byte	0x3b
 1644 0b49 290A0000 		.4byte	0xa29
 1645 0b4d 18       		.uleb128 0x18
 1646 0b4e BE080000 		.4byte	.LASF92
 1647 0b52 08       		.byte	0x8
 1648 0b53 2209     		.2byte	0x922
 1649 0b55 4B       		.byte	0x4b
 1650 0b56 9F000000 		.4byte	0x9f
 1651 0b5a 1B       		.uleb128 0x1b
 1652 0b5b 9C0A0000 		.4byte	.LASF151
 1653 0b5f 08       		.byte	0x8
ARM GAS  C:\Users\nicx5\AppData\Local\Temp\ccjkJcxQ.s 			page 30


 1654 0b60 2409     		.2byte	0x924
 1655 0b62 15       		.byte	0x15
 1656 0b63 F8020000 		.4byte	0x2f8
 1657 0b67 00       		.byte	0
 1658 0b68 1C       		.uleb128 0x1c
 1659 0b69 01       		.byte	0x1
 1660 0b6a 3B040000 		.4byte	.LASF153
 1661 0b6e 08       		.byte	0x8
 1662 0b6f 1609     		.2byte	0x916
 1663 0b71 0A       		.byte	0xa
 1664 0b72 01       		.byte	0x1
 1665 0b73 9F000000 		.4byte	0x9f
 1666 0b77 890B0000 		.4byte	0xb89
 1667 0b7b 18       		.uleb128 0x18
 1668 0b7c 93060000 		.4byte	.LASF142
 1669 0b80 08       		.byte	0x8
 1670 0b81 1609     		.2byte	0x916
 1671 0b83 3E       		.byte	0x3e
 1672 0b84 890B0000 		.4byte	0xb89
 1673 0b88 00       		.byte	0
 1674 0b89 11       		.uleb128 0x11
 1675 0b8a 04       		.byte	0x4
 1676 0b8b F0070000 		.4byte	0x7f0
 1677 0b8f 1C       		.uleb128 0x1c
 1678 0b90 01       		.byte	0x1
 1679 0b91 410B0000 		.4byte	.LASF154
 1680 0b95 08       		.byte	0x8
 1681 0b96 F608     		.2byte	0x8f6
 1682 0b98 13       		.byte	0x13
 1683 0b99 01       		.byte	0x1
 1684 0b9a F8020000 		.4byte	0x2f8
 1685 0b9e CA0B0000 		.4byte	0xbca
 1686 0ba2 18       		.uleb128 0x18
 1687 0ba3 93060000 		.4byte	.LASF142
 1688 0ba7 08       		.byte	0x8
 1689 0ba8 F608     		.2byte	0x8f6
 1690 0baa 41       		.byte	0x41
 1691 0bab 290A0000 		.4byte	0xa29
 1692 0baf 18       		.uleb128 0x18
 1693 0bb0 130A0000 		.4byte	.LASF155
 1694 0bb4 08       		.byte	0x8
 1695 0bb5 F608     		.2byte	0x8f6
 1696 0bb7 51       		.byte	0x51
 1697 0bb8 9F000000 		.4byte	0x9f
 1698 0bbc 1B       		.uleb128 0x1b
 1699 0bbd 9C0A0000 		.4byte	.LASF151
 1700 0bc1 08       		.byte	0x8
 1701 0bc2 F808     		.2byte	0x8f8
 1702 0bc4 15       		.byte	0x15
 1703 0bc5 F8020000 		.4byte	0x2f8
 1704 0bc9 00       		.byte	0
 1705 0bca 1D       		.uleb128 0x1d
 1706 0bcb 01       		.byte	0x1
 1707 0bcc FF090000 		.4byte	.LASF161
 1708 0bd0 08       		.byte	0x8
 1709 0bd1 EC08     		.2byte	0x8ec
 1710 0bd3 06       		.byte	0x6
ARM GAS  C:\Users\nicx5\AppData\Local\Temp\ccjkJcxQ.s 			page 31


 1711 0bd4 01       		.byte	0x1
 1712 0bd5 F40B0000 		.4byte	0xbf4
 1713 0bd9 18       		.uleb128 0x18
 1714 0bda 93060000 		.4byte	.LASF142
 1715 0bde 08       		.byte	0x8
 1716 0bdf EC08     		.2byte	0x8ec
 1717 0be1 2E       		.byte	0x2e
 1718 0be2 290A0000 		.4byte	0xa29
 1719 0be6 18       		.uleb128 0x18
 1720 0be7 14080000 		.4byte	.LASF112
 1721 0beb 08       		.byte	0x8
 1722 0bec EC08     		.2byte	0x8ec
 1723 0bee 3E       		.byte	0x3e
 1724 0bef 9F000000 		.4byte	0x9f
 1725 0bf3 00       		.byte	0
 1726 0bf4 1C       		.uleb128 0x1c
 1727 0bf5 01       		.byte	0x1
 1728 0bf6 5D080000 		.4byte	.LASF156
 1729 0bfa 08       		.byte	0x8
 1730 0bfb AB08     		.2byte	0x8ab
 1731 0bfd 13       		.byte	0x13
 1732 0bfe 01       		.byte	0x1
 1733 0bff F8020000 		.4byte	0x2f8
 1734 0c03 220C0000 		.4byte	0xc22
 1735 0c07 18       		.uleb128 0x18
 1736 0c08 93060000 		.4byte	.LASF142
 1737 0c0c 08       		.byte	0x8
 1738 0c0d AB08     		.2byte	0x8ab
 1739 0c0f 39       		.byte	0x39
 1740 0c10 290A0000 		.4byte	0xa29
 1741 0c14 1B       		.uleb128 0x1b
 1742 0c15 9C0A0000 		.4byte	.LASF151
 1743 0c19 08       		.byte	0x8
 1744 0c1a AD08     		.2byte	0x8ad
 1745 0c1c 15       		.byte	0x15
 1746 0c1d F8020000 		.4byte	0x2f8
 1747 0c21 00       		.byte	0
 1748 0c22 1C       		.uleb128 0x1c
 1749 0c23 01       		.byte	0x1
 1750 0c24 BE030000 		.4byte	.LASF157
 1751 0c28 08       		.byte	0x8
 1752 0c29 6A08     		.2byte	0x86a
 1753 0c2b 13       		.byte	0x13
 1754 0c2c 01       		.byte	0x1
 1755 0c2d F8020000 		.4byte	0x2f8
 1756 0c31 5D0C0000 		.4byte	0xc5d
 1757 0c35 18       		.uleb128 0x18
 1758 0c36 93060000 		.4byte	.LASF142
 1759 0c3a 08       		.byte	0x8
 1760 0c3b 6A08     		.2byte	0x86a
 1761 0c3d 36       		.byte	0x36
 1762 0c3e 290A0000 		.4byte	0xa29
 1763 0c42 1B       		.uleb128 0x1b
 1764 0c43 9C0A0000 		.4byte	.LASF151
 1765 0c47 08       		.byte	0x8
 1766 0c48 6C08     		.2byte	0x86c
 1767 0c4a 15       		.byte	0x15
ARM GAS  C:\Users\nicx5\AppData\Local\Temp\ccjkJcxQ.s 			page 32


 1768 0c4b F8020000 		.4byte	0x2f8
 1769 0c4f 1B       		.uleb128 0x1b
 1770 0c50 92070000 		.4byte	.LASF158
 1771 0c54 08       		.byte	0x8
 1772 0c55 6D08     		.2byte	0x86d
 1773 0c57 0C       		.byte	0xc
 1774 0c58 9F000000 		.4byte	0x9f
 1775 0c5c 00       		.byte	0
 1776 0c5d 1C       		.uleb128 0x1c
 1777 0c5e 01       		.byte	0x1
 1778 0c5f C30B0000 		.4byte	.LASF159
 1779 0c63 08       		.byte	0x8
 1780 0c64 6008     		.2byte	0x860
 1781 0c66 0A       		.byte	0xa
 1782 0c67 01       		.byte	0x1
 1783 0c68 9F000000 		.4byte	0x9f
 1784 0c6c 7E0C0000 		.4byte	0xc7e
 1785 0c70 18       		.uleb128 0x18
 1786 0c71 93060000 		.4byte	.LASF142
 1787 0c75 08       		.byte	0x8
 1788 0c76 6008     		.2byte	0x860
 1789 0c78 36       		.byte	0x36
 1790 0c79 890B0000 		.4byte	0xb89
 1791 0c7d 00       		.byte	0
 1792 0c7e 1C       		.uleb128 0x1c
 1793 0c7f 01       		.byte	0x1
 1794 0c80 87090000 		.4byte	.LASF160
 1795 0c84 08       		.byte	0x8
 1796 0c85 5508     		.2byte	0x855
 1797 0c87 17       		.byte	0x17
 1798 0c88 01       		.byte	0x1
 1799 0c89 FA060000 		.4byte	0x6fa
 1800 0c8d 9F0C0000 		.4byte	0xc9f
 1801 0c91 18       		.uleb128 0x18
 1802 0c92 93060000 		.4byte	.LASF142
 1803 0c96 08       		.byte	0x8
 1804 0c97 5508     		.2byte	0x855
 1805 0c99 43       		.byte	0x43
 1806 0c9a 890B0000 		.4byte	0xb89
 1807 0c9e 00       		.byte	0
 1808 0c9f 1D       		.uleb128 0x1d
 1809 0ca0 01       		.byte	0x1
 1810 0ca1 86010000 		.4byte	.LASF162
 1811 0ca5 08       		.byte	0x8
 1812 0ca6 6307     		.2byte	0x763
 1813 0ca8 0D       		.byte	0xd
 1814 0ca9 01       		.byte	0x1
 1815 0caa BC0C0000 		.4byte	0xcbc
 1816 0cae 18       		.uleb128 0x18
 1817 0caf 93060000 		.4byte	.LASF142
 1818 0cb3 08       		.byte	0x8
 1819 0cb4 6307     		.2byte	0x763
 1820 0cb6 3A       		.byte	0x3a
 1821 0cb7 290A0000 		.4byte	0xa29
 1822 0cbb 00       		.byte	0
 1823 0cbc 1D       		.uleb128 0x1d
 1824 0cbd 01       		.byte	0x1
ARM GAS  C:\Users\nicx5\AppData\Local\Temp\ccjkJcxQ.s 			page 33


 1825 0cbe 45020000 		.4byte	.LASF163
 1826 0cc2 08       		.byte	0x8
 1827 0cc3 5407     		.2byte	0x754
 1828 0cc5 0D       		.byte	0xd
 1829 0cc6 01       		.byte	0x1
 1830 0cc7 D90C0000 		.4byte	0xcd9
 1831 0ccb 18       		.uleb128 0x18
 1832 0ccc 93060000 		.4byte	.LASF142
 1833 0cd0 08       		.byte	0x8
 1834 0cd1 5407     		.2byte	0x754
 1835 0cd3 3E       		.byte	0x3e
 1836 0cd4 290A0000 		.4byte	0xa29
 1837 0cd8 00       		.byte	0
 1838 0cd9 1D       		.uleb128 0x1d
 1839 0cda 01       		.byte	0x1
 1840 0cdb 62020000 		.4byte	.LASF164
 1841 0cdf 08       		.byte	0x8
 1842 0ce0 4507     		.2byte	0x745
 1843 0ce2 0D       		.byte	0xd
 1844 0ce3 01       		.byte	0x1
 1845 0ce4 F60C0000 		.4byte	0xcf6
 1846 0ce8 18       		.uleb128 0x18
 1847 0ce9 93060000 		.4byte	.LASF142
 1848 0ced 08       		.byte	0x8
 1849 0cee 4507     		.2byte	0x745
 1850 0cf0 40       		.byte	0x40
 1851 0cf1 290A0000 		.4byte	0xa29
 1852 0cf5 00       		.byte	0
 1853 0cf6 1D       		.uleb128 0x1d
 1854 0cf7 01       		.byte	0x1
 1855 0cf8 FC070000 		.4byte	.LASF165
 1856 0cfc 08       		.byte	0x8
 1857 0cfd 3507     		.2byte	0x735
 1858 0cff 0D       		.byte	0xd
 1859 0d00 01       		.byte	0x1
 1860 0d01 130D0000 		.4byte	0xd13
 1861 0d05 18       		.uleb128 0x18
 1862 0d06 93060000 		.4byte	.LASF142
 1863 0d0a 08       		.byte	0x8
 1864 0d0b 3507     		.2byte	0x735
 1865 0d0d 39       		.byte	0x39
 1866 0d0e 290A0000 		.4byte	0xa29
 1867 0d12 00       		.byte	0
 1868 0d13 1D       		.uleb128 0x1d
 1869 0d14 01       		.byte	0x1
 1870 0d15 88040000 		.4byte	.LASF166
 1871 0d19 08       		.byte	0x8
 1872 0d1a 2607     		.2byte	0x726
 1873 0d1c 0D       		.byte	0xd
 1874 0d1d 01       		.byte	0x1
 1875 0d1e 300D0000 		.4byte	0xd30
 1876 0d22 18       		.uleb128 0x18
 1877 0d23 93060000 		.4byte	.LASF142
 1878 0d27 08       		.byte	0x8
 1879 0d28 2607     		.2byte	0x726
 1880 0d2a 39       		.byte	0x39
 1881 0d2b 290A0000 		.4byte	0xa29
ARM GAS  C:\Users\nicx5\AppData\Local\Temp\ccjkJcxQ.s 			page 34


 1882 0d2f 00       		.byte	0
 1883 0d30 1D       		.uleb128 0x1d
 1884 0d31 01       		.byte	0x1
 1885 0d32 63060000 		.4byte	.LASF167
 1886 0d36 08       		.byte	0x8
 1887 0d37 1707     		.2byte	0x717
 1888 0d39 0D       		.byte	0xd
 1889 0d3a 01       		.byte	0x1
 1890 0d3b 4D0D0000 		.4byte	0xd4d
 1891 0d3f 18       		.uleb128 0x18
 1892 0d40 93060000 		.4byte	.LASF142
 1893 0d44 08       		.byte	0x8
 1894 0d45 1707     		.2byte	0x717
 1895 0d47 3A       		.byte	0x3a
 1896 0d48 290A0000 		.4byte	0xa29
 1897 0d4c 00       		.byte	0
 1898 0d4d 1D       		.uleb128 0x1d
 1899 0d4e 01       		.byte	0x1
 1900 0d4f 9A080000 		.4byte	.LASF168
 1901 0d53 08       		.byte	0x8
 1902 0d54 0807     		.2byte	0x708
 1903 0d56 0D       		.byte	0xd
 1904 0d57 01       		.byte	0x1
 1905 0d58 6A0D0000 		.4byte	0xd6a
 1906 0d5c 18       		.uleb128 0x18
 1907 0d5d 93060000 		.4byte	.LASF142
 1908 0d61 08       		.byte	0x8
 1909 0d62 0807     		.2byte	0x708
 1910 0d64 3C       		.byte	0x3c
 1911 0d65 290A0000 		.4byte	0xa29
 1912 0d69 00       		.byte	0
 1913 0d6a 1D       		.uleb128 0x1d
 1914 0d6b 01       		.byte	0x1
 1915 0d6c 83080000 		.4byte	.LASF169
 1916 0d70 08       		.byte	0x8
 1917 0d71 F906     		.2byte	0x6f9
 1918 0d73 0D       		.byte	0xd
 1919 0d74 01       		.byte	0x1
 1920 0d75 870D0000 		.4byte	0xd87
 1921 0d79 18       		.uleb128 0x18
 1922 0d7a 93060000 		.4byte	.LASF142
 1923 0d7e 08       		.byte	0x8
 1924 0d7f F906     		.2byte	0x6f9
 1925 0d81 38       		.byte	0x38
 1926 0d82 290A0000 		.4byte	0xa29
 1927 0d86 00       		.byte	0
 1928 0d87 1C       		.uleb128 0x1c
 1929 0d88 01       		.byte	0x1
 1930 0d89 55070000 		.4byte	.LASF170
 1931 0d8d 08       		.byte	0x8
 1932 0d8e A306     		.2byte	0x6a3
 1933 0d90 13       		.byte	0x13
 1934 0d91 01       		.byte	0x1
 1935 0d92 F8020000 		.4byte	0x2f8
 1936 0d96 DC0D0000 		.4byte	0xddc
 1937 0d9a 18       		.uleb128 0x18
 1938 0d9b 93060000 		.4byte	.LASF142
ARM GAS  C:\Users\nicx5\AppData\Local\Temp\ccjkJcxQ.s 			page 35


 1939 0d9f 08       		.byte	0x8
 1940 0da0 A306     		.2byte	0x6a3
 1941 0da2 3D       		.byte	0x3d
 1942 0da3 290A0000 		.4byte	0xa29
 1943 0da7 19       		.uleb128 0x19
 1944 0da8 636D6400 		.ascii	"cmd\000"
 1945 0dac 08       		.byte	0x8
 1946 0dad A306     		.2byte	0x6a3
 1947 0daf 59       		.byte	0x59
 1948 0db0 2F0A0000 		.4byte	0xa2f
 1949 0db4 19       		.uleb128 0x19
 1950 0db5 63666700 		.ascii	"cfg\000"
 1951 0db9 08       		.byte	0x8
 1952 0dba A306     		.2byte	0x6a3
 1953 0dbc 78       		.byte	0x78
 1954 0dbd DC0D0000 		.4byte	0xddc
 1955 0dc1 1B       		.uleb128 0x1b
 1956 0dc2 9C0A0000 		.4byte	.LASF151
 1957 0dc6 08       		.byte	0x8
 1958 0dc7 A506     		.2byte	0x6a5
 1959 0dc9 15       		.byte	0x15
 1960 0dca F8020000 		.4byte	0x2f8
 1961 0dce 1B       		.uleb128 0x1b
 1962 0dcf 92070000 		.4byte	.LASF158
 1963 0dd3 08       		.byte	0x8
 1964 0dd4 A606     		.2byte	0x6a6
 1965 0dd6 0C       		.byte	0xc
 1966 0dd7 9F000000 		.4byte	0x9f
 1967 0ddb 00       		.byte	0
 1968 0ddc 11       		.uleb128 0x11
 1969 0ddd 04       		.byte	0x4
 1970 0dde 75090000 		.4byte	0x975
 1971 0de2 1C       		.uleb128 0x1c
 1972 0de3 01       		.byte	0x1
 1973 0de4 D50B0000 		.4byte	.LASF171
 1974 0de8 08       		.byte	0x8
 1975 0de9 3B06     		.2byte	0x63b
 1976 0deb 13       		.byte	0x13
 1977 0dec 01       		.byte	0x1
 1978 0ded F8020000 		.4byte	0x2f8
 1979 0df1 370E0000 		.4byte	0xe37
 1980 0df5 18       		.uleb128 0x18
 1981 0df6 93060000 		.4byte	.LASF142
 1982 0dfa 08       		.byte	0x8
 1983 0dfb 3B06     		.2byte	0x63b
 1984 0dfd 3F       		.byte	0x3f
 1985 0dfe 290A0000 		.4byte	0xa29
 1986 0e02 19       		.uleb128 0x19
 1987 0e03 636D6400 		.ascii	"cmd\000"
 1988 0e07 08       		.byte	0x8
 1989 0e08 3B06     		.2byte	0x63b
 1990 0e0a 5B       		.byte	0x5b
 1991 0e0b 2F0A0000 		.4byte	0xa2f
 1992 0e0f 19       		.uleb128 0x19
 1993 0e10 63666700 		.ascii	"cfg\000"
 1994 0e14 08       		.byte	0x8
 1995 0e15 3B06     		.2byte	0x63b
ARM GAS  C:\Users\nicx5\AppData\Local\Temp\ccjkJcxQ.s 			page 36


 1996 0e17 79       		.byte	0x79
 1997 0e18 370E0000 		.4byte	0xe37
 1998 0e1c 1B       		.uleb128 0x1b
 1999 0e1d 9C0A0000 		.4byte	.LASF151
 2000 0e21 08       		.byte	0x8
 2001 0e22 3D06     		.2byte	0x63d
 2002 0e24 15       		.byte	0x15
 2003 0e25 F8020000 		.4byte	0x2f8
 2004 0e29 1B       		.uleb128 0x1b
 2005 0e2a 92070000 		.4byte	.LASF158
 2006 0e2e 08       		.byte	0x8
 2007 0e2f 3E06     		.2byte	0x63e
 2008 0e31 0C       		.byte	0xc
 2009 0e32 9F000000 		.4byte	0x9f
 2010 0e36 00       		.byte	0
 2011 0e37 11       		.uleb128 0x11
 2012 0e38 04       		.byte	0x4
 2013 0e39 41090000 		.4byte	0x941
 2014 0e3d 1C       		.uleb128 0x1c
 2015 0e3e 01       		.byte	0x1
 2016 0e3f 580C0000 		.4byte	.LASF172
 2017 0e43 08       		.byte	0x8
 2018 0e44 D705     		.2byte	0x5d7
 2019 0e46 13       		.byte	0x13
 2020 0e47 01       		.byte	0x1
 2021 0e48 F8020000 		.4byte	0x2f8
 2022 0e4c 9F0E0000 		.4byte	0xe9f
 2023 0e50 18       		.uleb128 0x18
 2024 0e51 93060000 		.4byte	.LASF142
 2025 0e55 08       		.byte	0x8
 2026 0e56 D705     		.2byte	0x5d7
 2027 0e58 3C       		.byte	0x3c
 2028 0e59 290A0000 		.4byte	0xa29
 2029 0e5d 19       		.uleb128 0x19
 2030 0e5e 636D6400 		.ascii	"cmd\000"
 2031 0e62 08       		.byte	0x8
 2032 0e63 D705     		.2byte	0x5d7
 2033 0e65 58       		.byte	0x58
 2034 0e66 2F0A0000 		.4byte	0xa2f
 2035 0e6a 19       		.uleb128 0x19
 2036 0e6b 63666700 		.ascii	"cfg\000"
 2037 0e6f 08       		.byte	0x8
 2038 0e70 D705     		.2byte	0x5d7
 2039 0e72 76       		.byte	0x76
 2040 0e73 370E0000 		.4byte	0xe37
 2041 0e77 18       		.uleb128 0x18
 2042 0e78 14080000 		.4byte	.LASF112
 2043 0e7c 08       		.byte	0x8
 2044 0e7d D705     		.2byte	0x5d7
 2045 0e7f 84       		.byte	0x84
 2046 0e80 9F000000 		.4byte	0x9f
 2047 0e84 1B       		.uleb128 0x1b
 2048 0e85 9C0A0000 		.4byte	.LASF151
 2049 0e89 08       		.byte	0x8
 2050 0e8a D905     		.2byte	0x5d9
 2051 0e8c 15       		.byte	0x15
 2052 0e8d F8020000 		.4byte	0x2f8
ARM GAS  C:\Users\nicx5\AppData\Local\Temp\ccjkJcxQ.s 			page 37


 2053 0e91 1B       		.uleb128 0x1b
 2054 0e92 92070000 		.4byte	.LASF158
 2055 0e96 08       		.byte	0x8
 2056 0e97 DA05     		.2byte	0x5da
 2057 0e99 0C       		.byte	0xc
 2058 0e9a 9F000000 		.4byte	0x9f
 2059 0e9e 00       		.byte	0
 2060 0e9f 1C       		.uleb128 0x1c
 2061 0ea0 01       		.byte	0x1
 2062 0ea1 31090000 		.4byte	.LASF173
 2063 0ea5 08       		.byte	0x8
 2064 0ea6 6205     		.2byte	0x562
 2065 0ea8 13       		.byte	0x13
 2066 0ea9 01       		.byte	0x1
 2067 0eaa F8020000 		.4byte	0x2f8
 2068 0eae F40E0000 		.4byte	0xef4
 2069 0eb2 18       		.uleb128 0x18
 2070 0eb3 93060000 		.4byte	.LASF142
 2071 0eb7 08       		.byte	0x8
 2072 0eb8 6205     		.2byte	0x562
 2073 0eba 3C       		.byte	0x3c
 2074 0ebb 290A0000 		.4byte	0xa29
 2075 0ebf 18       		.uleb128 0x18
 2076 0ec0 1C040000 		.4byte	.LASF174
 2077 0ec4 08       		.byte	0x8
 2078 0ec5 6205     		.2byte	0x562
 2079 0ec7 4C       		.byte	0x4c
 2080 0ec8 21060000 		.4byte	0x621
 2081 0ecc 1B       		.uleb128 0x1b
 2082 0ecd 9C0A0000 		.4byte	.LASF151
 2083 0ed1 08       		.byte	0x8
 2084 0ed2 6405     		.2byte	0x564
 2085 0ed4 15       		.byte	0x15
 2086 0ed5 F8020000 		.4byte	0x2f8
 2087 0ed9 1B       		.uleb128 0x1b
 2088 0eda 22040000 		.4byte	.LASF175
 2089 0ede 08       		.byte	0x8
 2090 0edf 6505     		.2byte	0x565
 2091 0ee1 0C       		.byte	0xc
 2092 0ee2 9F000000 		.4byte	0x9f
 2093 0ee6 1B       		.uleb128 0x1b
 2094 0ee7 BB050000 		.4byte	.LASF176
 2095 0eeb 08       		.byte	0x8
 2096 0eec 6605     		.2byte	0x566
 2097 0eee 0C       		.byte	0xc
 2098 0eef 9F000000 		.4byte	0x9f
 2099 0ef3 00       		.byte	0
 2100 0ef4 1C       		.uleb128 0x1c
 2101 0ef5 01       		.byte	0x1
 2102 0ef6 5B0B0000 		.4byte	.LASF177
 2103 0efa 08       		.byte	0x8
 2104 0efb F104     		.2byte	0x4f1
 2105 0efd 13       		.byte	0x13
 2106 0efe 01       		.byte	0x1
 2107 0eff F8020000 		.4byte	0x2f8
 2108 0f03 3C0F0000 		.4byte	0xf3c
 2109 0f07 18       		.uleb128 0x18
ARM GAS  C:\Users\nicx5\AppData\Local\Temp\ccjkJcxQ.s 			page 38


 2110 0f08 93060000 		.4byte	.LASF142
 2111 0f0c 08       		.byte	0x8
 2112 0f0d F104     		.2byte	0x4f1
 2113 0f0f 3D       		.byte	0x3d
 2114 0f10 290A0000 		.4byte	0xa29
 2115 0f14 18       		.uleb128 0x18
 2116 0f15 1C040000 		.4byte	.LASF174
 2117 0f19 08       		.byte	0x8
 2118 0f1a F104     		.2byte	0x4f1
 2119 0f1c 4D       		.byte	0x4d
 2120 0f1d 21060000 		.4byte	0x621
 2121 0f21 1B       		.uleb128 0x1b
 2122 0f22 9C0A0000 		.4byte	.LASF151
 2123 0f26 08       		.byte	0x8
 2124 0f27 F304     		.2byte	0x4f3
 2125 0f29 15       		.byte	0x15
 2126 0f2a F8020000 		.4byte	0x2f8
 2127 0f2e 1B       		.uleb128 0x1b
 2128 0f2f BB050000 		.4byte	.LASF176
 2129 0f33 08       		.byte	0x8
 2130 0f34 F404     		.2byte	0x4f4
 2131 0f36 0C       		.byte	0xc
 2132 0f37 9F000000 		.4byte	0x9f
 2133 0f3b 00       		.byte	0
 2134 0f3c 1C       		.uleb128 0x1c
 2135 0f3d 01       		.byte	0x1
 2136 0f3e 99030000 		.4byte	.LASF178
 2137 0f42 08       		.byte	0x8
 2138 0f43 B104     		.2byte	0x4b1
 2139 0f45 13       		.byte	0x13
 2140 0f46 01       		.byte	0x1
 2141 0f47 F8020000 		.4byte	0x2f8
 2142 0f4b 840F0000 		.4byte	0xf84
 2143 0f4f 18       		.uleb128 0x18
 2144 0f50 93060000 		.4byte	.LASF142
 2145 0f54 08       		.byte	0x8
 2146 0f55 B104     		.2byte	0x4b1
 2147 0f57 3B       		.byte	0x3b
 2148 0f58 290A0000 		.4byte	0xa29
 2149 0f5c 18       		.uleb128 0x18
 2150 0f5d 1C040000 		.4byte	.LASF174
 2151 0f61 08       		.byte	0x8
 2152 0f62 B104     		.2byte	0x4b1
 2153 0f64 4B       		.byte	0x4b
 2154 0f65 21060000 		.4byte	0x621
 2155 0f69 1B       		.uleb128 0x1b
 2156 0f6a 9C0A0000 		.4byte	.LASF151
 2157 0f6e 08       		.byte	0x8
 2158 0f6f B304     		.2byte	0x4b3
 2159 0f71 15       		.byte	0x15
 2160 0f72 F8020000 		.4byte	0x2f8
 2161 0f76 1B       		.uleb128 0x1b
 2162 0f77 22040000 		.4byte	.LASF175
 2163 0f7b 08       		.byte	0x8
 2164 0f7c B404     		.2byte	0x4b4
 2165 0f7e 0C       		.byte	0xc
 2166 0f7f 9F000000 		.4byte	0x9f
ARM GAS  C:\Users\nicx5\AppData\Local\Temp\ccjkJcxQ.s 			page 39


 2167 0f83 00       		.byte	0
 2168 0f84 1C       		.uleb128 0x1c
 2169 0f85 01       		.byte	0x1
 2170 0f86 320C0000 		.4byte	.LASF179
 2171 0f8a 08       		.byte	0x8
 2172 0f8b 7504     		.2byte	0x475
 2173 0f8d 13       		.byte	0x13
 2174 0f8e 01       		.byte	0x1
 2175 0f8f F8020000 		.4byte	0x2f8
 2176 0f93 BF0F0000 		.4byte	0xfbf
 2177 0f97 18       		.uleb128 0x18
 2178 0f98 93060000 		.4byte	.LASF142
 2179 0f9c 08       		.byte	0x8
 2180 0f9d 7504     		.2byte	0x475
 2181 0f9f 3C       		.byte	0x3c
 2182 0fa0 290A0000 		.4byte	0xa29
 2183 0fa4 18       		.uleb128 0x18
 2184 0fa5 1C040000 		.4byte	.LASF174
 2185 0fa9 08       		.byte	0x8
 2186 0faa 7504     		.2byte	0x475
 2187 0fac 4C       		.byte	0x4c
 2188 0fad 21060000 		.4byte	0x621
 2189 0fb1 1B       		.uleb128 0x1b
 2190 0fb2 9C0A0000 		.4byte	.LASF151
 2191 0fb6 08       		.byte	0x8
 2192 0fb7 7704     		.2byte	0x477
 2193 0fb9 15       		.byte	0x15
 2194 0fba F8020000 		.4byte	0x2f8
 2195 0fbe 00       		.byte	0
 2196 0fbf 1C       		.uleb128 0x1c
 2197 0fc0 01       		.byte	0x1
 2198 0fc1 41060000 		.4byte	.LASF180
 2199 0fc5 08       		.byte	0x8
 2200 0fc6 2004     		.2byte	0x420
 2201 0fc8 13       		.byte	0x13
 2202 0fc9 01       		.byte	0x1
 2203 0fca F8020000 		.4byte	0x2f8
 2204 0fce 2E100000 		.4byte	0x102e
 2205 0fd2 18       		.uleb128 0x18
 2206 0fd3 93060000 		.4byte	.LASF142
 2207 0fd7 08       		.byte	0x8
 2208 0fd8 2004     		.2byte	0x420
 2209 0fda 38       		.byte	0x38
 2210 0fdb 290A0000 		.4byte	0xa29
 2211 0fdf 18       		.uleb128 0x18
 2212 0fe0 1C040000 		.4byte	.LASF174
 2213 0fe4 08       		.byte	0x8
 2214 0fe5 2004     		.2byte	0x420
 2215 0fe7 48       		.byte	0x48
 2216 0fe8 21060000 		.4byte	0x621
 2217 0fec 18       		.uleb128 0x18
 2218 0fed 14080000 		.4byte	.LASF112
 2219 0ff1 08       		.byte	0x8
 2220 0ff2 2004     		.2byte	0x420
 2221 0ff4 58       		.byte	0x58
 2222 0ff5 9F000000 		.4byte	0x9f
 2223 0ff9 1B       		.uleb128 0x1b
ARM GAS  C:\Users\nicx5\AppData\Local\Temp\ccjkJcxQ.s 			page 40


 2224 0ffa 9C0A0000 		.4byte	.LASF151
 2225 0ffe 08       		.byte	0x8
 2226 0fff 2204     		.2byte	0x422
 2227 1001 15       		.byte	0x15
 2228 1002 F8020000 		.4byte	0x2f8
 2229 1006 1B       		.uleb128 0x1b
 2230 1007 92070000 		.4byte	.LASF158
 2231 100b 08       		.byte	0x8
 2232 100c 2304     		.2byte	0x423
 2233 100e 0C       		.byte	0xc
 2234 100f 9F000000 		.4byte	0x9f
 2235 1013 1B       		.uleb128 0x1b
 2236 1014 22040000 		.4byte	.LASF175
 2237 1018 08       		.byte	0x8
 2238 1019 2404     		.2byte	0x424
 2239 101b 0C       		.byte	0xc
 2240 101c 9F000000 		.4byte	0x9f
 2241 1020 1B       		.uleb128 0x1b
 2242 1021 FC060000 		.4byte	.LASF181
 2243 1025 08       		.byte	0x8
 2244 1026 2504     		.2byte	0x425
 2245 1028 12       		.byte	0x12
 2246 1029 2E100000 		.4byte	0x102e
 2247 102d 00       		.byte	0
 2248 102e 11       		.uleb128 0x11
 2249 102f 04       		.byte	0x4
 2250 1030 AB000000 		.4byte	0xab
 2251 1034 1C       		.uleb128 0x1c
 2252 1035 01       		.byte	0x1
 2253 1036 A4060000 		.4byte	.LASF182
 2254 103a 08       		.byte	0x8
 2255 103b CD03     		.2byte	0x3cd
 2256 103d 13       		.byte	0x13
 2257 103e 01       		.byte	0x1
 2258 103f F8020000 		.4byte	0x2f8
 2259 1043 96100000 		.4byte	0x1096
 2260 1047 18       		.uleb128 0x18
 2261 1048 93060000 		.4byte	.LASF142
 2262 104c 08       		.byte	0x8
 2263 104d CD03     		.2byte	0x3cd
 2264 104f 39       		.byte	0x39
 2265 1050 290A0000 		.4byte	0xa29
 2266 1054 18       		.uleb128 0x18
 2267 1055 1C040000 		.4byte	.LASF174
 2268 1059 08       		.byte	0x8
 2269 105a CD03     		.2byte	0x3cd
 2270 105c 49       		.byte	0x49
 2271 105d 21060000 		.4byte	0x621
 2272 1061 18       		.uleb128 0x18
 2273 1062 14080000 		.4byte	.LASF112
 2274 1066 08       		.byte	0x8
 2275 1067 CD03     		.2byte	0x3cd
 2276 1069 59       		.byte	0x59
 2277 106a 9F000000 		.4byte	0x9f
 2278 106e 1B       		.uleb128 0x1b
 2279 106f 9C0A0000 		.4byte	.LASF151
 2280 1073 08       		.byte	0x8
ARM GAS  C:\Users\nicx5\AppData\Local\Temp\ccjkJcxQ.s 			page 41


 2281 1074 CF03     		.2byte	0x3cf
 2282 1076 15       		.byte	0x15
 2283 1077 F8020000 		.4byte	0x2f8
 2284 107b 1B       		.uleb128 0x1b
 2285 107c 92070000 		.4byte	.LASF158
 2286 1080 08       		.byte	0x8
 2287 1081 D003     		.2byte	0x3d0
 2288 1083 0C       		.byte	0xc
 2289 1084 9F000000 		.4byte	0x9f
 2290 1088 1B       		.uleb128 0x1b
 2291 1089 FC060000 		.4byte	.LASF181
 2292 108d 08       		.byte	0x8
 2293 108e D103     		.2byte	0x3d1
 2294 1090 12       		.byte	0x12
 2295 1091 2E100000 		.4byte	0x102e
 2296 1095 00       		.byte	0
 2297 1096 1C       		.uleb128 0x1c
 2298 1097 01       		.byte	0x1
 2299 1098 E7010000 		.4byte	.LASF183
 2300 109c 08       		.byte	0x8
 2301 109d 6903     		.2byte	0x369
 2302 109f 13       		.byte	0x13
 2303 10a0 01       		.byte	0x1
 2304 10a1 F8020000 		.4byte	0x2f8
 2305 10a5 DE100000 		.4byte	0x10de
 2306 10a9 18       		.uleb128 0x18
 2307 10aa 93060000 		.4byte	.LASF142
 2308 10ae 08       		.byte	0x8
 2309 10af 6903     		.2byte	0x369
 2310 10b1 3B       		.byte	0x3b
 2311 10b2 290A0000 		.4byte	0xa29
 2312 10b6 19       		.uleb128 0x19
 2313 10b7 636D6400 		.ascii	"cmd\000"
 2314 10bb 08       		.byte	0x8
 2315 10bc 6903     		.2byte	0x369
 2316 10be 57       		.byte	0x57
 2317 10bf 2F0A0000 		.4byte	0xa2f
 2318 10c3 1B       		.uleb128 0x1b
 2319 10c4 9C0A0000 		.4byte	.LASF151
 2320 10c8 08       		.byte	0x8
 2321 10c9 6B03     		.2byte	0x36b
 2322 10cb 15       		.byte	0x15
 2323 10cc F8020000 		.4byte	0x2f8
 2324 10d0 1B       		.uleb128 0x1b
 2325 10d1 92070000 		.4byte	.LASF158
 2326 10d5 08       		.byte	0x8
 2327 10d6 6C03     		.2byte	0x36c
 2328 10d8 0C       		.byte	0xc
 2329 10d9 9F000000 		.4byte	0x9f
 2330 10dd 00       		.byte	0
 2331 10de 1C       		.uleb128 0x1c
 2332 10df 01       		.byte	0x1
 2333 10e0 D5070000 		.4byte	.LASF184
 2334 10e4 08       		.byte	0x8
 2335 10e5 1003     		.2byte	0x310
 2336 10e7 13       		.byte	0x13
 2337 10e8 01       		.byte	0x1
ARM GAS  C:\Users\nicx5\AppData\Local\Temp\ccjkJcxQ.s 			page 42


 2338 10e9 F8020000 		.4byte	0x2f8
 2339 10ed 33110000 		.4byte	0x1133
 2340 10f1 18       		.uleb128 0x18
 2341 10f2 93060000 		.4byte	.LASF142
 2342 10f6 08       		.byte	0x8
 2343 10f7 1003     		.2byte	0x310
 2344 10f9 38       		.byte	0x38
 2345 10fa 290A0000 		.4byte	0xa29
 2346 10fe 19       		.uleb128 0x19
 2347 10ff 636D6400 		.ascii	"cmd\000"
 2348 1103 08       		.byte	0x8
 2349 1104 1003     		.2byte	0x310
 2350 1106 54       		.byte	0x54
 2351 1107 2F0A0000 		.4byte	0xa2f
 2352 110b 18       		.uleb128 0x18
 2353 110c 14080000 		.4byte	.LASF112
 2354 1110 08       		.byte	0x8
 2355 1111 1003     		.2byte	0x310
 2356 1113 62       		.byte	0x62
 2357 1114 9F000000 		.4byte	0x9f
 2358 1118 1B       		.uleb128 0x1b
 2359 1119 9C0A0000 		.4byte	.LASF151
 2360 111d 08       		.byte	0x8
 2361 111e 1203     		.2byte	0x312
 2362 1120 15       		.byte	0x15
 2363 1121 F8020000 		.4byte	0x2f8
 2364 1125 1B       		.uleb128 0x1b
 2365 1126 92070000 		.4byte	.LASF158
 2366 112a 08       		.byte	0x8
 2367 112b 1303     		.2byte	0x313
 2368 112d 0C       		.byte	0xc
 2369 112e 9F000000 		.4byte	0x9f
 2370 1132 00       		.byte	0
 2371 1133 1D       		.uleb128 0x1d
 2372 1134 01       		.byte	0x1
 2373 1135 070C0000 		.4byte	.LASF185
 2374 1139 08       		.byte	0x8
 2375 113a EC01     		.2byte	0x1ec
 2376 113c 06       		.byte	0x6
 2377 113d 01       		.byte	0x1
 2378 113e 77110000 		.4byte	0x1177
 2379 1142 18       		.uleb128 0x18
 2380 1143 93060000 		.4byte	.LASF142
 2381 1147 08       		.byte	0x8
 2382 1148 EC01     		.2byte	0x1ec
 2383 114a 2E       		.byte	0x2e
 2384 114b 290A0000 		.4byte	0xa29
 2385 114f 1B       		.uleb128 0x1b
 2386 1150 FC060000 		.4byte	.LASF181
 2387 1154 08       		.byte	0x8
 2388 1155 EE01     		.2byte	0x1ee
 2389 1157 12       		.byte	0x12
 2390 1158 2E100000 		.4byte	0x102e
 2391 115c 1B       		.uleb128 0x1b
 2392 115d B2070000 		.4byte	.LASF186
 2393 1161 08       		.byte	0x8
 2394 1162 EF01     		.2byte	0x1ef
ARM GAS  C:\Users\nicx5\AppData\Local\Temp\ccjkJcxQ.s 			page 43


 2395 1164 0C       		.byte	0xc
 2396 1165 9F000000 		.4byte	0x9f
 2397 1169 1B       		.uleb128 0x1b
 2398 116a C4020000 		.4byte	.LASF187
 2399 116e 08       		.byte	0x8
 2400 116f F001     		.2byte	0x1f0
 2401 1171 0C       		.byte	0xc
 2402 1172 9F000000 		.4byte	0x9f
 2403 1176 00       		.byte	0
 2404 1177 1D       		.uleb128 0x1d
 2405 1178 01       		.byte	0x1
 2406 1179 E2020000 		.4byte	.LASF188
 2407 117d 08       		.byte	0x8
 2408 117e C501     		.2byte	0x1c5
 2409 1180 0D       		.byte	0xd
 2410 1181 01       		.byte	0x1
 2411 1182 94110000 		.4byte	0x1194
 2412 1186 18       		.uleb128 0x18
 2413 1187 93060000 		.4byte	.LASF142
 2414 118b 08       		.byte	0x8
 2415 118c C501     		.2byte	0x1c5
 2416 118e 34       		.byte	0x34
 2417 118f 290A0000 		.4byte	0xa29
 2418 1193 00       		.byte	0
 2419 1194 1D       		.uleb128 0x1d
 2420 1195 01       		.byte	0x1
 2421 1196 34020000 		.4byte	.LASF189
 2422 119a 08       		.byte	0x8
 2423 119b B601     		.2byte	0x1b6
 2424 119d 0D       		.byte	0xd
 2425 119e 01       		.byte	0x1
 2426 119f B1110000 		.4byte	0x11b1
 2427 11a3 18       		.uleb128 0x18
 2428 11a4 93060000 		.4byte	.LASF142
 2429 11a8 08       		.byte	0x8
 2430 11a9 B601     		.2byte	0x1b6
 2431 11ab 32       		.byte	0x32
 2432 11ac 290A0000 		.4byte	0xa29
 2433 11b0 00       		.byte	0
 2434 11b1 1C       		.uleb128 0x1c
 2435 11b2 01       		.byte	0x1
 2436 11b3 E2030000 		.4byte	.LASF190
 2437 11b7 08       		.byte	0x8
 2438 11b8 9001     		.2byte	0x190
 2439 11ba 13       		.byte	0x13
 2440 11bb 01       		.byte	0x1
 2441 11bc F8020000 		.4byte	0x2f8
 2442 11c0 D2110000 		.4byte	0x11d2
 2443 11c4 18       		.uleb128 0x18
 2444 11c5 93060000 		.4byte	.LASF142
 2445 11c9 08       		.byte	0x8
 2446 11ca 9001     		.2byte	0x190
 2447 11cc 37       		.byte	0x37
 2448 11cd 290A0000 		.4byte	0xa29
 2449 11d1 00       		.byte	0
 2450 11d2 1E       		.uleb128 0x1e
 2451 11d3 01       		.byte	0x1
ARM GAS  C:\Users\nicx5\AppData\Local\Temp\ccjkJcxQ.s 			page 44


 2452 11d4 FC0A0000 		.4byte	.LASF191
 2453 11d8 08       		.byte	0x8
 2454 11d9 3201     		.2byte	0x132
 2455 11db 13       		.byte	0x13
 2456 11dc 01       		.byte	0x1
 2457 11dd F8020000 		.4byte	0x2f8
 2458 11e1 18       		.uleb128 0x18
 2459 11e2 93060000 		.4byte	.LASF142
 2460 11e6 08       		.byte	0x8
 2461 11e7 3201     		.2byte	0x132
 2462 11e9 35       		.byte	0x35
 2463 11ea 290A0000 		.4byte	0xa29
 2464 11ee 1B       		.uleb128 0x1b
 2465 11ef 9C0A0000 		.4byte	.LASF151
 2466 11f3 08       		.byte	0x8
 2467 11f4 3401     		.2byte	0x134
 2468 11f6 15       		.byte	0x15
 2469 11f7 F8020000 		.4byte	0x2f8
 2470 11fb 1B       		.uleb128 0x1b
 2471 11fc 92070000 		.4byte	.LASF158
 2472 1200 08       		.byte	0x8
 2473 1201 3501     		.2byte	0x135
 2474 1203 0C       		.byte	0xc
 2475 1204 9F000000 		.4byte	0x9f
 2476 1208 00       		.byte	0
 2477 1209 00       		.byte	0
 2478              		.section	.gnu.debuglto_.debug_abbrev,"e",%progbits
 2479              	.Ldebug_abbrev0:
 2480 0000 01       		.uleb128 0x1
 2481 0001 11       		.uleb128 0x11
 2482 0002 01       		.byte	0x1
 2483 0003 25       		.uleb128 0x25
 2484 0004 0E       		.uleb128 0xe
 2485 0005 13       		.uleb128 0x13
 2486 0006 0B       		.uleb128 0xb
 2487 0007 03       		.uleb128 0x3
 2488 0008 0E       		.uleb128 0xe
 2489 0009 1B       		.uleb128 0x1b
 2490 000a 0E       		.uleb128 0xe
 2491 000b 10       		.uleb128 0x10
 2492 000c 06       		.uleb128 0x6
 2493 000d 00       		.byte	0
 2494 000e 00       		.byte	0
 2495 000f 02       		.uleb128 0x2
 2496 0010 24       		.uleb128 0x24
 2497 0011 00       		.byte	0
 2498 0012 0B       		.uleb128 0xb
 2499 0013 0B       		.uleb128 0xb
 2500 0014 3E       		.uleb128 0x3e
 2501 0015 0B       		.uleb128 0xb
 2502 0016 03       		.uleb128 0x3
 2503 0017 0E       		.uleb128 0xe
 2504 0018 00       		.byte	0
 2505 0019 00       		.byte	0
 2506 001a 03       		.uleb128 0x3
 2507 001b 16       		.uleb128 0x16
 2508 001c 00       		.byte	0
ARM GAS  C:\Users\nicx5\AppData\Local\Temp\ccjkJcxQ.s 			page 45


 2509 001d 03       		.uleb128 0x3
 2510 001e 0E       		.uleb128 0xe
 2511 001f 3A       		.uleb128 0x3a
 2512 0020 0B       		.uleb128 0xb
 2513 0021 3B       		.uleb128 0x3b
 2514 0022 0B       		.uleb128 0xb
 2515 0023 39       		.uleb128 0x39
 2516 0024 0B       		.uleb128 0xb
 2517 0025 49       		.uleb128 0x49
 2518 0026 13       		.uleb128 0x13
 2519 0027 00       		.byte	0
 2520 0028 00       		.byte	0
 2521 0029 04       		.uleb128 0x4
 2522 002a 24       		.uleb128 0x24
 2523 002b 00       		.byte	0
 2524 002c 0B       		.uleb128 0xb
 2525 002d 0B       		.uleb128 0xb
 2526 002e 3E       		.uleb128 0x3e
 2527 002f 0B       		.uleb128 0xb
 2528 0030 03       		.uleb128 0x3
 2529 0031 08       		.uleb128 0x8
 2530 0032 00       		.byte	0
 2531 0033 00       		.byte	0
 2532 0034 05       		.uleb128 0x5
 2533 0035 35       		.uleb128 0x35
 2534 0036 00       		.byte	0
 2535 0037 49       		.uleb128 0x49
 2536 0038 13       		.uleb128 0x13
 2537 0039 00       		.byte	0
 2538 003a 00       		.byte	0
 2539 003b 06       		.uleb128 0x6
 2540 003c 13       		.uleb128 0x13
 2541 003d 01       		.byte	0x1
 2542 003e 0B       		.uleb128 0xb
 2543 003f 0B       		.uleb128 0xb
 2544 0040 3A       		.uleb128 0x3a
 2545 0041 0B       		.uleb128 0xb
 2546 0042 3B       		.uleb128 0x3b
 2547 0043 05       		.uleb128 0x5
 2548 0044 39       		.uleb128 0x39
 2549 0045 0B       		.uleb128 0xb
 2550 0046 01       		.uleb128 0x1
 2551 0047 13       		.uleb128 0x13
 2552 0048 00       		.byte	0
 2553 0049 00       		.byte	0
 2554 004a 07       		.uleb128 0x7
 2555 004b 0D       		.uleb128 0xd
 2556 004c 00       		.byte	0
 2557 004d 03       		.uleb128 0x3
 2558 004e 0E       		.uleb128 0xe
 2559 004f 3A       		.uleb128 0x3a
 2560 0050 0B       		.uleb128 0xb
 2561 0051 3B       		.uleb128 0x3b
 2562 0052 05       		.uleb128 0x5
 2563 0053 39       		.uleb128 0x39
 2564 0054 0B       		.uleb128 0xb
 2565 0055 49       		.uleb128 0x49
ARM GAS  C:\Users\nicx5\AppData\Local\Temp\ccjkJcxQ.s 			page 46


 2566 0056 13       		.uleb128 0x13
 2567 0057 38       		.uleb128 0x38
 2568 0058 0A       		.uleb128 0xa
 2569 0059 00       		.byte	0
 2570 005a 00       		.byte	0
 2571 005b 08       		.uleb128 0x8
 2572 005c 0D       		.uleb128 0xd
 2573 005d 00       		.byte	0
 2574 005e 03       		.uleb128 0x3
 2575 005f 08       		.uleb128 0x8
 2576 0060 3A       		.uleb128 0x3a
 2577 0061 0B       		.uleb128 0xb
 2578 0062 3B       		.uleb128 0x3b
 2579 0063 05       		.uleb128 0x5
 2580 0064 39       		.uleb128 0x39
 2581 0065 0B       		.uleb128 0xb
 2582 0066 49       		.uleb128 0x49
 2583 0067 13       		.uleb128 0x13
 2584 0068 38       		.uleb128 0x38
 2585 0069 0A       		.uleb128 0xa
 2586 006a 00       		.byte	0
 2587 006b 00       		.byte	0
 2588 006c 09       		.uleb128 0x9
 2589 006d 16       		.uleb128 0x16
 2590 006e 00       		.byte	0
 2591 006f 03       		.uleb128 0x3
 2592 0070 0E       		.uleb128 0xe
 2593 0071 3A       		.uleb128 0x3a
 2594 0072 0B       		.uleb128 0xb
 2595 0073 3B       		.uleb128 0x3b
 2596 0074 05       		.uleb128 0x5
 2597 0075 39       		.uleb128 0x39
 2598 0076 0B       		.uleb128 0xb
 2599 0077 49       		.uleb128 0x49
 2600 0078 13       		.uleb128 0x13
 2601 0079 00       		.byte	0
 2602 007a 00       		.byte	0
 2603 007b 0A       		.uleb128 0xa
 2604 007c 04       		.uleb128 0x4
 2605 007d 01       		.byte	0x1
 2606 007e 3E       		.uleb128 0x3e
 2607 007f 0B       		.uleb128 0xb
 2608 0080 0B       		.uleb128 0xb
 2609 0081 0B       		.uleb128 0xb
 2610 0082 49       		.uleb128 0x49
 2611 0083 13       		.uleb128 0x13
 2612 0084 3A       		.uleb128 0x3a
 2613 0085 0B       		.uleb128 0xb
 2614 0086 3B       		.uleb128 0x3b
 2615 0087 0B       		.uleb128 0xb
 2616 0088 39       		.uleb128 0x39
 2617 0089 0B       		.uleb128 0xb
 2618 008a 01       		.uleb128 0x1
 2619 008b 13       		.uleb128 0x13
 2620 008c 00       		.byte	0
 2621 008d 00       		.byte	0
 2622 008e 0B       		.uleb128 0xb
ARM GAS  C:\Users\nicx5\AppData\Local\Temp\ccjkJcxQ.s 			page 47


 2623 008f 28       		.uleb128 0x28
 2624 0090 00       		.byte	0
 2625 0091 03       		.uleb128 0x3
 2626 0092 0E       		.uleb128 0xe
 2627 0093 1C       		.uleb128 0x1c
 2628 0094 0B       		.uleb128 0xb
 2629 0095 00       		.byte	0
 2630 0096 00       		.byte	0
 2631 0097 0C       		.uleb128 0xc
 2632 0098 28       		.uleb128 0x28
 2633 0099 00       		.byte	0
 2634 009a 03       		.uleb128 0x3
 2635 009b 08       		.uleb128 0x8
 2636 009c 1C       		.uleb128 0x1c
 2637 009d 0B       		.uleb128 0xb
 2638 009e 00       		.byte	0
 2639 009f 00       		.byte	0
 2640 00a0 0D       		.uleb128 0xd
 2641 00a1 0F       		.uleb128 0xf
 2642 00a2 00       		.byte	0
 2643 00a3 0B       		.uleb128 0xb
 2644 00a4 0B       		.uleb128 0xb
 2645 00a5 00       		.byte	0
 2646 00a6 00       		.byte	0
 2647 00a7 0E       		.uleb128 0xe
 2648 00a8 13       		.uleb128 0x13
 2649 00a9 01       		.byte	0x1
 2650 00aa 0B       		.uleb128 0xb
 2651 00ab 0B       		.uleb128 0xb
 2652 00ac 3A       		.uleb128 0x3a
 2653 00ad 0B       		.uleb128 0xb
 2654 00ae 3B       		.uleb128 0x3b
 2655 00af 0B       		.uleb128 0xb
 2656 00b0 39       		.uleb128 0x39
 2657 00b1 0B       		.uleb128 0xb
 2658 00b2 01       		.uleb128 0x1
 2659 00b3 13       		.uleb128 0x13
 2660 00b4 00       		.byte	0
 2661 00b5 00       		.byte	0
 2662 00b6 0F       		.uleb128 0xf
 2663 00b7 0D       		.uleb128 0xd
 2664 00b8 00       		.byte	0
 2665 00b9 03       		.uleb128 0x3
 2666 00ba 0E       		.uleb128 0xe
 2667 00bb 3A       		.uleb128 0x3a
 2668 00bc 0B       		.uleb128 0xb
 2669 00bd 3B       		.uleb128 0x3b
 2670 00be 0B       		.uleb128 0xb
 2671 00bf 39       		.uleb128 0x39
 2672 00c0 0B       		.uleb128 0xb
 2673 00c1 49       		.uleb128 0x49
 2674 00c2 13       		.uleb128 0x13
 2675 00c3 38       		.uleb128 0x38
 2676 00c4 0A       		.uleb128 0xa
 2677 00c5 00       		.byte	0
 2678 00c6 00       		.byte	0
 2679 00c7 10       		.uleb128 0x10
ARM GAS  C:\Users\nicx5\AppData\Local\Temp\ccjkJcxQ.s 			page 48


 2680 00c8 13       		.uleb128 0x13
 2681 00c9 01       		.byte	0x1
 2682 00ca 03       		.uleb128 0x3
 2683 00cb 0E       		.uleb128 0xe
 2684 00cc 0B       		.uleb128 0xb
 2685 00cd 0B       		.uleb128 0xb
 2686 00ce 3A       		.uleb128 0x3a
 2687 00cf 0B       		.uleb128 0xb
 2688 00d0 3B       		.uleb128 0x3b
 2689 00d1 0B       		.uleb128 0xb
 2690 00d2 39       		.uleb128 0x39
 2691 00d3 0B       		.uleb128 0xb
 2692 00d4 01       		.uleb128 0x1
 2693 00d5 13       		.uleb128 0x13
 2694 00d6 00       		.byte	0
 2695 00d7 00       		.byte	0
 2696 00d8 11       		.uleb128 0x11
 2697 00d9 0F       		.uleb128 0xf
 2698 00da 00       		.byte	0
 2699 00db 0B       		.uleb128 0xb
 2700 00dc 0B       		.uleb128 0xb
 2701 00dd 49       		.uleb128 0x49
 2702 00de 13       		.uleb128 0x13
 2703 00df 00       		.byte	0
 2704 00e0 00       		.byte	0
 2705 00e1 12       		.uleb128 0x12
 2706 00e2 15       		.uleb128 0x15
 2707 00e3 01       		.byte	0x1
 2708 00e4 27       		.uleb128 0x27
 2709 00e5 0C       		.uleb128 0xc
 2710 00e6 01       		.uleb128 0x1
 2711 00e7 13       		.uleb128 0x13
 2712 00e8 00       		.byte	0
 2713 00e9 00       		.byte	0
 2714 00ea 13       		.uleb128 0x13
 2715 00eb 05       		.uleb128 0x5
 2716 00ec 00       		.byte	0
 2717 00ed 49       		.uleb128 0x49
 2718 00ee 13       		.uleb128 0x13
 2719 00ef 00       		.byte	0
 2720 00f0 00       		.byte	0
 2721 00f1 14       		.uleb128 0x14
 2722 00f2 26       		.uleb128 0x26
 2723 00f3 00       		.byte	0
 2724 00f4 49       		.uleb128 0x49
 2725 00f5 13       		.uleb128 0x13
 2726 00f6 00       		.byte	0
 2727 00f7 00       		.byte	0
 2728 00f8 15       		.uleb128 0x15
 2729 00f9 2E       		.uleb128 0x2e
 2730 00fa 01       		.byte	0x1
 2731 00fb 3F       		.uleb128 0x3f
 2732 00fc 0C       		.uleb128 0xc
 2733 00fd 03       		.uleb128 0x3
 2734 00fe 0E       		.uleb128 0xe
 2735 00ff 3A       		.uleb128 0x3a
 2736 0100 0B       		.uleb128 0xb
ARM GAS  C:\Users\nicx5\AppData\Local\Temp\ccjkJcxQ.s 			page 49


 2737 0101 3B       		.uleb128 0x3b
 2738 0102 05       		.uleb128 0x5
 2739 0103 39       		.uleb128 0x39
 2740 0104 0B       		.uleb128 0xb
 2741 0105 27       		.uleb128 0x27
 2742 0106 0C       		.uleb128 0xc
 2743 0107 49       		.uleb128 0x49
 2744 0108 13       		.uleb128 0x13
 2745 0109 3C       		.uleb128 0x3c
 2746 010a 0C       		.uleb128 0xc
 2747 010b 01       		.uleb128 0x1
 2748 010c 13       		.uleb128 0x13
 2749 010d 00       		.byte	0
 2750 010e 00       		.byte	0
 2751 010f 16       		.uleb128 0x16
 2752 0110 2E       		.uleb128 0x2e
 2753 0111 00       		.byte	0
 2754 0112 3F       		.uleb128 0x3f
 2755 0113 0C       		.uleb128 0xc
 2756 0114 03       		.uleb128 0x3
 2757 0115 0E       		.uleb128 0xe
 2758 0116 3A       		.uleb128 0x3a
 2759 0117 0B       		.uleb128 0xb
 2760 0118 3B       		.uleb128 0x3b
 2761 0119 05       		.uleb128 0x5
 2762 011a 39       		.uleb128 0x39
 2763 011b 0B       		.uleb128 0xb
 2764 011c 27       		.uleb128 0x27
 2765 011d 0C       		.uleb128 0xc
 2766 011e 49       		.uleb128 0x49
 2767 011f 13       		.uleb128 0x13
 2768 0120 3C       		.uleb128 0x3c
 2769 0121 0C       		.uleb128 0xc
 2770 0122 00       		.byte	0
 2771 0123 00       		.byte	0
 2772 0124 17       		.uleb128 0x17
 2773 0125 2E       		.uleb128 0x2e
 2774 0126 01       		.byte	0x1
 2775 0127 03       		.uleb128 0x3
 2776 0128 0E       		.uleb128 0xe
 2777 0129 3A       		.uleb128 0x3a
 2778 012a 0B       		.uleb128 0xb
 2779 012b 3B       		.uleb128 0x3b
 2780 012c 05       		.uleb128 0x5
 2781 012d 39       		.uleb128 0x39
 2782 012e 0B       		.uleb128 0xb
 2783 012f 27       		.uleb128 0x27
 2784 0130 0C       		.uleb128 0xc
 2785 0131 01       		.uleb128 0x1
 2786 0132 13       		.uleb128 0x13
 2787 0133 00       		.byte	0
 2788 0134 00       		.byte	0
 2789 0135 18       		.uleb128 0x18
 2790 0136 05       		.uleb128 0x5
 2791 0137 00       		.byte	0
 2792 0138 03       		.uleb128 0x3
 2793 0139 0E       		.uleb128 0xe
ARM GAS  C:\Users\nicx5\AppData\Local\Temp\ccjkJcxQ.s 			page 50


 2794 013a 3A       		.uleb128 0x3a
 2795 013b 0B       		.uleb128 0xb
 2796 013c 3B       		.uleb128 0x3b
 2797 013d 05       		.uleb128 0x5
 2798 013e 39       		.uleb128 0x39
 2799 013f 0B       		.uleb128 0xb
 2800 0140 49       		.uleb128 0x49
 2801 0141 13       		.uleb128 0x13
 2802 0142 00       		.byte	0
 2803 0143 00       		.byte	0
 2804 0144 19       		.uleb128 0x19
 2805 0145 05       		.uleb128 0x5
 2806 0146 00       		.byte	0
 2807 0147 03       		.uleb128 0x3
 2808 0148 08       		.uleb128 0x8
 2809 0149 3A       		.uleb128 0x3a
 2810 014a 0B       		.uleb128 0xb
 2811 014b 3B       		.uleb128 0x3b
 2812 014c 05       		.uleb128 0x5
 2813 014d 39       		.uleb128 0x39
 2814 014e 0B       		.uleb128 0xb
 2815 014f 49       		.uleb128 0x49
 2816 0150 13       		.uleb128 0x13
 2817 0151 00       		.byte	0
 2818 0152 00       		.byte	0
 2819 0153 1A       		.uleb128 0x1a
 2820 0154 2E       		.uleb128 0x2e
 2821 0155 01       		.byte	0x1
 2822 0156 03       		.uleb128 0x3
 2823 0157 0E       		.uleb128 0xe
 2824 0158 3A       		.uleb128 0x3a
 2825 0159 0B       		.uleb128 0xb
 2826 015a 3B       		.uleb128 0x3b
 2827 015b 05       		.uleb128 0x5
 2828 015c 39       		.uleb128 0x39
 2829 015d 0B       		.uleb128 0xb
 2830 015e 27       		.uleb128 0x27
 2831 015f 0C       		.uleb128 0xc
 2832 0160 49       		.uleb128 0x49
 2833 0161 13       		.uleb128 0x13
 2834 0162 01       		.uleb128 0x1
 2835 0163 13       		.uleb128 0x13
 2836 0164 00       		.byte	0
 2837 0165 00       		.byte	0
 2838 0166 1B       		.uleb128 0x1b
 2839 0167 34       		.uleb128 0x34
 2840 0168 00       		.byte	0
 2841 0169 03       		.uleb128 0x3
 2842 016a 0E       		.uleb128 0xe
 2843 016b 3A       		.uleb128 0x3a
 2844 016c 0B       		.uleb128 0xb
 2845 016d 3B       		.uleb128 0x3b
 2846 016e 05       		.uleb128 0x5
 2847 016f 39       		.uleb128 0x39
 2848 0170 0B       		.uleb128 0xb
 2849 0171 49       		.uleb128 0x49
 2850 0172 13       		.uleb128 0x13
ARM GAS  C:\Users\nicx5\AppData\Local\Temp\ccjkJcxQ.s 			page 51


 2851 0173 00       		.byte	0
 2852 0174 00       		.byte	0
 2853 0175 1C       		.uleb128 0x1c
 2854 0176 2E       		.uleb128 0x2e
 2855 0177 01       		.byte	0x1
 2856 0178 3F       		.uleb128 0x3f
 2857 0179 0C       		.uleb128 0xc
 2858 017a 03       		.uleb128 0x3
 2859 017b 0E       		.uleb128 0xe
 2860 017c 3A       		.uleb128 0x3a
 2861 017d 0B       		.uleb128 0xb
 2862 017e 3B       		.uleb128 0x3b
 2863 017f 05       		.uleb128 0x5
 2864 0180 39       		.uleb128 0x39
 2865 0181 0B       		.uleb128 0xb
 2866 0182 27       		.uleb128 0x27
 2867 0183 0C       		.uleb128 0xc
 2868 0184 49       		.uleb128 0x49
 2869 0185 13       		.uleb128 0x13
 2870 0186 01       		.uleb128 0x1
 2871 0187 13       		.uleb128 0x13
 2872 0188 00       		.byte	0
 2873 0189 00       		.byte	0
 2874 018a 1D       		.uleb128 0x1d
 2875 018b 2E       		.uleb128 0x2e
 2876 018c 01       		.byte	0x1
 2877 018d 3F       		.uleb128 0x3f
 2878 018e 0C       		.uleb128 0xc
 2879 018f 03       		.uleb128 0x3
 2880 0190 0E       		.uleb128 0xe
 2881 0191 3A       		.uleb128 0x3a
 2882 0192 0B       		.uleb128 0xb
 2883 0193 3B       		.uleb128 0x3b
 2884 0194 05       		.uleb128 0x5
 2885 0195 39       		.uleb128 0x39
 2886 0196 0B       		.uleb128 0xb
 2887 0197 27       		.uleb128 0x27
 2888 0198 0C       		.uleb128 0xc
 2889 0199 01       		.uleb128 0x1
 2890 019a 13       		.uleb128 0x13
 2891 019b 00       		.byte	0
 2892 019c 00       		.byte	0
 2893 019d 1E       		.uleb128 0x1e
 2894 019e 2E       		.uleb128 0x2e
 2895 019f 01       		.byte	0x1
 2896 01a0 3F       		.uleb128 0x3f
 2897 01a1 0C       		.uleb128 0xc
 2898 01a2 03       		.uleb128 0x3
 2899 01a3 0E       		.uleb128 0xe
 2900 01a4 3A       		.uleb128 0x3a
 2901 01a5 0B       		.uleb128 0xb
 2902 01a6 3B       		.uleb128 0x3b
 2903 01a7 05       		.uleb128 0x5
 2904 01a8 39       		.uleb128 0x39
 2905 01a9 0B       		.uleb128 0xb
 2906 01aa 27       		.uleb128 0x27
 2907 01ab 0C       		.uleb128 0xc
ARM GAS  C:\Users\nicx5\AppData\Local\Temp\ccjkJcxQ.s 			page 52


 2908 01ac 49       		.uleb128 0x49
 2909 01ad 13       		.uleb128 0x13
 2910 01ae 00       		.byte	0
 2911 01af 00       		.byte	0
 2912 01b0 00       		.byte	0
 2913              		.section	.gnu.debuglto_.debug_line,"e",%progbits
 2914              	.Ldebug_line0:
 2915 0000 B0010000 		.4byte	.LELT0-.LSLT0
 2916              	.LSLT0:
 2917 0004 0200     		.2byte	0x2
 2918 0006 AA010000 		.4byte	.LELTP0-.LASLTP0
 2919              	.LASLTP0:
 2920 000a 01       		.byte	0x1
 2921 000b 01       		.byte	0x1
 2922 000c F6       		.byte	0xf6
 2923 000d F2       		.byte	0xf2
 2924 000e 0D       		.byte	0xd
 2925 000f 00       		.byte	0
 2926 0010 01       		.byte	0x1
 2927 0011 01       		.byte	0x1
 2928 0012 01       		.byte	0x1
 2929 0013 01       		.byte	0x1
 2930 0014 00       		.byte	0
 2931 0015 00       		.byte	0
 2932 0016 00       		.byte	0
 2933 0017 01       		.byte	0x1
 2934 0018 00       		.byte	0
 2935 0019 00       		.byte	0
 2936 001a 01       		.byte	0x1
 2937 001b 443A2F50 		.ascii	"D:/Program Files/msys64/mingw64/arm-none-eabi/inclu"
 2937      726F6772 
 2937      616D2046 
 2937      696C6573 
 2937      2F6D7379 
 2938 004e 64652F6D 		.ascii	"de/machine"
 2938      61636869 
 2938      6E65
 2939 0058 00       		.byte	0
 2940 0059 443A2F50 		.ascii	"D:/Program Files/msys64/mingw64/arm-none-eabi/inclu"
 2940      726F6772 
 2940      616D2046 
 2940      696C6573 
 2940      2F6D7379 
 2941 008c 64652F73 		.ascii	"de/sys"
 2941      7973
 2942 0092 00       		.byte	0
 2943 0093 44726976 		.ascii	"Drivers/CMSIS/Device/ST/STM32H7xx/Include"
 2943      6572732F 
 2943      434D5349 
 2943      532F4465 
 2943      76696365 
 2944 00bc 00       		.byte	0
 2945 00bd 44726976 		.ascii	"Drivers/STM32H7xx_HAL_Driver/Inc"
 2945      6572732F 
 2945      53544D33 
 2945      32483778 
 2945      785F4841 
ARM GAS  C:\Users\nicx5\AppData\Local\Temp\ccjkJcxQ.s 			page 53


 2946 00dd 00       		.byte	0
 2947 00de 44726976 		.ascii	"Drivers/STM32H7xx_HAL_Driver/Src"
 2947      6572732F 
 2947      53544D33 
 2947      32483778 
 2947      785F4841 
 2948 00fe 00       		.byte	0
 2949 00ff 00       		.byte	0
 2950 0100 5F646566 		.ascii	"_default_types.h\000"
 2950      61756C74 
 2950      5F747970 
 2950      65732E68 
 2950      00
 2951 0111 01       		.uleb128 0x1
 2952 0112 00       		.uleb128 0
 2953 0113 00       		.uleb128 0
 2954 0114 5F737464 		.ascii	"_stdint.h\000"
 2954      696E742E 
 2954      6800
 2955 011e 02       		.uleb128 0x2
 2956 011f 00       		.uleb128 0
 2957 0120 00       		.uleb128 0
 2958 0121 73746D33 		.ascii	"stm32h750xx.h\000"
 2958      32683735 
 2958      3078782E 
 2958      6800
 2959 012f 03       		.uleb128 0x3
 2960 0130 00       		.uleb128 0
 2961 0131 00       		.uleb128 0
 2962 0132 73746D33 		.ascii	"stm32h7xx.h\000"
 2962      32683778 
 2962      782E6800 
 2963 013e 03       		.uleb128 0x3
 2964 013f 00       		.uleb128 0
 2965 0140 00       		.uleb128 0
 2966 0141 73746D33 		.ascii	"stm32h7xx_hal_def.h\000"
 2966      32683778 
 2966      785F6861 
 2966      6C5F6465 
 2966      662E6800 
 2967 0155 04       		.uleb128 0x4
 2968 0156 00       		.uleb128 0
 2969 0157 00       		.uleb128 0
 2970 0158 73746D33 		.ascii	"stm32h7xx_hal_mdma.h\000"
 2970      32683778 
 2970      785F6861 
 2970      6C5F6D64 
 2970      6D612E68 
 2971 016d 04       		.uleb128 0x4
 2972 016e 00       		.uleb128 0
 2973 016f 00       		.uleb128 0
 2974 0170 73746D33 		.ascii	"stm32h7xx_hal_qspi.h\000"
 2974      32683778 
 2974      785F6861 
 2974      6C5F7173 
 2974      70692E68 
 2975 0185 04       		.uleb128 0x4
ARM GAS  C:\Users\nicx5\AppData\Local\Temp\ccjkJcxQ.s 			page 54


 2976 0186 00       		.uleb128 0
 2977 0187 00       		.uleb128 0
 2978 0188 73746D33 		.ascii	"stm32h7xx_hal_qspi.c\000"
 2978      32683778 
 2978      785F6861 
 2978      6C5F7173 
 2978      70692E63 
 2979 019d 05       		.uleb128 0x5
 2980 019e 00       		.uleb128 0
 2981 019f 00       		.uleb128 0
 2982 01a0 73746D33 		.ascii	"stm32h7xx_hal.h\000"
 2982      32683778 
 2982      785F6861 
 2982      6C2E6800 
 2983 01b0 04       		.uleb128 0x4
 2984 01b1 00       		.uleb128 0
 2985 01b2 00       		.uleb128 0
 2986 01b3 00       		.byte	0
 2987              	.LELTP0:
 2988              	.LELT0:
 2989              		.section	.gnu.debuglto_.debug_str,"eMS",%progbits,1
 2990              	.LASF90:
 2991 0000 43686970 		.ascii	"ChipSelectHighTime\000"
 2991      53656C65 
 2991      63744869 
 2991      67685469 
 2991      6D6500
 2992              	.LASF132:
 2993 0013 53746174 		.ascii	"StatusBytesSize\000"
 2993      75734279 
 2993      74657353 
 2993      697A6500 
 2994              	.LASF192:
 2995 0023 474E5520 		.ascii	"GNU C17 13.3.0 -mcpu=cortex-m7 -mthumb -mfpu=fpv5-d"
 2995      43313720 
 2995      31332E33 
 2995      2E30202D 
 2995      6D637075 
 2996 0056 3136202D 		.ascii	"16 -mfloat-abi=hard -march=armv7e-m+fp.dp -g -gdwar"
 2996      6D666C6F 
 2996      61742D61 
 2996      62693D68 
 2996      61726420 
 2997 0089 662D3220 		.ascii	"f-2 -Os -fdata-sections -ffunction-sections -flto -"
 2997      2D4F7320 
 2997      2D666461 
 2997      74612D73 
 2997      65637469 
 2998 00bc 666D6572 		.ascii	"fmerge-constants -fno-unwind-tables -fno-asynchrono"
 2998      67652D63 
 2998      6F6E7374 
 2998      616E7473 
 2998      202D666E 
 2999 00ef 75732D75 		.ascii	"us-unwind-tables\000"
 2999      6E77696E 
 2999      642D7461 
 2999      626C6573 
ARM GAS  C:\Users\nicx5\AppData\Local\Temp\ccjkJcxQ.s 			page 55


 2999      00
 3000              	.LASF34:
 3001 0100 466C6167 		.ascii	"FlagStatus\000"
 3001      53746174 
 3001      757300
 3002              	.LASF100:
 3003 010b 48414C5F 		.ascii	"HAL_QSPI_STATE_BUSY_AUTO_POLLING\000"
 3003      51535049 
 3003      5F535441 
 3003      54455F42 
 3003      5553595F 
 3004              	.LASF57:
 3005 012c 536F7572 		.ascii	"SourceBurst\000"
 3005      63654275 
 3005      72737400 
 3006              	.LASF89:
 3007 0138 466C6173 		.ascii	"FlashSize\000"
 3007      6853697A 
 3007      6500
 3008              	.LASF136:
 3009 0142 54696D65 		.ascii	"TimeOutPeriod\000"
 3009      4F757450 
 3009      6572696F 
 3009      6400
 3010              	.LASF4:
 3011 0150 5F5F7569 		.ascii	"__uint8_t\000"
 3011      6E74385F 
 3011      7400
 3012              	.LASF41:
 3013 015a 48414C5F 		.ascii	"HAL_BUSY\000"
 3013      42555359 
 3013      00
 3014              	.LASF67:
 3015 0163 48414C5F 		.ascii	"HAL_MDMA_STATE_ERROR\000"
 3015      4D444D41 
 3015      5F535441 
 3015      54455F45 
 3015      52524F52 
 3016              	.LASF23:
 3017 0178 434C4152 		.ascii	"CLAR\000"
 3017      00
 3018              	.LASF62:
 3019 017d 52657365 		.ascii	"Reserved\000"
 3019      72766564 
 3019      00
 3020              	.LASF162:
 3021 0186 48414C5F 		.ascii	"HAL_QSPI_TimeOutCallback\000"
 3021      51535049 
 3021      5F54696D 
 3021      654F7574 
 3021      43616C6C 
 3022              	.LASF10:
 3023 019f 6C6F6E67 		.ascii	"long long unsigned int\000"
 3023      206C6F6E 
 3023      6720756E 
 3023      7369676E 
 3023      65642069 
ARM GAS  C:\Users\nicx5\AppData\Local\Temp\ccjkJcxQ.s 			page 56


 3024              	.LASF59:
 3025 01b6 536F7572 		.ascii	"SourceBlockAddressOffset\000"
 3025      6365426C 
 3025      6F636B41 
 3025      64647265 
 3025      73734F66 
 3026              	.LASF55:
 3027 01cf 44617461 		.ascii	"DataAlignment\000"
 3027      416C6967 
 3027      6E6D656E 
 3027      7400
 3028              	.LASF58:
 3029 01dd 44657374 		.ascii	"DestBurst\000"
 3029      42757273 
 3029      7400
 3030              	.LASF183:
 3031 01e7 48414C5F 		.ascii	"HAL_QSPI_Command_IT\000"
 3031      51535049 
 3031      5F436F6D 
 3031      6D616E64 
 3031      5F495400 
 3032              	.LASF94:
 3033 01fb 51535049 		.ascii	"QSPI_InitTypeDef\000"
 3033      5F496E69 
 3033      74547970 
 3033      65446566 
 3033      00
 3034              	.LASF52:
 3035 020c 44657374 		.ascii	"DestinationInc\000"
 3035      696E6174 
 3035      696F6E49 
 3035      6E6300
 3036              	.LASF133:
 3037 021b 4D617463 		.ascii	"MatchMode\000"
 3037      684D6F64 
 3037      6500
 3038              	.LASF86:
 3039 0225 436C6F63 		.ascii	"ClockPrescaler\000"
 3039      6B507265 
 3039      7363616C 
 3039      657200
 3040              	.LASF189:
 3041 0234 48414C5F 		.ascii	"HAL_QSPI_MspInit\000"
 3041      51535049 
 3041      5F4D7370 
 3041      496E6974 
 3041      00
 3042              	.LASF163:
 3043 0245 48414C5F 		.ascii	"HAL_QSPI_StatusMatchCallback\000"
 3043      51535049 
 3043      5F537461 
 3043      7475734D 
 3043      61746368 
 3044              	.LASF164:
 3045 0262 48414C5F 		.ascii	"HAL_QSPI_FifoThresholdCallback\000"
 3045      51535049 
 3045      5F466966 
ARM GAS  C:\Users\nicx5\AppData\Local\Temp\ccjkJcxQ.s 			page 57


 3045      6F546872 
 3045      6573686F 
 3046              	.LASF107:
 3047 0281 54785866 		.ascii	"TxXferCount\000"
 3047      6572436F 
 3047      756E7400 
 3048              	.LASF108:
 3049 028d 70527842 		.ascii	"pRxBuffPtr\000"
 3049      75666650 
 3049      747200
 3050              	.LASF9:
 3051 0298 6C6F6E67 		.ascii	"long long int\000"
 3051      206C6F6E 
 3051      6720696E 
 3051      7400
 3052              	.LASF1:
 3053 02a6 7369676E 		.ascii	"signed char\000"
 3053      65642063 
 3053      68617200 
 3054              	.LASF8:
 3055 02b2 6C6F6E67 		.ascii	"long unsigned int\000"
 3055      20756E73 
 3055      69676E65 
 3055      6420696E 
 3055      7400
 3056              	.LASF187:
 3057 02c4 6974736F 		.ascii	"itsource\000"
 3057      75726365 
 3057      00
 3058              	.LASF64:
 3059 02cd 48414C5F 		.ascii	"HAL_MDMA_STATE_RESET\000"
 3059      4D444D41 
 3059      5F535441 
 3059      54455F52 
 3059      45534554 
 3060              	.LASF188:
 3061 02e2 48414C5F 		.ascii	"HAL_QSPI_MspDeInit\000"
 3061      51535049 
 3061      5F4D7370 
 3061      4465496E 
 3061      697400
 3062              	.LASF114:
 3063 02f5 496E7374 		.ascii	"Instruction\000"
 3063      72756374 
 3063      696F6E00 
 3064              	.LASF46:
 3065 0301 48414C5F 		.ascii	"HAL_LockTypeDef\000"
 3065      4C6F636B 
 3065      54797065 
 3065      44656600 
 3066              	.LASF197:
 3067 0311 51535049 		.ascii	"QSPI_WaitFlagStateUntilTimeout\000"
 3067      5F576169 
 3067      74466C61 
 3067      67537461 
 3067      7465556E 
 3068              	.LASF96:
ARM GAS  C:\Users\nicx5\AppData\Local\Temp\ccjkJcxQ.s 			page 58


 3069 0330 48414C5F 		.ascii	"HAL_QSPI_STATE_READY\000"
 3069      51535049 
 3069      5F535441 
 3069      54455F52 
 3069      45414459 
 3070              	.LASF6:
 3071 0345 6C6F6E67 		.ascii	"long int\000"
 3071      20696E74 
 3071      00
 3072              	.LASF82:
 3073 034e 4C617374 		.ascii	"LastLinkedListNodeAddress\000"
 3073      4C696E6B 
 3073      65644C69 
 3073      73744E6F 
 3073      64654164 
 3074              	.LASF117:
 3075 0368 41646472 		.ascii	"AddressSize\000"
 3075      65737353 
 3075      697A6500 
 3076              	.LASF17:
 3077 0374 43455352 		.ascii	"CESR\000"
 3077      00
 3078              	.LASF144:
 3079 0379 466C6167 		.ascii	"Flag\000"
 3079      00
 3080              	.LASF87:
 3081 037e 4669666F 		.ascii	"FifoThreshold\000"
 3081      54687265 
 3081      73686F6C 
 3081      6400
 3082              	.LASF11:
 3083 038c 756E7369 		.ascii	"unsigned int\000"
 3083      676E6564 
 3083      20696E74 
 3083      00
 3084              	.LASF178:
 3085 0399 48414C5F 		.ascii	"HAL_QSPI_Receive_IT\000"
 3085      51535049 
 3085      5F526563 
 3085      65697665 
 3085      5F495400 
 3086              	.LASF0:
 3087 03ad 73686F72 		.ascii	"short int\000"
 3087      7420696E 
 3087      7400
 3088              	.LASF38:
 3089 03b7 646F7562 		.ascii	"double\000"
 3089      6C6500
 3090              	.LASF157:
 3091 03be 48414C5F 		.ascii	"HAL_QSPI_Abort\000"
 3091      51535049 
 3091      5F41626F 
 3091      727400
 3092              	.LASF68:
 3093 03cd 48414C5F 		.ascii	"HAL_MDMA_STATE_ABORT\000"
 3093      4D444D41 
 3093      5F535441 
ARM GAS  C:\Users\nicx5\AppData\Local\Temp\ccjkJcxQ.s 			page 59


 3093      54455F41 
 3093      424F5254 
 3094              	.LASF190:
 3095 03e2 48414C5F 		.ascii	"HAL_QSPI_DeInit\000"
 3095      51535049 
 3095      5F446549 
 3095      6E697400 
 3096              	.LASF113:
 3097 03f2 51535049 		.ascii	"QSPI_HandleTypeDef\000"
 3097      5F48616E 
 3097      646C6554 
 3097      79706544 
 3097      656600
 3098              	.LASF145:
 3099 0405 5469636B 		.ascii	"Tickstart\000"
 3099      73746172 
 3099      7400
 3100              	.LASF74:
 3101 040f 50617265 		.ascii	"Parent\000"
 3101      6E7400
 3102              	.LASF111:
 3103 0416 686D646D 		.ascii	"hmdma\000"
 3103      6100
 3104              	.LASF174:
 3105 041c 70446174 		.ascii	"pData\000"
 3105      6100
 3106              	.LASF175:
 3107 0422 61646472 		.ascii	"addr_reg\000"
 3107      5F726567 
 3107      00
 3108              	.LASF7:
 3109 042b 5F5F7569 		.ascii	"__uint32_t\000"
 3109      6E743332 
 3109      5F7400
 3110              	.LASF27:
 3111 0436 434D4452 		.ascii	"CMDR\000"
 3111      00
 3112              	.LASF153:
 3113 043b 48414C5F 		.ascii	"HAL_QSPI_GetFifoThreshold\000"
 3113      51535049 
 3113      5F476574 
 3113      4669666F 
 3113      54687265 
 3114              	.LASF140:
 3115 0455 48414C5F 		.ascii	"HAL_MDMA_Start_IT\000"
 3115      4D444D41 
 3115      5F537461 
 3115      72745F49 
 3115      5400
 3116              	.LASF65:
 3117 0467 48414C5F 		.ascii	"HAL_MDMA_STATE_READY\000"
 3117      4D444D41 
 3117      5F535441 
 3117      54455F52 
 3117      45414459 
 3118              	.LASF42:
 3119 047c 48414C5F 		.ascii	"HAL_TIMEOUT\000"
ARM GAS  C:\Users\nicx5\AppData\Local\Temp\ccjkJcxQ.s 			page 60


 3119      54494D45 
 3119      4F555400 
 3120              	.LASF166:
 3121 0488 48414C5F 		.ascii	"HAL_QSPI_RxCpltCallback\000"
 3121      51535049 
 3121      5F527843 
 3121      706C7443 
 3121      616C6C62 
 3122              	.LASF130:
 3123 04a0 4D61736B 		.ascii	"Mask\000"
 3123      00
 3124              	.LASF119:
 3125 04a5 44756D6D 		.ascii	"DummyCycles\000"
 3125      79437963 
 3125      6C657300 
 3126              	.LASF78:
 3127 04b1 58666572 		.ascii	"XferRepeatBlockCpltCallback\000"
 3127      52657065 
 3127      6174426C 
 3127      6F636B43 
 3127      706C7443 
 3128              	.LASF125:
 3129 04cd 4464724D 		.ascii	"DdrMode\000"
 3129      6F646500 
 3130              	.LASF88:
 3131 04d5 53616D70 		.ascii	"SampleShifting\000"
 3131      6C655368 
 3131      69667469 
 3131      6E6700
 3132              	.LASF105:
 3133 04e4 70547842 		.ascii	"pTxBuffPtr\000"
 3133      75666650 
 3133      747200
 3134              	.LASF39:
 3135 04ef 48414C5F 		.ascii	"HAL_OK\000"
 3135      4F4B00
 3136              	.LASF85:
 3137 04f6 4D444D41 		.ascii	"MDMA_HandleTypeDef\000"
 3137      5F48616E 
 3137      646C6554 
 3137      79706544 
 3137      656600
 3138              	.LASF146:
 3139 0509 51535049 		.ascii	"QSPI_Config\000"
 3139      5F436F6E 
 3139      66696700 
 3140              	.LASF98:
 3141 0515 48414C5F 		.ascii	"HAL_QSPI_STATE_BUSY_INDIRECT_TX\000"
 3141      51535049 
 3141      5F535441 
 3141      54455F42 
 3141      5553595F 
 3142              	.LASF30:
 3143 0535 50534D41 		.ascii	"PSMAR\000"
 3143      5200
 3144              	.LASF109:
 3145 053b 52785866 		.ascii	"RxXferSize\000"
ARM GAS  C:\Users\nicx5\AppData\Local\Temp\ccjkJcxQ.s 			page 61


 3145      65725369 
 3145      7A6500
 3146              	.LASF3:
 3147 0546 73686F72 		.ascii	"short unsigned int\000"
 3147      7420756E 
 3147      7369676E 
 3147      65642069 
 3147      6E7400
 3148              	.LASF49:
 3149 0559 5072696F 		.ascii	"Priority\000"
 3149      72697479 
 3149      00
 3150              	.LASF106:
 3151 0562 54785866 		.ascii	"TxXferSize\000"
 3151      65725369 
 3151      7A6500
 3152              	.LASF84:
 3153 056d 4572726F 		.ascii	"ErrorCode\000"
 3153      72436F64 
 3153      6500
 3154              	.LASF127:
 3155 0577 53494F4F 		.ascii	"SIOOMode\000"
 3155      4D6F6465 
 3155      00
 3156              	.LASF19:
 3157 0580 43424E44 		.ascii	"CBNDTR\000"
 3157      545200
 3158              	.LASF72:
 3159 0587 4C6F636B 		.ascii	"Lock\000"
 3159      00
 3160              	.LASF43:
 3161 058c 48414C5F 		.ascii	"HAL_StatusTypeDef\000"
 3161      53746174 
 3161      75735479 
 3161      70654465 
 3161      6600
 3162              	.LASF115:
 3163 059e 41646472 		.ascii	"Address\000"
 3163      65737300 
 3164              	.LASF28:
 3165 05a6 4D444D41 		.ascii	"MDMA_Channel_TypeDef\000"
 3165      5F436861 
 3165      6E6E656C 
 3165      5F547970 
 3165      65446566 
 3166              	.LASF176:
 3167 05bb 64617461 		.ascii	"data_size\000"
 3167      5F73697A 
 3167      6500
 3168              	.LASF5:
 3169 05c5 5F5F696E 		.ascii	"__int32_t\000"
 3169      7433325F 
 3169      7400
 3170              	.LASF118:
 3171 05cf 416C7465 		.ascii	"AlternateBytesSize\000"
 3171      726E6174 
 3171      65427974 
ARM GAS  C:\Users\nicx5\AppData\Local\Temp\ccjkJcxQ.s 			page 62


 3171      65735369 
 3171      7A6500
 3172              	.LASF123:
 3173 05e2 44617461 		.ascii	"DataMode\000"
 3173      4D6F6465 
 3173      00
 3174              	.LASF60:
 3175 05eb 44657374 		.ascii	"DestBlockAddressOffset\000"
 3175      426C6F63 
 3175      6B416464 
 3175      72657373 
 3175      4F666673 
 3176              	.LASF97:
 3177 0602 48414C5F 		.ascii	"HAL_QSPI_STATE_BUSY\000"
 3177      51535049 
 3177      5F535441 
 3177      54455F42 
 3177      55535900 
 3178              	.LASF71:
 3179 0616 496E6974 		.ascii	"Init\000"
 3179      00
 3180              	.LASF141:
 3181 061b 48414C5F 		.ascii	"HAL_MDMA_Abort_IT\000"
 3181      4D444D41 
 3181      5F41626F 
 3181      72745F49 
 3181      5400
 3182              	.LASF194:
 3183 062d 453A5C57 		.ascii	"E:\\Works\\STM32\\HBox\000"
 3183      6F726B73 
 3183      5C53544D 
 3183      33325C48 
 3183      426F7800 
 3184              	.LASF180:
 3185 0641 48414C5F 		.ascii	"HAL_QSPI_Receive\000"
 3185      51535049 
 3185      5F526563 
 3185      65697665 
 3185      00
 3186              	.LASF196:
 3187 0652 48414C5F 		.ascii	"HAL_GetTick\000"
 3187      47657454 
 3187      69636B00 
 3188              	.LASF21:
 3189 065e 43444152 		.ascii	"CDAR\000"
 3189      00
 3190              	.LASF167:
 3191 0663 48414C5F 		.ascii	"HAL_QSPI_CmdCpltCallback\000"
 3191      51535049 
 3191      5F436D64 
 3191      43706C74 
 3191      43616C6C 
 3192              	.LASF76:
 3193 067c 58666572 		.ascii	"XferBufferCpltCallback\000"
 3193      42756666 
 3193      65724370 
 3193      6C744361 
ARM GAS  C:\Users\nicx5\AppData\Local\Temp\ccjkJcxQ.s 			page 63


 3193      6C6C6261 
 3194              	.LASF142:
 3195 0693 68717370 		.ascii	"hqspi\000"
 3195      6900
 3196              	.LASF45:
 3197 0699 48414C5F 		.ascii	"HAL_LOCKED\000"
 3197      4C4F434B 
 3197      454400
 3198              	.LASF182:
 3199 06a4 48414C5F 		.ascii	"HAL_QSPI_Transmit\000"
 3199      51535049 
 3199      5F547261 
 3199      6E736D69 
 3199      7400
 3200              	.LASF79:
 3201 06b6 58666572 		.ascii	"XferErrorCallback\000"
 3201      4572726F 
 3201      7243616C 
 3201      6C626163 
 3201      6B00
 3202              	.LASF101:
 3203 06c8 48414C5F 		.ascii	"HAL_QSPI_STATE_BUSY_MEM_MAPPED\000"
 3203      51535049 
 3203      5F535441 
 3203      54455F42 
 3203      5553595F 
 3204              	.LASF143:
 3205 06e7 46756E63 		.ascii	"FunctionalMode\000"
 3205      74696F6E 
 3205      616C4D6F 
 3205      646500
 3206              	.LASF37:
 3207 06f6 666C6F61 		.ascii	"float\000"
 3207      7400
 3208              	.LASF181:
 3209 06fc 64617461 		.ascii	"data_reg\000"
 3209      5F726567 
 3209      00
 3210              	.LASF25:
 3211 0705 52455345 		.ascii	"RESERVED0\000"
 3211      52564544 
 3211      3000
 3212              	.LASF70:
 3213 070f 496E7374 		.ascii	"Instance\000"
 3213      616E6365 
 3213      00
 3214              	.LASF33:
 3215 0718 52455345 		.ascii	"RESET\000"
 3215      5400
 3216              	.LASF126:
 3217 071e 44647248 		.ascii	"DdrHoldHalfCycle\000"
 3217      6F6C6448 
 3217      616C6643 
 3217      79636C65 
 3217      00
 3218              	.LASF51:
 3219 072f 536F7572 		.ascii	"SourceInc\000"
ARM GAS  C:\Users\nicx5\AppData\Local\Temp\ccjkJcxQ.s 			page 64


 3219      6365496E 
 3219      6300
 3220              	.LASF13:
 3221 0739 696E7433 		.ascii	"int32_t\000"
 3221      325F7400 
 3222              	.LASF152:
 3223 0741 48414C5F 		.ascii	"HAL_QSPI_SetFlashID\000"
 3223      51535049 
 3223      5F536574 
 3223      466C6173 
 3223      68494400 
 3224              	.LASF170:
 3225 0755 48414C5F 		.ascii	"HAL_QSPI_MemoryMapped\000"
 3225      51535049 
 3225      5F4D656D 
 3225      6F72794D 
 3225      61707065 
 3226              	.LASF122:
 3227 076b 416C7465 		.ascii	"AlternateByteMode\000"
 3227      726E6174 
 3227      65427974 
 3227      654D6F64 
 3227      6500
 3228              	.LASF63:
 3229 077d 4D444D41 		.ascii	"MDMA_LinkNodeTypeDef\000"
 3229      5F4C696E 
 3229      6B4E6F64 
 3229      65547970 
 3229      65446566 
 3230              	.LASF158:
 3231 0792 7469636B 		.ascii	"tickstart\000"
 3231      73746172 
 3231      7400
 3232              	.LASF104:
 3233 079c 48414C5F 		.ascii	"HAL_QSPI_StateTypeDef\000"
 3233      51535049 
 3233      5F537461 
 3233      74655479 
 3233      70654465 
 3234              	.LASF186:
 3235 07b2 666C6167 		.ascii	"flag\000"
 3235      00
 3236              	.LASF135:
 3237 07b7 51535049 		.ascii	"QSPI_AutoPollingTypeDef\000"
 3237      5F417574 
 3237      6F506F6C 
 3237      6C696E67 
 3237      54797065 
 3238              	.LASF29:
 3239 07cf 50534D4B 		.ascii	"PSMKR\000"
 3239      5200
 3240              	.LASF184:
 3241 07d5 48414C5F 		.ascii	"HAL_QSPI_Command\000"
 3241      51535049 
 3241      5F436F6D 
 3241      6D616E64 
 3241      00
ARM GAS  C:\Users\nicx5\AppData\Local\Temp\ccjkJcxQ.s 			page 65


 3242              	.LASF83:
 3243 07e6 4C696E6B 		.ascii	"LinkedListNodeCounter\000"
 3243      65644C69 
 3243      73744E6F 
 3243      6465436F 
 3243      756E7465 
 3244              	.LASF165:
 3245 07fc 48414C5F 		.ascii	"HAL_QSPI_TxCpltCallback\000"
 3245      51535049 
 3245      5F547843 
 3245      706C7443 
 3245      616C6C62 
 3246              	.LASF112:
 3247 0814 54696D65 		.ascii	"Timeout\000"
 3247      6F757400 
 3248              	.LASF137:
 3249 081c 54696D65 		.ascii	"TimeOutActivation\000"
 3249      4F757441 
 3249      63746976 
 3249      6174696F 
 3249      6E00
 3250              	.LASF81:
 3251 082e 46697273 		.ascii	"FirstLinkedListNodeAddress\000"
 3251      744C696E 
 3251      6B65644C 
 3251      6973744E 
 3251      6F646541 
 3252              	.LASF66:
 3253 0849 48414C5F 		.ascii	"HAL_MDMA_STATE_BUSY\000"
 3253      4D444D41 
 3253      5F535441 
 3253      54455F42 
 3253      55535900 
 3254              	.LASF156:
 3255 085d 48414C5F 		.ascii	"HAL_QSPI_Abort_IT\000"
 3255      51535049 
 3255      5F41626F 
 3255      72745F49 
 3255      5400
 3256              	.LASF48:
 3257 086f 5472616E 		.ascii	"TransferTriggerMode\000"
 3257      73666572 
 3257      54726967 
 3257      6765724D 
 3257      6F646500 
 3258              	.LASF169:
 3259 0883 48414C5F 		.ascii	"HAL_QSPI_ErrorCallback\000"
 3259      51535049 
 3259      5F457272 
 3259      6F724361 
 3259      6C6C6261 
 3260              	.LASF168:
 3261 089a 48414C5F 		.ascii	"HAL_QSPI_AbortCpltCallback\000"
 3261      51535049 
 3261      5F41626F 
 3261      72744370 
 3261      6C744361 
ARM GAS  C:\Users\nicx5\AppData\Local\Temp\ccjkJcxQ.s 			page 66


 3262              	.LASF131:
 3263 08b5 496E7465 		.ascii	"Interval\000"
 3263      7276616C 
 3263      00
 3264              	.LASF92:
 3265 08be 466C6173 		.ascii	"FlashID\000"
 3265      68494400 
 3266              	.LASF40:
 3267 08c6 48414C5F 		.ascii	"HAL_ERROR\000"
 3267      4552524F 
 3267      5200
 3268              	.LASF24:
 3269 08d0 43544252 		.ascii	"CTBR\000"
 3269      00
 3270              	.LASF35:
 3271 08d5 6C6F6E67 		.ascii	"long double\000"
 3271      20646F75 
 3271      626C6500 
 3272              	.LASF36:
 3273 08e1 63686172 		.ascii	"char\000"
 3273      00
 3274              	.LASF53:
 3275 08e6 536F7572 		.ascii	"SourceDataSize\000"
 3275      63654461 
 3275      74615369 
 3275      7A6500
 3276              	.LASF134:
 3277 08f5 4175746F 		.ascii	"AutomaticStop\000"
 3277      6D617469 
 3277      6353746F 
 3277      7000
 3278              	.LASF138:
 3279 0903 51535049 		.ascii	"QSPI_MemoryMappedTypeDef\000"
 3279      5F4D656D 
 3279      6F72794D 
 3279      61707065 
 3279      64547970 
 3280              	.LASF73:
 3281 091c 53746174 		.ascii	"State\000"
 3281      6500
 3282              	.LASF139:
 3283 0922 48414C5F 		.ascii	"HAL_MDMA_Abort\000"
 3283      4D444D41 
 3283      5F41626F 
 3283      727400
 3284              	.LASF173:
 3285 0931 48414C5F 		.ascii	"HAL_QSPI_Receive_DMA\000"
 3285      51535049 
 3285      5F526563 
 3285      65697665 
 3285      5F444D41 
 3286              	.LASF149:
 3287 0946 51535049 		.ascii	"QSPI_DMATxCplt\000"
 3287      5F444D41 
 3287      54784370 
 3287      6C7400
 3288              	.LASF195:
ARM GAS  C:\Users\nicx5\AppData\Local\Temp\ccjkJcxQ.s 			page 67


 3289 0955 5F5F4D44 		.ascii	"__MDMA_HandleTypeDef\000"
 3289      4D415F48 
 3289      616E646C 
 3289      65547970 
 3289      65446566 
 3290              	.LASF20:
 3291 096a 43534152 		.ascii	"CSAR\000"
 3291      00
 3292              	.LASF22:
 3293 096f 43425255 		.ascii	"CBRUR\000"
 3293      5200
 3294              	.LASF147:
 3295 0975 51535049 		.ascii	"QSPI_DMAAbortCplt\000"
 3295      5F444D41 
 3295      41626F72 
 3295      7443706C 
 3295      7400
 3296              	.LASF160:
 3297 0987 48414C5F 		.ascii	"HAL_QSPI_GetState\000"
 3297      51535049 
 3297      5F476574 
 3297      53746174 
 3297      6500
 3298              	.LASF47:
 3299 0999 52657175 		.ascii	"Request\000"
 3299      65737400 
 3300              	.LASF2:
 3301 09a1 756E7369 		.ascii	"unsigned char\000"
 3301      676E6564 
 3301      20636861 
 3301      7200
 3302              	.LASF120:
 3303 09af 496E7374 		.ascii	"InstructionMode\000"
 3303      72756374 
 3303      696F6E4D 
 3303      6F646500 
 3304              	.LASF16:
 3305 09bf 43494643 		.ascii	"CIFCR\000"
 3305      5200
 3306              	.LASF99:
 3307 09c5 48414C5F 		.ascii	"HAL_QSPI_STATE_BUSY_INDIRECT_RX\000"
 3307      51535049 
 3307      5F535441 
 3307      54455F42 
 3307      5553595F 
 3308              	.LASF95:
 3309 09e5 48414C5F 		.ascii	"HAL_QSPI_STATE_RESET\000"
 3309      51535049 
 3309      5F535441 
 3309      54455F52 
 3309      45534554 
 3310              	.LASF31:
 3311 09fa 4C505452 		.ascii	"LPTR\000"
 3311      00
 3312              	.LASF161:
 3313 09ff 48414C5F 		.ascii	"HAL_QSPI_SetTimeout\000"
 3313      51535049 
ARM GAS  C:\Users\nicx5\AppData\Local\Temp\ccjkJcxQ.s 			page 68


 3313      5F536574 
 3313      54696D65 
 3313      6F757400 
 3314              	.LASF155:
 3315 0a13 54687265 		.ascii	"Threshold\000"
 3315      73686F6C 
 3315      6400
 3316              	.LASF14:
 3317 0a1d 75696E74 		.ascii	"uint32_t\000"
 3317      33325F74 
 3317      00
 3318              	.LASF56:
 3319 0a26 42756666 		.ascii	"BufferTransferLength\000"
 3319      65725472 
 3319      616E7366 
 3319      65724C65 
 3319      6E677468 
 3320              	.LASF116:
 3321 0a3b 416C7465 		.ascii	"AlternateBytes\000"
 3321      726E6174 
 3321      65427974 
 3321      657300
 3322              	.LASF129:
 3323 0a4a 4D617463 		.ascii	"Match\000"
 3323      6800
 3324              	.LASF77:
 3325 0a50 58666572 		.ascii	"XferBlockCpltCallback\000"
 3325      426C6F63 
 3325      6B43706C 
 3325      7443616C 
 3325      6C626163 
 3326              	.LASF193:
 3327 0a66 44726976 		.ascii	"Drivers/STM32H7xx_HAL_Driver/Src/stm32h7xx_hal_qspi"
 3327      6572732F 
 3327      53544D33 
 3327      32483778 
 3327      785F4841 
 3328 0a99 2E6300   		.ascii	".c\000"
 3329              	.LASF151:
 3330 0a9c 73746174 		.ascii	"status\000"
 3330      757300
 3331              	.LASF121:
 3332 0aa3 41646472 		.ascii	"AddressMode\000"
 3332      6573734D 
 3332      6F646500 
 3333              	.LASF124:
 3334 0aaf 4E624461 		.ascii	"NbData\000"
 3334      746100
 3335              	.LASF18:
 3336 0ab6 43544352 		.ascii	"CTCR\000"
 3336      00
 3337              	.LASF26:
 3338 0abb 434D4152 		.ascii	"CMAR\000"
 3338      00
 3339              	.LASF128:
 3340 0ac0 51535049 		.ascii	"QSPI_CommandTypeDef\000"
 3340      5F436F6D 
ARM GAS  C:\Users\nicx5\AppData\Local\Temp\ccjkJcxQ.s 			page 69


 3340      6D616E64 
 3340      54797065 
 3340      44656600 
 3341              	.LASF91:
 3342 0ad4 436C6F63 		.ascii	"ClockMode\000"
 3342      6B4D6F64 
 3342      6500
 3343              	.LASF12:
 3344 0ade 75696E74 		.ascii	"uint8_t\000"
 3344      385F7400 
 3345              	.LASF69:
 3346 0ae6 48414C5F 		.ascii	"HAL_MDMA_StateTypeDef\000"
 3346      4D444D41 
 3346      5F537461 
 3346      74655479 
 3346      70654465 
 3347              	.LASF191:
 3348 0afc 48414C5F 		.ascii	"HAL_QSPI_Init\000"
 3348      51535049 
 3348      5F496E69 
 3348      7400
 3349              	.LASF50:
 3350 0b0a 456E6469 		.ascii	"Endianness\000"
 3350      616E6E65 
 3350      737300
 3351              	.LASF61:
 3352 0b15 4D444D41 		.ascii	"MDMA_InitTypeDef\000"
 3352      5F496E69 
 3352      74547970 
 3352      65446566 
 3352      00
 3353              	.LASF148:
 3354 0b26 51535049 		.ascii	"QSPI_DMAError\000"
 3354      5F444D41 
 3354      4572726F 
 3354      7200
 3355              	.LASF54:
 3356 0b34 44657374 		.ascii	"DestDataSize\000"
 3356      44617461 
 3356      53697A65 
 3356      00
 3357              	.LASF154:
 3358 0b41 48414C5F 		.ascii	"HAL_QSPI_SetFifoThreshold\000"
 3358      51535049 
 3358      5F536574 
 3358      4669666F 
 3358      54687265 
 3359              	.LASF177:
 3360 0b5b 48414C5F 		.ascii	"HAL_QSPI_Transmit_DMA\000"
 3360      51535049 
 3360      5F547261 
 3360      6E736D69 
 3360      745F444D 
 3361              	.LASF110:
 3362 0b71 52785866 		.ascii	"RxXferCount\000"
 3362      6572436F 
 3362      756E7400 
ARM GAS  C:\Users\nicx5\AppData\Local\Temp\ccjkJcxQ.s 			page 70


 3363              	.LASF103:
 3364 0b7d 48414C5F 		.ascii	"HAL_QSPI_STATE_ERROR\000"
 3364      51535049 
 3364      5F535441 
 3364      54455F45 
 3364      52524F52 
 3365              	.LASF44:
 3366 0b92 48414C5F 		.ascii	"HAL_UNLOCKED\000"
 3366      554E4C4F 
 3366      434B4544 
 3366      00
 3367              	.LASF102:
 3368 0b9f 48414C5F 		.ascii	"HAL_QSPI_STATE_ABORT\000"
 3368      51535049 
 3368      5F535441 
 3368      54455F41 
 3368      424F5254 
 3369              	.LASF150:
 3370 0bb4 51535049 		.ascii	"QSPI_DMARxCplt\000"
 3370      5F444D41 
 3370      52784370 
 3370      6C7400
 3371              	.LASF159:
 3372 0bc3 48414C5F 		.ascii	"HAL_QSPI_GetError\000"
 3372      51535049 
 3372      5F476574 
 3372      4572726F 
 3372      7200
 3373              	.LASF171:
 3374 0bd5 48414C5F 		.ascii	"HAL_QSPI_AutoPolling_IT\000"
 3374      51535049 
 3374      5F417574 
 3374      6F506F6C 
 3374      6C696E67 
 3375              	.LASF93:
 3376 0bed 4475616C 		.ascii	"DualFlash\000"
 3376      466C6173 
 3376      6800
 3377              	.LASF32:
 3378 0bf7 51554144 		.ascii	"QUADSPI_TypeDef\000"
 3378      5350495F 
 3378      54797065 
 3378      44656600 
 3379              	.LASF185:
 3380 0c07 48414C5F 		.ascii	"HAL_QSPI_IRQHandler\000"
 3380      51535049 
 3380      5F495251 
 3380      48616E64 
 3380      6C657200 
 3381              	.LASF15:
 3382 0c1b 43495352 		.ascii	"CISR\000"
 3382      00
 3383              	.LASF80:
 3384 0c20 58666572 		.ascii	"XferAbortCallback\000"
 3384      41626F72 
 3384      7443616C 
 3384      6C626163 
ARM GAS  C:\Users\nicx5\AppData\Local\Temp\ccjkJcxQ.s 			page 71


 3384      6B00
 3385              	.LASF179:
 3386 0c32 48414C5F 		.ascii	"HAL_QSPI_Transmit_IT\000"
 3386      51535049 
 3386      5F547261 
 3386      6E736D69 
 3386      745F4954 
 3387              	.LASF75:
 3388 0c47 58666572 		.ascii	"XferCpltCallback\000"
 3388      43706C74 
 3388      43616C6C 
 3388      6261636B 
 3388      00
 3389              	.LASF172:
 3390 0c58 48414C5F 		.ascii	"HAL_QSPI_AutoPolling\000"
 3390      51535049 
 3390      5F417574 
 3390      6F506F6C 
 3390      6C696E67 
 3391              		.text
 3392              		.section	.gnu.lto_.profile.1f2fea0a,"e",%progbits
 3393 0000 28B52FFD 		.ascii	"(\265/\375 \0061\000\000\002\000\000\000\000\000"
 3393      20063100 
 3393      00020000 
 3393      000000
 3394              		.text
 3395              		.section	.gnu.lto_.icf.1f2fea0a,"e",%progbits
 3396 0000 28B52FFD 		.ascii	"(\265/\375`-\011\325\027\000\364\025!\012\000*\000\302"
 3396      602D09D5 
 3396      1700F415 
 3396      210A002A 
 3396      00C2
 3397 0012 CD98ED07 		.ascii	"\315\230\355\007\012\002\000\002\001\002\002\002\003"
 3397      0A020002 
 3397      01020202 
 3397      03
 3398 001f 02040203 		.ascii	"\002\004\002\003\002\002\002\005\001\217\251\376\265"
 3398      02020205 
 3398      018FA9FE 
 3398      B5
 3399 002c 0E0298E6 		.ascii	"\016\002\230\346\371\302\007\242\006\005\006\005\005"
 3399      F9C207A2 
 3399      06050605 
 3399      05
 3400 0039 050603AD 		.ascii	"\005\006\003\255\343\270\220\013\006\002\007\003\004"
 3400      E3B8900B 
 3400      06020703 
 3400      04
 3401 0046 C1C98BD7 		.ascii	"\301\311\213\327\010\004\005\363\236\350\253\007\032"
 3401      080405F3 
 3401      9EE8AB07 
 3401      1A
 3402 0053 04080509 		.ascii	"\004\010\005\011\006\355\317\222\345\014\000\007\235"
 3402      06EDCF92 
 3402      E50C0007 
 3402      9D
 3403 0060 8B9DAE06 		.ascii	"\213\235\256\006.\004\003\003\010\011\314\276\316\221"
ARM GAS  C:\Users\nicx5\AppData\Local\Temp\ccjkJcxQ.s 			page 72


 3403      2E040303 
 3403      0809CCBE 
 3403      CE91
 3404 006e 010A0702 		.ascii	"\001\012\007\002\003\012\260\356\203\266\002\000\013"
 3404      030AB0EE 
 3404      83B60200 
 3404      0B
 3405 007b FEF5F3FA 		.ascii	"\376\365\363\372\013\026\007\011\002\003\014\327\360"
 3405      0B160709 
 3405      02030CD7 
 3405      F0
 3406 0088 D1CC0A22 		.ascii	"\321\314\012\"\011\011\015\234\276\337=6\005\012\002"
 3406      09090D9C 
 3406      BEDF3D36 
 3406      050A02
 3407 0097 0A020B02 		.ascii	"\012\002\013\002\013\010\003\011\002\003\016\307\263"
 3407      0B080309 
 3407      02030EC7 
 3407      B3
 3408 00a4 8DA10F3A 		.ascii	"\215\241\017:\017\334\241\323\323\003\020\002\020\261"
 3408      0FDCA1D3 
 3408      D3031002 
 3408      10B1
 3409 00b2 D19EA401 		.ascii	"\321\236\244\001.\021\372\350\320\355\010Z\002\005\002"
 3409      2E11FAE8 
 3409      D0ED085A 
 3409      020502
 3410 00c1 0C020302 		.ascii	"\014\002\003\002\015\002\001\016\017\003\003\011\002"
 3410      0D02010E 
 3410      0F030309 
 3410      02
 3411 00ce 0312F5D7 		.ascii	"\003\022\365\327\262\206\012\020\002\002\002\005\023"
 3411      B2860A10 
 3411      02020205 
 3411      13
 3412 00db AA82BFBB 		.ascii	"\252\202\277\273\013^\007\024\310\350\272\256\015*\020"
 3412      0B5E0714 
 3412      C8E8BAAE 
 3412      0D2A10
 3413 00ea 09020315 		.ascii	"\011\002\003\025\316\237\205\273\0062\020\020\006\026"
 3413      CE9F85BB 
 3413      06321010 
 3413      0616
 3414 00f8 DBDFE7E2 		.ascii	"\333\337\347\342\004 \007\021\005\011\002\003\027\030"
 3414      04200711 
 3414      05090203 
 3414      1718
 3415 0106 E5E8C2D4 		.ascii	"\345\350\302\324\017\026\005\005\031\032\372\217\247"
 3415      0F160505 
 3415      191AFA8F 
 3415      A7
 3416 0113 B90D2404 		.ascii	"\271\015$\004\007\002\003\033\034\035\036\037 !\370"
 3416      0702031B 
 3416      1C1D1E1F 
 3416      2021F8
 3417 0122 99E5FE05 		.ascii	"\231\345\376\005\256\001\003\002\"\346\226\224\214\017"
 3417      AE010302 
ARM GAS  C:\Users\nicx5\AppData\Local\Temp\ccjkJcxQ.s 			page 73


 3417      22E69694 
 3417      8C0F
 3418 0130 02020702 		.ascii	"\002\002\007\002\022#\231\224\373\305\004\002\002\002"
 3418      12239994 
 3418      FBC50402 
 3418      0202
 3419 013e 0212248B 		.ascii	"\002\022$\213\374\247\370\004,\014\005%\264\314\254"
 3419      FCA7F804 
 3419      2C0C0525 
 3419      B4CCAC
 3420 014d 89060326 		.ascii	"\211\006\003&\210\365\222\235\001\003'\362\236\334\316"
 3420      88F5929D 
 3420      010327F2 
 3420      9EDCCE
 3421 015c 0428FDE8 		.ascii	"\004(\375\350\232\217\007\022)\330\363\240\324\015\000"
 3421      9A8F0712 
 3421      29D8F3A0 
 3421      D40D00
 3422 016b 80D9A821 		.ascii	"\200\331\250!\302@$\230\222\226\012\323\001\220\002"
 3422      C2402498 
 3422      92960AD3 
 3422      019002
 3423 017a 99192B6E 		.ascii	"\231\031+n\003\022\200\322$\206\365\244\221\212\231"
 3423      031280D2 
 3423      2486F5A4 
 3423      918A99
 3424 0189 91111949 		.ascii	"\221\021\031IRPP\251\325\001Y\006\012WH\301\210\314"
 3424      525050A9 
 3424      D5015906 
 3424      0A5748C1 
 3424      88CC
 3425 019b 83043D67 		.ascii	"\203\004=g\236\343[\336\303\377<Z~1D\207\265@\001\254"
 3425      9EE35BDE 
 3425      C3FF3C5A 
 3425      7E314487 
 3425      B54001AC 
 3426 01af 3BB77E59 		.ascii	";\267~Y\203N\206m\034\344\010\317\204\217\353M\366\011"
 3426      834E866D 
 3426      1CE408CF 
 3426      848FEB4D 
 3426      F609
 3427 01c1 E2958041 		.ascii	"\342\225\200A\304d\217\217\270<)\274\313m\240\370}4"
 3427      C4648F8F 
 3427      B83C29BC 
 3427      CB6DA0F8 
 3427      7D34
 3428 01d3 80290B64 		.ascii	"\200)\013d\367\256oE\234\206\310l\354`i\326\266x~\344"
 3428      F7AE6F45 
 3428      9C86C86C 
 3428      EC6069D6 
 3428      B6787EE4 
 3429 01e7 ACA39C27 		.ascii	"\254\243\234'\363\335\347\247\307\241\007\200j\026\233"
 3429      F3DDE7A7 
 3429      C7A10780 
 3429      6A169B
 3430 01f6 15EE04C8 		.ascii	"\025\356\004\310\354\002\345P\250/<\361\220\003\364"
 3430      EC02E550 
ARM GAS  C:\Users\nicx5\AppData\Local\Temp\ccjkJcxQ.s 			page 74


 3430      A82F3CF1 
 3430      9003F4
 3431 0205 9CD3F873 		.ascii	"\234\323\370s\346\031\305\215\275\271gU\322|\345\270"
 3431      E619C58D 
 3431      BDB96755 
 3431      D27CE5B8 
 3432 0215 B3924B73 		.ascii	"\263\222Ks\313\256\234Nn\016\023\370\342\035ON\245\243"
 3432      CBAE9C4E 
 3432      6E0E13F8 
 3432      E21D4F4E 
 3432      A5A3
 3433 0227 EBDE6A39 		.ascii	"\353\336j9\355!\235\225QU\266\251G)\3610[\232i&\206"
 3433      ED219D95 
 3433      5155B6A9 
 3433      4729F130 
 3433      5B9A6926 
 3434 023c 0CD31CA3 		.ascii	"\014\323\034\2430V$|\366kFVh\315\334m\001\312A\252\003"
 3434      3056247C 
 3434      F66B4656 
 3434      68CDDC6D 
 3434      01CA41AA 
 3435 0251 A71B9C1B 		.ascii	"\247\033\234\033\312X\310\262o\031;]c\300\301\027\014"
 3435      CA58C8B2 
 3435      6F193B5D 
 3435      63C0C117 
 3435      0C
 3436 0262 9AB010F3 		.ascii	"\232\260\020\363&\006\231\367\320\013*\255q\354\000"
 3436      260699F7 
 3436      D00B2AAD 
 3436      71EC00
 3437 0271 EF3B56F9 		.ascii	"\357;V\371\210\217J/\205\005\273\036t\013k\260J\377"
 3437      888F4A2F 
 3437      8505BB1E 
 3437      740B6BB0 
 3437      4AFF
 3438 0283 C9767E94 		.ascii	"\311v~\224\011z>\353I\376\342\371\201\327\211\302\026"
 3438      097A3EEB 
 3438      49FEE2F9 
 3438      81D789C2 
 3438      16
 3439 0294 2068650F 		.ascii	" he\017Dj\273\222P\236A1F/\216[\321\243\233~\015\314"
 3439      446ABB92 
 3439      509E4131 
 3439      462F8E5B 
 3439      D1A39B7E 
 3440 02aa EA326E8D 		.ascii	"\3522n\215\257\251\361i\033\337\3226\276\325\026\255"
 3440      AFA9F169 
 3440      1BDFD236 
 3440      BED516AD 
 3441 02ba A81E98BA 		.ascii	"\250\036\230\272\013\323\357\022X|\0023]&\266\336\256"
 3441      0BD3EF12 
 3441      587C0233 
 3441      5D26B6DE 
 3441      AE
 3442 02cb F83EF88A 		.ascii	"\370>\370\212\322C\232\254\315\353\303=D`\274\271\360"
 3442      D2439AAC 
 3442      CDEBC33D 
ARM GAS  C:\Users\nicx5\AppData\Local\Temp\ccjkJcxQ.s 			page 75


 3442      4460BCB9 
 3442      F0
 3443 02dc 47446ACD 		.ascii	"GDj\315\014\344\005\002A\271\211#\325\222g \316\234"
 3443      0CE40502 
 3443      41B98923 
 3443      D5926720 
 3443      CE9C
 3444 02ee DB6AE86C 		.ascii	"\333j\350l\036\201\333\031rz\225\361e\327\344Ni2P'\027"
 3444      1E81DB19 
 3444      727A95F1 
 3444      65D7E44E 
 3444      69325027 
 3445 0303 0A       		.ascii	"\012"
 3446              		.text
 3447              		.section	.gnu.lto_.ipa_sra.1f2fea0a,"e",%progbits
 3448 0000 28B52FFD 		.ascii	"(\265/\375`\252\002E\011\000\302\311\036\"P\345\246"
 3448      60AA0245 
 3448      0900C2C9 
 3448      1E2250E5 
 3448      A6
 3449 0011 033033B5 		.ascii	"\00303\265Tfffff\032\226\233\260\245?\375\351O\177\324"
 3449      54666666 
 3449      66661A96 
 3449      9BB0A53F 
 3449      FDE94F7F 
 3450 0026 BF2181D5 		.ascii	"\277!\201\3255$e\222)\005\305\334\331/\356Y\\A\354H"
 3450      35246592 
 3450      2905C5DC 
 3450      D92FEE59 
 3450      5C41EC48 
 3451 003a 394E2457 		.ascii	"9N$W\004\362pZ\016\267\015\206k\254\234\213\366\024"
 3451      04F2705A 
 3451      0EB70D86 
 3451      6BAC9C8B 
 3451      F614
 3452 004c 154FFC48 		.ascii	"\025O\374HMF\034\244\273\237!j\263\360\203Z\000\327"
 3452      4D461CA4 
 3452      BB9F216A 
 3452      B3F0835A 
 3452      00D7
 3453 005e 79C2C03D 		.ascii	"y\302\300=\012\234\255\265\037g\340\227\355\265\330"
 3453      0A9CADB5 
 3453      1F67E097 
 3453      EDB5D8
 3454 006d B19FF81B 		.ascii	"\261\237\370\033[#g\243\311\260\313\252(\011jh\354\335"
 3454      5B2367A3 
 3454      C9B0CBAA 
 3454      28096A68 
 3454      ECDD
 3455 007f 74D1CFC6 		.ascii	"t\321\317\306\266n\246\017\010a\250\220V\225\244\320"
 3455      B66EA60F 
 3455      0861A890 
 3455      5695A4D0 
 3456 008f 1AF08299 		.ascii	"\032\360\202\231\241\332\006\022\240\345x\206\025\""
 3456      A1DA0612 
 3456      A0E57886 
 3456      1522
ARM GAS  C:\Users\nicx5\AppData\Local\Temp\ccjkJcxQ.s 			page 76


 3457 009d 89285062 		.ascii	"\211(Pb\220\372s;\325\270\300p.BJ\011\3166\006D<\335"
 3457      90FA733B 
 3457      D5B8C070 
 3457      2E424A09 
 3457      CE360644 
 3458 00b3 5C9F3449 		.ascii	"\\\2374I\020\011\014\005\210\347a\351\215\326\264,\331"
 3458      10090C05 
 3458      88E761E9 
 3458      8DD6B42C 
 3458      D9
 3459 00c4 2E843E4B 		.ascii	".\204>K\270\3133g0m\222\010w\226v.\311\314m\311\346"
 3459      B8CB3367 
 3459      306D9208 
 3459      7796762E 
 3459      C9CC6DC9 
 3460 00d9 2B39A24E 		.ascii	"+9\242N6H\241\344\365\365B\013=\352#\322\312\316.\340"
 3460      3648A1E4 
 3460      F5F5420B 
 3460      3DEA23D2 
 3460      CACE2EE0 
 3461 00ed D0605C80 		.ascii	"\320`\\\200\347:\035\253\020\305l\377\220u\313\017\346"
 3461      E73A1DAB 
 3461      10C56CFF 
 3461      9075CB0F 
 3461      E6
 3462 00fe 2235419B 		.ascii	"\"5A\233\355\020\301\260e\212?\365y\300A\3023\011* "
 3462      ED10C1B0 
 3462      658A3FF5 
 3462      79C041C2 
 3462      33092A20 
 3463 0112 8253B639 		.ascii	"\202S\2669\273\216\026g\212T\322a\214\000{d\206kx[\344"
 3463      BB8E1667 
 3463      8A54D261 
 3463      8C007B64 
 3463      866B785B 
 3464 0127 1D2717F9 		.ascii	"\035'\027\371q\274\227\246\362\325\001"
 3464      71BC97A6 
 3464      F2D501
 3465              		.text
 3466              		.section	.gnu.lto_.inline.1f2fea0a,"e",%progbits
 3467 0000 28B52FFD 		.ascii	"(\265/\375`\370\036\315F\000zM\364\017E\220\232J:\206"
 3467      60F81ECD 
 3467      46007A4D 
 3467      F40F4590 
 3467      9A4A3A86 
 3468 0014 38E40342 		.ascii	"8\344\003BX*U\212\234<\365A<`\021\312rE\311Q\246\240"
 3468      582A558A 
 3468      9C3CF541 
 3468      3C6011CA 
 3468      7245C951 
 3469 002a 7DC6A0B8 		.ascii	"}\306\240\270f\336n\2013\324\315\350\0154\010\035\215"
 3469      66DE6E81 
 3469      33D4CDE8 
 3469      0D34081D 
 3469      8D
 3470 003b 481A4911 		.ascii	"H\032I\021\000\\\360\220\031}\024D\020\265\223\342."
 3470      005CF090 
ARM GAS  C:\Users\nicx5\AppData\Local\Temp\ccjkJcxQ.s 			page 77


 3470      197D1444 
 3470      10B593E2 
 3470      2E
 3471 004c 1445466B 		.ascii	"\024EFk{\247\235\002\324\000\307\000\002\001rqbO\372"
 3471      7BA79D02 
 3471      D400C700 
 3471      02017271 
 3471      624FFA
 3472 005f C687E1F8 		.ascii	"\306\207\341\370\355Q\207\"\022\255U\004\301W\360\010"
 3472      ED518722 
 3472      12AD5504 
 3472      C157F008 
 3473 006f 897AFCEF 		.ascii	"\211z\374\357=)'\316'\353\223O\034\347\024{\322\307"
 3473      3D2927CE 
 3473      27EB934F 
 3473      1CE7147B 
 3473      D2C7
 3474 0081 A1568F0F 		.ascii	"\241V\217\017\303\217\337}\355=\375\344\223O\354\315"
 3474      C38FDF7D 
 3474      ED3DFDE4 
 3474      934FECCD 
 3475 0091 291E495F 		.ascii	")\036I_u\357\034\302\260\250V\367\276{\364\012V$jY\223"
 3475      75EF1CC2 
 3475      B0A856F7 
 3475      BE7BF40A 
 3475      56246A59 
 3476 00a6 A8AC6338 		.ascii	"\250\254c8\002j\347\207\017\221d\255>\005o\221\202H"
 3476      026AE787 
 3476      0F9164AD 
 3476      3E056F91 
 3476      8248
 3477 00b8 530E2E0D 		.ascii	"S\016.\015n\206\325\247\340\370\2647b\256\244\351V\323"
 3477      6E86D5A7 
 3477      E0F8B437 
 3477      62AEA4E9 
 3477      56D3
 3478 00ca 11A706AB 		.ascii	"\021\247\006\253\225v>XU\324Z\241l\351\305\256b8\312"
 3478      95763E58 
 3478      55D45AA1 
 3478      6CE9C5AE 
 3478      6238CA
 3479 00dd AB79352B 		.ascii	"\253y5+\233\234\336]\332\017\233\322\026\272\224l\257"
 3479      9B9CDE5D 
 3479      DA0F9BD2 
 3479      16BA946C 
 3479      AF
 3480 00ee 4E28A465 		.ascii	"N(\244e\330\224L\244m6\021<\241;\335\277\232\226\"x"
 3480      D8944CA4 
 3480      6D36113C 
 3480      A13BDDBF 
 3480      9A962278 
 3481 0102 44779245 		.ascii	"Dw\222E\226M\267\201f\254L6\361%5\365\223\244\357+\361"
 3481      964DB781 
 3481      66AC4C36 
 3481      F12535F5 
 3481      93A4EF2B 
 3482 0117 ECA587D5 		.ascii	"\354\245\207\325Zy\250i\235\036\272\264\264dz\255\265"
ARM GAS  C:\Users\nicx5\AppData\Local\Temp\ccjkJcxQ.s 			page 78


 3482      5A79A869 
 3482      9D1EBAB4 
 3482      B4647AAD 
 3482      B5
 3483 0128 EED84656 		.ascii	"\356\330FV\220&P\330*55U\372\0257:\037<\313\352\246"
 3483      902650D8 
 3483      2A353555 
 3483      FA15373A 
 3483      1F3CCBEA 
 3484 013d 43798589 		.ascii	"Cy\205\211C}\237\351hI\304\260t\354\022\207cv\303K\317"
 3484      437D9FE9 
 3484      6849C4B0 
 3484      74EC1287 
 3484      6376C34B 
 3485 0152 CE167079 		.ascii	"\316\026py'&\322\211\024:\012j\003\325\325\325\325Q"
 3485      2726D289 
 3485      143A0A6A 
 3485      03D5D5D5 
 3485      D551
 3486 0164 9EA5896B 		.ascii	"\236\245\211km)\231\"2\265=\303n\313\245\251\343\011"
 3486      6D299922 
 3486      32B53DC3 
 3486      6ECBA5A9 
 3486      E309
 3487 0176 8AA228FE 		.ascii	"\212\242(\376\010\324\371\336\223u\273\273\273\273\273"
 3487      08D4F9DE 
 3487      9375BBBB 
 3487      BBBBBB
 3488 0185 BBBBFBFF 		.ascii	"\273\273\373\377\377\037\376\037\277\273\373\377\212"
 3488      FF1FFE1F 
 3488      BFBBFBFF 
 3488      8A
 3489 0192 E67C3D39 		.ascii	"\346|=9\267\273\273\273\273\273\273=\351\033\037\206"
 3489      B7BBBBBB 
 3489      BBBBBB3D 
 3489      E91B1F86 
 3490 01a2 450B2E15 		.ascii	"E\013.\025\251wwwwwwwww\367W\275\273\333\223At\273t"
 3490      A9777777 
 3490      77777777 
 3490      7777F757 
 3490      BDBBDB93 
 3491 01ba BBBBBBBB 		.ascii	"\273\273\273\273\273\273\273\273\273\273\273\373\337"
 3491      BBBBBBBB 
 3491      BBBBBBFB 
 3491      DF
 3492 01c7 E37FE2C6 		.ascii	"\343\177\342\306\361\245\360U\217\177\332\236\364\215"
 3492      F1A5F055 
 3492      8F7FDA9E 
 3492      F48D
 3493 01d5 0FC3F1BB 		.ascii	"\017\303\361\273\273\273\273\273\240(\376\252\307\357"
 3493      BBBBBBBB 
 3493      A028FEAA 
 3493      C7EF
 3494 01e3 CCD991EB 		.ascii	"\314\331\221\353I\271\270\247\377\377\037\376\037\277"
 3494      49B9B8A7 
 3494      FFFF1FFE 
 3494      1FBF
ARM GAS  C:\Users\nicx5\AppData\Local\Temp\ccjkJcxQ.s 			page 79


 3495 01f1 FB83FF05 		.ascii	"\373\203\377\005\025h\207fU\2155\201\340\375\017\322"
 3495      15688766 
 3495      558D3581 
 3495      E0FD0FD2 
 3496 0201 CDC87270 		.ascii	"\315\310rp\355\306\371\202\307\2325sz\261\230\313\242"
 3496      EDC6F982 
 3496      C79A3573 
 3496      7AB198CB 
 3496      A2
 3497 0212 666A85EA 		.ascii	"fj\205\352i\253\025\352g\207e\253\007\022\001\006RC"
 3497      69AB15EA 
 3497      678765AB 
 3497      07120106 
 3497      5243
 3498 0224 76B6C6A1 		.ascii	"v\266\306\241\312X\231\332\236I\211\371b2\0030\372\262"
 3498      CA5899DA 
 3498      9E4989F9 
 3498      62320330 
 3498      FAB2
 3499 0236 D1D76E75 		.ascii	"\321\327nu\354\006GeL\206\245\303as\305\302\307\240"
 3499      EC064765 
 3499      4C86A5C3 
 3499      6173C5C2 
 3499      C7A0
 3500 0248 C1D1477D 		.ascii	"\301\321G}\320\007{Wc\326\245\305\275N\372V\332\233"
 3500      D0077B57 
 3500      63D6A5C5 
 3500      BD4EFA56 
 3500      DA9B
 3501 025a 37AA63AC 		.ascii	"7\252c\254l\213O\214\26125\000<\362\211\3449\012y\202"
 3501      6C8B4F8C 
 3501      B1323500 
 3501      3CF289E4 
 3501      390A7982 
 3502 026e C7732739 		.ascii	"\307s'9-K\234\314K\214\316c\376\3011U&mh\214\233\226"
 3502      2D4B9CCC 
 3502      4B8CCE63 
 3502      FEC13155 
 3502      266D688C 
 3503 0284 10232C47 		.ascii	"\020#,G\332\350*\330\307R\372\207zW\2700[[{iZ\005Qs"
 3503      DAE82AD8 
 3503      C752FA87 
 3503      7A57B830 
 3503      5B5B7B69 
 3504 029c 0B494CAB 		.ascii	"\013IL\253\036`m\025\3343\277$\323tA\303\211\026h\236"
 3504      1E606D15 
 3504      DC33BF24 
 3504      D37441C3 
 3504      8916689E 
 3505 02b0 692F813B 		.ascii	"i/\201;`\010\031\273%q\257\252%_@P\245\371\006\003\316"
 3505      600819BB 
 3505      2571AFAA 
 3505      255F4050 
 3505      A5F90603 
 3506 02c5 16208356 		.ascii	"\026 \203V\232\2272\005o\336\311\267l\232]Yj~\035\254"
 3506      9A973205 
 3506      6FDEC9B7 
ARM GAS  C:\Users\nicx5\AppData\Local\Temp\ccjkJcxQ.s 			page 80


 3506      6C9A5D59 
 3506      6A7E1DAC 
 3507 02d9 635BE9BC 		.ascii	"c[\351\274\245_\325Z{l\246i\200\222\370V\255u\310;\331"
 3507      A55FD55A 
 3507      7B6CA669 
 3507      8092F856 
 3507      AD75C83B 
 3508 02ee 73879021 		.ascii	"s\207\220!}&\2253I\266M\311PiM\005y\302y\003\302$$\215"
 3508      7D269533 
 3508      49B64DC9 
 3508      50694D05 
 3508      79C27903 
 3509 0306 66E45C14 		.ascii	"f\344\\\024\325\221\236&jQVD;;\316\012\014L\310\021"
 3509      D5919E26 
 3509      6A515644 
 3509      3B3BCE0A 
 3509      0C4CC811 
 3510 031a 2028CDB0 		.ascii	" (\315\260\033\356\201\275&e\214NH\255\306\020\256\017"
 3510      1BEE81BD 
 3510      26658C4E 
 3510      48ADC610 
 3510      AE0F
 3511 032c 379B2E22 		.ascii	"7\233.\"?\017v\320\340a\223\201\317<\232[`\270\316\314"
 3511      3F0F76D0 
 3511      E0619381 
 3511      CF3C9A5B 
 3511      60B8CECC 
 3512 0340 D916E50B 		.ascii	"\331\026\345\013\212\005\273\351gsuQ\276\004\015HW\026"
 3512      8A05BBE9 
 3512      67737551 
 3512      BE040D48 
 3512      5716
 3513 0352 59C50B42 		.ascii	"Y\305\013B\005\011\020\03400>\355\215\030,\231#\211"
 3513      0509101C 
 3513      30303EED 
 3513      8D182C99 
 3513      2389
 3514 0364 971B9E32 		.ascii	"\227\033\2362Xg72\360>5\307L\014\202\013\020\350\022"
 3514      58673732 
 3514      F03E35C7 
 3514      4C0C820B 
 3514      10E812
 3515 0377 9381E300 		.ascii	"\223\201\343\000\017\037<\344\206\\4@\012\015\216\326"
 3515      0F1F3CE4 
 3515      865C3440 
 3515      0A0D8ED6 
 3516 0387 82C55199 		.ascii	"\202\305Q\231\251\220EcE\032\012\026` S\276\320\014"
 3516      A9904563 
 3516      451A0A16 
 3516      602053BE 
 3516      D00C
 3517 0399 A86B5173 		.ascii	"\250kQs4d\251UW0\230\310S?\326\214\021=\331\021\306"
 3517      3464A955 
 3517      573098C8 
 3517      533FD68C 
 3517      113DD911 
 3518 03ae 75E12E22 		.ascii	"u\341.\"e$n\203\207\212\340\320\232\221TUk\025z+\013"
ARM GAS  C:\Users\nicx5\AppData\Local\Temp\ccjkJcxQ.s 			page 81


 3518      65246E83 
 3518      878AE0D0 
 3518      9A915455 
 3518      6B157A2B 
 3519 03c3 D3652D16 		.ascii	"\323e-\026b\012\000\347\0006\225\350S\321\247\343\273"
 3519      620A00E7 
 3519      003695E8 
 3519      53D1A7E3 
 3519      BB
 3520 03d4 D2B40491 		.ascii	"\322\264\004\221L\377E]\255\035\215\370[\226\025X\000"
 3520      4CFF455D 
 3520      AD1D8DF8 
 3520      5B961558 
 3520      00
 3521 03e5 2081C36A 		.ascii	" \201\303j\253\265\006\365x\262M\313K\357\254\320\331"
 3521      ABB506F5 
 3521      78B24DCB 
 3521      4BEFACD0 
 3521      D9
 3522 03f6 E0E22B0E 		.ascii	"\340\342+\016Z\372\220\026Th\012\222^\007D\252\315."
 3522      5AFA9016 
 3522      54680A92 
 3522      5E0744AA 
 3522      CD2E
 3523 0408 F4516B82 		.ascii	"\364Qk\202\306\250\342r\2412\212\224\210\210H\222$i"
 3523      C6A8E272 
 3523      A1328A94 
 3523      88884892 
 3523      2469
 3524 041a 0C820B10 		.ascii	"\014\202\013\020\212\006I,!\354\001\022 by\024e)\306"
 3524      8A06492C 
 3524      21EC0112 
 3524      20627914 
 3524      6529C6
 3525 042d 10218418 		.ascii	"\020!\204\030R\204D$\020\021%\205I\012\351#\021O\024"
 3525      52844424 
 3525      10112585 
 3525      490AE923 
 3525      114F14
 3526 0440 FBD53FE1 		.ascii	"\373\325?\341\250uJ\010\365\007i\332k\265\300 7\302"
 3526      A8754A08 
 3526      F50769DA 
 3526      6BB5C020 
 3526      37C2
 3527 0452 B95A2AA7 		.ascii	"\271Z*\247\260\315\275\017\207(\222\270\2106\336\311"
 3527      B0CDBD0F 
 3527      872892B8 
 3527      8836DEC9 
 3528 0462 DB8918BA 		.ascii	"\333\211\030\272M@\027\231)\376\326J\371\353nI\301L"
 3528      4D401799 
 3528      29FED64A 
 3528      F9EB6E49 
 3528      C14C
 3529 0474 6EAE8BFD 		.ascii	"n\256\213\375\324\246fJ\335\340$\233\210\242p\352\016"
 3529      D4A6664A 
 3529      DDE0249B 
 3529      88A270EA 
ARM GAS  C:\Users\nicx5\AppData\Local\Temp\ccjkJcxQ.s 			page 82


 3529      0E
 3530 0485 F37BC3AA 		.ascii	"\363{\303\252\313\005\344\035\217f,\364\332B\324~kD"
 3530      CB05E41D 
 3530      8F662CF4 
 3530      DA42D47E 
 3530      6B44
 3531 0497 2798BE80 		.ascii	"'\230\276\200?\277\202\363>\252\300\217\220$=\356\241"
 3531      3FBF82F3 
 3531      3EAAC08F 
 3531      90243DEE 
 3531      A1
 3532 04a8 F280002B 		.ascii	"\362\200\000+n\347i\305\204\016=V\251R\025T9\253\322"
 3532      6EE769C5 
 3532      840E3D56 
 3532      A9521554 
 3532      39ABD2
 3533 04bb E8C68CEE 		.ascii	"\350\306\214\356O\236U;\332Qr\207\004\273\301/\345\005"
 3533      4F9E553B 
 3533      DA517287 
 3533      04BBC12F 
 3533      E505
 3534 04cd 209E9516 		.ascii	" \236\225\026\373Z\025k\304L\005\252T\015Qj\242\321"
 3534      FB5A156B 
 3534      C44C05AA 
 3534      540D516A 
 3534      A2D1
 3535 04df AFC0C9CC 		.ascii	"\257\300\311\314\361\212Y\377\376@\234R\026Z0\201\341"
 3535      F18A59FF 
 3535      FE409C52 
 3535      165A3081 
 3535      E1
 3536 04f0 783482C4 		.ascii	"x4\202\304\371\024\340b\207&\367>\324\320\022\247\011"
 3536      F914E062 
 3536      8726F73E 
 3536      D4D012A7 
 3536      09
 3537 0501 574721B8 		.ascii	"WG!\270\250$.O\322\270\363i\300C\2548\216\313C\266\340"
 3537      A8242E4F 
 3537      D2B8F369 
 3537      C043AC38 
 3537      8ECB43B6 
 3538 0516 753A92B0 		.ascii	"u:\222\260\254\242n\343H\351\024\364x'\225\215\305\346"
 3538      ACA26EE3 
 3538      48E914F4 
 3538      7827958D 
 3538      C5E6
 3539 0528 8AB09B69 		.ascii	"\212\260\233iU;Y\020p\261/\377h\354\034@\236&.(\243"
 3539      553B5910 
 3539      70B12FFF 
 3539      68EC1C40 
 3539      9E262E28 
 3540 053d F856325F 		.ascii	"\370V2_a\013\036\370\3517]\364'\023\241\343#\320\020"
 3540      610B1EF8 
 3540      E9375DF4 
 3540      2713A1E3 
 3540      23D010
 3541 0550 B2A42BB8 		.ascii	"\262\244+\270:M\004\343:\335-\012\302S\372\006\011P"
ARM GAS  C:\Users\nicx5\AppData\Local\Temp\ccjkJcxQ.s 			page 83


 3541      3A4D04E3 
 3541      3ADD2D0A 
 3541      C253FA06 
 3541      0950
 3542 0562 74C0732D 		.ascii	"t\300s-\251;h\324\247\262\250\353\203-e4(\261\221^\245"
 3542      A93B68D4 
 3542      A7B2A8EB 
 3542      832D6534 
 3542      28B1915E 
 3543 0577 2A03D038 		.ascii	"*\003\3208\201\244\013>\226x\005\225\262\272\021~\357"
 3543      81A40B3E 
 3543      96780595 
 3543      B2BA117E 
 3543      EF
 3544 0588 6D4E8F5F 		.ascii	"mN\217_\336E\310\207Uh,Q\366\276I\262\011\001\365\203"
 3544      DE45C887 
 3544      55682C51 
 3544      F6BE49B2 
 3544      0901F583 
 3545 059c 8AC97372 		.ascii	"\212\311sr-\314\332[\264\376?v\270\217@\333ZP~a\020"
 3545      2DCCDA5B 
 3545      B4FE3F76 
 3545      B88F40DB 
 3545      5A507E61 
 3546 05b1 46E92B3A 		.ascii	"F\351+:\326g\210\300\213\3759\321tUT^\331\002c\207\000"
 3546      D66788C0 
 3546      8BFD39D1 
 3546      7455545E 
 3546      D9026387 
 3547 05c6 C4D1E59A 		.ascii	"\304\321\345\232\320{\017\011\215\324t\232\013\254\026"
 3547      D07B0F09 
 3547      8DD4749A 
 3547      0BAC16
 3548 05d5 52D44873 		.ascii	"R\324Hs/]j\301\353j\243\376\357\023t\246I\300\230v\033"
 3548      2F5D6AC1 
 3548      EB6AA3FE 
 3548      EF1374A6 
 3548      49C09876 
 3549 05ea 0A6A18D3 		.ascii	"\012j\030\323\323hA\343\001\027\3274IK1\351\340\177"
 3549      D36841E3 
 3549      0117D734 
 3549      494B31E9 
 3549      E07F
 3550 05fc AC280019 		.ascii	"\254(\000\031($/\355\010k\232\326M\253\016,2\"\3511"
 3550      28242FED 
 3550      086B9AD6 
 3550      4DAB0E2C 
 3550      3222E931 
 3551 0610 24183550 		.ascii	"$\0305P\031\227rs\231B\027i\356\362\006/\265\305e~\343"
 3551      19977273 
 3551      99421769 
 3551      EEF2062F 
 3551      B5C5657E 
 3552 0625 7D99399A 		.ascii	"}\2319\232\214_\354\23724\375\260\222\363\300\013\272"
 3552      8C5FEC9F 
 3552      3234FDB0 
 3552      92F3C00B 
ARM GAS  C:\Users\nicx5\AppData\Local\Temp\ccjkJcxQ.s 			page 84


 3552      BA
 3553 0636 4137179D 		.ascii	"A7\027\235\257&\037\300oQ\2258\026\325Q^\2129\307\236"
 3553      AF261FC0 
 3553      6F519538 
 3553      16D5515E 
 3553      8A39C79E 
 3554 064a 64418FAD 		.ascii	"dA\217\255-\250\324\220\017\370K\213\\\340\024\323f"
 3554      2DA8D490 
 3554      0FF84B8B 
 3554      5CE014D3 
 3554      66
 3555 065b 7D7DB737 		.ascii	"}}\2677cE\244aS\343\206'\254\254\016p\201\010\277\317"
 3555      6345A461 
 3555      53E38627 
 3555      ACAC0E70 
 3555      8108BFCF 
 3556 066f E37AF058 		.ascii	"\343z\360X\207\245\221qA\245K\036\026\312U\322\335`"
 3556      87A59171 
 3556      41A54B1E 
 3556      16CA55D2 
 3556      DD60
 3557 0681 033C2251 		.ascii	"\003<\"Q3\301\245\3168U\252\0115\333\262\376\244\377"
 3557      33C1A5CE 
 3557      3855AA09 
 3557      35DBB2FE 
 3557      A4FF
 3558 0693 4E60A067 		.ascii	"N`\240gQs\203Jy-K\306^_SQ\231\327\374]\312\022\224y"
 3558      5173834A 
 3558      792D4BC6 
 3558      5E5F5351 
 3558      99D7FC5D 
 3559 06ab 5BCFD112 		.ascii	"[\317\321\022@\002\201W\215C\000\037\204G\010\260:\243"
 3559      40028157 
 3559      8D43001F 
 3559      844708B0 
 3559      3AA3
 3560 06bd FEF2B83A 		.ascii	"\376\362\270:\022\\\262\313\203\030jpg\322\371\314\357"
 3560      125CB2CB 
 3560      83186A70 
 3560      67D2F9CC 
 3560      EF
 3561 06ce AFE9249A 		.ascii	"\257\351$\232P\347h\011p,\020\000\000\305\270\000\373"
 3561      50E76809 
 3561      702C1000 
 3561      00C5B800 
 3561      FB
 3562 06df F5CB1954 		.ascii	"\365\313\031T\254\377U1\023\016\205M%\300f\303\\\345"
 3562      ACFF5531 
 3562      130E854D 
 3562      25C066C3 
 3562      5CE5
 3563 06f1 28ADCB2C 		.ascii	"(\255\313,\3342\030\327\024u,dbO\231h\037\327\374\316"
 3563      DC3218D7 
 3563      14752C64 
 3563      624F9968 
 3563      1FD7FCCE 
 3564 0705 CB28A2AE 		.ascii	"\313(\242\256<\331\352\0161:\311\253\367\336\257\370"
ARM GAS  C:\Users\nicx5\AppData\Local\Temp\ccjkJcxQ.s 			page 85


 3564      3CD9EA0E 
 3564      313AC9AB 
 3564      F7DEAFF8 
 3565 0715 DE68CB9D 		.ascii	"\336h\313\235\224\251\307B\262p\242:=\366\233G\3242"
 3565      94A9C742 
 3565      B270A23A 
 3565      3DF69B47 
 3565      D432
 3566 0727 1207BF28 		.ascii	"\022\007\277(\262\207\252o\003\032\305\322_\327\357"
 3566      B287AA6F 
 3566      031AC5D2 
 3566      5FD7EF
 3567 0736 8CA9D873 		.ascii	"\214\251\330s7\261P6A\001\276\330\023dd \367\006\376"
 3567      37B15036 
 3567      4101BED8 
 3567      13646420 
 3567      F706FE
 3568 0749 E5D98EF0 		.ascii	"\345\331\216\360\001\031\353\3730\332\236\352L\002["
 3568      0119EBFB 
 3568      30DA9EEA 
 3568      4C025B
 3569 0758 2DE331EE 		.ascii	"-\3431\356w\255\367\022Y\247\274+\312\377\030\322/\320"
 3569      77ADF712 
 3569      59A7BC2B 
 3569      CAFF18D2 
 3569      2FD0
 3570 076a 58C5121A 		.ascii	"X\305\022\032\356\220S\356\342\223\"\012\265\275A\275"
 3570      EE9053EE 
 3570      E293220A 
 3570      B5BD41BD 
 3571 077a 9AC7489A 		.ascii	"\232\307H\232\014\241s\267\351%H\031\276S\251\003{3"
 3571      0CA173B7 
 3571      E9254819 
 3571      BE53A903 
 3571      7B33
 3572 078c B6A69E38 		.ascii	"\266\246\2368Z(sU\362\001\302b\312Q\027\006O\0117\037"
 3572      5A287355 
 3572      F201C262 
 3572      CA511706 
 3572      4F09371F 
 3573 07a0 2A93FEF7 		.ascii	"*\223\376\367n\217\233\207^4\227\311@\010\032\031\336"
 3573      6E8F9B87 
 3573      5E3497C9 
 3573      40081A19 
 3573      DE
 3574 07b1 C5F11AC8 		.ascii	"\305\361\032\310\343J\344r\370\340\026W\263GS7rp[\235"
 3574      E34AE472 
 3574      F8E01657 
 3574      B3475337 
 3574      72705B9D 
 3575 07c5 044D7CA6 		.ascii	"\004M|\246D\031\245\354s\226\350"
 3575      4419A5EC 
 3575      7396E8
 3576 07d0 1239B0B3 		.ascii	"\0229\260\263\024r\321P25X\32238\3032\003\\h>\342\206"
 3576      1472D150 
 3576      323558D2 
 3576      3338C332 
ARM GAS  C:\Users\nicx5\AppData\Local\Temp\ccjkJcxQ.s 			page 86


 3576      035C683E 
 3577 07e6 8C720896 		.ascii	"\214r\010\226\246\245\3624\340\235\250E\005\377\352"
 3577      A6A5F234 
 3577      E09DA845 
 3577      05FFEA
 3578 07f5 3D0E1ADF 		.ascii	"=\016\032\3373\342m\301\202\337% qY\354\230g\030o\037"
 3578      33E26DC1 
 3578      82DF2520 
 3578      7159EC98 
 3578      67186F1F 
 3579 0809 75EC1BAC 		.ascii	"u\354\033\254\355\013\233\217\025\256F\2307\2532'N\201"
 3579      ED0B9B8F 
 3579      15AE4698 
 3579      37AB3227 
 3579      4E81
 3580 081b 978A5A42 		.ascii	"\227\212ZBQDT$y^\253gw\335C}\331?\0301\262\214d\327"
 3580      51445424 
 3580      795EAB67 
 3580      77DD437D 
 3580      D93F1831 
 3581 0833 01529DDE 		.ascii	"\001R\235\336l\215\357\305\306=\314R\257dA\210g\267"
 3581      6C8DEFC5 
 3581      C63DCC52 
 3581      AF644188 
 3581      67B7
 3582 0845 4A057673 		.ascii	"J\005vs#\262\026\031\357\242\2277n\027^k\001\000[,\215"
 3582      23B21619 
 3582      EFA29737 
 3582      6E175E6B 
 3582      01005B2C 
 3583 085a BDFD0ED2 		.ascii	"\275\375\016\322\030\313\024\336\230\345\256\012&\230"
 3583      18CB14DE 
 3583      98E5AE0A 
 3583      2698
 3584 0868 DA00987A 		.ascii	"\332\000\230z\253\326\022\264\375\217\027\303s\264\311"
 3584      ABD612B4 
 3584      FD8F17C3 
 3584      73B4C9
 3585 0877 9C5F284B 		.ascii	"\234_(K\2323\003z\010\203n\013\337\021p{)Z\375\205("
 3585      9A33037A 
 3585      08836E0B 
 3585      DF11707B 
 3585      295AFD85 
 3586 088c BCD59DD3 		.ascii	"\274\325\235\323\272;\355\2767\013\225\252\031\267F"
 3586      BA3BEDBE 
 3586      370B95AA 
 3586      19B746
 3587 089b 46F1E90E 		.ascii	"F\361\351\016.\235\317\321x\034\356\022\021Y\343\316"
 3587      2E9DCFD1 
 3587      781CEE12 
 3587      1159E3CE 
 3588 08ab CA45408F 		.ascii	"\312E@\217\016\363]\265\310\353g\035\371op%\003\277"
 3588      0EF35DB5 
 3588      C8EB671D 
 3588      F96F7025 
 3588      03BF
 3589 08bd A51C1D58 		.ascii	"\245\034\035X\271N/\343\336\263\205\377Vi\015\177w<"
ARM GAS  C:\Users\nicx5\AppData\Local\Temp\ccjkJcxQ.s 			page 87


 3589      B94E2FE3 
 3589      DEB385FF 
 3589      56690D7F 
 3589      773C
 3590 08cf F647B22C 		.ascii	"\366G\262,\2217R\275\244n\276\365\3636\026\000\365\312"
 3590      913752BD 
 3590      A46EBEF5 
 3590      F3361600 
 3590      F5CA
 3591 08e1 C70E     		.ascii	"\307\016"
 3592              		.text
 3593              		.section	.gnu.lto_.jmpfuncs.1f2fea0a,"e",%progbits
 3594 0000 28B52FFD 		.ascii	"(\265/\375`\357\010=\017\0002\01700`k\222\0160Lm@\020"
 3594      60EF083D 
 3594      0F00320F 
 3594      3030606B 
 3594      920E304C 
 3595 0017 1A9EA261 		.ascii	"\032\236\242a\003\000\000\000N\020\212\242\340K\320"
 3595      03000000 
 3595      4E108AA2 
 3595      E04BD0
 3596 0026 9171E363 		.ascii	"\221q\343c\035\206\341\274,\313b\037\332o\277\244\225"
 3596      1D86E1BC 
 3596      2CCB621F 
 3596      DA6FBFA4 
 3596      95
 3597 0037 DEFEFE84 		.ascii	"\336\376\376\204\310$\003\264\210* \212W?\301$\"2\020"
 3597      C82403B4 
 3597      882A208A 
 3597      573FC124 
 3597      223210
 3598 004a 7CD83834 		.ascii	"|\330840,($ \034\030|>\207)34\\dN\201\222:\235\316\321"
 3598      302C2824 
 3598      201C187C 
 3598      3E872933 
 3598      345C644E 
 3599 0064 290AE552 		.ascii	")\012\345R\336\236E\020r\011e^z\317\321=\303\\\226\345"
 3599      DE9E4510 
 3599      7209655E 
 3599      7ACFD13D 
 3599      C35C96E5 
 3600 0078 6E806BB1 		.ascii	"n\200k\261\217[\217Y\233\000A\276\036\300\216\347\230"
 3600      8F5B8F59 
 3600      9B0041BE 
 3600      1EC08EE7 
 3600      98
 3601 0089 DCB8B675 		.ascii	"\334\270\266um\353[\250\275\256\3320\000f\255P\270\306"
 3601      6DEB5BA8 
 3601      BDAEDA30 
 3601      0066AD50 
 3601      B8C6
 3602 009b 959BCDD1 		.ascii	"\225\233\315\321\225MT\311?\326,_\011i\231\246izI|I"
 3602      954D54C9 
 3602      3FD62C5F 
 3602      096999A6 
 3602      697A497C 
 3603 00b0 936CAB90 		.ascii	"\223l\253\220\246\015jS}2-Y\252M\275\202\332\256T%\347"
ARM GAS  C:\Users\nicx5\AppData\Local\Temp\ccjkJcxQ.s 			page 88


 3603      A60D6A53 
 3603      7D322D59 
 3603      AA4DBD82 
 3603      DAAE5425 
 3604 00c5 57FD523D 		.ascii	"W\375R=/X\031\011\200\203\2501mW[P\220\302\036\007\220"
 3604      2F581909 
 3604      8083A831 
 3604      6D575B50 
 3604      90C21E07 
 3605 00da A29921A3 		.ascii	"\242\231!\243y\022`\341\300\020C\221\014D@(\0223R1\301"
 3605      791260E1 
 3605      C0104391 
 3605      0C444028 
 3605      12335231 
 3606 00ef 4C343112 		.ascii	"L41\022C\001mj\014\245\360\2364\352\352\374\\\3751\202"
 3606      43016D6A 
 3606      0CA5F09E 
 3606      34EAEAFC 
 3606      5CFD3182 
 3607 0103 EF794595 		.ascii	"\357yE\225[/\235\177j?Q\237\311+\020y\353\217%\014\270"
 3607      5B2F9D7F 
 3607      6A3F519F 
 3607      C92B1079 
 3607      EB8F250C 
 3608 0118 7673DA5C 		.ascii	"vs\332\\K\234y\324\200Q\201\2230\372\264\333][\026y"
 3608      4B9C79D4 
 3608      80518193 
 3608      30FAB4DB 
 3608      5D5B1679 
 3609 012c D556B1A5 		.ascii	"\325V\261\245c\236SE\"mU\024z(R{j\311\225\373\214d\300"
 3609      639E5345 
 3609      226D5514 
 3609      7A28527B 
 3609      6AC995FB 
 3610 0143 FEB9E8E3 		.ascii	"\376\271\350\343\223\303\000x\371u\342\245\231\016\362"
 3610      93C30078 
 3610      F975E2A5 
 3610      990EF2
 3611 0152 8B121578 		.ascii	"\213\022\025xZ\263\303\254^\2710\264\372\014;\301\263"
 3611      5AB3C3AC 
 3611      5EB930B4 
 3611      FA0C3BC1 
 3611      B3
 3612 0163 A9469B20 		.ascii	"\251F\233 \201'\325\313Ei\213\343k\004[Rj%\020\015\266"
 3612      8127D5CB 
 3612      45698BE3 
 3612      6B045B52 
 3612      6A25100D 
 3613 0178 2B63304C 		.ascii	"+c0Ln\350T\323b\323l\032'\277\253\353\225\262~\215\355"
 3613      6EE854D3 
 3613      62D36C1A 
 3613      27BFABEB 
 3613      95B27E8D 
 3614 018d B78E8E5A 		.ascii	"\267\216\216Z\011\366\255\315\214*\351\240\344\030\212"
 3614      09F6ADCD 
 3614      8C2AE9A0 
 3614      E4188A
ARM GAS  C:\Users\nicx5\AppData\Local\Temp\ccjkJcxQ.s 			page 89


 3615 019c 41446320 		.ascii	"ADc \364\236\211(\302T\255\374\232r@\315{S6\327\002"
 3615      F49E8928 
 3615      C254ADFC 
 3615      9A7240CD 
 3615      7B5336D7 
 3616 01b1 780C4194 		.ascii	"x\014A\224r\353\217/\312$r\254\236\013TJ\366\017k\330"
 3616      72EB8F2F 
 3616      CA2472AC 
 3616      9E0B544A 
 3616      F60F6BD8 
 3617 01c5 158FECBC 		.ascii	"\025\217\354\274\236\032\347\241\000\274jWG\020\035"
 3617      9E1AE7A1 
 3617      00BC6A57 
 3617      47101D
 3618 01d4 5DE1CAD8 		.ascii	"]\341\312\330m\216O\2257\321E\001G$\215D*\205-\253<"
 3618      6D8E4F95 
 3618      37D14501 
 3618      47248D44 
 3618      2A852DAB 
 3619 01e9 FF8CA5AA 		.ascii	"\377\214\245\252i\012\324\031"
 3619      690AD419 
 3620              		.text
 3621              		.section	.gnu.lto_.pureconst.1f2fea0a,"e",%progbits
 3622 0000 28B52FFD 		.ascii	"(\265/\375 \203\365\002\0002\210\026\033PW\206\0030"
 3622      2083F502 
 3622      00328816 
 3622      1B505786 
 3622      0330
 3623 0012 3345CCCC 		.ascii	"3E\314\314\314\314\314\314lDUUUUUUUU,5Bv^r\222\217\\"
 3623      CCCCCCCC 
 3623      6C445555 
 3623      55555555 
 3623      55552C35 
 3624 002d E42107F9 		.ascii	"\344!\007\371\307=\336q\034\267q\032\227q\030wq\213"
 3624      C73DDE71 
 3624      1CB7711A 
 3624      97711877 
 3624      718B
 3625 003f AB38C54D 		.ascii	"\2538\305M\\\342\021\207\370\303\035\336p\206/\\\341"
 3625      5CE21187 
 3625      F8C31DDE 
 3625      70862F5C 
 3625      E1
 3626 0050 0947F8C1 		.ascii	"\011G\370\301\031\274\340\010>p\002\017\270\016\360"
 3626      19BCE008 
 3626      3E70020F 
 3626      B80EF0
 3627 005f CA295FA6 		.ascii	"\312)_\246\265\326)\000"
 3627      B5D62900 
 3628              		.text
 3629              		.section	.gnu.lto_.ipa_modref.1f2fea0a,"e",%progbits
 3630 0000 28B52FFD 		.ascii	"(\265/\375`1\010-\024\000\026\224?1p\211\322\001\374"
 3630      6031082D 
 3630      14001694 
 3630      3F317089 
 3630      D201FC
 3631 0013 1F5A9771 		.ascii	"\037Z\227q_\274\233:1\354\247\033k_\275\271\376\177"
ARM GAS  C:\Users\nicx5\AppData\Local\Temp\ccjkJcxQ.s 			page 90


 3631      5FBC9B3A 
 3631      31ECA71B 
 3631      6B5FBDB9 
 3631      FE7F
 3632 0025 96FEFFFB 		.ascii	"\226\376\377\373\014\320\007\376o\373\237\224o@O\024"
 3632      0CD007FE 
 3632      6FFB9F94 
 3632      6F404F14 
 3633 0035 6C28F09F 		.ascii	"l(\360\2374\271\267L2\005+\0001\0005\000\266\257\324"
 3633      34B9B74C 
 3633      32052B00 
 3633      31003500 
 3633      B6AFD4
 3634 0048 4DBF67A7 		.ascii	"M\277g\247\361\331\231i\352\351\311\357\026\241\317"
 3634      F1D99969 
 3634      EAE9C9EF 
 3634      16A1CF
 3635 0057 B56EA7F5 		.ascii	"\265n\247\365\264\344N\367t\365\367\032t:\375x:r\265"
 3635      B4E44EF7 
 3635      74F5F71A 
 3635      743AFD78 
 3635      3A72B5
 3636 006a FD486BCC 		.ascii	"\375Hk\314\310\004\020\002\263\334=\035\005pc\317\220"
 3636      C8041002 
 3636      B3DC3D1D 
 3636      057063CF 
 3636      90
 3637 007b B645F81E 		.ascii	"\266E\370\036\365\367\354t\361\334u\346\354\323\324"
 3637      F5F7EC74 
 3637      F1DC75E6 
 3637      ECD3D4
 3638 008a E01B777C 		.ascii	"\340\033w|\217\223\324\240\336\255\355\305\310\256\355"
 3638      8F93D4A0 
 3638      DEADEDC5 
 3638      C8AEED
 3639 0099 25A97D7C 		.ascii	"%\251}|W\015\2632\357=Z\330-\356\234\316\325\036\324"
 3639      570DB332 
 3639      EF3D5AD8 
 3639      2DEE9CCE 
 3639      D51ED4
 3640 00ac 0BB642B9 		.ascii	"\013\266B\271\223\272\323\361;\362\314\371\346\352\215"
 3640      93BAD3F1 
 3640      3BF2CCF9 
 3640      E6EA8D
 3641 00bb 60AD5031 		.ascii	"`\255P1\235\326\3201\260\276T\340\241l\202\362\\\017"
 3641      9DD6D031 
 3641      B0BE54E0 
 3641      A16C82F2 
 3641      5C0F
 3642 00cd D854C053 		.ascii	"\330T\300S\210@\017\241\030\316L\2636\344\351KC2\254"
 3642      88400FA1 
 3642      18CE4CB3 
 3642      36E4E94B 
 3642      4332AC
 3643 00e0 2D2D985A 		.ascii	"--\230Z\211+df}\227\260\306\034am_\332(1\317R\241L\254"
 3643      892B6466 
 3643      7D97B0C6 
ARM GAS  C:\Users\nicx5\AppData\Local\Temp\ccjkJcxQ.s 			page 91


 3643      1C616D5F 
 3643      DA2831CF 
 3644 00f8 CD4BAA8D 		.ascii	"\315K\252\215@<\227\036D\013\247s\251\301F\004\3728"
 3644      403C971E 
 3644      440BA773 
 3644      A9C14604 
 3644      FA38
 3645 010a 3880B6A8 		.ascii	"8\200\266\250\261I\033\"Ij\244\355p\002\021\031\253"
 3645      B1491B22 
 3645      496AA4ED 
 3645      70021119 
 3645      AB
 3646 011b EA011240 		.ascii	"\352\001\022@C!\305s<\260D\002\011D$\020\031e\024\244"
 3646      4321C573 
 3646      3CB04402 
 3646      09442410 
 3646      196514A4 
 3647 012f 24A9742C 		.ascii	"$\251t,~q\244\340\236\356N\360e\001M\325\025\220E\355"
 3647      7E71A4E0 
 3647      9EEE4EF0 
 3647      65014DD5 
 3647      159045ED 
 3648 0143 21DA0E90 		.ascii	"!\332\016\220|K2\343\214J\227\243\203\031y\252S@8\331"
 3648      7C4B32E3 
 3648      8C4A97A3 
 3648      831979AA 
 3648      534038D9 
 3649 0157 E471FFA8 		.ascii	"\344q\377\250\262\304\263\332\000Ot\367I \021r\274,"
 3649      B2C4B3DA 
 3649      004F74F7 
 3649      49201172 
 3649      BC2C
 3650 0169 679BA521 		.ascii	"g\233\245!\327N\320\204\243\253\0025\020(\307\225\274"
 3650      D74ED084 
 3650      A3AB0235 
 3650      1028C795 
 3650      BC
 3651 017a B4BC4D4F 		.ascii	"\264\274MOa\325\256B\313\276\324\032\017\002\016>\366"
 3651      61D5AE42 
 3651      CBBED41A 
 3651      0F020E3E 
 3651      F6
 3652 018b 1E581C70 		.ascii	"\036X\034p\371\361kG\036\243Y\372\320\247\015\366\361"
 3652      F9F16B47 
 3652      1EA359FA 
 3652      D0A70DF6 
 3652      F1
 3653 019c 26680C68 		.ascii	"&h\014h|\222\232\336\024\324\217^b\323$\262N\231;fX"
 3653      7C929ADE 
 3653      14D48F5E 
 3653      62D324B2 
 3653      4E993B66 
 3654 01b1 875EC093 		.ascii	"\207^\300\223\005\250\374Q\321\006\353\267\3250I\267"
 3654      05A8FC51 
 3654      D106EBB7 
 3654      D53049B7 
 3655 01c1 D8AFD35B 		.ascii	"\330\257\323[\266IF\371\370\216\177\000\322b\023\304"
ARM GAS  C:\Users\nicx5\AppData\Local\Temp\ccjkJcxQ.s 			page 92


 3655      B64946F9 
 3655      F88E7F00 
 3655      D26213C4 
 3656 01d1 48C289A1 		.ascii	"H\302\211\241)\013-T)Y\230]\203k\022C\027\205\342\310"
 3656      290B2D54 
 3656      2959985D 
 3656      836B1243 
 3656      1785E2C8 
 3657 01e5 F55E1760 		.ascii	"\365^\027`\261\030\316\343:kT\236\326!O\312i\237\001"
 3657      B118CEE3 
 3657      3A6B549E 
 3657      D6214FCA 
 3657      699F01
 3658 01f8 9D4C5DCE 		.ascii	"\235L]\316\243\027%x\341\2003\217u^}\011\240\304\023"
 3658      A3172578 
 3658      E180338F 
 3658      755E7D09 
 3658      A0C413
 3659 020b CF4654CF 		.ascii	"\317FT\317\263\010\265c\010<WP\001\031%\220\363\343"
 3659      B308B563 
 3659      083C5750 
 3659      01192590 
 3659      F3E3
 3660 021d DAAE74E6 		.ascii	"\332\256t\346\214\374K\006\356\213\351xn$\362]Ao\333"
 3660      8CFC4B06 
 3660      EE8BE978 
 3660      6E24F25D 
 3660      416FDB
 3661 0230 2F66F758 		.ascii	"/f\367X\227\324i\300\372\223i\007\320\010cW\\M\033\206"
 3661      97D469C0 
 3661      FA936907 
 3661      D0086357 
 3661      5C4D1B86 
 3662 0244 BE36C374 		.ascii	"\2766\303t\004\037|`$#\333\016\234\036E\374uP\376pb"
 3662      041F7C60 
 3662      2423DB0E 
 3662      9C1E45FC 
 3662      7550FE70 
 3663 0259 13F614C3 		.ascii	"\023\366\024\303\011T\015L\035\311\240\230\345^k\276"
 3663      09540D4C 
 3663      1DC9A098 
 3663      E55E6BBE 
 3664 0269 666F79D2 		.ascii	"foy\322\272\361\024\322\214`X\327\321\240\017.\246\021"
 3664      BAF114D2 
 3664      8C6058D7 
 3664      D1A00F2E 
 3664      A611
 3665 027b 48EE5E00 		.ascii	"H\356^\000\230\250\230\350T\2710\303\335?]R\300uU\240"
 3665      98A898E8 
 3665      54B930C3 
 3665      DD3F5D52 
 3665      C07555A0 
 3666              		.text
 3667              		.section	.gnu.lto_.lto.1f2fea0a,"e",%progbits
 3668 0000 0D000100 		.ascii	"\015\000\001\000\001\000\001\000"
 3668      01000100 
 3669              		.text
ARM GAS  C:\Users\nicx5\AppData\Local\Temp\ccjkJcxQ.s 			page 93


 3670              		.section	.gnu.lto_HAL_QSPI_Init.335.1f2fea0a,"e",%progbits
 3671 0000 28B52FFD 		.ascii	"(\265/\375`|\010\275*\000\352I\030\020C`^N:)\354\022"
 3671      607C08BD 
 3671      2A00EA49 
 3671      18104360 
 3671      5E4E3A29 
 3672 0016 9748822F 		.ascii	"\227H\202/\2309\007%\365lZ\031\033\016\343\231A\377"
 3672      98390725 
 3672      F56C5A19 
 3672      1B0EE399 
 3672      41FF
 3673 0028 884547C5 		.ascii	"\210EG\305k\310\247\307]B\243\274\204\205\215b\003O"
 3673      6BC8A7C7 
 3673      5D42A3BC 
 3673      84858D62 
 3673      034F
 3674 003a 868C7CC4 		.ascii	"\206\214|\304q2>\345\357\007X\177\\x(\215\032[\333D"
 3674      71323EE5 
 3674      EF07587F 
 3674      5C78288D 
 3674      1A5BDB44 
 3675 004e 9A943205 		.ascii	"\232\2242\005\363\000\321\000\360\000]\226\211\030*"
 3675      F300D100 
 3675      F0005D96 
 3675      89182A
 3676 005d B556E11D 		.ascii	"\265V\341\035\027\261:X\315{\307E\014Am;e\300\265\363"
 3676      17B13A58 
 3676      CD7BC745 
 3676      0C416D3B 
 3676      65C0B5F3 
 3677 0071 91676649 		.ascii	"\221gfI\015\026\363\332\315\3309\032\010j\323\331\023"
 3677      0D16F3DA 
 3677      CDD8391A 
 3677      086AD3D9 
 3677      13
 3678 0082 47656FCD 		.ascii	"Geo\315\257\226\031\277p\315\375\307\276Y\226\356\302"
 3678      AF9619BF 
 3678      70CDFDC7 
 3678      BE5996EE 
 3678      C2
 3679 0093 037AB056 		.ascii	"\003z\260Vi,\252p\236~\344\245\031\003\256y \020\326"
 3679      692CAA70 
 3679      9E7EE4A5 
 3679      1903AE79 
 3679      2010D6
 3680 00a6 9F142B22 		.ascii	"\237\024+\"#\002\205\203\307\232\275Z\225\011\326|\021"
 3680      23028583 
 3680      C79ABD5A 
 3680      9509D67C 
 3680      11
 3681 00b7 78400F8B 		.ascii	"x@\017\213\371_+{el\347h\374\250\326\2765cjU*\270\007"
 3681      F95F2B7B 
 3681      656CE768 
 3681      FCA8D6BE 
 3681      35636A55 
 3682 00ce E09AC355 		.ascii	"\340\232\303U:\327\374-\322\271\346\3777x0v#\223\331"
 3682      3AD7FC2D 
ARM GAS  C:\Users\nicx5\AppData\Local\Temp\ccjkJcxQ.s 			page 94


 3682      D2B9E6FF 
 3682      37783076 
 3682      2393D9
 3683 00e1 51A99467 		.ascii	"Q\251\224g\006\210\027@\265*\255\372m\215\013\244\247"
 3683      06881740 
 3683      B52AADFA 
 3683      6D8D0BA4 
 3683      A7
 3684 00f2 F96B367E 		.ascii	"\371k6~\205\324j,\220\327\226\002\331sH\015\3557\244"
 3684      85D46A2C 
 3684      90D79602 
 3684      D973480D 
 3684      ED37A4
 3685 0105 5BB6A176 		.ascii	"[\266\241v\306\346\342m\210@|\220j>\366\367\233\332"
 3685      C6E6E26D 
 3685      88407C90 
 3685      6A3EF6F7 
 3685      9BDA
 3686 0117 23E36748 		.ascii	"#\343gH\315\354\247\224\003\016)T+\343\3769\220\222"
 3686      CDECA794 
 3686      030E2954 
 3686      2BE3FE39 
 3686      9092
 3687 0129 066648ED 		.ascii	"\006fH\355\370\023\342\375\201\262t\033\365D\307\032"
 3687      F813E2FD 
 3687      81B2741B 
 3687      F544C71A 
 3688 0139 339D506B 		.ascii	"3\235Pk=#\325v\354\203\373?\355\277\215\037\210\"&\267"
 3688      3D23D576 
 3688      EC83FB3F 
 3688      EDBF8D1F 
 3688      882226B7 
 3689 014d 535BB2AE 		.ascii	"S[\262\256\217\3577>\363\215\316\234\\\22376*$TD\004"
 3689      8FEF373E 
 3689      F38DCE9C 
 3689      5C933736 
 3689      2A245444 
 3690 0162 F592BE3E 		.ascii	"\365\222\276>\322\304\356N\267\333\177\032'\261\247"
 3690      D2C4EE4E 
 3690      B7DB7F1A 
 3690      27B1A7
 3691 0171 B4DC29E3 		.ascii	"\264\334)\343A\357%zR\275\311\035\222\361\362B\374\273"
 3691      41EF257A 
 3691      52BDC91D 
 3691      92F1F242 
 3691      FCBB
 3692 0183 F0E2454A 		.ascii	"\360\342EJ\365\352\0219\266\331\245\344\226n\221\226"
 3692      F5EA1139 
 3692      B6D9A5E4 
 3692      966E9196 
 3693 0193 38895379 		.ascii	"8\211Syy\345q\177\265\335\276\277\332m\377*\367T;\267"
 3693      79E5717F 
 3693      B5DDBEBF 
 3693      DA6DFF2A 
 3693      F7543BB7 
 3694 01a7 4BDCE45E 		.ascii	"K\334\344^\352|\003\224\037E\371C\312/@\371P\224O\200"
 3694      EA7C0394 
ARM GAS  C:\Users\nicx5\AppData\Local\Temp\ccjkJcxQ.s 			page 95


 3694      1F45F943 
 3694      CA2F40F9 
 3694      50944F80 
 3695 01bb F29F28DF 		.ascii	"\362\237(\337\211\362\233(\177\000\3453Q\376\022\345"
 3695      89F29B28 
 3695      7F00E533 
 3695      51FE12E5 
 3696 01cb 0BA07C25 		.ascii	"\013\240|%\312O\242|$\312?\242|#\312/\242|\"\312\037"
 3696      CA4FA27C 
 3696      24CA3FA2 
 3696      7C23CA2F 
 3696      A27C22CA 
 3697 01e0 A2FC0094 		.ascii	"\242\374\000\224\017\340\344\013)_\210\362\203\224\017"
 3697      0FE0E40B 
 3697      295F88F2 
 3697      83940F
 3698 01ef A47C4AF9 		.ascii	"\244|J\371'\345\233\224\377;\371m\362\371\352\374\362"
 3698      27E59B94 
 3698      FF3BF96D 
 3698      F2F9EAFC 
 3698      F2
 3699 0200 A587043D 		.ascii	"\245\207\004=\265\016Y\002\252p\3142q\233\334U\356W"
 3699      B50E5902 
 3699      AA70CC32 
 3699      719BDC55 
 3699      EE57
 3700 0212 CBE2FDC2 		.ascii	"\313\342\375\302\317\330\272\357\226\015M\204a\363\340"
 3700      CFD8BAEF 
 3700      960D4D84 
 3700      61F3E0
 3701 0221 19A2CB41 		.ascii	"\031\242\313AqK<\001t\200;\\%\000\330)\002\205\035\264"
 3701      714B3C01 
 3701      74803B5C 
 3701      2500D829 
 3701      02851DB4 
 3702 0235 6AB264D2 		.ascii	"j\262d\322\030\221;\215'U\\\222^\345\023\013\265T\177"
 3702      18913B8D 
 3702      27555C92 
 3702      5EE5130B 
 3702      B5547F
 3703 0248 359CC325 		.ascii	"5\234\303%\236\033:\360\"\251\372W\327\332\354?\212"
 3703      9E1B3AF0 
 3703      22A9FA57 
 3703      D7DAEC3F 
 3703      8A
 3704 0259 D5137BEA 		.ascii	"\325\023{\352*lB\375\324V%(\330o\026\271\247\256\315"
 3704      2A6C42FD 
 3704      D4562528 
 3704      D86F16B9 
 3704      A7AECD
 3705 026c 0EF6A2F5 		.ascii	"\016\366\242\365\000\356\333\234\264\201\275g\202\216"
 3705      00EEDB9C 
 3705      B481BD67 
 3705      828E
 3706 027a CBB369EF 		.ascii	"\313\263i\357\231\220\017\313F\354\007\261kD\254yv0"
 3706      99900FCB 
 3706      46EC07B1 
ARM GAS  C:\Users\nicx5\AppData\Local\Temp\ccjkJcxQ.s 			page 96


 3706      6B44AC79 
 3706      7630
 3707 028c 49B45CD2 		.ascii	"I\264\\\322-\227x\376\332\354E[;\216X4$\316\204\225"
 3707      2D9778FE 
 3707      DAEC455B 
 3707      3B8E5834 
 3707      24CE8495 
 3708 02a0 F816CF35 		.ascii	"\370\026\3175\177\035\374M\254\231\"\260\326\332\035"
 3708      7F1DFC4D 
 3708      AC9922B0 
 3708      D6DA1D
 3709 02af 4C92C1E5 		.ascii	"L\222\301\3451\333\355n\227n\225\340\260\300!\033\263"
 3709      31DBED6E 
 3709      976E95E0 
 3709      B0C0211B 
 3709      B3
 3710 02c0 8B77145B 		.ascii	"\213w\024[F\214\211\255\326\372\251\266 d}\374\342-"
 3710      468C89AD 
 3710      D6FAA9B6 
 3710      20647DFC 
 3710      E22D
 3711 02d2 CBB9E9EB 		.ascii	"\313\271\351\353\262<\307\015\237\234\264\025;\367\216"
 3711      B23CC70D 
 3711      9F9CB415 
 3711      3BF78E
 3712 02e1 D86B5735 		.ascii	"\330kW5W\304\304\376\263\264x\221\037\226\265\331\253"
 3712      57C4C4FE 
 3712      B3B47891 
 3712      1F96B5D9 
 3712      AB
 3713 02f2 DE16F904 		.ascii	"\336\026\371\004\217\317o\305\311\377\326\202Y\001\254"
 3713      8FCF6FC5 
 3713      C9FFD682 
 3713      5901AC
 3714 0301 B50884EF 		.ascii	"\265\010\204\357\027#\\\027\360m\003`1\274\266\\ta\321"
 3714      17235C17 
 3714      F06D0360 
 3714      31BCB65C 
 3714      7461D1
 3715 0314 620CB02C 		.ascii	"b\014\260,\260\342\011\366\225\005Vd\241\325\005\026"
 3715      B0E209F6 
 3715      95055664 
 3715      A1D50516 
 3716 0324 BC8A050B 		.ascii	"\274\212\005\013\"di1\270\252\202\3422\257U\325\365"
 3716      22646931 
 3716      B8AA82E2 
 3716      32AF55D5 
 3716      F5
 3717 0335 A2082345 		.ascii	"\242\010#E\213,.\256\006W.\300\212VZ_\"\254Rp\240\220"
 3717      8B2C2EAE 
 3717      06572EC0 
 3717      8A565A5F 
 3717      22AC5270 
 3718 034b 21455858 		.ascii	"!EXX\204\014V\305\257-\031]_\027 <\314\253B\206\023"
 3718      840C56C5 
 3718      AF2D195D 
 3718      5F17203C 
ARM GAS  C:\Users\nicx5\AppData\Local\Temp\ccjkJcxQ.s 			page 97


 3718      CCAB4286 
 3719 0360 0DAE3A60 		.ascii	"\015\256:`\2118Qd\361\345E\342\204\004\014I\377\225"
 3719      89385164 
 3719      F1E545E2 
 3719      84040C49 
 3719      FF95
 3720 0372 64DB6DDF 		.ascii	"d\333m\337<%8(U/\335\032\305I\206\341]\343i\240s\374"
 3720      3C253828 
 3720      552FDD1A 
 3720      C54986E1 
 3720      5DE369A0 
 3721 0388 37D09F40 		.ascii	"7\320\237@\326h\300\245\355\266F(\347\277\305;VL\261"
 3721      D668C0A5 
 3721      EDB64628 
 3721      E7BFC53B 
 3721      564CB1
 3722 039b F531E59C 		.ascii	"\3651\345\234\304\251b\347o\214\3029H4\261U\261\365"
 3722      C4A962E7 
 3722      6F8CC239 
 3722      4834B155 
 3722      B1F5
 3723 03ad 7180248A 		.ascii	"q\200$\212o\354\022\317aG\215`\344\020P\201\3464\250"
 3723      6FEC12CF 
 3723      61478D60 
 3723      E4105081 
 3723      E634A8
 3724 03c0 66EA0204 		.ascii	"f\352\002\004\372\251\241\246\360\031\233\021p\352\246"
 3724      FAA9A1A6 
 3724      F0199B11 
 3724      70EAA6
 3725 03cf 7EAAC247 		.ascii	"~\252\302G&s*\032\320MWv9h\300\221o\320\022\317\245"
 3725      26732A1A 
 3725      D04D5776 
 3725      3968C091 
 3725      6FD012CF 
 3726 03e4 663262D9 		.ascii	"f2b\331@K\035L\326\315\021\320\307\245\324\001Z@R#\265"
 3726      404B1D4C 
 3726      D6CD11D0 
 3726      C7A5D401 
 3726      5A405223 
 3727 03f9 9231CBFE 		.ascii	"\2221\313\376\361\223t\324F\215Da\373\3609*j\2426\262"
 3727      F19374D4 
 3727      468D4461 
 3727      FBF0392A 
 3727      6AA236B2 
 3728 040d B07C7B45 		.ascii	"\260|{ELC\001\200\242\250a(I\025C#3\"2\222\024$\313"
 3728      4C430180 
 3728      A2A86128 
 3728      49154323 
 3728      33223292 
 3729 0424 01A0A291 		.ascii	"\001\240\242\221\252\262\015\021\3000\011\241\252\221"
 3729      AAB20D11 
 3729      C03009A1 
 3729      AA91
 3730 0432 24252996 		.ascii	"$%)\226\003\337\010|\346\271\313dG\337\225?a\366\357"
 3730      03DF087C 
 3730      E6B9CB64 
ARM GAS  C:\Users\nicx5\AppData\Local\Temp\ccjkJcxQ.s 			page 98


 3730      47DF953F 
 3730      61F6EF
 3731 0445 98EC4D70 		.ascii	"\230\354MpKB\341\222\025\342MN\264]\220$\031\245\224"
 3731      4B42E192 
 3731      15E24D4E 
 3731      B45D9024 
 3731      19A594
 3732 0458 4F347B57 		.ascii	"O4{W\021@\331k\321$\252\002\011\345\026\025\352\003"
 3732      1140D96B 
 3732      D124AA02 
 3732      09E51615 
 3732      EA03
 3733 046a 54E5083B 		.ascii	"T\345\010;\315\3437>\253\367o{\316@\373_\321\324u\261"
 3733      CDE3373E 
 3733      ABF76F7B 
 3733      CE40FB5F 
 3733      D1D475B1 
 3734 047e 703DC4F5 		.ascii	"p=\304\365\275R\351\026\214i\301F\334\223\252[@\262"
 3734      BD52E916 
 3734      8C69C146 
 3734      DC93AA5B 
 3734      40B2
 3735 0490 DEBA40BB 		.ascii	"\336\272@\273\177\260\243\312[Y\274\325\273\237\215"
 3735      7FB0A3CA 
 3735      5B59BCD5 
 3735      BB9F8D
 3736 049f 632466B3 		.ascii	"c$f\263\177\220\3604\204\010\015\320\252q\005\2666\270"
 3736      7F90F034 
 3736      84080DD0 
 3736      AA7105B6 
 3736      36B8
 3737 04b1 3ACE3EA6 		.ascii	":\316>\246$\304t\201I\307\332\224\322w3W\332A\"\005"
 3737      24C47481 
 3737      49C7DA94 
 3737      D2773357 
 3737      DA412205 
 3738 04c5 19955127 		.ascii	"\031\225Q'\011eX\347\227\226:\241!\326P\220\223\035"
 3738      096558E7 
 3738      97963AA1 
 3738      21D65090 
 3738      931D
 3739 04d7 C08305EA 		.ascii	"\300\203\005\352c2W\323\222\000\254O\177\240c\301Z\252"
 3739      633257D3 
 3739      9200AC4F 
 3739      7FA063C1 
 3739      5AAA
 3740 04e9 D64A98A8 		.ascii	"\326J\230\250\026 _\015%\200\331~w\300\267Cq\265I\004"
 3740      16205F0D 
 3740      2580D97E 
 3740      77C0B743 
 3740      71B54904 
 3741 04fd 842C4382 		.ascii	"\204,C\202\216\304\027\371:2\311\001\221\034\337k\014"
 3741      8EC417F9 
 3741      3A32C901 
 3741      911CDF6B 
 3741      0C
 3742 050e BC8CE21C 		.ascii	"\274\214\342\034\007\250L\242M\342\226\335V\210@~`\014"
ARM GAS  C:\Users\nicx5\AppData\Local\Temp\ccjkJcxQ.s 			page 99


 3742      07A84CA2 
 3742      4DE296DD 
 3742      5688407E 
 3742      600C
 3743 0520 6C94DD70 		.ascii	"l\224\335p\030z\226o\320\372\251YQl\240\006\002\307"
 3743      187A966F 
 3743      D0FAA959 
 3743      516CA006 
 3743      02C7
 3744 0532 656654E1 		.ascii	"efT\341}.\014\3650@\017\326@A-j\263\227\013\222jQw\221"
 3744      7D2E0CF5 
 3744      30400FD6 
 3744      40412D6A 
 3744      B3970B92 
 3745 054a DE6617A2 		.ascii	"\336f\027\242\376\260)\202D\355m\267]\007\304^w\024"
 3745      FEB02982 
 3745      44ED6DB7 
 3745      5D07C45E 
 3745      7714
 3746 055c 4FB389AC 		.ascii	"O\263\211\254\006"
 3746      06
 3747              		.text
 3748              		.section	.gnu.lto_HAL_QSPI_DeInit.336.1f2fea0a,"e",%progbits
 3749 0000 28B52FFD 		.ascii	"(\265/\375`\273\000\305\013\000\366USB\360T\225\016"
 3749      60BB00C5 
 3749      0B00F655 
 3749      5342F054 
 3749      950E
 3750 0012 58D04D8E 		.ascii	"X\320M\216L54k\232W5\264\213\"\220\313?\237\020+#\361"
 3750      4C35346B 
 3750      9A5735B4 
 3750      8B2290CB 
 3750      3F9F102B 
 3751 0028 02BD1670 		.ascii	"\002\275\026ps\233\260\216\217\000\301\354U\377g\363"
 3751      739BB08E 
 3751      8F00C1EC 
 3751      55FF67F3 
 3752 0038 1A002E33 		.ascii	"\032\000.3\024\211\201\003\030%\247\3006\363j\263\301"
 3752      14898103 
 3752      1825A7C0 
 3752      36F36AB3 
 3752      C1
 3753 0049 CC3642B6 		.ascii	"\3146B\266\224)\005@\000=\000=\000\3460h\031,\020{\215"
 3753      94290540 
 3753      003D003D 
 3753      00E63068 
 3753      192C107B 
 3754 005e 181E2728 		.ascii	"\030\036'(p\240\3149v\353\342\340\345*\350\227\204\256"
 3754      70A0CC39 
 3754      76EBE2E0 
 3754      E52AE897 
 3754      84AE
 3755 0070 4B8B89AF 		.ascii	"K\213\211\257L\220\342F\217\000\341K^\206\310Xq\361"
 3755      4C90E246 
 3755      8F00E14B 
 3755      5E86C858 
 3755      71F1
ARM GAS  C:\Users\nicx5\AppData\Local\Temp\ccjkJcxQ.s 			page 100


 3756 0082 3A2284A9 		.ascii	":\"\204\251V>sN\253,,qo\267\015\262\355\331F\022_\253"
 3756      563E734E 
 3756      AB2C2C71 
 3756      6FB70DB2 
 3756      EDD94612 
 3757 0098 75D5AF70 		.ascii	"u\325\257pFr\234\310\320\346T\221\2022\177l;`\330\276"
 3757      46729CC8 
 3757      D0E65491 
 3757      82327F6C 
 3757      3B60D8BE 
 3758 00ac FD1A2D1B 		.ascii	"\375\032-\033\200\215\300d\244z\321\237q\032\255\327"
 3758      808DC064 
 3758      A47AD19F 
 3758      711AADD7 
 3759 00bc 581E30E7 		.ascii	"X\0360\347\021\037's\216\012L\301\362\355\3001\3347"
 3759      111F2773 
 3759      8E0A4CC1 
 3759      F2EDC031 
 3759      DC37
 3760 00ce F90BF7CD 		.ascii	"\371\013\367\315v\002\204\264\240\351\017r\272$l\353"
 3760      760284B4 
 3760      A0E90F72 
 3760      BA246CEB 
 3761 00de FA136245 		.ascii	"\372\023bEHNwm\017 \364\262\257\334\230\0021\321Adw"
 3761      484E776D 
 3761      0F20F4B2 
 3761      AFDC9802 
 3761      31D14164 
 3762 00f3 669BC5ED 		.ascii	"f\233\305\355fl\024\201i\022_\374%\306\213 SS<\272t"
 3762      666C1481 
 3762      69125FFC 
 3762      25C68B20 
 3762      53533CBA 
 3763 0108 67BE9CCB 		.ascii	"g\276\234\313\302~\355\001\266\260\331xL\247\005\035"
 3763      C27EED01 
 3763      B6B0D978 
 3763      4CA7051D 
 3764 0118 8D01D4E6 		.ascii	"\215\001\324\346\223&\265\341\343P\312`B\2418\035\015"
 3764      9326B5E1 
 3764      E350CA60 
 3764      42A1381D 
 3764      0D
 3765 0129 1DBEEEE4 		.ascii	"\035\276\356\344\211\272\222\004P\250\264ZyB\335\347"
 3765      89BA9204 
 3765      50A8B45A 
 3765      7942DDE7 
 3766 0139 5DF890F2 		.ascii	"]\370\220\362 4\360J\365 D\342t&\214D\244\017\203\247"
 3766      2034F04A 
 3766      F52044E2 
 3766      74268C44 
 3766      A40F83A7 
 3767 014d AA407210 		.ascii	"\252@r\020\201\200\355q^\356\367\342\003\017\000?I`"
 3767      8180ED71 
 3767      5EEEF7E2 
 3767      030F003F 
 3767      4960
 3768 015f E1CF73F9 		.ascii	"\341\317s\371\234xv\263=\340\355\017\353J\250K\250["
ARM GAS  C:\Users\nicx5\AppData\Local\Temp\ccjkJcxQ.s 			page 101


 3768      9C7876B3 
 3768      3DE0ED0F 
 3768      EB4AA84B 
 3768      A85B
 3769 0171 4BCD2305 		.ascii	"K\315#\005;Z\263~\304\304i\352>\032\203\332\003"
 3769      3B5AB37E 
 3769      C4C469EA 
 3769      3E1A83DA 
 3769      03
 3770              		.text
 3771              		.section	.gnu.lto_HAL_QSPI_MspInit.337.1f2fea0a,"e",%progbits
 3772 0000 28B52FFD 		.ascii	"(\265/\375`=\000m\010\000\"\217:: s\323\001\030\037"
 3772      603D006D 
 3772      0800228F 
 3772      3A3A2073 
 3772      D301181F 
 3773 0014 18001C6C 		.ascii	"\030\000\034lr\013\021\034\271Y\240\030%\202yYu\230"
 3773      720B111C 
 3773      B959A018 
 3773      25827959 
 3773      7598
 3774 0026 56644B0B 		.ascii	"VdK\013\300p\265\005\225n\023E\005\370\201b\347\201"
 3774      C070B505 
 3774      956E1345 
 3774      05F88162 
 3774      E781
 3775 0038 ACBC9E9F 		.ascii	"\254\274\236\237\003\334\013\226\177`\3504\261{\313"
 3775      03DC0B96 
 3775      7F60E834 
 3775      B17BCB
 3776 0047 14D6188D 		.ascii	"\024\326\030\215J(\260\201\023)\204\231AQ\352c\004\371"
 3776      4A28B081 
 3776      13298499 
 3776      4151EA63 
 3776      04F9
 3777 0059 3A506148 		.ascii	":PaH\342<B\306\015\024M\333g!\321}$Y\352\266Q\334\020"
 3777      E23C42C6 
 3777      0D144DDB 
 3777      6721D17D 
 3777      2459EAB6 
 3778 0070 4989140E 		.ascii	"I\211\024\016&U\023\235G\342.N&o\344\020U\031\336C\305"
 3778      2655139D 
 3778      47E22E4E 
 3778      266FE410 
 3778      5519DE43 
 3779 0085 816DF3EB 		.ascii	"\201m\363\353\212\275H\252\211\253\253\207\347\364\264"
 3779      8ABD48AA 
 3779      89ABAB87 
 3779      E7F4B4
 3780 0094 B9A215C6 		.ascii	"\271\242\025\306\013\372\177\327\027\233j\347I\012\304"
 3780      0BFA7FD7 
 3780      179B6AE7 
 3780      490AC4
 3781 00a3 CFDF72C2 		.ascii	"\317\337r\302\376\312rdl\257\200\035r9-\265wfi\312\255"
 3781      FECA7264 
 3781      6CAF801D 
 3781      72392DB5 
ARM GAS  C:\Users\nicx5\AppData\Local\Temp\ccjkJcxQ.s 			page 102


 3781      776669CA 
 3782 00b8 1971C11F 		.ascii	"\031q\301\037\323\301\371M\006c\004l\266\260\010\332"
 3782      D3C1F94D 
 3782      0663046C 
 3782      B6B008DA 
 3783 00c8 66A035D0 		.ascii	"f\2405\3206si\373$\224\374\003+;*7\260\377[\215\331"
 3783      367369FB 
 3783      2494FC03 
 3783      2B3B2A37 
 3783      B0FF5B8D 
 3784 00dd 7269E95D 		.ascii	"ri\351]\233%`\265VK\001\"\376\233\262Z(\353\272\266"
 3784      9B2560B5 
 3784      564B0122 
 3784      FE9BB25A 
 3784      28EBBAB6 
 3785 00f1 43B645DB 		.ascii	"C\266E\333,\001\014\000?I`\341\317s\371\234xv\263=\300"
 3785      2C010C00 
 3785      3F4960E1 
 3785      CF73F99C 
 3785      7876B33D 
 3786 0106 6BCA42AF 		.ascii	"k\312B\257\354b\313x\326j\012\270\313\213v\222\001"
 3786      EC62CB78 
 3786      D66A0AB8 
 3786      CB8B7692 
 3786      01
 3787              		.text
 3788              		.section	.gnu.lto_HAL_QSPI_MspDeInit.338.1f2fea0a,"e",%progbits
 3789 0000 28B52FFD 		.ascii	"(\265/\375`=\000e\010\000\"O::0q\323\001\000\373\344"
 3789      603D0065 
 3789      0800224F 
 3789      3A3A3071 
 3789      D30100FB 
 3790 0015 708C871C 		.ascii	"p\214\207\034R\273T\013:(\344\007\015\225\347O>\245"
 3790      52BB540B 
 3790      3A28E407 
 3790      0D95E74F 
 3790      3EA5
 3791 0027 DA422BBD 		.ascii	"\332B+\275\352=:S\332$%\373\277\334\011\243u}\307\370"
 3791      EA3D3A53 
 3791      DA2425FB 
 3791      BFDC09A3 
 3791      757DC7F8 
 3792 003b A9C3D0A0 		.ascii	"\251\303\320\240qfw\267o\177o\231\002\306\020\211H'"
 3792      716677B7 
 3792      6F7F6F99 
 3792      02C61089 
 3792      4827
 3793 004d 90810B25 		.ascii	"\220\201\013%\204\231\301\020\252c\364\3706Na8\3428"
 3793      8499C110 
 3793      AA63F4F8 
 3793      364E6138 
 3793      E238
 3794 005f 3EC60D14 		.ascii	">\306\015\024K\333G\001\321}$I\352\266Q\314\000A\211"
 3794      4BDB4701 
 3794      D17D2449 
 3794      EAB651CC 
 3794      004189
ARM GAS  C:\Users\nicx5\AppData\Local\Temp\ccjkJcxQ.s 			page 103


 3795 0072 120D2653 		.ascii	"\022\015&S\021\2357\342*L%o\324\020S\027\236\303\204"
 3795      119D37E2 
 3795      2A4C256F 
 3795      D4105317 
 3795      9EC384
 3796 0085 81EDF36B 		.ascii	"\201\355\363k\352\274Dj\211\253y\203s\032\363\251\242"
 3796      EABC446A 
 3796      89AB7983 
 3796      731AF3A9 
 3796      A2
 3797 0096 95C5EBF9 		.ascii	"\225\305\353\371\177\327\025\233\202\\3-\315\365\253"
 3797      7FD7159B 
 3797      825C332D 
 3797      CDF5AB
 3798 00a5 C4607F65 		.ascii	"\304`\177e5.\2667\300\326HLK\355}Y\230r\315\020\023"
 3798      352EB637 
 3798      C0D6484C 
 3798      4BED7D59 
 3798      9872CD10 
 3799 00ba FC3B3634 		.ascii	"\374;64\377\271`\013\200\315\024\366\340\263\231g\013"
 3799      FFB9600B 
 3799      80CD14F6 
 3799      E0B39967 
 3799      0B
 3800 00cb 3E9BB9B4 		.ascii	">\233\271\264s\020F~\201\224\223\226\014\354\377V[\266"
 3800      7310467E 
 3800      81949396 
 3800      0CECFF56 
 3800      5BB6
 3801 00dd 5C5A7A37 		.ascii	"\\Zz7f\007V,\325R\320\303\177\323\025\313d]\327\266"
 3801      6607562C 
 3801      D552D0C3 
 3801      7FD315CB 
 3801      645DD7B6 
 3802 00f1 665BB48D 		.ascii	"f[\264\215\022\014\000?I`\341\317s\371\234xv\263=\300"
 3802      120C003F 
 3802      4960E1CF 
 3802      73F99C78 
 3802      76B33DC0 
 3803 0105 6BCA42AF 		.ascii	"k\312B\257\354b\313x\326j\012\270\313\213v\222\001"
 3803      EC62CB78 
 3803      D66A0AB8 
 3803      CB8B7692 
 3803      01
 3804              		.text
 3805              		.section	.gnu.lto_HAL_QSPI_IRQHandler.339.1f2fea0a,"e",%progbits
 3806 0000 28B52FFD 		.ascii	"(\265/\375`\203\033\255d\000\332\227\370!I \320Z\351"
 3806      60831BAD 
 3806      6400DA97 
 3806      F8214920 
 3806      D05AE9
 3807 0013 7DF9A6E0 		.ascii	"}\371\246\340]\260t\244\373\217~\263\037\306\216\312"
 3807      5DB074A4 
 3807      FB8F7EB3 
 3807      1FC68ECA 
 3808 0023 45886D82 		.ascii	"E\210m\202\241\034M.\300\330\004J\020\264\210Cvu\017"
 3808      A11C4D2E 
ARM GAS  C:\Users\nicx5\AppData\Local\Temp\ccjkJcxQ.s 			page 104


 3808      C0D8044A 
 3808      10B48843 
 3808      76750F
 3809 0036 74E7223E 		.ascii	"t\347\">F\273\246\232\331\352\031\327\340\312a\201$"
 3809      46BBA69A 
 3809      D9EA19D7 
 3809      E0CA6181 
 3809      24
 3810 0047 88232B18 		.ascii	"\210#+\030p\026M\005\2545\331d\313\235RJ\001\003\002"
 3810      70164D05 
 3810      AC35D964 
 3810      CB9D524A 
 3810      010302
 3811 005a CD012002 		.ascii	"\315\001 \002\326\031\311:\037\035\235?\034\235=\254"
 3811      D619C93A 
 3811      1F1D9D3F 
 3811      1C9D3DAC 
 3812 006a CE4647E7 		.ascii	"\316FG\347\016\326\271Hu&\262\316C\326Y(u\016\262\316"
 3812      0ED6B948 
 3812      7526B2CE 
 3812      43D65928 
 3812      750EB2CE 
 3813 007e 40D6F9C7 		.ascii	"@\326\371\307:\373X\347\236\2433\317\321\031\271:\257"
 3813      3AFB58E7 
 3813      9EA333CF 
 3813      D119B93A 
 3813      AF
 3814 008f 47E7A375 		.ascii	"G\347\243uVUgk\235S\353\374\251\263\247\316\335K\226"
 3814      5655676B 
 3814      9D53EBFC 
 3814      A9B3A7CE 
 3814      DD4B96
 3815 00a2 043B6062 		.ascii	"\004;`b\342\312\275n\321:7\321\222\301\322\317n\277"
 3815      E2CABD6E 
 3815      D13A37D1 
 3815      92C1D2CF 
 3815      6EBF
 3816 00b4 EEEB131A 		.ascii	"\356\353\023\032\220{\240\010\377\214\200\340\266\327"
 3816      907BA008 
 3816      FF8C80E0 
 3816      B6D7
 3817 00c2 65877E18 		.ascii	"e\207~\030$\221$\257\022\267g\226#k[\2507<\230\237\030"
 3817      249124AF 
 3817      12B76796 
 3817      236B5BA8 
 3817      373C989F 
 3818 00d7 0899BD35 		.ascii	"\010\231\2755y\340\246\202\234{\375\250\3322\221\265"
 3818      79E0A682 
 3818      9C7BFDA8 
 3818      DA3291B5 
 3819 00e7 2D33D41F 		.ascii	"-3\324\037\217v\3466\241\365\230\275\227\001\023\335"
 3819      8F76E636 
 3819      A1F598BD 
 3819      970113DD 
 3820 00f7 6B674F85 		.ascii	"kgO\205{\375\2548\307\3326\331Fj\333\264\213\324\266"
 3820      7BFDAC38 
 3820      C7DA36D9 
ARM GAS  C:\Users\nicx5\AppData\Local\Temp\ccjkJcxQ.s 			page 105


 3820      466ADBB4 
 3820      8BD4B6
 3821 010a CC648ED3 		.ascii	"\314d\216\323~r7\014\217\011\230:\367^\254\247\343\225"
 3821      7E72370C 
 3821      8F09983A 
 3821      F75EACA7 
 3821      E395
 3822 011c 7F382965 		.ascii	"\1778)ev\026\326\225U\025\325\224\224r\204\210\020Q"
 3822      7616D695 
 3822      5515D594 
 3822      94728488 
 3822      1051
 3823 012e 20A09E92 		.ascii	" \240\236\222NMLKJIHG\037\270<\030u(\"\032\022\012\002"
 3823      4E4D4C4B 
 3823      4A494847 
 3823      1FB83C18 
 3823      7528221A 
 3824 0145 FAF1E9E1 		.ascii	"\372\361\351\341\331B\256G\325j\245\357Ln\031k/\250"
 3824      D942AE47 
 3824      D56AA5EF 
 3824      4C6E196B 
 3824      2FA8
 3825 0157 AD9575D6 		.ascii	"\255\225u\326\221\005\226\032\277r\203\350VUT\351\224"
 3825      9105961A 
 3825      BF7283E8 
 3825      565554E9 
 3825      94
 3826 0168 9C313528 		.ascii	"\23415(\271\242\326Z\232-\370\324!\013.\205\306\225"
 3826      B9A2D65A 
 3826      9A2DF8D4 
 3826      210B2E85 
 3826      C695
 3827 017a 69CEF888 		.ascii	"i\316\370\210\025\006\034\354D\210\351\020b\006=\212"
 3827      15061CEC 
 3827      4488E910 
 3827      62063D8A 
 3828 018a 308C8320 		.ascii	"0\214\203 \004\343POI\024\276\270\223\233>obJ\271\320"
 3828      04E3504F 
 3828      4914BEB8 
 3828      939B3E6F 
 3828      624AB9D0 
 3829 019e EA406968 		.ascii	"\352@ih\363\231\372\334Ik\323Z\232|\276\244\244\207"
 3829      F399FADC 
 3829      496BD35A 
 3829      9A7CBEA4 
 3829      A487
 3830 01b0 E74955D8 		.ascii	"\347IU\330Lh$\275<?\322\353\017&4\027\014X\334\303\336"
 3830      4C6824BD 
 3830      3C3FD2EB 
 3830      0F263417 
 3830      0C58DCC3 
 3831 01c5 1537EAF0 		.ascii	"\0257\352\360$\205\215\256\213\350\2548Q\335\234\017"
 3831      24858DAE 
 3831      8BE8AC38 
 3831      51DD9C0F 
 3832 01d5 395D2885 		.ascii	"9](\2054\251\245)\347AJ6[\026\245\260\271i\240\326\322"
 3832      34A9A529 
ARM GAS  C:\Users\nicx5\AppData\Local\Temp\ccjkJcxQ.s 			page 106


 3832      E7414A36 
 3832      5B16A5B0 
 3832      B969A0D6 
 3833 01ea 7CE23F0B 		.ascii	"|\342?\013\334\261\363\211\322=P\236\2644Ep\236(\275"
 3833      DCB1F389 
 3833      D23D509E 
 3833      B4344570 
 3833      9E28BD
 3834 01fd D506C791 		.ascii	"\325\006\307\221\015m\266\365\254\241\371z\006\232e"
 3834      0D6DB6F5 
 3834      ACA1F97A 
 3834      069A65
 3835 020c 510A5B5B 		.ascii	"Q\012[[\037\217,\252\2605i5\375?AC\240\265\2644\005"
 3835      1F8F2CAA 
 3835      B0356935 
 3835      FD3F4143 
 3835      A0B5B434 
 3836 0221 1F9E7303 		.ascii	"\037\236s\003\267m\326\244\265\322\251\266\303%\015"
 3836      B76DD6A4 
 3836      B5D2A9B6 
 3836      C3250D
 3837 0230 6D3A498D 		.ascii	"m:I\215\326L\211\323Z\232o<\355YC\342\017m\272\245\311"
 3837      D64C89D3 
 3837      5A9A6F3C 
 3837      ED5943E2 
 3837      0F6DBAA5 
 3838 0245 7B6F03B6 		.ascii	"{o\003\266'Y;s?\262\270\367\262\253\255\2615\223h\346"
 3838      27593B73 
 3838      3FB2B8F7 
 3838      B2ABADB1 
 3838      359368E6 
 3839 0259 E7C2CC1C 		.ascii	"\347\302\314\0340\037\231\0106\224\344\356\205k\272"
 3839      301F9908 
 3839      3694E4EE 
 3839      856BBA
 3840 0268 64E350DB 		.ascii	"d\343P\333\"\031\325\346\374\365\241\004:\270\311\324"
 3840      2219D5E6 
 3840      FCF5A104 
 3840      3AB8C9D4 
 3841 0278 B6EBF780 		.ascii	"\266\353\367\200\220\344\211\331W\263@v\3740\245\276"
 3841      90E489D9 
 3841      57B34076 
 3841      FC30A5BE 
 3842 0288 4687A10A 		.ascii	"F\207\241\012#\025\365\347\270\227\252\372\015\005\204"
 3842      2315F5E7 
 3842      B897AAFA 
 3842      0D0584
 3843 0297 B3A30D97 		.ascii	"\263\243\015\227\352O!\365-\336<.h\354\317uS\375\011"
 3843      EA4F21F5 
 3843      2DDE3C2E 
 3843      68ECCF75 
 3843      53FD09
 3844 02aa 9ED17A27 		.ascii	"\236\321z'Q\203\251\366\275\000\3370\367\350B0\373L"
 3844      5183A9F6 
 3844      BD00DF30 
 3844      F7E84230 
 3844      FB4C
ARM GAS  C:\Users\nicx5\AppData\Local\Temp\ccjkJcxQ.s 			page 107


 3845 02bc B68F0F7A 		.ascii	"\266\217\017z\011\273\377:\331]\232\214\221&95\346\037"
 3845      09BBFF3A 
 3845      D95D9A8C 
 3845      91263935 
 3845      E61F
 3846 02ce 3DA62D91 		.ascii	"=\246-\221\222\030\360\016`#i\262M\315\005D9\367\336"
 3846      9218F00E 
 3846      602369B2 
 3846      4DCD0544 
 3846      39F7DE
 3847 02e1 2C23B68F 		.ascii	",#\266\217\313\275\367\246=\330\351\247P\241{[\251\006"
 3847      CBBDF7A6 
 3847      3DD8E9A7 
 3847      50A17B5B 
 3847      A906
 3848 02f3 F9F4ADEA 		.ascii	"\371\364\255\352:\032\215F\377\347\230[\251\376O\001"
 3848      3A1A8D46 
 3848      FFE7985B 
 3848      A9FE4F01 
 3849 0303 C241E239 		.ascii	"\302A\3429p\332Ju\354\377\277LZ\223\263\272 \337\317"
 3849      70DA4A75 
 3849      ECFFBF4C 
 3849      5A93B3BA 
 3849      20DFCF
 3850 0316 041A0C56 		.ascii	"\004\032\014V\220\357\203\033\373\366k\26273\2172sX"
 3850      90EF831B 
 3850      FBF66BB2 
 3850      37338F32 
 3850      7358
 3851 0328 A3B05CEF 		.ascii	"\243\260\\\357\205\353\342\376rD\214J\256\210\332v\354"
 3851      85EBE2FE 
 3851      72448C4A 
 3851      AE88DA76 
 3851      EC
 3852 0339 979CCFBF 		.ascii	"\227\234\317\277?c\346\261\366Rd\275\367vq\007jP\002"
 3852      3F63E6B1 
 3852      F65264BD 
 3852      F7767107 
 3852      6A5002
 3853 034c 032B5D5B 		.ascii	"\003+][\356\014\324\266\375T\316\247\331\237\261\012"
 3853      EE0CD4B6 
 3853      FD54CEA7 
 3853      D99FB10A 
 3854 035c 1CFE6907 		.ascii	"\034\376i\007z=\312~e\376s\334\037\215F\243\374N\346"
 3854      7A3DCA7E 
 3854      65FE73DC 
 3854      1F8D46A3 
 3854      FC4EE6
 3855 036f 7E360769 		.ascii	"~6\007i\277\346\261\336\353\006b\235\015\260\316?\254"
 3855      BFE6B1DE 
 3855      EB06629D 
 3855      0DB0CE3F 
 3855      AC
 3856 0380 7301D619 		.ascii	"s\001\326\031\254\307\331\007\322\271\207u\346a\235"
 3856      ACC7D907 
 3856      D2B98775 
 3856      E6619D
ARM GAS  C:\Users\nicx5\AppData\Local\Temp\ccjkJcxQ.s 			page 108


 3857 038f 77586702 		.ascii	"wXg\002\254\363\227u\036\300:\353\260\3169\2543\016"
 3857      ACF39775 
 3857      1EC03AEB 
 3857      B0CE39AC 
 3857      330E
 3858 03a1 EB7CC33A 		.ascii	"\353|\303:\333\260\3165\2543\015\353<\303:\313\260\316"
 3858      DBB0CE35 
 3858      AC330DEB 
 3858      3CC33ACB 
 3858      B0CE
 3859 03b3 0258E718 		.ascii	"\002X\347\030\326\031\206u~a\235]\250\316-Tg\026\326"
 3859      D6198675 
 3859      7E619D5D 
 3859      A8CE2D54 
 3859      6716D6
 3860 03c6 79857556 		.ascii	"y\205uV\221:\007`\235SXg\024Gg\257\243\363\211\325\031"
 3860      913A0760 
 3860      9D535867 
 3860      144767AF 
 3860      A3F389D5 
 3861 03db 80A3B309 		.ascii	"\200\243\263\011\353\334e\235KXg\022<\316\\H\347-\353"
 3861      EBDC659D 
 3861      4B586712 
 3861      3CCE5C48 
 3861      E72DEB
 3862 03ee AC659DB3 		.ascii	"\254e\235\263\2543\226u\276R\235\255\254s\225u\246\342"
 3862      AC339675 
 3862      BE529DAD 
 3862      AC739575 
 3862      A6E2
 3863 0400 719E423A 		.ascii	"q\236B:KYg\245u\036a\235EX\347\020\252s\224u\006a\235"
 3863      4B5967A5 
 3863      751E619D 
 3863      4558E710 
 3863      AA739475 
 3864 0417 A1ACF393 		.ascii	"\241\254\363\223uNZg'\353\334\224:3Y\347%\353\254\224"
 3864      754E5A67 
 3864      27EBDC94 
 3864      3A3359E7 
 3864      25EBAC94 
 3865 042b 3A2705CE 		.ascii	":'\005\316\327\365U\203\215j>\230\243\341\250\304\353"
 3865      D7F55583 
 3865      8D6A3E98 
 3865      A3E1A8C4 
 3865      EB
 3866 043c C535892F 		.ascii	"\3055\211/\221\327\204\311\205\004\227'L=\256;![\203"
 3866      91D784C9 
 3866      85049727 
 3866      4C3DAE3B 
 3866      215B83
 3867 044f 895A241C 		.ascii	"\211Z$\034\361'\235\365ZvY\203w\037x\240-\320q\275\023"
 3867      F1279DF5 
 3867      5A765983 
 3867      771F78A0 
 3867      2DD071BD 
 3868 0464 EBEAB1B0 		.ascii	"\353\352\261\260\\\221\015\306\005\226`\350\341\347"
 3868      5C910DC6 
ARM GAS  C:\Users\nicx5\AppData\Local\Temp\ccjkJcxQ.s 			page 109


 3868      059660E8 
 3868      E1E7
 3869 0472 B86968AB 		.ascii	"\270ih\253oh\235\325O9\341\3024\256\270\242\326f\304"
 3869      6F689DD5 
 3869      4F39E1C2 
 3869      34AEB8A2 
 3869      D666C4
 3870 0485 B4230BB3 		.ascii	"\264#\013\263\330L\022T'\330R\225\034\035\2620y\035"
 3870      D84C1254 
 3870      27D85295 
 3870      1C1DB230 
 3870      791D
 3871 0497 AA7E841C 		.ascii	"\252~\204\034Z\251R}\3257\363\316\251\370\024\346\034"
 3871      5AA9527D 
 3871      D537F3CE 
 3871      A9F814E6 
 3871      1C
 3872 04a8 93CB036A 		.ascii	"\223\313\003j[\252<\207{\300\337\230tL\275U\210\332"
 3872      5BAA3C87 
 3872      7BC0DF98 
 3872      744CBD55 
 3872      88DA
 3873 04ba 76EA917C 		.ascii	"v\352\221|\336&D\352\221O\2630T\224\017\345\206V\252"
 3873      DE2644EA 
 3873      914FB330 
 3873      54940FE5 
 3873      8656AA
 3874 04cd 235EF9ED 		.ascii	"#^\371\355d\304\232\240\035!\271;\213E\"\276\311\204"
 3874      64C49AA0 
 3874      1D21B93B 
 3874      8B4522BE 
 3874      C984
 3875 04df 78118F44 		.ascii	"x\021\217Dc\022\342Q\270I\216a\204\022\225\351\250\367"
 3875      6312E251 
 3875      B8498E61 
 3875      841295E9 
 3875      A8F7
 3876 04f1 7210C0A2 		.ascii	"r\020\300\242\236\311\011\302?8\302\006\352A4\241\036"
 3876      9EC909C2 
 3876      3F38C206 
 3876      EA4134A1 
 3876      1E
 3877 0502 F914DCE2 		.ascii	"\371\024\334\342I\232\231\331\347\036\034Y\351|\011"
 3877      499A99D9 
 3877      E71E1C59 
 3877      E97C09
 3878 0511 5AE1C47B 		.ascii	"Z\341\304{\357\320\323\333\024\326\247\267jl\277{\257"
 3878      EFD0D3DB 
 3878      14D6A7B7 
 3878      6A6CBF7B 
 3878      AF
 3879 0522 50F29B8C 		.ascii	"P\362\233\214'\337\306\24559+\363\322\370AN\016\344"
 3879      27DFC6A5 
 3879      35392BF3 
 3879      D2F8414E 
 3879      0EE4
 3880 0534 995FC4F0 		.ascii	"\231_\304\360V\343$\222G\343\366\342\346\313\213]\031"
ARM GAS  C:\Users\nicx5\AppData\Local\Temp\ccjkJcxQ.s 			page 110


 3880      56E32492 
 3880      47E3F6E2 
 3880      E6CB8B5D 
 3880      19
 3881 0545 9053D33B 		.ascii	"\220S\323;9\0070\232<\215\311jM\227F\357\300\257\017"
 3881      3907309A 
 3881      3C8DC96A 
 3881      4D9746EF 
 3881      C0AF0F
 3882 0558 EE8787E9 		.ascii	"\356\207\207\351=\220\316\322\243\301i\245_\362\263"
 3882      3D90CED2 
 3882      A3C169A5 
 3882      5FF2B3
 3883 0567 0B940217 		.ascii	"\013\224\002\027\177\356T9\364Azf\032^\266l\305>z\244"
 3883      7FEE5439 
 3883      F4417A66 
 3883      1A5EB66C 
 3883      C53E7AA4 
 3884 057b E85160DE 		.ascii	"\350Q`\336\207o\364\360\037n\360\020\270\305\350\271"
 3884      876FF4F0 
 3884      1F6EF010 
 3884      B8C5E8B9 
 3885 058b 0F7DE850 		.ascii	"\017}\350P\222;*\252\315Y\215\036\211\226\344\311\237"
 3885      923B2AAA 
 3885      CD598D1E 
 3885      8996E4C9 
 3885      9F
 3886 059c 8CB681AC 		.ascii	"\214\266\201\254\303K9\237fv\201v=\003\233\032\254\364"
 3886      C34B399F 
 3886      66768176 
 3886      3D039B1A 
 3886      ACF4
 3887 05ae 9CE92238 		.ascii	"\234\351\"84\232qY\264\026\030\327\215\210Q\322x\226"
 3887      349A7159 
 3887      B41618D7 
 3887      8D8851D2 
 3887      7896
 3888 05c0 0EBF306E 		.ascii	"\016\2770n\275\223\241\032L%\372\206\316\001#z\270."
 3888      BD93A11A 
 3888      4C25FA86 
 3888      CE01237A 
 3888      B82E
 3889 05d2 8B5CC887 		.ascii	"\213\\\310\207'\207\034zu\016 \234\016\323B?$G\0011"
 3889      27871C7A 
 3889      750E209C 
 3889      0ED3423F 
 3889      24470131 
 3890 05e6 A147CA50 		.ascii	"\241G\312P$\350\231\234O\031\372\336|\010o\366pXS\033"
 3890      24E8999C 
 3890      4F19FADE 
 3890      7C086FF6 
 3890      7058531B 
 3891 05fa F449AF84 		.ascii	"\364I\257\204\271\273$\002}\234\031\242\321V\252?\017"
 3891      B9BB2402 
 3891      7D9C19A2 
 3891      D156AA3F 
 3891      0F
ARM GAS  C:\Users\nicx5\AppData\Local\Temp\ccjkJcxQ.s 			page 111


 3892 060b F4FDA686 		.ascii	"\364\375\246\206\330\317#\371\214\330\376J8\372\374"
 3892      D8CF23F9 
 3892      8CD8FE4A 
 3892      38FAFC
 3893 061a 0B418D81 		.ascii	"\013A\215\201\332\363>\177,\263A\333\331\237\265Y\366"
 3893      DAF33E7F 
 3893      2CB341DB 
 3893      D99FB559 
 3893      F6
 3894 062b BCD2F9FC 		.ascii	"\274\322\371\374\263\353\022\307\363P2e\253\315\321"
 3894      B3EB12C7 
 3894      F3503265 
 3894      ABCDD1
 3895 063a 6AE4F3FC 		.ascii	"j\344\363\3741p\203-g\211\310Wv\227\267\365\271\021"
 3895      3170832D 
 3895      6789C857 
 3895      7697B7F5 
 3895      B911
 3896 064c 8F040C8C 		.ascii	"\217\004\014\214\015\011[N\260\004\2622\260\204 H:&"
 3896      0D095B4E 
 3896      B004B232 
 3896      B0842048 
 3896      3A26
 3897 065e 36848208 		.ascii	"6\204\202\010\210L\340\300\312@\262\262L,\305\264\270"
 3897      884CE0C0 
 3897      CA40B2B2 
 3897      4C2CC5B4 
 3897      B8
 3898 066f AE9A1AB0 		.ascii	"\256\232\032\260,v\345\200\004D\310\302 X6\320\300\026"
 3898      2C76E580 
 3898      0444C8C2 
 3898      205836D0 
 3898      C016
 3899 0681 97900988 		.ascii	"\227\220\011\210`\211\015\331\201\025v\243\305\2140"
 3899      60890DD9 
 3899      811576A3 
 3899      C58C30
 3900 0690 0B2C3031 		.ascii	"\013,01\003\213\310\220\261\012\034\030\002\243\213"
 3900      038BC890 
 3900      B10A1C18 
 3900      02A38B
 3901 069f 2D88C0C5 		.ascii	"-\210\300\305\014\004\266\270p\360\330\201\000\221\007"
 3901      0C04B6B8 
 3901      70F0D881 
 3901      009107
 3902 06ae 86440086 		.ascii	"\206D\000\206\200W\214\016\334\351}\347P\233\274D\263"
 3902      80578C0E 
 3902      DCE97DE7 
 3902      509BBC44 
 3902      B3
 3903 06bf 4F63AD36 		.ascii	"Oc\2556w\351]SS\347\235<\0245l\222\322\3409\261\014"
 3903      77E95D53 
 3903      53E79D3C 
 3903      14356C92 
 3903      D2E039B1 
 3904 06d4 F03360CC 		.ascii	"\3603`\314\275\367\352\207\320\0175wR\356\275Vq\210"
 3904      BDF7EA87 
ARM GAS  C:\Users\nicx5\AppData\Local\Temp\ccjkJcxQ.s 			page 112


 3904      D00F3577 
 3904      52EEBD56 
 3904      7188
 3905 06e6 8DCF0451 		.ascii	"\215\317\004Q\261*\016\321\371K\300\344\350,\026\300"
 3905      B12A0ED1 
 3905      F94BC0E4 
 3905      E82C16C0 
 3906 06f6 D604F605 		.ascii	"\326\004\366\005\3741\356\233`\337\224\346\005:|xT\315"
 3906      FC31EE9B 
 3906      60DF94E6 
 3906      053A7C78 
 3906      54CD
 3907 0708 FC40F5F1 		.ascii	"\374@\365\361CfJx\017&L'\336j>^\310[\232<\246\010\314"
 3907      43664A78 
 3907      0F264C27 
 3907      DE6A3E5E 
 3907      C85B9A3C 
 3908 071f 283FE4EE 		.ascii	"(?\344\3565c\272}\022&\234\006\205L=*\271\020\236\003"
 3908      3563BA7D 
 3908      12269C06 
 3908      854C3D2A 
 3908      B9109E03 
 3909 0733 213D7EC9 		.ascii	"!=~\311\231f\013\217O\333\361<\276\321v<2\215S\351\336"
 3909      99660B8F 
 3909      4FDBF13C 
 3909      BED1763C 
 3909      328D53E9 
 3910 0748 3B45C0F7 		.ascii	";E\300\367\337\327\023\360G\305?\373\372\023\316\247"
 3910      DFD713F0 
 3910      47C53FFB 
 3910      FA13CEA7 
 3911 0758 9D01FECB 		.ascii	"\235\001\376\313\222\344t\374\000o\025\323\226\234\375"
 3911      92E474FC 
 3911      006F15D3 
 3911      969CFD
 3912 0767 5974A9E3 		.ascii	"Yt\251\343\223\016\345\344h\004\304\3619\356\3408l\303"
 3912      930EE5E4 
 3912      6804C4F1 
 3912      39EEE038 
 3912      6CC3
 3913 0779 58E7EB50 		.ascii	"X\347\353P\257\353\336+u#\275\301ql\264\215\303\272"
 3913      AFEBDE2B 
 3913      7523BDC1 
 3913      716CB48D 
 3913      C3BA
 3914 078b 368C46A3 		.ascii	"6\214F\243#\246|\031\332\021A\203\341^\215\305\026h"
 3914      23A67C19 
 3914      DA114183 
 3914      E15E8DC5 
 3914      1668
 3915 079d 7C0D1968 		.ascii	"|\015\031h\030f\211\272\367\206\230\361^W\306\317\370"
 3915      186689BA 
 3915      F78698F1 
 3915      5E57C6CF 
 3915      F8
 3916 07ae 8641C61F 		.ascii	"\206A\306\0379\015\251\270\360\306\314\015_\356\275"
 3916      390DA9B8 
ARM GAS  C:\Users\nicx5\AppData\Local\Temp\ccjkJcxQ.s 			page 113


 3916      F0C6CC0D 
 3916      5FEEBD
 3917 07bd 51022405 		.ascii	"Q\002$\005h\336{A\304Xc\230\211\341\355\336\013\025"
 3917      68DE7B41 
 3917      C4586398 
 3917      89E1EDDE 
 3917      0B15
 3918 07cf 67       		.ascii	"g"
 3919 07d0 E6ED6984 		.ascii	"\346\355i\204_+sg\313\260\311K\302\370&\303t:\233%\214"
 3919      5F2B7367 
 3919      CBB0C94B 
 3919      C2F826C3 
 3919      743A9B25 
 3920 07e5 573A19D7 		.ascii	"W:\031\327ta\234\027\257\306-\352\342_X\361C\027\217"
 3920      74619C17 
 3920      AFC62DEA 
 3920      E25F58F1 
 3920      43178F
 3921 07f8 7C16AEE9 		.ascii	"|\026\256\351\261\342e\321im0\265\005\232\026\205wO"
 3921      B1E265D1 
 3921      696D30B5 
 3921      059A1685 
 3921      774F
 3922 080a 75534668 		.ascii	"uSFh\252+t\232Y\\\365\262\2701\375\034{\203\251,V`A"
 3922      AA2B749A 
 3922      595CF5B2 
 3922      B831FD1C 
 3922      7B83A92C 
 3923 0821 A828E566 		.ascii	"\250(\345f\005/KX\010\363\346Z\005B\2703J+\376\350\217"
 3923      052F4B58 
 3923      08F3E65A 
 3923      0542B833 
 3923      4A2BFEE8 
 3924 0836 7350F12B 		.ascii	"sP\361+\006\231HT\200)\022\300;9\237e\203\214\320\333"
 3924      06994854 
 3924      802912C0 
 3924      3B399F65 
 3924      838CD0DB 
 3925 084a 7FDD8372 		.ascii	"\177\335\203r\022\315\332\234ar\230\224\002\205)\024"
 3925      12CDDA9C 
 3925      61729894 
 3925      02852914 
 3926 085a 9FE28F8C 		.ascii	"\237\342\217\214.\270Da\347\345\201S'\336\353\217\212"
 3926      2EB84461 
 3926      E7E58153 
 3926      27DEEB8F 
 3926      8A
 3927 086b 0E78E2A7 		.ascii	"\016x\342\247\304\320\001\300l\352`B\242\001\360\310"
 3927      C4D001C0 
 3927      6CEA6042 
 3927      A201F0C8 
 3928 087b 38EF33F1 		.ascii	"8\3573\361Tc\3048\031\015\343\236\035R\327\367\234\202"
 3928      5463C438 
 3928      190DE39E 
 3928      1D52D7F7 
 3928      9C82
 3929 088d 33A8F200 		.ascii	"3\250\362\000USRh\204DD$IA\012i\014\222\013\020\206"
ARM GAS  C:\Users\nicx5\AppData\Local\Temp\ccjkJcxQ.s 			page 114


 3929      55535268 
 3929      84444424 
 3929      49410A69 
 3929      0C920B10 
 3930 08a2 214918E6 		.ascii	"!I\030\346\364\006\022\200RQ\216KQ\010\221\210\210\320"
 3930      F4061280 
 3930      52518E4B 
 3930      51089188 
 3930      88D0
 3931 08b4 9414241D 		.ascii	"\224\024$\035\0376\240\023\016\323c'M\325G\212\204\227"
 3931      1F36A013 
 3931      0ED36327 
 3931      4DD5478A 
 3931      8497
 3932 08c6 6DC2A1F0 		.ascii	"m\302\241\360\303\325\312\320\244C\225\274'\244\374"
 3932      C3D5CAD0 
 3932      A44395BC 
 3932      27A4FC
 3933 08d5 A46509A0 		.ascii	"\244e\011\240\360\206\034\016\324\036\335\321P\373I"
 3933      F0861C0E 
 3933      D41EDDD1 
 3933      50FB49
 3934 08e4 4AFD9573 		.ascii	"J\375\225s\376\332\271\024\301\002\0224\272\375X\352"
 3934      FEDAB914 
 3934      C1021234 
 3934      BAFD58EA 
 3935 08f4 56394316 		.ascii	"V9C\026\237\012\331ACi\344Gq\206,\275\202\016\322\207"
 3935      9F0AD941 
 3935      4369E447 
 3935      71862CBD 
 3935      820ED287 
 3936 0908 A4BBCD48 		.ascii	"\244\273\315HyBao\203\255\377d\034\005O\256\3048\020"
 3936      7942616F 
 3936      83ADFF64 
 3936      1C054FAE 
 3936      C43810
 3937 091b 2545B142 		.ascii	"%E\261BC\2334\354R\260\274\246\212\266\213\320\033\232"
 3937      439B34EC 
 3937      52B0BCA6 
 3937      8AB68BD0 
 3937      1B9A
 3938 092d 39DB8A6D 		.ascii	"9\333\212m\014\273\243\210Z9[\370\203\216;\023\037\014"
 3938      0CBBA388 
 3938      5A395BF8 
 3938      838E3B13 
 3938      1F0C
 3939 093f 9582BEA6 		.ascii	"\225\202\276\246\252N\356\\\273\267\020\207\365=\366"
 3939      AA4EEE5C 
 3939      BBB71087 
 3939      F53DF6
 3940 094e 3CE43DA6 		.ascii	"<\344=\246\355\223\010\344q\211:\366dIdk\327\236\021"
 3940      ED9308E4 
 3940      71893AF6 
 3940      6449646B 
 3940      D79E11
 3941 0961 657858E2 		.ascii	"exX\342\325\327\256i\2128_-f\006B\217\013\3750\315;"
 3941      D5D7AE69 
ARM GAS  C:\Users\nicx5\AppData\Local\Temp\ccjkJcxQ.s 			page 115


 3941      8A385F2D 
 3941      6606428F 
 3941      0BFD30CD 
 3942 0976 C3BA9C88 		.ascii	"\303\272\234\210\235\336\\\036:\233\255d\311\300<\271"
 3942      9DDE5C1E 
 3942      3A9BAD64 
 3942      C9C03CB9 
 3943 0986 7D30F096 		.ascii	"}0\360\2269\3742\364]}hE\2600m\207)\376\264v\011\307"
 3943      39FC32F4 
 3943      5D7D6845 
 3943      B0306D87 
 3943      29FEB476 
 3944 099c D11DFB56 		.ascii	"\321\035\373V\035x\242\276\314\241\363\034s\353\275"
 3944      1D78A2BE 
 3944      CCA1F31C 
 3944      73EBBD
 3945 09ab 1796C359 		.ascii	"\027\226\303Y\313v\271\357M\336\000\335\372\347\262"
 3945      CB76B9EF 
 3945      4DDE00DD 
 3945      FAE7B2
 3946 09ba 87022BE6 		.ascii	"\207\002+\346\216\3745f/\031\337V\"\025\354\331F\336"
 3946      8EFC3566 
 3946      2F19DF56 
 3946      2215ECD9 
 3946      46DE
 3947 09cc CC84C8CA 		.ascii	"\314\204\310\312\346`G\260$\261\030\246\250\256\\\200"
 3947      E66047B0 
 3947      24B118A6 
 3947      A8AE5C80 
 3948 09dc F8B5B1D0 		.ascii	"\370\265\261\320\343\272\210\372NN\254,\014\305\305"
 3948      E3BA88FA 
 3948      4E4EAC2C 
 3948      0CC5C5
 3949 09eb 9E551649 		.ascii	"\236U\026I/\332}\345\003\251R\347\230\275\321,\257\346"
 3949      2FDA7DE5 
 3949      03A952E7 
 3949      98BDD12C 
 3949      AFE6
 3950 09fd 4A88618C 		.ascii	"J\210a\214]\237\341\006\310\302\3614\301\005\310\350"
 3950      5D9FE106 
 3950      C8C2F134 
 3950      C105C8E8 
 3951 0a0d 3890565E 		.ascii	"8\220V^\265\350L\236\214\267'\225Gj\373\011R\322\215"
 3951      B5E84C9E 
 3951      8CB72795 
 3951      476AFB09 
 3951      52D28D
 3952 0a20 D2468C6C 		.ascii	"\322F\214l;yA\217\331\244\217\234\342\022\223\323GD"
 3952      3B79418F 
 3952      D9A48F9C 
 3952      E21293D3 
 3952      4744
 3953 0a32 5FC7788B 		.ascii	"_\307x\213\270\017\004\324\000\347\236\237#\204\310"
 3953      B80F04D4 
 3953      00E79E9F 
 3953      2384C8
 3954 0a41 114E0429 		.ascii	"\021N\004)\246\247\267\203\227%\030\012\005\254\037"
ARM GAS  C:\Users\nicx5\AppData\Local\Temp\ccjkJcxQ.s 			page 116


 3954      A6A7B783 
 3954      9725180A 
 3954      05AC1F
 3955 0a50 431F10F2 		.ascii	"C\037\020\362FfgN\334y\263\3131>\257\014\254\004~\301"
 3955      4666674E 
 3955      DC79B3CB 
 3955      313EAF0C 
 3955      AC047EC1 
 3956 0a64 85F82166 		.ascii	"\205\370!fI^=\037\002\257y\260\306\002\257\036\244\237"
 3956      495E3D1F 
 3956      02AF79B0 
 3956      C602AF1E 
 3956      A49F
 3957 0a76 0C9F5E67 		.ascii	"\014\237^gC}\234\310\2671.P\306\315i\024-X0\003]D\251"
 3957      437D9CC8 
 3957      B7312E50 
 3957      C6CD6914 
 3957      2D583003 
 3958 0a8d F6836011 		.ascii	"\366\203`\021r\226\322\203c\357\212\377\331\000(\221"
 3958      7296D283 
 3958      63EF8AFF 
 3958      D9002891 
 3959 0a9d B3B37538 		.ascii	"\263\263u8\256\011\\\220L\357\307\237\335\276\322z\011"
 3959      AE095C90 
 3959      4CEFC79F 
 3959      DDBED27A 
 3959      09
 3960 0aae B82ACB49 		.ascii	"\270*\313I\355r\241\233\324\003\200\273\024*/\002^\337"
 3960      ED72A19B 
 3960      D40380BB 
 3960      142A2F02 
 3960      5EDF
 3961 0ac0 42E6921D 		.ascii	"B\346\222\035\276\337\345!\333\324\207\232?\377\300"
 3961      BEDFE521 
 3961      DBD4879A 
 3961      3FFFC0
 3962 0acf 372BA233 		.ascii	"7+\2423p\305\337\311\216\245S\004X4{%\\\357\356@$\345"
 3962      70C5DFC9 
 3962      8EA55304 
 3962      58347B25 
 3962      5CEFEE40 
 3963 0ae5 08D7613C 		.ascii	"\010\327a<\357GL\"\017\216\260\247\305\014;\245{\344"
 3963      EF474C22 
 3963      0F8EB0A7 
 3963      C50C3BA5 
 3963      7BE4
 3964 0af7 3F21972B 		.ascii	"?!\227+\361\006\013\310h\"f\316\026\365\026h\344\223"
 3964      F1060BC8 
 3964      682266CE 
 3964      16F51668 
 3964      E493
 3965 0b09 202CD805 		.ascii	" ,\330\005\347w*\364\342%P\250\222WAUiZ|\227a\205\271"
 3965      E7772AF4 
 3965      E22550A8 
 3965      92574155 
 3965      695A7C97 
 3966 0b20 F3270E45 		.ascii	"\363'\016E\012 \213\312|[V\210E\331+!\301\266i>\306"
ARM GAS  C:\Users\nicx5\AppData\Local\Temp\ccjkJcxQ.s 			page 117


 3966      0A208BCA 
 3966      7C5B5688 
 3966      45D92B21 
 3966      C1B6693E 
 3967 0b35 8EC5586D 		.ascii	"\216\305XmRt\301D1\335N\2479xRh~C(\221\007\000\245\357"
 3967      5274C144 
 3967      31DD4EA7 
 3967      39785268 
 3967      7E432891 
 3968 0b4d 049F5D55 		.ascii	"\004\237]UVe\1778^z\365}\327G\012\326\240\036\3760f"
 3968      56657F38 
 3968      5E7AF57D 
 3968      D7470AD6 
 3968      A01EFE30 
 3969 0b62 73E8FE23 		.ascii	"s\350\376#V;\222KL\014y\344\216.\013\3749\250\234\232"
 3969      563B924B 
 3969      4C0C79E4 
 3969      8E2E0BFC 
 3969      39A89C9A 
 3970 0b76 24FC4B5D 		.ascii	"$\374K]\345\031\215\245&\256\370j6\307m\026st9\306\004"
 3970      E5198DA5 
 3970      26AEF86A 
 3970      36C76D16 
 3970      737439C6 
 3971 0b8b F2022E6A 		.ascii	"\362\002.j\227`\266`e-y|\246\361\016\372\010\364ba:"
 3971      9760B660 
 3971      652D797C 
 3971      A6F10EFA 
 3971      08F46261 
 3972 0ba0 40002308 		.ascii	"@\000#\010\342\021L gG\205!\356\237\317\343\003O\372"
 3972      E2114C20 
 3972      67478521 
 3972      EE9FCFE3 
 3972      034FFA
 3973 0bb3 8645B971 		.ascii	"\206E\271q\017!\0240<\233\207\315n\177K(\247\225\340"
 3973      0F211430 
 3973      3C9B87CD 
 3973      6E7F4B28 
 3973      A795E0
 3974 0bc6 67E2E6AC 		.ascii	"g\342\346\254\316\232\301\007|\206S\205\033\343O\265"
 3974      CE9AC107 
 3974      7C865385 
 3974      1BE34FB5 
 3975 0bd6 FDA50813 		.ascii	"\375\245\010\023\011\3002T\307\254\204\377\000\307\365"
 3975      09C03254 
 3975      C7AC84FF 
 3975      00C7F5
 3976 0be5 D2EFBC92 		.ascii	"\322\357\274\222Oc\202d\006R\353\253\036U1\213\264\277"
 3976      4F638264 
 3976      0652EBAB 
 3976      1E55318B 
 3976      B4BF
 3977 0bf7 B6C6773D 		.ascii	"\266\306w=\004^\031\016\277\216\260{,w\333s\324\331"
 3977      045E190E 
 3977      BF8EB07B 
 3977      2C77DB73 
 3977      D4D9
ARM GAS  C:\Users\nicx5\AppData\Local\Temp\ccjkJcxQ.s 			page 118


 3978 0c09 B5017EF1 		.ascii	"\265\001~\361\364g*\215X2\2509\212\271/\034\325\"\343"
 3978      F4672A8D 
 3978      5832A839 
 3978      8AB92F1C 
 3978      D522E3
 3979 0c1c A7D056A0 		.ascii	"\247\320V\240C\202Z\370\000\024l\213\214g\244Z\2743"
 3979      43825AF8 
 3979      00146C8B 
 3979      8C67A45A 
 3979      BC33
 3980 0c2e 7FADAB8F 		.ascii	"\177\255\253\217\252\276\366$\232&P \255>N\277\200["
 3980      AABEF624 
 3980      9A265020 
 3980      AD3E4EBF 
 3980      805B
 3981 0c40 D7A6FC6C 		.ascii	"\327\246\374l7\376\267;\260\266\335\263^\204\341,I\254"
 3981      37FEB73B 
 3981      B0B6DDB3 
 3981      5E84E12C 
 3981      49AC
 3982 0c52 0A31E1C4 		.ascii	"\0121\341\304\325\212\0170*o2\2416&\350\246\206a\207"
 3982      D58A0F30 
 3982      2A6F32A1 
 3982      3626E8A6 
 3982      866187
 3983 0c65 BF10B10B 		.ascii	"\277\020\261\013\263\322\362L\342Ln\021\227\233\024"
 3983      B3D2F24C 
 3983      E24C6E11 
 3983      979B14
 3984 0c74 D891C167 		.ascii	"\330\221\301ga\317\214\222n-\245\357>\"\315\245\231"
 3984      61CF8C92 
 3984      6E2DA5EF 
 3984      3E22CDA5 
 3984      99
 3985 0c85 9C080E96 		.ascii	"\234\010\016\226\037\203\307?\240z!\330Y\016\200\242"
 3985      1F83C73F 
 3985      A07A21D8 
 3985      590E80A2 
 3986 0c95 3164CF16 		.ascii	"1d\317\026\266~T;i\001"
 3986      B67E543B 
 3986      6901
 3987              		.text
 3988              		.section	.gnu.lto_HAL_QSPI_Command.340.1f2fea0a,"e",%progbits
 3989 0000 28B52FFD 		.ascii	"(\265/\375`\346\005=#\000\306\373\327K\200\026V:\343"
 3989      60E6053D 
 3989      2300C6FB 
 3989      D74B8016 
 3989      563AE3
 3990 0013 B5FFFB7D 		.ascii	"\265\377\373}/\030\374\245\313\015|y\357*\215\227\260"
 3990      2F18FCA5 
 3990      CB0D7C79 
 3990      EF2A8D97 
 3990      B0
 3991 0024 2BE053BB 		.ascii	"+\340S\273\223\030\274q\022\354\205\\oa\235\030\032"
 3991      9318BC71 
 3991      12EC855C 
 3991      6F619D18 
ARM GAS  C:\Users\nicx5\AppData\Local\Temp\ccjkJcxQ.s 			page 119


 3991      1A
 3992 0035 16944B25 		.ascii	"\026\224K%,\377\177L@Oz\356\2049q\010\015+\333t\020"
 3992      2CFF7F4C 
 3992      404F7AEE 
 3992      84397108 
 3992      0D2BDB74 
 3993 004a 3B94F8C8 		.ascii	";\224\370\310\266Cv\264\2254B\310\336I\006\301\000\267"
 3993      B64376B4 
 3993      953442C8 
 3993      DE4906C1 
 3993      00B7
 3994 005c 00C200D9 		.ascii	"\000\302\000\331\231\340k#[ \013\241\352D\202\202\201"
 3994      99E06B23 
 3994      5B200BA1 
 3994      EA448282 
 3994      81
 3995 006d E426C44D 		.ascii	"\344&\304M\024\352/K=Q1\266_k\324\204\367v\237\310\213"
 3995      14EA2F4B 
 3995      3D5131B6 
 3995      5F6BD484 
 3995      F7769FC8 
 3996 0082 287D2B45 		.ascii	"(}+E\313\344\354%\355+g\247\202\326\320~\375}\206\375"
 3996      CBE4EC25 
 3996      ED2B67A7 
 3996      82D6D07E 
 3996      FD7D86FD 
 3997 0096 AA7E00FB 		.ascii	"\252~\000\373\265\273;\247\201R#q\376\022\302\324a\355"
 3997      B5BB3BA7 
 3997      81522371 
 3997      FE12C2D4 
 3997      61ED
 3998 00a8 2BC692B6 		.ascii	"+\306\222\266\234\2358\030\353\310\357t\271\026\307"
 3998      9C9D3818 
 3998      EBC8EF74 
 3998      B916C7
 3999 00b7 AE2ABEC8 		.ascii	"\256*\276\310\376\322w8\036\001_lnjVT4\256\303\361\344"
 3999      FED27738 
 3999      1E015F6C 
 3999      6E6A5654 
 3999      34AEC3F1 
 4000 00cc EE8CB735 		.ascii	"\356\214\2675VTU\307\375r\316;%\324ee<\335U\265I{\302"
 4000      565455C7 
 4000      FD72CE3B 
 4000      25D46565 
 4000      3CDD55B5 
 4001 00e3 36239515 		.ascii	"6#\225\025\265S:]U\325qj\253q\350\324\014\225\367\005"
 4001      B5533A5D 
 4001      55D5716A 
 4001      AB71E8D4 
 4001      0C95F705 
 4002 00f7 2ACB4EA9 		.ascii	"*\313N\251\342b\365A\3169F\331\244\2669\347{\275\006"
 4002      E262F541 
 4002      CE3946D9 
 4002      A4B639E7 
 4002      7BBD06
 4003 010a C8148D7B 		.ascii	"\310\024\215{q<9\347\276QJ\2527\357\335\335\354n\251"
 4003      713C39E7 
ARM GAS  C:\Users\nicx5\AppData\Local\Temp\ccjkJcxQ.s 			page 120


 4003      BE514AAA 
 4003      37EFDDDD 
 4003      EC6EA9
 4004 011d EED54565 		.ascii	"\356\325Ee*\256[w\027\257$\250\3159\307N?I\010\021-"
 4004      2AAE5B77 
 4004      17AF24A8 
 4004      CD39C74E 
 4004      3F490811 
 4005 0132 560AF6EB 		.ascii	"V\012\366\353\305\271\346\02375P\212c\232f\226e\214"
 4005      C5B9E613 
 4005      3735508A 
 4005      639A6696 
 4005      658C
 4006 0144 4C8B0C8B 		.ascii	"L\213\014\213l\031f\252\026\214F\037\335b\020\035\302"
 4006      6C1966AA 
 4006      168C461F 
 4006      DD62101D 
 4006      C2
 4007 0155 C37FFEC7 		.ascii	"\303\177\376\307t\337zw\273\211\212\356\243x\370c8\232"
 4007      74DF7A77 
 4007      BB898AEE 
 4007      A378F863 
 4007      389A
 4008 0167 B0533F8A 		.ascii	"\260S?\212u\257\337\037\321%4\337\267v.]\315\230\331"
 4008      75AFDF1F 
 4008      D12534DF 
 4008      B7762E5D 
 4008      CD98D9
 4009 017a 57335E76 		.ascii	"W3^v\373zw\3762\337\372c\336\374\001\374\371\346\365"
 4009      FB7A77FE 
 4009      32DFFA63 
 4009      DEFC01FC 
 4009      F9E6F5
 4010 018d 6DDCBBDE 		.ascii	"m\334\273\336l{{\305\335V\331\333x\275}\015\340*H\236"
 4010      6C7B7BC5 
 4010      DD56D9DB 
 4010      78BD7D0D 
 4010      E02A489E 
 4011 01a1 356CB272 		.ascii	"5l\262r\276\361\326\226\305V\260\036\177\376]\277\335"
 4011      BEF1D696 
 4011      C556B01E 
 4011      7FFE5DBF 
 4011      DD
 4012 01b2 4A7DAE7B 		.ascii	"J}\256{\365\016X%|\027\362\346\026\031?\265\254E\371"
 4012      F50E5825 
 4012      7C17F2E6 
 4012      16193FB5 
 4012      AC45F9
 4013 01c5 8AF62B90 		.ascii	"\212\366+\220\207\260\373\211t\363\216\214\307\304\326"
 4013      87B0FB89 
 4013      74F38E8C 
 4013      C7C4D6
 4014 01d4 A6A4E53D 		.ascii	"\246\244\345=\341X\214V\234\303?\314\242P\265\013\030"
 4014      E1588C56 
 4014      9CC33FCC 
 4014      A250B50B 
 4014      18
ARM GAS  C:\Users\nicx5\AppData\Local\Temp\ccjkJcxQ.s 			page 121


 4015 01e5 2A1C66F6 		.ascii	"*\034f\366\303\356\303\207r\031\361\375A\366\372\360"
 4015      C3EEC387 
 4015      7219F1FD 
 4015      41F6FAF0 
 4016 01f5 0C569A69 		.ascii	"\014V\232iAshm<X\314\354C\271\212\017\306U\341W\220"
 4016      4173686D 
 4016      3C58CCEC 
 4016      43B98A0F 
 4016      C655E157 
 4017 020a 76FA5680 		.ascii	"v\372V\200,\240`\277\252\230f\331d2\333Q\340\036\312"
 4017      2CA060BF 
 4017      AA9866D9 
 4017      6432DB51 
 4017      E01ECA
 4018 021d 01E00B19 		.ascii	"\001\340\013\031\356\243\372\367\204\235\272\2044\314"
 4018      EEA3FAF7 
 4018      849DBA84 
 4018      34CC
 4019 022b 013629AD 		.ascii	"\0016)\255\365H\266\207\377\344\012J\325z\370]\276+"
 4019      F548B687 
 4019      FFE40A4A 
 4019      D57AF85D 
 4019      BE2B
 4020 023d 8379B81F 		.ascii	"\203y\270\037d\177G\300\306\340n\237\015\367Q=\034\000"
 4020      647F47C0 
 4020      C6E06E9F 
 4020      0DF7513D 
 4020      1C00
 4021 024f 46AEC24E 		.ascii	"F\256\302N\035\224\226\335s`\245\014m\256\246A\251\221"
 4021      1D9496DD 
 4021      7360A50C 
 4021      6DAEA641 
 4021      A991
 4022 0261 3E12DBED 		.ascii	">\022\333\355\341`\037\010\\\335\\M}@;lJ\220-u\310b"
 4022      E1601F08 
 4022      5CDD5C4D 
 4022      7D403B6C 
 4022      4A902D75 
 4023 0277 6CC305E2 		.ascii	"l\303\005\342N\206\030\027X6/eBuV'\262Lz\332\251\316"
 4023      4E861817 
 4023      58362F65 
 4023      42755627 
 4023      B24C7ADA 
 4024 028d 0A3B735E 		.ascii	"\012;s^\302\230\331\177\020{\361\204F\023G\342\321\310"
 4024      C298D97F 
 4024      107BF184 
 4024      461347E2 
 4024      D1C8
 4025 029f 1E8F8847 		.ascii	"\036\217\210G#Qq\350\230;\2320\012*\032\022\342\200"
 4025      235171E8 
 4025      983B9A30 
 4025      0A2A1A12 
 4025      E280
 4026 02b1 8A8AB881 		.ascii	"\212\212\270\201\026,p@,2\320\271\241\021Z\273x3D\302"
 4026      162C7040 
 4026      2C32D0B9 
 4026      A1115ABB 
ARM GAS  C:\Users\nicx5\AppData\Local\Temp\ccjkJcxQ.s 			page 122


 4026      783344C2 
 4027 02c5 58623882 		.ascii	"Xb8\202($\224\243St4\342\024\217|p\206\030\"\364\014"
 4027      282494A3 
 4027      537434E2 
 4027      148F7C70 
 4027      861822F4 
 4028 02da 93921CF4 		.ascii	"\223\222\034\364\340\030\217\202N\014\035Q\330\351$"
 4028      E0188F82 
 4028      4E0C1D51 
 4028      D8E924
 4029 02e9 23093D3F 		.ascii	"#\011=?9:\031\204>?F\242##\016?\020*\364\272\333\231"
 4029      393A1984 
 4029      3E3F46A2 
 4029      23230E3F 
 4029      102AF4BA 
 4030 02ff AF66BC6C 		.ascii	"\257f\274l\002I47\035\213\357\365\373\"I\304\306=\332"
 4030      02493437 
 4030      1D8BEFF5 
 4030      FB2249C4 
 4030      C63DDA
 4031 0312 718DC3CD 		.ascii	"q\215\303\315\303\204\2410\263Y\037\246I6\233\250=l"
 4031      C384A130 
 4031      B3591FA6 
 4031      49369BA8 
 4031      3D6C
 4032 0324 20C92589 		.ascii	" \311%\211\357\221\254M\022KV\373\260\263X\252\373g"
 4032      EF91AC4D 
 4032      124B56FB 
 4032      B0B358AA 
 4032      FB67
 4033 0336 60A04022 		.ascii	"`\240@\"{\006<Sc1\017\223\256\354[\2064Xy\266\354=\305"
 4033      7B063C53 
 4033      63310F93 
 4033      AEEC5B86 
 4033      345879B6 
 4034 034d 98CA61A6 		.ascii	"\230\312a\246\317\355\205\216\0263\265 xp5}\246A\305"
 4034      CFED858E 
 4034      1633B520 
 4034      7870357D 
 4034      A641C5
 4035 0360 DE8D3C72 		.ascii	"\336\215<r\262\017\321c\004#\266\003\177\250a,\353\030"
 4035      B20FD163 
 4035      0423B603 
 4035      7FA8612C 
 4035      EB18
 4036 0372 42533322 		.ascii	"BS3\")(HA\253\001\260\242\031*\252\007\021@1\264\214"
 4036      29284841 
 4036      AB01B0A2 
 4036      192AAA07 
 4036      114031B4 
 4037 0387 36954A07 		.ascii	"6\225J\007\277\0114\022/y\256\267o\374\015/\347\242"
 4037      BF093412 
 4037      2F79AEB7 
 4037      6FFC0D2F 
 4037      E7A2
 4038 0399 0A42D2B5 		.ascii	"\012B\322\265e\223\272\0173T\324\246\031\312\221\361"
 4038      6593BA0F 
ARM GAS  C:\Users\nicx5\AppData\Local\Temp\ccjkJcxQ.s 			page 123


 4038      3354D4A6 
 4038      19CA91F1 
 4039 03a9 72C588C3 		.ascii	"r\305\210\303&\003D(\276d\266\270\217\323n\212@;\201"
 4039      26034428 
 4039      BE64B6B8 
 4039      8FD36E8A 
 4039      403B81
 4040 03bc 086419F9 		.ascii	"\010d\031\371=\037\347\205r\305l\277+\021\002\263Pd"
 4040      3D1FE785 
 4040      72C56CBF 
 4040      2B1102B3 
 4040      5064
 4041 03ce 485C4705 		.ascii	"H\\G\005\326\232\351\260\200t~\332[\025=\357\266\251"
 4041      D69AE9B0 
 4041      80747EDA 
 4041      5B153DEF 
 4041      B6A9
 4042 03e0 B4A66EA2 		.ascii	"\264\246n\242\304\226/U\217\015\000Dt{,\261\250\005"
 4042      C4962F55 
 4042      8F0D0044 
 4042      747B2CB1 
 4042      A805
 4043 03f2 27CEC5EC 		.ascii	"'\316\305\354\025\006O\316_\225T\022v\300\360_\012\355"
 4043      15064FCE 
 4043      5F955412 
 4043      76C0F05F 
 4043      0AED
 4044 0404 D81F7D69 		.ascii	"\330\037}i]\324\273\365\307\351d\215c\334\252o\254\315"
 4044      5DD4BBF5 
 4044      C7E9648D 
 4044      63DCAA6F 
 4044      ACCD
 4045 0416 39B3713F 		.ascii	"9\263q?]9A\366\360\272\034#\217\241\032\260\220\320"
 4045      5D3941F6 
 4045      F0BA1C23 
 4045      8FA11AB0 
 4045      90D0
 4046 0428 0B4ACA82 		.ascii	"\013J\312\202t\346\007[\202[-\007\005\344\313R\004\324"
 4046      74E6075B 
 4046      825B2D07 
 4046      05E4CB52 
 4046      04D4
 4047 043a FCF781A7 		.ascii	"\374\367\201\247\337H\3576\3577\032N\200\2500q^\246"
 4047      DF48EF36 
 4047      EF371A4E 
 4047      80A83071 
 4047      5EA6
 4048 044c 3D486B3E 		.ascii	"=Hk>\337\270m\316\336\033zE2\001@\215&&\021\334\220"
 4048      DFB86DCE 
 4048      DE1B7A45 
 4048      3201408D 
 4048      262611DC 
 4049 0461 E1AA3AB3 		.ascii	"\341\252:\26313\264B\202\021\202=\306dZ\005"
 4049      3133B442 
 4049      8211823D 
 4049      C6645A05 
 4050              		.text
ARM GAS  C:\Users\nicx5\AppData\Local\Temp\ccjkJcxQ.s 			page 124


 4051              		.section	.gnu.lto_HAL_QSPI_Command_IT.341.1f2fea0a,"e",%progbits
 4052 0000 28B52FFD 		.ascii	"(\265/\375`\303\006\375#\0006\273\324I\200XR\007UB\232"
 4052      60C306FD 
 4052      230036BB 
 4052      D4498058 
 4052      52075542 
 4053 0015 44713818 		.ascii	"Dq8\030\205\032\314}\373\320\271F\342\022:\353\030\267"
 4053      851ACC7D 
 4053      FBD0B946 
 4053      E2123AEB 
 4053      18B7
 4054 0027 10BD8400 		.ascii	"\020\275\204\000\222\023,\271\215)y\031\343 \0011\204"
 4054      92132CB9 
 4054      8D297919 
 4054      E3200131 
 4054      84
 4055 0038 1F184975 		.ascii	"\037\030Iu\337\370\003\300\014\002l\311\246[\016\271"
 4055      DFF803C0 
 4055      0C026CC9 
 4055      A65B0EB9 
 4056 0048 D844A5DF 		.ascii	"\330D\245\337\023@U\311\336{\313\275\223L)\275\000\271"
 4056      134055C9 
 4056      DE7BCBBD 
 4056      934C29BD 
 4056      00B9
 4057 005a 00BF0039 		.ascii	"\000\277\0009\267\012\034\355(uW\344\350\217*N]\036"
 4057      B70A1CED 
 4057      287557E4 
 4057      E88F2A4E 
 4057      5D1E
 4058 006c 5E65F9A9 		.ascii	"^e\371\251\216\356\212G\367v\373\021'\233r$+\372&\347"
 4058      8EEE8A47 
 4058      F776FB11 
 4058      279B7224 
 4058      2BFA26E7 
 4059 0080 B8A659CE 		.ascii	"\270\246Y\316\355\202\326\240:\252s\002\330\321\323"
 4059      ED82D6A0 
 4059      3AAA7302 
 4059      D8D1D3
 4060 008f 056047BB 		.ascii	"\005`G\273\273\177\032Lu\360\263\331\230\320\303\333"
 4060      BB7F1A4C 
 4060      75F0B3D9 
 4060      98D0C3DB 
 4061 009f 101A4EE0 		.ascii	"\020\032N\340rn{\336\207\007\275\206f&\307\256j\212"
 4061      726E7BDE 
 4061      8707BD86 
 4061      6626C7AE 
 4061      6A8A
 4062 00b1 D1F36FB0 		.ascii	"\321\363o\260\235\312kX\242\014\247\351\362\231\034"
 4062      9DCA6B58 
 4062      A20CA7E9 
 4062      F2991C
 4063 00c0 9B0A816D 		.ascii	"\233\012\201m\331\360\365\306\251\333\015\321\252q\325"
 4063      D9F0F5C6 
 4063      A9DB0DD1 
 4063      AA71D5
 4064 00cf 1DD81697 		.ascii	"\035\330\026\227\247\\X\027\237:\245\026\216S\227s\316"
ARM GAS  C:\Users\nicx5\AppData\Local\Temp\ccjkJcxQ.s 			page 125


 4064      A75C5817 
 4064      9F3AA516 
 4064      8E539773 
 4064      CE
 4065 00e0 11AF2E7A 		.ascii	"\021\257.z*ha\304p\245V\216s@Y\2300V\367ta\227\377\371"
 4065      2A6861C4 
 4065      70A5568E 
 4065      73405998 
 4065      3056F774 
 4066 00f8 20E75C43 		.ascii	" \347\\Cdq\2529gO\372uA\254\2727\025\3129\367\315\""
 4066      6471AA39 
 4066      674FFA75 
 4066      41ACBA37 
 4066      15CA39F7 
 4067 010e 6E7903F0 		.ascii	"ny\003\360\356Vv7V7\326\020j,.\231\356\3669\223$5\347"
 4067      EE567637 
 4067      5637D610 
 4067      6A2C2E99 
 4067      EEF63993 
 4068 0125 AFA0F625 		.ascii	"\257\240\366% H\250>V`G\377\327#\362\253Z\207\313\030"
 4068      2048A83E 
 4068      566047FF 
 4068      D723F2AB 
 4068      5A87CB18 
 4069 0139 9120CBB0 		.ascii	"\221 \313\260%\2178\267\265\2641\2376\261\242\266\242"
 4069      258F38B7 
 4069      B5B4319F 
 4069      36B1A2B6 
 4069      A2
 4070 014a B779F9B0 		.ascii	"\267y\371\260\215\261yo]'\274e:w\273\231\232\256g\331"
 4070      8DB1796F 
 4070      5D27BC65 
 4070      3A77BB99 
 4070      9AAE67D9 
 4071 015e BCA77955 		.ascii	"\274\247yU\275U;\233\233\020\2665e\276e\272\245\272"
 4071      BD553B9B 
 4071      9B10B635 
 4071      65BE65BA 
 4071      A5BA
 4072 0170 6F6C3FF3 		.ascii	"ol?\363\027\273\035\351\215\343H\334o\374\350\036\300"
 4072      17BB1DE9 
 4072      8DE348DC 
 4072      6FFCE81E 
 4072      C0
 4073 0181 5B6F9BBE 		.ascii	"[o\233\276\235Ko\263\351\355U\275\255\252\267\323\364"
 4073      9D4B6FB3 
 4073      E9ED55BD 
 4073      ADAAB7D3 
 4073      F4
 4074 0192 364E6FA3 		.ascii	"6No\243\370\366\211\336~\335\303QA\346\010\202\222\263"
 4074      F8F689DE 
 4074      7EDDC351 
 4074      41E60882 
 4074      92B3
 4075 01a4 8E327019 		.ascii	"\2162p\031\015=\003\342\255;\322o\367T\273\022Ovn\227"
 4075      0D3D03E2 
 4075      AD3BD26F 
ARM GAS  C:\Users\nicx5\AppData\Local\Temp\ccjkJcxQ.s 			page 126


 4075      F754BB12 
 4075      4F766E97 
 4076 01b8 3C7264F0 		.ascii	"<rd\360\346\027\371\221_\336\2128\225\331Qw\033u\363"
 4076      E617F991 
 4076      5FDE8A38 
 4076      95D95177 
 4076      1B75F3
 4077 01cb 8EFC6968 		.ascii	"\216\374ihocn\001\001>X\026\341zV\353\256\336\252\237"
 4077      6F636E01 
 4077      013E5816 
 4077      E17A56EB 
 4077      AEDEAA9F 
 4078 01df 9871EAFB 		.ascii	"\230q\352\373\016\356\236\340\312\020i'\206\234pw\005"
 4078      0EEE9EE0 
 4078      CA106927 
 4078      869C7077 
 4078      05
 4079 01f0 D7E2A4A6 		.ascii	"\327\342\244\246\277>\221\251\206\240M\255E\372\306"
 4079      BF3E91A9 
 4079      86A04DAD 
 4079      45FAC6
 4080 01ff F6288EDF 		.ascii	"\366(\216\337\317\222\026\034K\224z\005\351\202\012"
 4080      CF92161C 
 4080      4B947A05 
 4080      E9820A
 4081 020e EC287E62 		.ascii	"\354(~b&i&Z\316\206\370\215\035\304\311\"\246\030\316"
 4081      2669265A 
 4081      CE86F88D 
 4081      1DC4C922 
 4081      A618CE
 4082 0221 3BB2C045 		.ascii	";\262\300E\337\346\3337`\235\357\340\233\357.2\272\236"
 4082      DFE6DB37 
 4082      609DEFE0 
 4082      9BEF2E32 
 4082      BA9E
 4083 0233 85F367E6 		.ascii	"\205\363g\346z\253\356\346\340S\242r\302r\316O\206~"
 4083      7AABEEE6 
 4083      E053A272 
 4083      C272CE4F 
 4083      867E
 4084 0245 4EF128FC 		.ascii	"N\361(\374q\275\003\226\302K\020\266,b~\265G\341\356"
 4084      71BD0396 
 4084      C24B10B6 
 4084      2C627EB5 
 4084      47E1EE
 4085 0258 0F6E16C2 		.ascii	"\017n\026\302@\030O\330r\251\364a\331\216.\224\207\317"
 4085      40184FD8 
 4085      72A9F461 
 4085      D98E2E94 
 4085      87CF
 4086 026a 4F9014E1 		.ascii	"O\220\024\341Ox\347\037(\036}\311\306\202y\0177!R\227"
 4086      4F78E71F 
 4086      281E7DC9 
 4086      C682790F 
 4086      37215297 
 4087 027e 2CD8B739 		.ascii	",\330\2679S\235o\274n\255\225-\377\306vO\302\377\023"
 4087      539D6FBC 
ARM GAS  C:\Users\nicx5\AppData\Local\Temp\ccjkJcxQ.s 			page 127


 4087      6EAD952D 
 4087      FFC6764F 
 4087      C2FF13
 4088 0291 023F14C0 		.ascii	"\002?\024\300\036\360\207\201P=\340\217\311\267\004"
 4088      1EF08781 
 4088      503DE08F 
 4088      C9B704
 4089 02a0 5C4734F9 		.ascii	"\\G4\371\276G0`\340\240\347\363\001\342\311QB\333\307"
 4089      BE473060 
 4089      E0A0E7F3 
 4089      01E2C951 
 4089      42DBC7
 4090 02b3 B374E2F7 		.ascii	"\263t\342\367\304+\321SR\372\001j\002\376z|PF=<\014"
 4090      C42BD153 
 4090      52FA016A 
 4090      02FE7A7C 
 4090      50463D3C 
 4091 02c8 11887852 		.ascii	"\021\210xRR\016\210z~PI)\226\240(\004\265\224\223\004"
 4091      520E887A 
 4091      7E504929 
 4091      96A02804 
 4091      B5949304 
 4092 02dc 22A41FA0 		.ascii	"\"\244\037\240\014GFH?&(\247\016H\020\206\006tw\233"
 4092      0C474648 
 4092      3F2628A7 
 4092      0E481086 
 4092      0674779B 
 4093 02f0 FDCC5FEC 		.ascii	"\375\314_\354;\203\3639C#\031\326\253\270\214a\217\343"
 4093      3B83F339 
 4093      432319D6 
 4093      ABB88C61 
 4093      8FE3
 4094 0302 7BD3733F 		.ascii	"{\323s?\354\356\334\337\307\022\022\326\300\305\005"
 4094      ECEEDCDF 
 4094      C71212D6 
 4094      C0C505
 4095 0311 B123FDC9 		.ascii	"\261#\375\311K\370\266v\203\264V\266\3200\237\336\214"
 4095      4BF8B676 
 4095      83B456B6 
 4095      D0309FDE 
 4095      8C
 4096 0322 CCB81717 		.ascii	"\314\270\027\027\363\366\345n\274\234\3462\347,\373"
 4096      F3F6E56E 
 4096      BC9CE632 
 4096      E72CFB
 4097 0331 6C9E1566 		.ascii	"l\236\025f&g\337\301\353\263\357X3\252\202d\016\306"
 4097      2667DFC1 
 4097      EBB3EF58 
 4097      33AA8264 
 4097      0EC6
 4098 0343 C4D0FAEB 		.ascii	"\304\320\372\353Q\315I\375\365(l\242)uz\270\213\316"
 4098      51CD49FD 
 4098      F5286CA2 
 4098      29757AB8 
 4098      8BCE
 4099 0355 139B62AB 		.ascii	"\023\233b\2537\275v\327\243x\200\216\250Q4j\031\"\031"
 4099      37BD76D7 
ARM GAS  C:\Users\nicx5\AppData\Local\Temp\ccjkJcxQ.s 			page 128


 4099      A378808E 
 4099      A851346A 
 4099      192219
 4100 0368 11114941 		.ascii	"\021\021IA\012\222t\240\242\031\262\352\006\021\320"
 4100      0A9274A0 
 4100      A219B2EA 
 4100      0611D0
 4101 0377 304AA121 		.ascii	"0J\241!MIARk\031\003O\010|\236LE\331\334}}\252\214t"
 4101      4D494152 
 4101      6B19034F 
 4101      087C9E4C 
 4101      45D9DC7D 
 4102 038f 1FA14448 		.ascii	"\037\241DH\224<\344\311\037B\314\320\206t\221\324\336"
 4102      943CE4C9 
 4102      1F42CCD0 
 4102      867491D4 
 4102      DE
 4103 03a0 ED1A43D9 		.ascii	"\355\032C\331%\330\367%\302&\243\3371_\344I!\302(\244"
 4103      25D8F725 
 4103      C226A3DF 
 4103      315FE449 
 4103      21C228A4 
 4104 03b4 118D9C92 		.ascii	"\021\215\234\222\2745j\027\000\340N\027o\241\011\311"
 4104      BC356A17 
 4104      00E04E17 
 4104      6FA109C9 
 4105 03c4 6655E121 		.ascii	"fU\341!*\273\254\377\202\016\216\210\217\315x9N\225"
 4105      2ABBACFF 
 4105      820E8E88 
 4105      8FCD7839 
 4105      4E95
 4106 03d6 69910CA0 		.ascii	"i\221\014\240\"\024\301\203\000\224T\022\312\321\245"
 4106      2214C183 
 4106      00945412 
 4106      CAD1A5
 4107 03e5 0F5C684B 		.ascii	"\017\\hKQ\000X\255`x,b\340\232\3501;\204\37230G\341"
 4107      510058AD 
 4107      60782C62 
 4107      E09AE831 
 4107      3B84FA33 
 4108 03fc 03A12E04 		.ascii	"\003\241.\004A\020j\3533m+\274\252\006E@%d\206z\257"
 4108      41106AEB 
 4108      336D2BBC 
 4108      AA064540 
 4108      2564867A 
 4109 0411 EE1D30BE 		.ascii	"\356\0350\276\223\276A\372\256\357\260\276\272\353c"
 4109      93BE41FA 
 4109      AEEFB0BE 
 4109      BAEB63
 4110 0420 B88356F2 		.ascii	"\270\203V\362\355v#\003\3611W\020vjs^\375\320\253\356"
 4110      ED762303 
 4110      F1315710 
 4110      766A735E 
 4110      FDD0ABEE 
 4111 0434 C7E00590 		.ascii	"\307\340\005\220?\016I\335{\177\023a\034\242\356Su\241"
 4111      3F0E49DD 
 4111      7B7F1361 
ARM GAS  C:\Users\nicx5\AppData\Local\Temp\ccjkJcxQ.s 			page 129


 4111      1CA2EE53 
 4111      75A1
 4112 0446 136B50EF 		.ascii	"\023kP\357\356\033\327\355\377\364Eg\352\3172o\254~"
 4112      EE1BD7ED 
 4112      FFF44567 
 4112      EACF326F 
 4112      AC7E
 4113 0458 BA59A75F 		.ascii	"\272Y\247_\203\244\352d\243\311Bt\240\205\221>\017\231"
 4113      83A4EA64 
 4113      A3C94274 
 4113      A085913E 
 4113      0F99
 4114 046a 15102736 		.ascii	"\025\020'6\255O\335|6}2\2223\325\336\362\276\355 \214"
 4114      AD4FDD7C 
 4114      367D3292 
 4114      33D5DEF2 
 4114      BEED208C 
 4115 047e F8A656E0 		.ascii	"\370\246V\340\003`\021,\362e5"
 4115      0360112C 
 4115      F26535
 4116              		.text
 4117              		.section	.gnu.lto_HAL_QSPI_Transmit.342.1f2fea0a,"e",%progbits
 4118 0000 28B52FFD 		.ascii	"(\265/\375`\036\012\2154\000JVT\023EP^R\007\352\211"
 4118      601E0A8D 
 4118      34004A56 
 4118      54134550 
 4118      5E5207EA 
 4119 0015 4A4C1412 		.ascii	"JL\024\022\274\242\201E\206\330}\000+Ng\230\301\330"
 4119      BCA28145 
 4119      86D87D00 
 4119      2B4E6798 
 4119      C1D8
 4120 0027 F291291A 		.ascii	"\362\221)\032\303;\241\221\022\210\310\016.\022_^\233"
 4120      C33BA191 
 4120      1288C80E 
 4120      2E125F5E 
 4120      9B
 4121 0038 B85A5C6A 		.ascii	"\270Z\\j\203\201\024@\015\321Py\017\232\200\341G\274"
 4121      83811440 
 4121      0DD15079 
 4121      0F9A80E1 
 4121      47BC
 4122 004a 8B82D8DD 		.ascii	"\213\202\330\335d\357-eJ\001$\001\011\001$\001r\242"
 4122      64EF2D65 
 4122      4A012401 
 4122      09012401 
 4122      72A2
 4123 005c DE8E9937 		.ascii	"\336\216\2317\216\255\251m\252\3232<t[{z\325<\247\373"
 4123      8EADA96D 
 4123      AAD3323C 
 4123      745B7B7A 
 4123      D53CA7FB 
 4124 0070 2C811A51 		.ascii	",\201\032Q\356T\255\274\211l\015\347U\273\314\331[\016"
 4124      EE54ADBC 
 4124      896C0DE7 
 4124      55BBCCD9 
 4124      5B0E
ARM GAS  C:\Users\nicx5\AppData\Local\Temp\ccjkJcxQ.s 			page 130


 4125 0082 C1B3FE5D 		.ascii	"\301\263\376]\356q/j\225\333\372\343\372\022\245\247"
 4125      EE712F6A 
 4125      95DBFAE3 
 4125      FA12A5A7 
 4126 0092 5CEB718F 		.ascii	"\\\353q\217\205\275)\357\242rv\177)?\205\306\307\311"
 4126      85BD29EF 
 4126      A272767F 
 4126      293F85C6 
 4126      C7C9
 4127 00a4 70A0BDEF 		.ascii	"p\240\275\357\374\345\355-\227\300?\270\317\036\337"
 4127      FCE5ED2D 
 4127      97C03FB8 
 4127      CF1EDF
 4128 00b3 D83EBB7E 		.ascii	"\330>\273~P\373,\003\0074\234\251w\036\224\346\210\252"
 4128      50FB2C03 
 4128      07349CA9 
 4128      771E94E6 
 4128      88AA
 4129 00c5 941E58EC 		.ascii	"\224\036X\354\354-\307\244\221\270\233\231_$\372\364"
 4129      EC2DC7A4 
 4129      91B89B99 
 4129      5F24FAF4 
 4130 00d5 0C85AF1B 		.ascii	"\014\205\257\033l\331Ug\246\177\327\027\001pY\033\343"
 4130      6CD95567 
 4130      A67FD717 
 4130      0170591B 
 4130      E3
 4131 00e6 B74696F6 		.ascii	"\267F\226\366D\237\240\323\032\031\332\367\254\221\001"
 4131      449FA0D3 
 4131      1A19DAF7 
 4131      AC9101
 4132 00f5 F9E1F1ED 		.ascii	"\371\341\361\355\371#\013W\2459\\\352<\374\004\262\032"
 4132      F9230B57 
 4132      A5395CEA 
 4132      3CFC04B2 
 4132      1A
 4133 0106 C79438FF 		.ascii	"\307\2248\377\355y\226_\370\351\343\357>\337\200\206"
 4133      ED79965F 
 4133      F8E9E3EF 
 4133      3EDF8086 
 4134 0116 65974011 		.ascii	"e\227@\0212\263\017\256\024\250@\211\022\241b\253\246"
 4134      32B30FAE 
 4134      14A84089 
 4134      12A162AB 
 4134      A6
 4135 0127 DE89F9B7 		.ascii	"\336\211\371\267\247\217\334\006\235\364b4\27752\263"
 4135      A78FDC06 
 4135      9DF46234 
 4135      BF3532B3 
 4136 0137 67D7201F 		.ascii	"g\327 \037Y\370\036~\006Y\227\370\232\234\015\241`y"
 4136      59F81E7E 
 4136      065997F8 
 4136      9A9C0DA1 
 4136      6079
 4137 0149 5D95D0CE 		.ascii	"]\225\320\316\224=\374D[\215{C\340\014\241_Y\257\020"
 4137      943DFC44 
 4137      5B8D7B43 
ARM GAS  C:\Users\nicx5\AppData\Local\Temp\ccjkJcxQ.s 			page 131


 4137      E00CA15F 
 4137      59AF10
 4138 015c F6DE44A8 		.ascii	"\366\336D\250\327\352\356\275\377\356\011\274=\323r"
 4138      D7EAEEBD 
 4138      FFEE09BC 
 4138      3DD372
 4139 016b 0E3AEDBD 		.ascii	"\016:\355\275=;\241d\357?\357\376\003\334\375\314\375"
 4139      3D3BA164 
 4139      EF3FEFFE 
 4139      03DCFDCC 
 4139      FD
 4140 017c AD0A4F2E 		.ascii	"\255\012O.\240p\355\371\236j\314h-\365\177\2516\353"
 4140      A070EDF9 
 4140      9E6ACC68 
 4140      2DF57FA9 
 4140      36EB
 4141 018e 0B7D5FB9 		.ascii	"\013}_\271\352\356\"\336\213T\326\357\224\252\275\274"
 4141      EAEE22DE 
 4141      8B54D6EF 
 4141      94AABDBC 
 4142 019e 0032D00D 		.ascii	"\0002\320\015\336Z\376\251\177\264\362\\\264\224\332"
 4142      DE5AFEA9 
 4142      7FB4F25C 
 4142      B494DA
 4143 01ad 9CEE243E 		.ascii	"\234\356$>o\312\335[\255i\313\214*\317\200U\242P\224"
 4143      6FCADD5B 
 4143      AD69CB8C 
 4143      2ACF8055 
 4143      A25094
 4144 01c0 EDB36EE5 		.ascii	"\355\263n\345Z\353\021\315\311\207f\316\336{\301G\205"
 4144      5AEB11CD 
 4144      C98766CE 
 4144      DE7BC147 
 4144      85
 4145 01d1 343DF959 		.ascii	"4=\371Y\224M\376X\230\323+\027\211\214\366\331\327\034"
 4145      944DFE58 
 4145      98D32B17 
 4145      898CF6D9 
 4145      D71C
 4146 01e3 A2D3A6F6 		.ascii	"\242\323\246\366rd \333\221~\272?\372d\367\023X\371"
 4146      726420DB 
 4146      917EBA3F 
 4146      FA64F713 
 4146      58F9
 4147 01f5 9D47FAF7 		.ascii	"\235G\372\367\204xi0G\006\252\3713\333\267\373\207\023"
 4147      84786930 
 4147      4706AAF9 
 4147      33DBB7FB 
 4147      8713
 4148 0207 D2CCB1BB 		.ascii	"\322\314\261\273\345\011\204w\216]\256+k\251\177\026"
 4148      E5098477 
 4148      8E5DAE2B 
 4148      6BA97F16 
 4149 0217 DB7E785C 		.ascii	"\333~x\\G\335\221K/\367\257\364\323\177\244\217\373"
 4149      47DD914B 
 4149      2FF7AFF4 
 4149      D37FA48F 
ARM GAS  C:\Users\nicx5\AppData\Local\Temp\ccjkJcxQ.s 			page 132


 4149      FB
 4150 0228 3F3EDDFB 		.ascii	"?>\335\373\221g'\0322\276\335\273\320\233=\350\315\016"
 4150      9167271A 
 4150      32BEDDBB 
 4150      D09B3DE8 
 4150      CD0E
 4151 023a D46607F0 		.ascii	"\324f\007\360f\377y\263\027\337\354D\235\335Gg\357\021"
 4151      66FF79B3 
 4151      17DFEC44 
 4151      9DDD4767 
 4151      EF11
 4152 024c 661FEAEC 		.ascii	"f\037\352\354\3027\373\373fw\337\354\3017{\373fg\337"
 4152      C237FBFB 
 4152      6677DFEC 
 4152      C1377BFB 
 4152      6667DF
 4153 025f ECAB9B5D 		.ascii	"\354\253\233]\007\263\3476\373;`\235}\3244\003x{\247"
 4153      07B3E736 
 4153      FB3B609D 
 4153      7DD43403 
 4153      787BA7
 4154 0272 C576B61E 		.ascii	"\305v\266\036\333e\311\323\375\333\275\273\323\360\237"
 4154      DB65C9D3 
 4154      FDDBBDBB 
 4154      D3F09F
 4155 0281 FBBABFF3 		.ascii	"\373\272\277\363\3411\007\272\252T\234\232\353\336{"
 4155      E13107BA 
 4155      AA549C9A 
 4155      EBDE7B
 4156 0290 BBC5DC8C 		.ascii	"\273\305\334\214\3438\376\255\226\250\213:\030\023\251"
 4156      E338FEAD 
 4156      96A88B3A 
 4156      1813A9
 4157 029f 49E0AD03 		.ascii	"I\340\255\003\215\332\276G\373\350 [\230\023/<=\332"
 4157      8DDABE47 
 4157      FBE8205B 
 4157      98132F3C 
 4157      3DDA
 4158 02b1 283A6DC6 		.ascii	"(:m\306mC\355\177g\006\263I\200\266\275\325\036\311"
 4158      6D43ED7F 
 4158      6706B349 
 4158      80B6BDD5 
 4158      1EC9
 4159 02c3 F19970ED 		.ascii	"\361\231p\355\263/\030\347\037\365\323\244`>\031\352"
 4159      B32F18E7 
 4159      1FF5D3A4 
 4159      603E19EA 
 4160 02d3 97CE8DB3 		.ascii	"\227\316\215\263:\\B]\245\2411\333\225 D\302\004\227"
 4160      3A5C425D 
 4160      A5A131DB 
 4160      952044C2 
 4160      0497
 4161 02e5 F4C37E4B 		.ascii	"\364\303~K\372\355\376\330\314J\372H\3773\247\264\353"
 4161      FAEDFED8 
 4161      CC4AFA48 
 4161      FF33A7B4 
 4161      EB
ARM GAS  C:\Users\nicx5\AppData\Local\Temp\ccjkJcxQ.s 			page 133


 4162 02f6 27B547ED 		.ascii	"'\265G\355\316\244\302\254\222\337\271\244\215e\333"
 4162      CEA4C2AC 
 4162      92DFB9A4 
 4162      8D65DB
 4163 0305 4C83B986 		.ascii	"L\203\271\206V\373`\255\346\015\365J\253\245\325\270"
 4163      56FB60AD 
 4163      E60DF54A 
 4163      ABA5D5B8 
 4164 0315 57FBBDF3 		.ascii	"W\373\275\363\257\230\026\307\361'\265\256~\365\213"
 4164      AF9816C7 
 4164      F127B5AE 
 4164      7EF58B
 4165 0324 99557839 		.ascii	"\231Ux9\372\205C\322\356\027\036\016W\204(\220f4\250"
 4165      FA8543D2 
 4165      EE171E0E 
 4165      57842890 
 4165      6634A8
 4166 0337 DD33BC9B 		.ascii	"\3353\274\233\035k\276\325A]dk\323\352\011l\254v\327"
 4166      1D6BBED5 
 4166      415D646B 
 4166      D3EA096C 
 4166      AC76D7
 4167 034a F07C4541 		.ascii	"\360|EA6\347\337'\265\253fu\021.\014\315K{\271\373\206"
 4167      36E7DF27 
 4167      B5AB6675 
 4167      112E0CCD 
 4167      4B7BB9FB 
 4168 035f 5733B56A 		.ascii	"W3\265j\012\321\351\213\252\032\320sh\365\240\212\226"
 4168      0AD1E98B 
 4168      AA1AD073 
 4168      68F5A08A 
 4168      96
 4169 0370 00E126D8 		.ascii	"\000\341&\330\214\224\325R\347j\221\264\20497P\201}"
 4169      8C94D552 
 4169      E76A91B4 
 4169      84393750 
 4169      817D
 4170 0382 5BADBB87 		.ascii	"[\255\273\207?3%\240MA\033\240\036\354xiF\300V\250V"
 4170      3F3325A0 
 4170      4D411BA0 
 4170      1EEC7869 
 4170      46C056A8 
 4171 0397 6BA53910 		.ascii	"k\2459\020O\006J\353\001\321\351\007J\201\205k\037\242"
 4171      4F064AEB 
 4171      01D1E907 
 4171      4A81856B 
 4171      1FA2
 4172 03a9 0D134AAD 		.ascii	"\015\023J\255er\251l\227Y\311\245R\305\025\326\362="
 4172      6572A96C 
 4172      9759C9A5 
 4172      52C515D6 
 4172      F23D
 4173 03bb 6122CB2A 		.ascii	"a\"\313*\271L\226p\227Z-L\260\300\212\012&\227I\014"
 4173      B94C9670 
 4173      975A2D4C 
 4173      B0C08A0A 
 4173      2697490C 
ARM GAS  C:\Users\nicx5\AppData\Local\Temp\ccjkJcxQ.s 			page 134


 4174 03cf 2E582FB1 		.ascii	".X/\261`\301\203\344\025\262\201\002#\024\254_)\300"
 4174      60C183E4 
 4174      15B28102 
 4174      2314AC5F 
 4174      29C0
 4175 03e1 72A17C61 		.ascii	"r\241|a\265\"\211\002\005\203\006,\226J\246\253\254"
 4175      B5228902 
 4175      0583062C 
 4175      964AA6AB 
 4175      AC
 4176 03f2 104C561D 		.ascii	"\020LV\035*<Y\305\210\361\340\211I\231e\002\006V\026"
 4176      2A3C59C5 
 4176      88F1E089 
 4176      49996502 
 4176      065616
 4177 0405 86268FD1 		.ascii	"\206&\217\321\302\302\023\025\203\006\036\242BP)Ud\265"
 4177      C2C21315 
 4177      83061EA2 
 4177      42502955 
 4177      64B5
 4178 0417 90A29290 		.ascii	"\220\242\222\220A\310\335\345\366\353\250\013(;\202"
 4178      41C8DDE5 
 4178      F6EBA80B 
 4178      283B82
 4179 0426 461CD23A 		.ascii	"F\034\322:\306\336\240\345l\366DD:k\261<\305\036\243"
 4179      C6DEA0E5 
 4179      6CF64444 
 4179      3A6BB13C 
 4179      C51EA3
 4180 0439 2E2A3382 		.ascii	".*3\202\247\3633[\243\262\"J|r\331\017\345:&p\001\317"
 4180      A7F3335B 
 4180      A3B2224A 
 4180      7C72D90F 
 4180      E53A2670 
 4181 044f 3CA4DEEA 		.ascii	"<\244\336\352\242Cg\210Z\312\225E\307&H\353(r?\251\005"
 4181      A2436788 
 4181      5ACA9545 
 4181      C72648EB 
 4181      28723FA9 
 4182 0464 D2413A08 		.ascii	"\322A:\010&V\346!?\201tQt\232E\267G\024\207\245\214"
 4182      2656E621 
 4182      3F817451 
 4182      749A45B7 
 4182      471487A5 
 4183 0479 8F967A1E 		.ascii	"\217\226z\036\276\225\227\216U\225\010\221\332\327W"
 4183      BE95978E 
 4183      55950891 
 4183      DAD757
 4184 0488 481B3FE7 		.ascii	"H\033?\347\370\243s3\366d\261wg\272\345\033TUn2\333"
 4184      F8A37333 
 4184      F664B177 
 4184      67BAE51B 
 4184      54556E32 
 4185 049d 5002D0AF 		.ascii	"P\002\320\257[|\347\375\202\207\014\221}q\034$\340g"
 4185      5B7CE7FD 
 4185      82870C91 
 4185      7D711C24 
ARM GAS  C:\Users\nicx5\AppData\Local\Temp\ccjkJcxQ.s 			page 135


 4185      E067
 4186 04af 24123466 		.ascii	"$\0224f\003o \033tu\302\325}+\2574V\007\257]\322Bz\314"
 4186      036F201B 
 4186      7475C2D5 
 4186      7D2BAF34 
 4186      5607AF5D 
 4187 04c7 DD85F477 		.ascii	"\335\205\364w\231\313~q\024!}\344\325R\237j\177\364"
 4187      99CB7E71 
 4187      14217DE4 
 4187      D5529F6A 
 4187      7FF4
 4188 04d9 4AFDFAD1 		.ascii	"J\375\372\321J\321)\365\356\003\200\325\250\2410\007"
 4188      4AD129F5 
 4188      EE0380D5 
 4188      A8A13007 
 4189 04e9 95523223 		.ascii	"\225R2#\"\222$I\2411\240\002\021!+v\021 \265d\212f&"
 4189      22922449 
 4189      A131A002 
 4189      11212B76 
 4189      1120B564 
 4190 0500 6852C8B0 		.ascii	"hR\310\260\031\337\037h<\271+f\037\3325\177\247\242"
 4190      19DF1F68 
 4190      3CB92B66 
 4190      1FDA357F 
 4190      A7A2
 4191 0512 871160D0 		.ascii	"\207\021`\320\011\341\361\270`:]5\204\214e(\005JD\277"
 4191      09E1F1B8 
 4191      603A5D35 
 4191      848C6528 
 4191      054A44BF 
 4192 0526 A0C56564 		.ascii	"\240\305ed\213,7\266\0360F\365a\272r *\214+(%l\251y"
 4192      8B2C37B6 
 4192      1E3046F5 
 4192      61BA7220 
 4192      2A8C2B28 
 4193 053e D8B108B2 		.ascii	"\330\261\010\262\264[\300\223[A\274^x\326\300#\006\257"
 4193      B45BC093 
 4193      5B41BC5E 
 4193      78D6C023 
 4193      06AF
 4194 0550 A61A2665 		.ascii	"\246\032&e\020\357\2272e\007\372T\336N\223$#\2266\303"
 4194      10EF9732 
 4194      6507FA54 
 4194      DE4E9324 
 4194      239636C3 
 4195 0564 88DD57B1 		.ascii	"\210\335W\261\017i\223\300\027m\023\375\"|\342f\330"
 4195      0F6993C0 
 4195      176D13FD 
 4195      227CE266 
 4195      D8
 4196 0575 C885BA70 		.ascii	"\310\205\272pS\314^5\2572\0264hB\307\251y\013v\357\375"
 4196      53CC5E35 
 4196      AF321634 
 4196      6842C7A9 
 4196      790B76EF 
 4197 058a 2724E16C 		.ascii	"'$\341lP\271\354\364\362t\226c\257e\226\353\021d\334"
 4197      50B9ECF4 
ARM GAS  C:\Users\nicx5\AppData\Local\Temp\ccjkJcxQ.s 			page 136


 4197      F2749663 
 4197      AF6596EB 
 4197      1164DC
 4198 059d 8F5E9C65 		.ascii	"\217^\234eG\037\262^\214\036\024\221A(\327\362\306\020"
 4198      471FB25E 
 4198      8C1E1491 
 4198      4128D7F2 
 4198      C610
 4199 05af D0D64DE1 		.ascii	"\320\326M\341\367\241\335\215\210S6\204H\226\265\237"
 4199      F7A1DD8D 
 4199      88533684 
 4199      4896B59F 
 4200 05bf 4F74C708 		.ascii	"Ot\307\010i@/6>\361\003\335Q\206\333d\323\236\360<\244"
 4200      69402F36 
 4200      3EF103DD 
 4200      5186DB64 
 4200      D39EF03C 
 4201 05d4 F69B307D 		.ascii	"\366\2330}R\361}Q\254\016Ec\366U\314!\370\346\014\206"
 4201      52F17D51 
 4201      AC0E4563 
 4201      F655CC21 
 4201      F8E60C86 
 4202 05e8 62354F03 		.ascii	"b5O\003s\030{\353F\337\227\320{$4\001\346\237\374,\207"
 4202      73187BEB 
 4202      46DF97D0 
 4202      7B243401 
 4202      E69FFC2C 
 4203 05fd F3A179C0 		.ascii	"\363\241y\300\015\036\017\251\012*Q\3314\026\016\353"
 4203      0D1E0FA9 
 4203      0A2A51D9 
 4203      34160EEB 
 4204 060d 4B6D0E25 		.ascii	"Km\016%\274R\331kBT?\037\361\244\004m1\371@4\201'G\305"
 4204      BC52D96B 
 4204      42543F1F 
 4204      F1A4046D 
 4204      31F94034 
 4205 0625 E800BB6D 		.ascii	"\350\000\273m9\021\341\306(\241\010\014\351g\210u8h"
 4205      3911E1C6 
 4205      28A1080C 
 4205      E9678875 
 4205      3868
 4206 0637 88E86283 		.ascii	"\210\350b\203`Cf9\257~\313\005v~\256#4v\361\33022\010"
 4206      60436639 
 4206      AF7ECB05 
 4206      767EAE23 
 4206      3476F1D8 
 4207 064e 0F415E42 		.ascii	"\017A^B\277[\011\013\231Y+\316*C\020\253\360\225\342"
 4207      BF5B090B 
 4207      99592BCE 
 4207      2A4310AB 
 4207      F095E2
 4208 0661 14C5AE89 		.ascii	"\024\305\256\211V\032\340\025#24\200\240\237\256\022"
 4208      561AE015 
 4208      23323480 
 4208      A09FAE12 
 4209 0671 77BD9C50 		.ascii	"w\275\234P\264\003!\241Ua\221\0247\201\023\352\300\033"
 4209      B40321A1 
ARM GAS  C:\Users\nicx5\AppData\Local\Temp\ccjkJcxQ.s 			page 137


 4209      55619114 
 4209      378113EA 
 4209      C01B
 4210 0683 853BDA8F 		.ascii	"\205;\332\217S\305\2518M\2706\204\225\351\004\277k\350"
 4210      53C5A938 
 4210      4DB83684 
 4210      95E904BF 
 4210      6BE8
 4211 0695 B6531F60 		.ascii	"\266S\037`\301*"
 4211      C12A
 4212              		.text
 4213              		.section	.gnu.lto_HAL_QSPI_Receive.343.1f2fea0a,"e",%progbits
 4214 0000 28B52FFD 		.ascii	"(\265/\375`\311\012\0357\000*Z\024\024AP\346Q\007\247"
 4214      60C90A1D 
 4214      37002A5A 
 4214      14144150 
 4214      E65107A7 
 4215 0014 7449BABE 		.ascii	"tI\272\276\260\213\254\237\313\321\210\217\025\327\240"
 4215      B08BAC9F 
 4215      CBD1888F 
 4215      15D7A0
 4216 0023 A5C22548 		.ascii	"\245\302%H\200\341@^/\037\344\002\002\032P\277C8\012"
 4216      80E1405E 
 4216      2F1FE402 
 4216      021A50BF 
 4216      43380A
 4217 0036 100B0017 		.ascii	"\020\013\000\027GP\005\374\345\2501\311D\313n\367\202"
 4217      475005FC 
 4217      E5A831C9 
 4217      44CB6EF7 
 4217      82
 4218 0047 08427693 		.ascii	"\010Bv\223\275wJ)\0054\001\021\0014\001r\374S\320H\252"
 4218      BD774A29 
 4218      05340111 
 4218      01340172 
 4218      FC53D048 
 4219 005c E3927E95 		.ascii	"\343\222~\225\334w\023t\326\024\343zb\2457\256\017\235"
 4219      DC771374 
 4219      D614E37A 
 4219      62A537AE 
 4219      0F9D
 4220 006e 3DF1D2A4 		.ascii	"=\361\322\244\311\033\226\235\335\031\330\262L\212\331"
 4220      C91B969D 
 4220      DD19D8B2 
 4220      4C8AD9
 4221 007d EDCA6F95 		.ascii	"\355\312o\225\373\320\272\2630\274{\333\"\264\312m\204"
 4221      FBD0BAB3 
 4221      30BC7BDB 
 4221      22B4CA6D 
 4221      84
 4222 008e 5540482A 		.ascii	"U@H*m\303\302\313\322#\365lY\351\3602\341\362rd[U\000"
 4222      6DC3C2CB 
 4222      D223F56C 
 4222      59E9F032 
 4222      E1F27264 
 4223 00a5 47CA9DB9 		.ascii	"G\312\235\271\313\264\231\"}f\010\013\270\267\021\336"
 4223      CBB49922 
ARM GAS  C:\Users\nicx5\AppData\Local\Temp\ccjkJcxQ.s 			page 138


 4223      7D66080B 
 4223      B8B711DE 
 4224 00b5 9B7BDB26 		.ascii	"\233{\333&0\013\266\325a\013\327V\323^Z[\205\302P\204"
 4224      300BB6D5 
 4224      610BD756 
 4224      D35E5A5B 
 4224      85C25084 
 4225 00c9 937FDF8C 		.ascii	"\223\177\337\214Q\3168cBi\303\350\3366\342ka\326\223"
 4225      51CE3863 
 4225      4269C3E8 
 4225      DE36E26B 
 4225      61D693
 4226 00dc 1D042A25 		.ascii	"\035\004*%\375|-\333[\325\364=\311m\244\203\001\352"
 4226      FD7C2DDB 
 4226      5BD5F43D 
 4226      C96DA483 
 4226      01EA
 4227 00ee B0883964 		.ascii	"\260\2109d\366E\326@\245\036\010\263\257\261N2\373\232"
 4227      F645D640 
 4227      A51E08B3 
 4227      AFB14E32 
 4227      FB9A
 4228 0100 D2BFA11A 		.ascii	"\322\277\241\032S\212\373\322'\274\272E\015eNI\205L"
 4228      538AFBD2 
 4228      27BCBA45 
 4228      0D654E49 
 4228      854C
 4229 0112 B82C5B8D 		.ascii	"\270,[\215\031\346-\224\031\245\345\332\223xq9\273\340"
 4229      19E62D94 
 4229      19A5E5DA 
 4229      93787139 
 4229      BBE0
 4230 0124 CA1758F7 		.ascii	"\312\027X\367\322\017h\3068\201^]\351\273\301\321i5"
 4230      D20F68C6 
 4230      38815E5D 
 4230      E9BBC1D1 
 4230      6935
 4231 0136 66145F7B 		.ascii	"f\024_{ \354\316\036\0352\373\002k5]\212\342\346OC\231"
 4231      20ECCE1E 
 4231      1D32FB02 
 4231      6B355D8A 
 4231      E2E64F43 
 4232 014b 62A9843F 		.ascii	"b\251\204?`\302~^[\236\246Ocw\232\015e\216\245B\273"
 4232      60C27E5E 
 4232      5B9EA64F 
 4232      63779A0D 
 4232      658EA542 
 4233 0160 33423FAF 		.ascii	"3B?\257#\376\351\206{/\320K+e\357\275-\327\013\324\230"
 4233      23FEE986 
 4233      7B2FD04B 
 4233      2B65EFBD 
 4233      2DD70BD4 
 4234 0175 64EE3D10 		.ascii	"d\356=\020\367^\366\245\327W3\200fn\004\314|\306\334"
 4234      F75EF6A5 
 4234      D7573380 
 4234      666E04CC 
 4234      7CC6DC
ARM GAS  C:\Users\nicx5\AppData\Local\Temp\ccjkJcxQ.s 			page 139


 4235 0188 4603828E 		.ascii	"F\003\202\216x$f\206\321tb\370\267\014\256\035\364\302"
 4235      78246686 
 4235      D17462F8 
 4235      B70CAE1D 
 4235      F4C2
 4236 019a E976EB21 		.ascii	"\351v\353!\233\226s\365\204\266d\226\321qZeOT77f\006"
 4236      9B9673F5 
 4236      84B66496 
 4236      D1715A65 
 4236      4F543737 
 4237 01b0 5FA5C3B1 		.ascii	"_\245\303\261\345\237<x\367\336\012\355,\203z\2561\370"
 4237      E59F3C78 
 4237      F7DE0AED 
 4237      2C837AAE 
 4237      31F8
 4238 01c2 7E6B2065 		.ascii	"~k eJ\256\321uS\354\275T2p\277!BED;\256\2552\370\004"
 4238      4AAED175 
 4238      53ECBD54 
 4238      3270BF21 
 4238      4245443B 
 4239 01db 4E36B7D7 		.ascii	"N6\267\327b\346b\323\0353p\317%\317T\261Z\206\254\255"
 4239      62E662D3 
 4239      1D3370CF 
 4239      25CF54B1 
 4239      5A86ACAD 
 4240 01ef F6139D6C 		.ascii	"\366\023\235l\312\327b\250\347\227\341\367\263\207J"
 4240      CAD762A8 
 4240      E797E1F7 
 4240      B3874A
 4241 01fe CE9CC3CA 		.ascii	"\316\234\303\312{9\374\266+\323\372-\206zn\341N\256"
 4241      7B39FCB6 
 4241      2BD3FA2D 
 4241      867A6EE1 
 4241      4EAE
 4242 0210 1DD7BD56 		.ascii	"\035\327\275V\246\364(\253=\235\320\353Qn3\342\237\306"
 4242      A6F428AB 
 4242      3D9DD0EB 
 4242      516E33E2 
 4242      9FC6
 4243 0222 ED5DF790 		.ascii	"\355]\367\220#~'s\024\261\333\272'4[\367\203~kf\320"
 4243      237E2773 
 4243      14B1DBBA 
 4243      27345BF7 
 4243      837E6B66 
 4244 0237 67BA17F4 		.ascii	"g\272\027\364\263y\310\316\005\230\010t\\\263\260u\036"
 4244      B379C8CE 
 4244      05980874 
 4244      5CB3B075 
 4244      1E
 4245 0248 D03A2FAD 		.ascii	"\320:/\255\316\002Z\347\000\2553\200\3269\370\316\300"
 4245      CE025AE7 
 4245      00AD3380 
 4245      D639F8CE 
 4245      C0
 4246 0259 7756F239 		.ascii	"wV\3629'\275\363\257u\366\265\316m\353\314\266\316\275"
 4246      27BDF3AF 
 4246      75F6B5CE 
ARM GAS  C:\Users\nicx5\AppData\Local\Temp\ccjkJcxQ.s 			page 140


 4246      6DEBCCB6 
 4246      CEBD
 4247 026b D6796D9D 		.ascii	"\326ym\235\325\3269e\235\277\347\354\253soP\305\354"
 4247      D5D63965 
 4247      9DBFE7EC 
 4247      AB736F50 
 4247      C5EC
 4248 027d DCD0A0B8 		.ascii	"\334\320\240\270\334K\026et\367\250p\272\364[\367\263"
 4248      DC4B1665 
 4248      74F7A870 
 4248      BAF45BF7 
 4248      B3
 4249 028e 3BAE9FB9 		.ascii	";\256\237\271\231\271\010\267\232^\323p\035\321h\264"
 4249      99B908B7 
 4249      9A5ED370 
 4249      1DD168B4 
 4250 029e B1D6E003 		.ascii	"\261\326\340\003\370\036\227p\256\251\3407\011\002\376"
 4250      F81E9770 
 4250      AEA9E037 
 4250      0902FE
 4251 02ad 9126340B 		.ascii	"\221&4\013\255\364\300\357Y\341\012\243\345J\245or\262"
 4251      ADF4C0EF 
 4251      59E10AA3 
 4251      E54AA56F 
 4251      72B2
 4252 02bf 29DDF449 		.ascii	")\335\364Izn>:\222_\014\240\365\326,\363\224\035%\222"
 4252      7A6E3E3A 
 4252      925F0CA0 
 4252      F5D62CF3 
 4252      941D2592 
 4253 02d3 04C3DE4B 		.ascii	"\004\303\336K\245\265\014;\271\266\266\232\364=?I\302"
 4253      A5B50C3B 
 4253      B9B6B69A 
 4253      F43D3F49 
 4253      C2
 4254 02e4 2065FD5E 		.ascii	" e\375^\201\235\234X\2259=\342\367\335\026\342w\234"
 4254      819D9C58 
 4254      95393DE2 
 4254      F7DD16E2 
 4254      779C
 4255 02f6 039FF0C3 		.ascii	"\003\237\360\303\357N\222Y\327vZ\027<s\322L\022\215"
 4255      EF4E9259 
 4255      D7765A17 
 4255      3C73D24C 
 4255      128D
 4256 0308 F792F8C2 		.ascii	"\367\222\370\302\346\005\373-\376/7V\240\317g\220\233"
 4256      E605FB2D 
 4256      FE2F3756 
 4256      A0CF6790 
 4256      9B
 4257 0319 DCEA708C 		.ascii	"\334\352p\214\030\265`px\277\250\227yC\247\265}\337"
 4257      18B56070 
 4257      78BFA897 
 4257      7943A7B5 
 4257      7DDF
 4258 032b 77573348 		.ascii	"wW3H\026\215F\333ie\277\375\356\002K\246\351\274o\375"
 4258      168D46DB 
ARM GAS  C:\Users\nicx5\AppData\Local\Temp\ccjkJcxQ.s 			page 141


 4258      6965BFFD 
 4258      EE024BA6 
 4258      E9BC6FFD 
 4259 033f 3C78E610 		.ascii	"<x\346\020\215\227\305\3019EI\246\367\314#\332\220\223"
 4259      8D97C5C1 
 4259      394549A6 
 4259      F7CC23DA 
 4259      9093
 4260 0351 40BD7EEF 		.ascii	"@\275~\357\203V\010\255\357aM}\346\022}7\325\263\262"
 4260      835608AD 
 4260      EF614D7D 
 4260      E6127D37 
 4260      D5B3B2
 4261 0364 CCEB765A 		.ascii	"\314\353vZ\323W?\270\3065\246e\242\001\245\377\301\311"
 4261      D3573FB8 
 4261      C635A665 
 4261      A201A5FF 
 4261      C1C9
 4262 0376 6684FBD2 		.ascii	"f\204\373\322(\326>-\022H@K\004W\005\232\001j'M\375"
 4262      28D63E2D 
 4262      1248404B 
 4262      0457059A 
 4262      016A274D 
 4263 038b 34CE5A1F 		.ascii	"4\316Z\037|\0075w/\236\215\260V\346\024\275g\352\000"
 4263      7C073577 
 4263      2F9E8DB0 
 4263      56E614BD 
 4263      67EA00
 4264 039e 05B44478 		.ascii	"\005\264DxP\246#\303\262\225\266X\377\237\324\254h<"
 4264      50A623C3 
 4264      B295B658 
 4264      FF9FD4AC 
 4264      683C
 4265 03b0 2DFE1138 		.ascii	"-\376\0218\331\374y\007\365\231\265\213\265\316\011"
 4265      D9FC7907 
 4265      F599B58B 
 4265      B5CE09
 4266 03bf 3691CFAC 		.ascii	"6\221\317\254\3770\371\330\371O\353\216\261\372\217"
 4266      FF30F9D8 
 4266      F94FEB8E 
 4266      B1FA8F
 4267 03ce 08C72B64 		.ascii	"\010\307+d\021y\\\221\306\"\362\270\243\312\012\331"
 4267      11795C91 
 4267      C622F2B8 
 4267      A3CA0AD9 
 4268 03de 1A6FDC28 		.ascii	"\032o\334(\2629p\030\251\212\310\342\015\026y\345\003"
 4268      B2397018 
 4268      A98AC8E2 
 4268      0D1679E5 
 4268      03
 4269 03ef 470F2BA9 		.ascii	"G\017+\251^\021Y$\361C\345\033\025*h(VY\270@\241I\207"
 4269      5E115924 
 4269      F143E51B 
 4269      152A6828 
 4269      5659B840 
 4270 0406 CA5514AC 		.ascii	"\312U\024\254~\034\201P\361(\352\320\001u\241\007\362"
 4270      7E1C8150 
ARM GAS  C:\Users\nicx5\AppData\Local\Temp\ccjkJcxQ.s 			page 142


 4270      F128EAD0 
 4270      0175A107 
 4270      F2
 4271 0417 48AC32C2 		.ascii	"H\2542\302 R\251\010q\202J\210\020\015'\210G#\216 V"
 4271      2052A908 
 4271      71824A88 
 4271      100D2788 
 4271      47238E20 
 4272 042c 46121958 		.ascii	"F\022\031X\210\017\021'l@]X!\005\303\306q\207\321\207"
 4272      880F1127 
 4272      6C405D58 
 4272      2105C3C6 
 4272      7187D187 
 4273 0440 0C1B1D4A 		.ascii	"\014\033\035J\014`\346\266\333\357\344\003\315E\221"
 4273      0C60E6B6 
 4273      DBEFE403 
 4273      CD4591
 4274 044f 804CDFA4 		.ascii	"\200L\337\244)f\314\235\254\013\024x\377\256G\301$\002"
 4274      2966CC9D 
 4274      AC0B1478 
 4274      FFAE47C1 
 4274      2402
 4275 0461 9FA08988 		.ascii	"\237\240\211\210\313{'\327\246f\336\022%\227\322LNG"
 4275      CB7B27D7 
 4275      A666DE12 
 4275      2597D24C 
 4275      4E47
 4276 0473 885D2C06 		.ascii	"\210],\006\235\037\246\277\003\354\2542#\035\225\001"
 4276      9D1FA6BF 
 4276      03ECAC32 
 4276      231D9501 
 4277 0483 1F96806D 		.ascii	"\037\226\200m\247u\351\007|o\253\253\251\225\302\241"
 4277      A775E907 
 4277      7C6FABAB 
 4277      A995C2A1 
 4278 0493 2C19E720 		.ascii	",\031\347 1\235iSG\351\323\330\177\315\246\323\232w"
 4278      319D6953 
 4278      47E9D3D8 
 4278      7FCDA6D3 
 4278      9A77
 4279 04a5 4B7C51CF 		.ascii	"K|Q\317i+|\002\355\315\271B\004\222\2264s\262\213\177"
 4279      692B7C02 
 4279      EDCDB942 
 4279      04929634 
 4279      73B28B7F 
 4280 04b9 D1A0628B 		.ascii	"\321\240b\213\316<\012\370Vmn\255=\002=\373E\011\232"
 4280      CE3C0AF8 
 4280      566D6EAD 
 4280      3D023DFB 
 4280      45099A
 4281 04cc 7346396A 		.ascii	"sF9j\217j\3605G\005z\005 y[\343K\331f\323OM(\227\225"
 4281      8F6AF035 
 4281      47057A05 
 4281      20795BE3 
 4281      4BD966D3 
 4282 04e5 F8C267C2 		.ascii	"\370\302g\302\314\302o8j<\317\215\"\341gi?\215\247\326"
 4282      CCC26F38 
ARM GAS  C:\Users\nicx5\AppData\Local\Temp\ccjkJcxQ.s 			page 143


 4282      6A3CCF8D 
 4282      22E16769 
 4282      3F8DA7D6 
 4283 04f9 009FBA25 		.ascii	"\000\237\272%\011\360ON6\271\206\240\204k\004B\231\336"
 4283      09F04F4E 
 4283      36B986A0 
 4283      846B0442 
 4283      99DE
 4284 050b 7B2F0BE0 		.ascii	"{/\013\340\221\004\243\001\200\343\250\241,\011\021"
 4284      9104A301 
 4284      80E3A8A1 
 4284      2C0911
 4285 051a 42422222 		.ascii	"BB\"\"\"\222$I\206\003\200\002\021!3v\021@\271TE3\012"
 4285      22922449 
 4285      86038002 
 4285      11213376 
 4285      1140B954 
 4286 0531 9214326C 		.ascii	"\222\0242l\006&\006\370\357\201\370\210\337\366|\227"
 4286      062606F8 
 4286      EF81F888 
 4286      DFF67C97 
 4287 0541 BB9772CD 		.ascii	"\273\227r\315\356\201\012\214\346\326\037\220\013\032"
 4287      EE810A8C 
 4287      E6D61F90 
 4287      0B1A
 4288 054f E8933E16 		.ascii	"\350\223>\026\360\262\312,\371\251\344\345CL\245\337"
 4288      F0B2CA2C 
 4288      F9A9E4E5 
 4288      434CA5DF 
 4289 055f B8CCA8AB 		.ascii	"\270\314\250\253@?\206\317\350X\353\020rK\\\037T\370"
 4289      403F86CF 
 4289      E858EB10 
 4289      724B5C1F 
 4289      54F8
 4290 0571 EA0D0F3D 		.ascii	"\352\015\017=\275\371Jf\26673NC`oE\235$\002\317\305"
 4290      BDF94A66 
 4290      B637334E 
 4290      43606F45 
 4290      9D2402CF 
 4291 0586 4DA9B5CC 		.ascii	"M\251\265\314\313\236\241l-\010CB\246\224\020\355;\353"
 4291      CB9EA16C 
 4291      2D084342 
 4291      A69410ED 
 4291      3BEB
 4292 0598 08A41BD8 		.ascii	"\010\244\033\330t\304^\204\022\257;\222\310wx\023\346"
 4292      74C45E84 
 4292      12AF3B92 
 4292      C8777813 
 4292      E6
 4293 05a9 22088F86 		.ascii	"\"\010\217\206\361.g\315\304\341&[\326\302\362y\026"
 4293      F12E67CD 
 4293      C4E1265B 
 4293      D6C2F279 
 4293      16
 4294 05ba C8849123 		.ascii	"\310\204\221#+\340\257\247\366\364O\022\316\273R\364"
 4294      2BE0AFA7 
 4294      F6F44F12 
ARM GAS  C:\Users\nicx5\AppData\Local\Temp\ccjkJcxQ.s 			page 144


 4294      CEBB52F4 
 4295 05ca 4E7C8063 		.ascii	"N|\200c\362\313\357\001nH+\015\022\250\254\277\373}"
 4295      F2CBEF01 
 4295      6E482B0D 
 4295      12A8ACBF 
 4295      FB7D
 4296 05dc 64C7330F 		.ascii	"d\3073\017\250\224 \304\373V\240\215\274\005\3160\273"
 4296      A89420C4 
 4296      FB56A08D 
 4296      BC05CE30 
 4296      BB
 4297 05ed CF461025 		.ascii	"\317F\020%\370v\003\330\374t R\276\202\320\300z\262"
 4297      F87603D8 
 4297      FC742052 
 4297      BE82D0C0 
 4297      7AB2
 4298 05ff 723EA76E 		.ascii	"r>\247n*\231;PdB\317\025B!\366\025'j\256b\305c\201\261"
 4298      2A993B50 
 4298      6442CF15 
 4298      4221F615 
 4298      276AAE62 
 4299 0617 52A41C30 		.ascii	"R\244\0340B\214H\241\222\021\332\224\366\237\363\015"
 4299      428C48A1 
 4299      9211DA94 
 4299      F69FF30D 
 4300 0627 CDDAF846 		.ascii	"\315\332\370Fw\234b\357\212/8\034V\320%\325/X\360\212"
 4300      779C62EF 
 4300      8A2F381C 
 4300      56D025D5 
 4300      2F58F08A 
 4301 063b 00868AB5 		.ascii	"\000\206\212\265&\342g(\235z\3107\377\004\331\024\240"
 4301      26E26728 
 4301      9D7AC837 
 4301      FF04D914 
 4301      A0
 4302 064c 29F3A309 		.ascii	")\363\243\011\302;\265jse!u*\227\371\234\301\376W\247"
 4302      C23BB56A 
 4302      73652175 
 4302      2A97F99C 
 4302      C1FE57A7 
 4303 0660 54CA81C2 		.ascii	"T\312\201\302#\027\2741\340IS\205\016m\037\272\255M"
 4303      2317BC31 
 4303      E0495385 
 4303      0E6D1FBA 
 4303      AD4D
 4304 0672 5C8C5469 		.ascii	"\\\214Ti\204\037\270\224\242l\274\336\015\227M\234\006"
 4304      841FB894 
 4304      A26CBCDE 
 4304      0D974D9C 
 4304      06
 4305 0683 A35CDD41 		.ascii	"\243\\\335A\354\021o@H\356z\021\012\317o\216\376\027"
 4305      EC116F40 
 4305      48EE7A11 
 4305      0ACF6F8E 
 4305      FE17
 4306 0695 942ED297 		.ascii	"\224.\322\227\372ml\030\"\224\323\341\227\001\355\313"
 4306      FA6D6C18 
ARM GAS  C:\Users\nicx5\AppData\Local\Temp\ccjkJcxQ.s 			page 145


 4306      2294D3E1 
 4306      9701EDCB 
 4307 06a5 276A800A 		.ascii	"'j\200\012\216\205\212\3027\016\200T\373\3344\214\273"
 4307      8E858AC2 
 4307      370E8054 
 4307      FBDC348C 
 4307      BB
 4308 06b6 20986986 		.ascii	" \230i\206\3357\342y\240\332P\031\027\363\212\015\262"
 4308      DD37E279 
 4308      A0DA5019 
 4308      17F38A0D 
 4308      B2
 4309 06c7 548DBCE8 		.ascii	"T\215\274\350\177\301\344\011\305\340\272_P@\363\023"
 4309      7FC1E409 
 4309      C5E0BA5F 
 4309      5040F313 
 4310 06d7 47C5EDC2 		.ascii	"G\305\355\302\201\226X\356oa\202;J\322gy\253\376\007"
 4310      819658EE 
 4310      6F61823B 
 4310      4AD26779 
 4310      ABFE07
 4311 06ea 64500D   		.ascii	"dP\015"
 4312              		.text
 4313              		.section	.gnu.lto_HAL_QSPI_Transmit_IT.344.1f2fea0a,"e",%progbits
 4314 0000 28B52FFD 		.ascii	"(\265/\375`\231\003\255\030\000\026\253\233E\240\036"
 4314      609903AD 
 4314      180016AB 
 4314      9B45A01E 
 4315 0010 A9310C34 		.ascii	"\2511\0144\010\330\265\315\005\206)\366k\351nv\324\271"
 4315      08D8B5CD 
 4315      058629F6 
 4315      6BE96E76 
 4315      D4B9
 4316 0022 2CDEDEDC 		.ascii	",\336\336\334\341E9{m\024pk`\372r\2532?\177\323-\303"
 4316      E145397B 
 4316      6D14706B 
 4316      60FA72AB 
 4316      323F7FD3 
 4317 0038 C4303893 		.ascii	"\30408\223k\017\342\200\310z\302\323\253\202v\207\224"
 4317      6B0FE280 
 4317      C87AC2D3 
 4317      AB827687 
 4317      94
 4318 0049 EE0D51DB 		.ascii	"\356\015Q\333[\312-eJ\001\206\000}\000\215\000-\034"
 4318      5BCA2D65 
 4318      4A018600 
 4318      7D008D00 
 4318      2D1C
 4319 005b E0DE3850 		.ascii	"\340\3368PY\356-\033\270\003\371\312\372\000\373*\236"
 4319      59EE2D1B 
 4319      B803F9CA 
 4319      FA00FB2A 
 4319      9E
 4320 006c C7BEDAB6 		.ascii	"\307\276\332\266\013B\221s\364fi\242\0131\244)\207\025"
 4320      0B429173 
 4320      F46669A2 
 4320      0B31A429 
ARM GAS  C:\Users\nicx5\AppData\Local\Temp\ccjkJcxQ.s 			page 146


 4320      8715
 4321 007e A87BCB16 		.ascii	"\250{\313\026%\362\334S\344h\253Hg\3167zJ\207w\343\344"
 4321      25F2DC53 
 4321      E468AB48 
 4321      67CE377A 
 4321      4A8777E3 
 4322 0093 F803C446 		.ascii	"\370\003\304F\357\243\025yzW\320\000\340!\211\014\320"
 4322      EFA31579 
 4322      7A57D000 
 4322      E021890C 
 4322      D0
 4323 00a4 2CD9A1E2 		.ascii	",\331\241\342\301\230Ud5\301\351\335\251\206\016q%$"
 4323      C1985564 
 4323      35C1E9DD 
 4323      A9860E71 
 4323      2524
 4324 00b6 469AA329 		.ascii	"F\232\243)^\327;\025'\334{\001\360^\210\344\275\367"
 4324      5ED73B15 
 4324      27DC7B01 
 4324      F05E88E4 
 4324      BDF7
 4325 00c8 C24F19BC 		.ascii	"\302O\031\274\335\234\343\317\275\3273\211g\343\326"
 4325      DD9CE3CF 
 4325      BDD73389 
 4325      67E3D6
 4326 00d7 B9ED1AB6 		.ascii	"\271\355\032\266s6u\021\3654\025\034\322\235\021\270"
 4326      73367511 
 4326      F534151C 
 4326      D29D11B8 
 4327 00e7 989EFC9C 		.ascii	"\230\236\374\234}\3713\361\241\233QV\302\004t\2723\312"
 4327      7DF933F1 
 4327      A19B5156 
 4327      C20474BA 
 4327      33CA
 4328 00f9 A5D1A43F 		.ascii	"\245\321\244?_\274\324g?\370\357\034\312\257\36249N"
 4328      5FBCD467 
 4328      3FF8EF1C 
 4328      CAAFF234 
 4328      394E
 4329 010b 8F76DADA 		.ascii	"\217v\332\332\351Z\247\2478\375\000\265\210p\350\253"
 4329      E95AA7A7 
 4329      38FD00B5 
 4329      8870E8AB 
 4330 011b 80E5DE1E 		.ascii	"\200\345\336\036QP\267L\335r\304\366\355\017\213T\253"
 4330      5150B74C 
 4330      DD72C4F6 
 4330      ED0F8B54 
 4330      AB
 4331 012c 2430FBC2 		.ascii	"$0\373\302\227\271yg\\:|\032B\206\315\275\345\202W\343"
 4331      97B97967 
 4331      5C3A7C1A 
 4331      4286CDBD 
 4331      E58257E3 
 4332 0140 C8551018 		.ascii	"\310U\020\030\235\217\022\304\211\254K\003F\023\033"
 4332      9D8F12C4 
 4332      89AC4B03 
 4332      46131B
ARM GAS  C:\Users\nicx5\AppData\Local\Temp\ccjkJcxQ.s 			page 147


 4333 014f F9BACA01 		.ascii	"\371\272\312\001\233\363@\337\311\237\024\035J\364\213"
 4333      9BF340DF 
 4333      C99F141D 
 4333      4AF48B
 4334 015e 8127B921 		.ascii	"\201'\271!\237\300Vj\351x\204\244\264\243;s\231Uj\300"
 4334      9FC0566A 
 4334      E97884A4 
 4334      B4A33B73 
 4334      99556AC0 
 4335 0172 4B190B9B 		.ascii	"K\031\013\233\266\000G\236\271CU\324\0261b>i\244\225"
 4335      B600479E 
 4335      B94355D4 
 4335      1631623E 
 4335      69A495
 4336 0185 1EF596D6 		.ascii	"\036\365\226\326(Y\3723\316\356P\012R\324x\350\362#"
 4336      2859FA33 
 4336      CEEE500A 
 4336      52D478E8 
 4336      F223
 4337 0197 666DD9B1 		.ascii	"fm\331\261\314\010,\365,\275\201r\272\230\035PK5a'U"
 4337      CC082CF5 
 4337      2CBD8172 
 4337      BA981D50 
 4337      4B356127 
 4338 01ac 20A5C4AD 		.ascii	" \245\304\255\230\230\264\200/8\231\334<\310Vy\221o"
 4338      9898B480 
 4338      2F3899DC 
 4338      3CC85679 
 4338      916F
 4339 01be 7480D0F2 		.ascii	"t\200\320\362^#\221\376f\0209C$\224\376\374\013\331"
 4339      5E2391FE 
 4339      66103943 
 4339      2494FEFC 
 4339      0BD9
 4340 01d0 530C4F2F 		.ascii	"S\014O/\346\034\333'NE\210\274\367G\004\177\012m\210"
 4340      E61CDB27 
 4340      4E4588BC 
 4340      F747047F 
 4340      0A6D88
 4341 01e3 24F2EAB7 		.ascii	"$\362\352\267\260\017\266\0257\331\315fe7Y\206\024\325"
 4341      B00FB615 
 4341      37D9CD66 
 4341      65375986 
 4341      14D5
 4342 01f5 241C3890 		.ascii	"$\0348\220 \233=\360\3519@\253\236\365\004\245\260\251"
 4342      209B3DF0 
 4342      E93940AB 
 4342      9EF504A5 
 4342      B0A9
 4343 0207 88A190D1 		.ascii	"\210\241\220\321h.\037\241\233\2555\253}h\3056Xx\305"
 4343      682E1FA1 
 4343      9BAD35AB 
 4343      7D68C536 
 4343      5878C5
 4344 021a 888824BC 		.ascii	"\210\210$\274Z\266Z\011\026A\265\014\021L4t\341\005"
 4344      5AB65A09 
 4344      1641B50C 
ARM GAS  C:\Users\nicx5\AppData\Local\Temp\ccjkJcxQ.s 			page 148


 4344      114C3474 
 4344      E105
 4345 022c E4F2E100 		.ascii	"\344\362\341\000\373\000d;Q\033\002\001DA\203\000\333"
 4345      FB00643B 
 4345      511B0201 
 4345      44418300 
 4345      DB
 4346 023d E5BD78A9 		.ascii	"\345\275x\251\317\027\236\305\003\207\221\340x0\267"
 4346      CF179EC5 
 4346      038791E0 
 4346      7830B7
 4347 024c 68477A43 		.ascii	"hGzCi\016\031z1')\015\333$\235\024\311~y\377\350R\364"
 4347      690E197A 
 4347      3127290D 
 4347      DB249D14 
 4347      C97E79FF 
 4348 0263 D7F43149 		.ascii	"\327\3641I\246\012\017_\204\230\2213<B\322_\030\262"
 4348      A60A0F5F 
 4348      84989133 
 4348      3C42D25F 
 4348      18B2
 4349 0275 CD71352F 		.ascii	"\315q5/glK\250q(h\211A\212\211H \022d$i\341\240\002"
 4349      676C4BA8 
 4349      71286889 
 4349      418A8948 
 4349      20126424 
 4350 028d 19A2AB07 		.ascii	"\031\242\253\007\021\240\255\224\204\306va;/\012t\223"
 4350      11A0AD94 
 4350      84C67661 
 4350      3B2F0A74 
 4350      93
 4351 029e F73D89E2 		.ascii	"\367=\211\342\023\246\264$\375r\222\215K\242\271~\012"
 4351      13A6B424 
 4351      FD72928D 
 4351      4BA2B97E 
 4351      0A
 4352 02af CA343FD5 		.ascii	"\3124?\325~D\004Nu\276\233\002\246X\202\330~h7\324\362"
 4352      7E44044E 
 4352      75BE9B02 
 4352      A65882D8 
 4352      7E6837D4 
 4353 02c4 7895F4A6 		.ascii	"x\225\364\2461a\202\006\333\274\372\340\356h\361E\320"
 4353      31618206 
 4353      DBBCFAE0 
 4353      EE68F145 
 4353      D0
 4354 02d5 51FBBCE9 		.ascii	"Q\373\274\351Y\376?\036\017\034\304\211\3017\367\035"
 4354      59FE3F1E 
 4354      0F1CC489 
 4354      C137F71D 
 4355 02e5 24A60408 		.ascii	"$\246\004\010\260g\330\364y\035(P\024\302\207|\271\306"
 4355      B067D8F4 
 4355      791D2850 
 4355      14C2877C 
 4355      B9C6
 4356 02f7 398526E5 		.ascii	"9\205&\345zG\353k\224V\021\233\020\332D\260C\224\372"
 4356      7A47EB6B 
ARM GAS  C:\Users\nicx5\AppData\Local\Temp\ccjkJcxQ.s 			page 149


 4356      9456119B 
 4356      10DA44B0 
 4356      4394FA
 4357 030a 800BA318 		.ascii	"\200\013\243\030\306\303\306\271\025\330v\253\206W."
 4357      C6C3C6B9 
 4357      15D876AB 
 4357      86572E
 4358 0319 A0861411 		.ascii	"\240\206\024\021\363\037"
 4358      F31F
 4359              		.text
 4360              		.section	.gnu.lto_HAL_QSPI_Receive_IT.345.1f2fea0a,"e",%progbits
 4361 0000 28B52FFD 		.ascii	"(\265/\375`\224\006E#\000\326\371\316Ep\336M:\353\226"
 4361      60940645 
 4361      2300D6F9 
 4361      CE4570DE 
 4361      4D3AEB96 
 4362 0014 77E4A2C0 		.ascii	"w\344\242\300\366m\231\316\302d\243\033\312;\263\330"
 4362      F66D99CE 
 4362      C264A31B 
 4362      CA3BB3D8 
 4363 0024 04C82CCC 		.ascii	"\004\310,\314=gy~\230\375\250]>\221\333\366\217\177"
 4363      3D67797E 
 4363      98FDA85D 
 4363      3E91DBF6 
 4363      8F7F
 4364 0036 CB669212 		.ascii	"\313f\222\022\263\253N\271Zr\000\371O/\003W\251\035"
 4364      B3AB4EB9 
 4364      5A7200F9 
 4364      4F2F0357 
 4364      A91D
 4365 0048 5406C685 		.ascii	"T\006\306\205\250m\262\011\221[\246\272\000\253\000"
 4365      A86DB209 
 4365      915BA6BA 
 4365      00AB00
 4366 0057 C2006058 		.ascii	"\302\000`X\210g\352G\256\240W\310\355\2677\"a\344\334"
 4366      8867EA47 
 4366      AEA057C8 
 4366      EDB73722 
 4366      61E4DC
 4367 006a 8B4CC0E6 		.ascii	"\213L\300\346\301,R\333T\037\301\312\244K\203\314I\320"
 4367      C12C52DB 
 4367      541FC1CA 
 4367      A44B83CC 
 4367      49D0
 4368 007c B289C465 		.ascii	"\262\211\304e\212\322\237\241p\2240\226\302\342\000"
 4368      8AD29FA1 
 4368      70943096 
 4368      C2E200
 4369 008b EED583A7 		.ascii	"\356\325\203\247\313\275\310\005\357`\331L\342\000\225"
 4369      CBBDC805 
 4369      EF60D94C 
 4369      E20095
 4370 009a CD92892A 		.ascii	"\315\222\211*\233\377\317\344 \354b}\273<\021\222 \262"
 4370      9BFFCFE4 
 4370      20EC627D 
 4370      BB3C1192 
 4370      20B2
ARM GAS  C:\Users\nicx5\AppData\Local\Temp\ccjkJcxQ.s 			page 150


 4371 00ac 96234BDC 		.ascii	"\226#K\334\275H^\027a1\326\331\263\232eS\261\363\030"
 4371      BD485E17 
 4371      6131D6D9 
 4371      B39A6553 
 4371      B1F318
 4372 00bf EB7E8837 		.ascii	"\353~\2107\330\0268O\250 6\316\270\226DgZ\326\014\021"
 4372      D816384F 
 4372      A82036CE 
 4372      B8964467 
 4372      5AD60C11 
 4373 00d3 CB4A056B 		.ascii	"\313J\005k\230\354\000\"\222Q\263L\032\223\347\214\341"
 4373      98EC0022 
 4373      9251B34C 
 4373      1A93E78C 
 4373      E1
 4374 00e4 6AE82809 		.ascii	"j\350(\011\240\301`\363\202\226,<\343.!\334{\207\210"
 4374      A0C160F3 
 4374      82962C3C 
 4374      E32E21DC 
 4374      7B8788
 4375 00f7 2E4A7BEF 		.ascii	".J{\357e5\2462\210CJO\250{\357i\014\242\015\376\017"
 4375      6535A632 
 4375      88434A4F 
 4375      A87BEF69 
 4375      0CA20DFE 
 4376 010c FF27FE87 		.ascii	"\377'\376\207\361\327\255?\332:\003LliE\315H\346\372"
 4376      F1D7AD3F 
 4376      DA3A034C 
 4376      6C6945CD 
 4376      48E6FA
 4377 011f 21FC1563 		.ascii	"!\374\025c\301\262\367\002q:_i\241\305\033\342U\331"
 4377      C1B2F702 
 4377      713A5F69 
 4377      A1C51BE2 
 4377      55D9
 4378 0131 2CEAA3E2 		.ascii	",\352\243\3421\331\303\377&\330\212\227\323\271\312"
 4378      31D9C3FF 
 4378      26D88A97 
 4378      D3B9CA
 4379 0140 0814B608 		.ascii	"\010\024\266\010\213\312&7\257x\024\366\360LlJ\316b"
 4379      8BCA2637 
 4379      AF7814F6 
 4379      F04C6C4A 
 4379      CE62
 4380 0152 9593CC4D 		.ascii	"\225\223\314M~\010\351\334\227\260\031\201\273t\356"
 4380      7E08E9DC 
 4380      97B01981 
 4380      BB74EE
 4381 0161 C831DAC6 		.ascii	"\3101\332\306sy\273\370\363\221\331\210\221\374\"\226"
 4381      7379BBF8 
 4381      F391D988 
 4381      91FC2296 
 4382 0171 C24C74FA 		.ascii	"\302Lt\372\235\245\037\262\364B\226>\310\322\003Y\372"
 4382      9DA51FB2 
 4382      F442963E 
 4382      C8D20359 
 4382      FA
ARM GAS  C:\Users\nicx5\AppData\Local\Temp\ccjkJcxQ.s 			page 151


 4383 0182 1F4BAFB3 		.ascii	"\037K\257\263\364\326\322\237\226\276Zz\323\322\227"
 4383      F4D6D29F 
 4383      96BE5A7A 
 4383      D3D297
 4384 0191 277D577A 		.ascii	"'}Wzj\322\363\0013mJ\322\370\264\345^\037sq\367\214"
 4384      6AD2F301 
 4384      336D4AD2 
 4384      F8B4E55E 
 4384      1F7371F7 
 4385 01a6 B9868491 		.ascii	"\271\206\204\221\314\177\330y\012\253\035\010\251\315"
 4385      CC7FD879 
 4385      0AAB1D08 
 4385      A9CD
 4386 01b4 1427C5E8 		.ascii	"\024'\305\350\235q;\331\206HB\344\350t\264\305u\034"
 4386      9D713BD9 
 4386      864842E4 
 4386      E874B4C5 
 4386      751C
 4387 01c6 8E412749 		.ascii	"\216A'I\251\352\372\247\271\014\307\316\307\334\334"
 4387      A9EAFAA7 
 4387      B90CC7CE 
 4387      C7DCDC
 4388 01d5 1C2B55DB 		.ascii	"\034+U\333\272\3462\035\032\330M\353\216p\232\225\352"
 4388      BAE6321D 
 4388      1AD84DEB 
 4388      8E709A95 
 4388      EA
 4389 01e6 CF81D9BC 		.ascii	"\317\201\331\274\031\365\357\201\325\200E(\362\0206"
 4389      19F5EF81 
 4389      D5804528 
 4389      F21036
 4390 01f5 39FBFFC0 		.ascii	"9\373\377\300h\314\334\270\366\331;\264\267\332\022"
 4390      68CCDCB8 
 4390      F6D93BB4 
 4390      B7DA12
 4391 0204 9498FD4B 		.ascii	"\224\230\375K\261\231\243\023-\006\035f\245Z\266\331"
 4391      B199A313 
 4391      2D061D66 
 4391      A55AB6D9 
 4392 0214 BB26643D 		.ascii	"\273&d=\206!\270\255\354\011\305#\260\315\210\001\026"
 4392      8621B8AD 
 4392      EC09C523 
 4392      B0CD8801 
 4392      16
 4393 0225 51C5541D 		.ascii	"Q\305T\035)h\373q6\344\015\216\332\306\203U\243~Rs\003"
 4393      2968FB71 
 4393      36E40D8E 
 4393      DAC68355 
 4393      A37E5273 
 4394 023a 82EDCE8A 		.ascii	"\202\355\316\212\372\223\340/X\002\226\206\330\201\003"
 4394      FA93E02F 
 4394      58029686 
 4394      D88103
 4395 0249 C7648669 		.ascii	"\307d\206i^\314\252\332\215@\255\004\257Uu\017(\036"
 4395      5ECCAADA 
 4395      8D40AD04 
 4395      AF55750F 
ARM GAS  C:\Users\nicx5\AppData\Local\Temp\ccjkJcxQ.s 			page 152


 4395      281E
 4396 025b 29DB1AEE 		.ascii	")\333\032\356U.Q\326\316O\220F\336;V\266\221\012\341"
 4396      552E51D6 
 4396      CE4F9046 
 4396      DE3B56B6 
 4396      910AE1
 4397 026e 934CD26D 		.ascii	"\223L\322m<\363\257\322\266\320\306\005\225\373\357"
 4397      3CF3AFD2 
 4397      B6D0C605 
 4397      95FBEF
 4398 027d 632D0141 		.ascii	"c-\001A\257._W\260b]\001{@++\237\365u\371.\2440o\305"
 4398      AF2E5F57 
 4398      B0625D01 
 4398      7B402B2B 
 4398      9FF575F9 
 4399 0296 80C103DF 		.ascii	"\200\301\003\337\257A\323\022R\226\371\337\222V\212"
 4399      AF41D312 
 4399      5296F9DF 
 4399      92568A
 4400 02a5 2057EF84 		.ascii	" W\357\204/+\213\251\011EW\220\367\003J\361z\033(D\365"
 4400      2F2B8BA9 
 4400      09455790 
 4400      F7034AF1 
 4400      7A1B2844 
 4401 02ba BEBE1E44 		.ascii	"\276\276\036D\361\202\300+\025Z\300\013N\377\332\252"
 4401      F182C02B 
 4401      155AC00B 
 4401      4EFFDAAA 
 4402 02ca 1045C5D4 		.ascii	"\020E\305\324\304aJ\212*h\002\270%\202\352\011C\321"
 4402      C4614A8A 
 4402      2A6802B8 
 4402      2582EA09 
 4402      43D1
 4403 02dc 7FE4E5F2 		.ascii	"\177\344\345\362v\361Hfq\216\234,\307\013\314\240\310"
 4403      76F14866 
 4403      718E9C2C 
 4403      C70BCCA0 
 4403      C8
 4404 02ed 55A6C237 		.ascii	"U\246\3027\314\242\3105\035\343]\323\370\277k\332e?"
 4404      CCA2C835 
 4404      1DE35DD3 
 4404      F8BF6BDA 
 4404      653F
 4405 02ff 27F95042 		.ascii	"'\371PB\335P\011\345\002Q\006-\015\237$\022\333\306"
 4405      DD5009E5 
 4405      0251062D 
 4405      0D9F2412 
 4405      DBC6
 4406 0311 3AFCFBE8 		.ascii	":\374\373\350\235\303`@75pC\335\307\262R\025\352\241"
 4406      9DC36040 
 4406      37357043 
 4406      DDC7B252 
 4406      15EAA1
 4407 0324 3E5FECC1 		.ascii	">_\354\301\022\352\243\342\321\355\314\247\214YK;\203"
 4407      12EAA3E2 
 4407      D1EDCCA7 
 4407      8C594B3B 
ARM GAS  C:\Users\nicx5\AppData\Local\Temp\ccjkJcxQ.s 			page 153


 4407      83
 4408 0335 3AEE08A8 		.ascii	":\356\010\250\2032\360\035\240\326Q\267$\275J\347G\335"
 4408      8332F01D 
 4408      A0D651B7 
 4408      24BD4AE7 
 4408      47DD
 4409 0347 02808AA8 		.ascii	"\002\200\212\250\221<G\221\021\242\021\221$I\2410\034"
 4409      913C4791 
 4409      11A21191 
 4409      2449A130 
 4409      1C
 4410 0358 70229932 		.ascii	"p\"\2312+\017\0210\255d\214h$)I\262q\037\030\250%\016"
 4410      2B0F1130 
 4410      AD648C68 
 4410      242949B2 
 4410      711F18A8 
 4411 036e F30CEEBE 		.ascii	"\363\014\356\276\360\377@\372W\224\036\377\304{iP15"
 4411      F0FF40FA 
 4411      57941EFF 
 4411      C47B6950 
 4411      3135
 4412 0380 B3A3C68C 		.ascii	"\263\243\306\214\261\222\365]\377\220\307\276\030\004"
 4412      B192F55D 
 4412      FF90C7BE 
 4412      1804
 4413 038e 2B178B68 		.ascii	"+\027\213h\364\253,'\323\304\177\320\003k\020v\310W"
 4413      F4AB2C27 
 4413      D3C47FD0 
 4413      036B1076 
 4413      C857
 4414 03a0 B79DD7B2 		.ascii	"\267\235\327\262\330\000\010\033\306=\231\323\202\234"
 4414      D800081B 
 4414      C63D99D3 
 4414      829C
 4415 03ae C5A2CEA8 		.ascii	"\305\242\316\250Y\325<\217\364\301\035\3735\211%\350"
 4415      59D53C8F 
 4415      F4C11DFB 
 4415      358925E8 
 4416 03be B621B11D 		.ascii	"\266!\261\035d\003h\325Q\346\321\212e\262\370C\003\300"
 4416      640368D5 
 4416      51E6D18A 
 4416      65B2F843 
 4416      03C0
 4417 03d0 03811C4C 		.ascii	"\003\201\034L\216\230\226\243\0014\336\271N\316\033"
 4417      8E9896A3 
 4417      0134DEB9 
 4417      4ECE1B
 4418 03df 0F8729BF 		.ascii	"\017\207)\277\216\304\205\020\335\262\342Z\367\234\305"
 4418      8EC48510 
 4418      DDB2E25A 
 4418      F79CC5
 4419 03ee F0CF8380 		.ascii	"\360\317\203\200(&\034\277g\316$\343\"\275U\032\263"
 4419      28261CBF 
 4419      67CE24E3 
 4419      22BD551A 
 4419      B3
 4420 03ff 3E5F30F2 		.ascii	">_0\362\275\367\224^FU\366npS\200\346OU\325\372m_\374"
ARM GAS  C:\Users\nicx5\AppData\Local\Temp\ccjkJcxQ.s 			page 154


 4420      BDF7945E 
 4420      4655F66E 
 4420      705380E6 
 4420      4F55D5FA 
 4421 0416 BF21C190 		.ascii	"\277!\301\220{\354\014\014\036#\004\026\263P\340q\325"
 4421      7BEC0C0C 
 4421      1E230416 
 4421      B350E071 
 4421      D5
 4422 0427 E01DB2BE 		.ascii	"\340\035\262\276x,\021\342T^K\336U\203\367\337\216\202"
 4422      782C11E2 
 4422      545E4BDE 
 4422      5583F7DF 
 4422      8E82
 4423 0439 01E60950 		.ascii	"\001\346\011P*TCM\025\363\357~O\307\\\331S\247\236\027"
 4423      2A54434D 
 4423      15F3EF7E 
 4423      4FC75CD9 
 4423      53A79E17 
 4424 044d 212AF373 		.ascii	"!*\363s)*&7?a\017\035r\305\310N\217\321ny\211\027\255"
 4424      292A2637 
 4424      3F610F1D 
 4424      72C5C84E 
 4424      8FD16E79 
 4425 0464 5AAE7B80 		.ascii	"Z\256{\200\331\032\254\"o\321E\226\247\006"
 4425      D91AAC22 
 4425      6FD14596 
 4425      A706
 4426              		.text
 4427              		.section	.gnu.lto_HAL_QSPI_Transmit_DMA.346.1f2fea0a,"e",%progbits
 4428 0000 28B52FFD 		.ascii	"(\265/\375`x\015\315;\000\232^\374\024B@dR\007U\212"
 4428      60780DCD 
 4428      3B009A5E 
 4428      FC144240 
 4428      64520755 
 4429 0015 D36F8F6A 		.ascii	"\323o\217j!D\205E]2U,\005\257\010\332(\246P\207\220"
 4429      21448545 
 4429      5D32552C 
 4429      05AF08DA 
 4429      28A65087 
 4430 002a 8CC91420 		.ascii	"\214\311\024 E\262\2571\240#t\234Hw&G\255P\350\2744"
 4430      45B2AF31 
 4430      A023749C 
 4430      48772647 
 4430      AD50E8BC 
 4431 003f 71926558 		.ascii	"q\222eX%?\012R\237l\315r7\271\267\224)\0057\001#\001"
 4431      253F0A52 
 4431      9F6CCD72 
 4431      37B9B794 
 4431      29053701 
 4432 0055 4A012E76 		.ascii	"J\001.v\366\207=k\354\270\305\376\037Z9c\250S\254\320"
 4432      F6873D6B 
 4432      ECB8C5FE 
 4432      1F5A3963 
 4432      A853ACD0 
 4433 0069 ECCDE45A 		.ascii	"\354\315\344Zh\327i\325\310\375\364\237\372\356\336"
 4433      68D769D5 
ARM GAS  C:\Users\nicx5\AppData\Local\Temp\ccjkJcxQ.s 			page 155


 4433      C8FDF49F 
 4433      FAEEDE
 4434 0078 C3DFCBDF 		.ascii	"\303\337\313\337\271\020\351$\353\251/\336Cv\246\352"
 4434      B910E924 
 4434      EBA92FDE 
 4434      4376A6EA 
 4435 0088 9173F3CD 		.ascii	"\221s\363\315*Y\356\3230\274\337v\266cG\016\316\237"
 4435      2A59EED3 
 4435      30BCDF76 
 4435      B663470E 
 4435      CE9F
 4436 009a BDA70ABE 		.ascii	"\275\247\012\276u1\027\231\226\225\245blr\027\001\242"
 4436      75311799 
 4436      9695A562 
 4436      6C721701 
 4436      A2
 4437 00ab E5CBFD16 		.ascii	"\345\313\375\026\351\314\302\330\375\265\374\226\036"
 4437      E9CCC2D8 
 4437      FDB5FC96 
 4437      1E
 4438 00b8 CF65871F 		.ascii	"\317e\207\037\367\3463\224f\357)\003\027\341~\233\374"
 4438      F7E63394 
 4438      66EF2903 
 4438      17E17E9B 
 4438      FC
 4439 00c9 24FD2DFB 		.ascii	"$\375-\373G\372[ww\252\007=\374\315;\015\026&\01295"
 4439      47FA5B77 
 4439      77AA073D 
 4439      FCCD3B0D 
 4439      16260A39 
 4440 00de 48CA14DA 		.ascii	"H\312\024\332{:\225\343\376}\244\243\243Q\221\261H\034"
 4440      7B3A95E3 
 4440      FE7DA4A3 
 4440      A35191B1 
 4440      481C
 4441 00f0 0A8340F7 		.ascii	"\012\203@\367\247[6\343\327\337\307#\005\317\214\374"
 4441      A75B36E3 
 4441      D7DFC723 
 4441      05CF8CFC 
 4442 0100 118EFBE3 		.ascii	"\021\216\373\343\357\312(\372Eqo|2\301E\247'hnO\034"
 4442      EFCA28FA 
 4442      45716F7C 
 4442      32C145A7 
 4442      27686E4F 
 4443 0115 2EA13353 		.ascii	".\2413S\202\205A6\201\333\234\264\257\232%a\223\354"
 4443      82854136 
 4443      81DB9CB4 
 4443      AF9A2561 
 4443      93EC
 4444 0127 40D1FBBB 		.ascii	"@\321\373\273w\2423k\303@\267w\177WO\320\326\376\307"
 4444      77A2336B 
 4444      C340B777 
 4444      7F574FD0 
 4444      D6FEC7
 4445 013a 26AB666C 		.ascii	"&\253fllr\357-<sb\315\036\261\231\261~\325\014\312."
 4445      6C72EF2D 
 4445      3C7362CD 
ARM GAS  C:\Users\nicx5\AppData\Local\Temp\ccjkJcxQ.s 			page 156


 4445      1EB199B1 
 4445      7ED50CCA 
 4446 014f B05A6913 		.ascii	"\260Zi\023\236\001\301-\233\214C\210\355\253fS\330&"
 4446      9E01C12D 
 4446      9B8C4388 
 4446      EDAB6653 
 4446      D826
 4447 0161 38B2BC31 		.ascii	"8\262\2741\314>3\3563+a\357]<\373\301\272{\357\277{"
 4447      CC3E33EE 
 4447      332B61EF 
 4447      5D3CFBC1 
 4447      BA7BEFBF 
 4448 0176 2CE4AC89 		.ascii	",\344\254\211\361\357j\357\355\270\354\014\355=\351"
 4448      F1EF6AEF 
 4448      EDB8EC0C 
 4448      ED3DE9
 4449 0185 DDBF82BB 		.ascii	"\335\277\202\273\007q\037\302\005w\336\330\236|\214"
 4449      07711FC2 
 4449      0577DED8 
 4449      9E7C8C
 4450 0194 E81C7531 		.ascii	"\350\034u1]\225\255\356\366\224\300\343\013\323\356"
 4450      5D95ADEE 
 4450      F694C0E3 
 4450      0BD3EE
 4451 01a3 24DECD96 		.ascii	"$\336\315\226\322S\352\271\367\347\3454\355\322\264"
 4451      D253EAB9 
 4451      F7E7E534 
 4451      EDD2B4
 4452 01b2 5A9ACD09 		.ascii	"Z\232\315\011\356L\374\032-6/A\245\030\317zB\247\301"
 4452      EE4CFC1A 
 4452      2D362F41 
 4452      A518CF7A 
 4452      42A7C1
 4453 01c5 72F7824F 		.ascii	"r\367\202O\272\\\257W6G\361[\037U.\347\250\377\253\320"
 4453      BA5CAF57 
 4453      3647F15B 
 4453      1F552EE7 
 4453      A8FFABD0 
 4454 01d9 3967D0F3 		.ascii	"9g\320\363\003'rw\024\177FE~\242\302\263\233\312?\375"
 4454      03277277 
 4454      147F4645 
 4454      7EA2C2B3 
 4454      9BCA3FFD 
 4455 01ed E42B35CE 		.ascii	"\344+5\316S9\203\001\342\326d\361d\266\334\275\235@"
 4455      53398301 
 4455      E2D664F1 
 4455      64B6DCBD 
 4455      9D40
 4456 01ff F01FC363 		.ascii	"\360\037\303cyC\177\2133PJ\315Mw\347z17\334\2757\004"
 4456      79437F8B 
 4456      33504ACD 
 4456      4D77E77A 
 4456      3137DCBD 
 4457 0215 FF30EF13 		.ascii	"\3770\357\023\027n\334\016\375\355\347\011P)37\235\012"
 4457      176EDC0E 
 4457      FDEDE709 
 4457      50293337 
ARM GAS  C:\Users\nicx5\AppData\Local\Temp\ccjkJcxQ.s 			page 157


 4457      9D0A
 4458 0227 6FCEFFD5 		.ascii	"o\316\377\325O\375\257k\302\304W\247\303\243R\335\370"
 4458      4FFDAF6B 
 4458      C2C457A7 
 4458      C3A352DD 
 4458      F8
 4459 0238 EA531F38 		.ascii	"\352S\0378G\375\363\365z\275z\206\272\277\364\277\352"
 4459      47FDF3F5 
 4459      7ABD7A86 
 4459      BABFF4BF 
 4459      EA
 4460 0249 A7EF53CF 		.ascii	"\247\357S\317\345_\312\261#x\352{\224\306~@c7\240\261"
 4460      E55FCAB1 
 4460      2378EA7B 
 4460      94C67E40 
 4460      6337A0B1 
 4461 025d 17D0D8A1 		.ascii	"\027\320\330\2414\366'\215\335IcOj\354M-v\344\020;\001"
 4461      34F6278D 
 4461      DD49634F 
 4461      6AEC4D2D 
 4461      76E4103B 
 4462 0272 8D9D4963 		.ascii	"\215\235Ic_\022bW\322\330\007h\354\0024\366\000\032"
 4462      5F126257 
 4462      D2D80768 
 4462      EC0234F6 
 4462      001A
 4463 0284 3B008D3D 		.ascii	";\000\215=IcG\322\330\2174\366\243\306n\244\261\027"
 4463      496347D2 
 4463      D88F34F6 
 4463      A3C66EA4 
 4463      B117
 4464 0296 69EC468D 		.ascii	"i\354F\215\275\250\261\0235\366\241\306.\014b\017\002"
 4464      BDA8B113 
 4464      35F6A1C6 
 4464      2E0C620F 
 4464      02
 4465 02a7 B1033576 		.ascii	"\261\0035vWc\377i\354:\271\2153\321\337=\024Z\036\\"
 4465      5763FF69 
 4465      EC3AB98D 
 4465      33D1DF3D 
 4465      145A1E5C 
 4466 02bb 54BE62A6 		.ascii	"T\276b\246\025s\024*H@fS>_\251\003d\001\371\007\306"
 4466      1573142A 
 4466      48406653 
 4466      3E5FA903 
 4466      6401F907 
 4467 02d0 99D62481 		.ascii	"\231\326$\201\325\002d%Tj\375\343D\007\347$\002Hc\223"
 4467      D5026425 
 4467      546AFDE3 
 4467      4407E724 
 4467      02486393 
 4468 02e4 3200A49C 		.ascii	"2\000\244\234t\206dg\304\266G6L\326Q\231a+\"<\"\302"
 4468      74866467 
 4468      C4B64736 
 4468      4CD65199 
 4468      612B223C 
 4469 02fa 7CA53EE6 		.ascii	"|\245>\346\243\2617\312G!FV*JdJ\266\004s\324\213>L\023"
ARM GAS  C:\Users\nicx5\AppData\Local\Temp\ccjkJcxQ.s 			page 158


 4469      A3B137CA 
 4469      47214656 
 4469      2A4A644A 
 4469      B60473D4 
 4470 0312 332693AB 		.ascii	"3&\223\253V8\240\023\032\024f\210[\204\311\360+\265"
 4470      5638A013 
 4470      1A146688 
 4470      5B84C9F0 
 4470      2BB5
 4471 0324 3117E577 		.ascii	"1\027\345w\2465\371\372^\251\213\331\210\177\024\351"
 4471      A635F9FA 
 4471      5EA98BD9 
 4471      887F14E9 
 4472 0334 F0207233 		.ascii	"\360 r3l\352\310\374r\324\377\315\023\363W\357\244`"
 4472      6CEAC8FC 
 4472      72D4FFCD 
 4472      13F357EF 
 4472      A460
 4473 0346 669885A7 		.ascii	"f\230\205\247\277P\354\343\235\362\355\204'1[\330\033"
 4473      BF50ECE3 
 4473      9DF2ED84 
 4473      27315BD8 
 4473      1B
 4474 0357 E6EBF59A 		.ascii	"\346\353\365\232\027\350\225Z\230\207/\225\357;\004"
 4474      17E8955A 
 4474      98872F95 
 4474      EF3B04
 4475 0366 E3957363 		.ascii	"\343\225sc\274s\317\027\303\015f\240TO\027\355\376Z"
 4475      BC73CF17 
 4475      C30D66A0 
 4475      544F17ED 
 4475      FE5A
 4476 0378 F941289E 		.ascii	"\371A(\236{vu\357\026\025W>\220\360H\231\032\023\317"
 4476      7B7675EF 
 4476      1615573E 
 4476      90F04899 
 4476      1A13CF
 4477 038b 9BE5DD92 		.ascii	"\233\345\335\222\342\2717\363\313\334_\273\377\363v"
 4477      E2B937F3 
 4477      CBDC5FBB 
 4477      FFF376
 4478 039a F123E302 		.ascii	"\361#\343\002\203\347\014\375\255p\254L\215\231\341"
 4478      83E70CFD 
 4478      AD70AC4C 
 4478      8D99E1
 4479 03a9 FBCC0066 		.ascii	"\373\314\000f$T\312\304\363\346f>odr\275^_\251\177\331"
 4479      2454CAC4 
 4479      F3E6663E 
 4479      6F6472BD 
 4479      5E5FA97F 
 4480 03be CDEF5C6B 		.ascii	"\315\357\\kn\370<|U\331\235\303[\305(@\2250\373\350"
 4480      6EF83C7C 
 4480      55D99DC3 
 4480      5BC52840 
 4480      9530FBE8 
 4481 03d2 ECDEE1EF 		.ascii	"\354\336\341\357 \177ue\200\252:{\200J\363\344Wj\367"
 4481      207F7565 
ARM GAS  C:\Users\nicx5\AppData\Local\Temp\ccjkJcxQ.s 			page 159


 4481      80AA3A7B 
 4481      804AF3E4 
 4481      576AF7
 4482 03e5 0F8F6777 		.ascii	"\017\217gw\374\020z\216\0262\243\335\231s\037\361q\230"
 4482      FC107A8E 
 4482      1632A3DD 
 4482      99731FF1 
 4482      7198
 4483 03f7 ACA06B01 		.ascii	"\254\240k\001_7\300\226`_\332\205\216\256\257\255%\330"
 4483      5F37C096 
 4483      605FDA85 
 4483      8EAEAFAD 
 4483      25D8
 4484 0409 B2057009 		.ascii	"\262\005p\011\266\324P\243\365\026\015\032DXr9\250\222"
 4484      B6D450A3 
 4484      F5160D1A 
 4484      44587239 
 4484      A892
 4485 041b 42BE689D 		.ascii	"B\276h\235K\252\253\306\227\215-\031\313\027/\250\252"
 4485      4BAAABC6 
 4485      978D2D19 
 4485      CB172FA8 
 4485      AA
 4486 042c 66807D4D 		.ascii	"f\200}Mqy\231\230\332\002q\001k+G\216\010XS_^.ptyi\200"
 4486      71799998 
 4486      DA027101 
 4486      6B2B478E 
 4486      0858535F 
 4487 0447 E0396860 		.ascii	"\3409h`\300ZAU\025\"\313\304\212\257\030^4N\254\260"
 4487      C05A4155 
 4487      1522CBC4 
 4487      8AAF185E 
 4487      344EACB0 
 4488 045b DA80E4EE 		.ascii	"\332\200\344\356\323\375\354\316\320\244\233\232\225"
 4488      D3FDECCE 
 4488      D0A49B9A 
 4488      95
 4489 0468 CE11B7BD 		.ascii	"\316\021\267\275\263\306\250l\344\310\241D\031O\037"
 4489      B3C6A86C 
 4489      E4C8A144 
 4489      194F1F
 4490 0477 01828CB3 		.ascii	"\001\202\214\263\323\235\335{o$j]\025\333(\321\007\372"
 4490      D39DDD7B 
 4490      6F246A5D 
 4490      15DB28D1 
 4490      07FA
 4491 0489 77FAA855 		.ascii	"w\372\250U\216\236\210\034\231\363\330\305}\332\202"
 4491      8E9E881C 
 4491      99F3D8C5 
 4491      7DDA82
 4492 0498 C4BCF4F4 		.ascii	"\304\274\364\364\034\310v\356+\265\201| \377\306\264"
 4492      1CC876EE 
 4492      2BB5817C 
 4492      20FFC6B4 
 4493 04a8 18C84C5E 		.ascii	"\030\310L^zx\274\304Qcg\204\337\036\213\336\334\343"
 4493      7A78BCC4 
 4493      51636784 
ARM GAS  C:\Users\nicx5\AppData\Local\Temp\ccjkJcxQ.s 			page 160


 4493      DF1E8BDE 
 4493      DCE3
 4494 04ba 3A2D09CF 		.ascii	":-\011\317=\270\002V\240r\201\374\0033\007\225\225P"
 4494      3DB80256 
 4494      A07281FC 
 4494      03330795 
 4494      9550
 4495 04cc 3D27D5DD 		.ascii	"='\325\335\3668\257\257\350)\313!y\247\374D\305I/\231"
 4495      F638AFAF 
 4495      E829CB21 
 4495      79A7FC44 
 4495      C5492F99 
 4496 04e0 A7ECFD4A 		.ascii	"\247\354\375J\335\224\223\357\022\374\304\260l\302Q"
 4496      DD9493EF 
 4496      12FCC4B0 
 4496      6CC251
 4497 04ef 90795C9E 		.ascii	"\220y\\\236\034Cq3]\336\2341G=\201\332\225*D\334\366"
 4497      1C437133 
 4497      5DDE9C31 
 4497      473D81DA 
 4497      952A44DC 
 4498 0504 0C8E184A 		.ascii	"\014\216\030J\344\376\227\217\312E\374\313\023\310F"
 4498      E4FE978F 
 4498      CA45FCCB 
 4498      13C846
 4499 0513 D606F83F 		.ascii	"\326\006\370?L3\345\245< \003\263\373\353\344\205\202"
 4499      4C33E5A5 
 4499      3C2003B3 
 4499      FBEBE485 
 4499      82
 4500 0524 BF8C402E 		.ascii	"\277\214@.\262\331ky\314\335;`&L9\227\201J\225\362\222"
 4500      B2D96B79 
 4500      CCDD3B60 
 4500      264C3997 
 4500      814A95F2 
 4501 0539 E3255D79 		.ascii	"\343%]y\015\016+\3716cQ\312UcejUy@\016\201\027\250\241"
 4501      0D0E2BF9 
 4501      366351CA 
 4501      5563656A 
 4501      5579400E 
 4502 0551 3CE79042 		.ascii	"<\347\220B2\"\"\242 )H\222\016Q\205\3068)\331z\021\320"
 4502      322222A2 
 4502      20294892 
 4502      0E5185C6 
 4502      3829D97A 
 4503 0567 34C7241A 		.ascii	"4\307$\032)IR\220\324i3\3373\360\304s\267\231}\220\257"
 4503      29495290 
 4503      D46933DF 
 4503      33F0C473 
 4503      B7997D90 
 4504 057c E6F18DE0 		.ascii	"\346\361\215\340\227x\232\253A9\245s\027\202\007\022"
 4504      97789AAB 
 4504      4139A573 
 4504      17820712 
 4505 058c 44089580 		.ascii	"D\010\225\200\215\031~\353\257`~bVJo\014\253\330\311"
 4505      8D197EEB 
 4505      AF607E62 
ARM GAS  C:\Users\nicx5\AppData\Local\Temp\ccjkJcxQ.s 			page 161


 4505      564A6F0C 
 4505      ABD8C9
 4506 059f 957A5E13 		.ascii	"\225z^\023\367\000\365\201\277\024q\260t\355\204\222"
 4506      F700F581 
 4506      BF1471B0 
 4506      74ED8492 
 4507 05af D825E494 		.ascii	"\330%\344\224\\~)\032\211\341\014\327{\255\002/\\S\017"
 4507      5C7E291A 
 4507      89E10CD7 
 4507      7BAD022F 
 4507      5C530F
 4508 05c2 C1917890 		.ascii	"\301\221x\220E};\221$&87.eQZ\367f\201\321\001\025\260"
 4508      457D3B91 
 4508      24263837 
 4508      2E65515A 
 4508      F76681D1 
 4509 05d9 30251DF8 		.ascii	"0%\035\370\373\026\260\035\015\365\304a\237\011\304"
 4509      FB16B01D 
 4509      0DF5C461 
 4509      9F09C4
 4510 05e8 5C68A34E 		.ascii	"\\h\243N9\002h\260\323\230-vU.~\221\\n\257h\205\035"
 4510      390268B0 
 4510      D3982D76 
 4510      552E7E91 
 4510      5C6EAF68 
 4511 05fe 15E14F14 		.ascii	"\025\341O\024\335\3607\244\311@\270\214g\306\364\376"
 4511      DDF037A4 
 4511      C940B88C 
 4511      67C6F4FE 
 4512 060e BFA149DE 		.ascii	"\277\241I\336`\322gx\344\375\022/\201\037\253L\000\201"
 4512      60D26778 
 4512      E4FD122F 
 4512      811FAB4C 
 4512      0081
 4513 0620 B4B080F5 		.ascii	"\264\260\200\365\322K\012\311\331;\365r\310\231>z\375"
 4513      D24B0AC9 
 4513      D93BF572 
 4513      C8993E7A 
 4513      FD
 4514 0631 9C5965BA 		.ascii	"\234Ye\272\364\251\227O\000\332\236}\303\263\002hT9"
 4514      F4A9974F 
 4514      00DA9E7D 
 4514      C3B30268 
 4514      5439
 4515 0643 75D4B534 		.ascii	"u\324\2654tMB\301\316P\264\024'\230\036\357\017\002"
 4515      744D42C1 
 4515      CE50B414 
 4515      27981EEF 
 4515      0F02
 4516 0655 F1B9A434 		.ascii	"\361\271\2444b\001\023\025\314\362\214\313\223_\325"
 4516      62011315 
 4516      CCF28CCB 
 4516      935FD5
 4517 0664 5D0E3EAE 		.ascii	"]\016>\256:;\361\351iE\317J\323p\031\311\025\300\310"
 4517      3A3BF1E9 
 4517      6945CF4A 
 4517      D37019C9 
ARM GAS  C:\Users\nicx5\AppData\Local\Temp\ccjkJcxQ.s 			page 162


 4517      15C0C8
 4518 0677 DDB21F79 		.ascii	"\335\262\037yN\023\224\221C4\020\017\004\215\351\257"
 4518      4E139491 
 4518      4334100F 
 4518      048DE9AF 
 4519 0687 E0C22A76 		.ascii	"\340\302*v\327\350[N\004\371\026\304\214\246\372\375"
 4519      D7E85B4E 
 4519      04F916C4 
 4519      8CA6FAFD 
 4520 0697 5218D657 		.ascii	"R\030\326W\363\032\332P\022\273\006\247\243TJ\353\347"
 4520      F31ADA50 
 4520      12BB06A7 
 4520      A3544AEB 
 4520      E7
 4521 06a8 D434095F 		.ascii	"\3244\011_\2651;M\311Ht\333\310\243\255\300\354W\316"
 4521      B5313B4D 
 4521      C94874DB 
 4521      C8A3ADC0 
 4521      EC57CE
 4522 06bb 2E8DBAA1 		.ascii	".\215\272\241,nNC\310\316\340b4\357}\300\224\255\325"
 4522      2C6E4E43 
 4522      C8CEE062 
 4522      34EF7DC0 
 4522      94ADD5
 4523 06ce 2E7B28F1 		.ascii	".{(\361\341\252fp\221h\006U>K]\026\026\020U\311\242"
 4523      E1AA6670 
 4523      91680655 
 4523      3E4B5D16 
 4523      161055C9 
 4524 06e3 FC9D7CD2 		.ascii	"\374\235|\322\013\000a\243\326\026x\351 d\016\214\335"
 4524      0B0061A3 
 4524      D61678E9 
 4524      20640E8C 
 4524      DD
 4525 06f4 75278A4A 		.ascii	"u'\212JF\303\243\227\204\\\240\315LC-`\273TE%\270U\020"
 4525      46C3A397 
 4525      845CA0CD 
 4525      4C432D60 
 4525      BB544525 
 4526 070b B05551E5 		.ascii	"\260UQ\345 H\204\022\177Y\015^\370\2046\023\352\322"
 4526      20488412 
 4526      7F590D5E 
 4526      F8843613 
 4526      EAD2
 4527 071d 1F12D06C 		.ascii	"\037\022\320l\014\203\352\224\011\244#\015\336\330\345"
 4527      0C83EA94 
 4527      09A4230D 
 4527      DED8E5
 4528 072c 91024132 		.ascii	"\221\002A2\273\220\027o+\353\3202w\355,\235{\211\322"
 4528      BB90176F 
 4528      2BEBD032 
 4528      77ED2C9D 
 4528      7B89D2
 4529 073f CDA962AD 		.ascii	"\315\251b\255 !\354\024\245\026\316fI\373\264\264\362"
 4529      2021EC14 
 4529      A516CE66 
 4529      49FBB4B4 
ARM GAS  C:\Users\nicx5\AppData\Local\Temp\ccjkJcxQ.s 			page 163


 4529      F2
 4530 0750 E1E76416 		.ascii	"\341\347d\026\244\3510\221\006=\002\003\225\242\000"
 4530      A4E93091 
 4530      063D0203 
 4530      95A200
 4531 075f 8AADBD6D 		.ascii	"\212\255\275m\240\323\245\372\307\242\264z\272\217\015"
 4531      A0D3A5FA 
 4531      C7A2B47A 
 4531      BA8F0D
 4532 076e 2B0485C0 		.ascii	"+\004\205\3008\002\251\001\276c\001\211&\217'LN]$\361"
 4532      3802A901 
 4532      BE630189 
 4532      268F274C 
 4532      4E5D24F1 
 4533 0782 FE       		.ascii	"\376"
 4534              		.text
 4535              		.section	.gnu.lto_HAL_QSPI_Receive_DMA.347.1f2fea0a,"e",%progbits
 4536 0000 28B52FFD 		.ascii	"(\265/\375`#\016\365>\000\252c\370\025>@\242N\007kv"
 4536      60230EF5 
 4536      3E00AA63 
 4536      F8153E40 
 4536      A24E076B 
 4537 0015 23DDDFB5 		.ascii	"#\335\337\265\033\257\200`\207\032\0321\355\251\346"
 4537      1BAF8060 
 4537      871A1A31 
 4537      EDA9E6
 4538 0024 7F0E06AD 		.ascii	"\177\016\006\255\310 \212\260\366\002\357\367YB\265"
 4538      C8208AB0 
 4538      F602EFF7 
 4538      5942B5
 4539 0033 DFD2F663 		.ascii	"\337\322\366c\334\327\337\220\230\241\301\2411\026\311"
 4539      DCD7DF90 
 4539      98A1C1A1 
 4539      3116C9
 4540 0042 D999551D 		.ascii	"\331\231U\035\324\210\334;\245\224\002I\001/\001[\001"
 4540      D488DC3B 
 4540      A5940249 
 4540      012F015B 
 4540      01
 4541 0053 BC1E9D55 		.ascii	"\274\036\235U\353\374\253s\223X\017\021J\363\266\016"
 4541      EBFCAB73 
 4541      93580F11 
 4541      4AF3B60E 
 4542 0063 EFA59B32 		.ascii	"\357\245\2332\336;\253\033\275\006\354\226v\227\351"
 4542      DE3BAB1B 
 4542      BD06EC96 
 4542      7697E9
 4543 0072 676E6616 		.ascii	"gnf\026\302M\246\003[\220\225S\203_]\246\351\367\310"
 4543      C24DA603 
 4543      5B909553 
 4543      835F5DA6 
 4543      E9F7C8
 4544 0085 7D699FBE 		.ascii	"}i\237\276\270AG\344H\313\324{\246\011\3659\321\322"
 4544      B84147E4 
 4544      48CBD47B 
 4544      A609F539 
 4544      D1D2
ARM GAS  C:\Users\nicx5\AppData\Local\Temp\ccjkJcxQ.s 			page 164


 4545 0097 67865FCC 		.ascii	"g\206_\314\200e~\253\334'$\354\2032\350^\300\005\275"
 4545      80657EAB 
 4545      DC2724EC 
 4545      8332E85E 
 4545      C005BD
 4546 00aa B21972EA 		.ascii	"\262\031r\352\357\353\243f\352\362*)\362e\014\331\353"
 4546      EFEBA366 
 4546      EAF22A29 
 4546      F2650CD9 
 4546      EB
 4547 00bb D4DE973B 		.ascii	"\324\336\227;s\207i1Bz\014\020n\272\367\020#\233{\001"
 4547      73876931 
 4547      427A0C10 
 4547      6EBAF710 
 4547      239B7B01 
 4548 00cf 1B300964 		.ascii	"\0330\011d\257\313\206\262\275\252\355d{ef\336\342\022"
 4548      AFCB86B2 
 4548      BDAAED64 
 4548      7B6566DE 
 4548      E212
 4549 00e1 C2CDBF6C 		.ascii	"\302\315\277l\2768U\364\2755Q\303x/ \326\343u\263\237"
 4549      BE3855F4 
 4549      BD3551C3 
 4549      782F20D6 
 4549      E375B39F 
 4550 00f5 9C9A9896 		.ascii	"\234\232\230\226\224\222\220\216\224FI\344\321\256\352"
 4550      9492908E 
 4550      944649E4 
 4550      D1AEEA
 4551 0104 7B937B48 		.ascii	"{\223{H?\031\265-i'\307\353\246c\027\323]/\341\265\322"
 4551      3F19B52D 
 4551      6927C7EB 
 4551      A66317D3 
 4551      5D2FE1B5 
 4552 0119 93CE93AA 		.ascii	"\223\316\223\252\246\270\3155\322Q\224=6(\2564R\257"
 4552      A6B8CD35 
 4552      D251943D 
 4552      3628AE34 
 4552      52AF
 4553 012b E6EABC75 		.ascii	"\346\352\274u!\333\023\025\212\220\012\240\026\354\252"
 4553      21DB1315 
 4553      8A900AA0 
 4553      16ECAA
 4554 013a 3D36279E 		.ascii	"=6'\236\234k\344\261k\212[\\\037\325e!\233\234\272\274"
 4554      9C6BE4B1 
 4554      6B8A5B5C 
 4554      1FD56521 
 4554      9B9CBABC 
 4555 014e F72ADBD2 		.ascii	"\367*\333\322\334\252Nr\203\206]\310\006U\031\030rq"
 4555      DCAA4E72 
 4555      83865DC8 
 4555      06551918 
 4555      7271
 4556 0160 A26C2BE2 		.ascii	"\242l+\342\253\272\234\263(\327\205lX\324\002vj{\320"
 4556      ABBA9CB3 
 4556      28D7856C 
 4556      58D40276 
ARM GAS  C:\Users\nicx5\AppData\Local\Temp\ccjkJcxQ.s 			page 165


 4556      6A7BD0
 4557 0173 5C6D275E 		.ascii	"\\m'^\277*\341\336\233\324FDE\336{[\260\335H\333\231"
 4557      BF2AE1DE 
 4557      9BD44644 
 4557      45DE7B5B 
 4557      B0DD48DB 
 4558 0188 FBB1EBDE 		.ascii	"\373\261\353\336\313\276\326\346\326\014\325\314}\201"
 4558      CBBED6E6 
 4558      D60CD5CC 
 4558      7D81
 4559 0196 99DD9891 		.ascii	"\231\335\230\221:\004\024\002\375\234\020TWf\231K\364"
 4559      3A041402 
 4559      FD9C1054 
 4559      5766994B 
 4559      F4
 4560 01a7 1CB02807 		.ascii	"\034\260(\007OD\306\246s\346\307f\365\262\353_\005\232"
 4560      4F44C6A6 
 4560      73E6C766 
 4560      F5B2EB5F 
 4560      059A
 4561 01b9 E8385EEB 		.ascii	"\3508^\353\023\200F\375\360\020\205}\343\001\211h4\345"
 4561      138046FD 
 4561      F010857D 
 4561      E3018968 
 4561      34E5
 4562 01cb 6F3A9DAA 		.ascii	"o:\235\252\177\347U\032\245z\377w\334\255\302\252\257"
 4562      7FE7551A 
 4562      A57AFF77 
 4562      DCADC2AA 
 4562      AF
 4563 01dc A10F115F 		.ascii	"\241\017\021_\304\314)\272\215\012\365\223V[\207z\264"
 4563      C4CC29BA 
 4563      8D0AF593 
 4563      565B877A 
 4563      B4
 4564 01ed BE017BD9 		.ascii	"\276\001{\331L\373\257\365/Xd\356\214E\257\371\237\000"
 4564      4CFBAFF5 
 4564      2F5864EE 
 4564      8C45AFF9 
 4564      9F00
 4565 01ff 8D4AC164 		.ascii	"\215J\301d}K{\207\024'\273\350A0\344\275u\020\270\325"
 4565      7D4B7B87 
 4565      1427BBE8 
 4565      4130E4BD 
 4565      7510B8D5 
 4566 0213 0409C37A 		.ascii	"\004\011\303z\362\260\275f\275\0244*\3753f~\321hx \357"
 4566      F2B0BD66 
 4566      BD14342A 
 4566      FD33667E 
 4566      D1687820 
 4567 0228 BD10B8CF 		.ascii	"\275\020\270\3174\245\304@\342\001\261\275\366cA\243"
 4567      34A5C440 
 4567      E201B1BD 
 4567      F66341A3 
 4568 0238 CE3FE3AD 		.ascii	"\316?\343\255C>\356\246\3552\335|R\234>\345\275\303"
 4568      433EEEA6 
 4568      ED32DD7C 
ARM GAS  C:\Users\nicx5\AppData\Local\Temp\ccjkJcxQ.s 			page 166


 4568      529C3EE5 
 4568      BDC3
 4569 024a 2D85D7A7 		.ascii	"-\205\327\247\0148\304\377\216\373\247\323\351\224\037"
 4569      0C38C4FF 
 4569      8EFBA7D3 
 4569      E9941F
 4570 0259 CADCD16E 		.ascii	"\312\334\321n\256\006l\326jisV\217\351\306b\347\253"
 4570      AE066CD6 
 4570      6A697356 
 4570      8FE9C662 
 4570      E7AB
 4571 026b 2ED3CCB4 		.ascii	".\323\314\264\316\012\254s\002\353\214\300:\037\260"
 4571      CE0AAC73 
 4571      02EB8CC0 
 4571      3A1FB0
 4572 027a CE06ACB3 		.ascii	"\316\006\254\263\225u\256\262\316\313\325\271\300\221"
 4572      9575AEB2 
 4572      CECBD5B9 
 4572      C091
 4573 0288 3395759E 		.ascii	"3\225u\236\262\316R\326\231\200\3229\312:\017\260\316"
 4573      B2CE52D6 
 4573      9980D239 
 4573      CA3A0FB0 
 4573      CE
 4574 0299 02AC7300 		.ascii	"\002\254s\000\353\014\300:CY\347'\353\354d\235\233\254"
 4574      EB0CC03A 
 4574      4359E727 
 4574      EBEC649D 
 4574      9BAC
 4575 02ab 3393755E 		.ascii	"3\223u^\262\316J\3269\311:#Y\347#\353\254\264\316F\326"
 4575      B2CE4AD6 
 4575      39C93A23 
 4575      59E723EB 
 4575      ACB4CE46 
 4576 02c0 3969E48C 		.ascii	"9i\344\214L:\037\255\263EzU\006<\335\222i\005\374\000"
 4576      4C3A1FAD 
 4576      B3457A55 
 4576      063CDD92 
 4576      6905FC00 
 4577 02d4 BAE974DA 		.ascii	"\272\351t\332L\033\340\005\330\371\223\000\237\214\266"
 4577      4C1BE005 
 4577      D8F99300 
 4577      9F8CB6
 4578 02e3 601BD84B 		.ascii	"`\033\330K<\304\374.\347[R\327\005\002\360qj3-\324\003"
 4578      3CC4FC2E 
 4578      E75B52D7 
 4578      0502F071 
 4578      6A332DD4 
 4579 02f8 F8A35DDA 		.ascii	"\370\243]\332\333Y\011g\002%M\344S\265g\227\206\364"
 4579      DB590967 
 4579      02254DE4 
 4579      53B56797 
 4579      86F4
 4580 030a B464C9E9 		.ascii	"\264d\311\351\237\232\336\211\255\211\217I\016Q\355"
 4580      9F9ADE89 
 4580      AD898F49 
 4580      0E51ED
ARM GAS  C:\Users\nicx5\AppData\Local\Temp\ccjkJcxQ.s 			page 167


 4581 0319 A86F62DE 		.ascii	"\250ob\336\326\240\234\022%\023\022\265f\332\245g\""
 4581      D6A09C12 
 4581      251312B5 
 4581      66DAA567 
 4581      22
 4582 032a D24ABFB4 		.ascii	"\322J\277\264\246\224h\027\245\006E\214\021`\227Y\345"
 4582      A6946817 
 4582      A506458C 
 4582      11609759 
 4582      E5
 4583 033b 37A29722 		.ascii	"7\242\227\"*J\362\242\242\231#\310$OC6\323\"}\322w\332"
 4583      2A4AF2A2 
 4583      A29923C8 
 4583      244F4336 
 4583      D3227DD2 
 4584 0351 DBD91E43 		.ascii	"\333\331\036C\315\264G\217\344gG\211<\370\206/\315\361"
 4584      CDB4478F 
 4584      E4674789 
 4584      3CF8862F 
 4584      CDF1
 4585 0363 EFB8E9B4 		.ascii	"\357\270\351\264\362\333M\340\025\037Rf\341\311M\250"
 4585      F2DB4DE0 
 4585      151F5266 
 4585      E1C94DA8 
 4586 0373 DF26965E 		.ascii	"\337&\226^\261\236\312\267\000\215:\021\001\375\242"
 4586      B19ECAB7 
 4586      008D3A11 
 4586      01FDA2
 4587 0382 5E2BA434 		.ascii	"^+\2444\235\036jl\246M\276\321wZ\334Y^'B\204\243\251"
 4587      9D1E6A6C 
 4587      A64DBED1 
 4587      775ADC59 
 4587      5E274284 
 4588 0398 87AC617B 		.ascii	"\207\254a{M~2\332\334\322\2145>)\206H\370g\231\233\\"
 4588      4D7E32DA 
 4588      DCD28C35 
 4588      3E298648 
 4588      F867999B 
 4589 03ad 3A51C513 		.ascii	":Q\305\023\221\217\257)\206E_\027R2Y\203C\204\026\336"
 4589      918FAF29 
 4589      86455F17 
 4589      52325983 
 4589      438416DE 
 4590 03c1 2698A698 		.ascii	"&\230\246\230\025\317{\235\275\306\334\364kA\315\277"
 4590      15CF7B9D 
 4590      BDC6DCF4 
 4590      6B41CDBF 
 4591 03d1 431D181A 		.ascii	"C\035\030\032\334\260\275*\321\326\340\234\032\032\320"
 4591      DCB0BD2A 
 4591      D1D6E09C 
 4591      1A1AD0
 4592 03e0 8DA78246 		.ascii	"\215\247\202F\025q=3\207\366cV\001\012\305I\310>s\207"
 4592      15713D33 
 4592      87F66356 
 4592      010AC549 
 4592      C83E7387 
 4593 03f4 E64375E4 		.ascii	"\346Cu\344[+dh\037\0044\012\350\233i\231?4\036B\253"
ARM GAS  C:\Users\nicx5\AppData\Local\Temp\ccjkJcxQ.s 			page 168


 4593      5B2B6468 
 4593      1F04340A 
 4593      E89B6999 
 4593      3F341E42 
 4594 0409 0E61EF78 		.ascii	"\016a\357xQ\275\233 >\346\021mG\212\0024N\020\236\334"
 4594      51BD9B20 
 4594      3EE6116D 
 4594      478A0234 
 4594      4E109EDC 
 4595 041d F3CF12FB 		.ascii	"\363\317\022\373wlf\271>c<\310\302\310\306\254\214\030"
 4595      776C66B9 
 4595      3E633CC8 
 4595      C2C8C6AC 
 4595      8C18
 4596 042f 62606230 		.ascii	"b`b0`\204!c\374\2401\006\026F\026\006#\031F\026\266"
 4596      60842163 
 4596      FCA03106 
 4596      16461606 
 4596      23194616 
 4597 0444 41C7CA30 		.ascii	"A\307\3120\262\262\"\204\275\320z\340\200j\306\312/"
 4597      B2B22284 
 4597      BDD07AE0 
 4597      806AC6CA 
 4597      2F
 4598 0455 1CD0D031 		.ascii	"\034\320\3201\266\003\314F\330\214\031[\017n\220\215"
 4598      B603CC46 
 4598      D88C195B 
 4598      0F6E908D 
 4599 0465 61BD10F3 		.ascii	"a\275\020\363\302\002\023\201\301\003\230\017\037\021"
 4599      C2021381 
 4599      C103980F 
 4599      1F11
 4600 0473 3C608D89 		.ascii	"<`\215\211\305\350ACl\003\004\366\221#\203\207\026["
 4600      C5E84143 
 4600      6C0304F6 
 4600      91238387 
 4600      165B
 4601 0485 0F467C79 		.ascii	"\017F|y\265\030\253!\226#E\013\012\034\236n\253\367"
 4601      B518AB21 
 4601      9623450B 
 4601      0A1C9E6E 
 4601      ABF7
 4602 0497 A1DC82BD 		.ascii	"\241\334\202\275\234k\362\027mr\271fU\211\371K\340\024"
 4602      9C6BF217 
 4602      6D72B966 
 4602      5589F94B 
 4602      E014
 4603 04a9 A3EF66FA 		.ascii	"\243\357f\372\352\352\375\323\230\325{\357}:\203\264"
 4603      EAEAFDD3 
 4603      98D57BEF 
 4603      7D3A83B4 
 4604 04b9 BA84BEE3 		.ascii	"\272\204\276\343D#_\347i\224fq\352$zjiM\202b\215ufb"
 4604      44235FE7 
 4604      69946671 
 4604      EA247A6A 
 4604      694D8262 
 4605 04d1 8B890A02 		.ascii	"\213\211\012\002\245\320:\301+\370#\032\231\004b\213"
ARM GAS  C:\Users\nicx5\AppData\Local\Temp\ccjkJcxQ.s 			page 169


 4605      A5D03AC1 
 4605      2BF8231A 
 4605      9904628B 
 4606 04e1 84C8CC71 		.ascii	"\204\310\314q\343\307\344X\372o\321\257}\214\227\204"
 4606      E3C7E458 
 4606      FA6FD1AF 
 4606      7D8C9784 
 4607 04f1 27E21604 		.ascii	"'\342\026\004\037\206\371<\360\010\376(\370\005\354"
 4607      1F86F93C 
 4607      F008FE28 
 4607      F805EC
 4608 0500 C033A17B 		.ascii	"\3003\241{\213y\205W\256\241\276\370\\2\340\305\341"
 4608      8B798557 
 4608      AEA1BEF8 
 4608      5C32E0C5 
 4608      E1
 4609 0511 DAEA0D74 		.ascii	"\332\352\015t\351\262b\254\372\275\345W=q\275\256\260"
 4609      E9B262AC 
 4609      FABDE557 
 4609      3D71BDAE 
 4609      B0
 4610 0522 E5273D8F 		.ascii	"\345'=\217G\201OF\235|\330\357\220\277\247\350\247\364"
 4610      47814F46 
 4610      9D7CD8EF 
 4610      90BFA7E8 
 4610      A7F4
 4611 0534 77CC6C92 		.ascii	"w\314l\222\345\020\311\345\272\001\234\2419d\233i\346"
 4611      E510C9E5 
 4611      BA019CA1 
 4611      39649B69 
 4611      E6
 4612 0545 2B61334D 		.ascii	"+a3M\365L\206Z\336]f\247^\352\011\374\221\256Y\347\275"
 4612      F54C865A 
 4612      DE5D66A7 
 4612      5EEA09FC 
 4612      91AE59E7 
 4613 055a 46F5496F 		.ascii	"F\365Ion\334\2431s\007\2672\365\257\006\032\345z\251"
 4613      6EDCA331 
 4613      7307B732 
 4613      F5AF061A 
 4613      E57AA9
 4614 056d EFA827F0 		.ascii	"\357\250'\360\017'm\221\323\253\320\310A\305\251\364"
 4614      0F276D91 
 4614      D3ABD0C8 
 4614      41C5A9F4 
 4615 057d FA4AA21E 		.ascii	"\372J\242\036)Qq\013\263\013\257K\306)\006\201#\250"
 4615      2951710B 
 4615      B30BAF4B 
 4615      C6290681 
 4615      23A8
 4616 058f 912C0895 		.ascii	"\221,\010\225R3#\"R\220\024\244\220\0161\205\3068Ha"
 4616      52332322 
 4616      529014A4 
 4616      900E3185 
 4616      C6384861 
 4617 05a3 7A11A034 		.ascii	"z\021\2404\250\2402C#\222\202\244\214d\031\003\1776"
 4617      A8A03243 
ARM GAS  C:\Users\nicx5\AppData\Local\Temp\ccjkJcxQ.s 			page 170


 4617      239282A4 
 4617      8C641903 
 4617      7F36
 4618 05b5 D074F261 		.ascii	"\320t\362a\3143\310{\311\2457\004=\372\274Z\2038/\227"
 4618      CC33C87B 
 4618      C9A53704 
 4618      3DFABC5A 
 4618      83382F97 
 4619 05c9 230E8775 		.ascii	"#\016\207uC7\000\230\372\324\212\015L\253\253\000dc"
 4619      43370098 
 4619      FAD48A0D 
 4619      4CABAB00 
 4619      6463
 4620 05db 4AF12881 		.ascii	"J\361(\201\265\006\200\032\251\361T\351\321m\200\200"
 4620      B506801A 
 4620      A9F154E9 
 4620      D16D8080 
 4621 05eb DC5221B5 		.ascii	"\334R!\265tF\372\024\372\030f\217e\357\275w\3609\373"
 4621      7446FA14 
 4621      FA18668F 
 4621      65EFBD77 
 4621      F039FB
 4622 05fe 00465914 		.ascii	"\000FY\024\004\303\255\272q\012:\301\272Cr\006\3145"
 4622      04C3ADBA 
 4622      710A3AC1 
 4622      BA437206 
 4622      CC35
 4623 0610 BADCE6F0 		.ascii	"\272\334\346\360C\000\312\267\022iGK\"\014g\347,\341"
 4623      4300CAB7 
 4623      1269474B 
 4623      220C67E7 
 4623      2CE1
 4624 0622 D364E83C 		.ascii	"\323d\350<\241\016p\307\3364J\332\035Hp\220\356\352"
 4624      A10E70C7 
 4624      DE344ADA 
 4624      1D487090 
 4624      EEEA
 4625 0634 1F47A45B 		.ascii	"\037G\244[ \210<O\241\260\341hq\225\313\344k\217\003"
 4625      20883C4F 
 4625      A1B0E168 
 4625      7195CBE4 
 4625      6B8F03
 4626 0647 B0B02CC2 		.ascii	"\260\260,\302\354\003\177k,\304l\273\326\235cYO\264"
 4626      EC037F6B 
 4626      2CC46CBB 
 4626      D69D6359 
 4626      4FB4
 4627 0659 CA8C58C9 		.ascii	"\312\214X\311k\377\014\260\307\320\232\210\312|\036"
 4627      6BFF0CB0 
 4627      C7D09A88 
 4627      CA7C1E
 4628 0668 E2634641 		.ascii	"\342cFA\267F@\205\036\322\202\337\324\027\033Lp~\337"
 4628      B7464085 
 4628      1ED282DF 
 4628      D4171B4C 
 4628      707EDF
 4629 067b 11828647 		.ascii	"\021\202\206G\320PB\264\267m0\314\0055W\211r\227^\020"
ARM GAS  C:\Users\nicx5\AppData\Local\Temp\ccjkJcxQ.s 			page 171


 4629      D05042B4 
 4629      B76D30CC 
 4629      05355789 
 4629      72975E10 
 4630 068f 05A72714 		.ascii	"\005\247'\024&az\310;k\254j\012D\006\347-\027=L\245"
 4630      26617AC8 
 4630      3B6BAC6A 
 4630      0A4406E7 
 4630      2D173D4C 
 4631 06a4 75FFF06B 		.ascii	"u\377\360kC\371V,\021T#\216\2710\327\346\204\204^\""
 4631      43F9562C 
 4631      1154238E 
 4631      B930D7E6 
 4631      84845E22 
 4632 06b8 05FD5C84 		.ascii	"\005\375\\\204\351\211Y\2511\312#\257Q\024\3110\375"
 4632      E98959A9 
 4632      31CA23AF 
 4632      5114C930 
 4632      FD
 4633 06c9 AF3046A8 		.ascii	"\2570F\250\201\011\223\273iBk985+J\203TR\277\001\013"
 4633      810993BB 
 4633      69426B39 
 4633      38352B4A 
 4633      835452BF 
 4634 06df 6309F92A 		.ascii	"c\011\371*\236\330\005\342p\011\341E\310X\211\030\250"
 4634      9ED805E2 
 4634      7009E145 
 4634      C8588918 
 4634      A8
 4635 06f0 00A4BBB7 		.ascii	"\000\244\273\267;Z\034\035<d\271\301\000l]\220.\317"
 4635      3B5A1C1D 
 4635      3C64B9C1 
 4635      006C5D90 
 4635      2ECF
 4636 0702 312E36F3 		.ascii	"1.6\363N\257A\026\016\260dWD\224\012%\037'8\317\306"
 4636      4EAF4116 
 4636      0EB06457 
 4636      44940A25 
 4636      1F2738CF 
 4637 0717 CDA8CE53 		.ascii	"\315\250\316S_%8\355q\033\265\275\331\032\317\235\206"
 4637      5F2538ED 
 4637      711BB5BD 
 4637      D91ACF9D 
 4637      86
 4638 0728 5F646906 		.ascii	"_di\006\326\345N\013Z^\353$\332\203\240r%:\036\200\237"
 4638      D6E54E0B 
 4638      5A5EEB24 
 4638      DA83A072 
 4638      253A1E80 
 4639 073d 71898960 		.ascii	"q\211\211`@\313\032\264u\360\320Y\267\353\355\211\333"
 4639      40CB1AB4 
 4639      75F0D059 
 4639      B7EBED89 
 4639      DB
 4640 074e 0223C611 		.ascii	"\002#\306\021\226t\002({Y`\202jt\344A\225-\013\255\006"
 4640      96740228 
 4640      7B596082 
ARM GAS  C:\Users\nicx5\AppData\Local\Temp\ccjkJcxQ.s 			page 172


 4640      6A74E441 
 4640      952D0BAD 
 4641 0763 2A4A2565 		.ascii	"*J%e\256\"\305\024I>r\247P\243\025#\024G\375 Ya \030"
 4641      AE22C514 
 4641      493E72A7 
 4641      50A31523 
 4641      1447FD20 
 4642 077b F0E60220 		.ascii	"\360\346\002 {%\251g\020>!\220W ~\337N\373\224\252\206"
 4642      7B25A967 
 4642      103E2190 
 4642      57207EDF 
 4642      4EFB94AA 
 4643 0790 71161C43 		.ascii	"q\026\034C\344-\312\337a\356h\200.\206\346\240\337\216"
 4643      E42DCADF 
 4643      61EE6880 
 4643      2E86E6A0 
 4643      DF8E
 4644 07a2 FD6B9C1D 		.ascii	"\375k\234\035\001\303V\3307\221\374\241\232\363f*\333"
 4644      01C356D8 
 4644      3791FCA1 
 4644      9AF3662A 
 4644      DB
 4645 07b3 75D7806B 		.ascii	"u\327\200k\372F+\004;B\234G\000\250.\212R\305\252?\003"
 4645      FA462B04 
 4645      3B429C47 
 4645      00A82E8A 
 4645      52C5AA3F 
 4646 07c8 204EA20F 		.ascii	" N\242\017A\254\003\325"
 4646      41AC03D5 
 4647 07d0 EFED8682 		.ascii	"\357\355\206\202H\231\242\221\350a\200C\267\224\257"
 4647      4899A291 
 4647      E8618043 
 4647      B794AF
 4648 07df 0DD2D322 		.ascii	"\015\322\323\"\360\025I\272?"
 4648      F01549BA 
 4648      3F
 4649              		.text
 4650              		.section	.gnu.lto_HAL_QSPI_AutoPolling.348.1f2fea0a,"e",%progbits
 4651 0000 28B52FFD 		.ascii	"(\265/\375`\214\007U'\000zB\314\016H\200\332Q:\337\242"
 4651      608C0755 
 4651      27007A42 
 4651      CC0E4880 
 4651      DA513ADF 
 4652 0015 E495AC65 		.ascii	"\344\225\254e\344\263IH>\217\335\264\257\037@\320\311"
 4652      E4B34948 
 4652      3E8FDDB4 
 4652      AF1F40D0 
 4652      C9
 4653 0026 48313C59 		.ascii	"H1<Y8;\366\005s|\304\355\023\325V\370\376\365x_\356"
 4653      383BF605 
 4653      737CC4ED 
 4653      13D556F8 
 4653      FEF5785F 
 4654 003b 7FCAF433 		.ascii	"\177\312\3643\344d\350%[f\004\262\200\262X\304}\241"
 4654      E464E825 
 4654      5B6604B2 
 4654      80B258C4 
ARM GAS  C:\Users\nicx5\AppData\Local\Temp\ccjkJcxQ.s 			page 173


 4654      7DA1
 4655 004d 3AB4B78C 		.ascii	":\264\267\214\020B\010\221;\311\326\000\311\000\333"
 4655      10420891 
 4655      3BC9D600 
 4655      C900DB
 4656 005c 0051BB2B 		.ascii	"\000Q\273+\201\366\336\270\215<cd\203C\375\351S\334"
 4656      81F6DEB8 
 4656      8D3C6364 
 4656      8343FDE9 
 4656      53DC
 4657 006e 31279FEC 		.ascii	"1'\237\354%r[L\314H6v\357q\301O\276P\305\271\331\235"
 4657      25725B4C 
 4657      CC483676 
 4657      EF71C14F 
 4657      BE50C5B9 
 4658 0084 C8272295 		.ascii	"\310'\"\225\0144;\363\010c\350\005\306\227]\033c\230"
 4658      0C343BF3 
 4658      0863E805 
 4658      C6975D1B 
 4658      6398
 4659 0096 B93B5563 		.ascii	"\271;Uc\314\247\376\304\201\355\254e\376\223C\231\361"
 4659      CCA7FEC4 
 4659      81EDAC65 
 4659      FE934399 
 4659      F1
 4660 00a7 2E192CE0 		.ascii	".\031,\340\33633\260{\217\014\330\203\3723w\036\364"
 4660      DE3333B0 
 4660      7B8F0CD8 
 4660      83FA3377 
 4660      1EF4
 4661 00b9 A7F901E8 		.ascii	"\247\371\001\350Off\242\0073\030\330\027\254I\020\311"
 4661      4F6666A2 
 4661      073318D8 
 4661      17AC4910 
 4661      C9
 4662 00ca 08C68715 		.ascii	"\010\306\207\025\263{\217C\255u\340\325\024=\315\266"
 4662      B37B8F43 
 4662      AD75E0D5 
 4662      143DCDB6 
 4663 00da 403E8DAB 		.ascii	"@>\215\253\251Q\000,b\300\326\010\331A\365\324\307\321"
 4663      A951002C 
 4663      62C0D608 
 4663      D941F5D4 
 4663      C7D1
 4664 00ec DCBDB756 		.ascii	"\334\275\267V\254aO3h\014K\031\317\224\021b\255(eM\263"
 4664      AC614F33 
 4664      680C4B19 
 4664      CF941162 
 4664      AD28654D 
 4665 0101 48CAACCA 		.ascii	"H\312\254\312V\034\232:o\206cj\305(\333\246\204{\257"
 4665      561C9A3A 
 4665      6F86636A 
 4665      C528DBA6 
 4665      847BAF
 4666 0114 AD2834D5 		.ascii	"\255(4\325{\357\277\216 \211\016*kS\243{/[bq\307y=3"
 4666      7BEFBF8E 
 4666      20890E2A 
ARM GAS  C:\Users\nicx5\AppData\Local\Temp\ccjkJcxQ.s 			page 174


 4666      6B53A37B 
 4666      2F5B6271 
 4667 012c 17999907 		.ascii	"\027\231\231\007s\232\024G*Y\216\220>\336K\243;\213"
 4667      739A1447 
 4667      2A598E90 
 4667      3EDE4BA3 
 4667      3B8B
 4668 013e 7F1EFAB6 		.ascii	"\177\036\372\266p&\312\24613\323\255\360\324{\203@\340"
 4668      7026CAA6 
 4668      3133D3AD 
 4668      F0D47B83 
 4668      40E0
 4669 0150 57096142 		.ascii	"W\011aB\325\222\201\376|\257Fd\0139A\232\260\256&G\264"
 4669      D59281FE 
 4669      7CAF4664 
 4669      0B39419A 
 4669      B0AE2647 
 4670 0165 AE965668 		.ascii	"\256\226Vhk\314\220qb\323\216\020\245\025\011\221\026"
 4670      6BCC9071 
 4670      62D38E10 
 4670      A5150991 
 4670      16
 4671 0176 C4A29911 		.ascii	"\304\242\231\021\241\265\271\365\223\317\005\355\222"
 4671      A1B5B9F5 
 4671      93CF05ED 
 4671      92
 4672 0183 752C7393 		.ascii	"u,s\223\012{\342\255/f%l)\266hf\376u\233\004\215L\230"
 4672      0A7BE2AD 
 4672      2F66256C 
 4672      29B66866 
 4672      FE759B04 
 4673 019a 6B977CA4 		.ascii	"k\227|\244a;\213o\336\306b\376\371\361\367\301\035\371"
 4673      613B8B6F 
 4673      DEC662FE 
 4673      F9F1F7C1 
 4673      1DF9
 4674 01ac F7BCEB27 		.ascii	"\367\274\353'p\343\317\363\344\371\306\226w\256<\333"
 4674      70E3CFF3 
 4674      E4F9C696 
 4674      77AE3CDB 
 4675 01bc 54CB0056 		.ascii	"T\313\000V\313:\253\345\332j9g\265\274\256\226\325\325"
 4675      CB3AABE5 
 4675      DA6A3967 
 4675      B5BCAE96 
 4675      D5D5
 4676 01ce 72BA5A46 		.ascii	"r\272ZFW\313\347j\331T-wj\331\242\226\257 \315A\005"
 4676      57CBE76A 
 4676      D9542D77 
 4676      6AD9A296 
 4676      AF20CD41 
 4677 01e3 B92594E3 		.ascii	"\271%\224\343^ K\263\033vf\331z\362W\3362\317\340{\375"
 4677      5E204BB3 
 4677      1B7666D9 
 4677      7AF257DE 
 4677      32CFE07B 
 4678 01f8 8B6B3E01 		.ascii	"\213k>\001'r\256FK\261\317\213\214\016\222\237\231\355"
 4678      2772AE46 
ARM GAS  C:\Users\nicx5\AppData\Local\Temp\ccjkJcxQ.s 			page 175


 4678      4BB1CF8B 
 4678      8C0E929F 
 4678      99ED
 4679 020a 804A7AAE 		.ascii	"\200Jz\256b\240?O.\"\233 \327\313tZ\002VX\255\311,\020"
 4679      62A03F4F 
 4679      2E229B20 
 4679      D7CB745A 
 4679      025658AD 
 4680 0221 9AD3B5B5 		.ascii	"\232\323\265\265\325\316\351\017{\010\231|\315\272s"
 4680      D5CEE90F 
 4680      7B08997C 
 4680      CDBA73
 4681 0230 B65C2E0F 		.ascii	"\266\\.\017\204\246\255\366\207TB'W\223\036A\241<\015"
 4681      84A6ADF6 
 4681      87544227 
 4681      57931E41 
 4681      A13C0D
 4682 0243 30CAD1A0 		.ascii	"0\312\321\240^Vg3\003\245\334\014\205\2279;If6\263\205"
 4682      5E566733 
 4682      03A5DC0C 
 4682      8597393B 
 4682      496636B3 
 4683 0258 8F411203 		.ascii	"\217A\022\003\205\241\207\376<\221\0152\303\305\236"
 4683      85A187FE 
 4683      3C910D32 
 4683      C3C59E
 4684 0267 C22E6880 		.ascii	"\302.h\200\301\274\341`z\335\2531\330B\366%\317\370"
 4684      C1BCE160 
 4684      7ADDAB31 
 4684      D842F625 
 4684      CFF8
 4685 0279 944D719D 		.ascii	"\224Mq\235\007\242\270>r\212.\031\005\327W\026\260="
 4685      07A2B83E 
 4685      728A2E19 
 4685      05D75716 
 4685      B03D
 4686 028b 7D6BFE07 		.ascii	"}k\376\0074w \224@3\203\320\331\023q\275\323\343R\265"
 4686      34772094 
 4686      403383D0 
 4686      D91371BD 
 4686      D3E352B5 
 4687 029f 14EB925C 		.ascii	"\024\353\222\\\310\213@\271(\005]\221\351\222X\374'"
 4687      C88B40B9 
 4687      28055D91 
 4687      E99258FC 
 4687      27
 4688 02b0 9479C4B5 		.ascii	"\224y\304\265 \365\\\011]\221\305\011\303]\266,\351"
 4688      20F55C09 
 4688      5D91C509 
 4688      C35DB62C 
 4688      E9
 4689 02c1 329550DB 		.ascii	"2\225P\333ASH\034\213\222m\003XF\273,\313\021\362%\364"
 4689      4153481C 
 4689      8B926D03 
 4689      5846BB2C 
 4689      CB11F225 
 4690 02d6 4ABEA71F 		.ascii	"J\276\247\037\323\317\207\376\234\230~>\025\274\246"
ARM GAS  C:\Users\nicx5\AppData\Local\Temp\ccjkJcxQ.s 			page 176


 4690      D3CF87FE 
 4690      9C987E3E 
 4690      15BCA6
 4691 02e5 DFFA7BEA 		.ascii	"\337\372{\352\231`\321\264KQ\234\340u\011\026\274\346"
 4691      9960D1B4 
 4691      4B519CE0 
 4691      750916BC 
 4691      E6
 4692 02f6 120D1A44 		.ascii	"\022\015\032D`\3429(\022:\220\342d\236PS\013\237\213"
 4692      60E23928 
 4692      123A90E2 
 4692      649E5053 
 4692      0B9F8B
 4693 0309 A5154C29 		.ascii	"\245\025L)R\020\025\261\370\371\206xN\272\241%\016\024"
 4693      521015B1 
 4693      F8F98678 
 4693      4EBAA125 
 4693      0E14
 4694 031b 8E96A0A0 		.ascii	"\216\226\240\240\"\034\015\371\234L\274hr\272\000\201"
 4694      221C0DF9 
 4694      9C4CBC68 
 4694      72BA0081 
 4695 032b A17A158E 		.ascii	"\241z\025\216\222\210\212:\354tI>\025N\275\021I\023"
 4695      92888A3A 
 4695      EC74493E 
 4695      154EBD11 
 4695      4913
 4696 033d 30DC98F9 		.ascii	"0\334\230\371xo\336\306\342\236\252'?R[\363\360\221"
 4696      786FDEC6 
 4696      E29EAA27 
 4696      3F525BF3 
 4696      F091
 4697 034f 9666AD8D 		.ascii	"\226f\255\215\357\360N\263Q\260\207jg1z/?P5\304\210"
 4697      EFF04EB3 
 4697      51B0876A 
 4697      67317A2F 
 4697      3F5035C4 
 4698 0364 896B5CD5 		.ascii	"\211k\\\325\022#m\017D\201\252\266r\234?m\353)\346\376"
 4698      12236D0F 
 4698      4481AAB6 
 4698      729C3F6D 
 4698      EB29E6FE 
 4699 0378 B24AC076 		.ascii	"\262J\300v\250&P\242lck\243\340M;\313F)\035Pj\205A;"
 4699      A82650A2 
 4699      6C636BA3 
 4699      E04D3BCB 
 4699      46291D50 
 4700 0390 3310CB06 		.ascii	"3\020\313\006\221\304\224\300\240n\260\267\007\200\207"
 4700      91C494C0 
 4700      A06EB0B7 
 4700      078087
 4701 039f 32880DCE 		.ascii	"2\210\015\316\260\013\332Y^\376\323\317\342\363:\373"
 4701      B00BDA59 
 4701      5EFED3CF 
 4701      E2F33AFB 
 4702 03af F93FA0EA 		.ascii	"\371?\240\352O\337\332k,\310\362\221\247\011\024\001"
 4702      4FDFDA6B 
ARM GAS  C:\Users\nicx5\AppData\Local\Temp\ccjkJcxQ.s 			page 177


 4702      2CC8F291 
 4702      A7091401 
 4703 03bf 6ED9809E 		.ascii	"n\331\200\236\250q<\247\231\031\231\031I\222J\2415\320"
 4703      A8713CA7 
 4703      99199919 
 4703      49924AA1 
 4703      35D0
 4704 03d1 22192AA2 		.ascii	"\"\031*\242\007\021\360,\245\252f$)iv\306/.\220By\225"
 4704      0711F02C 
 4704      A5AA6624 
 4704      296976C6 
 4704      2F2E9042 
 4705 03e7 298C7C5A 		.ascii	")\214|Z\025Z<\200\014\317\271\246e\342Vu#D\024\370L"
 4705      155A3C80 
 4705      0CCFB9A6 
 4705      65E25675 
 4705      234414F8 
 4706 03fc 87D4B129 		.ascii	"\207\324\261)\031\302\350Ri\015\011Q\004nQ\352\373\250"
 4706      19C2E852 
 4706      690D0951 
 4706      046E51EA 
 4706      FBA8
 4707 040e ED4E1AEF 		.ascii	"\355N\032\357\025\203\025nwm\316\022\375\304\201\315"
 4707      1583156E 
 4707      776DCE12 
 4707      FDC481CD 
 4708 041e 658F9453 		.ascii	"e\217\224S\300\201\237\010\305GA_\221\203\204\214\266"
 4708      C0819F08 
 4708      C547415F 
 4708      9183848C 
 4708      B6
 4709 042f 634CFFFA 		.ascii	"cL\377\372\377\020\213D\232\350\246\027\221\274qv\336"
 4709      FF108B44 
 4709      9AE8A617 
 4709      91BC7176 
 4709      DE
 4710 0440 2EB8102C 		.ascii	".\270\020,\331\326\011$\361\224\030A\030\247\310\274"
 4710      D9D60924 
 4710      F1941841 
 4710      18A7C8BC 
 4711 0450 F01EB086 		.ascii	"\360\036\260\206\015\230\263\212\274\237\306\022\214"
 4711      0D98B38A 
 4711      BC9FC612 
 4711      8C
 4712 045d 732F26E7 		.ascii	"s/&\347\226b&\362\3029l\277Q4;)\035\027i\0329k\007\364"
 4712      966226F2 
 4712      C2396CBF 
 4712      51343B29 
 4712      1D17691A 
 4713 0475 5084BDF0 		.ascii	"P\204\275\360\212r\006\010\345\200\217\211\242(.\333"
 4713      8A720608 
 4713      E5808F89 
 4713      A2282EDB 
 4714 0485 AAF0981E 		.ascii	"\252\360\230\036\353\321\341UO\337.\371(\237\204\231"
 4714      EBD1E155 
 4714      4FDF2EF9 
 4714      289F8499 
ARM GAS  C:\Users\nicx5\AppData\Local\Temp\ccjkJcxQ.s 			page 178


 4715 0495 D577A819 		.ascii	"\325w\250\031a\323\231\031Qh&{\303\235C\343R\234\012"
 4715      61D39919 
 4715      5168267B 
 4715      C39D43E3 
 4715      529C0A
 4716 04a8 D5CCCD72 		.ascii	"\325\314\315rA|\210\364<T\306u\3655\326\300b9\177\254"
 4716      417C88F4 
 4716      3C54C675 
 4716      F535D6C0 
 4716      62397FAC 
 4717 04bc 93DBF904 		.ascii	"\223\333\371\004FK>\307\377\024S\211\032@p\245\237\026"
 4717      464B3EC7 
 4717      FF145389 
 4717      1A4070A5 
 4717      9F16
 4718 04ce FC6AD12E 		.ascii	"\374j\321.I!\035\245\232\016\0105\214\246\277\022y\306"
 4718      49211DA5 
 4718      9A0E0835 
 4718      8CA6BF12 
 4718      79C6
 4719 04e0 91D02F20 		.ascii	"\221\320/ K@\326p\220o\311m\200\243+\236\226\022D\025"
 4719      4B40D670 
 4719      906FC96D 
 4719      80A32B9E 
 4719      96124415 
 4720              		.text
 4721              		.section	.gnu.lto_HAL_QSPI_AutoPolling_IT.349.1f2fea0a,"e",%progbits
 4722 0000 28B52FFD 		.ascii	"(\265/\375`\310\007='\000jA|\016F\200\234Q:\033\221"
 4722      60C8073D 
 4722      27006A41 
 4722      7C0E4680 
 4722      9C513A1B 
 4723 0015 05B8E68F 		.ascii	"\005\270\346\217:{\022%y\01290\372\037\226U\225\016"
 4723      3A7B1225 
 4723      790A3930 
 4723      FA1F9655 
 4723      950E
 4724 0027 7B99A9AA 		.ascii	"{\231\251\252\277\223\322\336\344?\033\026-\2632\252"
 4724      BF93D2DE 
 4724      E43F1B16 
 4724      2DB332AA 
 4725 0037 D55B78C7 		.ascii	"\325[x\307\012\036\271(\337\274(+k\303\210neE\230V\347"
 4725      0A1EB928 
 4725      DFBC282B 
 4725      6BC3886E 
 4725      65459856 
 4726 004c 46B4B6C9 		.ascii	"F\264\266\311&D\356$\003\321\000\306\000\325\0007\303"
 4726      2644EE24 
 4726      03D100C6 
 4726      00D50037 
 4726      C3
 4727 005d 420A98E4 		.ascii	"B\012\230\344~<\351\015r\333\010\366\005\350U\303\034"
 4727      7E3CE90D 
 4727      72DB08F6 
 4727      05E855C3 
 4727      1C
 4728 006e B3518ADE 		.ascii	"\263Q\212\336(\267\273\272\276\002\205\335[t\360\222"
ARM GAS  C:\Users\nicx5\AppData\Local\Temp\ccjkJcxQ.s 			page 179


 4728      28B7BBBA 
 4728      BE0285DD 
 4728      5B74F092 
 4729 007e 79580556 		.ascii	"yX\005V9\262\230\343'\226\303\276T\320\3135q\007y\273"
 4729      39B298E3 
 4729      2796C3BE 
 4729      54D0CB35 
 4729      710779BB 
 4730 0092 563ECA76 		.ascii	"V>\312v\366e\002\262\034\245\314\007\3630=.\206\007"
 4730      F66502B2 
 4730      1CA5CC07 
 4730      F3303D2E 
 4730      8607
 4731 00a4 1BDDFB67 		.ascii	"\033\335\373gP\233{\213\017\230\204}y{\201\372\222\374"
 4731      509B7B8B 
 4731      0F98847D 
 4731      797B81FA 
 4731      92FC
 4732 00b6 80FA9299 		.ascii	"\200\372\222\231y\002\205\036|\366m\223\325S\361U\206"
 4732      7902851E 
 4732      7CF66D93 
 4732      D553F155 
 4732      86
 4733 00c7 448DD9BD 		.ascii	"D\215\331\275E\245\256\362\3634k\326\222lz\362\247N"
 4733      45A5AEF2 
 4733      F3346BD6 
 4733      926C7AF2 
 4733      A74E
 4734 00d9 AB058DDC 		.ascii	"\253\005\215\334.0M\015P\212(y%\223\302\334\224\021"
 4734      2E304D0D 
 4734      508A2879 
 4734      2593C2DC 
 4734      9411
 4735 00eb 057F6401 		.ascii	"\005\177d\001\253+@\241\240\017Z\222\016\212B\206\334"
 4735      AB2B40A1 
 4735      A00F5A92 
 4735      0E8A4286 
 4735      DC
 4736 00fc 8B481292 		.ascii	"\213H\022\222\000\0311\261*J\276\247\344M^\270\367\022"
 4736      001931B1 
 4736      2A4ABEA7 
 4736      E44D5EB8 
 4736      F712
 4737 010e 05A9487B 		.ascii	"\005\251H{\357\275\231S A\037\245\246\206{/S`\260\310"
 4737      EFBD9953 
 4737      20411FA5 
 4737      A6867B2F 
 4737      5360B0C8 
 4738 0122 B976660E 		.ascii	"\271vf\01623\020f\363*w\212l,\032V\234\363\325\215\305"
 4738      32331066 
 4738      F32A778A 
 4738      6C2C1A56 
 4738      9CF3D58D 
 4739 0137 BFAED2EE 		.ascii	"\277\256\322\356\000FE\0071\263\323\323\350\354\275"
 4739      00464507 
 4739      31B3D3D3 
 4739      E8ECBD
ARM GAS  C:\Users\nicx5\AppData\Local\Temp\ccjkJcxQ.s 			page 180


 4740 0146 4F2AF0D1 		.ascii	"O*\360\321\220xa\253\360\250/i\323\210\306\3661\203"
 4740      907861AB 
 4740      F0A82F69 
 4740      D388C6F6 
 4740      3183
 4741 0158 ADABB130 		.ascii	"\255\253\2610=x\270\304d\255\311\262\306\312\232'fd"
 4741      3D78B8C4 
 4741      64ADC9B2 
 4741      C6CA9A27 
 4741      6664
 4742 016a 605C6370 		.ascii	"`\\cpZZZK\270\244%\345\250o\374\255G\317x\2102?\315"
 4742      5A5A5A4B 
 4742      B8A425E5 
 4742      A86FFCAD 
 4742      47CF7888 
 4743 0181 A0071EF5 		.ascii	"\240\007\036\365\273\256|]\305}\306l\313\0312\257K\317"
 4743      BBAE7C5D 
 4743      C57DC66C 
 4743      CB1932AF 
 4743      4BCF
 4744 0193 B838451B 		.ascii	"\2708E\033\213O\336\0362\277\370\337~<\333.\346?p\342"
 4744      8B4FDE1E 
 4744      32BFF8DF 
 4744      7E3CDB2E 
 4744      E63F70E2 
 4745 01a7 6FE0C6F3 		.ascii	"o\340\306\363\021S6\262\224\005X\312\001,\345\"K\231"
 4745      115336B2 
 4745      940558CA 
 4745      012CE522 
 4745      4B99
 4746 01b9 C8520660 		.ascii	"\310R\006`)\017Y\312B\226r\315R\246Y\312\326R6-\345"
 4746      290F59CA 
 4746      429672CD 
 4746      52A659CA 
 4746      D652362D 
 4747 01ce 4AA35C5A 		.ascii	"J\243\\Z\312\244I\271+e\232dRIc\314\3120\344^'gf\227"
 4747      CAA449B9 
 4747      2B659A64 
 4747      524963CC 
 4747      CA30E45E 
 4748 01e6 AB7C83E5 		.ascii	"\253|\203\345\306\377x\312\334\203_&\367\023F\324d\000"
 4748      C6FF78CA 
 4748      DC835F26 
 4748      F71346D4 
 4748      6400
 4749 01f8 BAD64443 		.ascii	"\272\326DC-\324\000\372\277#\276-\3573\324\345|\204"
 4749      2DD400FA 
 4749      BF23BE2D 
 4749      EF33D4E5 
 4749      7C84
 4750 020a 8AFE9C9D 		.ascii	"\212\376\234\235\235\035\251\322\272\326\377%\361y\371"
 4750      9D1DA9D2 
 4750      BAD6FF25 
 4750      F179F9
 4751 0219 1E1A97FD 		.ascii	"\036\032\227\375r=a\236\307r1\233\371\034s<'\231\337"
 4751      723D619E 
 4751      C772319B 
ARM GAS  C:\Users\nicx5\AppData\Local\Temp\ccjkJcxQ.s 			page 181


 4751      F91C733C 
 4751      2799DF
 4752 022c 31D9086B 		.ascii	"1\331\010k3o\270\035\025_\274\016P\365\345\201b\306"
 4752      336FB81D 
 4752      155FBC0E 
 4752      50F5E581 
 4752      62C6
 4753 023e 0FEF92E2 		.ascii	"\017\357\222\342:\211 r\324\227\2259\304\353@\225M#"
 4753      3A892072 
 4753      D4979539 
 4753      C4EB4095 
 4753      4D23
 4754 0250 F6DAC7BB 		.ascii	"\366\332\307\273-AJV\226P\325\237\325\3267\226\301m"
 4754      2D414A56 
 4754      9650D59F 
 4754      D5D63796 
 4754      C16D
 4755 0262 F1B1F58F 		.ascii	"\361\261\365\217\010(\331G\315\037QoG\252\007\232\271"
 4755      0828D947 
 4755      CD1F516F 
 4755      47AA079A 
 4755      B9
 4756 0273 C4097AA0 		.ascii	"\304\011z\240\255\311\233\244\253\230\031w9R6\341\275"
 4756      ADC99BA4 
 4756      AB981977 
 4756      395236E1 
 4756      BD
 4757 0284 B7C3906D 		.ascii	"\267\303\220m\033\022{`\306\243\250qZ$\011\307p[c\370"
 4757      1B127B60 
 4757      C6A3A871 
 4757      5A2409C7 
 4757      705B63F8 
 4758 0298 529539C5 		.ascii	"R\2259\305\337\250@ \204 \034\313\342u+2Q\232\224-j"
 4758      DFA84020 
 4758      84201CCB 
 4758      E2752B32 
 4758      519A942D 
 4759 02ad 77529915 		.ascii	"wR\231\025g\323\242;\301\220\330[X^5(o\252ZLv\254\006"
 4759      67D3A23B 
 4759      C190D85B 
 4759      585E3528 
 4759      6FAA5A4C 
 4760 02c4 A58B373B 		.ascii	"\245\2137;)\236\023oWyQN\274\335\014\335\023\217\026"
 4760      299E136F 
 4760      5779514E 
 4760      BCDD0CDD 
 4760      138F16
 4761 02d7 0386AE5D 		.ascii	"\003\206\256]@\351\232]D\210`\301I'a\011\202MF\311:"
 4761      40E99A5D 
 4761      448860C1 
 4761      49276109 
 4761      824D46C9 
 4762 02ec 084F3676 		.ascii	"\010O6v7\232h8\311\2201a\011\212\267S\322E\341\224\232"
 4762      379A6838 
 4762      C9903161 
 4762      098AB753 
 4762      D245E194 
ARM GAS  C:\Users\nicx5\AppData\Local\Temp\ccjkJcxQ.s 			page 182


 4763 0301 446C606A 		.ascii	"Dl`j\322\241\303\002\223\322.\352\005\216\247(\017\025"
 4763      D2A1C302 
 4763      93D22EEA 
 4763      058EA728 
 4763      0F15
 4764 0313 58470D0E 		.ascii	"XG\015\016L,&,\215\310\341X\354fD\325H\301\002\303\007"
 4764      4C2C262C 
 4764      8DC8E158 
 4764      EC6644D5 
 4764      48C102C3 
 4765 0328 02CC5CBC 		.ascii	"\002\314\\\274'o\017\231\232\266\2661)\253SO\347F\230"
 4765      276F0F99 
 4765      9AB6B631 
 4765      29AB534F 
 4765      E74698
 4766 033b 8835690A 		.ascii	"\2105i\012\274Q[1\263Q\323\3761\377x\326\320\243\005"
 4766      BC515B31 
 4766      B351D3FE 
 4766      31FF78D6 
 4766      D0A305
 4767 034e D1E2457F 		.ascii	"\321\342E\177\326\037\177\343\012\027G\012\315R\234"
 4767      D61F7FE3 
 4767      0A17470A 
 4767      CD529C
 4768 035d F36569EF 		.ascii	"\363ei\357?\302\230\253\010p\211)\200\376\032\004h\001"
 4768      3FC298AB 
 4768      08708929 
 4768      80FE1A04 
 4768      6801
 4769 036f 942A009C 		.ascii	"\224*\000\234,\006tJ\007\247\312\003\312E\244j\240\017"
 4769      2C06744A 
 4769      07A7CA03 
 4769      CA45A46A 
 4769      A00F
 4770 0381 4C3987F4 		.ascii	"L9\207\364@\276\371\350*\336\301yRD\345\202\002\231"
 4770      40BEF9E8 
 4770      2ADEC179 
 4770      5244E582 
 4770      0299
 4771 0393 38AD2010 		.ascii	"8\255 \020\356\250/\313.@1,\007T\324\027\206\304^ \332"
 4771      EEA82FCB 
 4771      2E40312C 
 4771      0754D417 
 4771      86C45E20 
 4772 03a8 912AF3A9 		.ascii	"\221*\363\251%\200\240\250\2014I\225!!\031\221\202\024"
 4772      2580A0A8 
 4772      81344995 
 4772      21211991 
 4772      8214
 4773 03ba 1424E9B0 		.ascii	"\024$\351\260\"\0312\262\015\021\3604I\331\320((JRc"
 4773      221932B2 
 4773      0D11F034 
 4773      49D9D028 
 4773      284A5263 
 4774 03ce 59034F1B 		.ascii	"Y\003O\033hJL\347\263\261\373\032u\326\356\2670\011"
 4774      684A4CE7 
 4774      B3B1FB1A 
ARM GAS  C:\Users\nicx5\AppData\Local\Temp\ccjkJcxQ.s 			page 183


 4774      75D6EEB7 
 4774      3009
 4775 03e0 031831F5 		.ascii	"\003\0301\365\330\202|\360\004\345F\3021\374\010\353"
 4775      D8827CF0 
 4775      04E546C2 
 4775      31FC08EB 
 4776 03f0 B4F4BF30 		.ascii	"\264\364\2770\030\212z\021w!\336<\227\303Q\233\324\304"
 4776      188A7A11 
 4776      7721DE3C 
 4776      97C3519B 
 4776      D4C4
 4777 0402 CD336F26 		.ascii	"\3153o&\372\255\370\036\\\\I\227\3135\"\025\204\347"
 4777      FAADF81E 
 4777      5C5C4997 
 4777      CB352215 
 4777      84E7
 4778 0414 1FECBD30 		.ascii	"\037\354\2750r\367JPZ\376>\257\206b\363\267\311i\234"
 4778      72F74A50 
 4778      5AFE3EAF 
 4778      8662F3B7 
 4778      C9699C
 4779 0427 5B68ACDB 		.ascii	"[h\254\333\342ix\201\207\222\255,\340\017\240\366\033"
 4779      E2697881 
 4779      8792AD2C 
 4779      E00FA0F6 
 4779      1B
 4780 0438 413C53B0 		.ascii	"A<S\260\236\321\\\213)\261@\363\007\275<W\227R\037@"
 4780      9ED15C8B 
 4780      29B140F3 
 4780      07BD3C57 
 4780      97521F40 
 4781 044c 7512BC7A 		.ascii	"u\022\274zFu\\\323\274\230\252\244\211^1o\221\304\017"
 4781      46755CD3 
 4781      BC98AAA4 
 4781      895E316F 
 4781      91C40F
 4782 045f 046BFEF8 		.ascii	"\004k\376\370\223\364p\312q\201-x\210LF,a\203\310\255"
 4782      93F470CA 
 4782      71812D78 
 4782      884C462C 
 4782      6183C8AD 
 4783 0473 01970878 		.ascii	"\001\227\010x\253\364u\215 \310\377\350S\266\356\302"
 4783      ABF4758D 
 4783      20C8FFE8 
 4783      53B6EEC2 
 4784 0483 581A563C 		.ascii	"X\032V<\316K55G\221\007\274\204\304\373\203\014\232"
 4784      CE4B3535 
 4784      479107BC 
 4784      84C4FB83 
 4784      0C9A
 4785 0495 D7668278 		.ascii	"\327f\202x\246\026!X\007\0158\375a\271\266\364\370 "
 4785      A6162158 
 4785      070D38FD 
 4785      61B9B6F4 
 4785      F820
 4786 04a7 69F7A62C 		.ascii	"i\367\246,\341\263\010\313R\3610\221\314\207\231&\347"
 4786      E1B308CB 
ARM GAS  C:\Users\nicx5\AppData\Local\Temp\ccjkJcxQ.s 			page 184


 4786      52F13091 
 4786      CC879926 
 4786      E7
 4787 04b8 D96AED32 		.ascii	"\331j\3552x'\013\261\201e>\371\254s\305\340?\314\332"
 4787      78270BB1 
 4787      81653EF9 
 4787      AC73C5E0 
 4787      3FCCDA
 4788 04cb C3FF9D6A 		.ascii	"\303\377\235j\255\3632\275#s\244\335<\311\270[\031\016"
 4788      ADF332BD 
 4788      2373A4DD 
 4788      3CC9B85B 
 4788      190E
 4789 04dd 4E65005D 		.ascii	"Ne\000]B\254\025\345\272\033\240\333\353*\232\207R\344"
 4789      42AC15E5 
 4789      BA1BA0DB 
 4789      EB2A9A87 
 4789      52E4
 4790 04ef CB6A     		.ascii	"\313j"
 4791              		.text
 4792              		.section	.gnu.lto_HAL_QSPI_MemoryMapped.350.1f2fea0a,"e",%progbits
 4793 0000 28B52FFD 		.ascii	"(\265/\375`c\006\015$\000\226=\333H\200ZR\007{ \222"
 4793      6063060D 
 4793      2400963D 
 4793      DB48805A 
 4793      52077B20 
 4794 0015 118584A4 		.ascii	"\021\205\204\244\263@\242\263\300\003\363q\233\237;"
 4794      B340A2B3 
 4794      C003F371 
 4794      9B9F3B
 4795 0024 724E950F 		.ascii	"rN\225\017\005\004\360\326\370\306\200\220\222a\010"
 4795      0504F0D6 
 4795      F8C68090 
 4795      926108
 4796 0033 6840C369 		.ascii	"h@\303i\320\314\361\217\371f&\020\360\206[\352S\361"
 4796      D0CCF18F 
 4796      F9662610 
 4796      F0865BEA 
 4796      53F1
 4797 0045 029430B4 		.ascii	"\002\2240\264}=\177A\011k\267\334r\357$S\012\310\000"
 4797      7D3D7F41 
 4797      096BB7DC 
 4797      72EF2453 
 4797      0AC800
 4798 0058 BC00C700 		.ascii	"\274\000\307\000\313\241\315;\3623\231]l\274\345\254"
 4798      CBA1CD3B 
 4798      F233995D 
 4798      6CBCE5AC 
 4799 0068 44E06947 		.ascii	"D\340iGa\035\"?T\371t|{\352\361\373$\012\224\227[T\215"
 4799      611D223F 
 4799      54F9747C 
 4799      7BEAF1FB 
 4799      240A9497 
 4800 007f 09624F75 		.ascii	"\011bOuh\374\254\355v$\036&\345bQM g3qRrV\376t\006\354"
 4800      68FCACED 
 4800      76241E26 
 4800      E562514D 
ARM GAS  C:\Users\nicx5\AppData\Local\Temp\ccjkJcxQ.s 			page 185


 4800      20673371 
 4801 009a 29CF73AE 		.ascii	")\317s\256\247\250\337\\O\273\273\205\026H5\361\263"
 4801      A7A8DF5C 
 4801      4FBBBB85 
 4801      164835F1 
 4801      B3
 4802 00ab 14B06251 		.ascii	"\024\260bQ\227\0302\2348sV\006\375\017'\372\212\325"
 4802      9718329C 
 4802      38735606 
 4802      FD0F27FA 
 4802      8AD5
 4803 00bd 9BA26F89 		.ascii	"\233\242o\211\355S\276\252C\003\246\2041\023\263u5\303"
 4803      ED53BEAA 
 4803      4303A684 
 4803      3113B375 
 4803      35C3
 4804 00cf B13AB475 		.ascii	"\261:\264u\205\345\252\014\277\250\317\2154\030\000"
 4804      85E5AA0C 
 4804      BFA8CF8D 
 4804      341800
 4805 00de 90473487 		.ascii	"\220G4\207\251\303\213\016YeS^\316Y\2074Z\024\355\031"
 4805      A9C38B0E 
 4805      5965535E 
 4805      CE598734 
 4805      5A14ED19 
 4806 00f2 9D36BCE9 		.ascii	"\2356\274\351\002\013\255\211;\266\351\220)\354\243"
 4806      020BAD89 
 4806      3BB6E990 
 4806      29ECA3
 4807 0101 0E72CE00 		.ascii	"\016r\316\000\220T(\3169{\231\033\020\342b\206\265\352"
 4807      905428CE 
 4807      397B991B 
 4807      10E26286 
 4807      B5EA
 4808 0113 50CEB9AD 		.ascii	"P\316\271\255\025\362\312;\347\335\215\243\273Ut\337"
 4808      15F2CA3B 
 4808      E7DD8DA3 
 4808      BB5574DF 
 4809 0123 9F296C9A 		.ascii	"\237)l\232\356N\362&@\234s\016\006\355L~ \360\217\250"
 4809      EE4EF226 
 4809      409C730E 
 4809      06ED4C7E 
 4809      20F08FA8 
 4810 0137 EBA9FF9A 		.ascii	"\353\251\377\232\\>U\363\020\341J\323:\343|\373\302"
 4810      5C3E55F3 
 4810      10E14AD3 
 4810      3AE37CFB 
 4810      C2
 4811 0148 04EBA17D 		.ascii	"\004\353\241}\371\320\272\320\264\316\274\375\331\226"
 4811      F9D0BAD0 
 4811      B4CEBCFD 
 4811      D996
 4812 0156 DE59969B 		.ascii	"\336Y\226\233\367\245\363\212\366\3315\266{\211\311"
 4812      F7A5F38A 
 4812      F6D935B6 
 4812      7B89C9
 4813 0165 BAD5CD3B 		.ascii	"\272\325\315;S\213\352\215\375g`^\346v\310\331W3\333"
ARM GAS  C:\Users\nicx5\AppData\Local\Temp\ccjkJcxQ.s 			page 186


 4813      538BEA8D 
 4813      FD67605E 
 4813      E676C8D9 
 4813      5733DB
 4814 0178 672BA7EC 		.ascii	"g+\247\354{\265\243\371\273\272]\351\256\263s1\367\034"
 4814      7BB5A3F9 
 4814      BBBA5DE9 
 4814      AEB37331 
 4814      F71C
 4815 018a 4FBAE3F8 		.ascii	"O\272\343\370\322\373\246m\3338\231w\015\266\255\303"
 4815      D2FBA66D 
 4815      DB389977 
 4815      0DB6ADC3 
 4816 019a B673D8F6 		.ascii	"\266s\330\366\212mcl[\305\266/\266\235\256\266Ql\373"
 4816      8A6D636C 
 4816      5BC5B62F 
 4816      B69DAEB6 
 4816      516CFB
 4817 01ad 55DBF6DA 		.ascii	"U\333\366\332v\03659e\211\244\307\"g\034OgfK\315\200"
 4817      761E3539 
 4817      6589A4C7 
 4817      22671C4F 
 4817      67664BCD 
 4818 01c2 F8D29DCC 		.ascii	"\370\322\235\314m\267T\373\230\227\265Ng\311\317\311"
 4818      6DB754FB 
 4818      9897B54E 
 4818      67C9CFC9 
 4819 01d2 8836AFC8 		.ascii	"\2106\257\310\277t\353B\303\215P~\335\001\353\257\311"
 4819      BF74EB42 
 4819      C38D507E 
 4819      DD01EBAF 
 4819      C9
 4820 01e3 A29A977F 		.ascii	"\242\232\227\177\241\306\014\360\245\302\355b\037^\365"
 4820      A1C60CF0 
 4820      A5C2ED62 
 4820      1F5EF5
 4821 01f2 D5C0F06B 		.ascii	"\325\300\360kq\2531\352\337\307\357G\030T\020<\313\260"
 4821      71AB31EA 
 4821      DFC7EF47 
 4821      1854103C 
 4821      CBB0
 4822 0204 8D48C2D3 		.ascii	"\215H\302\323\365T\015\360|>\313x\317M\377\276\037\261"
 4822      F5540DF0 
 4822      7C3ECB78 
 4822      CF4DFFBE 
 4822      1FB1
 4823 0216 A82838B3 		.ascii	"\250(8\263\210\355D\205\246\353i\372k\267\005_kB\177"
 4823      88ED4485 
 4823      A6EB69FA 
 4823      6BB7055F 
 4823      6B427F
 4824 0229 550BD2FC 		.ascii	"U\013\322\374\361Q\343F\352\304\273{_\216\371\324x\354"
 4824      F151E346 
 4824      EAC4BB7B 
 4824      5F8EF9D4 
 4824      78EC
 4825 023b DEC976F6 		.ascii	"\336\311v\366\377\346\3331\\\236\367\334\234\357\326"
ARM GAS  C:\Users\nicx5\AppData\Local\Temp\ccjkJcxQ.s 			page 187


 4825      FFE6DB31 
 4825      5C9EF7DC 
 4825      9CEFD6
 4826 024a B0C1BAD5 		.ascii	"\260\301\272\325\356\321\214\365\306\356\366y\225\341"
 4826      EED18CF5 
 4826      C6EEF679 
 4826      95E1
 4827 0258 0E57CEF9 		.ascii	"\016W\316\371\303\376w\272\222E4\315\242s\270T\216|"
 4827      C3FE77BA 
 4827      924534CD 
 4827      A273B854 
 4827      8E7C
 4828 026a B8E07C69 		.ascii	"\270\340|ib\332\207\267\273\203\233\025\355\270\200"
 4828      62DA87B7 
 4828      BB839B15 
 4828      EDB880
 4829 0279 B8E0DA9A 		.ascii	"\270\340\332\232m\345\254\210\030zt\355\373\214y\360"
 4829      6DE5AC88 
 4829      187A74ED 
 4829      FB8C79F0 
 4830 0289 2847F675 		.ascii	"(G\366u\272\222\237\226\314m9\322}B\204\341r[\257\314"
 4830      BA929F96 
 4830      CC6D39D2 
 4830      7D4284E1 
 4830      725BAFCC 
 4831 029d 79EADFAB 		.ascii	"y\352\337\253\335\201\327_\202[\301\2410I\030\274B\247"
 4831      DD81D75F 
 4831      825BC1A1 
 4831      304918BC 
 4831      42A7
 4832 02af 24619009 		.ascii	"$a\220\011\270$\\E\204\000\376\207&\340\367\207\004"
 4832      B8245C45 
 4832      8400FE87 
 4832      26E0F787 
 4832      04
 4833 02c0 091A2401 		.ascii	"\011\032$\001\025\364\200v\224\322\006\002-\225\010"
 4833      15F48076 
 4833      94D20602 
 4833      2D9508
 4834 02cf 9A401A91 		.ascii	"\232@\032\221\244\244$\324k\022\006\203\200N\276 \244"
 4834      A4A424D4 
 4834      6B120683 
 4834      804EBE20 
 4834      A4
 4835 02e0 0B108890 		.ascii	"\013\020\210\220\240\240\032\020\005\005\235@\234Xr"
 4835      A0A01A10 
 4835      05059D40 
 4835      9C5872
 4836 02ef 9AC0A0A1 		.ascii	"\232\300\240\241HD 2\022\352a\370\371\214\202LN$:\030"
 4836      48442032 
 4836      12EA61F8 
 4836      F98C824C 
 4836      4E243A18 
 4837 0303 3DA080D3 		.ascii	"=\240\200\323\216\346\357\352]V\\\022\327\274\227\271"
 4837      8EE6EFEA 
 4837      5D565C12 
 4837      D7BC97B9 
ARM GAS  C:\Users\nicx5\AppData\Local\Temp\ccjkJcxQ.s 			page 188


 4838 0313 7D918525 		.ascii	"}\221\205%i=\316m\332\346{\250\370\307\365\275\032\335"
 4838      693DCE6D 
 4838      DAE67BA8 
 4838      F8C7F5BD 
 4838      1ADD
 4839 0325 7D812C32 		.ascii	"}\201,2P\336:\361\356di\001\243z\232\327|\213\356\277"
 4839      50DE3AF1 
 4839      EE646901 
 4839      A37A9AD7 
 4839      7C8BEEBF 
 4840 0339 C2D34ECC 		.ascii	"\302\323N\314\263f\246\231\177\250\210\017\330f\313"
 4840      B366A699 
 4840      7FA8880F 
 4840      D866CB
 4841 0348 389F6384 		.ascii	"8\237c\204x\304\272U\363\252\336\330\301\265/U\367p"
 4841      78C4BA55 
 4841      F3AADED8 
 4841      C1B52F55 
 4841      F770
 4842 035a CA9CBDE7 		.ascii	"\312\234\275\347\346^'&\367krm\207\000\357\271\335\304"
 4842      E65E2726 
 4842      F76B726D 
 4842      8700EFB9 
 4842      DDC4
 4843 036c 3007E35C 		.ascii	"0\007\343\\\277\233\230\304\275\020\2258\227\200\203"
 4843      BF9B98C4 
 4843      BD109538 
 4843      978083
 4844 037b A8512C49 		.ascii	"\250Q,I\235223\"\")HZ\030\003\240\242\0313\326\001\021"
 4844      9D323233 
 4844      22222948 
 4844      5A1803A0 
 4844      A21933D6 
 4845 0391 003D6751 		.ascii	"\000=gQ\315$E\3112\007O\027\370\360L1\331\353\257\304"
 4845      CD2445C9 
 4845      32074F17 
 4845      F8F04C31 
 4845      D9EBAFC4 
 4846 03a5 60F5C6D0 		.ascii	"`\365\306\320\254\242\237J\032>\264\016c>\204\263?U"
 4846      ACA29F4A 
 4846      1A3EB40E 
 4846      633E84B3 
 4846      3F55
 4847 03b7 39022205 		.ascii	"9\002\"\005\015\222\324\"\335|\312\256\363\311\371^"
 4847      0D92D422 
 4847      DD7CCAAE 
 4847      F3C9F95E 
 4848 03c7 B80A22E6 		.ascii	"\270\012\"\346h\272M\201\264\377\233\315\364\303iA\007"
 4848      68BA4D81 
 4848      B4FF9BCD 
 4848      F4C36941 
 4848      07
 4849 03d8 F092105A 		.ascii	"\360\222\020Z=\322R8#\277\253\010b\302\341\335\266\256"
 4849      3DD25238 
 4849      23BFAB08 
 4849      62C2E1DD 
 4849      B6AE
ARM GAS  C:\Users\nicx5\AppData\Local\Temp\ccjkJcxQ.s 			page 189


 4850 03ea 5CB3389A 		.ascii	"\\\2638\232\":\272@_\2012\242\226\3364\337,\247\330"
 4850      223ABA40 
 4850      5F8132A2 
 4850      96DE34DF 
 4850      2CA7D8
 4851 03fd 8B7C3638 		.ascii	"\213|68\337\3510\002\241%3\017q~\210\340\215z\372\215"
 4851      DFE93002 
 4851      A125330F 
 4851      717E88E0 
 4851      8D7AFA8D 
 4852 0411 4A442F01 		.ascii	"JD/\001@Ob\000\241\330\201\177\326(\327\2404T2M\001"
 4852      404F6200 
 4852      A1D8817F 
 4852      D628D7A0 
 4852      3454324D 
 4853 0426 0FE7AAAE 		.ascii	"\017\347\252\256\216\035\376\261\231\0108\0377\230\230"
 4853      8E1DFEB1 
 4853      9908381F 
 4853      379898
 4854 0435 B55DE700 		.ascii	"\265]\347\000\342\324\342\270\200\264a\272(E\217.\261"
 4854      E2D4E2B8 
 4854      80B461BA 
 4854      28458F2E 
 4854      B1
 4855 0446 902788BA 		.ascii	"\220'\210\272\336lj\302\301Mt\264\257\206\261/\352\313"
 4855      DE6C6AC2 
 4855      C14D74B4 
 4855      AF86B12F 
 4855      EACB
 4856 0458 67A197BA 		.ascii	"g\241\227\272\247\352\223\240\376=\353\3637\245\301"
 4856      A7EA93A0 
 4856      FE3DEBF3 
 4856      37A5C1
 4857 0467 256A9EC1 		.ascii	"%j\236\301\224\241\203t.\360\331\321\205\026\346\250"
 4857      94A18374 
 4857      2EF0D9D1 
 4857      8516E6A8 
 4858 0477 BF97BD4B 		.ascii	"\277\227\275K\250\305\000\221e\301|q\247\"_\226\261"
 4858      A8C50091 
 4858      65C17C71 
 4858      A7225F96 
 4858      B1
 4859 0488 825601   		.ascii	"\202V\001"
 4860              		.text
 4861              		.section	.gnu.lto_HAL_QSPI_ErrorCallback.351.1f2fea0a,"e",%progbits
 4862 0000 28B52FFD 		.ascii	"(\265/\375`?\000\215\010\000\242\017<; \221\323\001"
 4862      603F008D 
 4862      0800A20F 
 4862      3C3B2091 
 4862      D301
 4863 0012 18B9BE4A 		.ascii	"\030\271\276JBi\006\024\302\317\002R\314\000'\004R("
 4863      42690614 
 4863      C2CF0252 
 4863      CC002704 
 4863      5228
 4864 0024 80FF06D6 		.ascii	"\200\377\006\326\266\265fN|\366su\375\006Gq\037\345"
 4864      B6B5664E 
ARM GAS  C:\Users\nicx5\AppData\Local\Temp\ccjkJcxQ.s 			page 190


 4864      7CF67375 
 4864      FD064771 
 4864      1FE5
 4865 0036 6E96684E 		.ascii	"n\226hNe\205\016\231\020\304\223\005\244#\022\262\267"
 4865      65850E99 
 4865      10C49305 
 4865      A42312B2 
 4865      B7
 4866 0047 4C01BE10 		.ascii	"L\001\276\020\211H(q\301\013\035\214\234\305P\212\243"
 4866      89482871 
 4866      C10B1D8C 
 4866      9CC5508A 
 4866      A3
 4867 0058 EC083550 		.ascii	"\354\0105P\3438\3626<\312N$M]8Q\372B\323$}]Ib|\244\310"
 4867      E338F236 
 4867      3CCA4E24 
 4867      4D5D3851 
 4867      FA42D324 
 4868 0073 08069B2A 		.ascii	"\010\006\233*\210\017\034y\024'\023Xf\220*\013\260A"
 4868      880F1C79 
 4868      14271358 
 4868      66902A0B 
 4868      B041
 4869 0085 82C036EC 		.ascii	"\202\3006\354\273\275\272\014\2629\221\205T\021{4:5"
 4869      BBBDBA0C 
 4869      B2399185 
 4869      54117B34 
 4869      3A35
 4870 0097 A735C356 		.ascii	"\2475\303V\264\242x\267\377wu\331\364\363\002\343\362"
 4870      B4A278B7 
 4870      FF7775D9 
 4870      F4F302E3 
 4870      F2
 4871 00a8 7290F94D 		.ascii	"r\220\371Mj\263\313\270\031\025\333\033`\033\320NK\355"
 4871      6AB3CBB8 
 4871      1915DB1B 
 4871      601BD04E 
 4871      4BED
 4872 00ba 5DD9D7B9 		.ascii	"]\331\327\271, \036\370i9\261\037\246\340\012\200\345"
 4872      2C201EF8 
 4872      6939B11F 
 4872      A6E00A80 
 4872      E5
 4873 00cb 10B6C0B3 		.ascii	"\020\266\300\263\334\266 \317r>\355\233\372\330W%\234"
 4873      DCB620CF 
 4873      723EED9B 
 4873      FAD85725 
 4873      9C
 4874 00dc 1D9298D9 		.ascii	"\035\222\230\331\377\256\246\354\271\364\364n\313\012"
 4874      FFAEA6EC 
 4874      B9F4F46E 
 4874      CB0A
 4875 00ea B05AABA5 		.ascii	"\260Z\253\245\237\207\377\246\254\326\310\272\256\355"
 4875      9F87FFA6 
 4875      ACD6C8BA 
 4875      AEED
 4876 00f8 04DBA4ED 		.ascii	"\004\333\244\355\222\013\000?I`\341\317s\371\234x|\323"
ARM GAS  C:\Users\nicx5\AppData\Local\Temp\ccjkJcxQ.s 			page 191


 4876      920B003F 
 4876      4960E1CF 
 4876      73F99C78 
 4876      7CD3
 4877 010a 6FF416C7 		.ascii	"o\364\026\307\255\320\026L\254\325\350p\227\027\355"
 4877      ADD0164C 
 4877      ACD5E870 
 4877      9717ED
 4878 0119 2403     		.ascii	"$\003"
 4879              		.text
 4880              		.section	.gnu.lto_HAL_QSPI_AbortCpltCallback.352.1f2fea0a,"e",%progbits
 4881 0000 28B52FFD 		.ascii	"(\265/\375`?\000\205\010\000\242\317;: \221\323\001"
 4881      603F0085 
 4881      0800A2CF 
 4881      3B3A2091 
 4881      D301
 4882 0012 8895809D 		.ascii	"\210\225\200\235w\216\265\300\233\350rFD\236\230\251"
 4882      778EB5C0 
 4882      9BE87246 
 4882      449E98A9 
 4883 0022 9F149C1C 		.ascii	"\237\024\234\034.\217NZ\002'>\373\271\272~\203\243\270"
 4883      2E8F4E5A 
 4883      02273EFB 
 4883      B9BA7E83 
 4883      A3B8
 4884 0034 8F723747 		.ascii	"\217r7GMy\241>\323E\313\200-\002\362h\244\355-S\276"
 4884      4D79A13E 
 4884      D345CB80 
 4884      2D02F268 
 4884      A4ED2D53 
 4885 0049 188D4AA9 		.ascii	"\030\215J\251\220\241\023\035\210\233C\221\212\203\354"
 4885      90A1131D 
 4885      889B4391 
 4885      8A83EC
 4886 0058 003552A2 		.ascii	"\0005R\242H\3526<H.\034O\0348a\362\300\262,y\0349b|"
 4886      48EA363C 
 4886      482E1C4F 
 4886      1C3861F2 
 4886      C0B22C79 
 4887 0070 A8C68806 		.ascii	"\250\306\210\006\227+\010\357#u\024\250\323Gf\214+\213"
 4887      972B08EF 
 4887      237514A8 
 4887      D347668C 
 4887      2B8B
 4888 0082 CF4182C0 		.ascii	"\317A\202\3006\354\253\275\272\034\3029\221\205T\021"
 4888      36ECABBD 
 4888      BA1CC239 
 4888      91855411 
 4889 0092 77373A36 		.ascii	"w7:6\247=\206\235\264\242x\265\377wu\331\024$\003\023"
 4889      A73D869D 
 4889      B4A278B5 
 4889      FF7775D9 
 4889      14240313 
 4890 00a6 F35250F9 		.ascii	"\363RP\371Mzf\227m4+\2667\3006\250A-\265\267e]\314}"
 4890      4D7A6697 
 4890      6D342BB6 
 4890      37C036A8 
ARM GAS  C:\Users\nicx5\AppData\Local\Temp\ccjkJcxQ.s 			page 192


 4890      412DB5B7 
 4891 00be 8178E0E7 		.ascii	"\201x\340\347\231\305~\330\202+\000vC\330\202\317n\332"
 4891      99C57ED8 
 4891      822B0076 
 4891      43D882CF 
 4891      6EDA
 4892 00d0 863EBBD9 		.ascii	"\206>\273\331\264s\352c?M;,$3\263\377\\MYs\251\351\335"
 4892      B473EA63 
 4892      3F4D3B2C 
 4892      2433B3FF 
 4892      5C4D5973 
 4893 00e7 971560B5 		.ascii	"\227\025`\265\316\245\240\207\377\246\254\326\310\272"
 4893      CEA5A087 
 4893      FFA6ACD6 
 4893      C8BA
 4894 00f5 AEED04DB 		.ascii	"\256\355\004\333\243\355\222\013\000?I`\341\317s\371"
 4894      A3ED920B 
 4894      003F4960 
 4894      E1CF73F9 
 4895 0105 9C787CD3 		.ascii	"\234x|\323o\364\026\307\255\320\026L\254\325\350p\227"
 4895      6FF416C7 
 4895      ADD0164C 
 4895      ACD5E870 
 4895      97
 4896 0116 17ED2403 		.ascii	"\027\355$\003"
 4897              		.text
 4898              		.section	.gnu.lto_HAL_QSPI_CmdCpltCallback.353.1f2fea0a,"e",%progbits
 4899 0000 28B52FFD 		.ascii	"(\265/\375`?\000\205\010\000\242\317;: \221\323\001"
 4899      603F0085 
 4899      0800A2CF 
 4899      3B3A2091 
 4899      D301
 4900 0012 01598629 		.ascii	"\001Y\206)d\376\000(\356\000]\225\005\310L\032\034\010"
 4900      64FE0028 
 4900      EE005D95 
 4900      05C84C1A 
 4900      1C08
 4901 0024 26237C8E 		.ascii	"&#|\216\230\264\004N|\366su\375\006Gq\037\345n\216\232"
 4901      98B4044E 
 4901      7CF67375 
 4901      FD064771 
 4901      1FE56E8E 
 4902 0039 F2427D83 		.ascii	"\362B}\203\002\313\200-\002\362h\244\355-S\266\370|"
 4902      02CB802D 
 4902      02F268A4 
 4902      ED2D53B6 
 4902      F87C
 4903 004b 422571C1 		.ascii	"B%q\301\343\016\306\315\"g\332(9\302\214\3228\202<\215"
 4903      E30EC6CD 
 4903      2267DA28 
 4903      39C28CD2 
 4903      38823C8D 
 4904 005f 8EB213C9 		.ascii	"\216\262\023\311Q\027J\210\276\3204C_W\222\027\036&"
 4904      51174A88 
 4904      BED03443 
 4904      5F579217 
 4904      1E26
ARM GAS  C:\Users\nicx5\AppData\Local\Temp\ccjkJcxQ.s 			page 193


 4905 0071 1282C1E6 		.ascii	"\022\202\301\346\351\341\003A\336\004i\004\226\030\344"
 4905      E9E10341 
 4905      DE046904 
 4905      9618E4
 4906 0080 A9026C88 		.ascii	"\251\002l\210 \260\335\372j\257+{b60\220\032b/&\023"
 4906      20B0DDFA 
 4906      6AAF2B7B 
 4906      62363090 
 4906      1A622F26 
 4907 0095 737AE316 		.ascii	"sz\343\026\212\326\023\257\366\377\256+\233v\\3\027"
 4907      8AD613AF 
 4907      F6FFAE2B 
 4907      9B765C33 
 4907      17
 4908 00a6 1627F29B 		.ascii	"\026'\362\233\334\310\016\333^Rlo\200m\320BZj\257\312"
 4908      DCC80EDB 
 4908      5E526C6F 
 4908      806DD042 
 4908      5A6AAFCA 
 4909 00ba AE9CCBFA 		.ascii	"\256\234\313\372\360\300?\253y\375-\005S\000\354\206"
 4909      F0C03FAB 
 4909      79FD2D05 
 4909      5300EC86 
 4910 00ca B0059CDD 		.ascii	"\260\005\234\335\264\365pv\363i\317\324\277\216\022"
 4910      B4F57076 
 4910      F369CFD4 
 4910      BF8E12
 4911 00d9 D1C090B8 		.ascii	"\321\300\220\270d\377\273\212\262\347\322\323\273,+"
 4911      64FFBB8A 
 4911      B2E7D2D3 
 4911      BB2C2B
 4912 00e8 9052A196 		.ascii	"\220R\241\226v\034\376\233\246T#\353\272\266\023l\223"
 4912      761CFE9B 
 4912      A65423EB 
 4912      BAB6136C 
 4912      93
 4913 00f9 B64B020B 		.ascii	"\266K\002\013\000?I`\341\317s\371\234x|\323o\364\026"
 4913      003F4960 
 4913      E1CF73F9 
 4913      9C787CD3 
 4913      6FF416
 4914 010c C7ADD016 		.ascii	"\307\255\320\026L\254\325\350p\227\027\355$\003"
 4914      4CACD5E8 
 4914      709717ED 
 4914      2403
 4915              		.text
 4916              		.section	.gnu.lto_HAL_QSPI_RxCpltCallback.354.1f2fea0a,"e",%progbits
 4917 0000 28B52FFD 		.ascii	"(\265/\375`?\000\205\010\000\242\317;: \221\323\001"
 4917      603F0085 
 4917      0800A2CF 
 4917      3B3A2091 
 4917      D301
 4918 0012 18B94E83 		.ascii	"\030\271N\203\351\212$P\374\000\205\312\002d&=\034!"
 4918      E98A2450 
 4918      FC0085CA 
 4918      0264263D 
 4918      1C21
ARM GAS  C:\Users\nicx5\AppData\Local\Temp\ccjkJcxQ.s 			page 194


 4919 0024 396D0CD6 		.ascii	"9m\014\326\235\264\004N|\366su\375\006Gq\037\345n\216"
 4919      9DB4044E 
 4919      7CF67375 
 4919      FD064771 
 4919      1FE56E8E 
 4920 0038 9AF2427D 		.ascii	"\232\362B}f\002\211\200-\002\362h\244\355-S\266\010"
 4920      66028980 
 4920      2D02F268 
 4920      A4ED2D53 
 4920      B608
 4921 004a 8546A770 		.ascii	"\205F\247p\241\003\035\210\233C\020j\203\344\0003N\242"
 4921      A1031D88 
 4921      9B43106A 
 4921      83E40033 
 4921      4EA2
 4922 005c 28EA343A 		.ascii	"(\3524:H.\034K\034(A\362\300\262\034y\0349^x\240F\010"
 4922      482E1C4B 
 4922      1C2841F2 
 4922      C0B21C79 
 4922      1C395E78 
 4923 0073 0697A907 		.ascii	"\006\227\251\007\357\023u\023\246\322Gb\214\251\212"
 4923      EF137513 
 4923      A6D24762 
 4923      8CA98A
 4924 0082 AF2182C0 		.ascii	"\257!\202\300\266\353\253\275\262\374\211\315` 5\304"
 4924      B6EBABBD 
 4924      B2FC89CD 
 4924      602035C4 
 4925 0092 5D6C46E6 		.ascii	"]lF\3464\307\256\223V\024\257\366\377\256,\233z`l\\"
 4925      34C7AE93 
 4925      5614AFF6 
 4925      FFAE2C9B 
 4925      7A606C5C 
 4926 00a6 5A5DCD6F 		.ascii	"Z]\315o\222#;l\213Q\261\275\001\266\301\211i\251\275"
 4926      92233B6C 
 4926      8B51B1BD 
 4926      01B6C189 
 4926      69A9BD
 4927 00b9 2BCB626E 		.ascii	"+\313bn\353\303\003\377\354\346\365\273\024L\001\260"
 4927      EBC303FF 
 4927      ECE6F5BB 
 4927      144C01B0 
 4928 00c9 1BC21674 		.ascii	"\033\302\026tv\323\366\323\331\315\246MS\377\372I\302"
 4928      76D3F6D3 
 4928      D9CDA64D 
 4928      53FFFA49 
 4928      C2
 4929 00da 21197991 		.ascii	"!\031y\221\375\347j\312\232KM\357\266\254\200ju.\365"
 4929      FDE76ACA 
 4929      9A4B4DEF 
 4929      B6AC806A 
 4929      752EF5
 4930 00ed 38FC3755 		.ascii	"8\3747U\255D\326um'\330\036m\227\004\013\000?I`\341"
 4930      AD44D675 
 4930      6D27D81E 
 4930      6D97040B 
 4930      003F4960 
ARM GAS  C:\Users\nicx5\AppData\Local\Temp\ccjkJcxQ.s 			page 195


 4931 0102 CF73F99C 		.ascii	"\317s\371\234x|\323o\364\026\307\255\320\026L\254\325"
 4931      787CD36F 
 4931      F416C7AD 
 4931      D0164CAC 
 4931      D5
 4932 0113 E8709717 		.ascii	"\350p\227\027\355$\003"
 4932      ED2403
 4933              		.text
 4934              		.section	.gnu.lto_HAL_QSPI_TxCpltCallback.355.1f2fea0a,"e",%progbits
 4935 0000 28B52FFD 		.ascii	"(\265/\375`?\000\215\010\000\242\017<; \221\323\001"
 4935      603F008D 
 4935      0800A20F 
 4935      3C3B2091 
 4935      D301
 4936 0012 88F104E2 		.ascii	"\210\361\004\342\304K\017\0130\006\034FL\000?)P\240"
 4936      C44B0F0B 
 4936      30061C46 
 4936      4C003F29 
 4936      50A0
 4937 0024 393BFC15 		.ascii	"9;\374\025mk\315\234\370\354\347\352\372\015\216\342"
 4937      6D6BCD9C 
 4937      F8ECE7EA 
 4937      FA0D8EE2 
 4938 0034 3ECADD1C 		.ascii	">\312\335\034\232P\007\370!A(\004t\304\342\277\265\266"
 4938      9A5007F8 
 4938      21412804 
 4938      74C4E2BF 
 4938      B5B6
 4939 0046 B74C01BE 		.ascii	"\267L\001\276\020\211H(q\301\013\035\214\234\305P\212"
 4939      10894828 
 4939      71C10B1D 
 4939      8C9CC550 
 4939      8A
 4940 0057 A3EC0835 		.ascii	"\243\354\0105P\3438\3626<\312N$M]8Q\372B\323$}]Ib|\244"
 4940      50E338F2 
 4940      363CCA4E 
 4940      244D5D38 
 4940      51FA42D3 
 4941 0072 C808069B 		.ascii	"\310\010\006\233*\210\017\034y\024'\023Xf\220*\013\260"
 4941      2A880F1C 
 4941      79142713 
 4941      5866902A 
 4941      0BB0
 4942 0084 4182C036 		.ascii	"A\202\3006\354\273\275\272\014\232\351\310B\352\210"
 4942      ECBBBDBA 
 4942      0C9AE9C8 
 4942      42EA88
 4943 0093 BD194DCD 		.ascii	"\275\031M\315i\315\260\025\255(\336\355\377]]6\375\304"
 4943      69CDB015 
 4943      AD28DEED 
 4943      FF5D5D36 
 4943      FDC4
 4944 00a5 D8B8BC1C 		.ascii	"\330\270\274\034`\376\223\032\3552NF\305\366\006\330"
 4944      60FE931A 
 4944      ED324E46 
 4944      C5F606D8 
 4945 00b5 0622A7A5 		.ascii	"\006\"\247\245\366\256,\313\271/\020\017\374;8\261\037"
ARM GAS  C:\Users\nicx5\AppData\Local\Temp\ccjkJcxQ.s 			page 196


 4945      F6AE2CCB 
 4945      B92F100F 
 4945      FC3B38B1 
 4945      1F
 4946 00c6 A6E00A80 		.ascii	"\246\340\012\200\345\020\266\300\263\334\266 \317r>"
 4946      E510B6C0 
 4946      B3DCB620 
 4946      CF723E
 4947 00d5 ED9BFAD8 		.ascii	"\355\233\372\330W\245\234\231\222\027\332\377\256\246"
 4947      57A59C99 
 4947      9217DAFF 
 4947      AEA6
 4948 00e3 ECB9F4F4 		.ascii	"\354\271\364\364n\313\012\260Z\253\245\237\207\377\246"
 4948      6ECB0AB0 
 4948      5AABA59F 
 4948      87FFA6
 4949 00f2 AC16C9BA 		.ascii	"\254\026\311\272\256\355\004\333\244m\223\013\000?I"
 4949      AEED04DB 
 4949      A46D930B 
 4949      003F49
 4950 0101 60E1CF73 		.ascii	"`\341\317s\371\234x|\323o\364\026\307\255\320\026L\254"
 4950      F99C787C 
 4950      D36FF416 
 4950      C7ADD016 
 4950      4CAC
 4951 0113 D5E87097 		.ascii	"\325\350p\227\027\355$\003"
 4951      17ED2403 
 4952              		.text
 4953              		.section	.gnu.lto_HAL_QSPI_FifoThresholdCallback.356.1f2fea0a,"e",%progbits
 4954 0000 28B52FFD 		.ascii	"(\265/\375`?\000\225\010\000\242O<; \221\323\001 \310"
 4954      603F0095 
 4954      0800A24F 
 4954      3C3B2091 
 4954      D30120C8 
 4955 0014 109F5791 		.ascii	"\020\237W\221\003\012a\345\321\312\300\2529\360\351"
 4955      030A61E5 
 4955      D1CAC0AA 
 4955      39F0E9
 4956 0023 F2BA0794 		.ascii	"\362\272\007\224\0341i\011\234\370\354\347\352\372\015"
 4956      1C316909 
 4956      9CF8ECE7 
 4956      EAFA0D
 4957 0032 8EE23ECA 		.ascii	"\216\342>\312\335\0345\345\205\372\314\014\344\214F"
 4957      DD1C35E5 
 4957      85FACC0C 
 4957      E48C46
 4958 0041 64B13F36 		.ascii	"d\261?6\262\267L\001\236\020\211H(\021\301\013\031\214"
 4958      B2B74C01 
 4958      9E108948 
 4958      2811C10B 
 4958      198C
 4959 0053 9CC5500A 		.ascii	"\234\305P\012\243\314\010-P\3438\362.4\312N$M]\370P"
 4959      A3CC082D 
 4959      50E338F2 
 4959      2E34CA4E 
 4959      244D5DF8 
 4960 0068 FA42D324 		.ascii	"\372B\323$}]IRl\244\310\206\004\233*\206\017\034y\020"
ARM GAS  C:\Users\nicx5\AppData\Local\Temp\ccjkJcxQ.s 			page 197


 4960      7D5D4952 
 4960      6CA4C886 
 4960      049B2A86 
 4960      0F1C7910 
 4961 007c 27135856 		.ascii	"'\023XV\220*\011P\301a\3006\354\273\275\272\354\231"
 4961      902A0950 
 4961      C161C036 
 4961      ECBBBDBA 
 4961      EC99
 4962 008e D9C83AEA 		.ascii	"\331\310:\352\207\275\231\314\314i\315\260\025\255'"
 4962      87BD99CC 
 4962      CC69CDB0 
 4962      15AD27
 4963 009d DEEDFF5D 		.ascii	"\336\355\377]]6\355\304\324\264\274@/\277I\215v\031"
 4963      5D36EDC4 
 4963      D4B4BC40 
 4963      2FBF498D 
 4963      7619
 4964 00af 0793627B 		.ascii	"\007\223b{\003\354\002\232\323R{Uv\345\\\026\216\355"
 4964      03EC029A 
 4964      D3527B55 
 4964      76E55C16 
 4964      8EED
 4965 00c1 73108F90 		.ascii	"s\020\217\220\330\017;p\004\300r\237%\340,\267\255\207"
 4965      D80F3B70 
 4965      04C0729F 
 4965      25E02CB7 
 4965      AD87
 4966 00d3 B39C4F7B 		.ascii	"\263\234O{V\037\373\252tC2\342B\373\337U\224=\227\236"
 4966      561FFBAA 
 4966      744332E2 
 4966      42FBDF55 
 4966      943D979E 
 4967 00e7 DE7DAD00 		.ascii	"\336}\255\000\253\265Z\332Y\370o\312j\211\254\353\332"
 4967      ABB55ADA 
 4967      59F86FCA 
 4967      6A89ACEB 
 4967      DA
 4968 00f8 06D9266D 		.ascii	"\006\331&m\227\004\013\000?I`\341\317s\371\234x|\323"
 4968      97040B00 
 4968      3F4960E1 
 4968      CF73F99C 
 4968      787CD3
 4969 010b 6FF416C7 		.ascii	"o\364\026\307\255\320\026L\254\325\350p\227\027\355"
 4969      ADD0164C 
 4969      ACD5E870 
 4969      9717ED
 4970 011a 2403     		.ascii	"$\003"
 4971              		.text
 4972              		.section	.gnu.lto_HAL_QSPI_StatusMatchCallback.357.1f2fea0a,"e",%progbits
 4973 0000 28B52FFD 		.ascii	"(\265/\375`?\000\205\010\000\242\317;: \221\323\001"
 4973      603F0085 
 4973      0800A2CF 
 4973      3B3A2091 
 4973      D301
 4974 0012 A44A085A 		.ascii	"\244J\010ZS.BS\364\001\232\023C\366\330\022\035\013"
 4974      532E4253 
ARM GAS  C:\Users\nicx5\AppData\Local\Temp\ccjkJcxQ.s 			page 198


 4974      F4019A13 
 4974      43F6D812 
 4974      1D0B
 4975 0024 7300571F 		.ascii	"s\000W\037\224\264\004N|\366su\375\006Gq\037\345n\216"
 4975      94B4044E 
 4975      7CF67375 
 4975      FD064771 
 4975      1FE56E8E 
 4976 0038 9AF2427D 		.ascii	"\232\362B}j\200\372\2222\263\330\037\033\331[\246\276"
 4976      6A80FA92 
 4976      32B3D81F 
 4976      1BD95BA6 
 4976      BE
 4977 0049 088546A7 		.ascii	"\010\205F\247\220\241\003\035\210\233C\020\212\203\354"
 4977      90A1031D 
 4977      889B4310 
 4977      8A83EC
 4978 0058 00354EA2 		.ascii	"\0005N\242(\3526<H.\034K\0348A\362\300\262\034y\034"
 4978      28EA363C 
 4978      482E1C4B 
 4978      1C3841F2 
 4978      C0B21C79 
 4979 006d 39627CA0 		.ascii	"9b|\240\306\210\006\227)\010\357\023u\024\246\322Gf"
 4979      C6880697 
 4979      2908EF13 
 4979      7514A6D2 
 4979      4766
 4980 007f 8C298BCF 		.ascii	"\214)\213\317A\202\300\266\353\253\275\262\374\221\325"
 4980      4182C0B6 
 4980      EBABBDB2 
 4980      FC91D5
 4981 008e C442AA88 		.ascii	"\304B\252\210;Yk\3464\307\256\223\326\023\257\366\377"
 4981      3B596BE6 
 4981      34C7AE93 
 4981      D613AFF6 
 4981      FF
 4982 009f AE2C9B7A 		.ascii	"\256,\233zbd\\Z\012)\277I\316\354\261\355E\305\366\006"
 4982      62645C5A 
 4982      0A29BF49 
 4982      CEECB1ED 
 4982      45C5F606 
 4983 00b3 D8062FD3 		.ascii	"\330\006/\323R{W\226\305\334\026\020\017\37478\260\337"
 4983      527B5796 
 4983      C5DC1610 
 4983      0FFC3738 
 4983      B0DF
 4984 00c5 B5E00A80 		.ascii	"\265\340\012\200\335\020\266\240\263\233\266\237\316"
 4984      DD10B6A0 
 4984      B39BB69F 
 4984      CE
 4985 00d2 6E366D9A 		.ascii	"n6m\232z\330O\222\015\014\311k\366\237\253(k.5\275\333"
 4985      7AD84F92 
 4985      0D0CC96B 
 4985      F69FAB28 
 4985      6B2E35BD 
 4986 00e7 5A01D5EA 		.ascii	"Z\001\325\352\\\352y\370o\252Z\215\254\353\332N\260"
 4986      5CEA79F8 
ARM GAS  C:\Users\nicx5\AppData\Local\Temp\ccjkJcxQ.s 			page 199


 4986      6FAA5A8D 
 4986      ACEBDA4E 
 4986      B0
 4987 00f8 3DDA2E09 		.ascii	"=\332.\011\013\000?I`\341\317s\371\234x|\323o\364\026"
 4987      0B003F49 
 4987      60E1CF73 
 4987      F99C787C 
 4987      D36FF416 
 4988 010c C7ADD016 		.ascii	"\307\255\320\026L\254\325\350p\227\027\355$\003"
 4988      4CACD5E8 
 4988      709717ED 
 4988      2403
 4989              		.text
 4990              		.section	.gnu.lto_HAL_QSPI_TimeOutCallback.358.1f2fea0a,"e",%progbits
 4991 0000 28B52FFD 		.ascii	"(\265/\375`?\000\205\010\000\242\317;: \221\323\001"
 4991      603F0085 
 4991      0800A2CF 
 4991      3B3A2091 
 4991      D301
 4992 0012 881B1816 		.ascii	"\210\033\030\026\250x\007*2@\201\240t{l\211\2169\266"
 4992      A878072A 
 4992      324081A0 
 4992      747B6C89 
 4992      8E39B6
 4993 0025 13DE1E29 		.ascii	"\023\336\036)i\011\234\370\354\347\352\372\015\216\342"
 4993      69099CF8 
 4993      ECE7EAFA 
 4993      0D8EE2
 4994 0034 3ECADD1C 		.ascii	">\312\335\0345\345\205\372\314\004\022\222\333\002\322"
 4994      35E585FA 
 4994      CC041292 
 4994      DB02D2
 4995 0043 1109D95B 		.ascii	"\021\011\331[\246\266\020\211H\250p\241\013\035\210"
 4995      A6B61089 
 4995      48A870A1 
 4995      0B1D88
 4996 0052 9BC3506A 		.ascii	"\233\303Pj\203\344\0003P\2428\3524:H.\034M\034(Q\362"
 4996      83E40033 
 4996      50A238EA 
 4996      343A482E 
 4996      1C4D1C28 
 4997 0068 C0B22479 		.ascii	"\300\262$y\0349^x\244F\010\006\227\252\007\357\033u"
 4997      1C395E78 
 4997      A4460806 
 4997      97AA07EF 
 4997      1B75
 4998 007a 1327D347 		.ascii	"\023'\323Gb\214\252\212\257!\202\300\366\353\253\275"
 4998      628CAA8A 
 4998      AF2182C0 
 4998      F6EBABBD 
 4999 008a B60C92DD 		.ascii	"\266\014\222\335\304@j\210;\031K\315\351\216_'\255("
 4999      C4406A88 
 4999      3B194BCD 
 4999      E98E5F27 
 4999      AD28
 5000 009c 5EEDFF5D 		.ascii	"^\355\377][6\375\320\314\300\270:\221\377dg\366\330"
 5000      5B36FDD0 
ARM GAS  C:\Users\nicx5\AppData\Local\Temp\ccjkJcxQ.s 			page 200


 5000      CCC0B83A 
 5000      91FF6467 
 5000      F6D8
 5001 00ae 26B3627B 		.ascii	"&\263b{\003l\003\225\323R{[\326\305\334\227\017\017"
 5001      036C0395 
 5001      D3527B5B 
 5001      D6C5DC97 
 5001      0F0F
 5002 00c0 FC3A38B0 		.ascii	"\374:8\260\377\245`\012\200\335\020\266\300\263\233"
 5002      FFA5600A 
 5002      80DD10B6 
 5002      C0B39B
 5003 00cf B620CF6E 		.ascii	"\266 \317n6m\233z\330\317R\016II\314\354?WS\326\\jz"
 5003      366D9B7A 
 5003      D8CF520E 
 5003      4949CCEC 
 5003      3F5753D6 
 5004 00e6 D7B5022B 		.ascii	"\327\265\002+\326\271\364\343\360\337t\305\032Y\327"
 5004      D6B9F4E3 
 5004      F0DF74C5 
 5004      1A59D7
 5005 00f5 B59D607B 		.ascii	"\265\235`{\264m\022\013\000?I`\341\317s\371\234x|\323"
 5005      B46D120B 
 5005      003F4960 
 5005      E1CF73F9 
 5005      9C787CD3 
 5006 0109 6FF416C7 		.ascii	"o\364\026\307\255\320\026L\254\325\350p\227\027\355"
 5006      ADD0164C 
 5006      ACD5E870 
 5006      9717ED
 5007 0118 2403     		.ascii	"$\003"
 5008              		.text
 5009              		.section	.gnu.lto_HAL_QSPI_GetState.359.1f2fea0a,"e",%progbits
 5010 0000 28B52FFD 		.ascii	"(\265/\375`o\000\005\012\000f\022G= \261\322\001@!\001"
 5010      606F0005 
 5010      0A006612 
 5010      473D20B1 
 5010      D2014021 
 5011 0015 C020C0E4 		.ascii	"\300 \300\344\244\342\027X\212\001\027'n\216$A\004*"
 5011      A4E21758 
 5011      8A011727 
 5011      6E8E2441 
 5011      042A
 5012 0027 06A2EAAE 		.ascii	"\006\242\352\256\226\033\036(k\037\027\272\321U\223"
 5012      961B1E28 
 5012      6B1F17BA 
 5012      D15593
 5013 0036 072C9480 		.ascii	"\007,\224\200\374\310\220\201\010\212?\0052\332\013"
 5013      FCC89081 
 5013      088A3F05 
 5013      32DA0B
 5014 0045 52C9267B 		.ascii	"R\311&{\313\0242\0006\0002\000|\377\277t\210]f\3337"
 5014      CB143200 
 5014      36003200 
 5014      7CFFBF74 
 5014      885D66DB 
 5015 005a 437BBDF0 		.ascii	"C{\275\360\244\350\000\273S\322\352X\306Uvf\033\346"
ARM GAS  C:\Users\nicx5\AppData\Local\Temp\ccjkJcxQ.s 			page 201


 5015      A4E800BB 
 5015      53D2EA58 
 5015      C6557666 
 5015      1BE6
 5016 006c DB4FA666 		.ascii	"\333O\246f\303\315\270\002@t\367\253\015w\302\267\374"
 5016      C3CDB802 
 5016      4074F7AB 
 5016      0D77C2B7 
 5016      FC
 5017 007d 5FE1FFF9 		.ascii	"_\341\377\371?'\226w\3145\014P\351\361z\013;\335+A`"
 5017      3F279677 
 5017      CC350C50 
 5017      E9F17A0B 
 5017      3BDD2B41 
 5018 0092 F7DC5FCC 		.ascii	"\367\334_\314\377\330/\360\037\340L\265\376L\30351\336"
 5018      FFD82FF0 
 5018      1FE04CB5 
 5018      FE4CC335 
 5018      31DE
 5019 00a4 C1C24FDF 		.ascii	"\301\302O\337LP|\335)\303/F\276\0376\020\371\206L \006"
 5019      4C507CDD 
 5019      29C32F46 
 5019      BE1F3610 
 5019      F9864C20 
 5020 00b9 1405FFD3 		.ascii	"\024\005\377\323\346[+\262\320l\355\177\010\247#c\267"
 5020      E65B2BB2 
 5020      D06CED7F 
 5020      08A72363 
 5020      B7
 5021 00ca 8BE88CF3 		.ascii	"\213\350\214\363\"\031u|\3170\221\257\265\011\271\033"
 5021      2219757C 
 5021      CF3091AF 
 5021      B509B91B 
 5022 00da 9E2DF940 		.ascii	"\236-\371@K\327\340\323Y\2650\347\260m\356\177}\317"
 5022      4BD7E0D3 
 5022      59B530E7 
 5022      B06DEE7F 
 5022      7DCF
 5023 00ec 08854629 		.ascii	"\010\205F)U\203\011BX\335\253@,\017\364\003\305\221"
 5023      55830942 
 5023      58DDAB40 
 5023      2C0FF403 
 5023      C591
 5024 00fe 5AAD4AB3 		.ascii	"Z\255J\263\003\004%Ug\211DUD\220P.\327\210D\242\247"
 5024      03042555 
 5024      67894455 
 5024      4490502E 
 5024      D78844A2 
 5025 0113 8608EB9C 		.ascii	"\206\010\353\234\020\335\325\222 \235J\323\302T:\241"
 5025      10DDD592 
 5025      209D4AD3 
 5025      C2543AA1 
 5026 0123 1B670BE3 		.ascii	"\033g\013\343\364\020\014\000?I`\341\317s\371\234xv"
 5026      F4100C00 
 5026      3F4960E1 
 5026      CF73F99C 
 5026      7876
ARM GAS  C:\Users\nicx5\AppData\Local\Temp\ccjkJcxQ.s 			page 202


 5027 0135 B33DE035 		.ascii	"\263=\3405\212\036\262\314\302-\334\232\230\275\204"
 5027      8A1EB2CC 
 5027      C22DDC9A 
 5027      98BD84
 5028 0144 0733AF76 		.ascii	"\0073\257v\222\001"
 5028      9201
 5029              		.text
 5030              		.section	.gnu.lto_HAL_QSPI_GetError.360.1f2fea0a,"e",%progbits
 5031 0000 28B52FFD 		.ascii	"(\265/\375`q\000\025\012\000\006RF>\000%+\035\014\011"
 5031      60710015 
 5031      0A000652 
 5031      463E0025 
 5031      2B1D0C09 
 5032 0014 5EA7FFDD 		.ascii	"^\247\377\335\023\004RO\360\345G\360\037\370\035\024"
 5032      1304524F 
 5032      F0E547F0 
 5032      1FF81D14 
 5033 0024 331033A1 		.ascii	"3\0203\241\346\207\231y\233U+<\022\006\345\376[_\341"
 5033      E6879979 
 5033      9B552B3C 
 5033      1206E5FE 
 5033      5B5FE1
 5034 0037 D31A6EC3 		.ascii	"\323\032n\303\320 \312\312\364Z\026\372\255\346\000"
 5034      D020CACA 
 5034      F45A16FA 
 5034      ADE600
 5035 0046 AC11B277 		.ascii	"\254\021\262wJ\0011\0002\0002\000\276\033\206n\245e"
 5035      4A013100 
 5035      32003200 
 5035      BE1B866E 
 5035      A565
 5036 0058 47B87B92 		.ascii	"G\270{\222\013?\000}\024_\000\372Xy\267\235\332\374"
 5036      0B3F007D 
 5036      145F00FA 
 5036      5879B79D 
 5036      DAFC
 5037 006a DFFC2AC1 		.ascii	"\337\374*\301\236\016\227\273\235\006@\354\256).\307"
 5037      9E0E97BB 
 5037      9D0640EC 
 5037      AE292EC7 
 5038 007a 72D7DB66 		.ascii	"r\327\333f\260]\332\346\011\256\367\375T\024\271\364"
 5038      B05DDAE6 
 5038      09AEF7FD 
 5038      5414B9F4 
 5039 008a FC744A34 		.ascii	"\374tJ4\273/C\341\376\214\301\032\3335[\300F\000\260"
 5039      BB2F43E1 
 5039      FE8CC11A 
 5039      DB355BC0 
 5039      4600B0
 5040 009d A2F43E9A 		.ascii	"\242\364>\232\011v\003\370\000w\317\006_\204>\332\366"
 5040      097603F8 
 5040      0077CF06 
 5040      5F843EDA 
 5040      F6
 5041 00ae 7BB7A9D9 		.ascii	"{\267\251\331&Z`\024\006\266\317\275\270uW+\010\346"
 5041      265A6014 
 5041      06B6CFBD 
ARM GAS  C:\Users\nicx5\AppData\Local\Temp\ccjkJcxQ.s 			page 203


 5041      B875572B 
 5041      08E6
 5042 00c0 A4A6D816 		.ascii	"\244\246\330\026\371I\022\332\2259\3719&%!\336G\237"
 5042      F94912DA 
 5042      9539F939 
 5042      262521DE 
 5042      479F
 5043 00d2 56157638 		.ascii	"V\025v8\277\212\342\201\230\245C\2377Zg|q\353\3166\015"
 5043      BF8AE281 
 5043      98A5439F 
 5043      375A677C 
 5043      71EBCE36 
 5044 00e7 D6209150 		.ascii	"\326 \221P\256\227\203i\224\000\033\375\032\305>L\220"
 5044      AE978369 
 5044      94001BFD 
 5044      1AC53E4C 
 5044      90
 5045 00f8 56870B06 		.ascii	"V\207\013\006+\231<BL\362U\252\310VED\2525\233\241R"
 5045      2B993C42 
 5045      4CF255AA 
 5045      C8564544 
 5045      AA359BA1 
 5046 010d A4596E8C 		.ascii	"\244Yn\214\304\312\211\223g2\211\024\253d\262X\251X"
 5046      C4CA8993 
 5046      67328914 
 5046      AB64B258 
 5046      A958
 5047 011f 264729CB 		.ascii	"&G)\313`=\004\016\000?I`\341\317s\371\234x|\263\237"
 5047      603D040E 
 5047      003F4960 
 5047      E1CF73F9 
 5047      9C787CB3 
 5048 0134 D1C5696C 		.ascii	"\321\305il\207\313\026\262\230\005Z\270U1{z\260.\374"
 5048      87CB16B2 
 5048      98055AB8 
 5048      55317B7A 
 5048      B02EFC
 5049 0147 CCF36A27 		.ascii	"\314\363j'\031"
 5049      19
 5050              		.text
 5051              		.section	.gnu.lto_HAL_QSPI_Abort.361.1f2fea0a,"e",%progbits
 5052 0000 28B52FFD 		.ascii	"(\265/\375`\275\007\035(\000\212D$\017Dp\250M:\313\002"
 5052      60BD071D 
 5052      28008A44 
 5052      240F4470 
 5052      A84D3ACB 
 5053 0015 58004BB9 		.ascii	"X\000K\271\270\204\023R!r\255\027L*N\276J8\011\375\331"
 5053      B8841352 
 5053      2172AD17 
 5053      4C2A4EBE 
 5053      4A3809FD 
 5054 002a D8068EF5 		.ascii	"\330\006\216\365\257\035\320\246W\205\2009\0101\222"
 5054      AF1DD0A6 
 5054      57858039 
 5054      083192
 5055 0039 CED01A08 		.ascii	"\316\320\032\010\010\004\220\353\177l\2405\210\362\204"
 5055      080490EB 
ARM GAS  C:\Users\nicx5\AppData\Local\Temp\ccjkJcxQ.s 			page 204


 5055      7F6CA035 
 5055      88F284
 5056 0048 C4C7D036 		.ascii	"\304\307\3206B\310&D\356$\003\334\000\313\000\337\000"
 5056      42C82644 
 5056      EE2403DC 
 5056      00CB00DF 
 5056      00
 5057 0059 B74ED9C6 		.ascii	"\267N\331\306\312\205\377\360\225\271\213\017\346a8"
 5057      CA85FFF0 
 5057      95B98B0F 
 5057      E66138
 5058 0068 B723567D 		.ascii	"\267#V}\370\253\327\307m\"\237(Z\272\316\227\273b\025"
 5058      F8ABD7C7 
 5058      6D229F28 
 5058      5ABACE97 
 5058      BB6215
 5059 007b B31047BD 		.ascii	"\263\020G\275Nn\263\265E\341\342v\3570\352%\367\316"
 5059      4E6EB3B5 
 5059      45E1E276 
 5059      EF30EA25 
 5059      F7CE
 5060 008d 1D96AA5A 		.ascii	"\035\226\252Z\231\317\345]\272\356%\007\013\270\367"
 5060      99CFE55D 
 5060      BAEE2507 
 5060      0BB8F7
 5061 009c D09C35F7 		.ascii	"\320\2345\367\016\0250\210\363\245\323\225\354K\362"
 5061      0E153088 
 5061      F3A5D395 
 5061      EC4BF2
 5062 00ab 49F62533 		.ascii	"I\366%3s\003\010]\374\353\273F\213\227\211(W\206\240"
 5062      7303085D 
 5062      FCEBBB46 
 5062      8B978928 
 5062      5786A0
 5063 00be 79BB7738 		.ascii	"y\273w8\325S\376\273\316(\207CO\323\226d\327\037\337"
 5063      D553FEBB 
 5063      CE288743 
 5063      4FD39664 
 5063      D71FDF
 5064 00d1 A4FA8FB1 		.ascii	"\244\372\217\2618Y\202b:\2563\251\230\214!\271\221\220"
 5064      38598262 
 5064      3AAE33A9 
 5064      988C21B9 
 5064      9190
 5065 00e3 E7D4C28C 		.ascii	"\347\324\302\214T\034\022\265\260\"\025}[\330\221\003"
 5065      541C12B5 
 5065      B022157D 
 5065      5BD89103 
 5066 00f3 6A6144EA 		.ascii	"jaD\352y\200\311X\331\315/\260j\313^\222Pnl\012\035"
 5066      7980C958 
 5066      D9CD2FB0 
 5066      6ACB5E92 
 5066      506E6C0A 
 5067 0108 897D914A 		.ascii	"\211}\221JA\252\004yT\362^H\336Gb@\322\351\336\3730"
 5067      41AA0479 
 5067      54F25E48 
 5067      DE476240 
ARM GAS  C:\Users\nicx5\AppData\Local\Temp\ccjkJcxQ.s 			page 205


 5067      D2E9DEFB 
 5068 011d AF3DC476 		.ascii	"\257=\304v\324jR\335{\271\006\305\306\316Ggf?\314\014"
 5068      D46A52DD 
 5068      7BB906C5 
 5068      C6CE4767 
 5068      663FCC0C 
 5069 0131 64362D04 		.ascii	"d6-\004\314X?\223u\016BPU\244R\357\275:\310\277\376"
 5069      CC583F93 
 5069      750E4250 
 5069      55A452EF 
 5069      BD3AC8BF 
 5070 0146 783302A8 		.ascii	"x3\002\250;\215\3716,S\253\211\341\263\243.\342z\033"
 5070      3B8DF936 
 5070      2C53AB89 
 5070      E1B3A32E 
 5070      E27A1B
 5071 0159 F6CDD45C 		.ascii	"\366\315\324\\\301\312\200\015d\346\025'\323\342\274"
 5071      C1CA800D 
 5071      64E61527 
 5071      D3E2BC
 5072 0168 774904FE 		.ascii	"wI\004\376\030*\255s\312K~\016\373\362=\205&$6\220\037"
 5072      182AAD73 
 5072      CA4B7E0E 
 5072      FBF23D85 
 5072      26243690 
 5073 017d 1497F0FA 		.ascii	"\024\227\360\372\302;\341*s\014\031\365A^\237\315\014"
 5073      C23BE12A 
 5073      730C19F5 
 5073      415E9FCD 
 5073      0C
 5074 018e D85FFC40 		.ascii	"\330_\374@\015!\376\317~\370c1\363\252G~\240&P\333\255"
 5074      0D21FECF 
 5074      7EF86331 
 5074      F3AA477E 
 5074      A02650DB 
 5075 01a3 471EEAA8 		.ascii	"G\036\352\250\235\306'o\2431G\245O\367\3627]x\346\221"
 5075      9DC6276F 
 5075      A33147A5 
 5075      4FF7F237 
 5075      5D78E691 
 5076 01b7 9599761F 		.ascii	"\225\231v\037\236\227le\002\266\262RYy\200\255\234T"
 5076      9E976C65 
 5076      02B6B252 
 5076      597980AD 
 5076      9C54
 5077 01c9 5616602B 		.ascii	"V\026`+\007\260\225\001\330\312H\266\362\221\255\254"
 5077      07B09501 
 5077      D8CA48B6 
 5077      F291ADAC 
 5078 01d9 2B2B1BD9 		.ascii	"++\033\331\3129[\031gVFm\345\323V6mek+\227ee\222\254"
 5078      CA395B19 
 5078      6756466D 
 5078      E5D35636 
 5078      6D656B2B 
 5079 01f2 7C29740A 		.ascii	"|)t\012\033\321L\004@\367*9\276\005\0314\324\007\323"
 5079      1BD14C04 
 5079      40F72A39 
ARM GAS  C:\Users\nicx5\AppData\Local\Temp\ccjkJcxQ.s 			page 206


 5079      BE051934 
 5079      D407D3
 5080 0205 266F1987 		.ascii	"&o\031\207\363\301\321[\002\030\357\000h=\365\251Ej"
 5080      F3C1D15B 
 5080      0218EF00 
 5080      683DF5A9 
 5080      456A
 5081 0217 007D3032 		.ascii	"\000}02<,\220\214[\320N\343\324\311\021\210\371\324"
 5081      3C2C908C 
 5081      5BD04EE3 
 5081      D4C91188 
 5081      F9D4
 5082 0229 0A9C1802 		.ascii	"\012\234\030\002R\236\370\245\016\322\346GNO\255\256"
 5082      529EF8A5 
 5082      0ED2E647 
 5082      4E4FADAE 
 5083 0239 8FFA1DDE 		.ascii	"\217\372\035\336\306B\327h\035\243.`4RYj*\2573\327t"
 5083      C642D768 
 5083      1DA32E60 
 5083      3452596A 
 5083      2AAF33D7 
 5084 024e AC786767 		.ascii	"\254xggs\\\347\332|\002F\006\374\3609V\347\275Kp\315"
 5084      735CE7DA 
 5084      7C024606 
 5084      FCF03956 
 5084      E7BD4B70 
 5085 0263 43131213 		.ascii	"C\023\022\023A%\231Cfv\032\361O\3753\276\"\241\247\376"
 5085      41259943 
 5085      66761AF1 
 5085      4FFD33BE 
 5085      22A1A7FE 
 5086 0277 7057D166 		.ascii	"pW\321f\016!\242>\370\324N;\372\213\231G<\016\215\364"
 5086      0E21A23E 
 5086      F8D44E3B 
 5086      FA8B9947 
 5086      3C0E8DF4 
 5087 028b ECDEEBE1 		.ascii	"\354\336\353\341\014\355\324\355\3547\017\012B:\036"
 5087      0CEDD4ED 
 5087      EC370F0A 
 5087      423A1E
 5088 029a 8F889E5A 		.ascii	"\217\210\236Z\263\317\276\321l\324W\304\303\306/Z\316"
 5088      B3CFBED1 
 5088      6CD457C4 
 5088      C3C62F5A 
 5088      CE
 5089 02ab ECD7D89A 		.ascii	"\354\327\330\232\370)Sk\373D\362\251-\333\266\211\247"
 5089      F829536B 
 5089      FB44F2A9 
 5089      2DDBB689 
 5089      A7
 5090 02bc C4D75815 		.ascii	"\304\327X\025k\234\340\262/\313\236\200&$\246x\032\256"
 5090      6B9CE0B2 
 5090      2FCB9E80 
 5090      2624A678 
 5090      1AAE
 5091 02ce F3DE4B76 		.ascii	"\363\336Kv\023\232\320\253\201L\026\257\264!\270\262"
 5091      139AD0AB 
ARM GAS  C:\Users\nicx5\AppData\Local\Temp\ccjkJcxQ.s 			page 207


 5091      814C16AF 
 5091      B421B8B2 
 5092 02de 013D2E1F 		.ascii	"\001=.\037\226\257g}[X\276\336\213,-\037\312*\026,\220"
 5092      96AF677D 
 5092      5B58BEDE 
 5092      8B2C2D1F 
 5092      CA2A162C 
 5093 02f3 8095C5C0 		.ascii	"\200\225\305\300\201\024\317E\311YRZ3z4\256``\271p\321"
 5093      8114CF45 
 5093      C959525A 
 5093      337A34AE 
 5093      6060B970 
 5094 0308 C0410C5F 		.ascii	"\300A\014_o*kK\304\324\225\207\012\033\256n\334\220"
 5094      6F2A6B4B 
 5094      C4D49587 
 5094      0A1BAE6E 
 5094      DC90
 5095 031a B061AAB7 		.ascii	"\260a\252\267\265\242\206\326\026\206\010|C\206\205"
 5095      B5A286D6 
 5095      1686087C 
 5095      438685
 5096 0329 0D281A38 		.ascii	"\015(\0328\370P%\002E\357\305\226\214\022((d\030\300"
 5096      F8502502 
 5096      45EFC596 
 5096      8C122828 
 5096      6418C0
 5097 033c CCC37B5C 		.ascii	"\314\303{\\T3i\264\324\351\023(U\3204I\237\370]\007"
 5097      543369B4 
 5097      D4E91328 
 5097      55D03449 
 5097      9FF85D07 
 5098 0350 61E65D9F 		.ascii	"a\346]\237}\314\274\032\354\212\233\235n\321\231W\324"
 5098      7DCCBC1A 
 5098      EC8A9B9D 
 5098      6ED19957 
 5098      D4
 5099 0361 6B20C1D9 		.ascii	"k \301\331 \337\232\242K!\226\201c\324i\374\353b\025"
 5099      20DF9AA2 
 5099      4B219681 
 5099      63D469FC 
 5099      EB6215
 5100 0374 B5903A1B 		.ascii	"\265\220:\033D\\#\320\210H(9\036\217O\255R\023\370}"
 5100      445C23D0 
 5100      88482839 
 5100      1E8F4FAD 
 5100      5213F87D 
 5101 0388 F91B09A5 		.ascii	"\371\033\011\245F\205\205\006\254m\321\275\031\371\223"
 5101      46858506 
 5101      AC6DD1BD 
 5101      19F993
 5102 0397 8B1AB416 		.ascii	"\213\032\264\026\225\324\274f;Q\202p@\201Ij\2505\263"
 5102      95D4BC66 
 5102      3B518270 
 5102      4081496A 
 5102      A835B3
 5103 03aa B6E739F3 		.ascii	"\266\3479\363\017\314\335\254\212&N\000\342:\0054\332"
 5103      0FCCDDAC 
ARM GAS  C:\Users\nicx5\AppData\Local\Temp\ccjkJcxQ.s 			page 208


 5103      8A264E00 
 5103      E23A0534 
 5103      DA
 5104 03bb 6446424C 		.ascii	"dFBLnY\344\340\322~\0331{\214\177\322\246\032\240y\375"
 5104      6E59E4E0 
 5104      D27E1B31 
 5104      7B8C7FD2 
 5104      A61AA079 
 5105 03d0 5FB0CFF3 		.ascii	"_\260\317\363\246f\016\200\233\250a0H\025RDfdD\222$"
 5105      A6660E80 
 5105      9BA86130 
 5105      48155244 
 5105      66644492 
 5106 03e5 4963D0A2 		.ascii	"Ic\320\242\021\"\262\015\021\360(E\324\321HK\322\006"
 5106      1122B20D 
 5106      11F02845 
 5106      D4D1484B 
 5106      D206
 5107 03f7 2F095CF0 		.ascii	"/\011\\\360,\262SH\337\351\256\327\202\311\371\231B"
 5107      2CB25348 
 5107      DFE9AED7 
 5107      82C9F999 
 5107      42
 5108 0408 A46F0AB1 		.ascii	"\244o\012\261\273-'x=\325=\005\214\246\312~M\022\002"
 5108      BB2D2778 
 5108      3DD53D05 
 5108      8CA6CA7E 
 5108      4D1202
 5109 041b 25B6E8A4 		.ascii	"%\266\350\244\003\350\211\204[\330X\355Y\260$\030qP"
 5109      03E88984 
 5109      5BD858ED 
 5109      59B02418 
 5109      7150
 5110 042d 9D665813 		.ascii	"\235fX\023\025\277\254{K\263\322U\177X!*\303\247\236"
 5110      15BFAC7B 
 5110      4BB3D255 
 5110      7F58212A 
 5110      C3A79E
 5111 0440 428DFE13 		.ascii	"B\215\376\023\036D\256\204\"\267\236\263\350\020\332"
 5111      1E44AE84 
 5111      22B79EB3 
 5111      E810DA
 5112 044f 5A96F32E 		.ascii	"Z\226\363.M\027\216\306\274N1\345-1{s\216,#:\000\300"
 5112      4D178EC6 
 5112      BC4E31E5 
 5112      2D317B73 
 5112      8E2C233A 
 5113 0465 FB8E1371 		.ascii	"\373\216\023q\037\220\303\334\034\356\251\2207\020\214"
 5113      1F90C3DC 
 5113      1CEEA990 
 5113      37108C
 5114 0474 DA30A996 		.ascii	"\3320\251\226\211&&KX\337\256e\300W\345\247\2270\357"
 5114      8926264B 
 5114      58DFAE65 
 5114      C057E5A7 
 5114      9730EF
 5115 0487 B0E61C3B 		.ascii	"\260\346\034;\002\251\036U1 r\211M\221I\363\354\240"
ARM GAS  C:\Users\nicx5\AppData\Local\Temp\ccjkJcxQ.s 			page 209


 5115      02A91E55 
 5115      31207289 
 5115      4D9149F3 
 5115      ECA0
 5116 0499 51127AB6 		.ascii	"Q\022z\266=\245\013\347jZ\333\216\023_Ra\035r\017:\270"
 5116      3DA50BE7 
 5116      6A5ADB8E 
 5116      135F5261 
 5116      1D720F3A 
 5117 04ae 4D218741 		.ascii	"M!\207A'F\240\316\014Ya\202~\011\227p-B\223nO\245F\374"
 5117      2746A0CE 
 5117      0C596182 
 5117      7E099770 
 5117      2D42936E 
 5118 04c6 69708101 		.ascii	"ip\201\001\370S\3076sr\347:O\244$\355NY\373\015\353"
 5118      F853C736 
 5118      7372E73A 
 5118      4FA424ED 
 5118      4E59FB0D 
 5119 04db CC6429C6 		.ascii	"\314d)\306\256\016\371\366\\3\347\324'`\312\340]\203"
 5119      AE0EF9F6 
 5119      5C33E7D4 
 5119      2760CAE0 
 5119      5D83
 5120 04ed 518CF3B2 		.ascii	"Q\214\363\262\340;\004g5L\234\330\264\002\037ZN\033"
 5120      E03B0467 
 5120      354C9CD8 
 5120      B4021F5A 
 5120      4E1B
 5121 04ff 9C15BEEE 		.ascii	"\234\025\276\356\353\322\254\352$)f+\250\032"
 5121      EBD2ACEA 
 5121      2429662B 
 5121      A81A
 5122              		.text
 5123              		.section	.gnu.lto_HAL_QSPI_Abort_IT.362.1f2fea0a,"e",%progbits
 5124 0000 28B52FFD 		.ascii	"(\265/\375`4\001\215\016\000V\233dG\360\260(\035\350"
 5124      6034018D 
 5124      0E00569B 
 5124      6447F0B0 
 5124      281DE8
 5125 0013 121A3484 		.ascii	"\022\0324\204,.\243{\321]O{\314\252\244\360tc\"\017"
 5125      2C2EA37B 
 5125      D15D4F7B 
 5125      CCAAA4F0 
 5125      7463220F 
 5126 0027 B99B75A7 		.ascii	"\271\233u\247\247g\255\325\302S\350\225\217F\306\235"
 5126      A767ADD5 
 5126      C253E895 
 5126      8F46C69D 
 5127 0037 504DAFFF 		.ascii	"PM\257\377'\373\257(\373\005\335\341\027\325^\205\030"
 5127      27FBAF28 
 5127      FB05DDE1 
 5127      17D55E85 
 5127      18
 5128 0048 87052EA5 		.ascii	"\207\005.\245\324\212\007\362\011\331[\246\024N\000"
 5128      D48A07F2 
 5128      09D95BA6 
ARM GAS  C:\Users\nicx5\AppData\Local\Temp\ccjkJcxQ.s 			page 210


 5128      144E00
 5129 0057 4E004C00 		.ascii	"N\000L\000\022\276w!'\340\275\233\027\340\275\263\355"
 5129      12BE7721 
 5129      27E0BD9B 
 5129      17E0BDB3 
 5129      ED
 5130 0068 4F02975F 		.ascii	"O\002\227_roV\300(\314\250\030\001Cgw\004%\315_\237"
 5130      726F56C0 
 5130      28CCA818 
 5130      01436777 
 5130      0425CD5F 
 5131 007d 525FBEA7 		.ascii	"R_\276\247\344!Zv\\\314h+\237\237\313%\000\032\313\014"
 5131      E4215A76 
 5131      5CCC682B 
 5131      9F9FCB25 
 5131      001ACB0C 
 5132 0091 D9DDDFAE 		.ascii	"\331\335\337\256\037h1UO\311\356Zg\264\226\273\273\355"
 5132      1F683155 
 5132      4FC9EE5A 
 5132      67B496BB 
 5132      BBED
 5133 00a3 07B65BF6 		.ascii	"\007\266[\366/\004+*e\374\2712\306~\355\367\244zJ\365"
 5133      2F042B2A 
 5133      65FCB932 
 5133      C67EEDF7 
 5133      A47A4AF5 
 5134 00b7 3D1E351B 		.ascii	"=\0365\033\270\027\"\021\273%r:[\243\213a\302\366\355"
 5134      B8172211 
 5134      BB25723A 
 5134      5BA38B61 
 5134      C2F6ED
 5135 00ca 8FAE0F10 		.ascii	"\217\256\017\020\027\222\375\333m/]\020+q9358vG\003"
 5135      1792FDDB 
 5135      6D2F5D10 
 5135      2B713933 
 5135      35387647 
 5136 00df EF2C7E20 		.ascii	"\357,~ 2\222\352[\3705g\341zM\305\001vwr\334\354\216"
 5136      3292EA5B 
 5136      F83567E1 
 5136      7A4DC501 
 5136      767772DC 
 5137 00f5 071CD256 		.ascii	"\007\034\322V\241\350g\236\322\203J)\343\267\274)\177"
 5137      A1E8679E 
 5137      D2834A29 
 5137      E3B7BC29 
 5137      7F
 5138 0106 FB51D8E4 		.ascii	"\373Q\330\344\260\350\016\353[\336\345\224V\031\211"
 5138      B0E80EEB 
 5138      5BDEE594 
 5138      561989
 5139 0115 988CD916 		.ascii	"\230\214\331\026o\223\362\355\302\220\370\270\260\303"
 5139      6F93F2ED 
 5139      C290F8B8 
 5139      B0C3
 5140 0123 47F3CE57 		.ascii	"G\363\316W\361\336]\20216\234\21494\003\306\177y\267"
 5140      F1DE5D82 
 5140      31369C8C 
ARM GAS  C:\Users\nicx5\AppData\Local\Temp\ccjkJcxQ.s 			page 211


 5140      393403C6 
 5140      7F79B7
 5141 0136 FD295E60 		.ascii	"\375)^`\232sH\206\016\234\325\234\307b\312\352\264\022"
 5141      9A734886 
 5141      0E9CD59C 
 5141      C762CAEA 
 5141      B412
 5142 0148 3D571819 		.ascii	"=W\030\031\021\235P\010@\"\005R\235Q\"'\033D\024S\206"
 5142      119D5008 
 5142      40220552 
 5142      9D512227 
 5142      1B441453 
 5143 015d 532AF501 		.ascii	"S*\365\001iX\211 *4\001M\020\026\214L,\226h\004\212"
 5143      69588920 
 5143      2A34014D 
 5143      10168C4C 
 5143      2C966804 
 5144 0172 A1050E27 		.ascii	"\241\005\016'a\003\022\263T\014F\245\017(\002\311\244"
 5144      610312B3 
 5144      540C46A5 
 5144      0F2802C9 
 5144      A4
 5145 0183 24620855 		.ascii	"$b\010U\023J\012\034\014\260=\356\377\335x\201I\231"
 5145      134A0A1C 
 5145      0CB03DEE 
 5145      FFDD7881 
 5145      4999
 5146 0195 43344EE0 		.ascii	"C4N\340\254\346\346\364P/\030\000?I`\341\317s\371\234"
 5146      ACE6E6F4 
 5146      502F1800 
 5146      3F4960E1 
 5146      CF73F99C 
 5147 01a9 7876B33D 		.ascii	"xv\263=\340\011\315\202\262\261\012L\200]Au\205\025"
 5147      E009CD82 
 5147      B2B10A4C 
 5147      805D4175 
 5147      8515
 5148 01bb 79584370 		.ascii	"yXCp\201\343&\0309\357h\315&\320DaE\004\205\020QT!\036"
 5148      81E32618 
 5148      39EF68CD 
 5148      26D04461 
 5148      45048510 
 5149 01d3 35D05043 		.ascii	"5\320PC\266\253\224\001"
 5149      B6AB9401 
 5150              		.text
 5151              		.section	.gnu.lto_HAL_QSPI_SetTimeout.363.1f2fea0a,"e",%progbits
 5152 0000 28B52FFD 		.ascii	"(\265/\375`\232\000\015\013\000\026\324MC\000mN:,\205"
 5152      609A000D 
 5152      0B0016D4 
 5152      4D43006D 
 5152      4E3A2C85 
 5153 0014 9C5B9BD9 		.ascii	"\234[\233\331\353\324|\222C,Xx\2415\313\311\357\204"
 5153      EBD47C92 
 5153      432C5878 
 5153      A135CBC9 
 5153      EF84
 5154 0026 AC268D85 		.ascii	"\254&\215\205\003!\360\301r+\002\033_\2525W:\201\024"
ARM GAS  C:\Users\nicx5\AppData\Local\Temp\ccjkJcxQ.s 			page 212


 5154      0321F0C1 
 5154      722B021B 
 5154      5FAA3557 
 5154      3A8114
 5155 0039 FD43FD76 		.ascii	"\375C\375v\030\017\277+d\203\362\033\241c\2143D\346"
 5155      180FBF2B 
 5155      6483F21B 
 5155      A1638C33 
 5155      44E6
 5156 004b 13D97AEF 		.ascii	"\023\331z\357\224\0026\0008\000:\000!V@y\3658\207\344"
 5156      94023600 
 5156      38003A00 
 5156      21564079 
 5156      F53887E4 
 5157 005f 35F20DC9 		.ascii	"5\362\015\311\253I\033\305\305\302\356\005\355C\006"
 5157      AB491BC5 
 5157      C5C2EE05 
 5157      ED4306
 5158 006e 5D6F7741 		.ascii	"]owA:;\371I\372\307=\003\026s}N\006\354\256',\206\341"
 5158      3A3BF949 
 5158      FAC73D03 
 5158      16737D4E 
 5158      06ECAE27 
 5159 0085 A6B7FD61 		.ascii	"\246\267\375a{e;E\267\237\276\366\317ja\363\345t\035"
 5159      7B653B45 
 5159      B79FBEF6 
 5159      CF6A61F3 
 5159      E5741D
 5160 0098 0FBB1B7E 		.ascii	"\017\273\033~\275\345U\0224\333\267_\2226\206m9\021"
 5160      BDE55512 
 5160      34DBB75F 
 5160      9236866D 
 5160      3911
 5161 00aa CE79DC8D 		.ascii	"\316y\334\215\245b\244\274ZJ\204\237\267\371 \036\202"
 5161      A562A4BC 
 5161      5A4A849F 
 5161      B7F9201E 
 5161      82
 5162 00bb 7CAD658D 		.ascii	"|\255e\215]_m\304n\031 \001\007*\266\313}d\251\314\225"
 5162      5D5F6DC4 
 5162      6E192001 
 5162      072AB6CB 
 5162      7D64A9CC 
 5163 00d0 DD0ADE8B 		.ascii	"\335\012\336\213^0\245\366\204\347X\224\335\345\370"
 5163      5E30A5F6 
 5163      84E75894 
 5163      DDE5F8
 5164 00df 2256142E 		.ascii	"\"V\024.\034f\257~K\362\012\"\323\360\242\025\034`\347"
 5164      1C66AF7E 
 5164      4BF20A22 
 5164      D3F0A215 
 5164      1C60E7
 5165 00f2 33B1F3E7 		.ascii	"3\261\363\347\3225i\007?\262Tf?\251\010(\322\311\024"
 5165      D2356907 
 5165      3FB25466 
 5165      3FA90828 
 5165      D2C914
ARM GAS  C:\Users\nicx5\AppData\Local\Temp\ccjkJcxQ.s 			page 213


 5166 0105 4ECC2093 		.ascii	"N\314 \223\351\210F\0006\230\216R\365\010cz0B\0109\020"
 5166      E9884600 
 5166      36988E52 
 5166      F508637A 
 5166      30420839 
 5167 011a 954A9ACD 		.ascii	"\225J\232\315)5\202#\361\003\206\020\020\360\204T\252"
 5167      29358223 
 5167      F1038610 
 5167      10F08454 
 5167      AA
 5168 012b 8E071C45 		.ascii	"\216\007\034E\222\004\223h\200c\025\252\200\007\244"
 5168      92049368 
 5168      806315AA 
 5168      8007A4
 5169 013a D924083F 		.ascii	"\331$\010?\240\261\201\210Z\020\017\000?I`\341\317s"
 5169      A0B18188 
 5169      5A100F00 
 5169      3F4960E1 
 5169      CF73
 5170 014c F99C787C 		.ascii	"\371\234x|\263\237R\213\203u>\315\032-\334%3\026\202"
 5170      B39F528B 
 5170      83753ECD 
 5170      1A2DDC25 
 5170      331682
 5171 015f 44D0180C 		.ascii	"D\320\030\014\205\033\\\313\013a\222\001"
 5171      851B5CCB 
 5171      0B619201 
 5172              		.text
 5173              		.section	.gnu.lto_HAL_QSPI_SetFifoThreshold.364.1f2fea0a,"e",%progbits
 5174 0000 28B52FFD 		.ascii	"(\265/\375`Y\003%\030\000f\352\230H\260XQ:1\227\011"
 5174      60590325 
 5174      180066EA 
 5174      9848B058 
 5174      513A3197 
 5175 0015 85F23B33 		.ascii	"\205\362;3\034\032X\026\030\317\026\373\240\345\345"
 5175      1C1A5816 
 5175      18CF16FB 
 5175      A0E5E5
 5176 0024 4062D699 		.ascii	"@b\326\231\276\344m\00537R-~k\210\374X\013\032\235\267"
 5176      BEE46D05 
 5176      3337522D 
 5176      7E6B88FC 
 5176      580B1A9D 
 5177 0039 FC26A4BB 		.ascii	"\374&\244\273\017\315;\362>\316R\335\3450\2623\030\336"
 5177      0FCD3BF2 
 5177      3ECE52DD 
 5177      E530B233 
 5177      18DE
 5178 004b A44E481D 		.ascii	"\244NH\035\226\020\262\367\226[\246\203\000{\000\206"
 5178      9610B2F7 
 5178      965BA683 
 5178      007B0086 
 5179 005b 00BD1450 		.ascii	"\000\275\024PH\221k\016\017\326\234?\027a#5vRAw.\214"
 5179      48916B0E 
 5179      0FD69C3F 
 5179      17612335 
 5179      76524177 
ARM GAS  C:\Users\nicx5\AppData\Local\Temp\ccjkJcxQ.s 			page 214


 5180 0071 5C0C27F7 		.ascii	"\\\014'\367\226\007\236A\344\272\3038\226+e\001\226"
 5180      96079E41 
 5180      E4BAC338 
 5180      962B6501 
 5180      96
 5181 0082 EBFFFF30 		.ascii	"\353\377\3770\250\335\326\327\011\221[\007^\225\032"
 5181      A8DDD6D7 
 5181      09915B07 
 5181      5E951A
 5182 0091 4F65EE2D 		.ascii	"Oe\356-U\015\204ml+\355i;\037\261\005\240\244D&IG\203"
 5182      550D846D 
 5182      6C2BED69 
 5182      3B1FB105 
 5182      A0A44426 
 5183 00a8 6B4A3783 		.ascii	"kJ7\203)\365\301QEF\215\216\005\305\301\322\203\013"
 5183      29F5C151 
 5183      45468D8E 
 5183      05C5C1D2 
 5183      830B
 5184 00ba 8D6EC56C 		.ascii	"\215n\305l\352\340\336[\243\303Q\361\336\313>\236-t"
 5184      EAE0DE5B 
 5184      A3C351F1 
 5184      DECB3E9E 
 5184      2D74
 5185 00cc B93943A1 		.ascii	"\2719C\241{\357g\222.\006?\344\377\260\377\270\277a"
 5185      7BEF6792 
 5185      2E063FE4 
 5185      FFB0FFB8 
 5185      BF61
 5186 00de 017747D0 		.ascii	"\001wG\320\031\011\010\031\020\256g\025\226+\367\330"
 5186      19090819 
 5186      10AE6715 
 5186      962BF7D8 
 5187 00ee FB35EE3C 		.ascii	"\3735\356<\013\240\272\234mv\210\216\333\014^\010\024"
 5187      0BA0BA9C 
 5187      6D76888E 
 5187      DB0C5E08 
 5187      14
 5188 00ff 962C7706 		.ascii	"\226,w\006_\036\315n:\323\333\273\237{\3146\354\304"
 5188      5F1ECD6E 
 5188      3AD3DBBB 
 5188      9F7BCC36 
 5188      ECC4
 5189 0111 5CF3F914 		.ascii	"\\\363\371\024\227\3741\234\027\303\3710\234\267\341"
 5189      97FC319C 
 5189      17C3F930 
 5189      9CB7E1
 5190 0120 7C0DE7A9 		.ascii	"|\015\347\251\235\357:?\351<\337\214K|\277'\010^\356"
 5190      9DEF3A3F 
 5190      E93CDF8C 
 5190      4B7CBF27 
 5190      085EEE
 5191 0133 CD112C73 		.ascii	"\315\021,s\257T(<.\231\377\332\331w\232\034'\026\227"
 5191      AF54283C 
 5191      2E99FFDA 
 5191      D9779A1C 
 5191      271697
ARM GAS  C:\Users\nicx5\AppData\Local\Temp\ccjkJcxQ.s 			page 215


 5192 0146 B6795DDC 		.ascii	"\266y]\334\376m\341}\371roi\200\353kb\016\217\325\001"
 5192      FE6DE17D 
 5192      F9726F69 
 5192      80EB6B62 
 5192      0E8FD501 
 5193 015a 533829CC 		.ascii	"S8)\314\257q\017\273\266\330\214$C\344[\261\266\303"
 5193      AF710FBB 
 5193      B6D88C24 
 5193      43E45BB1 
 5193      B6C3
 5194 016c E6DC99A0 		.ascii	"\346\334\231\240M\333\346\034\216\000\301\240/\310="
 5194      4DDBE61C 
 5194      8E00C1A0 
 5194      2FC83D
 5195 017b 96766D46 		.ascii	"\226vmF\262\201\333\300R8D\241y {\374?\360\023\262{"
 5195      B281DBC0 
 5195      523844A1 
 5195      79207BFC 
 5195      3FF013B2 
 5196 0190 ECDD1A77 		.ascii	"\354\335\032wVT\020\233\376[\334$E\017\323\357b&\257"
 5196      5654109B 
 5196      FE5BDC24 
 5196      450FD3EF 
 5196      6226AF
 5197 01a3 20AE3A4C 		.ascii	" \256:L\021v7nQ:\262\260\015&3b\250\010;\333\347\010"
 5197      1176376E 
 5197      513AB2B0 
 5197      0D263362 
 5197      A8083BDB 
 5198 01b9 8C9F44CC 		.ascii	"\214\237D\314\036\260\353Q\2501Ld\225\254D1)\036]\336"
 5198      1EB0EB51 
 5198      A8314C64 
 5198      95AC4431 
 5198      291E5DDE 
 5199 01cd 7BD4DD74 		.ascii	"{\324\335t\346\"\313MA\313\212\011\374?\202\223\024"
 5199      E622CB4D 
 5199      41CB8A09 
 5199      FC3F8293 
 5199      14
 5200 01de 8937E409 		.ascii	"\2117\344\011#\227\021iC\220\220\305H\330,\306\032\037"
 5200      23971169 
 5200      439090C5 
 5200      48D82CC6 
 5200      1A1F
 5201 01f0 22418206 		.ascii	"\"A\202\006\256\227\002 \004\005b\365/\004D%H\023-\022"
 5201      AE970220 
 5201      040562F5 
 5201      2F044425 
 5201      48132D12 
 5202 0204 AE58EC07 		.ascii	"\256X\354\007\250\310\210T\275f\032T\255\013\022V-\032"
 5202      A8C88854 
 5202      BD661A54 
 5202      AD0B1256 
 5202      2D1A
 5203 0216 ADC14A45 		.ascii	"\255\301JE\316`(\210f\025\202N\223MX\015\375\000a`i"
 5203      CE602888 
 5203      6615824E 
ARM GAS  C:\Users\nicx5\AppData\Local\Temp\ccjkJcxQ.s 			page 216


 5203      934D580D 
 5203      FD006160 
 5204 022b 182247CC 		.ascii	"\030\"G\314d\033\206\036X\270\371_^\246\267w\327Y\372"
 5204      641B861E 
 5204      58B8F95F 
 5204      5EA6B777 
 5204      D759FA
 5205 023e 01AC632B 		.ascii	"\001\254c+\371\000\002'[\341\324S}\241[#\331n:\201\245"
 5205      F9000227 
 5205      5BE1D453 
 5205      7DA15B23 
 5205      D96E3A81 
 5206 0253 A5173DD9 		.ascii	"\245\027=\331f\017\370\000\276\240\374\343\261a\374"
 5206      660FF800 
 5206      BEA0FCE3 
 5206      B161FC
 5207 0262 34EA0CCF 		.ascii	"4\352\014\317\251\210Q`\306\026\272U\261\003E\250a("
 5207      A9885160 
 5207      C616BA55 
 5207      B10345A8 
 5207      6128
 5208 0274 E9186146 		.ascii	"\351\030aF\214F\224\246\2400\325\001\200\242\241\262"
 5208      8C4694A6 
 5208      A030D501 
 5208      80A2A1B2 
 5209 0284 EA0111B0 		.ascii	"\352\001\021\260\265\222\304\304R\352o\005\346\341\273"
 5209      B592C4C4 
 5209      52EA6F05 
 5209      E6E1BB
 5210 0293 65EFF139 		.ascii	"e\357\3619\305\220;%\223n\030\025\031\275\243\004\021"
 5210      C5903B25 
 5210      936E1815 
 5210      19BDA304 
 5210      11
 5211 02a4 345FD848 		.ascii	"4_\330Hs\305\215\327t\242\014\354\004\363\015){\312"
 5211      73C58DD7 
 5211      74A20CEC 
 5211      04F30D29 
 5211      7BCA
 5212 02b6 DB1BC134 		.ascii	"\333\033\3014\301\254\355\024\001\036d\020q\020\015"
 5212      C1ACED14 
 5212      011E6410 
 5212      71100D
 5213 02c5 8565BE16 		.ascii	"\205e\276\026\020\"\020\255\261\010\311\330\341>F\211"
 5213      102210AD 
 5213      B108C9D8 
 5213      E13E4689 
 5214 02d5 15F4EE2E 		.ascii	"\025\364\356.,?\033o\262k\002\213\027\321\030d< .\244"
 5214      2C3F1B6F 
 5214      B26B028B 
 5214      17D11864 
 5214      3C202EA4 
 5215 02e9 B2E7D0A1 		.ascii	"\262\347\320\241)?\022\227\321W\365\027Q\024\260\331"
 5215      293F1297 
 5215      D157F517 
 5215      5114B0D9 
 5216 02f9 4F106B7E 		.ascii	"O\020k~>\3346\017\324\364\374(\301\366a%\0129j\230\253"
ARM GAS  C:\Users\nicx5\AppData\Local\Temp\ccjkJcxQ.s 			page 217


 5216      3EDC360F 
 5216      D4F4FC28 
 5216      C1F66125 
 5216      0A396A98 
 5217              		.text
 5218              		.section	.gnu.lto_HAL_QSPI_GetFifoThreshold.365.1f2fea0a,"e",%progbits
 5219 0000 28B52FFD 		.ascii	"(\265/\375`\327\000u\014\000v\027XD\000s\224\016sIk"
 5219      60D70075 
 5219      0C007617 
 5219      58440073 
 5219      940E7349 
 5220 0015 5035BE9A 		.ascii	"P5\276\2329P@\277?\205\243\334)\020d\270\001\0117\224"
 5220      395040BF 
 5220      3F85A3DC 
 5220      291064B8 
 5220      01093794 
 5221 0029 A60398C8 		.ascii	"\246\003\230\3104\030\226\300J\340\033\303Mioh`\034"
 5221      341896C0 
 5221      4AE01BC3 
 5221      4D696F68 
 5221      601C
 5222 003b CB608A52 		.ascii	"\313`\212R\216\224X\341s\357)\277\320\377\333\201\370"
 5222      8E9458E1 
 5222      73EF29BF 
 5222      D0FFDB81 
 5222      F8
 5223 004c 84ECBDE5 		.ascii	"\204\354\275\345N)B\000B\000C\000\3739p\006\355\322"
 5223      4E294200 
 5223      42004300 
 5223      FB397006 
 5223      EDD2
 5224 005e B60FE331 		.ascii	"\266\017\3431P\314\322l\014\254\245\341\305\216\026"
 5224      50CCD26C 
 5224      0CACA5E1 
 5224      C58E16
 5225 006d 1899DD6F 		.ascii	"\030\231\335o[p\003\3632\236\300\274T\227\263\016Y\376"
 5225      5B7003F3 
 5225      329EC0BC 
 5225      5497B30E 
 5225      59FE
 5226 007f 655C800E 		.ascii	"e\\\200\016\034-\256\025\226\326a&aw\015WXL\334z\333"
 5226      1C2DAE15 
 5226      96D66126 
 5226      61770D57 
 5226      584CDC7A 
 5227 0094 0C6C73F6 		.ascii	"\014ls\366=\001\010^/)\352\031\000\213\2053\376ZP[\370"
 5227      3D01085E 
 5227      2F29EA19 
 5227      008B8533 
 5227      FE5A505B 
 5228 00a9 71F5651B 		.ascii	"q\365e\033:;\354\237\021:Fh\215\320P\241\257i`j\304"
 5228      3A3BEC9F 
 5228      113A4668 
 5228      8DD050A1 
 5228      AF69606A 
 5229 00be 6C34F0B1 		.ascii	"l4\360\261\233bFf{\310\033.l\243\330\"\366\201 $\010"
 5229      9B624666 
ARM GAS  C:\Users\nicx5\AppData\Local\Temp\ccjkJcxQ.s 			page 218


 5229      7BC81B2E 
 5229      6CA3D822 
 5229      F6812024 
 5230 00d3 0F3BF180 		.ascii	"\017;\361\200] Bb6\337\314\250\231B\370\241\202B\301"
 5230      5D204262 
 5230      36DFCCA8 
 5230      9942F8A1 
 5230      8242C1
 5231 00e6 375335EA 		.ascii	"7S5\352]'<\365\254\335<&T\325\0009T\206x$\247Q\242\355"
 5231      5D273CF5 
 5231      ACDD3C26 
 5231      54D50039 
 5231      54867824 
 5232 00fe AE00F931 		.ascii	"\256\000\3711\022\252\021\363\022\252\346%\246\236m"
 5232      12AA11F3 
 5232      12AAE625 
 5232      A69E6D
 5233 010d 937F9DB6 		.ascii	"\223\177\235\266[\002\344\317\340Bh.\227\376\311\274"
 5233      5B02E4CF 
 5233      E042682E 
 5233      97FEC9BC 
 5234 011d BC06E6D0 		.ascii	"\274\006\346\320\351\204N\250\007\037N\202\2244\212"
 5234      E9844EA8 
 5234      071F4E82 
 5234      94348A
 5235 012c 33F2A133 		.ascii	"3\362\24131y8\245R\236O\011\210nCq\243\315ta\202\310"
 5235      317938A5 
 5235      529E4F09 
 5235      886E4371 
 5235      A3CD7461 
 5236 0142 B45A8544 		.ascii	"\264Z\205D[\307u\0201\302U\000y\245\242 *y>\030H\243"
 5236      5BC77510 
 5236      31C25500 
 5236      79A5A220 
 5236      2A793E18 
 5237 0158 5247C2A9 		.ascii	"RG\302\2516\224\"X(`\373\333\307\325W\246SE\212\272"
 5237      36942258 
 5237      2860FBDB 
 5237      C7D557A6 
 5237      53458ABA 
 5238 016c FC10003F 		.ascii	"\374\020\000?I`\341\317s\371\234x|\323\217\307\305\000"
 5238      4960E1CF 
 5238      73F99C78 
 5238      7CD38FC7 
 5238      C500
 5239 017e E8B2642E 		.ascii	"\350\262d.\007\010U\322u\372\214\035\255\331R\262\200"
 5239      070855D2 
 5239      75FA8C1D 
 5239      ADD952B2 
 5239      80
 5240 018f 7A082EFC 		.ascii	"z\010.\374\314\363j'\031"
 5240      CCF36A27 
 5240      19
 5241              		.text
 5242              		.section	.gnu.lto_HAL_QSPI_SetFlashID.366.1f2fea0a,"e",%progbits
 5243 0000 28B52FFD 		.ascii	"(\265/\375`4\003\225\027\000v\250\224L\240RR:\023{\275"
 5243      60340395 
ARM GAS  C:\Users\nicx5\AppData\Local\Temp\ccjkJcxQ.s 			page 219


 5243      170076A8 
 5243      944CA052 
 5243      523A137B 
 5244 0015 89AB0813 		.ascii	"\211\253\010\023\314\317\024\272\317\203b\3116\325\002"
 5244      CCCF14BA 
 5244      CF8362C9 
 5244      36D502
 5245 0024 0749E0DD 		.ascii	"\007I\340\335i\272\277\351\221\303\3004\254\276f7\022"
 5245      69BABFE9 
 5245      91C3C034 
 5245      ACBE6637 
 5245      12
 5246 0035 0C53E4F7 		.ascii	"\014S\344\367c\347\230m:\341]I\012\026G\304I\352\253"
 5246      63E7986D 
 5246      3AE15D49 
 5246      0A1647C4 
 5246      49EAAB
 5247 0048 75962005 		.ascii	"u\226 \005~Ma\013\275{\262O\010\331{o\231\002{\000y"
 5247      7E4D610B 
 5247      BD7BB24F 
 5247      08D97B6F 
 5247      99027B00 
 5248 005d 00820069 		.ascii	"\000\202\000i\256\326\277itVRk!}%\347'N\276rNgn\341"
 5248      AED6BF69 
 5248      7456526B 
 5248      217D25E7 
 5248      274EBE72 
 5249 0075 6CFCD22C 		.ascii	"l\374\322,e\343\333\003\312\306\377\177[\220t\240\315"
 5249      65E3DB03 
 5249      CAC6FF7F 
 5249      5B9074A0 
 5249      CD
 5250 0086 5F338418 		.ascii	"_3\204\030\256\242Pp\231\345\234\332\254U\003\273\304"
 5250      AEA25070 
 5250      99E59CDA 
 5250      AC5503BB 
 5250      C4
 5251 0097 D756E03B 		.ascii	"\327V\340;\330e\000\250)0\247\341\211\306)C\023}\257"
 5251      D86500A8 
 5251      2930A7E1 
 5251      89C62943 
 5251      137DAF
 5252 00aa 8C0A2251 		.ascii	"\214\012\"Q\265a\210\313r\304\205\022\225\341R\265\227"
 5252      B56188CB 
 5252      72C48512 
 5252      95E152B5 
 5252      97
 5253 00bb 41CEB936 		.ascii	"A\316\2716T\272g\316\271\267\272\212\0302\325j\346\344"
 5253      54BA67CE 
 5253      B9B7BA8A 
 5253      1832D56A 
 5253      E6E4
 5254 00cd 9C5F9D86 		.ascii	"\234_\235\206%\372f\377\377\371\037\374\255N\270-\315"
 5254      25FA66FF 
 5254      FFF91FFC 
 5254      AD4EB82D 
 5254      CD
ARM GAS  C:\Users\nicx5\AppData\Local\Temp\ccjkJcxQ.s 			page 220


 5255 00de 78B44A87 		.ascii	"x\264J\207\271H$\012\2205\336\300R\306\012aM>\006\022"
 5255      B948240A 
 5255      9035DEC0 
 5255      52C60A61 
 5255      4D3E0612 
 5256 00f2 4658AEC9 		.ascii	"FX\256\311\247\301j\253\3367\333\342\337\306\356Zku"
 5256      A7C16AAB 
 5256      DE37DBE2 
 5256      DFC6EE5A 
 5256      6B75
 5257 0104 0378FDD9 		.ascii	"\003x\375\331i\3374\353K\263\036\233\365\267\254\267"
 5257      69DF34EB 
 5257      4BB31E9B 
 5257      F5B7ACB7 
 5258 0114 B8BEDEFA 		.ascii	"\270\276\336\372^\241y59\356\270-\311y*i\226\215`\037"
 5258      5EA17935 
 5258      39EEB82D 
 5258      C9792A69 
 5258      968D601F 
 5259 0128 2F3AEDFE 		.ascii	"/:\355\376\223\336[Wi\021\222\353\024X\363\210l\217"
 5259      93DE5B57 
 5259      691192EB 
 5259      1458F388 
 5259      6C8F
 5260 013a 49AEA498 		.ascii	"I\256\244\230\344\234\"h|\244\263\205G\316\032\217\356"
 5260      E49C2268 
 5260      7CA4B385 
 5260      47CE1A8F 
 5260      EE
 5261 014b 4B7E62C2 		.ascii	"K~b\302B\317\306-\0019B\\Z\260v\"\253YlK\333MQ\002\222"
 5261      42CFC62D 
 5261      0139425C 
 5261      5AB07622 
 5261      AB596C4B 
 5262 0164 C9B364C7 		.ascii	"\311\263d\307\224\327b\333MRJ=\015\344\302\217_\006"
 5262      94D762DB 
 5262      4D524A3D 
 5262      0DE4C28F 
 5262      5F06
 5263 0176 D4D27E0D 		.ascii	"\324\322~\015\335\003\265\226f\314\211\025k\366\327"
 5263      DD03B596 
 5263      66CC8915 
 5263      6BF6D7
 5264 0185 B5D7510C 		.ascii	"\265\327Q\014\325\277\353.\336Mc\027\252\006\305\024"
 5264      D5BFEB2E 
 5264      DE4D6317 
 5264      AA06C514 
 5265 0195 C228612D 		.ascii	"\302(a-E\005\245\354\002\225\325\312\334\370i.\240j"
 5265      4505A5EC 
 5265      0295D5CA 
 5265      DCF8692E 
 5265      A06A
 5266 01a7 0B148D17 		.ascii	"\013\024\215\027I\326A\245\016\334Y\226\322\302\246"
 5266      49D641A5 
 5266      0EDC5996 
 5266      D2C2A6
 5267 01b6 3907ADAD 		.ascii	"9\007\255\255z7Q\331\026\302\330R=\373/\3249\210\316"
ARM GAS  C:\Users\nicx5\AppData\Local\Temp\ccjkJcxQ.s 			page 221


 5267      7A3751D9 
 5267      16C2D852 
 5267      3DFB2FD4 
 5267      3988CE
 5268 01c9 9C59DCBC 		.ascii	"\234Y\334\274qp(\262j\374F*;\350\007\243\235\021Z\356"
 5268      717028B2 
 5268      6AFC462A 
 5268      3BE807A3 
 5268      9D115AEE 
 5269 01dd 4CE8A1BB 		.ascii	"L\350\241\273!\011\3467\324\324\340\354x\011lh\016\364"
 5269      2109E637 
 5269      D4D4E0EC 
 5269      78096C68 
 5269      0EF4
 5270 01ef F0793441 		.ascii	"\360y4A\035P\017\272\241]\257w\263!2Bm<\037\217MG\341"
 5270      1D500FBA 
 5270      A15DAF77 
 5270      B3213242 
 5270      6D3C1F8F 
 5271 0206 014EF7FB 		.ascii	"\001N\367\373\341\340l\250\357\007D\220o\347\346\277"
 5271      E1E06CA8 
 5271      EF074490 
 5271      6FE7E6BF 
 5272 0216 221D9CCF 		.ascii	"\"\035\234\317\315\246B\216\307\007\025\362\025\365"
 5272      CDA6428E 
 5272      C70715F2 
 5272      15F5
 5273 0224 F8388840 		.ascii	"\3708\210@\340\177\232\373f[\274\013\321\206\021\233"
 5273      E07F9AFB 
 5273      665BBC0B 
 5273      D186119B 
 5274 0234 168A8855 		.ascii	"\026\212\210U\244\366\220>\177\332\347\010mSi\253n\200"
 5274      A4F6903E 
 5274      7FDAE708 
 5274      6D5369AB 
 5274      6E80
 5275 0246 98D5656B 		.ascii	"\230\325ek\003\313\031\342\025\211\333\3076\355\323"
 5275      03CB19E2 
 5275      1589DBC7 
 5275      36EDD3
 5276 0255 7FC5CA60 		.ascii	"\177\305\312`\036\344\024\0333mD\250a$)\035a\204\214"
 5276      1EE4141B 
 5276      336D44A8 
 5276      6124291D 
 5276      61848C
 5277 0268 1494A4A0 		.ascii	"\024\224\244\2400\325\001p\002\031\252\253\016\021\260"
 5277      30D50170 
 5277      0219AAAB 
 5277      0E11B0
 5278 0277 B9826262 		.ascii	"\271\202bb)uo\005\246\304\367\313\036\362\231\344 3"
 5278      29756F05 
 5278      A6C4F7CB 
 5278      1EF299E4 
 5278      2033
 5279 0289 8E2C6ECD 		.ascii	"\216,n\315\245\"e?\207\363tJ\254\262\252u\202\\\273"
 5279      A522653F 
 5279      87F3744A 
ARM GAS  C:\Users\nicx5\AppData\Local\Temp\ccjkJcxQ.s 			page 222


 5279      ACB2AA75 
 5279      825CBB
 5280 029c CA5DF714 		.ascii	"\312]\367\024\021\023\273K\302>!\235\325N\361\232#\203"
 5280      1113BB4B 
 5280      C23E219D 
 5280      D54EF19A 
 5280      2383
 5281 02ae 1887D050 		.ascii	"\030\207\320P\\ff\200t\247\031\370\302\230B4v\262\217"
 5281      5C666680 
 5281      74A719F8 
 5281      C2984234 
 5281      76B28F
 5282 02c1 F3045B88 		.ascii	"\363\004[\2107B\226\213\3753\325E\200\265\203d\0015"
 5282      3742968B 
 5282      FD33D545 
 5282      80B58364 
 5282      0135
 5283 02d3 19FC96B9 		.ascii	"\031\374\226\2714\224C\373\374\002\274\206Lk-\300I&"
 5283      349443FB 
 5283      FC02BC86 
 5283      4C6B2DC0 
 5283      4926
 5284 02e5 51711C39 		.ascii	"Qq\0349[\371\363\341\376\036\260\202\235\022\242\036"
 5284      5BF9F3E1 
 5284      FE1EB082 
 5284      9D12A21E 
 5285 02f5 2ED197A3 		.ascii	".\321\227\243*\271\012"
 5285      2AB90A
 5286              		.text
 5287              		.section	.gnu.lto_QSPI_DMARxCplt.367.1f2fea0a,"e",%progbits
 5288 0000 28B52FFD 		.ascii	"(\265/\375`k\001\365\016\000V[dG\360\260(\035\024)q"
 5288      606B01F5 
 5288      0E00565B 
 5288      6447F0B0 
 5288      281D1429 
 5289 0015 12269B1D 		.ascii	"\022&\233\035\251N\320\334\361\330-\315Sx^S\016\343"
 5289      A94ED0DC 
 5289      F1D82DCD 
 5289      53785E53 
 5289      0EE3
 5290 0027 26251356 		.ascii	"&%\023V\011\322\256\331:\244\256\370h\322\326\323i\027"
 5290      09D2AED9 
 5290      3AA4AEF8 
 5290      68D2D6D3 
 5290      6917
 5291 0039 FB9B883B 		.ascii	"\373\233\210;\022\353\354\262\324\371\311}D\220\007"
 5291      12EBECB2 
 5291      D4F9C97D 
 5291      449007
 5292 0048 D5438723 		.ascii	"\325C\207#L\035J\244\356M\344N)K\000M\000P\000\322\356"
 5292      4C1D4AA4 
 5292      EE4DE44E 
 5292      294B004D 
 5292      005000D2 
 5293 005d 68213DDA 		.ascii	"h!=\332G\361\024\257\313\250x\300\256\015\034n\327\326"
 5293      47F114AF 
 5293      CBA878C0 
ARM GAS  C:\Users\nicx5\AppData\Local\Temp\ccjkJcxQ.s 			page 223


 5293      AE0D1C6E 
 5293      D7D6
 5294 006f C017BC4B 		.ascii	"\300\027\274K\004/0/\273\023\230\227~\3312tq\013\013"
 5294      042F302F 
 5294      BB139897 
 5294      7ED93274 
 5294      710B0B
 5295 0082 89C90171 		.ascii	"\211\311\001q\303\263\273\237\302\374\365\370\362Os"
 5295      C3B3BB9F 
 5295      C2FCF5F8 
 5295      F24F73
 5296 0091 013316D8 		.ascii	"\0013\026\330#\200\010\273\3538ci\271\365\266\023\330"
 5296      238008BB 
 5296      EB386369 
 5296      B9F5B613 
 5296      D8
 5297 00a2 76D9B709 		.ascii	"v\331\267\011\227S?Z-\2462?\330)\221\333\330c\033,*"
 5297      97533F5A 
 5297      2DA6323F 
 5297      D82991DB 
 5297      D8631B2C 
 5298 00b7 09BF5BA5 		.ascii	"\011\277[\245\331\257\335\3632\277\354\242\265\213\216"
 5298      D9AFDDF3 
 5298      32BFECA2 
 5298      B58B8E
 5299 00c6 1AFDCFE7 		.ascii	"\032\375\317\347E\315\255\305\002\234]\227\036\236\325"
 5299      45CDADC5 
 5299      029C5D97 
 5299      1E9ED5
 5300 00d5 9139265E 		.ascii	"\2219&^\373\355\237\306\001:\\Hv-%\356\210\325\334\215"
 5300      FBED9FC6 
 5300      013A5C48 
 5300      762D25EE 
 5300      88D5DC8D 
 5301 00e9 18173376 		.ascii	"\030\0273vm\014.\035z\0174\274\335+\230QU\277\362AF"
 5301      6D0C2E1D 
 5301      7A0F34BC 
 5301      DD2B9851 
 5301      55BFF241 
 5302 00fe F21B161E 		.ascii	"\362\033\026\0362x(\3632\352\247vS\231m\325W\240x\327"
 5302      327828F3 
 5302      32EAA776 
 5302      53996DD5 
 5302      57A078D7 
 5303 0112 CF4C6E5F 		.ascii	"\317Ln_2\355\325U\260\274]\021\"\337\006l\031H\231\227"
 5303      32EDD555 
 5303      B0BC5D11 
 5303      22DF066C 
 5303      19489997 
 5304 0126 A0971AB7 		.ascii	"\240\227\032\267\023SgB\304b\217\355\3607\307\360vW"
 5304      13536742 
 5304      C4628FED 
 5304      F037C7F0 
 5304      7657
 5305 0138 E4D79C6C 		.ascii	"\344\327\234l\350\360\002s\351\253\314*\223\260\225"
 5305      E8F00273 
 5305      E9ABCC2A 
ARM GAS  C:\Users\nicx5\AppData\Local\Temp\ccjkJcxQ.s 			page 224


 5305      93B095
 5306 0147 921EF1F0 		.ascii	"\222\036\361\360\0009\241\034\204@\007N\253\221UJ\032"
 5306      0039A11C 
 5306      8440074E 
 5306      AB91554A 
 5306      1A
 5307 0158 05529984 		.ascii	"\005R\231\204-\223\206S*\365\021Z\235\204\037\012\024"
 5307      2D938653 
 5307      2AF5115A 
 5307      9D841F0A 
 5307      14
 5308 0169 F94C1524 		.ascii	"\371L\025$\214L.\027\310\350\013A\022\016*p\202\310"
 5308      8C4C2E17 
 5308      C8E80B41 
 5308      120E2A70 
 5308      82C8
 5309 017b 2E56C8A8 		.ascii	".V\310\250\364\021\262@\022)\205% \013C\011\002\005"
 5309      F411B240 
 5309      12298525 
 5309      200B4309 
 5309      0205
 5310 018d 0EDBB67D 		.ascii	"\016\333\266}\267J3\307\016\014\235\230\256X\025g\026"
 5310      B74A33C7 
 5310      0E0C9D98 
 5310      AE581567 
 5310      16
 5311 019e 1D007E52 		.ascii	"\035\000~R\340\311fN\224\276ir~\333p;\301\222\251\021"
 5311      E0C9664E 
 5311      94BE6972 
 5311      7EDB703B 
 5311      C192A911 
 5312 01b2 644131AD 		.ascii	"dA1\255L%m\243\212GX\241\241\006kO\015\0065;9\322\011"
 5312      4C256DA3 
 5312      8A4758A1 
 5312      A1066B4F 
 5312      0D06353B 
 5313 01c9 82BD5E6D 		.ascii	"\202\275^m\204&\200\020\\\0371(\233\220[\263\307h\001"
 5313      84268010 
 5313      5C1F3128 
 5313      9B905BB3 
 5313      C76801
 5314 01dc C1708F48 		.ascii	"\301p\217H\212L\270\313\213v\222\001"
 5314      8A4CB8CB 
 5314      8B769201 
 5315              		.text
 5316              		.section	.gnu.lto_QSPI_DMATxCplt.368.1f2fea0a,"e",%progbits
 5317 0000 28B52FFD 		.ascii	"(\265/\375`k\001\375\016\000V\233dG\340\222*\035\350"
 5317      606B01FD 
 5317      0E00569B 
 5317      6447E092 
 5317      2A1DE8
 5318 0013 3A2A6924 		.ascii	":*i$\340\300\021\304\207\212Q\230Mk\235l\244/\362\371"
 5318      E0C011C4 
 5318      878A5198 
 5318      4D6B9D6C 
 5318      A42FF2F9 
 5319 0027 10535638 		.ascii	"\020SV8\244\370\330\243\373f\370\372\032\001[I\367["
ARM GAS  C:\Users\nicx5\AppData\Local\Temp\ccjkJcxQ.s 			page 225


 5319      A4F8D8A3 
 5319      FB66F8FA 
 5319      1A015B49 
 5319      F75B
 5320 0039 28316DCF 		.ascii	"(1m\317\323.\032x\200\016\311\350\022\277qh\212!'Y\304"
 5320      D32E1A78 
 5320      800EC9E8 
 5320      12BF7168 
 5320      8A212759 
 5321 004e 257A6F22 		.ascii	"%zo\"wJ\001K\000M\000Q\000\322\366\324 =\332W\361\025"
 5321      774A014B 
 5321      004D0051 
 5321      00D2F6D4 
 5321      203DDA57 
 5322 0064 B0CFB458 		.ascii	"\260\317\264X\300n\217\\n\367\246\300\024\276K\003\367"
 5322      C06E8F5C 
 5322      6EF7A6C0 
 5322      14BE4B03 
 5322      F7
 5323 0075 CC4BEF03 		.ascii	"\314K\357\003\346\245a\366\015\335\334\306HN\374\360"
 5323      E6A561F6 
 5323      0DDDDCC6 
 5323      484EFCF0 
 5324 0085 6093B3BB 		.ascii	"`\223\263\273\240\312\034\366\010\363O\363\000\264\227"
 5324      A0CA1CF6 
 5324      08F34FF3 
 5324      00B497
 5325 0094 D8238883 		.ascii	"\330#\210\203\335u\244\275\300\334z\333\007l\277\354"
 5325      DD75A4BD 
 5325      C0DC7ADB 
 5325      076CBFEC 
 5326 00a4 D7049753 		.ascii	"\327\004\227S\301\232M\24633\300\031\241\333\270\363"
 5326      C19A4DA6 
 5326      3333C019 
 5326      A1DBB8F3 
 5327 00b4 2D169584 		.ascii	"-\026\225\204\357\255\326\354\333\356\371\231_z\321"
 5327      EFADD6EC 
 5327      DBEEF999 
 5327      5F7AD1
 5328 00c3 EA45478D 		.ascii	"\352EG\215~\247C#\007.\006\210\303\356\207]\316\336"
 5328      7EA74323 
 5328      072E0688 
 5328      C3EE875D 
 5328      CEDE
 5329 00d5 C819256E 		.ascii	"\310\031%n\373\355\237\306\000<<H\266\215%\256\210U"
 5329      FBED9FC6 
 5329      003C3C48 
 5329      B68D25AE 
 5329      8855
 5330 00e7 9D0F1430 		.ascii	"\235\017\02408vo\011.\035~\017:\276\335#\230QU\357\322"
 5330      38766F09 
 5330      2E1D7E0F 
 5330      3ABEDD23 
 5330      985155EF 
 5331 00fc 6176721B 		.ascii	"avr\033\030\033,|+\3632j\307\206\323\231m\325_\254|"
 5331      181B2C7C 
 5331      2BF3326A 
ARM GAS  C:\Users\nicx5\AppData\Local\Temp\ccjkJcxQ.s 			page 226


 5331      C786D399 
 5331      6DD55FAC 
 5332 0111 D78E09DD 		.ascii	"\327\216\011\335\036e\332\253\273`}\273!D~\215\253E"
 5332      1E65DAAB 
 5332      BB607DBB 
 5332      21447E8D 
 5332      AB45
 5333 0123 80655E7E 		.ascii	"\200e^~bv\340jSY\200\220\305\235\355\3608\333\370vW"
 5333      6276E06A 
 5333      53598090 
 5333      C59DEDF0 
 5333      38DBF876 
 5334 0138 E4B750C1 		.ascii	"\344\267P\301\240!F\346\322o\231\001\252\224\260\225"
 5334      A02146E6 
 5334      D26F9901 
 5334      AA94B095 
 5335 0148 92361111 		.ascii	"\2226\021\021\0319\241\026\204>\005N+\223UJ\032\365"
 5335      1939A116 
 5335      843E054E 
 5335      2B93554A 
 5335      1AF5
 5336 015a 51A5842D 		.ascii	"Q\245\204-\323\205S*\005\012\255TB\020\345*\001M\022"
 5336      D385532A 
 5336      050AAD54 
 5336      4210E52A 
 5336      014D12
 5337 016d 1E8C4CAF 		.ascii	"\036\214L\257\327\310\010\014]'\031T.\010\"\277X$\243"
 5337      D7C8080C 
 5337      5D271954 
 5337      2E0822BF 
 5337      5824A3
 5338 0180 12283481 		.ascii	"\022(4\201TR\012Q\\\254\012\245\006\021Bl\337\366\336"
 5338      54520A51 
 5338      5CAC0AA5 
 5338      0611426C 
 5338      DFF6DE
 5339 0193 6ACD2138 		.ascii	"j\315!8)nd\352bU\031\264\035\000~R\340\311fN\224\276"
 5339      296E64EA 
 5339      625519B4 
 5339      1D007E52 
 5339      E0C9664E 
 5340 01a9 69727EDB 		.ascii	"ir~\333p;\301\222\251\021dA1\255L%m\243\212GX\241\241"
 5340      703BC192 
 5340      A9116441 
 5340      31AD4C25 
 5340      6DA38A47 
 5341 01c0 066B4F0D 		.ascii	"\006kO\015\0065;9\322\011\202\275^m\204&\200\020\\\037"
 5341      06353B39 
 5341      D20982BD 
 5341      5E6D8426 
 5341      80105C1F 
 5342 01d4 31289B90 		.ascii	"1(\233\220[\263\307h\001\301p\217H\212L\270\313\213"
 5342      5BB3C768 
 5342      01C1708F 
 5342      488A4CB8 
 5342      CB8B
 5343 01e6 769201   		.ascii	"v\222\001"
ARM GAS  C:\Users\nicx5\AppData\Local\Temp\ccjkJcxQ.s 			page 227


 5344              		.text
 5345              		.section	.gnu.lto_QSPI_DMAError.369.1f2fea0a,"e",%progbits
 5346 0000 28B52FFD 		.ascii	"(\265/\375`\025\002u\021\000f\337qI\320\322(\035\324"
 5346      60150275 
 5346      110066DF 
 5346      7149D0D2 
 5346      281DD4
 5347 0013 C990B3DA 		.ascii	"\311\220\263\332\240\222\030\234z*T\314\332\330\300"
 5347      A092189C 
 5347      7A2A54CC 
 5347      DAD8C0
 5348 0022 C2E46864 		.ascii	"\302\344hd\020\233]\203\215\353U\313\223\332\246\201"
 5348      109B5D83 
 5348      8DEB55CB 
 5348      93DAA681 
 5349 0032 F62B9C6A 		.ascii	"\366+\234jv\230u\354\325\020\3064\3503\017\006\220\016"
 5349      769875EC 
 5349      D510C634 
 5349      E8330F06 
 5349      900E
 5350 0044 8E116049 		.ascii	"\216\021`I4\224\277q\300\244\253R&\210l\"wJ\001W\000"
 5350      3494BF71 
 5350      C0A4AB52 
 5350      26886C22 
 5350      774A0157 
 5351 0059 57005F00 		.ascii	"W\000_\000Z\024\204G\344\261\253C\360\351\020\374\264"
 5351      5A148447 
 5351      E4B1AB43 
 5351      F0E910FC 
 5351      B4
 5352 006a 4B3AD6A5 		.ascii	"K:\326\245\375\236\247\250\335\247\306#\273@D\241]]"
 5352      FD9EA7A8 
 5352      DDA7C623 
 5352      BB4044A1 
 5352      5D5D
 5353 007c 024F003F 		.ascii	"\002O\000?\015\274\364}z'\360}\272f\353\320\025Z\233"
 5353      0DBCF47D 
 5353      7A27F07D 
 5353      BA66EBD0 
 5353      155A9B
 5354 008f 149E1E10 		.ascii	"\024\236\036\0200\216v\367\244;\257]\326\374\003}\000"
 5354      308E76F7 
 5354      A43BAF5D 
 5354      D6FC037D 
 5354      00
 5355 00a0 0EC7E652 		.ascii	"\016\307\346R\244\301\356Z\342p<\334z\333\007l\323l"
 5355      A4C1EE5A 
 5355      E2703CDC 
 5355      7ADB076C 
 5355      D36C
 5356 00b2 F912E177 		.ascii	"\371\022\341w\316\001\356n\312W\021\223a\203\316\316"
 5356      CE01EE6E 
 5356      CA571193 
 5356      6183CECE 
 5357 00c2 A75FF37D 		.ascii	"\247_\363}\202z\312\2116\275y\301\216!E+G\353l\244\232"
 5357      827ACA89 
 5357      36BD79C1 
ARM GAS  C:\Users\nicx5\AppData\Local\Temp\ccjkJcxQ.s 			page 228


 5357      8E21452B 
 5357      47EB6CA4 
 5358 00d7 F0BDD59C 		.ascii	"\360\275\325\234}\361\006\357\363\213\250\364Ti\317"
 5358      7DF106EF 
 5358      F38BA8F4 
 5358      5469CF
 5359 00e6 93569596 		.ascii	"\223V\225\226*\375\000\244\0326vA\252\030\273\"\306"
 5359      2AFD00A4 
 5359      1A367641 
 5359      AA18BB22 
 5359      C6
 5360 00f7 A3259A43 		.ascii	"\243%\232C(.\376\366\017d\000\245 \226-\322\310%\261"
 5360      282EFEF6 
 5360      0F6400A5 
 5360      20962DD2 
 5360      C825B1
 5361 010a 01536908 		.ascii	"\001Si\010\030\307Q\310M>O\247\376&\304\315\365\241"
 5361      18C751C8 
 5361      4D3E4FA7 
 5361      FE26C4CD 
 5361      F5A1
 5362 011c 19B41738 		.ascii	"\031\264\0278\243$q\327r\0313\252$\321\366#5\3508\037"
 5362      A32471D7 
 5362      721933AA 
 5362      24D1F623 
 5362      35E8381F 
 5363 0130 DE4DBEAB 		.ascii	"\336M\276\253\324y\343\346\303Mo\266-\374\005x-\311"
 5363      D479E3E6 
 5363      C34D6FB6 
 5363      2DFC0578 
 5363      2DC9
 5364 0142 8927DEE2 		.ascii	"\211'\336\342v\354.rE{\227\317\226\235\005\014\270;"
 5364      76EC2E72 
 5364      457B97CF 
 5364      969D050C 
 5364      B83B
 5365 0154 22E5AF78 		.ascii	"\"\345\257x\221)\241\371>M:?vF%@\375\311\261\311\321"
 5365      9129A1F9 
 5365      3E4D3A3F 
 5365      76462540 
 5365      FDC9B1C9 
 5366 0169 76B19850 		.ascii	"v\261\230P\0066\315rr\242r\275\024\240L\005\\2\026\031"
 5366      0636CD72 
 5366      72A272BD 
 5366      14A04C05 
 5366      5C321619 
 5367 017d 6CFA658A 		.ascii	"l\372e\212\305\2042\255\013.\030\014\005%\303\020\236"
 5367      C58432AD 
 5367      0B2E180C 
 5367      0525C310 
 5367      9E
 5368 018e 5E339553 		.ascii	"^3\225S+\202\203U\213FS\255N\341\254ECl\366 e\032L\312"
 5368      2B828355 
 5368      8B4653AD 
 5368      4EE1AC45 
 5368      436CF620 
 5369 01a6 6A050525 		.ascii	"j\005\005%\201\245\262\022\272\314`(\2540\200@b[\267"
ARM GAS  C:\Users\nicx5\AppData\Local\Temp\ccjkJcxQ.s 			page 229


 5369      81A5B212 
 5369      BACC6028 
 5369      AC308040 
 5369      625BB7
 5370 01b9 F7567326 		.ascii	"\367Vs&1\352Ad\323\033\217HP\355\012-y\234[r8h\007{"
 5370      31EA4164 
 5370      D31B8F48 
 5370      50ED0A2D 
 5370      799C5B72 
 5371 01d1 46380229 		.ascii	"F8\002) P\202!ty\003>\024\370l&\242\364E\223\304\334"
 5371      20508221 
 5371      7479033E 
 5371      14F86C26 
 5371      A2F44593 
 5372 01e7 265BB940 		.ascii	"&[\271@i\004R\347\000\303\344J\212\2615!.\325U.H\307"
 5372      690452E7 
 5372      00C3E44A 
 5372      8AB13521 
 5372      2ED5552E 
 5373 01fd 117C0B74 		.ascii	"\021|\013t\226\2720\257\327\246,\001\215\337\214\337"
 5373      96BA30AF 
 5373      D7A62C01 
 5373      8DDF8CDF 
 5374 020d F172741A 		.ascii	"\361rt\0322\3606\036|\325\016[\265!80\277\345\031\006"
 5374      32F0361E 
 5374      7CD50E5B 
 5374      B5213830 
 5374      BFE51906 
 5375 0221 6E5CC13B 		.ascii	"n\\\301;h\223\225+\356un\020T;\"\33131\222\027W \003"
 5375      6893952B 
 5375      EE756E10 
 5375      543B22D9 
 5375      33319217 
 5376              		.text
 5377              		.section	.gnu.lto_QSPI_DMAAbortCplt.370.1f2fea0a,"e",%progbits
 5378 0000 28B52FFD 		.ascii	"(\265/\375`\371\002\335\024\000\226$\204J\240\024R:"
 5378      60F902DD 
 5378      14009624 
 5378      844AA014 
 5378      523A
 5379 0012 1087319E 		.ascii	"\020\2071\236\254@i\356\214;\300\012{|\261\366\263\010"
 5379      AC4069EE 
 5379      8C3BC00A 
 5379      7B7CB1F6 
 5379      B308
 5380 0024 AC89B8B2 		.ascii	"\254\211\270\262\021\032\234O\306dC\256\032j\230\251"
 5380      111A9C4F 
 5380      C66443AE 
 5380      1A6A98A9 
 5381 0034 D6EF997E 		.ascii	"\326\357\231~\026\3253\332\013G\357\036\374E\001TH\223"
 5381      16D533DA 
 5381      0B47EF1E 
 5381      FC450154 
 5381      4893
 5382 0046 B53D0E2F 		.ascii	"\265=\016/\015\007\250\003^\262\027Y\311#\233\354\235"
 5382      0D07A803 
 5382      5EB21759 
ARM GAS  C:\Users\nicx5\AppData\Local\Temp\ccjkJcxQ.s 			page 230


 5382      C9239BEC 
 5382      9D
 5383 0057 52690067 		.ascii	"Ri\000g\000q\000\326\225\257\266\211Q\354\323>\323]"
 5383      007100D6 
 5383      95AFB689 
 5383      51ECD33E 
 5383      D35D
 5384 0069 F0DEE463 		.ascii	"\360\336\344c\222]-\251\250]!\003[(_OnB\276\216'@\276"
 5384      925D2DA9 
 5384      A85D2103 
 5384      5B285F4F 
 5384      6E42BE8E 
 5385 0080 9A675BD1 		.ascii	"\232g[\321\215\332\237\030&\023F5\262v\027F\227\316"
 5385      8DDA9F18 
 5385      26134635 
 5385      B2761746 
 5385      97CE
 5386 0092 7B1DE9E4 		.ascii	"{\035\351\344\371\177\372\200\236\357\347\265\350\343"
 5386      F97FFA80 
 5386      9EEFE7B5 
 5386      E8E3
 5387 00a0 CB57743A 		.ascii	"\313Wt:*\370\035i\011\360\011\215'?\246\210\376\364"
 5387      2AF81D69 
 5387      09F0098D 
 5387      273FA688 
 5387      FEF4
 5388 00b2 29C21734 		.ascii	")\302\0274'\000\010\273\353\331\363\221\270\311\333"
 5388      270008BB 
 5388      EBD9F391 
 5388      B8C9DB
 5389 00c1 BE607B67 		.ascii	"\276`{gS\224\263h{\347C\023)w\367\305\177\201\243\013"
 5389      5394B368 
 5389      7BE74313 
 5389      2977F7C5 
 5389      7F81A30B 
 5390 00d5 91B4F4EA 		.ascii	"\221\264\364\352\373\220\257/\012\003\006\201h\220\035"
 5390      FB90AF2F 
 5390      0A030681 
 5390      68901D
 5391 00e4 105950ED 		.ascii	"\020YP\355,Z\3703\251\222?.\005\332\017\336\2577\375"
 5391      2C5AF833 
 5391      A9923F2E 
 5391      05DA0FDE 
 5391      AF37FD
 5392 00f7 AE3A4DD6 		.ascii	"\256:M\326\351Z\247\307:M\307\351I\247O\342\262\352"
 5392      E95AA7C7 
 5392      3A4DC7E9 
 5392      49A74FE2 
 5392      B2EA
 5393 0109 31BC8132 		.ascii	"1\274\2012b\367\250\230\265SU\207\212\007\177\373\177"
 5393      62F7A898 
 5393      B5535587 
 5393      8A077FFB 
 5393      7F
 5394 011a 7200935F 		.ascii	"r\000\223_\314\016\366\314\375-\245\332b:QdW\270\340"
 5394      CC0EF6CC 
 5394      FD2DA5DA 
ARM GAS  C:\Users\nicx5\AppData\Local\Temp\ccjkJcxQ.s 			page 231


 5394      623A5164 
 5394      57B8E0
 5395 012d 35395E29 		.ascii	"59^)\311\243\256\030\251T\317H\271\373\024\222\322\221"
 5395      C9A3AE18 
 5395      A954CF48 
 5395      B9FB1492 
 5395      D291
 5396 013f 9EA84490 		.ascii	"\236\250D\220\206\357\240\324\025\034\257~\363)\244"
 5396      86EFA0D4 
 5396      151CAF7E 
 5396      F329A4
 5397 014e BDE15138 		.ascii	"\275\341Q8@\310J\036\362\265\264g\267\3013\251k$f\315"
 5397      40C84A1E 
 5397      F2B5B467 
 5397      B7C133A9 
 5397      6B2466CD 
 5398 0162 A120DB82 		.ascii	"\241 \333\202R%\227\257\221\247*0\252\204\346\021\333"
 5398      522597AF 
 5398      91A72A30 
 5398      AA84E611 
 5398      DB
 5399 0173 B4D3A895 		.ascii	"\264\323\250\225\247\010\200\301\252\317\270\315\341"
 5399      A70880C1 
 5399      AACFB8CD 
 5399      E1
 5400 0180 5042A8F6 		.ascii	"PB\250\3667\322\276\271\014\\\271\213\364\342\307\350"
 5400      37D2BEB9 
 5400      0C5CB98B 
 5400      F4E2C7E8 
 5401 0190 9063A087 		.ascii	"\220c\240\207|]I\"\016\235^\324\011\005P7\035\335\216"
 5401      7C5D4922 
 5401      0E9D5ED4 
 5401      09055037 
 5401      1DDD8E
 5402 01a3 ADDA8685 		.ascii	"\255\332\206\205\005fFk\340\262\222`\206\263\301\331"
 5402      0566466B 
 5402      E0B29260 
 5402      86B3C1D9 
 5403 01b3 AA692B37 		.ascii	"\252i+7\035\335\216\014gf\263\265\270\340<\350`\264"
 5403      1DDD8E0C 
 5403      6766B3B5 
 5403      B8E03CE8 
 5403      60B4
 5404 01c5 DC0C4C46 		.ascii	"\334\014LF!\202\214l\267\203\221\201\351r\265\017\267"
 5404      21828C6C 
 5404      B7839181 
 5404      E972B50F 
 5404      B7
 5405 01d6 9C8417EF 		.ascii	"\234\204\027\357rbdjZ\\*\304fjt7\271\034\232\232\007"
 5405      7262646A 
 5405      5A5C2AC4 
 5405      666A7437 
 5405      B91C9A9A 
 5406 01eb 134A6C0B 		.ascii	"\023Jl\013\367\343R\240K\260RL\001Q\242Z`\276\250\215"
 5406      F7E352A0 
 5406      4BB0524C 
 5406      0151A25A 
ARM GAS  C:\Users\nicx5\AppData\Local\Temp\ccjkJcxQ.s 			page 232


 5406      60BEA88D 
 5407 01ff 8166BEE7 		.ascii	"\201f\276\347\023!:\344\030\026\3223\220@j\007T\222"
 5407      13213AE4 
 5407      1816D233 
 5407      90406A07 
 5407      5492
 5408 0211 88C3AB21 		.ascii	"\210\303\253!\337B*B\215\244\217\007: p\002\221\261"
 5408      DF422A42 
 5408      8DA48F07 
 5408      3A207002 
 5408      91B1
 5409 0223 340FFE29 		.ascii	"4\017\376)\360\263\231\217\322\367\232\350\310:\276"
 5409      F0B3998F 
 5409      D2F79AE8 
 5409      C83ABE
 5410 0232 BDB648CA 		.ascii	"\275\266H\312Xl\227p\321]a\333l1\010\221\005\014*\011"
 5410      586C9770 
 5410      D15D61DB 
 5410      6C310891 
 5410      050C2A09 
 5411 0246 DDD1326D 		.ascii	"\335\3212m\033\312\011\351:\027\233\347\332\324\312"
 5411      1BCA09E9 
 5411      3A179BE7 
 5411      DAD4CA
 5412 0255 B701C80B 		.ascii	"\267\001\310\013#\0155\371\032\357$\217\301=D\023Rl"
 5412      230D35F9 
 5412      1AEF248F 
 5412      C13D4413 
 5412      526C
 5413 0267 690AAEB6 		.ascii	"i\012\256\266X\000A\016\2121\216\304\241\300\317}\271"
 5413      5800410E 
 5413      8A318EC4 
 5413      A1C0CF7D 
 5413      B9
 5414 0278 B33A0CC4 		.ascii	"\263:\014\304\025O\276\352\303\326l\010\034\230\177"
 5414      154FBEEA 
 5414      C3D66C08 
 5414      1C987F
 5415 0287 F9C68048 		.ascii	"\371\306\200H+\221\300\320[\310\315\354\0170 \330{D"
 5415      2B91C0D0 
 5415      5BC8CDEC 
 5415      0F3020D8 
 5415      7B44
 5416 0299 3264801E 		.ascii	"2d\200\036\3517\371TW\243\245{"
 5416      E937F954 
 5416      57A3A57B 
 5417              		.text
 5418              		.section	.gnu.lto_QSPI_WaitFlagStateUntilTimeout.371.1f2fea0a,"e",%progbits
 5419 0000 28B52FFD 		.ascii	"(\265/\375`\251\003\275\032\000V\261\257I\240\326Q:"
 5419      60A903BD 
 5419      1A0056B1 
 5419      AF49A0D6 
 5419      513A
 5420 0012 012C539D 		.ascii	"\001,S\235[\343H\373\314I\202\001.\033\277~A\207/\276"
 5420      5BE348FB 
 5420      CC498201 
 5420      2E1BBF7E 
ARM GAS  C:\Users\nicx5\AppData\Local\Temp\ccjkJcxQ.s 			page 233


 5420      41872FBE 
 5421 0026 BB69C123 		.ascii	"\273i\301#<\377\370t4^<\303O\"\317\2774\023\246\207"
 5421      3CFFF874 
 5421      345E3CC3 
 5421      4F22CFBF 
 5421      3413A687 
 5422 003a 7598F1EC 		.ascii	"u\230\361\354\241\270&=:/\277\214\353\203\267\340U\362"
 5422      A1B8263D 
 5422      3A2FBF8C 
 5422      EB83B7E0 
 5422      55F2
 5423 004c 549A1B37 		.ascii	"T\232\0337F\010!\233H\231d\233\000\224\000\233\000\314"
 5423      4608219B 
 5423      4899649B 
 5423      0094009B 
 5423      00CC
 5424 005e CFDA5BFD 		.ascii	"\317\332[\375*\351X-F\0045\312\311\212\253\326\240\202"
 5424      2AE9582D 
 5424      460435CA 
 5424      C98AABD6 
 5424      A082
 5425 0070 E5609E22 		.ascii	"\345`\236\"\270\000\362t|\000\362\264\247A\322*u\345"
 5425      B800F274 
 5425      7C00F2B4 
 5425      A741D22A 
 5425      75E5
 5426 0082 AADA75B8 		.ascii	"\252\332u\270\302\272\001\005\254\326\340N\023Ys\313"
 5426      C2BA0105 
 5426      ACD6E04E 
 5426      135973CB 
 5427 0092 56FA6996 		.ascii	"V\372i\2264$\035c\315J\373\027?O\224\302\261c\023\010"
 5427      34241D63 
 5427      CD4AFB17 
 5427      3F4F94C2 
 5427      B1631308 
 5428 00a6 8DA99704 		.ascii	"\215\251\227\004N\203\343\344\211R9b='\246c\004/\033"
 5428      4E83E3E4 
 5428      89523962 
 5428      3D27A663 
 5428      042F1B
 5429 00b9 5137BDA6 		.ascii	"Q7\275\246\221\207x\031\363\3419F\317\211\307/M=6B\310"
 5429      91877819 
 5429      F3E13946 
 5429      CF89C72F 
 5429      4D3D3642 
 5430 00ce AAF29D28 		.ascii	"\252\362\235(\245cl!\223*\261\036\023\367\207\277\214"
 5430      A5636C21 
 5430      932AB11E 
 5430      13F787BF 
 5430      8C
 5431 00df 1A598440 		.ascii	"\032Y\204@\365n\234\313\011\265\326e\250\036\215o\315"
 5431      F56E9CCB 
 5431      09B5D665 
 5431      A81E8D6F 
 5431      CD
 5432 00f0 77976B77 		.ascii	"w\227kw\243v[B\305b\261x$\022\247/\324\372\302\304a"
 5432      A3765B42 
ARM GAS  C:\Users\nicx5\AppData\Local\Temp\ccjkJcxQ.s 			page 234


 5432      C562B178 
 5432      2412A72F 
 5432      D4FAC2C4 
 5433 0105 3BFB3A42 		.ascii	";\373:B\354.`\204O\272\177\303o\000R\271\270\301\027"
 5433      EC2E6084 
 5433      4FBA7FC3 
 5433      6F0052B9 
 5433      B8C117
 5434 0118 DCBFFD01 		.ascii	"\334\277\375\001\030>\220l\373vO^\331\205\177\316\267"
 5434      183E906C 
 5434      FB764F5E 
 5434      D9857FCE 
 5434      B7
 5435 0129 7E9C07FF 		.ascii	"~\234\007\377\233\003\177\233c\3755\313{\232\274\246"
 5435      9B037F9B 
 5435      63FD35CB 
 5435      7B9ABCA6 
 5436 0139 C95B96BC 		.ascii	"\311[\226\274$\345\245\224w$y\233\3622\345\375\200\023"
 5436      24E5A594 
 5436      7724799B 
 5436      F232E5FD 
 5436      8013
 5437 014b CC8930CA 		.ascii	"\314\2110\312\203\031\265\366(\202\325-\264\313\310"
 5437      8319B5F6 
 5437      2882D52D 
 5437      B4CBC8
 5438 015a EE7EF74B 		.ascii	"\356~\367K\222vc\273\2623\303-\036\325\237\302h\011"
 5438      927663BB 
 5438      B233C32D 
 5438      1ED59FC2 
 5438      6809
 5439 016c ADB8E032 		.ascii	"\255\270\3402\033\371J\036d\361`\335\241C\274\002\212"
 5439      1BF94A1E 
 5439      64F160DD 
 5439      A143BC02 
 5439      8A
 5440 017d D179CD9A 		.ascii	"\321y\315\232\237\004\210d\006g\236\312\230\314\002"
 5440      9F048864 
 5440      06679ECA 
 5440      98CC02
 5441 018c 5D3A10B8 		.ascii	"]:\020\270>\201\302\336\355n\210s\341\314Z\353\317^"
 5441      3E81C2DE 
 5441      ED6E8873 
 5441      E1CC5AEB 
 5441      CF5E
 5442 019e 0A091126 		.ascii	"\012\011\021&\221\323}\013\362\264\333\200\017\270\324"
 5442      91D37D0B 
 5442      F2B4DB80 
 5442      0FB8D4
 5443 01ad BB8D6D7D 		.ascii	"\273\215m}\015!V.\376c\255\265\232?D,\277R\347\212\025"
 5443      0D21562E 
 5443      FE63ADB5 
 5443      9A3F442C 
 5443      BF52E78A 
 5444 01c2 199AF671 		.ascii	"\031\232\366qM\357\322j|(Y\217\335\264897,\370\211W"
 5444      4DEFD26A 
 5444      7C28598F 
ARM GAS  C:\Users\nicx5\AppData\Local\Temp\ccjkJcxQ.s 			page 235


 5444      DDB43839 
 5444      372CF889 
 5445 01d7 6D7A8916 		.ascii	"mz\211\026\211\237x\301Z+\017s\361e\272T\262\177Kvi"
 5445      899F78C1 
 5445      5A2B0F73 
 5445      F165BA54 
 5445      B27F4B76 
 5446 01ec 7961E2B0 		.ascii	"ya\342\260\002S\232P\321\376\3414\367\237hi\311\351"
 5446      02539A50 
 5446      D1FEE134 
 5446      F79F6869 
 5446      C9E9
 5447 01fe 37778222 		.ascii	"7w\202\"NT\273\336m\015\357\332\214\370P\357\024>v\335"
 5447      4E54BBDE 
 5447      6D0DEFDA 
 5447      8CF850EF 
 5447      143E76DD 
 5448 0212 B4B9AF2C 		.ascii	"\264\271\257,\003Qx\220\031\373\367\267\023\036A\252"
 5448      03517890 
 5448      19FBF7B7 
 5448      131E41AA 
 5449 0222 C4DAB700 		.ascii	"\304\332\267\000\0029\025GD'l\2632w\243\345pF5\333\354"
 5449      02391547 
 5449      44276CB3 
 5449      3277A3E5 
 5449      704635DB 
 5450 0237 24CAD172 		.ascii	"$\312\321rA\264\004\315D\206qG\360\3608\240\325\030"
 5450      41B404CD 
 5450      44867147 
 5450      F0F038A0 
 5450      D518
 5451 0249 F82C3850 		.ascii	"\370,8PD\267\266\300\206\002\227b\310\004\255\250\250"
 5451      44B7B6C0 
 5451      86029762 
 5451      C804ADA8 
 5451      A8
 5452 025a C7E7440E 		.ascii	"\307\347D\016\267S\273\005\355\014i\240\0004\244\323"
 5452      B753BB05 
 5452      ED0C69A0 
 5452      0034A4D3 
 5453 026a 3900DAC1 		.ascii	"9\000\332\301\335\210V\330n\027~VwT\001H\250\307g\303"
 5453      DD8856D8 
 5453      6E177E56 
 5453      77540148 
 5453      A8C767C3 
 5454 027e 2C480867 		.ascii	",H\010gt;\372 \364\000\203lw\203\365\355\333\017\317"
 5454      743BFA20 
 5454      F400836C 
 5454      7783F5ED 
 5454      DB0FCF
 5455 0291 39841067 		.ascii	"9\204\020g\230{%rIY\237\035\265\273g\357\204\245\346"
 5455      987B2572 
 5455      49599F1D 
 5455      B5BB67EF 
 5455      84A5E6
 5456 02a4 559DFDEB 		.ascii	"U\235\375\353\262-|\271i\263cC\262\313>/\354MN\233\354"
 5456      B22D7CB9 
ARM GAS  C:\Users\nicx5\AppData\Local\Temp\ccjkJcxQ.s 			page 236


 5456      69B36343 
 5456      B2CB3E2F 
 5456      EC4D4E9B 
 5457 02b9 F3BC6C7A 		.ascii	"\363\274lzl\332\347M\355<\234\312\007\263\326\037?\373"
 5457      6CDAE74D 
 5457      ED3C9CCA 
 5457      07B3D61F 
 5457      3FFB
 5458 02cb 44A86128 		.ascii	"D\250a(\305\220B\012\021\022\221\011d\302Pp8\300\002"
 5458      C590420A 
 5458      11129109 
 5458      64C25070 
 5458      38C002
 5459 02de 91AADB06 		.ascii	"\221\252\333\006\021\200Ae&\326\332\001/\012\344:\003"
 5459      11804165 
 5459      26D6DA01 
 5459      2F0AE43A 
 5459      03
 5460 02ef 3221DC81 		.ascii	"2!\334\201T\253\021\366\336DL\350\214\\Mw\235\343F]"
 5460      54AB11F6 
 5460      DE444CE8 
 5460      8C5C4D77 
 5460      9DE3465D 
 5461 0303 1EE93830 		.ascii	"\036\35180JP\340\022z\0103\303\335\022\243\354\352\234"
 5461      4A50E012 
 5461      7A0833C3 
 5461      DD12A3EC 
 5461      EA9C
 5462 0315 BDBF117B 		.ascii	"\275\277\021{\2366\007\200\334\277\301\202\013\332G"
 5462      9E360780 
 5462      DCBFC182 
 5462      0BDA47
 5463 0324 451596B2 		.ascii	"E\025\226\262,\332\222\037\305\276GcLj\277\336\226\014"
 5463      2CDA921F 
 5463      C5BE4763 
 5463      4C6ABFDE 
 5463      960C
 5464 0336 85788086 		.ascii	"\205x\200\206o\310\312\372_,\310P\002\306+\"\343K\020"
 5464      6FC8CAFA 
 5464      5F2CC850 
 5464      02C62B22 
 5464      E34B10
 5465 0349 ED5BA7AF 		.ascii	"\355[\247\257~=\002(R\240H\235\202\2577\313}\305\235"
 5465      7E3D0228 
 5465      52A0489D 
 5465      82AF37CB 
 5465      7DC59D
 5466 035c 69E435E7 		.ascii	"i\3445\347)"
 5466      29
 5467              		.text
 5468              		.section	.gnu.lto_QSPI_Config.372.1f2fea0a,"e",%progbits
 5469 0000 28B52FFD 		.ascii	"(\265/\375`\326\026\355F\000\372v\310\0300 \352\312"
 5469      60D616ED 
 5469      4600FA76 
 5469      C8183020 
 5469      EACA
 5470 0012 70019AA2 		.ascii	"p\001\232\242R4I$\022\036d\"\305\376\263\033\034H\365"
ARM GAS  C:\Users\nicx5\AppData\Local\Temp\ccjkJcxQ.s 			page 237


 5470      52344924 
 5470      121E6422 
 5470      C5FEB31B 
 5470      1C48F5
 5471 0025 9CB5B584 		.ascii	"\234\265\265\204\350e$\321d\223\340\274\005VF\273\237"
 5471      E86524D1 
 5471      6493E0BC 
 5471      055646BB 
 5471      9F
 5472 0036 432D34A8 		.ascii	"C-4\250\221-\245\224)i\001C\001\232\001\023z\357\326"
 5472      912DA594 
 5472      29690143 
 5472      019A0113 
 5472      7AEFD6
 5473 0049 7B09BD8F 		.ascii	"{\011\275\217\320{\010\275\177\320{\007\275o\320{\006"
 5473      D07B08BD 
 5473      7FD07B07 
 5473      BD6FD07B 
 5473      06
 5474 005a BD5FD07B 		.ascii	"\275_\320{\005\275O\320{\004\275?\320{\003\275/\320"
 5474      05BD4FD0 
 5474      7B04BD3F 
 5474      D07B03BD 
 5474      2FD0
 5475 006c FBB6DE13 		.ascii	"\373\266\336\023\350=[\357\007\364^@\357\003\364\036"
 5475      E83D5BEF 
 5475      07F45E40 
 5475      EF03F41E 
 5476 007c 40EFD77A 		.ascii	"@\357\327z\257\326\373\264\336\243\365\376\254\367f"
 5476      AFD6FBB4 
 5476      DEA3F5FE 
 5476      ACF766
 5477 008b BD2FEB3D 		.ascii	"\275/\353=Y\357\307z/\326\373\260\336\203\365\376\253"
 5477      59EFC77A 
 5477      2FD6FBB0 
 5477      DE83F5FE 
 5477      AB
 5478 009c F75EBDEF 		.ascii	"\367^\275\357\352=W\357\225\275\3372\367Z\275O\366\336"
 5478      EA3D57EF 
 5478      95BDDF32 
 5478      F75ABD4F 
 5478      F6DE
 5479 00ae EC7D9B7B 		.ascii	"\354}\233{\356\375\366^\325M\327\027X~\0269\260r\236"
 5479      EEFDF65E 
 5479      D54DD717 
 5479      587E1639 
 5479      B0729E
 5480 00c1 63225F9D 		.ascii	"c\"_\235\234LGp\376k\327o\006\246\216\037\221h:b\245"
 5480      9C4C4770 
 5480      FE6BD76F 
 5480      06A68E1F 
 5480      91683A62 
 5481 00d6 6E974ABA 		.ascii	"n\227J\272\355\274r8\007pKM\263\302:\335_\363\250\036"
 5481      EDBC7238 
 5481      07704B4D 
 5481      B3C23ADD 
 5481      5FF3A81E 
ARM GAS  C:\Users\nicx5\AppData\Local\Temp\ccjkJcxQ.s 			page 238


 5482 00ea 42DD3378 		.ascii	"B\3353x\262\363\204\225\207\321y>F8\213-5\333\364,\251"
 5482      B2F38495 
 5482      87D1793E 
 5482      46388B2D 
 5482      35DBF42C 
 5483 00ff 666B5952 		.ascii	"fkYR\315\023\376\246\370dt\026\212X.\271\034zu\236\247"
 5483      CD13FEA6 
 5483      F8647416 
 5483      8A582EB9 
 5483      1C7A759E 
 5484 0114 1BB75142 		.ascii	"\033\267QB]SKC;3+#\033\023\013\003\373\362\352\342R"
 5484      5D534B43 
 5484      3B332B23 
 5484      1B130B03 
 5484      FBF2EAE2 
 5485 0129 6E6925CD 		.ascii	"ni%\315\346%\274j\201\030CT,\32455<w6\015\355\315\236"
 5485      E625BC6A 
 5485      81184354 
 5485      2CD43535 
 5485      3C77360D 
 5486 0140 C171B366 		.ascii	"\301q\263fed\216;\306\246q\305\332\254\3310\260\257"
 5486      65648E3B 
 5486      C6A671C5 
 5486      DAACD930 
 5486      B0AF
 5487 0152 30EB25A6 		.ascii	"0\353%\246\300\234D\306\355\322\002\301U\300\014\026"
 5487      C09C44C6 
 5487      EDD202C1 
 5487      55C00C16 
 5488 0162 3CAA544F 		.ascii	"<\252TO\211xtN\242\227\335\3722'\261\313j\201\351R\204"
 5488      8978744E 
 5488      A297DDFA 
 5488      3227B1CB 
 5488      6A81E952 
 5489 0177 B2494F89 		.ascii	"\262IO\211c\016\327\\\324\356\263NgL9\020\203IK\227"
 5489      630ED75C 
 5489      D4EEB34E 
 5489      674C3910 
 5489      83494B97 
 5490 018b A2936530 		.ascii	"\242\223e0\305'\335v\236\247\366\321\235\242h\270\253"
 5490      C527DD76 
 5490      9EA7F6D1 
 5490      9DA268B8 
 5490      AB
 5491 019c 05E23CCF 		.ascii	"\005\342<\317/\242\"\026=\000\375\265\320\377'\377\331"
 5491      2FA22216 
 5491      3D00FDB5 
 5491      D0FF27FF 
 5491      D9
 5492 01ad 924A6859 		.ascii	"\222JhYY7K\217\256\211\225\212Qs:\317\223\221\317\024"
 5492      59374B8F 
 5492      AE89958A 
 5492      51733ACF 
 5492      9391CF14 
 5493 01c1 ED799E85 		.ascii	"\355y\236\205\314\216W$I\345\267?\245\234,\344\177\""
 5493      CC8E5724 
 5493      49E5B73F 
ARM GAS  C:\Users\nicx5\AppData\Local\Temp\ccjkJcxQ.s 			page 239


 5493      A59C2CE4 
 5493      7F22
 5494 01d3 0A08C9D6 		.ascii	"\012\010\311\326y\236q\327?\203\204\000\267\332\250"
 5494      799E71D7 
 5494      3F838400 
 5494      B7DAA8
 5495 01e2 79559254 		.ascii	"yU\222TS9@\343\262\011\033\276g\265\2510+\215\247s#"
 5495      533940E3 
 5495      B2091BBE 
 5495      67B5A930 
 5495      2B8DA773 
 5496 01f7 FF58B8EC 		.ascii	"\377X\270\354x\355\223\033\177\335\243\252a\364QU\031"
 5496      78ED931B 
 5496      7FDDA3AA 
 5496      61F45155 
 5496      19
 5497 0208 75A9AA60 		.ascii	"u\251\252`\270lY\324\222\005\213b\342\025+U\250LA\224"
 5497      B86C59D4 
 5497      92058B62 
 5497      E2152B55 
 5497      A84C4194 
 5498 021c 12C5DC2B 		.ascii	"\022\305\334+\224\303'N\014\233\364^\013{\257g\357\011"
 5498      94C3274E 
 5498      0C9BF45E 
 5498      0B7BAF67 
 5498      EF09
 5499 022e 7BCFA4F7 		.ascii	"{\317\244\367\203\275_\322{%\275O\322{$\275\027\354"
 5499      83BD5FD2 
 5499      7B25BD4F 
 5499      D27B24BD 
 5499      17EC
 5500 0240 FD91DE1B 		.ascii	"\375\221\336\033\351}`\357\213\364\036\260\367\177\275"
 5500      E97D60EF 
 5500      8BF41EB0 
 5500      F77FBD
 5501 024f 27D2FB21 		.ascii	"'\322\373!\275\367\353\275\220\336\007\351=\220\336"
 5501      BDF7EBBD 
 5501      90DE07E9 
 5501      3D90DE
 5502 025e FFE8BD8F 		.ascii	"\377\350\275\217\336\367\365\236\257\367=z\317\243\367"
 5502      DEF7F59E 
 5502      AFF73D7A 
 5502      CFA3F7
 5503 026d 7BBDD7EB 		.ascii	"{\275\327\353}^\357w\364\036\257\367:z\177\327\373\034"
 5503      7D5EEF77 
 5503      F41EAFF7 
 5503      3A7A7FD7 
 5503      FB1C
 5504 027f BDC7D17B 		.ascii	"\275\307\321{\273\336\337\350\275\215\336\327\350=\215"
 5504      BBDEDFE8 
 5504      BD8DDED7 
 5504      E83D8D
 5505 028e DECFE8BD 		.ascii	"\336\317\350\275\214\336\3070\367u\275\247\353=\014"
 5505      8CDEC730 
 5505      F775BDA7 
 5505      EB3D0C
 5506 029d 73FFA2F7 		.ascii	"s\377\242\367.z\337\242\367,z?\327\373\025\275W\321"
ARM GAS  C:\Users\nicx5\AppData\Local\Temp\ccjkJcxQ.s 			page 240


 5506      2E7ADFA2 
 5506      F72C7A3F 
 5506      D7FB15BD 
 5506      57D1
 5507 02af FB14BD47 		.ascii	"\373\024\275G\321{\271\336\237\350\275\211\336\227\350"
 5507      D17BB9DE 
 5507      9FE8BD89 
 5507      DE97E8
 5508 02be 3D89DE8F 		.ascii	"=\211\336\217\350\275\210\336\2070\367 z\377\241\367"
 5508      E8BD88DE 
 5508      8730F720 
 5508      7AFFA1F7 
 5509 02ce 1E7ADFA1 		.ascii	"\036z\337\241\367\034z\277\241\367\032z\237\241\367"
 5509      F71C7ABF 
 5509      A1F71A7A 
 5509      9FA1F7
 5510 02dd 187A7FA1 		.ascii	"\030z\177\241\367q\275\267\320\373\012\275\207\353\375"
 5510      F771BDB7 
 5510      D0FB0ABD 
 5510      87EBFD
 5511 02ec 5BEF29F4 		.ascii	"[\357)\364>\313\210\342\004+\313\231\340\022|b\277\230"
 5511      3ECB88E2 
 5511      042BCB99 
 5511      E0127C62 
 5511      BF98
 5512 02fe 20C123B8 		.ascii	" \301#\270\304v!\261[F,\006*\003&b\265,\026\021u\000"
 5512      C47621B1 
 5512      5B462C06 
 5512      2A032662 
 5512      B52C1611 
 5513 0314 85FA3201 		.ascii	"\205\3722\001\335\011\261\211L ?p\210\265\002\302\003"
 5513      DD09B189 
 5513      4C203F70 
 5513      88B502C2 
 5513      03
 5514 0325 77E00F4B 		.ascii	"w\340\017K\305\003\0076\271\303\006vc\016\0328\003o"
 5514      C5030736 
 5514      B9C30676 
 5514      630E1A38 
 5514      036F
 5515 0337 68B1881A 		.ascii	"h\261\210\0320p\206\013l\2011\304\361\205\215\022W\201"
 5515      3070860B 
 5515      6C8131C4 
 5515      F1858D12 
 5515      5781
 5516 0349 952DC0F1 		.ascii	"\225-\300\361\033W\330C8\012<\201\337\326\011\205m2"
 5516      1B57D843 
 5516      380A3C81 
 5516      DFD60985 
 5516      6D32
 5517 035b 6111501A 		.ascii	"a\021P\032/\267=\335\230\2551\262U\227\004\310\010,"
 5517      2FB73DDD 
 5517      98AD31B2 
 5517      559704C8 
 5517      082C
 5518 036d 01023FE0 		.ascii	"\001\002?\340\010\262 8`\223\0374`\007\254\210\253\030"
 5518      08B22038 
ARM GAS  C:\Users\nicx5\AppData\Local\Temp\ccjkJcxQ.s 			page 241


 5518      60931F34 
 5518      6007AC88 
 5518      AB18
 5519 037f 70921B2C 		.ascii	"p\222\033,`\005\314 \326\202\004|\200\025((E\300\011"
 5519      6005CC20 
 5519      D682047C 
 5519      80152828 
 5519      45C009
 5520 0392 5E2130C0 		.ascii	"^!0\300\312\007\012p\033\033pU\200\000\263q\033+\002"
 5520      CA070A70 
 5520      1B1B7055 
 5520      8000B371 
 5520      1B2B02
 5521 03a5 ABD822B9 		.ascii	"\253\330\"\271\006\360\177BS\241PT\003\350@\266R\012"
 5521      06F07F42 
 5521      53A15054 
 5521      03E840B6 
 5521      520A
 5522 03b7 526564F5 		.ascii	"Red\365\324\220\243\004\360\257BM)#\007`\001\000x\215"
 5522      D490A304 
 5522      F0AF424D 
 5522      29230760 
 5522      0100788D 
 5523 03cb 03CC6929 		.ascii	"\003\314i)\000jl\362Z\032+Y\015\215\3178\255\205\216"
 5523      006A6CF2 
 5523      5A1A2B59 
 5523      0D8DCF38 
 5523      AD858E
 5524 03de 4233E324 		.ascii	"B3\343$\237\2251\031\233\275PQec\034\306dd\372LI1\036"
 5524      9F953119 
 5524      9BBD5051 
 5524      65631CC6 
 5524      6464FA4C 
 5525 03f5 633D9445 		.ascii	"c=\224E\247\237\304\300X9\354\213\275\030,\206v\372"
 5525      A79FC4C0 
 5525      5839EC8B 
 5525      BD182C86 
 5525      76FA
 5526 0407 EA622EF6 		.ascii	"\352b.\366b\205\242\305p\206n\352\252\241\231\270X\311"
 5526      6285A2C5 
 5526      70866EEA 
 5526      AAA199B8 
 5526      58C9
 5527 0419 5A20E5FC 		.ascii	"Z \345\374\361<\317-%\253\243\033zI\311l\015If\213\177"
 5527      F13CCF2D 
 5527      25ABA31B 
 5527      7A49C96C 
 5527      0D49668B 
 5528 042e 1C5A6948 		.ascii	"\034ZiH\337\235N\332b\345\262I$-V\026\231\005K\265\222"
 5528      DF9D4EDA 
 5528      62E5B249 
 5528      242D5616 
 5528      99054BB5 
 5529 0443 AC7EF0F4 		.ascii	"\254~\360\364Q\222\0054\236J\262c 5\363\264\221\311"
 5529      51920534 
 5529      9E4AB263 
 5529      2035F3B4 
ARM GAS  C:\Users\nicx5\AppData\Local\Temp\ccjkJcxQ.s 			page 242


 5529      91C9
 5530 0455 001A2BCC 		.ascii	"\000\032+\314\012e6\377{\272\250\307\326y\226\211\273"
 5530      0A6536FF 
 5530      7BBAA8C7 
 5530      D6799689 
 5530      BB
 5531 0466 2A12EC0B 		.ascii	"*\022\354\013D\\\345\207\015\037\026\031\031\031\251"
 5531      445CE587 
 5531      0D1F1619 
 5531      1919A9
 5532 0475 0C92CBCD 		.ascii	"\014\222\313\315z(\306\360\207\036\01244\010(\310`R"
 5532      7A28C6F0 
 5532      871E0A34 
 5532      340828C8 
 5532      6052
 5533 0487 4DFEFD02 		.ascii	"M\376\375\002{z~s@\360\204\370\365\025\311\023\022h"
 5533      7B7A7E73 
 5533      40F084F8 
 5533      F515C913 
 5533      1268
 5534 0499 024C2F48 		.ascii	"\002L/H\036_o\302\204\013xy\024\340$\260\361\231\317"
 5534      1E5F6FC2 
 5534      840B7879 
 5534      14E024B0 
 5534      F199CF
 5535 04ac 93D03704 		.ascii	"\223\3207\004\220\310\035\020<>\2767\270 E\000\335\362"
 5535      90C81D10 
 5535      3C3EBE37 
 5535      B8204500 
 5535      DDF2
 5536 04be FEE8DCEE 		.ascii	"\376\350\334\356V\204\220\273\023\024\274 \347\006\370"
 5536      568490BB 
 5536      1314BC20 
 5536      E706F8
 5537 04cd B767A4EF 		.ascii	"\267g\244\357\217D\334\005\375D\310\331\275\301\315"
 5537      8F44DC05 
 5537      FD44C8D9 
 5537      BDC1CD
 5538 04dc D5D1D901 		.ascii	"\325\321\331\001\376\370\363\233a\247\241\204\331\377"
 5538      FEF8F39B 
 5538      61A7A184 
 5538      D9FF
 5539 04ea C753FBE4 		.ascii	"\307S\373\344\306\237%\342\303\251\011CYcG.\245\034"
 5539      C69F25E2 
 5539      C3A90943 
 5539      5963472E 
 5539      A51C
 5540 04fc 7119B585 		.ascii	"q\031\265\205\225\313\305,\254Z\260\260fQ\304\242\211"
 5540      95CBC52C 
 5540      AC5AB0B0 
 5540      6651C4A2 
 5540      89
 5541 050d AC8AA212 		.ascii	"\254\212\242\022Y\271\264\302\312z\245\212\025PU\246"
 5541      59B9B4C2 
 5541      CA7AA58A 
 5541      155055A6 
 5542 051d B022B252 		.ascii	"\260\"\262R\3614\205\023\342,5\345ED\252\322\330Q\212"
ARM GAS  C:\Users\nicx5\AppData\Local\Temp\ccjkJcxQ.s 			page 243


 5542      F1348513 
 5542      E22C35E5 
 5542      4544AAD2 
 5542      D8518A
 5543 0530 264C5210 		.ascii	"&LR\020\341AC\324F\243X\032L\305\030\205\022\224'\254"
 5543      E14143D4 
 5543      46A3581A 
 5543      4CC51885 
 5543      129427AC 
 5544 0544 874E5890 		.ascii	"\207NX\220\365\211\241\023Ij\310\312e!k\023=\231\011"
 5544      F589A113 
 5544      496AC8CA 
 5544      65216B13 
 5544      3D9909
 5545 0557 6B2121EB 		.ascii	"k!!\353\011\211p\220\225\231,a%<\350hI\022F\302J\030"
 5545      09897090 
 5545      95992C61 
 5545      253CE868 
 5545      491246C2 
 5546 056d 25518464 		.ascii	"%Q\204d\020\2543AD\202\201\203H\231\0351d\204\217\004"
 5546      10AC3341 
 5546      44828183 
 5546      48991D31 
 5546      64848F04 
 5547 0581 B291221C 		.ascii	"\262\221\"\034\010\310t\\\344\217\2110 \241?V.\207\260"
 5547      08C8745C 
 5547      E48F8930 
 5547      20A13F56 
 5547      2E87B0
 5548 0594 1026E2C7 		.ascii	"\020&\342\307C\004\371\005ae!@\370\007\007\001\004\304"
 5548      4304F905 
 5548      61652140 
 5548      F8070701 
 5548      04C4
 5549 05a6 07F7F10F 		.ascii	"\007\367\361\017?>\036\373\0065\226\361-%\355\341\023"
 5549      3F3E1EFB 
 5549      063596F1 
 5549      2D25EDE1 
 5549      13
 5550 05b7 748A4C10 		.ascii	"t\212L\020\247\036y$\361\340\036{\314C\217e\360^\036"
 5550      A71E7924 
 5550      F1E01E7B 
 5550      CC438F65 
 5550      F05E1E
 5551 05ca EF60BD3B 		.ascii	"\357`\275;y\254\\\3421\035\357\320\301w\214\267vt\260"
 5551      79AC5CE2 
 5551      311DEFD0 
 5551      C1778CB7 
 5551      7674B0
 5552 05dd 729983ED 		.ascii	"r\231\203\355\370\016\007\347X:8n\260\262\235\015\256"
 5552      F80E07E7 
 5552      583A386E 
 5552      B0B29D0D 
 5552      AE
 5553 05ee C137768E 		.ascii	"\3017v\216\015\032<\203kl\034\032\373f\306\242\240\306"
 5553      0D1A3C83 
 5553      6B6C1C1A 
ARM GAS  C:\Users\nicx5\AppData\Local\Temp\ccjkJcxQ.s 			page 244


 5553      FB66C6A2 
 5553      A0C6
 5554 0600 3119DB46 		.ascii	"1\031\333F\206\031\350U\214u\224\264kb\254\232\272\300"
 5554      8619E855 
 5554      8C7594B4 
 5554      6B62AC9A 
 5554      BAC0
 5555 0612 40AAC4E8 		.ascii	"@\252\304\350\026\015]\214@\241\302`\230\301\344\202"
 5555      160D5D8C 
 5555      40A1C260 
 5555      98C1E482 
 5556 0622 619079D1 		.ascii	"a\220y\321\202Y\260\0131-\346\330d\026+xN\005\257`E"
 5556      8259B00B 
 5556      312DE6D8 
 5556      64162B78 
 5556      4E05AF60 
 5557 0637 5C9582E5 		.ascii	"\\\225\202\345X\005\012N\021\201\250\250aDF\2214#\""
 5557      58050A4E 
 5557      1181A8A8 
 5557      61444691 
 5557      342322
 5558 064a 92A2A420 		.ascii	"\222\242\244 i\016A\006\204\030dT\305\015\021\240 \244"
 5558      690E4106 
 5558      84186454 
 5558      C50D11A0 
 5558      20A4
 5559 065c A4514A8D 		.ascii	"\244QJ\215D\"\222\222\312r/F \253g\301\316\274\216|"
 5559      44229292 
 5559      CA722F46 
 5559      20AB67C1 
 5559      CEBC8E7C 
 5560 0670 378C8E5A 		.ascii	"7\214\216ZUa\365\202\"\012\2721r\214d\257\007\364,0"
 5560      5561F582 
 5560      220ABA31 
 5560      728C64AF 
 5560      07F42C30 
 5561 0684 0E5808E2 		.ascii	"\016X\010\342F\004\351C\314\356\370\334\372\301\343"
 5561      4604E943 
 5561      CCEEF8DC 
 5561      FAC1E3
 5562 0693 1D38E4DC 		.ascii	"\0358\344\334\316s\265\371\315\341\275\001\270\335\352"
 5562      CE73B5F9 
 5562      CDE1BD01 
 5562      B8DDEA
 5563 06a2 92AD5BAA 		.ascii	"\222\255[\252\241\243\243\034\323v\241\203w\036\241"
 5563      A1A3A31C 
 5563      D376A183 
 5563      771EA1
 5564 06b1 B82BF9AF 		.ascii	"\270+\371\257\257\252\250\307\025\223\002\004\271\240"
 5564      AFAAA8C7 
 5564      15930204 
 5564      B9A0
 5565 06bf 9271FC4B 		.ascii	"\222q\374K\004\377h\223C\004?\222\312\253\224;\013B"
 5565      04FF6893 
 5565      43043F92 
 5565      CAAB943B 
 5565      0B42
ARM GAS  C:\Users\nicx5\AppData\Local\Temp\ccjkJcxQ.s 			page 245


 5566 06d1 F03F08FE 		.ascii	"\360?\010\376\371\315^!\272\002\256\372\033\324\036"
 5566      F9CD5E21 
 5566      BA02AEFA 
 5566      1BD41E
 5567 06e0 4052D90C 		.ascii	"@R\331\014\221.\005\337\036\257\363\367E>\367\360\303"
 5567      912E05DF 
 5567      1EAFF3F7 
 5567      453EF7F0 
 5567      C3
 5568 06f1 2D94316E 		.ascii	"-\2241n\324\233\316\014\253]x\244\231X\342R\255\262"
 5568      D49BCE0C 
 5568      AB5D78A4 
 5568      9958E252 
 5568      ADB2
 5569 0703 6952A006 		.ascii	"iR\240\006\302\177Z(\011t\241HKB\244\375\002fz\214\267"
 5569      C27F5A28 
 5569      0974A148 
 5569      4B42A4FD 
 5569      02667A8C 
 5570 0718 70E4A3C8 		.ascii	"p\344\243\310\275\311 J\007\004Gu\372\211\234\246\243"
 5570      BDC9204A 
 5570      07044775 
 5570      FA899CA6 
 5570      A3
 5571 0729 A5DC83E3 		.ascii	"\245\334\203\343\277\320=\270`\234\333\275\236\031\232"
 5571      BFD03DB8 
 5571      609CDBBD 
 5571      9E199A
 5572 0738 7AFCA13F 		.ascii	"z\374\241?\341\364\352\324\360\267\340\344QL\204\332"
 5572      E1F4EAD4 
 5572      F0B7E0E4 
 5572      514C84DA 
 5573 0748 436492E2 		.ascii	"Cd\222\342\302\221\203\362\267\315\034d\350?\241\315"
 5573      C29183F2 
 5573      B7CD1C64 
 5573      E83FA1CD 
 5574 0758 10215BEC 		.ascii	"\020![\354\306\000\367o\333\030@\351\211\377\351\267"
 5574      C600F76F 
 5574      DB1840E9 
 5574      89FFE9B7 
 5575 0768 94A56C8C 		.ascii	"\224\245l\214A\224\016 5\037\325\315\002j\342\275\344"
 5575      41940E20 
 5575      351FD5CD 
 5575      026AE2BD 
 5575      E4
 5576 0779 1646EE21 		.ascii	"\026F\356!\230\244\360\341\310\240\364\257\276?\015"
 5576      98A4F0E1 
 5576      C8A0F4AF 
 5576      BE3F0D
 5577 0788 DACD2649 		.ascii	"\332\315&Ir~\373\343G\2373\337\260\273G\265\3527p\001"
 5577      727EFBE3 
 5577      479F33DF 
 5577      B0BB47B5 
 5577      EA377001 
 5578 079c 1300DBCD 		.ascii	"\023\000\333\315\347\356\375x\311\353\235v\036 Y\217"
 5578      E7EEFD78 
 5578      C9EB9D76 
ARM GAS  C:\Users\nicx5\AppData\Local\Temp\ccjkJcxQ.s 			page 246


 5578      1E20598F 
 5579 07ac 573CCF19 		.ascii	"W<\317\031(\351\365N7F\356)\230\245\360\341\310\240"
 5579      28E9F54E 
 5579      3746EE29 
 5579      98A5F0E1 
 5579      C8A0
 5580 07be F4DFB601 		.ascii	"\364\337\266\001n\374}\342A\342 \005\322FH\225\007\200"
 5580      6EFC7DE2 
 5580      41E22005 
 5580      D2464895 
 5580      0780
 5581 07d0 810D11EB 		.ascii	"\201\015\021\353\026\351\016\306\201\015\"\255\307D"
 5581      16E90EC6 
 5581      810D22AD 
 5581      C744
 5582 07de 18B93F19 		.ascii	"\030\271?\031E\351\200\340H\215\214.\216\333.\254I&"
 5582      45E980E0 
 5582      488D8C2E 
 5582      8EDB2EAC 
 5582      4926
 5583 07f0 C7B3CD1F 		.ascii	"\307\263\315\037\265\230.y)\364\234\021*l\233Z\015\356"
 5583      B5982E79 
 5583      29F49C11 
 5583      2A6C9B5A 
 5583      0DEE
 5584 0802 7BD19891 		.ascii	"{\321\230\221\241\026\335^:\221\224o\347%Y\360\0262"
 5584      A116DD5E 
 5584      3A91946F 
 5584      E72559F0 
 5584      1632
 5585 0814 30650B17 		.ascii	"0e\013\027\353[B\020R\364\276\356W\"\034Uo\223\212\252"
 5585      EB5B4210 
 5585      52F4BEEE 
 5585      57221C55 
 5585      6F938AAA 
 5586 0828 5276FDD1 		.ascii	"Rv\375\321\241\015\250\215\222\223\205T\253\001\011"
 5586      A10DA88D 
 5586      92938554 
 5586      AB0109
 5587 0837 077CB4ED 		.ascii	"\007|\264\355C,\021\243\005\203\231\360\233\033p[\322"
 5587      432C11A3 
 5587      058399F0 
 5587      9B1B705B 
 5587      D2
 5588 0848 D7B54040 		.ascii	"\327\265@@F\2610\236\234\033?\014\"\002\240\014\272"
 5588      46B1309E 
 5588      9C1B3F0C 
 5588      2202A00C 
 5588      BA
 5589 0859 5E1086DA 		.ascii	"^\020\206\332\211\256\305\011\376\214OQ\3430\013\274"
 5589      89AEC509 
 5589      FE8C4F51 
 5589      E3300BBC 
 5590 0869 4A3C9749 		.ascii	"J<\227I\331\221~\254\3123e{\031Q\233q\026\255\000C\200"
 5590      D9917EAC 
 5590      CA33657B 
 5590      19519B71 
ARM GAS  C:\Users\nicx5\AppData\Local\Temp\ccjkJcxQ.s 			page 247


 5590      16AD0043 
 5591 087e 3D35279E 		.ascii	"=5'\236V\214~\032\223\274\214\235<\341\232\203\276\225"
 5591      568C7E1A 
 5591      93BC8C9D 
 5591      3CE19A83 
 5591      BE95
 5592 0890 798B7DEA 		.ascii	"y\213}\352\262\363T\026\336X\"oP`\266\036\024\310U\034"
 5592      B2F35416 
 5592      DE58226F 
 5592      5060B61E 
 5592      14C8551C 
 5593 08a4 84FA7C12 		.ascii	"\204\372|\022\365\002\363b\364o\004RuX\001\010uK\313"
 5593      F502F362 
 5593      F46F0452 
 5593      75580108 
 5593      754BCB
 5594 08b7 EEC014ED 		.ascii	"\356\300\024\355\256)|\312f\226h\355\232\006\027Y\031"
 5594      AE297CCA 
 5594      669668ED 
 5594      9A061759 
 5594      19
 5595 08c8 08620EA7 		.ascii	"\010b\016\247cb.a\222\201\204\335\2153\233&\225p\025"
 5595      63622E61 
 5595      928184DD 
 5595      8D339B26 
 5595      957015
 5596 08db 00ECF072 		.ascii	"\000\354\360r[\315\022\021m\032\363\007"
 5596      5BCD1211 
 5596      6D1AF307 
 5597              		.text
 5598              		.section	.gnu.lto_QSPI_WaitFlagStateUntilTimeout.part.0.377.1f2fea0a,"e",%progbits
 5599 0000 28B52FFD 		.ascii	"(\265/\375`5\003\335\025\000\366\345\207J\300\360*\035"
 5599      603503DD 
 5599      1500F6E5 
 5599      874AC0F0 
 5599      2A1D
 5600 0012 30FF43FB 		.ascii	"0\377C\373\277\275\030\322)e\334A\272\204^\3159\334"
 5600      BFBD18D2 
 5600      2965DC41 
 5600      BA845ECD 
 5600      39DC
 5601 0024 E9A3B0DB 		.ascii	"\351\243\260\333U\342\262g\321\353\346\335\235\254R"
 5601      55E2B267 
 5601      D1EBE6DD 
 5601      9DAC52
 5602 0033 67F982DA 		.ascii	"g\371\202\332x\022\355c]*B\030'\307\317LU\201R\245\033"
 5602      7812ED63 
 5602      5D2A4218 
 5602      27C7CF4C 
 5602      558152A5 
 5603 0048 D101E63D 		.ascii	"\321\001\346=s\253\320\011I8\363#B\366N)l\000q\000n"
 5603      73ABD009 
 5603      4938F323 
 5603      42F64E29 
 5603      6C007100 
 5604 005d 00AE3911 		.ascii	"\000\2569\021\315\307\356\217g\367\024Y\005a\225\036"
 5604      CDC7EE8F 
ARM GAS  C:\Users\nicx5\AppData\Local\Temp\ccjkJcxQ.s 			page 248


 5604      67F71459 
 5604      0561951E 
 5605 006d E8FBFEB3 		.ascii	"\350\373\376\2639\021\315\030\262;\033N\020wO\221\223"
 5605      3911CD18 
 5605      B23B1B4E 
 5605      10774F91 
 5605      93
 5606 007e 8E509E0C 		.ascii	"\216P\236\014\271\200\324\311\361\001R'\355\233\260"
 5606      B980D4C9 
 5606      F1015227 
 5606      ED9BB0
 5607 008d CBA486C7 		.ascii	"\313\244\206\307\266]&6\326\325%\016\355$\370~\034T"
 5607      B65D2636 
 5607      D6D5250E 
 5607      ED24F87E 
 5607      1C54
 5608 009f 44ED9EAD 		.ascii	"D\355\236\255\223U\350\272W:\352|\252\323\243\341\365"
 5608      9355E8BA 
 5608      573AEA7C 
 5608      AAD3A3E1 
 5608      F5
 5609 00b0 C4BFE723 		.ascii	"\304\277\347##\250\323\343s\012\340\243\352\265\273"
 5609      23A8D3E3 
 5609      730AE0A3 
 5609      EAB5BB
 5610 00bf 2E7B3779 		.ascii	".{7y\333\011l\357\3305\026d\023\211\013\377\245\237"
 5610      DB096CEF 
 5610      D8351664 
 5610      13890BFF 
 5610      A59F
 5611 00d1 E91F7EB4 		.ascii	"\351\037~\264o_X\343/\235\351\303\023\015\242\224\024"
 5611      6F5F58E3 
 5611      2F9DE9C3 
 5611      130DA294 
 5611      14
 5612 00e2 44C2F995 		.ascii	"D\302\371\225\263\373;\272\221\351\327nw\210\347E'\216"
 5612      B3FB3BBA 
 5612      91E9D76E 
 5612      7788E745 
 5612      278E
 5613 00f4 6E88AD34 		.ascii	"n\210\2554\232|\277\003'}\241\215\015\322C)\011\307"
 5613      9A7CBF03 
 5613      277DA18D 
 5613      0DD24329 
 5613      09C7
 5614 0106 2B413CCE 		.ascii	"+A<\316\215 \322\013b\006\223\342\360v\006,E\177t#\363"
 5614      8D20D20B 
 5614      620693E2 
 5614      F076062C 
 5614      457F7423 
 5615 011b E77618F0 		.ascii	"\347v\030\360\344\003\342\310\225'=c\034\305\341\235"
 5615      E403E2C8 
 5615      95273D63 
 5615      1CC5E19D 
 5616 012b BB4BB272 		.ascii	"\273K\262r\202\215\364E'\216\007\321fy\262t\265V\225"
 5616      828DF445 
 5616      278E07D1 
ARM GAS  C:\Users\nicx5\AppData\Local\Temp\ccjkJcxQ.s 			page 249


 5616      6679B274 
 5616      B55695
 5617 013e 085E6F57 		.ascii	"\010^oWw\266g\207A+ie\001\001k\017\312\306\323\322\242"
 5617      77B66787 
 5617      412B6965 
 5617      01016B0F 
 5617      CAC6D3D2 
 5618 0153 C7B7A4EC 		.ascii	"\307\267\244\354\332]\274\260~vA\234\370-0\304\370B"
 5618      DA5DBCB0 
 5618      7E76419C 
 5618      F82D30C4 
 5618      F842
 5619 0165 34A99329 		.ascii	"4\251\223)?;P\324\235O|\201\036T\215\247\2455\310\351"
 5619      3F3B50D4 
 5619      9D4F7C81 
 5619      1E548DA7 
 5619      A535C8E9 
 5620 0179 1F26B1A0 		.ascii	"\037&\261\240Ho\242F_\361\013Oi\321?\377\033Z\254\037"
 5620      486FA246 
 5620      5FF10B4F 
 5620      69D13FFF 
 5620      1B5AAC1F 
 5621 018d C71AE48F 		.ascii	"\307\032\344\217[\201\354\222zTQW\0255=\360\177I\207"
 5621      5B81EC92 
 5621      7A545157 
 5621      15353DF0 
 5621      7F4987
 5622 01a0 CF19DAF5 		.ascii	"\317\031\332\365P\214\332\017\001\267\031\031ZL\015"
 5622      508CDA0F 
 5622      01B71919 
 5622      5A4C0D
 5623 01af A6BAD964 		.ascii	"\246\272\331d7\363eV\203}\320n\262\333\012\331\"\203"
 5623      37F36556 
 5623      837DD06E 
 5623      B2DB0AD9 
 5623      2283
 5624 01c1 71309A02 		.ascii	"q0\232\002\011\011\212l\206\240d\204\345Bz6R\253`Z\210"
 5624      09098A6C 
 5624      86A06484 
 5624      E5427A36 
 5624      52AB605A 
 5625 01d6 C1C85C5C 		.ascii	"\301\310\\\\\\%17\2635\263\255\264b\017\024\250\304"
 5625      5C253137 
 5625      B335B3AD 
 5625      B4620F14 
 5625      A8C4
 5626 01e8 72391495 		.ascii	"r9\024\225\226i\243]\250\331\030\2348'\263@\205\305"
 5626      9669A35D 
 5626      A8D9189C 
 5626      3827B340 
 5626      85C5
 5627 01fa 550201B6 		.ascii	"U\002\001\266\302b\276\330d&\260\2444X\331\364\343V"
 5627      C262BED8 
 5627      6426B0A4 
 5627      3458D9F4 
 5627      E356
 5628 020c 2002F4D7 		.ascii	" \002\364\327\245\306\272c{\254~\335T^]\365Rl\035\221"
ARM GAS  C:\Users\nicx5\AppData\Local\Temp\ccjkJcxQ.s 			page 250


 5628      A5C6BA63 
 5628      7BAC7EDD 
 5628      545E5DF5 
 5628      526C1D91 
 5629 0220 A3D61834 		.ascii	"\243\326\0304\326\317ut\334@\212\006D\250aD\212\014"
 5629      D6CF7574 
 5629      DC408A06 
 5629      44A86144 
 5629      8A0C
 5630 0232 42666466 		.ascii	"Bfdf&NRh\015\220\"\261\233\363\021\260\261\203\301\314"
 5630      264E5268 
 5630      0D9022B1 
 5630      9BF311B0 
 5630      B183C1CC 
 5631 0246 16162AAD 		.ascii	"\026\026*\255\001o\024\204\303\367\236\352y]\350\306"
 5631      016F1484 
 5631      C3F79EEA 
 5631      795DE8C6 
 5632 0256 9F493F43 		.ascii	"\237I?C\301\272\262'\010\274O\002\012_\363\320\315\024"
 5632      C1BAB227 
 5632      08BC4F02 
 5632      0A5FF3D0 
 5632      CD14
 5633 0268 CA9C0CBA 		.ascii	"\312\234\014\272\240\322x\037\247xQ\272s\223;d9\356"
 5633      A0D2781F 
 5633      A77851BA 
 5633      73933B64 
 5633      39EE
 5634 027a FF258433 		.ascii	"\377%\2043\306\245\036\212!\222\313\345\354\256 \220"
 5634      C6A51E8A 
 5634      2192CBE5 
 5634      ECAE2090 
 5635 028a 95C33985 		.ascii	"\225\3039\205\265\270>\230l%T\250\333\261\331\226\255"
 5635      B5B83E98 
 5635      6C2554A8 
 5635      DBB1D996 
 5635      AD
 5636 029b 49D6A158 		.ascii	"I\326\241X\2377q%O\306\000\000\214?\030\3610\241\245"
 5636      9F377125 
 5636      4FC60000 
 5636      8C3F18F1 
 5636      30A1A5
 5637 02ae 40CCBC18 		.ascii	"@\314\274\030\275V<~\030\223\201\033\353s\327\375T\265"
 5637      BD563C7E 
 5637      1893811B 
 5637      EB73D7FD 
 5637      54B5
 5638 02c0 5A9E2FC4 		.ascii	"Z\236/\304~"
 5638      7E
 5639              		.text
 5640              		.section	.gnu.lto_HAL_QSPI_DeInit.part.0.378.1f2fea0a,"e",%progbits
 5641 0000 28B52FFD 		.ascii	"(\265/\375`\250\001\355\017\000\306]kH\340\262(\035"
 5641      60A801ED 
 5641      0F00C65D 
 5641      6B48E0B2 
 5641      281D
 5642 0012 90079302 		.ascii	"\220\007\223\002\254\226\303\002\306\327\267ABH\027"
ARM GAS  C:\Users\nicx5\AppData\Local\Temp\ccjkJcxQ.s 			page 251


 5642      AC96C302 
 5642      C6D7B741 
 5642      424817
 5643 0021 12DAF201 		.ascii	"\022\332\362\001H=\016RO2\2246wGio\375I\230\211\035"
 5643      483D0E52 
 5643      4F329436 
 5643      7747696F 
 5643      FD499889 
 5644 0036 FECAD1AB 		.ascii	"\376\312\321\253\357\226\250\223\353^\356\224\207\022"
 5644      EF96A893 
 5644      EB5EEE94 
 5644      8712
 5645 0044 75A7AE8D 		.ascii	"u\247\256\215A8\301\231a)\255\233x\262\211\334)\005"
 5645      4138C199 
 5645      6129AD9B 
 5645      78B289DC 
 5645      2905
 5646 0056 52005100 		.ascii	"R\000Q\000W\000\273#\312\247!\200\237&'\371>\275\217"
 5646      5700BB23 
 5646      CAA72180 
 5646      9F2627F9 
 5646      3EBD8F
 5647 0069 7C9FF653 		.ascii	"|\237\366S\270\2642sMW\367\203c\333\245\025\232k%6\266"
 5647      B8B43273 
 5647      4D57F783 
 5647      63DBA515 
 5647      9A6B2536 
 5648 007e 91A4864E 		.ascii	"\221\244\206ND\214\241\335\221\364\251=\257]\245W\363"
 5648      448CA1DD 
 5648      91F4A93D 
 5648      AF5DA557 
 5648      F3
 5649 008f E52DA7C3 		.ascii	"\345-\247\303\365\343\301\0366x\334r@\\\212\334\003"
 5649      F5E3C11E 
 5649      3678DC72 
 5649      405C8ADC 
 5649      03
 5650 00a0 E0B2BB06 		.ascii	"\340\262\273\006C\334\363\266[l\213\366}\0046\177\374"
 5650      43DCF3B6 
 5650      5B6C8BF6 
 5650      7D04367F 
 5650      FC
 5651 00b1 088A1D39 		.ascii	"\010\212\0359V\356\244\362\250\2478\337[\305\331\237"
 5651      56EEA4F2 
 5651      A8A738DF 
 5651      5BC5D99F 
 5652 00c1 F49CD2DE 		.ascii	"\364\234\322\336\224VOZ>\367\177D\3408~vI\354\206\266"
 5652      94564F5A 
 5652      3EF77F44 
 5652      E0387E76 
 5652      49EC86B6 
 5653 00d5 C4A461C2 		.ascii	"\304\244a\302\366\355\2173{\344\2174{\344\331\203d\242"
 5653      F6ED8F33 
 5653      7BE48F34 
 5653      7BE4D983 
 5653      64A2
 5654 00e7 5D209CDD 		.ascii	"] \234\335\021\305\000\013\030\225\317\371*\016D{\220"
ARM GAS  C:\Users\nicx5\AppData\Local\Temp\ccjkJcxQ.s 			page 252


 5654      11C5000B 
 5654      1895CFF9 
 5654      2A0E447B 
 5654      90
 5655 00f8 CC22BB42 		.ascii	"\314\"\273Bn\350\002\251\317V]\206\253dgW\347\300N\220"
 5655      6EE802A9 
 5655      CF565D86 
 5655      AB646757 
 5655      E7C04E90 
 5656 010c 50470079 		.ascii	"PG\000y\265c,\310\337l\342Am\034\236\260\247/~\003\""
 5656      B5632CC8 
 5656      DF6CE241 
 5656      6D1C9EB0 
 5656      A72F7E03 
 5657 0121 60B7DB0D 		.ascii	"`\267\333\015\371\311\247\352\351oF\330Zw\341\002wu"
 5657      F9C9A7EA 
 5657      E96F46D8 
 5657      5A77E102 
 5657      7775
 5658 0133 42BFC506 		.ascii	"B\277\305\006\031\232\357SU\224\023R\233\355\327W\320"
 5658      199AEF53 
 5658      55941352 
 5658      9BEDD757 
 5658      D0
 5659 0144 80BB1BFA 		.ascii	"\200\273\033\372B\034f\374\236O_\366}J\025\345j4\256"
 5659      421C66FC 
 5659      9E4F5FF6 
 5659      7D4A15E5 
 5659      6A34AE
 5660 0157 A0A2C2A2 		.ascii	"\240\242\302\242Z!0\245\024`M\257RZ\030`3\251\013*\026"
 5660      5A2130A5 
 5660      14604DAF 
 5660      525A1860 
 5660      33A90B2A 
 5661 016c AB6492C9 		.ascii	"\253d\222\311\000#\255\304\027R\312A\202S*\026c9\221"
 5661      0023ADC4 
 5661      1752CA41 
 5661      82532A16 
 5661      633991
 5662 017f 60628C86 		.ascii	"`b\214\206\226\270 t\354\245\340\204*\231\036\300\274"
 5662      96B82074 
 5662      ECA5E084 
 5662      2A991EC0 
 5662      BC
 5663 0190 A0602EF1 		.ascii	"\240`.\361\025\001\325\302`\200-\257\270\0060\244_\373"
 5663      1501D5C2 
 5663      60802DAF 
 5663      B80630A4 
 5663      5FFB
 5664 01a2 A67EB03D 		.ascii	"\246~\260=\325.5z\243\312\343#D\302gO\370\014\012'\352"
 5664      D52E357A 
 5664      A3CAE323 
 5664      44C2674F 
 5664      F80C0A27 
 5665 01b7 F3C30F20 		.ascii	"\363\303\017  p\"\222p</\022(\177~\371\034O\356\366"
 5665      20702292 
 5665      703C2F12 
ARM GAS  C:\Users\nicx5\AppData\Local\Temp\ccjkJcxQ.s 			page 253


 5665      287F7EF9 
 5665      1C4FEEF6 
 5666 01cb 4AE0F010 		.ascii	"J\340\360\020\313\0306GT\026?c\020c\217\273xK\342Yp"
 5666      CB183647 
 5666      54163F63 
 5666      10638FBB 
 5666      784BE259 
 5667 01e0 0EC0DA5D 		.ascii	"\016\300\332]\333\202\327\261\0129\016\231XxU\2323t"
 5667      DB82D7B1 
 5667      0A390E99 
 5667      5878559A 
 5667      3374
 5668 01f2 26C5314B 		.ascii	"&\3051K\244\000\205\300\024\276\"\365\360PS\010.\275"
 5668      A40085C0 
 5668      14BE22F5 
 5668      F0505308 
 5668      2EBD
 5669 0204 368C01   		.ascii	"6\214\001"
 5670              		.text
 5671              		.section	.gnu.lto_HAL_QSPI_Transmit_IT.part.0.379.1f2fea0a,"e",%progbits
 5672 0000 28B52FFD 		.ascii	"(\265/\375`\217\003\205\027\000\226\351\222J\240\024"
 5672      608F0385 
 5672      170096E9 
 5672      924AA014 
 5673 0010 523AD0E8 		.ascii	"R:\320\350\247W!\366\213\377\340\357\304+\221\027\324"
 5673      A75721F6 
 5673      8BFFE0EF 
 5673      C42B9117 
 5673      D4
 5674 0021 63B7AF02 		.ascii	"c\267\257\002}\250\264\335X3\211A\251\302\261\373\337"
 5674      7DA8B4DD 
 5674      58338941 
 5674      A9C2B1FB 
 5674      DF
 5675 0032 FD147F66 		.ascii	"\375\024\177f\227~\300\354\257\007\017\207\0147\244"
 5675      977EC0EC 
 5675      AF070F87 
 5675      0C37A4
 5676 0041 BDD7AA24 		.ascii	"\275\327\252$c\2032v\033_Z\206\033eL\246K\376&D\356"
 5676      63833276 
 5676      1B5F5A86 
 5676      1B654CA6 
 5676      4BFE2644 
 5677 0056 94027900 		.ascii	"\224\002y\000v\000\203\000CO\265q\336\005qhd\251IGB"
 5677      76008300 
 5677      434FB571 
 5677      DE057168 
 5677      64A94947 
 5678 006b 5D79D245 		.ascii	"]y\322E\277\342\301jm\241T+\261e\245\251\266\363C\237"
 5678      BFE2C16A 
 5678      6DA1542B 
 5678      B165A5A9 
 5678      B6F3439F 
 5679 007f C55B18FD 		.ascii	"\305[\030\375\212\347\224Z\225ti\325Jl9i\011\345I\226"
 5679      8AE7945A 
 5679      957469D5 
 5679      4A6C3969 
ARM GAS  C:\Users\nicx5\AppData\Local\Temp\ccjkJcxQ.s 			page 254


 5679      09E54996 
 5680 0093 0BA027C7 		.ascii	"\013\240'\307\003\240'\355[\231\026S\244d\333\264\030"
 5680      03A027ED 
 5680      5B991653 
 5680      A464DBB4 
 5680      18
 5681 00a4 23F7B66A 		.ascii	"#\367\266j\011}9Q=\232ht\325J\234\235\\\252\367\276"
 5681      097D3951 
 5681      3D9A6874 
 5681      D54A9C9D 
 5681      5CAAF7BE 
 5682 00b8 73ECF913 		.ascii	"s\354\371\023\270\364\341\373\030\237\300\245\020\237"
 5682      B8F4E1FB 
 5682      189FC0A5 
 5682      109F
 5683 00c6 291F5F34 		.ascii	")\037_4\265V\227L7y\3333\266{\366\332\010\227\341\001"
 5683      B556974C 
 5683      3779DB33 
 5683      B67BF6DA 
 5683      0897E101 
 5684 00da C8A7E2D1 		.ascii	"\310\247\342\321\223\007\244\222`\355\317\\[UB\352,"
 5684      9307A492 
 5684      60EDCF5C 
 5684      5B5542EA 
 5684      2C
 5685 00eb CE9DDA71 		.ascii	"\316\235\332q\203\376X7h\277\246O\350t\214N\233\320"
 5685      83FE5837 
 5685      68BFA64F 
 5685      E8748C4E 
 5685      9BD0
 5686 00fd 69189D2E 		.ascii	"i\030\235.\357\342\177\321iJ\247I:=\322\351%\247\347"
 5686      EFE27FD1 
 5686      694AA749 
 5686      3A3DD2E9 
 5686      25A7E7
 5687 0110 87FF07CC 		.ascii	"\207\377\007\314\251\363\020\326\352T\354\252&\310\034"
 5687      A9F310D6 
 5687      EA54ECAA 
 5687      26C81C
 5688 011f 289E75FB 		.ascii	"(\236u\373YE~\014\307\374\027=\323\374j\025*=\313(v"
 5688      59457E0C 
 5688      C7FC173D 
 5688      D3FC6A15 
 5688      2A3DCB28 
 5689 0134 724545CD 		.ascii	"rEE\315>\214\277\350\315\012\242.V\221\250\037Hj%\032"
 5689      3E8CBFE8 
 5689      CD0AA22E 
 5689      5691A81F 
 5689      486A251A 
 5690 0148 38695E69 		.ascii	"8i^ib\025\312\002S\307\023l\201\034\310\205\342T,\026"
 5690      6215CA02 
 5690      53C7136C 
 5690      811CC885 
 5690      E2542C16 
 5691 015c 2FA3E5C2 		.ascii	"/\243\345\302\366H#~8\367\261\260\271\325\265\227Q;"
 5691      F648237E 
 5691      38F7B1B0 
ARM GAS  C:\Users\nicx5\AppData\Local\Temp\ccjkJcxQ.s 			page 255


 5691      B9D5B597 
 5691      513B
 5692 016e E73DCA24 		.ascii	"\347=\312$XF^k[8\217\241\232 H\302\027\204\256}\341"
 5692      58465E6B 
 5692      5B388FA1 
 5692      9A2048C2 
 5692      1784AE7D 
 5693 0183 3B44689D 		.ascii	";Dh\235\\\272(P[\344.\010\016\261\256\306\265m\317\201"
 5693      5CBA2850 
 5693      5BE42E08 
 5693      0EB1AEC6 
 5693      B56DCF81 
 5694 0197 7B4101B9 		.ascii	"{A\001\271.\243\273\343\242\2548*\361\273\035\007\256"
 5694      2EA3BBE3 
 5694      A2AC382A 
 5694      F1BB1D07 
 5694      AE
 5695 01a8 BCD16147 		.ascii	"\274\321aG\210\236\334\205\015\355\014\257!T\326Z\347"
 5695      889EDC85 
 5695      0DED0CAF 
 5695      2154D65A 
 5695      E7
 5696 01b9 32080E7D 		.ascii	"2\010\016}\373sn\313\312)\357\241\266\317g\374\250H"
 5696      FB736ECB 
 5696      CA29EFA1 
 5696      B6CF67FC 
 5696      A848
 5697 01cb D57A42C6 		.ascii	"\325zB\306\001:\241\335m\247\243\267\335\255&\2104\206"
 5697      013AA1DD 
 5697      6DA7A3B7 
 5697      DDAD2688 
 5697      3486
 5698 01dd 9797991B 		.ascii	"\227\227\231\033\016\001\214\013\001\036\3228\227\236"
 5698      0E018C0B 
 5698      011ED238 
 5698      979E
 5699 01eb 20DD069B 		.ascii	" \335\006\233\206\033\017\017\015\346g\247\233\341r"
 5699      861B0F0F 
 5699      0DE667A7 
 5699      9BE172
 5700 01fa 37331B84 		.ascii	"73\033\204\00666\"\242\031\233\231.\267\303\241'W#c"
 5700      06363622 
 5700      A2199B99 
 5700      2EB7C3A1 
 5700      27572363 
 5701 020e 22200736 		.ascii	"\" \0076:4\230\010\265\033\035\235O\016\010GG\301\203"
 5701      3A349808 
 5701      B51B1D9D 
 5701      4F0E0847 
 5701      47C183
 5702 0221 00F6FC58 		.ascii	"\000\366\374X7X\305\264\344\310\364{\364d\223l\237\354"
 5702      3758C5B4 
 5702      E4C8F47B 
 5702      F464936C 
 5702      9FEC
 5703 0233 5C24FB59 		.ascii	"\\$\373Y7\215ow\312vl\211\250\324z\0315\331\330\036"
 5703      378D6F77 
ARM GAS  C:\Users\nicx5\AppData\Local\Temp\ccjkJcxQ.s 			page 256


 5703      CA766C89 
 5703      A8D47A19 
 5703      35D9D81E 
 5704 0247 8969C287 		.ascii	"\211i\302\207\230,l8u\244\360)P\373\346B\002H\250a "
 5704      982C6C38 
 5704      75A4F029 
 5704      50FBE642 
 5704      0248A861 
 5705 025c 25954188 		.ascii	"%\225A\210!\252\231\244\244i5\240\002\031\262\262\015"
 5705      21AA99A4 
 5705      A46935A0 
 5705      0219B2B2 
 5705      0D
 5706 026d 1160C163 		.ascii	"\021`\301cBS\031\312\260\006/\012\272\360X\222\340x"
 5706      425319CA 
 5706      B0062F0A 
 5706      BAF05892 
 5706      E078
 5707 027f 22894F17 		.ascii	"\"\211O\027@I3sD\341\360E\274R\364\356\306\324c\367"
 5707      40493373 
 5707      44E1F045 
 5707      BC52F4EE 
 5707      C6D463F7 
 5708 0293 9EBA263A 		.ascii	"\236\272&:H\241\337\214e\223l\262\032b\266z\254\026"
 5708      48A1DF8C 
 5708      65936CB2 
 5708      1A62B67A 
 5708      AC16
 5709 02a5 16B7D004 		.ascii	"\026\267\320\004\260\364\177\223kD)\356\004\255/,9\262"
 5709      B0F47F93 
 5709      6B4429EE 
 5709      04AD2F2C 
 5709      39B2
 5710 02b7 32BB5EEA 		.ascii	"2\273^\352xJ\237\312\023\365\003\212F\370\311Qd(H\034"
 5710      784A9FCA 
 5710      13F5038A 
 5710      46F8C951 
 5710      6428481C 
 5711 02cb E659F013 		.ascii	"\346Y\360\023\262#\325jbmH\276\244\352Y\372H\276dU\273"
 5711      B223D56A 
 5711      626D48BE 
 5711      A4EA59FA 
 5711      48BE6455 
 5712 02e0 E86A8D01 		.ascii	"\350j\215\001\272\004\231f\020\331\370\313\037xh\321"
 5712      BA049966 
 5712      10D9F8CB 
 5712      1F7868D1 
 5713 02f0 B8EBA9E4 		.ascii	"\270\353\251\3445D\367l3\005"
 5713      3544F76C 
 5713      3305
 5714              		.text
 5715              		.section	.gnu.lto_HAL_QSPI_Abort_IT.part.0.380.1f2fea0a,"e",%progbits
 5716 0000 28B52FFD 		.ascii	"(\265/\375`=\005\005\036\000vt\270G\220XN:\002\325\372"
 5716      603D0505 
 5716      1E007674 
 5716      B8479058 
 5716      4E3A02D5 
ARM GAS  C:\Users\nicx5\AppData\Local\Temp\ccjkJcxQ.s 			page 257


 5717 0015 E02FE079 		.ascii	"\340/\340y\323\230\333\363U@3\352\306?;\3073\245\015"
 5717      D398DBF3 
 5717      554033EA 
 5717      C63F3BC7 
 5717      33A50D
 5718 0028 96006CC1 		.ascii	"\226\000l\301\361\033p\214m\324\033\367\327\216\224"
 5718      F11B708C 
 5718      6DD41BF7 
 5718      D78E94
 5719 0037 0CDC552C 		.ascii	"\014\334U,`Hh\315\361\227 \370\226\202\360l$X\344\312"
 5719      604868CD 
 5719      F19720F8 
 5719      9682F06C 
 5719      2458E4CA 
 5720 004b 1B18B783 		.ascii	"\033\030\267\203H\333\233\310-S\241\000\224\000\252"
 5720      48DB9BC8 
 5720      2D53A100 
 5720      9400AA
 5721 005a 0054B8A5 		.ascii	"\000T\270\245\005\266\216\376%{\020\004\252\035\233"
 5721      05B68EFE 
 5721      257B1004 
 5721      AA1D9B
 5722 0069 9A3DA359 		.ascii	"\232=\243Y\270\366U\244\255\233\314g\351w#o\303\252"
 5722      B8F655A4 
 5722      AD9BCC67 
 5722      E977236F 
 5722      C3AA
 5723 007b C8EEB0AC 		.ascii	"\310\356\260\254\002XG;\367\310\267\310\032\241\332"
 5723      0258473B 
 5723      F7C8B7C8 
 5723      1AA1DA
 5724 008a B0AA07E8 		.ascii	"\260\252\007\350N#\306\254\233\254\301\322s\030\227"
 5724      4E23C6AC 
 5724      9BACC1D2 
 5724      731897
 5725 0099 F62C81BA 		.ascii	"\366,\201\272T\\\001u\351y?\033wwO\304\027\021\034M"
 5725      545C0175 
 5725      E9793F1B 
 5725      77774FC4 
 5725      17111C4D 
 5726 00ad D0743710 		.ascii	"\320t7\020\367X\336\216\267JE\236$\357\273\343\355F"
 5726      F758DE8E 
 5726      B74A459E 
 5726      24EFBBE3 
 5726      ED46
 5727 00bf 54735A58 		.ascii	"TsZXbOw\307\230T\001\017\033\\+\256Z\026\027N\313j\262"
 5727      624F77C7 
 5727      9854010F 
 5727      1B5C2BAE 
 5727      5A16174E 
 5728 00d6 C8A00D8A 		.ascii	"\310\240\015\212\231\234\326\225H\240\306\217\337\012"
 5728      999CD695 
 5728      48A0C68F 
 5728      DF0A
 5729 00e4 77CAD0F2 		.ascii	"w\312\320\362\315\031`\311\033Qw\177{9\3667\373\237"
 5729      CD1960C9 
 5729      1B51777F 
ARM GAS  C:\Users\nicx5\AppData\Local\Temp\ccjkJcxQ.s 			page 258


 5729      7B39F637 
 5729      FB9F
 5730 00f6 C6FFA99F 		.ascii	"\306\377\251\237\372\004\277\211er\302\000\220\001P"
 5730      FA04BF89 
 5730      6572C200 
 5730      900150
 5731 0105 1C827D9B 		.ascii	"\034\202}\233\352\217b\2278\215\335;\"|\225\300x\372"
 5731      EA8F6297 
 5731      388DDD3B 
 5731      227C95C0 
 5731      78FA
 5732 0117 F6A8AA4B 		.ascii	"\366\250\252KG2B\366}A\317\362S\206>\324z\226\223\275"
 5732      473242F6 
 5732      7D41CFF2 
 5732      53863ED4 
 5732      7A9693BD 
 5733 012b 98E4E097 		.ascii	"\230\344\340\227\313\262,\317\301\237\316\357\320y\035"
 5733      CBB22CCF 
 5733      C19FCEEF 
 5733      D0791D
 5734 013a 3A9FA3F3 		.ascii	":\237\243\3639t\036\207\316\343n\3637u\236\244\363#"
 5734      39741E87 
 5734      CEE36EF3 
 5734      37759EA4 
 5734      F323
 5735 014c 9DBFD1F9 		.ascii	"\235\277\321\371J\347)\235\027\351<\213\363s\217\354"
 5735      4AE7299D 
 5735      17E93C8B 
 5735      F3738FEC 
 5736 015c 6E82D964 		.ascii	"n\202\331d\235\200u\353(\321t\027\215\002$\311\315\300"
 5736      9D8075EB 
 5736      28D17417 
 5736      8D0224C9 
 5736      CDC0
 5737 016e B2FE7F0A 		.ascii	"\262\376\177\012\247\267>!\226/\"@K\267l\347\277\377"
 5737      A7B73E21 
 5737      962F2240 
 5737      4BB76CE7 
 5737      BFFF
 5738 0180 96F1BEC2 		.ascii	"\226\361\276\302\343\316\333\261\251\023\371\272\301"
 5738      E3CEDBB1 
 5738      A913F9BA 
 5738      C1
 5739 018d B2B62C5C 		.ascii	"\262\266,\\N\360\000\273w\374\000y\353\314\310P\032"
 5739      4EF000BB 
 5739      77FC0079 
 5739      EBCCC850 
 5739      1A
 5740 019e 1821E254 		.ascii	"\030!\342T\275a\000U\016L\222\377\014\033\346\376n\330"
 5740      BD610055 
 5740      0E4C92FF 
 5740      0C1BE6FE 
 5740      6ED8
 5741 01b0 A9CB8AAF 		.ascii	"\251\313\212\257\036u\346C\255\203\207\020\300\356\336"
 5741      1E75E643 
 5741      AD838710 
 5741      C0EEDE
ARM GAS  C:\Users\nicx5\AppData\Local\Temp\ccjkJcxQ.s 			page 259


 5742 01bf FE7EA3D5 		.ascii	"\376~\243\325\362\301\007\230\226\002\304\256.%\313"
 5742      F2C10798 
 5742      9602C4AE 
 5742      2E25CB
 5743 01ce FC6EF442 		.ascii	"\374n\364Bl\226\035\311\010\202b\2753\340xV\226kVWo"
 5743      6C961DC9 
 5743      088262BD 
 5743      33E07856 
 5743      966B5657 
 5744 01e3 3CF25EB9 		.ascii	"<\362^\2711\0315d\263@5mf\314^\377\352j\345\025\"Y\263"
 5744      31193564 
 5744      B340356D 
 5744      66CC5EFF 
 5744      EA6AE515 
 5745 01fa 9A6D2EAE 		.ascii	"\232m.\256\256R\256|\333B\205\262\204\240\030\233\310"
 5745      AE52AE7C 
 5745      DB4285B2 
 5745      84A0189B 
 5745      C8
 5746 020b 52F62746 		.ascii	"R\366'F\247\364\225\345\352*\263\310\213\305\345\033"
 5746      A7F495E5 
 5746      EA2AB3C8 
 5746      8BC5E51B 
 5747 021b B166249E 		.ascii	"\261f$\236\274HrQ\2272\223b\277\322:q1v\367dR\254\307"
 5747      BC487251 
 5747      97329362 
 5747      BFD23A71 
 5747      3176F764 
 5748 0232 BE1F0DB7 		.ascii	"\276\037\015\267\214\273T\003;\026QJQ\273\372\022\016"
 5748      8CBB5403 
 5748      3B16514A 
 5748      51BBFA12 
 5748      0E
 5749 0243 1C0C292D 		.ascii	"\034\014)-=\020\372\341a\242_\372iR\261[\221\224B\211"
 5749      3D10FAE1 
 5749      61A25FFA 
 5749      6952B15B 
 5749      91944289 
 5750 0257 892948C8 		.ascii	"\211)H\310)j\007\264\004e\004\224\244\201BQ\222\224"
 5750      296A07B4 
 5750      04650494 
 5750      A4814251 
 5750      9294
 5751 0269 D45011D0 		.ascii	"\324P\021\320\016\312D\213&(\013\021.\365T\241\010)"
 5751      0ECA448B 
 5751      26280B11 
 5751      2EF554A1 
 5751      0829
 5752 027b 4868C391 		.ascii	"Hh\303\221\021\322\016\005\324\023\010\244\011\027\006"
 5752      11D20E05 
 5752      D41308A4 
 5752      091706
 5753 028a FC733978 		.ascii	"\374s9x\242\036c\361\212\335\335#{u\3314b\226\256\333"
 5753      A21E63F1 
 5753      8ADDDD23 
 5753      7B75D934 
 5753      6296AEDB 
ARM GAS  C:\Users\nicx5\AppData\Local\Temp\ccjkJcxQ.s 			page 260


 5754 029e CE99FDB2 		.ascii	"\316\231\375\262:\274SF\007\215-7f\354^]\315\341\034"
 5754      3ABC5346 
 5754      078D2D37 
 5754      66EC5E5D 
 5754      CDE11C
 5755 02b1 2FD6565B 		.ascii	"/\326V[\016\223hisu\365\347\215\255\227\021m\310~\011"
 5755      0E936869 
 5755      7375F5E7 
 5755      8DAD9711 
 5755      6DC87E09 
 5756 02c5 9758A9EC 		.ascii	"\227X\251\3545\\\034\336(=\253\2538\306\241\260k8>\020"
 5756      355C1CDE 
 5756      283DABAB 
 5756      38C6A1B0 
 5756      6B383E10 
 5757 02d9 440BCEE1 		.ascii	"D\013\316\341U\215 \224g.\377\0270\314\375\275\307\212"
 5757      558D2094 
 5757      672EFF17 
 5757      30CCFDBD 
 5757      C78A
 5758 02eb AFC26C68 		.ascii	"\257\302lh\250Q,'\025Q\306\014\221\210\310\004M\232"
 5758      A8512C27 
 5758      1551C60C 
 5758      9188C804 
 5758      4D9A
 5759 02fd 31900219 		.ascii	"1\220\002\0312\243\007\021\000I\315Dd\024\024\232*\035"
 5759      32A30711 
 5759      0049CD44 
 5759      6414149A 
 5759      2A1D
 5760 030f BF08F486 		.ascii	"\277\010\364\206i\230\357\322\320\261\217D\036J\211"
 5760      6998EFD2 
 5760      D0B18F44 
 5760      1E4A89
 5761 031e 06E0A362 		.ascii	"\006\340\243b\327\334\3424|\324?\310\257\312\271\212"
 5761      D7DCE234 
 5761      7CD43FC8 
 5761      AFCAB98A 
 5762 032e 947A6CAC 		.ascii	"\224zl\254*\371M%\313\246\017\325\237K\344\344\343C"
 5762      2AF94D25 
 5762      CBA60FD5 
 5762      9F4BE4E4 
 5762      E343
 5763 0340 6F478B67 		.ascii	"oG\213g\010\315\250\261\275\314\010\2653b\330\324\307"
 5763      08CDA8B1 
 5763      BDCC08B5 
 5763      3362D8D4 
 5763      C7
 5764 0351 B098824C 		.ascii	"\260\230\202L\031\337\000;$c\324\264\336\030\035\034"
 5764      19DF003B 
 5764      2463D4B4 
 5764      DE181D1C 
 5765 0361 6809073E 		.ascii	"h\011\007>\200\030\015\207\301VVX\210\"\257\346\311"
 5765      80180D87 
 5765      C1565658 
 5765      8822AFE6 
 5765      C9
ARM GAS  C:\Users\nicx5\AppData\Local\Temp\ccjkJcxQ.s 			page 261


 5766 0372 30642BA0 		.ascii	"0d+\240&\276\012\353@\311\220gI&\375\310Q\014\271\225"
 5766      26BE0AEB 
 5766      40C99067 
 5766      4926FDC8 
 5766      510CB995 
 5767 0386 F7D34917 		.ascii	"\367\323I\027i\0031\317\013\221\353\237\267\301\006"
 5767      690331CF 
 5767      0B91EB9F 
 5767      B7C106
 5768 0395 4C68C043 		.ascii	"Lh\300C\323ik\260\336Vh\016\304\3543\325\362\026\273"
 5768      D3696BB0 
 5768      DE56680E 
 5768      C4EC33D5 
 5768      F216BB
 5769 03a8 27012C4F 		.ascii	"'\001,O\364!eE`\322\261\257\025A\377\226\015\3053B\271"
 5769      F4216545 
 5769      60D2B1AF 
 5769      1541FF96 
 5769      0DC53342 
 5770 03bd 6C12D80D 		.ascii	"l\022\330\015\020\233\215\372\352}\246\2744"
 5770      109B8DFA 
 5770      EA7DA6BC 
 5770      34
 5771              		.text
 5772              		.section	.gnu.lto_.symbol_nodes.1f2fea0a,"e",%progbits
 5773 0000 28B52FFD 		.ascii	"(\265/\375`\327\005}\027\000vg\221J\240VR\007 @\332"
 5773      60D7057D 
 5773      17007667 
 5773      914AA056 
 5773      52072040 
 5774 0015 51BA3695 		.ascii	"Q\2726\225\217\261\236\336\017\245\345\237\223\274+"
 5774      8FB19EDE 
 5774      0FA5E59F 
 5774      93BC2B
 5775 0024 4C88EDC7 		.ascii	"L\210\355\307Q\030{\247*\304\360h\274\206\306~\346\360"
 5775      51187BA7 
 5775      2AC4F068 
 5775      BC86C67E 
 5775      E6F0
 5776 0036 2BBC07EE 		.ascii	"+\274\007\356\240\265\340u\370\024VXa\005/|\263\312"
 5776      A0B5E075 
 5776      F8145658 
 5776      61052F7C 
 5776      B3CA
 5777 0048 9ECC42BC 		.ascii	"\236\314B\274\275\331\232\014\232\016L\375wJI\006|\000"
 5777      BDD99A0C 
 5777      9A0E4CFD 
 5777      774A4906 
 5777      7C00
 5778 005a 7C008100 		.ascii	"|\000\201\000\026\276\267*|_\241\360\2555\341\233\212"
 5778      16BEB72A 
 5778      7C5FA1F0 
 5778      AD35E19B 
 5778      8A
 5779 006b 84EFAC08 		.ascii	"\204\357\254\010\337K |c\365|+y\360\235\304\3017\230"
 5779      DF4B207C 
 5779      63F57C2B 
ARM GAS  C:\Users\nicx5\AppData\Local\Temp\ccjkJcxQ.s 			page 262


 5779      79F09DC4 
 5779      C13798
 5780 007e 2793C964 		.ascii	"'\223\311d\203\357+\006\337H\026|[)\370>\322/.XY\202"
 5780      83EF2B06 
 5780      DF48167C 
 5780      5B29F83E 
 5780      D22F2E58 
 5781 0094 EF2A9E6F 		.ascii	"\357*\236o*\004\337S;\337O:\337\310\234\357\250\337"
 5781      2A04DF53 
 5781      3BDF4F3A 
 5781      DFC89CEF 
 5781      A8DF
 5782 00a6 B7914683 		.ascii	"\267\221F\203@\016|C\011\031\370.\263\001\262\201T\340"
 5782      400E7C43 
 5782      0919F82E 
 5782      B301B281 
 5782      54E0
 5783 00b8 FB7843E0 		.ascii	"\373xC\340\333J0\011\347;\314\367\375uQ\364ih\355[\353"
 5783      DB4A3009 
 5783      E73BCCF7 
 5783      FD7551F4 
 5783      6968ED5B 
 5784 00cd 14E4F2DE 		.ascii	"\024\344\362\336{\007|\033\333Z\333\"\0254\257\251l"
 5784      7B077C1B 
 5784      DB5ADB22 
 5784      1534AFA9 
 5784      6C
 5785 00de AFAA8E84 		.ascii	"\257\252\216\204\2244\232\373po\021\213p\275\3008\257"
 5785      94349AFB 
 5785      706F118B 
 5785      70BDC038 
 5785      AF
 5786 00ef 2E2F9E4B 		.ascii	"./\236K\331q\030\021\273\312\231\323Rf\030=\232\216"
 5786      D9711811 
 5786      BBCA99D3 
 5786      5266183D 
 5786      9A8E
 5787 0101 2D33FF99 		.ascii	"-3\377\231\371,e\016+^/\235\205\274s\242q\374\225\216"
 5787      F92C650E 
 5787      2B5E2F9D 
 5787      85BC73A2 
 5787      71FC958E 
 5788 0115 E29BECC4 		.ascii	"\342\233\354\304\367\230\211\357*l\255\355\033\274\326"
 5788      F79889EF 
 5788      2A6CADED 
 5788      1BBCD6
 5789 0124 F64A7C8B 		.ascii	"\366J|\2131\211\357)#\276\245\210\370\216\022\342\333"
 5789      3189EF29 
 5789      23BEA588 
 5789      F88E12E2 
 5789      DB
 5790 0135 0BC43794 		.ascii	"\013\3047\224\017\337]\036\276\271:|?\341\360-\265\341"
 5790      0FDF5D1E 
 5790      BEB93A7C 
 5790      3FE1F02D 
 5790      B5E1
 5791 0147 DB8986EF 		.ascii	"\333\211\206\357&\031\276\231`\370.^\370^\003F\0374"
ARM GAS  C:\Users\nicx5\AppData\Local\Temp\ccjkJcxQ.s 			page 263


 5791      2619BE99 
 5791      60F82E5E 
 5791      F85E0346 
 5791      1F34
 5792 0159 3B375366 		.ascii	";7Sf\344\215$\223.\200\367P\336)\2321\3249\267\241\271"
 5792      E48D2493 
 5792      2E80F750 
 5792      DE299A31 
 5792      D439B7A1 
 5793 016e 1CCF0E19 		.ascii	"\034\317\016\031\300\306\271\015\207s\037\264\274yO"
 5793      C0C6B90D 
 5793      87731FB4 
 5793      BC794F
 5794 017d BDB92DBD 		.ascii	"\275\271-\275\371\317\357\346,\2106\207Qk\276\002\230"
 5794      F9CFEFE6 
 5794      2C883687 
 5794      516BBE02 
 5794      98
 5795 018e 03C06152 		.ascii	"\003\300aR\346\030D^B,3\236\"5}\207\232\246\373\254"
 5795      E618445E 
 5795      422C339E 
 5795      22357D87 
 5795      9AA6FBAC 
 5796 01a2 5C03222E 		.ascii	"\\\003\".\2252\236S\331\213^jS)\343\014\374\311\270"
 5796      95329E53 
 5796      D98B5E6A 
 5796      5329E30C 
 5796      FCC9B8
 5797 01b5 4E654B24 		.ascii	"NeK$+*\250c\274\2662\007\015\021\016\22511\256C\371"
 5797      2B2AA863 
 5797      BCB63207 
 5797      0D110E95 
 5797      3131AE43 
 5798 01ca C54896A3 		.ascii	"\305H\226\243\244\271m\345\232\261\240\037\035\226W"
 5798      A4B96DE5 
 5798      9AB1A01F 
 5798      1D9657
 5799 01d9 EE7BEFDD 		.ascii	"\356{\357\335\3418oe\336\027\322U\351s\235Z\372\334"
 5799      E1386F65 
 5799      DE17D255 
 5799      E9739D5A 
 5799      FADC
 5800 01eb 14B29D52 		.ascii	"\024\262\235R\032\022\355\370\234\201>g\344\312;\254"
 5800      1A12EDF8 
 5800      9C813E67 
 5800      E4CA3BAC 
 5801 01fb A18E9BD3 		.ascii	"\241\216\233\323yL=\252\354\022\24644\012\231w\357\325"
 5801      794C3DAA 
 5801      EC12A634 
 5801      340A9977 
 5801      EFD5
 5802 020d 399DD794 		.ascii	"9\235\327\224-\323\275\267\247\352Ng$\224Y\250\212I"
 5802      2DD3BDB7 
 5802      A7EA4E67 
 5802      249459A8 
 5802      8A49
 5803 021f 34A7330F 		.ascii	"4\2473\017\225]\202\030\325\340\235\316E+\343\226\216"
ARM GAS  C:\Users\nicx5\AppData\Local\Temp\ccjkJcxQ.s 			page 264


 5803      955D8218 
 5803      D5E09DCE 
 5803      452BE396 
 5803      8E
 5804 0230 AC049CDE 		.ascii	"\254\004\234\336\"\345\033(\261\265\346t\025)\363\275"
 5804      22E51B28 
 5804      B1B5E674 
 5804      1529F3BD 
 5805 0240 D785CDE9 		.ascii	"\327\205\315\351&\220\231\010\371\365\244\263\363\231"
 5805      26909908 
 5805      F9F5A4B3 
 5805      F399
 5806 024e 947BB402 		.ascii	"\224{\264\002X\250\221\034B|\023\310Lf\302\2024\255"
 5806      58A8911C 
 5806      427C13C8 
 5806      4C66C282 
 5806      34AD
 5807 0260 01E00299 		.ascii	"\001\340\002\231\251\231\016\021p\024\305\034RBG\002"
 5807      A9990E11 
 5807      7014C51C 
 5807      52424702 
 5808 0270 0924901D 		.ascii	"\011$\220\035\033,\221\235m\023\326:\206\024w\005ni"
 5808      1B2C919D 
 5808      6D13D63A 
 5808      86147705 
 5808      6E69
 5809 0282 5197AC8B 		.ascii	"Q\227\254\213\316\270 \206#g3\251\272\034\306\261\342"
 5809      CEB82086 
 5809      236733A9 
 5809      BA1CC6B1 
 5809      E2
 5810 0293 9C674195 		.ascii	"\234gA\225e\031\205\347\342F}\212w%\005\326\251p\315"
 5810      651985E7 
 5810      E2467D8A 
 5810      772505D6 
 5810      A970CD
 5811 02a6 E3CE660A 		.ascii	"\343\316f\012\277mt\325\365\247\224\\\316\314\213l\325"
 5811      BF6D74D5 
 5811      F5A7945C 
 5811      CECC8B6C 
 5811      D5
 5812 02b7 E0CA5BF5 		.ascii	"\340\312[\365\352X\357i\002\300GpWq]v\224V\\\317\025"
 5812      EA58EF69 
 5812      02C04770 
 5812      57715D76 
 5812      94565CCF 
 5813 02cc A9A16CA8 		.ascii	"\251\241l\250\323\376\342\016\242\3644\203\3647\233"
 5813      D3FEE20E 
 5813      A2F43483 
 5813      F4379B
 5814 02db 8FDEC6C2 		.ascii	"\217\336\306\302Z*\015\273x\377\364\010\322@\217\226"
 5814      5A2A0DBB 
 5814      78FFF408 
 5814      D2408F96 
 5815 02eb 60A6E086 		.ascii	"`\246\340\206q\215\011 \210\037\361\366\374\001"
 5815      718D0920 
 5815      881FF1F6 
ARM GAS  C:\Users\nicx5\AppData\Local\Temp\ccjkJcxQ.s 			page 265


 5815      FC01
 5816              		.text
 5817              		.section	.gnu.lto_.refs.1f2fea0a,"e",%progbits
 5818 0000 28B52FFD 		.ascii	"(\265/\375 &1\001\000\"\000\000\000\002\021\002\001"
 5818      20263101 
 5818      00220000 
 5818      00021102 
 5818      01
 5819 0011 27000212 		.ascii	"'\000\002\022)\000\002\023\002\000&\000\002\022(\000"
 5819      29000213 
 5819      02002600 
 5819      02122800 
 5820 0021 011A0218 		.ascii	"\001\032\002\030\026\000\001!\002\030\333\001\000\000"
 5820      16000121 
 5820      0218DB01 
 5820      0000
 5821              		.text
 5822              		.section	.gnu.lto_.decls.1f2fea0a,"e",%progbits
 5823 0000 28B52FFD 		.ascii	"(\265/\375`\267D]\366\000j\202\325TS \012Q:\351\025"
 5823      60B7445D 
 5823      F6006A82 
 5823      D5545320 
 5823      0A513AE9 
 5824 0015 060D92FB 		.ascii	"\006\015\222\373\0044 >\001\334;G@\004\036\206\311\353"
 5824      0434203E 
 5824      01DC3B47 
 5824      40041E86 
 5824      C9EB
 5825 0027 8A1B4378 		.ascii	"\212\033Cx\223`\322DE\240\005\217\272\223P$6v+\222\330"
 5825      9360D244 
 5825      45A0058F 
 5825      BA935024 
 5825      36762B92 
 5826 003c B5807145 		.ascii	"\265\200qE]\014w\332\017\372\211\2415>,\313rSSl\247"
 5826      5D0C77DA 
 5826      0FFA89A1 
 5826      353E2CCB 
 5826      7253536C 
 5827 0051 354B1572 		.ascii	"5K\025r\016:U2\020\241\243e\226l\"w\012s\004:\005d\005"
 5827      0E3A5532 
 5827      10A1A365 
 5827      966C2277 
 5827      0A73043A 
 5828 0068 39434FE2 		.ascii	"9CO\342\267\201}e\325X\301\016|=r3\212E\306\256\230"
 5828      B7817D65 
 5828      D558C10E 
 5828      7C3D7233 
 5828      8A45C6AE 
 5829 007d 45CE4AA2 		.ascii	"E\316J\242a\316\371\177w5\214\256\321\316\226\3214:"
 5829      61CEF97F 
 5829      77358CAE 
 5829      D1CE96D1 
 5829      343A
 5830 008f AB67F456 		.ascii	"\253g\364Vc5W\307\350\023Z\313\316\365\325o\305\330"
 5830      633557C7 
 5830      E8135ACB 
 5830      CEF5D56F 
ARM GAS  C:\Users\nicx5\AppData\Local\Temp\ccjkJcxQ.s 			page 266


 5830      C5D8
 5831 00a1 BFEFE49C 		.ascii	"\277\357\344\234\257r\316\026\014a'\020!Y\034\356\357"
 5831      AF72CE16 
 5831      0C612710 
 5831      21591CEE 
 5831      EF
 5832 00b2 17FC8B05 		.ascii	"\027\374\213\005\377\276\341\337$\370\027\010\306;\360"
 5832      FFBEE1DF 
 5832      24F81708 
 5832      C63BF0
 5833 00c1 6F0D0C74 		.ascii	"o\015\014t3~J\210\207\312\340\247Xp\207:\374\264\015"
 5833      337E4A88 
 5833      87CAE0A7 
 5833      5870873A 
 5833      FCB40D
 5834 00d4 7FB04145 		.ascii	"\177\260AE\273\306\262\261s:6\232\177\332\207\231\232"
 5834      BBC6B2B1 
 5834      733A369A 
 5834      7FDA8799 
 5834      9A
 5835 00e5 61DFA769 		.ascii	"a\337\247i\330E\3169[\235\242\216N\361i\016\214\201"
 5835      D845CE39 
 5835      5B9DA28E 
 5835      4EF1690E 
 5835      8C81
 5836 00f7 0D2A3EB5 		.ascii	"\015*>\265\201S\250\025*Z4M%M\212^\337\247Wg\022\255"
 5836      8153A815 
 5836      2A5A344D 
 5836      254D8A5E 
 5836      DFA75767 
 5837 010d 1F5F8FAA 		.ascii	"\037_\217\252\207\206\256K\337w\032l\373\354\030;g\311"
 5837      8786AE4B 
 5837      DF771A6C 
 5837      FBEC183B 
 5837      67C9
 5838 011f FC2332D8 		.ascii	"\374#2\330\2206\241\316h\316\320\036\225L\336\023$}"
 5838      9036A1CE 
 5838      68CED01E 
 5838      954CDE13 
 5838      247D
 5839 0131 6F37146D 		.ascii	"o7\024m\242\335P|\223\301\007\260A\305\017V\250\370"
 5839      A2DD507C 
 5839      93C107B0 
 5839      41C50F56 
 5839      A8F8
 5840 0143 D6C36F3B 		.ascii	"\326\303o;|\250\032~\357\300\217b\203\212o+|\033\305"
 5840      7CA81A7E 
 5840      EFC08F62 
 5840      838A6F2B 
 5840      7C1BC5
 5841 0156 C7B2454B 		.ascii	"\307\262EK\017\342\027\225\036}\255\226\337f\261w\017"
 5841      0FE21795 
 5841      1E7DAD96 
 5841      DF66B177 
 5841      0F
 5842 0167 FC90739B 		.ascii	"\374\220s\233\234\263\006\010\330r\324\350\013d\205"
 5842      9CB30608 
ARM GAS  C:\Users\nicx5\AppData\Local\Temp\ccjkJcxQ.s 			page 267


 5842      D872D4E8 
 5842      0B6485
 5843 0176 8A6D838A 		.ascii	"\212m\203\212'\264W\376\357\354\370($\203\244\357o\257"
 5843      27B457FE 
 5843      EFECF828 
 5843      2483A4EF 
 5843      6FAF
 5844 0188 58692DC0 		.ascii	"Xi-\300\302\027Vl\025'C\304r\364\275\315\303\267R\360"
 5844      C217566C 
 5844      152743C4 
 5844      72F4BDCD 
 5844      C3B752F0 
 5845 019c AD11FC2F 		.ascii	"\255\021\374/Rl\0248f\230h\351k\241\250\204[]j\372\336"
 5845      526C1438 
 5845      669868E9 
 5845      6BA1A884 
 5845      5B5D6AFA 
 5846 01b1 E6C0FFED 		.ascii	"\346\300\377\355\234}\222\346<d\267\220\300\310\353"
 5846      9C7D92E6 
 5846      3C64B790 
 5846      C0C8EB
 5847 01c0 7B13B08D 		.ascii	"{\023\260\215\263P;\367\301\322Y\320\312?F9T\266\004"
 5847      B3503BF7 
 5847      C1D259D0 
 5847      CA3F4639 
 5847      54B604
 5848 01d3 F67D0B6C 		.ascii	"\366}\013l\024\341V\356+\346r\006\037\302\267\037\212"
 5848      14E156EE 
 5848      2BE67206 
 5848      1FC2B71F 
 5848      8A
 5849 01e4 3F898989 		.ascii	"?\211\211\211\211\366C\361\215\317g\203\212G\343\366"
 5849      89F643F1 
 5849      8DCF6783 
 5849      8A47E3F6 
 5850 01f4 5B26B6ED 		.ascii	"[&\266\355\200;W\320l\2303\264\302\325\342\026\226\327"
 5850      803B57D0 
 5850      6C9833B4 
 5850      C2D5E216 
 5850      96D7
 5851 0206 B783152A 		.ascii	"\267\203\025*^\033T\374-\011=A\232\005\021Bj\252\357"
 5851      5E1B54FC 
 5851      2D093D41 
 5851      9A051142 
 5851      6AAAEF
 5852 0219 B7256C78 		.ascii	"\267%lx\340\277\012\350\011\3224D]`\201\326\222\303"
 5852      E0BF0AE8 
 5852      09D23444 
 5852      5D6081D6 
 5852      92C3
 5853 022b F0F3DF0B 		.ascii	"\360\363\337\013\320~\374\026\310ow\374v\354\267f\277"
 5853      D07EFC16 
 5853      C86F77FC 
 5853      76ECB766 
 5853      BF
 5854 023c EDF15B1E 		.ascii	"\355\361[\036\277%\373m\376\255\216\337\372\370m\220"
 5854      BF25FB6D 
ARM GAS  C:\Users\nicx5\AppData\Local\Temp\ccjkJcxQ.s 			page 268


 5854      FEAD8EDF 
 5854      FAF86D90 
 5855 024c DF9A60CB 		.ascii	"\337\232`\313\276\341\277?Br\377\345n\201\277\343\004"
 5855      BEE1BF3F 
 5855      4272FFE5 
 5855      6E81BFE3 
 5855      04
 5856 025d 8330FCD7 		.ascii	"\2030\374\327\303\332Z$<\303\177\257\374]\201\232\012"
 5856      C3DA5A24 
 5856      3CC37FAF 
 5856      FC5D819A 
 5856      0A
 5857 026e A807FDB7 		.ascii	"\250\007\375\267\206\2128o~[\302\3514t\370-\210\020"
 5857      868A386F 
 5857      7E5BC2E9 
 5857      3474F82D 
 5857      8810
 5858 0280 F7F953C2 		.ascii	"\367\371S\302\024d\016P3v\343\257*\200\205\016\241_"
 5858      14640E50 
 5858      3376E3AF 
 5858      2A80850E 
 5858      A15F
 5859 0292 D58085FA 		.ascii	"\325\200\205\372\253\027\374\255|\263\"\244x\376\233"
 5859      AB17FCAD 
 5859      7CB322A4 
 5859      78FE9B
 5860 02a1 F7B796BD 		.ascii	"\367\267\226\275\352\"KJ\010q\272.\225\002\302\323\001"
 5860      EA224B4A 
 5860      0871BA2E 
 5860      9502C2D3 
 5860      01
 5861 02b2 A0DD7EAB 		.ascii	"\240\335~\253\246e\274\370\253\031\254T\325\204\304"
 5861      A665BCF8 
 5861      AB19AC54 
 5861      D584C4
 5862 02c1 0E1C8E40 		.ascii	"\016\034\216@\330B\015\325\231\014pY\355\234\277E\363"
 5862      D8420DD5 
 5862      990C7059 
 5862      ED9CBF45 
 5862      F3
 5863 02d2 DB33BF05 		.ascii	"\3333\277\005\214ADE\005\377u\2427\001\020\377M\362"
 5863      8C414445 
 5863      05FF75A2 
 5863      370110FF 
 5863      4DF2
 5864 02e4 5B12CAC2 		.ascii	"[\022\312\302\374V\014\326o\371~\333\201\337\342\375"
 5864      FC560CD6 
 5864      6FF97EDB 
 5864      81DFE2FD 
 5865 02f4 F6459EBD 		.ascii	"\366E\236\275@k\321\021Q\"\300\177\321\212\207P0\216"
 5865      406BD111 
 5865      5122C07F 
 5865      D18A8750 
 5865      308E
 5866 0306 48FCD7AB 		.ascii	"H\374\327\253\203\264Y\343o\003\360\333\240\337V\361"
 5866      83B459E3 
 5866      6F03F0DB 
ARM GAS  C:\Users\nicx5\AppData\Local\Temp\ccjkJcxQ.s 			page 269


 5866      A0DF56F1 
 5867 0316 603FFC36 		.ascii	"`?\3746\316\206\377ZHPaB+\011q\017&F\374W\306oK\260"
 5867      CE86FF5A 
 5867      48506142 
 5867      2B09710F 
 5867      2646FC57 
 5868 032e 24C09051 		.ascii	"$\300\220Q\341f\375\035\001\223\377t\032.\374\027\001"
 5868      E166FD1D 
 5868      0193FF74 
 5868      1A2EFC17 
 5868      01
 5869 033f 0BA8C06F 		.ascii	"\013\250\300o\241`\020\011\340\277/~KB\326\223\011\315"
 5869      A1601009 
 5869      E0BF2F7E 
 5869      4B42D693 
 5869      09CD
 5870 0351 CBDD8319 		.ascii	"\313\335\203\031\0068\340\303\177M\370m\011M\010\240"
 5870      0638E0C3 
 5870      7F4DF86D 
 5870      094D08A0 
 5871 0361 E0BF54BF 		.ascii	"\340\277T\277%\341\254\213\315\246\341h~\213\201\337"
 5871      25E1AC8B 
 5871      CDA6E168 
 5871      7E8B81DF 
 5872 0371 16E01E6E 		.ascii	"\026\340\036n\206H\001$\370/\362o\253.\262d\355\267"
 5872      86480124 
 5872      F82FF26F 
 5872      AB2EB264 
 5872      EDB7
 5873 0383 1EDA840C 		.ascii	"\036\332\204\014d\375M5\302\225\012\220\277%\241\003"
 5873      64FD4D35 
 5873      C2950A90 
 5873      BF25A103 
 5874 0393 C7DF42FD 		.ascii	"\307\337B\375\366\271\200\3372\375VE\363\277\334\025"
 5874      F6B980DF 
 5874      32FD5645 
 5874      F3BFDC15 
 5875 03a3 8B2C1A44 		.ascii	"\213,\032D\264\222\377t?\300\257\356X\020\302o\243\336"
 5875      B492FF74 
 5875      3FC0AFEE 
 5875      5810C26F 
 5875      A3DE
 5876 03b5 FFEDE0EF 		.ascii	"\377\355\340\357\012\324\376\376\271@\347\277\024\370"
 5876      0AD4FEFE 
 5876      B940E7BF 
 5876      14F8
 5877 03c3 5BEBB716 		.ascii	"[\353\267\026\370-\004~\213\342\267\037\374V\353\267"
 5877      F82D047E 
 5877      8BE2B71F 
 5877      FC56EBB7 
 5878 03d3 1EFC36C5 		.ascii	"\036\3746\305o\037\360\333\244\277-\374V0\311oA\370"
 5878      6F1FF0DB 
 5878      A4BF2DFC 
 5878      5630C96F 
 5878      41F8
 5879 03e5 ADD36F97 		.ascii	"\255\323o\227~[\302\005~\333\364\367\004i\277]\177K"
 5879      7E5BC205 
ARM GAS  C:\Users\nicx5\AppData\Local\Temp\ccjkJcxQ.s 			page 270


 5879      7EDBF4F7 
 5879      0469BF5D 
 5879      7F4B
 5880 03f7 A27920F9 		.ascii	"\242y \371\357A\304\337_Q\025\356\007\177?\3776\362"
 5880      EF41C4DF 
 5880      5F5115EE 
 5880      077F3FFF 
 5880      36F2
 5881 0409 B790BFCD 		.ascii	"\267\220\277\315\376&\373{\354o\035\177\177\375-\365"
 5881      FE26FB7B 
 5881      EC6F1D7F 
 5881      7FFD2DF5 
 5882 0419 77D7DF35 		.ascii	"w\327\3375\376\226\361\367\325\337V\177\233\360w\007"
 5882      FE96F1F7 
 5882      D5DF567F 
 5882      9BF07707 
 5883 0429 FE1EE1EF 		.ascii	"\376\036\341\357\026\177S\375=\365w\006\376^\361\367"
 5883      167F53FD 
 5883      3DF57706 
 5883      FE5EF1F7 
 5884 0439 FAB78ABF 		.ascii	"\372\267\212\277'\360\267\322\337G\177w\360\267\211"
 5884      27F0B7D2 
 5884      DF477F77 
 5884      F0B789
 5885 0448 BF8BFED6 		.ascii	"\277\213\376\326\3607\321\337\016\370\033\001\177\027"
 5885      F037D1DF 
 5885      0EF81B01 
 5885      7F17
 5886 0456 E0EF0BFE 		.ascii	"\340\357\013\376\006\361\267\005\177{\370\233\202\277"
 5886      06F1B705 
 5886      7F7BF89B 
 5886      82BF
 5887 0464 37FC1DF4 		.ascii	"7\374\035\3647\206\277u~\033\347\267\207\277%\374\255"
 5887      3786BF75 
 5887      7E1BE7B7 
 5887      87BF25FC 
 5887      AD
 5888 0475 9ADF02FE 		.ascii	"\232\337\002\376v\314\177-\277\305\362\333!\277\325"
 5888      76CC7F2D 
 5888      BFC5F2DB 
 5888      21BFD5
 5889 0484 F0DB18BF 		.ascii	"\360\333\030\277e\361[\020\277\035\374\255\340\177\017"
 5889      65F15B10 
 5889      BF1DFCAD 
 5889      E07F0F
 5890 0493 FF33F09F 		.ascii	"\3773\360\237\356\267k~\033\370[2\277\315\362\333\273"
 5890      EEB76B7E 
 5890      1BF85B32 
 5890      BFCDF2DB 
 5890      BB
 5891 04a4 DF26F96D 		.ascii	"\337&\371m\332o\221\374\226\001\277=\362[#\277-\362"
 5891      DA6F91FC 
 5891      9601BF3D 
 5891      F25B23BF 
 5891      2DF2
 5892 04b6 5B22BF95 		.ascii	"[\"\277\225\361\333\031\277\215\372-\006\277\015\361"
 5892      F1DB19BF 
ARM GAS  C:\Users\nicx5\AppData\Local\Temp\ccjkJcxQ.s 			page 271


 5892      8DFA2D06 
 5892      BF0DF1
 5893 04c5 BFED3F08 		.ascii	"\277\355?\010\377\275\374\037@bbb\342\017\264\364\363"
 5893      FFBDFC1F 
 5893      40626262 
 5893      E20FB4F4 
 5893      F3
 5894 04d6 30F92D08 		.ascii	"0\371-\010\013\202j\002\303\314\345\270\276)`\321\331"
 5894      0B826A02 
 5894      C3CCE5B8 
 5894      BE2960D1 
 5894      D9
 5895 04e7 55B8A3EF 		.ascii	"U\270\243\357)(\301\377S4i\032;\227\376\375\02615S\306"
 5895      2928C1FF 
 5895      5334691A 
 5895      3B97FEFD 
 5895      16313553 
 5896 04fc CD5F7A06 		.ascii	"\315_z\006\3163g\350\220\005\026\350`\011\204z\025\357"
 5896      CE3367E8 
 5896      900516E8 
 5896      6009847A 
 5896      15EF
 5897 050e 299CE153 		.ascii	")\234\341S\270\201\377\324/%\303\244\012\334\213\276"
 5897      B881FFD4 
 5897      2F25C3A4 
 5897      0ADC8BBE 
 5898 051e E998B213 		.ascii	"\351\230\262\023\374\334\364\275q\016\356\302\266E\006"
 5898      FCDCF4BD 
 5898      710EEEC2 
 5898      B64506
 5899 052d 9630295F 		.ascii	"\2260)_\272\227\366\245y\251\236\235K\305\374\3260\005"
 5899      BA97F6A5 
 5899      79A99E9D 
 5899      4BC5FCD6 
 5899      3005
 5900 053f 83C845C6 		.ascii	"\203\310E\306\033\236\214-_d<\305\244^\326p\226\023"
 5900      1B9E8C2D 
 5900      5F643CC5 
 5900      A45ED670 
 5900      9613
 5901 0551 BD273EF7 		.ascii	"\275'>\367F6\330B\255P\361\3064\370F?|c\036\276\321"
 5901      4636D842 
 5901      AD50F1C6 
 5901      34F8463F 
 5901      7C631EBE 
 5902 0566 0EDF2887 		.ascii	"\016\337(\207\377TKz\027\304/\360\355.\315\362#\030"
 5902      FF544B7A 
 5902      17C42FF0 
 5902      ED2ECDF2 
 5902      2318
 5903 0578 E765AB6F 		.ascii	"\347e\253o\343\360YC\006N\232\276\210\335\346K!\223"
 5903      E3F05943 
 5903      064E9ABE 
 5903      88DDE64B 
 5903      2193
 5904 058a 1E1B7CE6 		.ascii	"\036\033|\346\334\027\247\011^\334\226\266\350\340\232"
 5904      DC17A709 
ARM GAS  C:\Users\nicx5\AppData\Local\Temp\ccjkJcxQ.s 			page 272


 5904      5EDC96B6 
 5904      E8E09A
 5905 0599 AD337CE6 		.ascii	"\2553|\346\0145t\333\223\223\023\250\004\016\\\027\266"
 5905      0C3574DB 
 5905      939313A8 
 5905      040E5C17 
 5905      B6
 5906 05aa 36D0BBB7 		.ascii	"6\320\273\267\350\031\275\271t\211\020\012\210c\256"
 5906      E819BDB9 
 5906      7489100A 
 5906      8863AE
 5907 05b9 440DA5A4 		.ascii	"D\015\245\244QR\273\224.}\222^I\251\244S\322\272\324"
 5907      5152BB94 
 5907      2E7D925E 
 5907      49A9A453 
 5907      D2BAD4
 5908 05cc 4A8A2585 		.ascii	"J\212%\205\222VI\235\330\271t\356\026\360d%6\221p\270"
 5908      9256499D 
 5908      D8B974EE 
 5908      16F06425 
 5908      369170B8 
 5909 05e0 37BEE11B 		.ascii	"7\276\341\033\227\340\033\221\340\033\211\340\033\321"
 5909      97E01B91 
 5909      E01B89E0 
 5909      1BD1
 5910 05ee F08D65F8 		.ascii	"\360\215e\370F\035\370\306/|#\027\276Q\006\276\021\013"
 5910      461DF8C6 
 5910      2F7C2317 
 5910      BE5106BE 
 5910      110B
 5911 0600 9F470E3E 		.ascii	"\237G\016>\317\033\374\247jv\313\223\013L\216$O\233"
 5911      CF1BFCA7 
 5911      6A76CB93 
 5911      0B4C8E24 
 5911      4F9B
 5912 0612 7543875D 		.ascii	"uC\207]Z\212D\025\234s\306\306\367\243\223\204L\030"
 5912      5A8A4415 
 5912      9C73C6C6 
 5912      F7A39384 
 5912      4C18
 5913 0624 DED39E39 		.ascii	"\336\323\2369\322p|M+kF\322\254\304\240Q\204\010O\242"
 5913      D2707C4D 
 5913      2B6B46D2 
 5913      ACC4A051 
 5913      84084FA2 
 5914 0638 B3ABAB6F 		.ascii	"\263\253\253o:\244\247\215W\025\260\276\347!\203m\304"
 5914      3AA4A78D 
 5914      5715B0BE 
 5914      E721836D 
 5914      C4
 5915 0649 80C39196 		.ascii	"\200\303\221\226\303\326\305\010\013\373*<\241\313s"
 5915      C3D6C508 
 5915      0BFB2A3C 
 5915      A1CB73
 5916 0658 CBB0B00B 		.ascii	"\313\260\260\013/P\007\342\263F\033\256=\257\273\257"
 5916      2F5007E2 
 5916      B3461BAE 
ARM GAS  C:\Users\nicx5\AppData\Local\Temp\ccjkJcxQ.s 			page 273


 5916      3DAFBBAF 
 5917 0668 B51B31DA 		.ascii	"\265\0331\332\322\263\324Gj\226\362H{\244?\322\262T"
 5917      D2B3D447 
 5917      6A96F248 
 5917      7BA43FD2 
 5917      B254
 5918 067a 48BA2325 		.ascii	"H\272#%K\203\244b)\220\024\315\316\245c\351X\012\226"
 5918      4B83A462 
 5918      299014CD 
 5918      CEA563E9 
 5918      580A96
 5919 068d 5FF41DCF 		.ascii	"_\364\035\317\3720\033\255,f\034\356y\360\360y\254\340"
 5919      FA301BAD 
 5919      2C661CEE 
 5919      79F0F079 
 5919      ACE0
 5920 069f F33CC1E7 		.ascii	"\363<\301\347Y\202\3173\004\237\007\014\237g\006\376"
 5920      5982CF33 
 5920      049F070C 
 5920      9F6706FE 
 5921 06af 8E1CFC9D 		.ascii	"\216\034\374\235(\376\316\036\376\016\027\374\035+\370"
 5921      28FECE1E 
 5921      FE0E17FC 
 5921      1D2BF8
 5922 06be 3B4FF077 		.ascii	";O\360w\224\340?\2451#\265r\203\002\327\367Og\2442\340"
 5922      94E03FA5 
 5922      3123B572 
 5922      8302D7F7 
 5922      4F67A432 
 5923 06d3 0C39DCD1 		.ascii	"\0149\334\321\267\275\314\030\313O\372\032r=\345\254"
 5923      B7BDCC18 
 5923      CB4FFA1A 
 5923      723DE5AC 
 5924 06e3 C5690336 		.ascii	"\305i\0036\270F\315\2200\014\361\315\011\203lR\2554"
 5924      B846CD90 
 5924      300CF1CD 
 5924      09836C52 
 5924      AD34
 5925 06f5 2BBDEA39 		.ascii	"+\275\3529\251U\332L\261Rg\232\0331\205\221\306\350"
 5925      A955DA4C 
 5925      B152679A 
 5925      1B318591 
 5925      C6E8
 5926 0707 443B97BE 		.ascii	"D;\227\276\370\033N\307)\024\334a8(\366\214S\370\365"
 5926      F81B4EC7 
 5926      2914DC61 
 5926      3828F68C 
 5926      53F8F5
 5927 071a CCB9EF10 		.ascii	"\314\271\357\020\016\021\321M\217\021A\243X\3018\033"
 5927      0E11D14D 
 5927      8F1141A3 
 5927      58C1381B 
 5928 072a CFF44547 		.ascii	"\317\364EG{\014\203i\345\374\026$\203\033\253+Q\303"
 5928      7B0C8369 
 5928      E5FC1624 
 5928      831BAB2B 
 5928      51C3
ARM GAS  C:\Users\nicx5\AppData\Local\Temp\ccjkJcxQ.s 			page 274


 5929 073c 9CFB12CD 		.ascii	"\234\373\022\315\340h\242\341\036\277\301i\231\025*"
 5929      E068A2E1 
 5929      1EBFC169 
 5929      99152A
 5930 074b 16C00615 		.ascii	"\026\300\006\025\217\333\340\343(>V\203\217\323\340"
 5930      8FDBE0E3 
 5930      283E5683 
 5930      8FD3E0
 5931 075a E332F8B8 		.ascii	"\3432\370\270\017\037\357\341c<|\354\005\037g\301\307"
 5931      0F1FEFE1 
 5931      633C7CEC 
 5931      051F67C1 
 5931      C7
 5932 076b 76F8188A 		.ascii	"v\370\030\212\232@#\231\027\232\302\276\015\250\243"
 5932      9A402399 
 5932      179AC2BE 
 5932      0DA8A3
 5933 077a 246E0C9C 		.ascii	"$n\014\234\276\307jX\314Z\263\365\310R\213\346\014\025"
 5933      BEC76A58 
 5933      CC5AB3F5 
 5933      C8528BE6 
 5933      0C15
 5934 078c C324EDE9 		.ascii	"\303$\355\351\327{m\246\373\372\257\323t\230\036\323"
 5934      D77B6DA6 
 5934      FBFAAFD3 
 5934      74981ED3 
 5935 079c 64FA4CF3 		.ascii	"d\372L\363u\231\026c\347\032\315\337x\2357\010\015\313"
 5935      75991663 
 5935      E71ACDDF 
 5935      789D3708 
 5935      0DCB
 5936 07ae 80AFD5EE 		.ascii	"\200\257\325\356\214f\207\274\225\305\366\314\271\257"
 5936      8C6687BC 
 5936      95C5F6CC 
 5936      B9AF
 5937 07bc D158C0E6 		.ascii	"\321X\300\346\222\241|=s\316z\266\356\355\2313t0N,"
 5937      92A17C3D 
 5937      73CE7AB6 
 5937      EEED9933 
 5937      74304E2C 
 5938 07d0 9A739F5B 		.ascii	"\232s\237[\303\355\210\346\241\261fZI\326Z4\347\276"
 5938      C3ED88E6 
 5938      A1B1665A 
 5938      49D65A34 
 5938      E7BE
 5939 07e2 42B98603 		.ascii	"B\271\206\003{\336h0PlDs\206\346\211\365XV\3333\347"
 5939      7BDE6830 
 5939      506C4473 
 5939      86E689F5 
 5939      5856DB33 
 5940 07f7 3E34DDD6 		.ascii	">4\335\326cdY\317h\316}<=\200D\235h\270\307D\360\245"
 5940      636459CF 
 5940      68CE7D3C 
 5940      3D80449D 
 5940      68B8C744 
 5941 080d 02E60B9E 		.ascii	"\002\346\013\236\201\206\345I\227\366\302\003\206\212"
 5941      8186E549 
ARM GAS  C:\Users\nicx5\AppData\Local\Temp\ccjkJcxQ.s 			page 275


 5941      97F6C203 
 5941      868A
 5942 081b 11377D8F 		.ascii	"\0217}\217\305\272\364\026$\211pS\372\036\313\300'!"
 5942      C5BAF416 
 5942      24897053 
 5942      FA1ECBC0 
 5942      2721
 5943 082d 654B942F 		.ascii	"eK\224/t\210O\006\247\330:\254\260\277\257t\226\246"
 5943      74884F06 
 5943      A7D83AAC 
 5943      B0BFAF74 
 5943      96A6
 5944 083f D2551A4B 		.ascii	"\322U\032K\333\365]k\261sm\345\267\205=w\022N\344\324"
 5944      DBF55D6B 
 5944      B1736DE5 
 5944      B7853D77 
 5944      124EE4D4 
 5945 0853 9D60A5A1 		.ascii	"\235`\245\241@\363\016\037\035rs\236\2069C\177\376\214"
 5945      40F30E1F 
 5945      1D72739E 
 5945      8639437F 
 5945      FE8C
 5946 0865 4449B370 		.ascii	"DI\263p\2573\005_\307\015_\247\010\276\316\016|\035"
 5946      AF33055F 
 5946      C70D5FA7 
 5946      08BECE0E 
 5946      7C1D
 5947 0877 1BF83A4D 		.ascii	"\033\370:M\374\342\033\374\"\033\334\331\012\025_\364"
 5947      FCE21BFC 
 5947      221BDCD9 
 5947      0A155FF4 
 5948 0887 C32F82C1 		.ascii	"\303/\202\301/V\201k\342\363d\220\314\224\015\375\366"
 5948      2F56816B 
 5948      E2F36490 
 5948      CC940DFD 
 5948      F6
 5949 0898 1119BCF8 		.ascii	"\021\031\274\370\302*Gs\206\376\244E\320\264\331\353"
 5949      C22A4773 
 5949      86FEA445 
 5949      D0B4D9EB 
 5950 08a8 FBA213FC 		.ascii	"\373\242\023\374b\033~\361\010~\361\014\377\315\326"
 5950      621B7EF1 
 5950      087EF10C 
 5950      FFCDD6
 5951 08b7 4B8A6ABC 		.ascii	"K\212j\274\340\354\332\210QL\226\303&}_\034\303=ohX"
 5951      E0ECDA88 
 5951      514C96C3 
 5951      267D5F1C 
 5951      C33D6F68 
 5952 08cc 11D3B793 		.ascii	"\021\323\267\223\024\235:\224\320\365}1\253\323\220"
 5952      149D3A94 
 5952      D0F57D31 
 5952      ABD390
 5953 08db 7CB073C2 		.ascii	"|\260s\3024\255\372\376\375<\262\263\367\346\203\257"
 5953      34ADFAFE 
 5953      FD3CB2B3 
 5953      F7E683AF 
ARM GAS  C:\Users\nicx5\AppData\Local\Temp\ccjkJcxQ.s 			page 276


 5954 08eb 6F1BB150 		.ascii	"o\033\261P\224\244e\351{\265\015>\011'i`\332<\275\030"
 5954      94A465E9 
 5954      7BB50D3E 
 5954      09276960 
 5954      DA3CBD18 
 5955 08ff 7EC1B35B 		.ascii	"~\301\263[\266\242\\\272\330-[r\246P\251\301\025\275"
 5955      B6A25CBA 
 5955      D82D5B72 
 5955      A650A9C1 
 5955      15BD
 5956 0911 D139B6D8 		.ascii	"\3219\266\330\236\"\272\207\005l\033V\314\312[4\347"
 5956      9E22BA87 
 5956      056C1B56 
 5956      CCCA5B34 
 5956      E7
 5957 0922 FCD6623D 		.ascii	"\374\326b=V\003\356o\037}\326E\332\254\201t\220\036"
 5957      5603EE6F 
 5957      1F7DD645 
 5957      DAAC8174 
 5957      901E
 5958 0934 D2445A48 		.ascii	"\322DZH\357h\036M\326e\375\243\321\354\\\367\260U\336"
 5958      EF681E4D 
 5958      D665FDA3 
 5958      D1EC5CF7 
 5958      B055DE
 5959 0947 61ADA309 		.ascii	"a\255\243\011\\\215\266)vV\212\330\225\257h\230\003"
 5959      5C8DB629 
 5959      76568AD8 
 5959      95AF6898 
 5959      03
 5960 0958 8E6D7D69 		.ascii	"\216m}i3c\323\210Y\301\022\335\033\221A\367\260|\266"
 5960      3363D388 
 5960      59C112DD 
 5960      1B9141F7 
 5960      B07CB6
 5961 096b 4C63653E 		.ascii	"Lce>\015dV\266Ds\356\313\353a\365\354\226\035[z\321"
 5961      0D6456B6 
 5961      4473EECB 
 5961      EB61F5EC 
 5961      961D5B7A 
 5962 0980 9CA143C6 		.ascii	"\234\241C\306\036lp\274t\270|?x\014]4\256\357\325?\\"
 5962      1E6C70BC 
 5962      74B87C3F 
 5962      780C5D34 
 5962      AEEFD53F 
 5963 0995 E4B342C5 		.ascii	"\344\263B\305\007v\216\006{\263\263\363\353\3338|\236"
 5963      07768E06 
 5963      7BB3B3F3 
 5963      EBDB387C 
 5963      9E
 5964 09a6 5AC4F4FA 		.ascii	"Z\304\364\372^\345\322_*\025\334^C\024\332\356~\010"
 5964      5EE5D25F 
 5964      2A15DC5E 
 5964      4314DAEE 
 5964      7E08
 5965 09b8 E97BD50D 		.ascii	"\351{\325\015\213\350\246\255#\202F\261QA\275h`\277"
 5965      8BE8A6AD 
ARM GAS  C:\Users\nicx5\AppData\Local\Temp\ccjkJcxQ.s 			page 277


 5965      238246B1 
 5965      5141BD68 
 5965      60BF
 5966 09ca B08234A0 		.ascii	"\260\2024\240\250Es\316\2106\021\316 \241\2338r\276"
 5966      A84573CE 
 5966      883611CE 
 5966      20A19B38 
 5966      72BE
 5967 09dc DEB419C2 		.ascii	"\336\264\031\302\021+t\203\0051\267\021\321V\266\016"
 5967      112B7483 
 5967      0531B711 
 5967      D156B60E 
 5968 09ec 8359C8F9 		.ascii	"\203Y\310\371\260\313s\260M\227g\316\320\333\266\337"
 5968      B0CB73B0 
 5968      4D9767CE 
 5968      D0DBB6DF 
 5969 09fc 1A1EDABA 		.ascii	"\032\036\332\272;\343\252C\256\201\225\366\2143\307"
 5969      3BE3AA43 
 5969      AE8195F6 
 5969      8C33C7
 5970 0a0b D6359655 		.ascii	"\3265\226U\031\207-,\256hp~\340E\355\233\226\273\030"
 5970      19872D2C 
 5970      AE68707E 
 5970      E045ED9B 
 5970      96BB18
 5971 0a1e AAD65519 		.ascii	"\252\326U\031j\214 ^zT\216\210\305x\353{B\325\331_\342"
 5971      6A8C205E 
 5971      7A548E88 
 5971      C578EB7B 
 5971      42D5D95F 
 5972 0a33 9E65AA53 		.ascii	"\236e\252S\315\322y\376\211\371\001]R\030\206L\337\007"
 5972      CDD279FE 
 5972      89F9015D 
 5972      5218864C 
 5972      DF07
 5973 0a45 A9E10992 		.ascii	"\251\341\011\222\250W\352\325=#$c\323A\022&\011`\031"
 5973      A857EAD5 
 5973      3D232463 
 5973      D3411226 
 5973      096019
 5974 0a58 7E804C6D 		.ascii	"~\200Lm^\265R\233o\276\212'8\323\360\202\262\360\003"
 5974      5EB5529B 
 5974      6FBE8A27 
 5974      38D3F082 
 5974      B2F003
 5975 0a6b 6F88BF89 		.ascii	"o\210\277\211\210_\320\314\000B\377\360\003`\342\374"
 5975      885FD0CC 
 5975      0042FFF0 
 5975      0360E2FC 
 5976 0a7b CA89E326 		.ascii	"\312\211\343&\354\307\027\027\023;\374\200\033\303\337"
 5976      ECC71717 
 5976      133BFC80 
 5976      1BC3DF
 5977 0a8a 43433C95 		.ascii	"CC<\225\306\241\031\302$\030\002\257\302_7\205\204b"
 5977      C6A119C2 
 5977      241802AF 
 5977      C25F3785 
ARM GAS  C:\Users\nicx5\AppData\Local\Temp\ccjkJcxQ.s 			page 278


 5977      8462
 5978 0a9c CF6BA6AE 		.ascii	"\317k\246\256\312\240\016\014\301s\360\227ppp/\372\023"
 5978      CAA00E0C 
 5978      C173F097 
 5978      7070702F 
 5978      FA13
 5979 0aae 8D3246D0 		.ascii	"\2152F\320\202U\340]\023x\243l~\243\031\332\250\271"
 5979      8255E05D 
 5979      1378A36C 
 5979      7EA319DA 
 5979      A8B9
 5980 0ac0 6BD45C34 		.ascii	"k\324\\4\274!k\3210\\l\372\276B\024\277\202\027\014"
 5980      BC216BD1 
 5980      305C6CFA 
 5980      BE4214BF 
 5980      82170C
 5981 0ad3 419534BF 		.ascii	"A\2254\277\177i\356\231\3159s\001\261\202\203\317g\346"
 5981      7F69EE99 
 5981      CD397301 
 5981      B18283CF 
 5981      67E6
 5982 0ae5 02FBB003 		.ascii	"\002\373\260\003\203+\355\311\033\026\322\272g\356\231"
 5982      832BEDC9 
 5982      1B16D2BA 
 5982      67EE99
 5983 0af4 F4B0EDEB 		.ascii	"\364\260\355\353YA\010\206\340\317\357\267\214\337="
 5983      59410886 
 5983      E0CFEFB7 
 5983      8CDF3D
 5984 0b03 DB2067A7 		.ascii	"\333 g\247\215\234\366\245a3(\302\0275\262\012^8\202"
 5984      8D9CF6A5 
 5984      613328C2 
 5984      1735B20A 
 5984      5E3882
 5985 0b16 ACBCBC3B 		.ascii	"\254\274\274;\006\360\253\211\023-h}\357\230\036*]\326"
 5985      06F0AB89 
 5985      132D687D 
 5985      EF981E2A 
 5985      5DD6
 5986 0b28 E4FA5E3E 		.ascii	"\344\372^>\253\346*\361H\337+\346\272\025\256!\331\373"
 5986      ABE62AF1 
 5986      48DF2BE6 
 5986      BA15AE21 
 5986      D9FB
 5987 0b3a BF333525 		.ascii	"\27735%\310\326^\030;XX\243K/\035\322\311z\361\204\312"
 5987      C8D65E18 
 5987      3B5858A3 
 5987      4B2F1DD2 
 5987      C97AF184 
 5988 0b4f D5039A83 		.ascii	"\325\003\232\203#\030\303\205\313\005#H\306\315\017"
 5988      2318C385 
 5988      CB052348 
 5988      C6CD0F
 5989 0b5e 1C8EB1BB 		.ascii	"\034\216\261\273/\277`~\340\370\255\271\321\367z\301"
 5989      2FBF607E 
 5989      E0F8ADB9 
 5989      D1F77AC1 
ARM GAS  C:\Users\nicx5\AppData\Local\Temp\ccjkJcxQ.s 			page 279


 5990 0b6e 583000BD 		.ascii	"X0\000\275\364\275]nS=\023\003\013\355^\301I\316\224"
 5990      F4BD5D6E 
 5990      533D1303 
 5990      0BED5EC1 
 5990      49CE94
 5991 0b81 04F63D50 		.ascii	"\004\366=P\031\254\241\211\235\335\325\"\010\267\227"
 5991      19ACA189 
 5991      9DDDD522 
 5991      08B797
 5992 0b90 8659C3CB 		.ascii	"\206Y\303\313q\367\253E\215\323kn\365\275Y.\214\037"
 5992      71F7AB45 
 5992      8DD36B6E 
 5992      F5BD592E 
 5992      8C1F
 5993 0ba2 5ABCDEFA 		.ascii	"Z\274\336\372^,?;\244\004\356\365\275T\356\025;\306"
 5993      5E2C3F3B 
 5993      A404EEF5 
 5993      BD54EE15 
 5993      3BC6
 5994 0bb4 0CDBDB15 		.ascii	"\014\333\333\025+MV\006\310\234*\351\030,%\211\232`"
 5994      2B4D5606 
 5994      C89C2AE9 
 5994      182C2589 
 5994      9A60
 5995 0bc6 152C7803 		.ascii	"\025,x\003\231\224K\271b\033\344%6\242w;\2548\351{ "
 5995      99944BB9 
 5995      621BE425 
 5995      36A2773B 
 5995      AC38E97B 
 5996 0bdb 372C9406 		.ascii	"7,\224\006\345P\322\303\015r\337\337\2226\240\"xC\033"
 5996      E550D2C3 
 5996      0D72DFDF 
 5996      9236A022 
 5996      78431B
 5997 0bee 274E8E14 		.ascii	"'N\216\024\377\236l1\304\2019\274\321\321]\261!w\306"
 5997      FF9E6C31 
 5997      C48139BC 
 5997      D1D15DB1 
 5997      2177C6
 5998 0c01 281ABBBB 		.ascii	"(\032\273\273\276\007z\201\001\020'''x\306\245^\011"
 5998      BE077A81 
 5998      01102727 
 5998      2778C6A5 
 5998      5E09
 5999 0c13 C3A4CB20 		.ascii	"\303\244\313 \356\240\346\346v\343\020\333\214B\236"
 5999      EEA0E6E6 
 5999      76E310DB 
 5999      8C429E
 6000 0c22 5B6D70BF 		.ascii	"[mp\277q\024\312\334\245\001\354{\233\370\270\271\""
 6000      7114CADC 
 6000      A501EC7B 
 6000      9BF8B8B9 
 6000      22
 6001 0c33 93A6EF7D 		.ascii	"\223\246\357}k8\036Z\300\352\370\260\004_kk\227\311"
 6001      6B381E5A 
 6001      C0EAF8B0 
 6001      045F6B6B 
ARM GAS  C:\Users\nicx5\AppData\Local\Temp\ccjkJcxQ.s 			page 280


 6001      97C9
 6002 0c45 9BB41F1D 		.ascii	"\233\264\037\035\207\\\302\260\3752\331\341\222V\244"
 6002      875CC2B0 
 6002      FD32D9E1 
 6002      9256A4
 6003 0c54 D9F72E39 		.ascii	"\331\367.9\303\005\214\337mZ1W;\316\364\375\017\025"
 6003      C3058CDF 
 6003      6D5A3157 
 6003      3BCEF4FD 
 6003      0F15
 6004 0c66 2CC1DE7D 		.ascii	",\301\336}\336\347U\213\016byf0\260\017\315\325\244"
 6004      DEE7558B 
 6004      0E627966 
 6004      30B00FCD 
 6004      D5A4
 6005 0c78 AE49DFAB 		.ascii	"\256I\337\253VD\223\005\345J\337\233v\221\374\270\021"
 6005      56449305 
 6005      E54ADF9B 
 6005      7691FCB8 
 6005      11
 6006 0c89 B946885C 		.ascii	"\271F\210\\4\012\220\024\271F\212@\361\260P\340\213"
 6006      340A9014 
 6006      B9468A40 
 6006      F1B050E0 
 6006      8B
 6007 0c9a 9255D7F7 		.ascii	"\222U\327\367?C\360\177l\340\011\336\004\371\025\022"
 6007      3F43F07F 
 6007      6CE009DE 
 6007      04F91512 
 6008 0caa 642FCC07 		.ascii	"d/\314\007\253\220\310\230\237&\246\340\316\307\357"
 6008      AB90C898 
 6008      9F26A6E0 
 6008      CEC7EF
 6009 0cb9 E3A2DD9C 		.ascii	"\343\242\335\234s\263\214\303\015-[x\322\224\010f\371"
 6009      73B38CC3 
 6009      0D2D5B78 
 6009      D2940866 
 6009      F9
 6010 0cca F18BE643 		.ascii	"\361\213\346C\210)\260!\002\331/\017\262{vs\316re\034"
 6010      8829B021 
 6010      02D92F0F 
 6010      B27B7673 
 6010      CE72651C 
 6011 0cde B6F2F4A2 		.ascii	"\266\362\364\242\231\013\354CC\343\300d]\263\337\263"
 6011      990BEC43 
 6011      43E3C064 
 6011      5DB3DFB3 
 6012 0cee B4C9A097 		.ascii	"\264\311\240\227[\331\277\203\263\310\021{\256\301\367"
 6012      5BD9BF83 
 6012      B3C8117B 
 6012      AEC1F7
 6013 0cfd 090376C7 		.ascii	"\011\003v\307\300\256\030\000\256r\334\261\034Wl\014"
 6013      C0AE1800 
 6013      AE72DCB1 
 6013      1C576C0C 
 6014 0d0d 1834BC68 		.ascii	"\0304\274h\006\003\373\320\200 \203P\035\277b\270\014"
 6014      0603FBD0 
ARM GAS  C:\Users\nicx5\AppData\Local\Temp\ccjkJcxQ.s 			page 281


 6014      80208350 
 6014      1DBF62B8 
 6014      0C
 6015 0d1e 91ADADEF 		.ascii	"\221\255\255\357\015\273\200Q\352\342\340\376\357\250"
 6015      0DBB8051 
 6015      EAE2E0FE 
 6015      EFA8
 6016 0d2c 4BA09C89 		.ascii	"K\240\234\211\353{\237(\370>D\360\265\264\356\027\205"
 6016      EB7B9F28 
 6016      F83E44F0 
 6016      B5B4EE17 
 6016      85
 6017 0d3d 9CD50C7D 		.ascii	"\234\325\014}\343\272\361\373\325\303\246LHX\337\023"
 6017      E3BAF1FB 
 6017      D5C3A64C 
 6017      4858DF13 
 6018 0d4d EAECFD2D 		.ascii	"\352\354\375-9\322\367\202\222\033\343\332\210q\275"
 6018      39D2F782 
 6018      921BE3DA 
 6018      8871BD
 6019 0d5c 3670E66C 		.ascii	"6p\346l#\247d\356\334\336\242\327\353\236`\235f\232"
 6019      23A764EE 
 6019      DCDEA2D7 
 6019      EB9E609D 
 6019      669A
 6020 0d6e 58FADE2E 		.ascii	"X\372\336.\235\270\263<.}\357\023v\271\356\326\205\261"
 6020      9DB8B33C 
 6020      2E7DEF13 
 6020      76B9EED6 
 6020      85B1
 6021 0d80 93872705 		.ascii	"\223\207'\005\254\357\245a\353\014\021q\354\365\275"
 6021      ACEFA561 
 6021      EB0C1171 
 6021      ECF5BD
 6022 0d8f 33D2C1FF 		.ascii	"3\322\301\377;\030\007\217+q\372^\031\266\216\014\016"
 6022      3B18078F 
 6022      2B71FA5E 
 6022      19B68E0C 
 6022      0E
 6023 0da0 209738F8 		.ascii	" \2278\370=\\p\020\341\23497\013\016\356y\261~\263z"
 6023      3D5C7010 
 6023      E19C3937 
 6023      0B0EEE79 
 6023      B17EB37A 
 6024 0db4 704C9124 		.ascii	"pL\221$}\257\325\205\201(\207\227\345\302\270W~\177"
 6024      7DAFD585 
 6024      81288797 
 6024      E5C2B857 
 6024      7E7F
 6025 0dc6 599C0D38 		.ascii	"Y\234\0158\364CW\303o\313}\221\"\336\346\377\035\012"
 6025      F44357C3 
 6025      6FCB7D91 
 6025      22DEE6FF 
 6025      1D0A
 6026 0dd8 F4C0A2B7 		.ascii	"\364\300\242\267y\363\033\273\035\206\351\020\021\376"
 6026      79F31BBB 
 6026      1D86E910 
ARM GAS  C:\Users\nicx5\AppData\Local\Temp\ccjkJcxQ.s 			page 282


 6026      11FE
 6027 0de6 DE02FBA6 		.ascii	"\336\002\373\246\211\204\266\356\377NJ\304nJ\216\276"
 6027      8984B6EE 
 6027      FF4E4AC4 
 6027      6E4A8EBE 
 6028 0df6 EF918285 		.ascii	"\357\221\202\205\362\342\304I\017m\3169\003\261\203"
 6028      F2E2C449 
 6028      0F6DCE39 
 6028      03B183
 6029 0e05 6B88CF9E 		.ascii	"k\210\317\2366\214\341J\204\2640u\363\364\315\3237\351"
 6029      368CE14A 
 6029      84B43075 
 6029      F3F4CDD3 
 6029      37E9
 6030 0e17 E18172CE 		.ascii	"\341\201r\3160r~\033\253\340\357l\013\021\303\014\306"
 6030      30727E1B 
 6030      ABE0EF6C 
 6030      0B11C30C 
 6030      C6
 6031 0e28 F5E14F0D 		.ascii	"\365\341O\015\237\036\376\\\361(\014\322\367\204\315"
 6031      9F1EFE5C 
 6031      F1280CD2 
 6031      F784CD
 6032 0e37 F67FA7F8 		.ascii	"\366\177\247\370\265\246,\332\367\024\332`\240\013\\"
 6032      B5A62CDA 
 6032      F714DA60 
 6032      A00B5C
 6033 0e46 F61B7001 		.ascii	"\366\033p\001\335\236I{Q\305/\347l\333\3342\303\260"
 6033      DD9E497B 
 6033      51C52FE7 
 6033      6CDBDC32 
 6033      C3B0
 6034 0e58 C4BE36E7 		.ascii	"\304\2766\347\233s\316\031\213\363\252,w\323\011-k:"
 6034      9B73CE19 
 6034      8BF3AA2C 
 6034      77D3092D 
 6034      6B3A
 6035 0e6a F5ACBA2A 		.ascii	"\365\254\272*8\353\314\272\234WW]@\316:h\323y\225\271"
 6035      38EBCCBA 
 6035      9C57575D 
 6035      40CE3A68 
 6035      D37995B9 
 6036 0e7e 6C865A71 		.ascii	"l\206Zq\345l\305\205\263U\227\263\316\214\013(\327e"
 6036      E56CC585 
 6036      B35597B3 
 6036      CE8C0B28 
 6036      D765
 6037 0e90 AE9C330E 		.ascii	"\256\2343\016\353\314V\331\231\313\232@\271\256\013"
 6037      EBCC56D9 
 6037      99CB9A40 
 6037      B9AE0B
 6038 0e9f C809B56A 		.ascii	"\310\011\265j:\353\314\272\254\263\256\254\313YW\326"
 6038      3AEBCCBA 
 6038      ACB3AEAC 
 6038      CB5957D6 
 6039 0eaf 55215FE5 		.ascii	"U!_\345f\276\262\342q\313\272\234ze]\270\316\252\313"
 6039      66BEB2E2 
ARM GAS  C:\Users\nicx5\AppData\Local\Temp\ccjkJcxQ.s 			page 283


 6039      71CBBA9C 
 6039      7A655DB8 
 6039      CEAACB
 6040 0ec2 7965962D 		.ascii	"ye\226-T\256\317\242\345\2532.>'\224\207mB\263Z\316"
 6040      54AECFA2 
 6040      E5AB322E 
 6040      3E279487 
 6040      6D42B35A 
 6041 0ed7 39AD69B3 		.ascii	"9\255i\2633?svB\363\210&\026\264\213\015\013Z\003\212"
 6041      333F7376 
 6041      42F38826 
 6041      16B48B0D 
 6041      0B5A038A 
 6042 0eeb 6DEBA995 		.ascii	"m\353\251\225s.\346\234sZ\030P\276\312M\350\363*\254"
 6042      732EE69C 
 6042      735A1850 
 6042      BECA4DE8 
 6042      F32AAC
 6043 0efe 43CE6A2F 		.ascii	"C\316j/rV\313=M[6\003+\347\234\305\362\320\214\234\233"
 6043      7256CB3D 
 6043      4D5B3603 
 6043      2BE79CC5 
 6043      F2D08C9C 
 6044 0f13 39E7B062 		.ascii	"9\347\260b\023\232s\266\262\266,;y\314\315\310aa\030"
 6044      139A73B6 
 6044      B2B62C3B 
 6044      79CCCDC8 
 6044      616118
 6045 0f26 788665B6 		.ascii	"x\206e\266\027fC9\347\246\263\316,,\2451C\255,\263e"
 6045      17664339 
 6045      E7A6B3CE 
 6045      2C2CA531 
 6045      43AD2CB3 
 6046 0f3b 30DBACCB 		.ascii	"0\333\254\313X\231\306\225Y\306uMh\216\222s\266\204"
 6046      5899C695 
 6046      59C6754D 
 6046      688E9273 
 6046      B684
 6047 0f4d 3ED043B8 		.ascii	">\320C\270 }\241\206uo4\240P3\\\276\244\364M\005SC\032"
 6047      207DA186 
 6047      756F34A0 
 6047      50335CBE 
 6047      A4F44D05 
 6048 0f64 877D7D4F 		.ascii	"\207}}O\301J\032M\331\244k,\236\2345YPl&\310\223QJe"
 6048      C14A1A4D 
 6048      D9A46B2C 
 6048      9E9C3559 
 6048      506C26C8 
 6049 0f7c 0926D587 		.ascii	"\011&\325\207\271\254p(\020\"X4!\227\230k\007L(\210"
 6049      B9AC7028 
 6049      10225834 
 6049      2197986B 
 6049      074C2888 
 6050 0f90 4E188D8E 		.ascii	"N\030\215\216\230\253RP\007\0170W%\037\346\332"
 6050      98AB5250 
 6050      070F3057 
 6050      251FE6DA 
ARM GAS  C:\Users\nicx5\AppData\Local\Temp\ccjkJcxQ.s 			page 284


 6051 0fa0 C11284A4 		.ascii	"\301\022\204\244\243\240!\015\034\22628I\025-\0351U"
 6051      A3A0210D 
 6051      1C963238 
 6051      49152D1D 
 6051      3155
 6052 0fb2 18828019 		.ascii	"\030\202\200\0315U!\003\021\222\021\021\222Q\017\021"
 6052      35552103 
 6052      11921111 
 6052      92510F11 
 6053 0fc2 9211D3D2 		.ascii	"\222\021\323\322\021\323\332\002\2716\255I\025\226\216"
 6053      11D3DA02 
 6053      B936AD49 
 6053      15968E
 6054 0fd1 98827E30 		.ascii	"\230\202~00\221\311\243\325h\212\012\311\002\023\231"
 6054      3091C9A3 
 6054      D5688A0A 
 6054      C9021399 
 6055 0fe1 3CEA6171 		.ascii	"<\352aq\\7p\231\310\344\321\024\025\022\320\205\245"
 6055      5C377099 
 6055      C8E4D114 
 6055      1512D085 
 6055      A5
 6056 0ff2 23262652 		.ascii	"#&&R*\002\252*\024D'*p\300\000\004sy\234\002\021\205"
 6056      2A02AA2A 
 6056      1444272A 
 6056      70C00004 
 6056      73799C02 
 6057 1008 64264358 		.ascii	"d&CX\231\310\243\010\001X\201|J*\213\214K\314\250\251"
 6057      99C8A308 
 6057      0158817C 
 6057      4A2A8B8C 
 6057      4BCCA8A9 
 6058 101c 22174944 		.ascii	"\"\027IDHF>\327@\352\002\027+s\251l\342\371\224\023"
 6058      48463ED7 
 6058      40EA0217 
 6058      2B73A96C 
 6058      E2F99413 
 6059 1030 88A9A701 		.ascii	"\210\251\247\001H]\260j\320Bjy\374Yq\214\342\200g\235"
 6059      485DB06A 
 6059      D0426A79 
 6059      FC59718C 
 6059      E280679D 
 6060 1044 9A3A228D 		.ascii	"\232:\"\215\260TJ\255HC-\220\314&\242\012NJ\344rM\301"
 6060      B0544AAD 
 6060      48432D90 
 6060      CC26A20A 
 6060      4E4AE472 
 6061 105a ACFA6095 		.ascii	"\254\372`\225B.\365\254H\"\243\242\224)\224\314*\242"
 6061      422EF5AC 
 6061      4822A3A2 
 6061      942994CC 
 6061      2AA2
 6062 106c 0C534AA6 		.ascii	"\014SJ\246R\023\222y\224R2\253\210zT\026TG\244\033u"
 6062      52139279 
 6062      945232AB 
 6062      887A5416 
 6062      5447A41B 
ARM GAS  C:\Users\nicx5\AppData\Local\Temp\ccjkJcxQ.s 			page 285


 6063 1081 6CB15C99 		.ascii	"l\261\\\231\311#LU\305<2\225\240\232\230G\244\235$#"
 6063      C9234C55 
 6063      C53C3295 
 6063      A09A9847 
 6063      A49D2423 
 6064 1095 A4A29BA4 		.ascii	"\244\242\233\244tTt\223\21288*R\223\224L\024\335\244"
 6064      74547493 
 6064      8A38382A 
 6064      5293944C 
 6064      14DDA4
 6065 10a8 A2A5A29B 		.ascii	"\242\245\242\233\264d\344A\211\242b\022\221R\321M\""
 6065      B464E441 
 6065      89A26212 
 6065      9152D14D 
 6065      22
 6066 10b9 322ABA49 		.ascii	"2*\272I!$\225(R\223\210P\024\335\244\022KE\027\003#"
 6066      21249528 
 6066      52938850 
 6066      14DDA412 
 6066      4B451703 
 6067 10ce 13114832 		.ascii	"\023\021H2\241d\"i'\211\010\251\310)y\224\222R\026\005"
 6067      A1642269 
 6067      278908A9 
 6067      C8297994 
 6067      92521605 
 6068 10e2 AD4E4AA4 		.ascii	"\255NJ\244\017>8R\302F\035\016 \225\250,P\215 %Ue\224"
 6068      0F3E3852 
 6068      C2461D0E 
 6068      2095A82C 
 6068      508D2025 
 6069 10f9 5422994D 		.ascii	"T\"\231MUK&U\362\350guR\"\031W'%\322\312\034\241\304"
 6069      554B2655 
 6069      F2E86775 
 6069      52221957 
 6069      2725D2CA 
 6070 1110 CA3C2697 		.ascii	"\312<&\227+3\212\250\302\352\244D:2\217F\370\310<\032"
 6070      2B338AA8 
 6070      C2EAA444 
 6070      3A328F46 
 6070      F8C83C1A 
 6071 1124 A9F0A0E8 		.ascii	"\251\360\240\350d\244\263F5\215P\364\024u<\341\024\245"
 6071      64A4B346 
 6071      358D50F4 
 6071      14753CE1 
 6071      14A5
 6072 1136 3CB17432 		.ascii	"<\261t2\002:\024\010\027.0\310`u\252\212jJ\036\205X"
 6072      023A1408 
 6072      172E30C8 
 6072      6075AA8A 
 6072      6A4A1E85 
 6073 114b 520AB136 		.ascii	"R\012\2616![\254F!\224\216\224\220\212\016\220\264\224"
 6073      215BAC46 
 6073      21948E94 
 6073      908A0E90 
 6073      B494
 6074 115d 02C54D2A 		.ascii	"\002\305M*\352\244\"\2434I\251\223\2128H\223P\030\245"
 6074      EAA422A3 
ARM GAS  C:\Users\nicx5\AppData\Local\Temp\ccjkJcxQ.s 			page 286


 6074      3449A993 
 6074      8A384893 
 6074      5018A5
 6075 1170 49454569 		.ascii	"IEEi\022Q'\225 J\223\214:\011\002DHJ)\324\244\243\024"
 6075      12512795 
 6075      204A938C 
 6075      3A090244 
 6075      484A29D4 
 6076 1187 A9056695 		.ascii	"\251\005f\225r\225B.\351\034\245P2\"\012\001\204\037"
 6076      7295422E 
 6076      E91CA550 
 6076      32220A01 
 6076      841F
 6077 1199 A043451D 		.ascii	"\240CE\035\253\214v\226k\324\261\211j]\246\360q\212"
 6077      AB8C7696 
 6077      6BD4B189 
 6077      6A5DA6F0 
 6077      718A
 6078 11ab 524251AD 		.ascii	"RBQ\255K\250%\345\023\222\203\236\025I$\363\011\011"
 6078      4BA825E5 
 6078      1392839E 
 6078      154924F3 
 6078      0909
 6079 11bd A5B4464D 		.ascii	"\245\264FMI\035wV)\344\022\324\012\344\011f\323\032"
 6079      491D7756 
 6079      29E412D4 
 6079      0AE40966 
 6079      D31A
 6080 11cf B52A4D21 		.ascii	"\265*M!\241\212,\254NJ$\026M\312\250\242\035\243#(\252"
 6080      A18A2CAC 
 6080      4E4A2416 
 6080      4DCAA8A2 
 6080      1DA32328 
 6081 11e4 6314074B 		.ascii	"c\024\007KKF&\323\001\230Id\225\316\222\231\342\351"
 6081      4B4626D3 
 6081      01984964 
 6081      95CE9299 
 6081      E2E9
 6082 11f6 A9AA848B 		.ascii	"\251\252\204\213\244)\236\225\003H%\236\345\372$\001"
 6082      A4299E95 
 6082      0348259E 
 6082      E5FA2401 
 6083 1206 1749C6A3 		.ascii	"\027I\306\243\224\223\024\224z\224B\011\004\013\253"
 6083      94931494 
 6083      7A944209 
 6083      040BAB
 6084 1215 93728729 		.ascii	"\223r\207)jM&\217PEkS\362\310\244J\036a&2y\004t(\020"
 6084      6A4D268F 
 6084      50456B53 
 6084      F2C8A44A 
 6084      1E612632 
 6085 122e 472927A9 		.ascii	"G)'\251\344\221\001\356BY\342D\005*@\305b\251\024\241"
 6085      E49101EE 
 6085      4259E244 
 6085      052A40C5 
 6085      62A914A1 
 6086 1242 02093071 		.ascii	"\002\0110q\001\003\223j\255\322\300\232\244\263:)\221"
ARM GAS  C:\Users\nicx5\AppData\Local\Temp\ccjkJcxQ.s 			page 287


 6086      0103936A 
 6086      ADD2C09A 
 6086      A4B33A29 
 6086      91
 6087 1253 96EB8A15 		.ascii	"\226\353\212\025\310\345R\320\010L\344R\211\\\246\300"
 6087      C8E552D0 
 6087      084CE452 
 6087      895CA6C0 
 6088 1263 54546B32 		.ascii	"TTk2yD:%M\3604%\217v\232\222GI%\222yL\"\231T\253\221"
 6088      79443A25 
 6088      4DF03425 
 6088      8F769A92 
 6088      47492592 
 6089 127e CFCA01A4 		.ascii	"\317\312\001\244\322\221y4bR\255F\024\230\311U*\271"
 6089      D2917934 
 6089      6252AD46 
 6089      1498C955 
 6089      2AB9
 6090 1290 02194574 		.ascii	"\002\031Etd\036\215z\240\230+\222+\212\345\372D\225"
 6090      641E8D7A 
 6090      A0982B92 
 6090      2B8AE5FA 
 6090      4495
 6091 12a2 3C2E972E 		.ascii	"<.\227.0\251\226UF&\325\262\252\004\223j5\332\321a\256"
 6091      30A99655 
 6091      4626D5B2 
 6091      AA04936A 
 6091      35DAD161 
 6092 12b7 544F4F1F 		.ascii	"TOO\037\254M\313*\245\322\020\023\231<b\321\244D\301"
 6092      AC4DCB2A 
 6092      A5D21013 
 6092      993C62D1 
 6092      A444C1
 6093 12ca 8482E8C4 		.ascii	"\204\202\350\304\017\213&%\212\213\202\350\204\320\312"
 6093      0F8B2625 
 6093      8A8B82E8 
 6093      84D0CA
 6094 12d9 3C329554 		.ascii	"<2\225Tfr]\036S\024\201\226\353\323S\025\206\345\372"
 6094      66725D1E 
 6094      53148196 
 6094      EBD35315 
 6094      86E5FA
 6095 12ec 2401A1A8 		.ascii	"$\001\241\250\251\"\026M\312\250\022\314\343:\265&-"
 6095      A922164D 
 6095      CAA812CC 
 6095      E33AB526 
 6095      2D
 6096 12fd D7270944 		.ascii	"\327'\011D\260T.\227&\242\234\222\307\023LL\027X4\035"
 6096      B0542E97 
 6096      26A29C92 
 6096      C7134C4C 
 6096      1758341D 
 6097 1311 5544451D 		.ascii	"UDE\035\213\230K\245\012\242\345\372$\201\012K$\007"
 6097      8B984BA5 
 6097      0AA2E5FA 
 6097      24810A4B 
 6097      2407
ARM GAS  C:\Users\nicx5\AppData\Local\Temp\ccjkJcxQ.s 			page 288


 6098 1323 103CAD46 		.ascii	"\020<\255F\353\324\010K\253\223\322\003\026I$\012&\""
 6098      EBD4084B 
 6098      AB93D203 
 6098      1649240A 
 6098      2622
 6099 1335 2423A40B 		.ascii	"$#\244\013TT\353\322\311\211\210IuD\361\000\223i\004"
 6099      5454EBD2 
 6099      C9898849 
 6099      7544F100 
 6099      936904
 6100 1348 09661259 		.ascii	"\011f\022Y\205\357\204\001\006\032\034\233D\220\000"
 6100      85EF8401 
 6100      061A1C9B 
 6100      449000
 6101 1357 C1E11A88 		.ascii	"\301\341\032\210(\352\020\202\007\035\340&\020\310)"
 6101      28EA1082 
 6101      071DE026 
 6101      10C829
 6102 1366 2A0D3045 		.ascii	"*\0150E\035\241\230\\\270\320\000j\004\011)&U\210\246"
 6102      1DA1985C 
 6102      B8D0006A 
 6102      04092926 
 6102      5588A6
 6103 1379 A5520826 		.ascii	"\245R\010&\024D'\230\\\270\320\340\304\010\022HKJ!\250"
 6103      14442798 
 6103      5CB8D0E0 
 6103      C4081248 
 6103      4B4A21A8 
 6104 138d 966B0BE4 		.ascii	"\226k\013\344\322(\203\345\312LV)\213V'\245\007L*$\012"
 6104      D22883E5 
 6104      CA4C5629 
 6104      8B5627A5 
 6104      074C2A24 
 6105 13a2 A7954512 		.ascii	"\247\225E\022\211B\350\277:\367\245B[\215S\345\256B"
 6105      8942E8BF 
 6105      3AF7A542 
 6105      5B8D53E5 
 6105      AE42
 6106 13b4 55B88FC8 		.ascii	"U\270\217\310\340C\316\034\315\031\252B\257\004>\326"
 6106      E043CE1C 
 6106      CD19AA42 
 6106      AF043ED6 
 6107 13c4 4A90CEA8 		.ascii	"J\220\316\250\342\304M\361^H\015\377j\223h\024+7\306"
 6107      E2C44DF1 
 6107      5E480DFF 
 6107      6A936814 
 6107      2B37C6
 6108 13d7 8D899B2A 		.ascii	"\215\211\233*$e\202\346W\245\355\212\371x\031<\373c"
 6108      246582E6 
 6108      57A5ED8A 
 6108      F978193C 
 6108      FB63
 6109 13e9 72B37AAC 		.ascii	"r\263z\254z\370\245aS\215\33458\032g\226\244\207*[\037"
 6109      7AF8A561 
 6109      538DDC35 
 6109      381A6796 
 6109      A4872A5B 
ARM GAS  C:\Users\nicx5\AppData\Local\Temp\ccjkJcxQ.s 			page 289


 6110 13fe 9BB5B531 		.ascii	"\233\265\26510]F\224\240\371\324\315m\005\252]\257<"
 6110      305D4694 
 6110      A0F9D4CD 
 6110      6D05AA5D 
 6110      AF3C
 6111 1410 2030CAD4 		.ascii	" 0\312\324$g[\2027\346\244\251f~\205[_\372\0065\237"
 6111      24675B82 
 6111      37E6A4A9 
 6111      667E855B 
 6111      5FFA0635 
 6112 1425 CF2F9F3D 		.ascii	"\317/\237=7f=|\340 )DND5\362\001\250\031\005\004{\346"
 6112      37663D7C 
 6112      E0202944 
 6112      4E4435F2 
 6112      01A81905 
 6113 143c 0CF6A19D 		.ascii	"\014\366\241\235a\256\334\025\271j\244G\210\2349\210"
 6113      61AEDC15 
 6113      B96AA447 
 6113      889C3988 
 6114 144c 5E384847 		.ascii	"^8HG\217\036\252\220!=ir[\236?2\346x\011\023\344\252"
 6114      8F1EAA90 
 6114      213D6972 
 6114      5B9E3F32 
 6114      E6780913 
 6115 1462 101A4AB4 		.ascii	"\020\032J\264\334\372\252@\232\215\307\314\030\335_"
 6115      DCFAAA40 
 6115      9A8DC7CC 
 6115      18DD5F
 6116 1471 5F154D87 		.ascii	"_\025M\207\215\215\215\303\276\352\017%76T\372\252>"
 6116      8D8D8DC3 
 6116      BEEA0F25 
 6116      373654FA 
 6116      AA3E
 6117 1483 849A3888 		.ascii	"\204\2328\210\214\010\377U\036<T\263\253W\371-\354B"
 6117      8C08FF55 
 6117      1E3C54B3 
 6117      AB57F92D 
 6117      EC42
 6118 1495 5B192A72 		.ascii	"[\031*r\014s\006\373`\341\004\031L<\341U\263\030Jxd"
 6118      0C7306FB 
 6118      60E10419 
 6118      4C3CE155 
 6118      B3184A78 
 6119 14aa E9FB0B74 		.ascii	"\351\373\013t\030C\02122UG\022\033\306)>f\\\351\373"
 6119      18431132 
 6119      32554712 
 6119      1BC6293E 
 6119      665CE9FB 
 6120 14be 0B473006 		.ascii	"\013G0\0064cciz\32115L\330\364\375\205\0338C\01500U"
 6120      34636369 
 6120      7AD13135 
 6120      4CD8F4FD 
 6120      851B3843 
 6121 14d6 C711BD68 		.ascii	"\307\021\275h\015%9\212\250aWu\34093b\214\364Us\304"
 6121      0D25398A 
 6121      A8615775 
 6121      E0393362 
ARM GAS  C:\Users\nicx5\AppData\Local\Temp\ccjkJcxQ.s 			page 290


 6121      8CF45573 
 6122 14eb C119A6A8 		.ascii	"\301\031\246\250^*\016\325K\375J;\302\326S\006\016 "
 6122      5E2A0ED5 
 6122      4BFD4A3B 
 6122      C2D65306 
 6122      0E20
 6123 14fd 11F5C6D5 		.ascii	"\021\365\306\325\257\235#/\232\274\365Umd\305q\363\346"
 6123      AF9D232F 
 6123      9ABCF555 
 6123      6D64C571 
 6123      F3E6
 6124 150f 0C1E32EB 		.ascii	"\014\0362\353\352\272hxhj>ryGl|\301Cah\320Pk\364\335"
 6124      EABA6878 
 6124      686A3E72 
 6124      79476C7C 
 6124      C1436168 
 6125 1528 A1715D2D 		.ascii	"\241q]-\317\350\327\326\325\032\266\356\204\033\304"
 6125      CFE8D7D6 
 6125      D51AB6EE 
 6125      841BC4
 6126 1537 ADA02778 		.ascii	"\255\240'x\010Q\305R\261T\031\001\204\375\250\003\343"
 6126      0851C552 
 6126      B1541901 
 6126      84FDA803 
 6126      E3
 6127 1548 E489A20A 		.ascii	"\344\211\242\012\231qH\241\221\021!M\223\026\0033\026"
 6127      997148A1 
 6127      9111214D 
 6127      93160333 
 6127      16
 6128 1559 40205050 		.ascii	"@ PP(\225+\323\236\007\023\300\002\311h\325\021=\012"
 6128      28952BD3 
 6128      9E0713C0 
 6128      02C968D5 
 6128      113D0A
 6129 156c 42839441 		.ascii	"B\203\224AfDD\"\021\021IA\012\222t5\334d\032gzj[\333"
 6129      66444422 
 6129      11114941 
 6129      0A927435 
 6129      DC641A67 
 6130 1584 CE8D7432 		.ascii	"\316\215t2\347\223\205\360\\i8\027\203\242\262c\266"
 6130      E79385F0 
 6130      5C693817 
 6130      83A2B263 
 6130      B6
 6131 1595 A5D2E355 		.ascii	"\245\322\343UaL\305\304:\233\3629'\002%\326Y\3519zm"
 6131      614CC5C4 
 6131      3A9BF239 
 6131      270225D6 
 6131      59E9397A 
 6132 15aa D7FC0C57 		.ascii	"\327\374\014W\207\373\206\001\011'\227'I\362\323JS\015"
 6132      87FB8601 
 6132      09279727 
 6132      49F2D34A 
 6132      530D
 6133 15bc 33C47D86 		.ascii	"3\304}\206\377\230\255\372\"Wg\302\343\261\203}=\234"
 6133      FF98ADFA 
ARM GAS  C:\Users\nicx5\AppData\Local\Temp\ccjkJcxQ.s 			page 291


 6133      225767C2 
 6133      E3B1837D 
 6133      3D9C
 6134 15ce ADC6B24B 		.ascii	"\255\306\262K\306;q\2064&\021\375\355|>\255N\236@ \237"
 6134      C63B7186 
 6134      342611FD 
 6134      ED7C3EAD 
 6134      4E9E4020 
 6135 15e3 5C663A3E 		.ascii	"\\f:>cBZ\216?\272\264\325\266_\326)\277\246\372\254"
 6135      63425A8E 
 6135      3FBAB4D5 
 6135      B65FD629 
 6135      BFA6FAAC 
 6136 15f7 13BD2608 		.ascii	"\023\275&\010\210P7|\023\302\363kz\372\205\355\020\370"
 6136      8850377C 
 6136      13C2F36B 
 6136      7AFA85ED 
 6136      10F8
 6137 1609 8A7A9B98 		.ascii	"\212z\233\230\215\377\303\236&p\"\031\002\206\330O\034"
 6137      8DFFC39E 
 6137      26702219 
 6137      0286D84F 
 6137      1C
 6138 161a 54293F0C 		.ascii	"T)?\014\024\002\321\260\3475\000C\245s\015\243\344d"
 6138      1402D1B0 
 6138      E7350043 
 6138      A5730DA3 
 6138      E464
 6139 162c 50D633CA 		.ascii	"P\3263\312\211\351\204\021\2719h+k\330\217\200AE\333"
 6139      89E98411 
 6139      B939682B 
 6139      6BD88F80 
 6139      4145DB
 6140 163f 698FEE0E 		.ascii	"i\217\356\016;\250\364!WB\031y\247m-\255\315\"\331G"
 6140      3BA8F421 
 6140      57421979 
 6140      A76D2DAD 
 6140      CD22D947 
 6141 1653 BA5FF3EA 		.ascii	"\272_\363\352\262\214\273+r\236\217\305\020\247\323"
 6141      B28CBB2B 
 6141      729E8FC5 
 6141      10A7D3
 6142 1662 7C82EC1A 		.ascii	"|\202\354\032Pf7\317\203\356i\2748PKD`\343\274#\254"
 6142      506637CF 
 6142      83EE69BC 
 6142      38504B44 
 6142      60E3BC23 
 6143 1677 889509A2 		.ascii	"\210\225\011\242\004\253\365-\261\\[\264\346\251\266"
 6143      04ABF52D 
 6143      B15C5BB4 
 6143      E6A9B6
 6144 1686 0710FB8D 		.ascii	"\007\020\373\215\244\232J*\365\3069G\016\241\360X\004"
 6144      A49A4A2A 
 6144      F5C63947 
 6144      0EA1F058 
 6144      04
 6145 1697 490C89BB 		.ascii	"I\014\211\273\232\353}\030\345x\323\351Pk\245\241E~"
ARM GAS  C:\Users\nicx5\AppData\Local\Temp\ccjkJcxQ.s 			page 292


 6145      9AEB7D18 
 6145      E578D3E9 
 6145      506BA5A1 
 6145      457E
 6146 16a9 41D9F543 		.ascii	"A\331\365C\206\035\"'|bJ\264\337,\237-\320\030\350\233"
 6146      861D2227 
 6146      7C624AB4 
 6146      DF2C9F2D 
 6146      D018E89B 
 6147 16bd 84F21652 		.ascii	"\204\362\026Rp1@$HG}-61\303\241\262\017\250\305\336"
 6147      70314024 
 6147      48477D2D 
 6147      3631C3A1 
 6147      B20FA8C5 
 6148 16d2 0474CA61 		.ascii	"\004t\312a85Ma\237\236\320\014r\306\0238\256\030dQ\242"
 6148      38354D61 
 6148      9F9ED00C 
 6148      72C61338 
 6148      AE186451 
 6149 16e7 D1B34121 		.ascii	"\321\263A!\254\340\260G\301\3440\273\265\200@\024\321"
 6149      ACE0B047 
 6149      C1E430BB 
 6149      B5804014 
 6149      D1
 6150 16f8 82E0A2E4 		.ascii	"\202\340\242\344\271\254&L\344\202\205p\232\273\303"
 6150      B9AC264C 
 6150      E4828570 
 6150      9ABBC3
 6151 1707 B49DE00D 		.ascii	"\264\235\340\015\012xh9*>\203\266\334\371{\317l:Y+\343"
 6151      0A786839 
 6151      2A3E83B6 
 6151      DCF97BCF 
 6151      6C3A592B 
 6152 171c 6EA61FE7 		.ascii	"n\246\037\347\203\211eV\362\003\325\026\245/\270\243"
 6152      83896556 
 6152      F203D516 
 6152      A52FB8A3 
 6153 172c B020DCA2 		.ascii	"\260 \334\242\353\214\320XB\313N*\276H\310\336\256y"
 6153      EB8CD058 
 6153      42CB4E2A 
 6153      BE48C8DE 
 6153      AE79
 6154 173e 124823B1 		.ascii	"\022H#\261\223\245\002\2248\255\360\272\357\3230d\207"
 6154      93A50294 
 6154      38ADF0BA 
 6154      EFD33064 
 6154      87
 6155 174f 3055F9C9 		.ascii	"0U\371\311o\364\336\362\242hX\327\337\204\240\271\000"
 6155      6FF4DEF2 
 6155      A26858D7 
 6155      DF84A0B9 
 6155      00
 6156 1760 39BD229A 		.ascii	"9\275\"\232e\206\304J\313\221\374&S\016\337("
 6156      6586C44A 
 6156      CB91FC26 
 6156      530EDF28 
 6157 1770 1E81C41C 		.ascii	"\036\201\304\034\177\263\275C[\246\213mR\207\334<\205"
ARM GAS  C:\Users\nicx5\AppData\Local\Temp\ccjkJcxQ.s 			page 293


 6157      7FB3BD43 
 6157      5BA68B6D 
 6157      5287DC3C 
 6157      85
 6158 1781 369E6368 		.ascii	"6\236ch\367\035Ae\023\311\023\256\345c\210\336\240#"
 6158      F71D4165 
 6158      13C913AE 
 6158      E56388DE 
 6158      A023
 6159 1793 6F36F4F9 		.ascii	"o6\364\371\343~\232\263~\336\335\274\214\227/\364Jk"
 6159      E37E9AB3 
 6159      7EDEDDBC 
 6159      8C972FF4 
 6159      4A6B
 6160 17a5 6DB86C9F 		.ascii	"m\270l\2371]\016\3472\217\310\372\"\013_\217\224\354"
 6160      315D0EE7 
 6160      328FC8FA 
 6160      220B5F8F 
 6160      94EC
 6161 17b7 B40E3D0F 		.ascii	"\264\016=\017u\264*4\012\031\314\205\356\212\367>\237"
 6161      75B42A34 
 6161      0A19CC85 
 6161      EE8AF73E 
 6161      9F
 6162 17c8 32E0C093 		.ascii	"2\340\300\223W\247S\314\302\376\355\001\316\225\012"
 6162      57A753CC 
 6162      C2FEED01 
 6162      CE950A
 6163 17d7 2A45C344 		.ascii	"*E\303D\200\215mW~t\325\310 \320\323z\211}\3000\260"
 6163      808D6D57 
 6163      7E74D5C8 
 6163      20D0D37A 
 6163      897DC030 
 6164 17ec 47E7DC99 		.ascii	"G\347\334\231\366i)\317\235\321a\037\255\254\\=X\247"
 6164      F66929CF 
 6164      9DD1611F 
 6164      ADAC5C3D 
 6164      58A7
 6165 17fe C8264AAE 		.ascii	"\310&J\256\376IS\263\306\346/\353\222fLS<\334\034<\260"
 6165      FE4953B3 
 6165      C6E62FEB 
 6165      92664C53 
 6165      3CDC1C3C 
 6166 1813 917892C2 		.ascii	"\221x\222\302h\023V\031\322\322\242\3741}WuPe\355\351"
 6166      68135619 
 6166      D2D2A2FC 
 6166      317D5775 
 6166      5065EDE9 
 6167 1827 3C16ADBA 		.ascii	"<\026\255\272{\223vzIX\365U\"q\016ldB\246~6\301\303"
 6167      7B93767A 
 6167      4958F555 
 6167      22710E6C 
 6167      6442A67E 
 6168 183e 5A25671D 		.ascii	"Z%g\035\0149t\275\306\211h\274\275W\311\270L\003\377"
 6168      0C3974BD 
 6168      C68968BC 
 6168      BD57C9B8 
ARM GAS  C:\Users\nicx5\AppData\Local\Temp\ccjkJcxQ.s 			page 294


 6168      4C03FF
 6169 1851 6E6BD7BE 		.ascii	"nk\327\276\304\313\346\266\267S|\355?L\220\016\362C"
 6169      C4CBE6B6 
 6169      B7537CED 
 6169      3F4C900E 
 6169      F243
 6170 1863 D0C57940 		.ascii	"\320\305y@\236\363\343\310\220\2317\234},\365^\261\013"
 6170      9EF3E3C8 
 6170      9099379C 
 6170      7D2CF55E 
 6170      B10B
 6171 1875 685687B7 		.ascii	"hV\207\267\303m\215!\025\021\244A\365@\22551\226\267"
 6171      C36D8D21 
 6171      1511A441 
 6171      F5409535 
 6171      3196B7
 6172 1888 E5376007 		.ascii	"\3457`\007E5?\361$G\2716'\267v\276\264D5\373i\356u\024"
 6172      45353FF1 
 6172      2447B936 
 6172      27B776BE 
 6172      B44435FB 
 6173 18a0 FA9634A8 		.ascii	"\372\2264\250\315 \376\266\324\231\221(&\350\270<\370"
 6173      CD20FEB6 
 6173      D4999128 
 6173      26E8B83C 
 6173      F8
 6174 18b1 CD546F53 		.ascii	"\315ToS\357#\2234\255\232\276\231\332\371\370 \346\247"
 6174      EF239334 
 6174      AD9ABE99 
 6174      DAF9F820 
 6174      E6A7
 6175 18c3 9FD957CD 		.ascii	"\237\331W\315\232\335G\377\253cWst\316Qz\024a\202\010"
 6175      9ADD47FF 
 6175      AB635773 
 6175      74CE517A 
 6175      14618208 
 6176 18d7 DE461E7B 		.ascii	"\336F\036{\244\201O\023\270\004nGs[\026\026\324Ed/\225"
 6176      A4814F13 
 6176      B8046E47 
 6176      735B1616 
 6176      D445642F 
 6177 18ec 52119A12 		.ascii	"R\021\232\0228\354jVe\010\204\304\3358\344\034\214\\"
 6177      38EC6A56 
 6177      650884C4 
 6177      DD38E41C 
 6177      8C5C
 6178 18fe A0C7E621 		.ascii	"\240\307\346!\240\215\241\215\243h>\023\326EA\037\343"
 6178      A08DA18D 
 6178      A3683E13 
 6178      D645411F 
 6178      E3
 6179 190f 843CC523 		.ascii	"\204<\305#w\370\215\246\216Jj\017\\\226Eh\012\350F\203"
 6179      77F88DA6 
 6179      8E4A6A0F 
 6179      5C964568 
 6179      0AE84683 
 6180 1923 9EAC864F 		.ascii	"\236\254\206O*\035\227s\3621O\277\037\023r\310o\276"
ARM GAS  C:\Users\nicx5\AppData\Local\Temp\ccjkJcxQ.s 			page 295


 6180      2A1D9773 
 6180      F2314FBF 
 6180      1F1372C8 
 6180      6FBE
 6181 1935 301C45D4 		.ascii	"0\034E\324be:\177\321\363=\276\260\321\264\302g\201"
 6181      62653A7F 
 6181      D1F33DBE 
 6181      B0D1B4C2 
 6181      6781
 6182 1947 706F5176 		.ascii	"poQv\345\311G\"\001pK]V1\312P\306\272\255\273\026(\316"
 6182      E5C94722 
 6182      01704B5D 
 6182      5631CA50 
 6182      C6BAADBB 
 6183 195e A3483683 		.ascii	"\243H6\203\354\024%\312+\331\002q{k\211\255\215<\277"
 6183      EC1425CA 
 6183      2BD90271 
 6183      7B6B89AD 
 6183      8D3CBF
 6184 1971 8878102F 		.ascii	"\210x\020/\025\2275\002\276\017\260\373\345NiLRRt\001"
 6184      15973502 
 6184      BE0FB0FB 
 6184      E54E694C 
 6184      52527401 
 6185 1985 B0D60F87 		.ascii	"\260\326\017\207\020l\036\232\305#\244\345\206D3\245"
 6185      106C1E9A 
 6185      C523A4E5 
 6185      864433A5 
 6186 1995 C8A5EEE2 		.ascii	"\310\245\356\342\320.j\177\250\020\0223\177\000\313"
 6186      D02E6A7F 
 6186      A8101233 
 6186      7F00CB
 6187 19a4 37214519 		.ascii	"7!E\031\023\370\245\202\336$\360\322'\215\015\020\250"
 6187      13F8A582 
 6187      DE24F0D2 
 6187      278D0D10 
 6187      A8
 6188 19b5 38EB2DE1 		.ascii	"8\353-\341\270\353\034Z\364r{\034E\263\027\026\365Q"
 6188      B8EB1C5A 
 6188      F4727B1C 
 6188      45B31716 
 6188      F551
 6189 19c7 F3C155C9 		.ascii	"\363\301U\311\255\355(\377\274\011\215\344\244\011 "
 6189      ADED28FF 
 6189      BC098DE4 
 6189      A40920
 6190 19d6 83316363 		.ascii	"\2031cc*X\236s\310\020\006<\227\203^\353\015\264\371"
 6190      2A589E73 
 6190      C810063C 
 6190      97835EEB 
 6190      0DB4F9
 6191 19e9 2C33FFD1 		.ascii	",3\377\321\255Z\237\036\\\231\270k\237\012\252\017\011"
 6191      AD5A9F1E 
 6191      5C99B86B 
 6191      9F0AAA0F 
 6191      09
 6192 19fa 37EC77AC 		.ascii	"7\354w\254\307\223\013\327\321\362\022\374\373\315P"
ARM GAS  C:\Users\nicx5\AppData\Local\Temp\ccjkJcxQ.s 			page 296


 6192      C7930BD7 
 6192      D1F212FC 
 6192      FBCD50
 6193 1a09 806865AF 		.ascii	"\200he\257\013qPP|%\036\377H\221\270\362\311\336'm~"
 6193      0B715050 
 6193      7C251EFF 
 6193      4891B8F2 
 6193      C9DE276D 
 6194 1a1e BBB3930B 		.ascii	"\273\263\223\0134eGe\340\034k7\236\235\314\274\330\230"
 6194      34654765 
 6194      E01C6B37 
 6194      9E9DCCBC 
 6194      D898
 6195 1a30 EACDAC28 		.ascii	"\352\315\254(\341\327\234\000\263\031&\245\272\007\314"
 6195      E1D79C00 
 6195      B31926A5 
 6195      BA07CC
 6196 1a3f 7ADF5C86 		.ascii	"z\337\\\206\023F\0314\2033\315\035\375\015\317\212\020"
 6196      13461934 
 6196      8333CD1D 
 6196      FD0DCF8A 
 6196      10
 6197 1a50 1DFA35F8 		.ascii	"\035\3725\370.\000D\316\377^HS\\\037\024O\353\340~B"
 6197      2E0044CE 
 6197      FF5E4853 
 6197      5C1F144F 
 6197      EBE07E42 
 6198 1a64 313585D6 		.ascii	"15\205\326\250\306\337\002H\223\325\011\011\215\232"
 6198      A8C6DF02 
 6198      4893D509 
 6198      098D9A
 6199 1a73 DD3BDD91 		.ascii	"\335;\335\221\035\326<\020(\265\267C\251\367\307\014"
 6199      1DD63C10 
 6199      28B5B743 
 6199      A9F7C70C 
 6200 1a83 B84D454B 		.ascii	"\270MEK\007\026I\241\347o\246$\027wC\002\032\004R\022"
 6200      071649A1 
 6200      E76FA624 
 6200      17774302 
 6200      1A045212 
 6201 1a97 CC66383D 		.ascii	"\314f8=$g:\024\355\255\350\2415\235\027\321\277\244"
 6201      24673A14 
 6201      EDADE8A1 
 6201      359D17D1 
 6201      BFA4
 6202 1aa9 E927C17E 		.ascii	"\351'\301~\177.\0362\\\251\322\335\241\313\311r\274"
 6202      7F2E1E32 
 6202      5CA9D2DD 
 6202      A1CBC972 
 6202      BC
 6203 1aba A01730A2 		.ascii	"\240\0270\242\242F\273'\230\351\262\371\0222\330\323"
 6203      A246BB27 
 6203      98E9B2F9 
 6203      1232D8D3 
 6204 1aca 6071541F 		.ascii	"`qT\037\367\027\202w\355\234\220\301\204s\337\316\233"
 6204      F7178277 
 6204      ED9C90C1 
ARM GAS  C:\Users\nicx5\AppData\Local\Temp\ccjkJcxQ.s 			page 297


 6204      8473DFCE 
 6204      9B
 6205 1adb E268C003 		.ascii	"\342h\300\003\0377\353\306\206Q\261[{[\311\262s\003"
 6205      1F37EBC6 
 6205      8651B15B 
 6205      7B5BC9B2 
 6205      7303
 6206 1aed 561FBEFE 		.ascii	"V\037\276\376x4&\253\273p\240\324~\021K\021\265\227"
 6206      783426AB 
 6206      BB70A0D4 
 6206      7E114B11 
 6206      B597
 6207 1aff 22B9C597 		.ascii	"\"\271\305\227\207m\030nm>\002\227=7\013\347\347\373"
 6207      876D186E 
 6207      6D3E0297 
 6207      3D370BE7 
 6207      E7FB
 6208 1b11 D88E4391 		.ascii	"\330\216C\221\006N\206\204\326QV\351i\251\214\301\\"
 6208      064E8684 
 6208      D65156E9 
 6208      69A98CC1 
 6208      5C
 6209 1b22 301B0256 		.ascii	"0\033\002V\035\376\034];\016~\342\360\327\235_\271U"
 6209      1DFE1C5D 
 6209      3B0E7EE2 
 6209      F0D79D5F 
 6209      B955
 6210 1b34 B213D84A 		.ascii	"\262\023\330J\022\033\364\326\266\331\371\225t\325\026"
 6210      121BF4D6 
 6210      B6D9F995 
 6210      74D516
 6211 1b43 901BBA8A 		.ascii	"\220\033\272\212\303h^B\"\231C\036\366n\011\233\014"
 6211      C3685E42 
 6211      2299431E 
 6211      F66E099B 
 6211      0C
 6212 1b54 84FF7CD0 		.ascii	"\204\377|\320\220h21y\204\266{\306\232\350`\362\332"
 6212      90683231 
 6212      7984B67B 
 6212      C69AE860 
 6212      F2DA
 6213 1b66 D6718641 		.ascii	"\326q\206A\306\204[\346i\2678\241\364}\371\366\026\036"
 6213      C6845BE6 
 6213      69B738A1 
 6213      F47DF9F6 
 6213      161E
 6214 1b78 465F60F8 		.ascii	"F_`\370q\221\034\253\3441\316\022\332\237\274\266z\330"
 6214      71911CAB 
 6214      E431CE12 
 6214      DA9FBCB6 
 6214      7AD8
 6215 1b8a A69D12B2 		.ascii	"\246\235\022\262\336S\177<\267\014~\3313a@\346\377\036"
 6215      DE537F3C 
 6215      B70C7ED9 
 6215      336140E6 
 6215      FF1E
 6216 1b9c A9881003 		.ascii	"\251\210\020\003\240+\024\366\214>8\315\0377\357\255"
ARM GAS  C:\Users\nicx5\AppData\Local\Temp\ccjkJcxQ.s 			page 298


 6216      A02B14F6 
 6216      8C3E38CD 
 6216      1F37EFAD 
 6217 1bac 8D34B109 		.ascii	"\2154\261\011\325?\275\240\217I\031Do'u<@(e\303\234"
 6217      D53FBDA0 
 6217      8F491944 
 6217      6F27753C 
 6217      402865C3 
 6218 1bc1 A730FADB 		.ascii	"\2470\372\333\214d\001j\266\374Jrp$\217(\351\270b\303"
 6218      8C64016A 
 6218      B6FC4A72 
 6218      70248F28 
 6218      E9B862C3 
 6219 1bd5 3140FB34 		.ascii	"1@\3734\341\022]U\276(}\210\227h\315\325\256\260\377"
 6219      E1125D55 
 6219      BE287D88 
 6219      9768CDD5 
 6219      AEB0FF
 6220 1be8 04341C8C 		.ascii	"\0044\034\214\302=Qm\260\240\205 \0046\345P;\2468\355"
 6220      C23D516D 
 6220      B0A08520 
 6220      0436E550 
 6220      3BA638ED 
 6221 1bfc 81C6B077 		.ascii	"\201\306\260wn\002\017\000@\227h\235\002\003\203\260"
 6221      6E020F00 
 6221      4097689D 
 6221      020383B0 
 6222 1c0c 0A1D71F8 		.ascii	"\012\035q\370\324{\263\233\240\272w0\011t\245\322\236"
 6222      D47BB39B 
 6222      A0BA7730 
 6222      0974A5D2 
 6222      9E
 6223 1c1d 6B656BDC 		.ascii	"kek\334\2745l\370\357\020\214xj7\024\025\247{\274\001"
 6223      BC356CF8 
 6223      EF108C78 
 6223      6A371415 
 6223      A77BBC01 
 6224 1c31 E32AB7F8 		.ascii	"\343*\267\370\354B\034=|^\340<}Vl\232\263\337\375g\320"
 6224      EC421C3D 
 6224      7C5EE03C 
 6224      7D566C9A 
 6224      B3DFFD67 
 6225 1c46 5B799239 		.ascii	"[y\2229c1b\364/_p\354\022\222\177\205\3473Yg\3649\322"
 6225      633162F4 
 6225      2F5F70EC 
 6225      12927F85 
 6225      E7335967 
 6226 1c5d E674F9DA 		.ascii	"\346t\371\332H\024\257M\252\266\0326\214\000\241ch\363"
 6226      4814AF4D 
 6226      AAB61A36 
 6226      8C00A163 
 6226      68F3
 6227 1c6f 6756F04B 		.ascii	"gV\360K(%\213\334\220\207\346X\242\236`\377\300]:z\322"
 6227      28258BDC 
 6227      9087E658 
 6227      A29E60FF 
 6227      C05D3A7A 
ARM GAS  C:\Users\nicx5\AppData\Local\Temp\ccjkJcxQ.s 			page 299


 6228 1c84 4ACB8F93 		.ascii	"J\313\217\223\227\355\002\371e\030,/\327\3711Y\237\203"
 6228      97ED02F9 
 6228      65182C2F 
 6228      D7F93159 
 6228      9F83
 6229 1c96 5925519B 		.ascii	"Y%Q\233\270\272\004K\276\213\223\353\354\366\364\337"
 6229      B8BA044B 
 6229      BE8B93EB 
 6229      ECF6F4DF 
 6230 1ca6 CF5DA979 		.ascii	"\317]\251y\001\013-g\367G\031\317ea\321\300\3275:?\322"
 6230      010B2D67 
 6230      F74719CF 
 6230      6561D1C0 
 6230      D7353A3F 
 6231 1cbb 87C00F5A 		.ascii	"\207\300\017Z\305\271(~%\340o\014}\302\326g\262OV\365"
 6231      C5B9287E 
 6231      25E06F0C 
 6231      7DC2D667 
 6231      B24F56F5 
 6232 1ccf EFCCCF05 		.ascii	"\357\314\317\005B\034;[\016\335,\311\343\263\311\221"
 6232      421C3B5B 
 6232      0EDD2CC9 
 6232      E3B3C991 
 6233 1cdf F5D30D49 		.ascii	"\365\323\015Ivx\2609\254\213\277\313\324\273\255n\221"
 6233      7678B039 
 6233      AC8BBFCB 
 6233      D4BBAD6E 
 6233      91
 6234 1cf0 4CCC13CB 		.ascii	"L\314\023\313\212%\246_\027\371\331=\205\364\337\306"
 6234      8A25A65F 
 6234      17F9D93D 
 6234      85F4DFC6 
 6235 1d00 BA4296D7 		.ascii	"\272B\226\327h7(\356'\256\306\202\277(w\247s3:#n|\357"
 6235      683728EE 
 6235      27AEC682 
 6235      BF2877A7 
 6235      73333A23 
 6236 1d17 D6163494 		.ascii	"\326\0264\224\177\030\366\"\213\243\235M\372N9R\037"
 6236      7F18F622 
 6236      8BA39D4D 
 6236      FA4E3952 
 6236      1F
 6237 1d28 0CA5FF28 		.ascii	"\014\245\377(\315\244\236w\202\3535L\226\276\374s\246"
 6237      CDA49E77 
 6237      82EB354C 
 6237      96BEFC73 
 6237      A6
 6238 1d39 E1711A4E 		.ascii	"\341q\032N\311p\356\2246{\345v\000\307\206H\256\026"
 6238      C970EE94 
 6238      367BE576 
 6238      00C78648 
 6238      AE16
 6239 1d4b BDA5431E 		.ascii	"\275\245C\036\211\365\251\025rA\244X\024&\362\205\336"
 6239      89F5A915 
 6239      7241A458 
 6239      1426F285 
 6239      DE
ARM GAS  C:\Users\nicx5\AppData\Local\Temp\ccjkJcxQ.s 			page 300


 6240 1d5c 59B9AB84 		.ascii	"Y\271\253\204\375t\357\201\202\213\370\3346\210\331"
 6240      FD74EF81 
 6240      828BF8DC 
 6240      3688D9
 6241 1d6b 43EA966F 		.ascii	"C\352\226o\373\230\234\313\233\265\327\016Z\274\032"
 6241      FB989CCB 
 6241      9BB5D70E 
 6241      5ABC1A
 6242 1d7a CF418367 		.ascii	"\317A\203g\322\347K\2548x\014\333\345\337\023K\373="
 6242      D2E74BAC 
 6242      38780CDB 
 6242      E5DF134B 
 6242      FB3D
 6243 1d8c 364D8C0F 		.ascii	"6M\214\017\335\237\364gk\300\2532\266\363\015\011}\316"
 6243      DD9FF467 
 6243      6BC0AB32 
 6243      B6F30D09 
 6243      7DCE
 6244 1d9e ECC6DD9E 		.ascii	"\354\306\335\236\352KQ\346\236\020e\217\003\327e\366"
 6244      EA4B51E6 
 6244      9E10658F 
 6244      03D765F6 
 6245 1dae 7E126DA3 		.ascii	"~\022m\243\205\276\247\345\305\035<J}\203h\371\202Y"
 6245      85BEA7E5 
 6245      C51D3C4A 
 6245      7D8368F9 
 6245      8259
 6246 1dc0 FF861EE3 		.ascii	"\377\206\036\343R\275?P\037\235\012/j\313\343\333\307"
 6246      52BD3F50 
 6246      1F9D0A2F 
 6246      6ACBE3DB 
 6246      C7
 6247 1dd1 0B6534F8 		.ascii	"\013e4\370\372\015\221\333\256\200\227\3433\264\247"
 6247      FA0D91DB 
 6247      AE8097E3 
 6247      33B4A7
 6248 1de0 928EF046 		.ascii	"\222\216\360Fm\327\377\231\342\251\217W\200\347\271"
 6248      6DD7FF99 
 6248      E2A98F57 
 6248      80E7B9
 6249 1def 702EE1FF 		.ascii	"p.\341\377\207\260\034\261\263\371\210#X\344\207\367"
 6249      87B01CB1 
 6249      B3F98823 
 6249      58E487F7 
 6250 1dff FDEDD782 		.ascii	"\375\355\327\202\363\203\352~\336|\262\013\377\235`"
 6250      F383EA7E 
 6250      DE7CB20B 
 6250      FF9D60
 6251 1e0e B1BB7137 		.ascii	"\261\273q7F\327>\344\262\320\255\226\231\361\264\257"
 6251      46D73EE4 
 6251      B2D0AD96 
 6251      99F1B4AF 
 6252 1e1e C52321FE 		.ascii	"\305#!\376\340\327N0\236\311\321\337\362\247\360Xj\274"
 6252      E0D74E30 
 6252      9EC9D1DF 
 6252      F2A7F058 
 6252      6ABC
ARM GAS  C:\Users\nicx5\AppData\Local\Temp\ccjkJcxQ.s 			page 301


 6253 1e30 9A7D3118 		.ascii	"\232}1\030W4`\277.\236\027\205\267\312\236v\203\222"
 6253      573460BF 
 6253      2E9E1785 
 6253      B7CA9E76 
 6253      8392
 6254 1e42 5FC9EB0E 		.ascii	"_\311\353\016\301\373\311\234P\217h2l\307\375lo\335"
 6254      C1FBC99C 
 6254      508F6832 
 6254      6CC7FD6C 
 6254      6FDD
 6255 1e54 FB005E31 		.ascii	"\373\000^1[IM\200\253\037\027\325z\352\244\303\021\237"
 6255      5B494D80 
 6255      AB1F17D5 
 6255      7AEAA4C3 
 6255      119F
 6256 1e66 626BF686 		.ascii	"bk\366\206\307&/`>\002\231\267(\206\035X\204_\267\212"
 6256      C7262F60 
 6256      3E0299B7 
 6256      28861D58 
 6256      845FB78A 
 6257 1e7a C7DE833E 		.ascii	"\307\336\203>\\\023]~\241\366\307wy\334\011\242\367"
 6257      5C135D7E 
 6257      A1F6C777 
 6257      79DC09A2 
 6257      F7
 6258 1e8b B418B06A 		.ascii	"\264\030\260j`u\033p\3750%\364/^\022N\370\372\315\364"
 6258      60751B70 
 6258      FD3025F4 
 6258      2F5E124E 
 6258      F8FACDF4 
 6259 1e9f 16966E8B 		.ascii	"\026\226n\213\276^?\337]I\256h\261\306\303Y;qw6_:'\317"
 6259      BE5E3FDF 
 6259      5D49AE68 
 6259      B1C6C359 
 6259      3B717736 
 6260 1eb7 AB6743A8 		.ascii	"\253gC\250\223\224\356\306\00343\352\363\372\027\320"
 6260      9394EEC6 
 6260      033433EA 
 6260      F3FA17D0 
 6261 1ec7 7FCEA6AC 		.ascii	"\177\316\246\254\036\020V\211\253\330\335\275\247+"
 6261      1E105689 
 6261      ABD8DDBD 
 6261      A72B
 6262              		.text
 6263              		.section	.gnu.lto_.symtab.1f2fea0a,"e",%progbits
 6264 0000 48414C5F 		.ascii	"HAL_QSPI_MspInit\000"
 6264      51535049 
 6264      5F4D7370 
 6264      496E6974 
 6264      00
 6265 0011 00       		.ascii	"\000"
 6266 0012 01       		.ascii	"\001"
 6267 0013 00       		.ascii	"\000"
 6268 0014 00000000 		.ascii	"\000\000\000\000\000\000\000\000"
 6268      00000000 
 6269 001c 23020000 		.ascii	"#\002\000\000"
 6270 0020 48414C5F 		.ascii	"HAL_QSPI_Init\000"
ARM GAS  C:\Users\nicx5\AppData\Local\Temp\ccjkJcxQ.s 			page 302


 6270      51535049 
 6270      5F496E69 
 6270      7400
 6271 002e 00       		.ascii	"\000"
 6272 002f 00       		.ascii	"\000"
 6273 0030 00       		.ascii	"\000"
 6274 0031 00000000 		.ascii	"\000\000\000\000\000\000\000\000"
 6274      00000000 
 6275 0039 27020000 		.ascii	"'\002\000\000"
 6276 003d 48414C5F 		.ascii	"HAL_QSPI_MspDeInit\000"
 6276      51535049 
 6276      5F4D7370 
 6276      4465496E 
 6276      697400
 6277 0050 00       		.ascii	"\000"
 6278 0051 01       		.ascii	"\001"
 6279 0052 00       		.ascii	"\000"
 6280 0053 00000000 		.ascii	"\000\000\000\000\000\000\000\000"
 6280      00000000 
 6281 005b 2A020000 		.ascii	"*\002\000\000"
 6282 005f 48414C5F 		.ascii	"HAL_QSPI_DeInit\000"
 6282      51535049 
 6282      5F446549 
 6282      6E697400 
 6283 006f 00       		.ascii	"\000"
 6284 0070 00       		.ascii	"\000"
 6285 0071 00       		.ascii	"\000"
 6286 0072 00000000 		.ascii	"\000\000\000\000\000\000\000\000"
 6286      00000000 
 6287 007a 2D020000 		.ascii	"-\002\000\000"
 6288 007e 48414C5F 		.ascii	"HAL_QSPI_Command\000"
 6288      51535049 
 6288      5F436F6D 
 6288      6D616E64 
 6288      00
 6289 008f 00       		.ascii	"\000"
 6290 0090 00       		.ascii	"\000"
 6291 0091 00       		.ascii	"\000"
 6292 0092 00000000 		.ascii	"\000\000\000\000\000\000\000\000"
 6292      00000000 
 6293 009a 34020000 		.ascii	"4\002\000\000"
 6294 009e 48414C5F 		.ascii	"HAL_QSPI_Command_IT\000"
 6294      51535049 
 6294      5F436F6D 
 6294      6D616E64 
 6294      5F495400 
 6295 00b2 00       		.ascii	"\000"
 6296 00b3 00       		.ascii	"\000"
 6297 00b4 00       		.ascii	"\000"
 6298 00b5 00000000 		.ascii	"\000\000\000\000\000\000\000\000"
 6298      00000000 
 6299 00bd 39020000 		.ascii	"9\002\000\000"
 6300 00c1 48414C5F 		.ascii	"HAL_QSPI_Transmit\000"
 6300      51535049 
 6300      5F547261 
 6300      6E736D69 
 6300      7400
ARM GAS  C:\Users\nicx5\AppData\Local\Temp\ccjkJcxQ.s 			page 303


 6301 00d3 00       		.ascii	"\000"
 6302 00d4 00       		.ascii	"\000"
 6303 00d5 00       		.ascii	"\000"
 6304 00d6 00000000 		.ascii	"\000\000\000\000\000\000\000\000"
 6304      00000000 
 6305 00de 3F020000 		.ascii	"?\002\000\000"
 6306 00e2 48414C5F 		.ascii	"HAL_QSPI_Receive\000"
 6306      51535049 
 6306      5F526563 
 6306      65697665 
 6306      00
 6307 00f3 00       		.ascii	"\000"
 6308 00f4 00       		.ascii	"\000"
 6309 00f5 00       		.ascii	"\000"
 6310 00f6 00000000 		.ascii	"\000\000\000\000\000\000\000\000"
 6310      00000000 
 6311 00fe 41020000 		.ascii	"A\002\000\000"
 6312 0102 48414C5F 		.ascii	"HAL_QSPI_Transmit_IT\000"
 6312      51535049 
 6312      5F547261 
 6312      6E736D69 
 6312      745F4954 
 6313 0117 00       		.ascii	"\000"
 6314 0118 00       		.ascii	"\000"
 6315 0119 00       		.ascii	"\000"
 6316 011a 00000000 		.ascii	"\000\000\000\000\000\000\000\000"
 6316      00000000 
 6317 0122 1C020000 		.ascii	"\034\002\000\000"
 6318 0126 48414C5F 		.ascii	"HAL_QSPI_Receive_IT\000"
 6318      51535049 
 6318      5F526563 
 6318      65697665 
 6318      5F495400 
 6319 013a 00       		.ascii	"\000"
 6320 013b 00       		.ascii	"\000"
 6321 013c 00       		.ascii	"\000"
 6322 013d 00000000 		.ascii	"\000\000\000\000\000\000\000\000"
 6322      00000000 
 6323 0145 43020000 		.ascii	"C\002\000\000"
 6324 0149 48414C5F 		.ascii	"HAL_QSPI_Transmit_DMA\000"
 6324      51535049 
 6324      5F547261 
 6324      6E736D69 
 6324      745F444D 
 6325 015f 00       		.ascii	"\000"
 6326 0160 00       		.ascii	"\000"
 6327 0161 00       		.ascii	"\000"
 6328 0162 00000000 		.ascii	"\000\000\000\000\000\000\000\000"
 6328      00000000 
 6329 016a 45020000 		.ascii	"E\002\000\000"
 6330 016e 48414C5F 		.ascii	"HAL_QSPI_Receive_DMA\000"
 6330      51535049 
 6330      5F526563 
 6330      65697665 
 6330      5F444D41 
 6331 0183 00       		.ascii	"\000"
 6332 0184 00       		.ascii	"\000"
ARM GAS  C:\Users\nicx5\AppData\Local\Temp\ccjkJcxQ.s 			page 304


 6333 0185 00       		.ascii	"\000"
 6334 0186 00000000 		.ascii	"\000\000\000\000\000\000\000\000"
 6334      00000000 
 6335 018e 49020000 		.ascii	"I\002\000\000"
 6336 0192 48414C5F 		.ascii	"HAL_QSPI_AutoPolling\000"
 6336      51535049 
 6336      5F417574 
 6336      6F506F6C 
 6336      6C696E67 
 6337 01a7 00       		.ascii	"\000"
 6338 01a8 00       		.ascii	"\000"
 6339 01a9 00       		.ascii	"\000"
 6340 01aa 00000000 		.ascii	"\000\000\000\000\000\000\000\000"
 6340      00000000 
 6341 01b2 53020000 		.ascii	"S\002\000\000"
 6342 01b6 48414C5F 		.ascii	"HAL_QSPI_AutoPolling_IT\000"
 6342      51535049 
 6342      5F417574 
 6342      6F506F6C 
 6342      6C696E67 
 6343 01ce 00       		.ascii	"\000"
 6344 01cf 00       		.ascii	"\000"
 6345 01d0 00       		.ascii	"\000"
 6346 01d1 00000000 		.ascii	"\000\000\000\000\000\000\000\000"
 6346      00000000 
 6347 01d9 59020000 		.ascii	"Y\002\000\000"
 6348 01dd 48414C5F 		.ascii	"HAL_QSPI_MemoryMapped\000"
 6348      51535049 
 6348      5F4D656D 
 6348      6F72794D 
 6348      61707065 
 6349 01f3 00       		.ascii	"\000"
 6350 01f4 00       		.ascii	"\000"
 6351 01f5 00       		.ascii	"\000"
 6352 01f6 00000000 		.ascii	"\000\000\000\000\000\000\000\000"
 6352      00000000 
 6353 01fe 62020000 		.ascii	"b\002\000\000"
 6354 0202 48414C5F 		.ascii	"HAL_QSPI_ErrorCallback\000"
 6354      51535049 
 6354      5F457272 
 6354      6F724361 
 6354      6C6C6261 
 6355 0219 00       		.ascii	"\000"
 6356 021a 01       		.ascii	"\001"
 6357 021b 00       		.ascii	"\000"
 6358 021c 00000000 		.ascii	"\000\000\000\000\000\000\000\000"
 6358      00000000 
 6359 0224 65020000 		.ascii	"e\002\000\000"
 6360 0228 48414C5F 		.ascii	"HAL_QSPI_AbortCpltCallback\000"
 6360      51535049 
 6360      5F41626F 
 6360      72744370 
 6360      6C744361 
 6361 0243 00       		.ascii	"\000"
 6362 0244 01       		.ascii	"\001"
 6363 0245 00       		.ascii	"\000"
 6364 0246 00000000 		.ascii	"\000\000\000\000\000\000\000\000"
ARM GAS  C:\Users\nicx5\AppData\Local\Temp\ccjkJcxQ.s 			page 305


 6364      00000000 
 6365 024e 6A020000 		.ascii	"j\002\000\000"
 6366 0252 48414C5F 		.ascii	"HAL_QSPI_CmdCpltCallback\000"
 6366      51535049 
 6366      5F436D64 
 6366      43706C74 
 6366      43616C6C 
 6367 026b 00       		.ascii	"\000"
 6368 026c 01       		.ascii	"\001"
 6369 026d 00       		.ascii	"\000"
 6370 026e 00000000 		.ascii	"\000\000\000\000\000\000\000\000"
 6370      00000000 
 6371 0276 73020000 		.ascii	"s\002\000\000"
 6372 027a 48414C5F 		.ascii	"HAL_QSPI_RxCpltCallback\000"
 6372      51535049 
 6372      5F527843 
 6372      706C7443 
 6372      616C6C62 
 6373 0292 00       		.ascii	"\000"
 6374 0293 01       		.ascii	"\001"
 6375 0294 00       		.ascii	"\000"
 6376 0295 00000000 		.ascii	"\000\000\000\000\000\000\000\000"
 6376      00000000 
 6377 029d 76020000 		.ascii	"v\002\000\000"
 6378 02a1 48414C5F 		.ascii	"HAL_QSPI_TxCpltCallback\000"
 6378      51535049 
 6378      5F547843 
 6378      706C7443 
 6378      616C6C62 
 6379 02b9 00       		.ascii	"\000"
 6380 02ba 01       		.ascii	"\001"
 6381 02bb 00       		.ascii	"\000"
 6382 02bc 00000000 		.ascii	"\000\000\000\000\000\000\000\000"
 6382      00000000 
 6383 02c4 79020000 		.ascii	"y\002\000\000"
 6384 02c8 48414C5F 		.ascii	"HAL_QSPI_FifoThresholdCallback\000"
 6384      51535049 
 6384      5F466966 
 6384      6F546872 
 6384      6573686F 
 6385 02e7 00       		.ascii	"\000"
 6386 02e8 01       		.ascii	"\001"
 6387 02e9 00       		.ascii	"\000"
 6388 02ea 00000000 		.ascii	"\000\000\000\000\000\000\000\000"
 6388      00000000 
 6389 02f2 7C020000 		.ascii	"|\002\000\000"
 6390 02f6 48414C5F 		.ascii	"HAL_QSPI_StatusMatchCallback\000"
 6390      51535049 
 6390      5F537461 
 6390      7475734D 
 6390      61746368 
 6391 0313 00       		.ascii	"\000"
 6392 0314 01       		.ascii	"\001"
 6393 0315 00       		.ascii	"\000"
 6394 0316 00000000 		.ascii	"\000\000\000\000\000\000\000\000"
 6394      00000000 
 6395 031e 7F020000 		.ascii	"\177\002\000\000"
ARM GAS  C:\Users\nicx5\AppData\Local\Temp\ccjkJcxQ.s 			page 306


 6396 0322 48414C5F 		.ascii	"HAL_QSPI_TimeOutCallback\000"
 6396      51535049 
 6396      5F54696D 
 6396      654F7574 
 6396      43616C6C 
 6397 033b 00       		.ascii	"\000"
 6398 033c 01       		.ascii	"\001"
 6399 033d 00       		.ascii	"\000"
 6400 033e 00000000 		.ascii	"\000\000\000\000\000\000\000\000"
 6400      00000000 
 6401 0346 82020000 		.ascii	"\202\002\000\000"
 6402 034a 48414C5F 		.ascii	"HAL_QSPI_IRQHandler\000"
 6402      51535049 
 6402      5F495251 
 6402      48616E64 
 6402      6C657200 
 6403 035e 00       		.ascii	"\000"
 6404 035f 00       		.ascii	"\000"
 6405 0360 00       		.ascii	"\000"
 6406 0361 00000000 		.ascii	"\000\000\000\000\000\000\000\000"
 6406      00000000 
 6407 0369 84020000 		.ascii	"\204\002\000\000"
 6408 036d 48414C5F 		.ascii	"HAL_QSPI_GetState\000"
 6408      51535049 
 6408      5F476574 
 6408      53746174 
 6408      6500
 6409 037f 00       		.ascii	"\000"
 6410 0380 00       		.ascii	"\000"
 6411 0381 00       		.ascii	"\000"
 6412 0382 00000000 		.ascii	"\000\000\000\000\000\000\000\000"
 6412      00000000 
 6413 038a 8B020000 		.ascii	"\213\002\000\000"
 6414 038e 48414C5F 		.ascii	"HAL_QSPI_GetError\000"
 6414      51535049 
 6414      5F476574 
 6414      4572726F 
 6414      7200
 6415 03a0 00       		.ascii	"\000"
 6416 03a1 00       		.ascii	"\000"
 6417 03a2 00       		.ascii	"\000"
 6418 03a3 00000000 		.ascii	"\000\000\000\000\000\000\000\000"
 6418      00000000 
 6419 03ab 8F020000 		.ascii	"\217\002\000\000"
 6420 03af 48414C5F 		.ascii	"HAL_QSPI_Abort\000"
 6420      51535049 
 6420      5F41626F 
 6420      727400
 6421 03be 00       		.ascii	"\000"
 6422 03bf 00       		.ascii	"\000"
 6423 03c0 00       		.ascii	"\000"
 6424 03c1 00000000 		.ascii	"\000\000\000\000\000\000\000\000"
 6424      00000000 
 6425 03c9 91020000 		.ascii	"\221\002\000\000"
 6426 03cd 48414C5F 		.ascii	"HAL_QSPI_Abort_IT\000"
 6426      51535049 
 6426      5F41626F 
ARM GAS  C:\Users\nicx5\AppData\Local\Temp\ccjkJcxQ.s 			page 307


 6426      72745F49 
 6426      5400
 6427 03df 00       		.ascii	"\000"
 6428 03e0 00       		.ascii	"\000"
 6429 03e1 00       		.ascii	"\000"
 6430 03e2 00000000 		.ascii	"\000\000\000\000\000\000\000\000"
 6430      00000000 
 6431 03ea 6D020000 		.ascii	"m\002\000\000"
 6432 03ee 48414C5F 		.ascii	"HAL_QSPI_SetTimeout\000"
 6432      51535049 
 6432      5F536574 
 6432      54696D65 
 6432      6F757400 
 6433 0402 00       		.ascii	"\000"
 6434 0403 00       		.ascii	"\000"
 6435 0404 00       		.ascii	"\000"
 6436 0405 00000000 		.ascii	"\000\000\000\000\000\000\000\000"
 6436      00000000 
 6437 040d 96020000 		.ascii	"\226\002\000\000"
 6438 0411 48414C5F 		.ascii	"HAL_QSPI_SetFifoThreshold\000"
 6438      51535049 
 6438      5F536574 
 6438      4669666F 
 6438      54687265 
 6439 042b 00       		.ascii	"\000"
 6440 042c 00       		.ascii	"\000"
 6441 042d 00       		.ascii	"\000"
 6442 042e 00000000 		.ascii	"\000\000\000\000\000\000\000\000"
 6442      00000000 
 6443 0436 9B020000 		.ascii	"\233\002\000\000"
 6444 043a 48414C5F 		.ascii	"HAL_QSPI_GetFifoThreshold\000"
 6444      51535049 
 6444      5F476574 
 6444      4669666F 
 6444      54687265 
 6445 0454 00       		.ascii	"\000"
 6446 0455 00       		.ascii	"\000"
 6447 0456 00       		.ascii	"\000"
 6448 0457 00000000 		.ascii	"\000\000\000\000\000\000\000\000"
 6448      00000000 
 6449 045f 9D020000 		.ascii	"\235\002\000\000"
 6450 0463 48414C5F 		.ascii	"HAL_QSPI_SetFlashID\000"
 6450      51535049 
 6450      5F536574 
 6450      466C6173 
 6450      68494400 
 6451 0477 00       		.ascii	"\000"
 6452 0478 00       		.ascii	"\000"
 6453 0479 00       		.ascii	"\000"
 6454 047a 00000000 		.ascii	"\000\000\000\000\000\000\000\000"
 6454      00000000 
 6455 0482 9F020000 		.ascii	"\237\002\000\000"
 6456 0486 48414C5F 		.ascii	"HAL_GetTick\000"
 6456      47657454 
 6456      69636B00 
 6457 0492 00       		.ascii	"\000"
 6458 0493 02       		.ascii	"\002"
ARM GAS  C:\Users\nicx5\AppData\Local\Temp\ccjkJcxQ.s 			page 308


 6459 0494 00       		.ascii	"\000"
 6460 0495 00000000 		.ascii	"\000\000\000\000\000\000\000\000"
 6460      00000000 
 6461 049d A2020000 		.ascii	"\242\002\000\000"
 6462 04a1 48414C5F 		.ascii	"HAL_MDMA_Start_IT\000"
 6462      4D444D41 
 6462      5F537461 
 6462      72745F49 
 6462      5400
 6463 04b3 00       		.ascii	"\000"
 6464 04b4 02       		.ascii	"\002"
 6465 04b5 00       		.ascii	"\000"
 6466 04b6 00000000 		.ascii	"\000\000\000\000\000\000\000\000"
 6466      00000000 
 6467 04be AA020000 		.ascii	"\252\002\000\000"
 6468 04c2 48414C5F 		.ascii	"HAL_MDMA_Abort_IT\000"
 6468      4D444D41 
 6468      5F41626F 
 6468      72745F49 
 6468      5400
 6469 04d4 00       		.ascii	"\000"
 6470 04d5 02       		.ascii	"\002"
 6471 04d6 00       		.ascii	"\000"
 6472 04d7 00000000 		.ascii	"\000\000\000\000\000\000\000\000"
 6472      00000000 
 6473 04df AE020000 		.ascii	"\256\002\000\000"
 6474 04e3 48414C5F 		.ascii	"HAL_MDMA_Abort\000"
 6474      4D444D41 
 6474      5F41626F 
 6474      727400
 6475 04f2 00       		.ascii	"\000"
 6476 04f3 02       		.ascii	"\002"
 6477 04f4 00       		.ascii	"\000"
 6478 04f5 00000000 		.ascii	"\000\000\000\000\000\000\000\000"
 6478      00000000 
 6479 04fd B0020000 		.ascii	"\260\002\000\000"
 6480              		.text
 6481              		.section	.gnu.lto_.ext_symtab.1f2fea0a,"e",%progbits
 6482 0000 01       		.ascii	"\001"
 6483 0001 01       		.ascii	"\001"
 6484 0002 00       		.ascii	"\000"
 6485 0003 01       		.ascii	"\001"
 6486 0004 00       		.ascii	"\000"
 6487 0005 01       		.ascii	"\001"
 6488 0006 00       		.ascii	"\000"
 6489 0007 01       		.ascii	"\001"
 6490 0008 00       		.ascii	"\000"
 6491 0009 01       		.ascii	"\001"
 6492 000a 00       		.ascii	"\000"
 6493 000b 01       		.ascii	"\001"
 6494 000c 00       		.ascii	"\000"
 6495 000d 01       		.ascii	"\001"
 6496 000e 00       		.ascii	"\000"
 6497 000f 01       		.ascii	"\001"
 6498 0010 00       		.ascii	"\000"
 6499 0011 01       		.ascii	"\001"
 6500 0012 00       		.ascii	"\000"
ARM GAS  C:\Users\nicx5\AppData\Local\Temp\ccjkJcxQ.s 			page 309


 6501 0013 01       		.ascii	"\001"
 6502 0014 00       		.ascii	"\000"
 6503 0015 01       		.ascii	"\001"
 6504 0016 00       		.ascii	"\000"
 6505 0017 01       		.ascii	"\001"
 6506 0018 00       		.ascii	"\000"
 6507 0019 01       		.ascii	"\001"
 6508 001a 00       		.ascii	"\000"
 6509 001b 01       		.ascii	"\001"
 6510 001c 00       		.ascii	"\000"
 6511 001d 01       		.ascii	"\001"
 6512 001e 00       		.ascii	"\000"
 6513 001f 01       		.ascii	"\001"
 6514 0020 00       		.ascii	"\000"
 6515 0021 01       		.ascii	"\001"
 6516 0022 00       		.ascii	"\000"
 6517 0023 01       		.ascii	"\001"
 6518 0024 00       		.ascii	"\000"
 6519 0025 01       		.ascii	"\001"
 6520 0026 00       		.ascii	"\000"
 6521 0027 01       		.ascii	"\001"
 6522 0028 00       		.ascii	"\000"
 6523 0029 01       		.ascii	"\001"
 6524 002a 00       		.ascii	"\000"
 6525 002b 01       		.ascii	"\001"
 6526 002c 00       		.ascii	"\000"
 6527 002d 01       		.ascii	"\001"
 6528 002e 00       		.ascii	"\000"
 6529 002f 01       		.ascii	"\001"
 6530 0030 00       		.ascii	"\000"
 6531 0031 01       		.ascii	"\001"
 6532 0032 00       		.ascii	"\000"
 6533 0033 01       		.ascii	"\001"
 6534 0034 00       		.ascii	"\000"
 6535 0035 01       		.ascii	"\001"
 6536 0036 00       		.ascii	"\000"
 6537 0037 01       		.ascii	"\001"
 6538 0038 00       		.ascii	"\000"
 6539 0039 01       		.ascii	"\001"
 6540 003a 00       		.ascii	"\000"
 6541 003b 01       		.ascii	"\001"
 6542 003c 00       		.ascii	"\000"
 6543 003d 01       		.ascii	"\001"
 6544 003e 00       		.ascii	"\000"
 6545 003f 01       		.ascii	"\001"
 6546 0040 00       		.ascii	"\000"
 6547 0041 01       		.ascii	"\001"
 6548 0042 00       		.ascii	"\000"
 6549 0043 01       		.ascii	"\001"
 6550 0044 00       		.ascii	"\000"
 6551 0045 01       		.ascii	"\001"
 6552 0046 00       		.ascii	"\000"
 6553 0047 01       		.ascii	"\001"
 6554 0048 00       		.ascii	"\000"
 6555              		.text
 6556              		.section	.gnu.lto_.opts,"e",%progbits
 6557 0000 272D666E 		.ascii	"'-fno-openmp' '-fno-openacc' '-fno-pie' '-fcf-prote"
ARM GAS  C:\Users\nicx5\AppData\Local\Temp\ccjkJcxQ.s 			page 310


 6557      6F2D6F70 
 6557      656E6D70 
 6557      2720272D 
 6557      666E6F2D 
 6558 0033 6374696F 		.ascii	"ction=none' '-g' '-mcpu=cortex-m7' '-mthumb' '-mfpu"
 6558      6E3D6E6F 
 6558      6E652720 
 6558      272D6727 
 6558      20272D6D 
 6559 0066 3D667076 		.ascii	"=fpv5-d16' '-mfloat-abi=hard' '-mlibarch=armv7e-m+f"
 6559      352D6431 
 6559      36272027 
 6559      2D6D666C 
 6559      6F61742D 
 6560 0099 702E6470 		.ascii	"p.dp' '-march=armv7e-m+fp.dp' '-Os' '-fdata-section"
 6560      2720272D 
 6560      6D617263 
 6560      683D6172 
 6560      6D763765 
 6561 00cc 73272027 		.ascii	"s' '-ffunction-sections' '-flto' '-fmerge-constants"
 6561      2D666675 
 6561      6E637469 
 6561      6F6E2D73 
 6561      65637469 
 6562 00ff 2720272D 		.ascii	"' '-fno-unwind-tables' '-fno-asynchronous-unwind-ta"
 6562      666E6F2D 
 6562      756E7769 
 6562      6E642D74 
 6562      61626C65 
 6563 0132 626C6573 		.ascii	"bles' '-Xassembler' '-a' '-Xassembler' '-ad' '-Xass"
 6563      2720272D 
 6563      58617373 
 6563      656D626C 
 6563      65722720 
 6564 0165 656D626C 		.ascii	"embler' '-alms=build_bootloader/stm32h7xx_hal_qspi."
 6564      65722720 
 6564      272D616C 
 6564      6D733D62 
 6564      75696C64 
 6565 0198 6C737427 		.ascii	"lst'\000"
 6565      00
 6566              		.text
 6567              		.comm	__gnu_lto_slim,1,1
 6568              		.ident	"GCC: (GNU) 13.3.0"
ARM GAS  C:\Users\nicx5\AppData\Local\Temp\ccjkJcxQ.s 			page 311


DEFINED SYMBOLS
                            *ABS*:00000000 stm32h7xx_hal_qspi.c
C:\Users\nicx5\AppData\Local\Temp\ccjkJcxQ.s:28     .gnu.debuglto_.debug_info:00000000 stm32h7xx_hal_qspi.c.31ca700d
                            *COM*:00000001 __gnu_lto_slim

NO UNDEFINED SYMBOLS
