ARM GAS  C:\Users\nicx5\AppData\Local\Temp\ccXs0mXR.s 			page 1


   1              		.cpu cortex-m7
   2              		.arch armv7e-m
   3              		.fpu fpv5-d16
   4              		.eabi_attribute 28, 1
   5              		.eabi_attribute 20, 1
   6              		.eabi_attribute 21, 1
   7              		.eabi_attribute 23, 3
   8              		.eabi_attribute 24, 1
   9              		.eabi_attribute 25, 1
  10              		.eabi_attribute 26, 1
  11              		.eabi_attribute 30, 4
  12              		.eabi_attribute 34, 1
  13              		.eabi_attribute 18, 4
  14              		.file	"stm32h7xx_hal_pwr_ex.c"
  15              		.file 1 "D:/Program Files/msys64/mingw64/arm-none-eabi/include/machine/_default_types.h"
  16              		.file 2 "D:/Program Files/msys64/mingw64/arm-none-eabi/include/sys/_stdint.h"
  17              		.file 3 "Drivers/CMSIS/Include/core_cm7.h"
  18              		.file 4 "Drivers/CMSIS/Device/ST/STM32H7xx/Include/stm32h750xx.h"
  19              		.file 5 "Drivers/STM32H7xx_HAL_Driver/Inc/stm32h7xx_hal_def.h"
  20              		.file 6 "Drivers/STM32H7xx_HAL_Driver/Inc/stm32h7xx_hal_pwr_ex.h"
  21              		.file 7 "Drivers/STM32H7xx_HAL_Driver/Src/stm32h7xx_hal_pwr_ex.c"
  22              		.file 8 "Drivers/STM32H7xx_HAL_Driver/Inc/stm32h7xx_hal_pwr.h"
  23              		.file 9 "Drivers/CMSIS/Include/cmsis_gcc.h"
  24              		.file 10 "Drivers/STM32H7xx_HAL_Driver/Inc/stm32h7xx_hal.h"
  25              		.section	.gnu.debuglto_.debug_info,"e",%progbits
  26              	.Ldebug_info0:
  27              		.hidden	stm32h7xx_hal_pwr_ex.c.91b30bf9
  28              		.weak	stm32h7xx_hal_pwr_ex.c.91b30bf9
  29              	stm32h7xx_hal_pwr_ex.c.91b30bf9:
  30 0000 E10E0000 		.4byte	0xee1
  31 0004 0200     		.2byte	0x2
  32 0006 00000000 		.4byte	.Ldebug_abbrev0
  33 000a 04       		.byte	0x4
  34 000b 01       		.uleb128 0x1
  35 000c 9F040000 		.4byte	.LASF192
  36 0010 0C       		.byte	0xc
  37 0011 96080000 		.4byte	.LASF193
  38 0015 270A0000 		.4byte	.LASF194
  39 0019 00000000 		.4byte	.Ldebug_line0
  40 001d 02       		.uleb128 0x2
  41 001e 02       		.byte	0x2
  42 001f 05       		.byte	0x5
  43 0020 2A070000 		.4byte	.LASF0
  44 0024 02       		.uleb128 0x2
  45 0025 01       		.byte	0x1
  46 0026 06       		.byte	0x6
  47 0027 8C010000 		.4byte	.LASF1
  48 002b 03       		.uleb128 0x3
  49 002c BF000000 		.4byte	.LASF5
  50 0030 01       		.byte	0x1
  51 0031 2B       		.byte	0x2b
  52 0032 18       		.byte	0x18
  53 0033 37000000 		.4byte	0x37
  54 0037 02       		.uleb128 0x2
  55 0038 01       		.byte	0x1
  56 0039 08       		.byte	0x8
  57 003a 0D070000 		.4byte	.LASF2
ARM GAS  C:\Users\nicx5\AppData\Local\Temp\ccXs0mXR.s 			page 2


  58 003e 02       		.uleb128 0x2
  59 003f 02       		.byte	0x2
  60 0040 07       		.byte	0x7
  61 0041 8C040000 		.4byte	.LASF3
  62 0045 02       		.uleb128 0x2
  63 0046 04       		.byte	0x4
  64 0047 05       		.byte	0x5
  65 0048 18020000 		.4byte	.LASF4
  66 004c 03       		.uleb128 0x3
  67 004d 12030000 		.4byte	.LASF6
  68 0051 01       		.byte	0x1
  69 0052 4F       		.byte	0x4f
  70 0053 19       		.byte	0x19
  71 0054 58000000 		.4byte	0x58
  72 0058 02       		.uleb128 0x2
  73 0059 04       		.byte	0x4
  74 005a 07       		.byte	0x7
  75 005b 9F010000 		.4byte	.LASF7
  76 005f 02       		.uleb128 0x2
  77 0060 08       		.byte	0x8
  78 0061 05       		.byte	0x5
  79 0062 8F020000 		.4byte	.LASF8
  80 0066 02       		.uleb128 0x2
  81 0067 08       		.byte	0x8
  82 0068 07       		.byte	0x7
  83 0069 B1010000 		.4byte	.LASF9
  84 006d 04       		.uleb128 0x4
  85 006e 04       		.byte	0x4
  86 006f 05       		.byte	0x5
  87 0070 696E7400 		.ascii	"int\000"
  88 0074 02       		.uleb128 0x2
  89 0075 04       		.byte	0x4
  90 0076 07       		.byte	0x7
  91 0077 E6030000 		.4byte	.LASF10
  92 007b 03       		.uleb128 0x3
  93 007c 5C090000 		.4byte	.LASF11
  94 0080 02       		.byte	0x2
  95 0081 18       		.byte	0x18
  96 0082 13       		.byte	0x13
  97 0083 2B000000 		.4byte	0x2b
  98 0087 05       		.uleb128 0x5
  99 0088 7B000000 		.4byte	0x7b
 100 008c 03       		.uleb128 0x3
 101 008d CA070000 		.4byte	.LASF12
 102 0091 02       		.byte	0x2
 103 0092 30       		.byte	0x30
 104 0093 14       		.byte	0x14
 105 0094 4C000000 		.4byte	0x4c
 106 0098 05       		.uleb128 0x5
 107 0099 8C000000 		.4byte	0x8c
 108 009d 06       		.uleb128 0x6
 109 009e 98000000 		.4byte	0x98
 110 00a2 06       		.uleb128 0x6
 111 00a3 8C000000 		.4byte	0x8c
 112 00a7 07       		.uleb128 0x7
 113 00a8 AC02     		.2byte	0x2ac
 114 00aa 03       		.byte	0x3
ARM GAS  C:\Users\nicx5\AppData\Local\Temp\ccXs0mXR.s 			page 3


 115 00ab C701     		.2byte	0x1c7
 116 00ad 09       		.byte	0x9
 117 00ae EF030000 		.4byte	0x3ef
 118 00b2 08       		.uleb128 0x8
 119 00b3 5A010000 		.4byte	.LASF13
 120 00b7 03       		.byte	0x3
 121 00b8 C901     		.2byte	0x1c9
 122 00ba 12       		.byte	0x12
 123 00bb 9D000000 		.4byte	0x9d
 124 00bf 02       		.byte	0x2
 125 00c0 23       		.byte	0x23
 126 00c1 00       		.uleb128 0
 127 00c2 08       		.uleb128 0x8
 128 00c3 4C090000 		.4byte	.LASF14
 129 00c7 03       		.byte	0x3
 130 00c8 CA01     		.2byte	0x1ca
 131 00ca 12       		.byte	0x12
 132 00cb 98000000 		.4byte	0x98
 133 00cf 02       		.byte	0x2
 134 00d0 23       		.byte	0x23
 135 00d1 04       		.uleb128 0x4
 136 00d2 08       		.uleb128 0x8
 137 00d3 73040000 		.4byte	.LASF15
 138 00d7 03       		.byte	0x3
 139 00d8 CB01     		.2byte	0x1cb
 140 00da 12       		.byte	0x12
 141 00db 98000000 		.4byte	0x98
 142 00df 02       		.byte	0x2
 143 00e0 23       		.byte	0x23
 144 00e1 08       		.uleb128 0x8
 145 00e2 08       		.uleb128 0x8
 146 00e3 91050000 		.4byte	.LASF16
 147 00e7 03       		.byte	0x3
 148 00e8 CC01     		.2byte	0x1cc
 149 00ea 12       		.byte	0x12
 150 00eb 98000000 		.4byte	0x98
 151 00ef 02       		.byte	0x2
 152 00f0 23       		.byte	0x23
 153 00f1 0C       		.uleb128 0xc
 154 00f2 09       		.uleb128 0x9
 155 00f3 53435200 		.ascii	"SCR\000"
 156 00f7 03       		.byte	0x3
 157 00f8 CD01     		.2byte	0x1cd
 158 00fa 12       		.byte	0x12
 159 00fb 98000000 		.4byte	0x98
 160 00ff 02       		.byte	0x2
 161 0100 23       		.byte	0x23
 162 0101 10       		.uleb128 0x10
 163 0102 09       		.uleb128 0x9
 164 0103 43435200 		.ascii	"CCR\000"
 165 0107 03       		.byte	0x3
 166 0108 CE01     		.2byte	0x1ce
 167 010a 12       		.byte	0x12
 168 010b 98000000 		.4byte	0x98
 169 010f 02       		.byte	0x2
 170 0110 23       		.byte	0x23
 171 0111 14       		.uleb128 0x14
ARM GAS  C:\Users\nicx5\AppData\Local\Temp\ccXs0mXR.s 			page 4


 172 0112 08       		.uleb128 0x8
 173 0113 15000000 		.4byte	.LASF17
 174 0117 03       		.byte	0x3
 175 0118 CF01     		.2byte	0x1cf
 176 011a 12       		.byte	0x12
 177 011b FF030000 		.4byte	0x3ff
 178 011f 02       		.byte	0x2
 179 0120 23       		.byte	0x23
 180 0121 18       		.uleb128 0x18
 181 0122 08       		.uleb128 0x8
 182 0123 1B070000 		.4byte	.LASF18
 183 0127 03       		.byte	0x3
 184 0128 D001     		.2byte	0x1d0
 185 012a 12       		.byte	0x12
 186 012b 98000000 		.4byte	0x98
 187 012f 02       		.byte	0x2
 188 0130 23       		.byte	0x23
 189 0131 24       		.uleb128 0x24
 190 0132 08       		.uleb128 0x8
 191 0133 5E060000 		.4byte	.LASF19
 192 0137 03       		.byte	0x3
 193 0138 D101     		.2byte	0x1d1
 194 013a 12       		.byte	0x12
 195 013b 98000000 		.4byte	0x98
 196 013f 02       		.byte	0x2
 197 0140 23       		.byte	0x23
 198 0141 28       		.uleb128 0x28
 199 0142 08       		.uleb128 0x8
 200 0143 150A0000 		.4byte	.LASF20
 201 0147 03       		.byte	0x3
 202 0148 D201     		.2byte	0x1d2
 203 014a 12       		.byte	0x12
 204 014b 98000000 		.4byte	0x98
 205 014f 02       		.byte	0x2
 206 0150 23       		.byte	0x23
 207 0151 2C       		.uleb128 0x2c
 208 0152 08       		.uleb128 0x8
 209 0153 97050000 		.4byte	.LASF21
 210 0157 03       		.byte	0x3
 211 0158 D301     		.2byte	0x1d3
 212 015a 12       		.byte	0x12
 213 015b 98000000 		.4byte	0x98
 214 015f 02       		.byte	0x2
 215 0160 23       		.byte	0x23
 216 0161 30       		.uleb128 0x30
 217 0162 08       		.uleb128 0x8
 218 0163 A3050000 		.4byte	.LASF22
 219 0167 03       		.byte	0x3
 220 0168 D401     		.2byte	0x1d4
 221 016a 12       		.byte	0x12
 222 016b 98000000 		.4byte	0x98
 223 016f 02       		.byte	0x2
 224 0170 23       		.byte	0x23
 225 0171 34       		.uleb128 0x34
 226 0172 08       		.uleb128 0x8
 227 0173 F9060000 		.4byte	.LASF23
 228 0177 03       		.byte	0x3
ARM GAS  C:\Users\nicx5\AppData\Local\Temp\ccXs0mXR.s 			page 5


 229 0178 D501     		.2byte	0x1d5
 230 017a 12       		.byte	0x12
 231 017b 98000000 		.4byte	0x98
 232 017f 02       		.byte	0x2
 233 0180 23       		.byte	0x23
 234 0181 38       		.uleb128 0x38
 235 0182 08       		.uleb128 0x8
 236 0183 D8070000 		.4byte	.LASF24
 237 0187 03       		.byte	0x3
 238 0188 D601     		.2byte	0x1d6
 239 018a 12       		.byte	0x12
 240 018b 98000000 		.4byte	0x98
 241 018f 02       		.byte	0x2
 242 0190 23       		.byte	0x23
 243 0191 3C       		.uleb128 0x3c
 244 0192 08       		.uleb128 0x8
 245 0193 75010000 		.4byte	.LASF25
 246 0197 03       		.byte	0x3
 247 0198 D701     		.2byte	0x1d7
 248 019a 12       		.byte	0x12
 249 019b 19040000 		.4byte	0x419
 250 019f 02       		.byte	0x2
 251 01a0 23       		.byte	0x23
 252 01a1 40       		.uleb128 0x40
 253 01a2 08       		.uleb128 0x8
 254 01a3 87030000 		.4byte	.LASF26
 255 01a7 03       		.byte	0x3
 256 01a8 D801     		.2byte	0x1d8
 257 01aa 12       		.byte	0x12
 258 01ab 9D000000 		.4byte	0x9d
 259 01af 02       		.byte	0x2
 260 01b0 23       		.byte	0x23
 261 01b1 48       		.uleb128 0x48
 262 01b2 08       		.uleb128 0x8
 263 01b3 74060000 		.4byte	.LASF27
 264 01b7 03       		.byte	0x3
 265 01b8 D901     		.2byte	0x1d9
 266 01ba 12       		.byte	0x12
 267 01bb 9D000000 		.4byte	0x9d
 268 01bf 02       		.byte	0x2
 269 01c0 23       		.byte	0x23
 270 01c1 4C       		.uleb128 0x4c
 271 01c2 08       		.uleb128 0x8
 272 01c3 34070000 		.4byte	.LASF28
 273 01c7 03       		.byte	0x3
 274 01c8 DA01     		.2byte	0x1da
 275 01ca 12       		.byte	0x12
 276 01cb 33040000 		.4byte	0x433
 277 01cf 02       		.byte	0x2
 278 01d0 23       		.byte	0x23
 279 01d1 50       		.uleb128 0x50
 280 01d2 08       		.uleb128 0x8
 281 01d3 A9090000 		.4byte	.LASF29
 282 01d7 03       		.byte	0x3
 283 01d8 DB01     		.2byte	0x1db
 284 01da 12       		.byte	0x12
 285 01db 4D040000 		.4byte	0x44d
ARM GAS  C:\Users\nicx5\AppData\Local\Temp\ccXs0mXR.s 			page 6


 286 01df 02       		.byte	0x2
 287 01e0 23       		.byte	0x23
 288 01e1 60       		.uleb128 0x60
 289 01e2 08       		.uleb128 0x8
 290 01e3 84070000 		.4byte	.LASF30
 291 01e7 03       		.byte	0x3
 292 01e8 DC01     		.2byte	0x1dc
 293 01ea 12       		.byte	0x12
 294 01eb 52040000 		.4byte	0x452
 295 01ef 02       		.byte	0x2
 296 01f0 23       		.byte	0x23
 297 01f1 74       		.uleb128 0x74
 298 01f2 08       		.uleb128 0x8
 299 01f3 2C010000 		.4byte	.LASF31
 300 01f7 03       		.byte	0x3
 301 01f8 DD01     		.2byte	0x1dd
 302 01fa 12       		.byte	0x12
 303 01fb 9D000000 		.4byte	0x9d
 304 01ff 02       		.byte	0x2
 305 0200 23       		.byte	0x23
 306 0201 78       		.uleb128 0x78
 307 0202 09       		.uleb128 0x9
 308 0203 43545200 		.ascii	"CTR\000"
 309 0207 03       		.byte	0x3
 310 0208 DE01     		.2byte	0x1de
 311 020a 12       		.byte	0x12
 312 020b 9D000000 		.4byte	0x9d
 313 020f 02       		.byte	0x2
 314 0210 23       		.byte	0x23
 315 0211 7C       		.uleb128 0x7c
 316 0212 08       		.uleb128 0x8
 317 0213 0F060000 		.4byte	.LASF32
 318 0217 03       		.byte	0x3
 319 0218 DF01     		.2byte	0x1df
 320 021a 12       		.byte	0x12
 321 021b 9D000000 		.4byte	0x9d
 322 021f 03       		.byte	0x3
 323 0220 23       		.byte	0x23
 324 0221 8001     		.uleb128 0x80
 325 0223 08       		.uleb128 0x8
 326 0224 C4030000 		.4byte	.LASF33
 327 0228 03       		.byte	0x3
 328 0229 E001     		.2byte	0x1e0
 329 022b 12       		.byte	0x12
 330 022c 98000000 		.4byte	0x98
 331 0230 03       		.byte	0x3
 332 0231 23       		.byte	0x23
 333 0232 8401     		.uleb128 0x84
 334 0234 08       		.uleb128 0x8
 335 0235 0F0A0000 		.4byte	.LASF34
 336 0239 03       		.byte	0x3
 337 023a E101     		.2byte	0x1e1
 338 023c 12       		.byte	0x12
 339 023d 98000000 		.4byte	0x98
 340 0241 03       		.byte	0x3
 341 0242 23       		.byte	0x23
 342 0243 8801     		.uleb128 0x88
ARM GAS  C:\Users\nicx5\AppData\Local\Temp\ccXs0mXR.s 			page 7


 343 0245 08       		.uleb128 0x8
 344 0246 AC070000 		.4byte	.LASF35
 345 024a 03       		.byte	0x3
 346 024b E201     		.2byte	0x1e2
 347 024d 12       		.byte	0x12
 348 024e 62040000 		.4byte	0x462
 349 0252 03       		.byte	0x3
 350 0253 23       		.byte	0x23
 351 0254 8C01     		.uleb128 0x8c
 352 0256 08       		.uleb128 0x8
 353 0257 D2000000 		.4byte	.LASF36
 354 025b 03       		.byte	0x3
 355 025c E301     		.2byte	0x1e3
 356 025e 12       		.byte	0x12
 357 025f 98000000 		.4byte	0x98
 358 0263 03       		.byte	0x3
 359 0264 23       		.byte	0x23
 360 0265 8004     		.uleb128 0x200
 361 0267 08       		.uleb128 0x8
 362 0268 B6070000 		.4byte	.LASF37
 363 026c 03       		.byte	0x3
 364 026d E401     		.2byte	0x1e4
 365 026f 12       		.byte	0x12
 366 0270 72040000 		.4byte	0x472
 367 0274 03       		.byte	0x3
 368 0275 23       		.byte	0x23
 369 0276 8404     		.uleb128 0x204
 370 0278 08       		.uleb128 0x8
 371 0279 8F060000 		.4byte	.LASF38
 372 027d 03       		.byte	0x3
 373 027e E501     		.2byte	0x1e5
 374 0280 12       		.byte	0x12
 375 0281 9D000000 		.4byte	0x9d
 376 0285 03       		.byte	0x3
 377 0286 23       		.byte	0x23
 378 0287 C004     		.uleb128 0x240
 379 0289 08       		.uleb128 0x8
 380 028a 95060000 		.4byte	.LASF39
 381 028e 03       		.byte	0x3
 382 028f E601     		.2byte	0x1e6
 383 0291 12       		.byte	0x12
 384 0292 9D000000 		.4byte	0x9d
 385 0296 03       		.byte	0x3
 386 0297 23       		.byte	0x23
 387 0298 C404     		.uleb128 0x244
 388 029a 08       		.uleb128 0x8
 389 029b 9B060000 		.4byte	.LASF40
 390 029f 03       		.byte	0x3
 391 02a0 E701     		.2byte	0x1e7
 392 02a2 12       		.byte	0x12
 393 02a3 9D000000 		.4byte	0x9d
 394 02a7 03       		.byte	0x3
 395 02a8 23       		.byte	0x23
 396 02a9 C804     		.uleb128 0x248
 397 02ab 08       		.uleb128 0x8
 398 02ac C0070000 		.4byte	.LASF41
 399 02b0 03       		.byte	0x3
ARM GAS  C:\Users\nicx5\AppData\Local\Temp\ccXs0mXR.s 			page 8


 400 02b1 E801     		.2byte	0x1e8
 401 02b3 12       		.byte	0x12
 402 02b4 52040000 		.4byte	0x452
 403 02b8 03       		.byte	0x3
 404 02b9 23       		.byte	0x23
 405 02ba CC04     		.uleb128 0x24c
 406 02bc 08       		.uleb128 0x8
 407 02bd C7020000 		.4byte	.LASF42
 408 02c1 03       		.byte	0x3
 409 02c2 E901     		.2byte	0x1e9
 410 02c4 12       		.byte	0x12
 411 02c5 98000000 		.4byte	0x98
 412 02c9 03       		.byte	0x3
 413 02ca 23       		.byte	0x23
 414 02cb D004     		.uleb128 0x250
 415 02cd 08       		.uleb128 0x8
 416 02ce DB060000 		.4byte	.LASF43
 417 02d2 03       		.byte	0x3
 418 02d3 EA01     		.2byte	0x1ea
 419 02d5 12       		.byte	0x12
 420 02d6 52040000 		.4byte	0x452
 421 02da 03       		.byte	0x3
 422 02db 23       		.byte	0x23
 423 02dc D404     		.uleb128 0x254
 424 02de 08       		.uleb128 0x8
 425 02df 41080000 		.4byte	.LASF44
 426 02e3 03       		.byte	0x3
 427 02e4 EB01     		.2byte	0x1eb
 428 02e6 12       		.byte	0x12
 429 02e7 98000000 		.4byte	0x98
 430 02eb 03       		.byte	0x3
 431 02ec 23       		.byte	0x23
 432 02ed D804     		.uleb128 0x258
 433 02ef 08       		.uleb128 0x8
 434 02f0 83080000 		.4byte	.LASF45
 435 02f4 03       		.byte	0x3
 436 02f5 EC01     		.2byte	0x1ec
 437 02f7 12       		.byte	0x12
 438 02f8 98000000 		.4byte	0x98
 439 02fc 03       		.byte	0x3
 440 02fd 23       		.byte	0x23
 441 02fe DC04     		.uleb128 0x25c
 442 0300 08       		.uleb128 0x8
 443 0301 74070000 		.4byte	.LASF46
 444 0305 03       		.byte	0x3
 445 0306 ED01     		.2byte	0x1ed
 446 0308 12       		.byte	0x12
 447 0309 98000000 		.4byte	0x98
 448 030d 03       		.byte	0x3
 449 030e 23       		.byte	0x23
 450 030f E004     		.uleb128 0x260
 451 0311 08       		.uleb128 0x8
 452 0312 07040000 		.4byte	.LASF47
 453 0316 03       		.byte	0x3
 454 0317 EE01     		.2byte	0x1ee
 455 0319 12       		.byte	0x12
 456 031a 98000000 		.4byte	0x98
ARM GAS  C:\Users\nicx5\AppData\Local\Temp\ccXs0mXR.s 			page 9


 457 031e 03       		.byte	0x3
 458 031f 23       		.byte	0x23
 459 0320 E404     		.uleb128 0x264
 460 0322 08       		.uleb128 0x8
 461 0323 A7030000 		.4byte	.LASF48
 462 0327 03       		.byte	0x3
 463 0328 EF01     		.2byte	0x1ef
 464 032a 12       		.byte	0x12
 465 032b 98000000 		.4byte	0x98
 466 032f 03       		.byte	0x3
 467 0330 23       		.byte	0x23
 468 0331 E804     		.uleb128 0x268
 469 0333 08       		.uleb128 0x8
 470 0334 49080000 		.4byte	.LASF49
 471 0338 03       		.byte	0x3
 472 0339 F001     		.2byte	0x1f0
 473 033b 12       		.byte	0x12
 474 033c 98000000 		.4byte	0x98
 475 0340 03       		.byte	0x3
 476 0341 23       		.byte	0x23
 477 0342 EC04     		.uleb128 0x26c
 478 0344 08       		.uleb128 0x8
 479 0345 21070000 		.4byte	.LASF50
 480 0349 03       		.byte	0x3
 481 034a F101     		.2byte	0x1f1
 482 034c 12       		.byte	0x12
 483 034d 98000000 		.4byte	0x98
 484 0351 03       		.byte	0x3
 485 0352 23       		.byte	0x23
 486 0353 F004     		.uleb128 0x270
 487 0355 08       		.uleb128 0x8
 488 0356 0F040000 		.4byte	.LASF51
 489 035a 03       		.byte	0x3
 490 035b F201     		.2byte	0x1f2
 491 035d 12       		.byte	0x12
 492 035e 98000000 		.4byte	0x98
 493 0362 03       		.byte	0x3
 494 0363 23       		.byte	0x23
 495 0364 F404     		.uleb128 0x274
 496 0366 08       		.uleb128 0x8
 497 0367 E5060000 		.4byte	.LASF52
 498 036b 03       		.byte	0x3
 499 036c F301     		.2byte	0x1f3
 500 036e 12       		.byte	0x12
 501 036f 82040000 		.4byte	0x482
 502 0373 03       		.byte	0x3
 503 0374 23       		.byte	0x23
 504 0375 F804     		.uleb128 0x278
 505 0377 08       		.uleb128 0x8
 506 0378 9C050000 		.4byte	.LASF53
 507 037c 03       		.byte	0x3
 508 037d F401     		.2byte	0x1f4
 509 037f 12       		.byte	0x12
 510 0380 98000000 		.4byte	0x98
 511 0384 03       		.byte	0x3
 512 0385 23       		.byte	0x23
 513 0386 9005     		.uleb128 0x290
ARM GAS  C:\Users\nicx5\AppData\Local\Temp\ccXs0mXR.s 			page 10


 514 0388 08       		.uleb128 0x8
 515 0389 36020000 		.4byte	.LASF54
 516 038d 03       		.byte	0x3
 517 038e F501     		.2byte	0x1f5
 518 0390 12       		.byte	0x12
 519 0391 98000000 		.4byte	0x98
 520 0395 03       		.byte	0x3
 521 0396 23       		.byte	0x23
 522 0397 9405     		.uleb128 0x294
 523 0399 08       		.uleb128 0x8
 524 039a 82060000 		.4byte	.LASF55
 525 039e 03       		.byte	0x3
 526 039f F601     		.2byte	0x1f6
 527 03a1 12       		.byte	0x12
 528 03a2 98000000 		.4byte	0x98
 529 03a6 03       		.byte	0x3
 530 03a7 23       		.byte	0x23
 531 03a8 9805     		.uleb128 0x298
 532 03aa 08       		.uleb128 0x8
 533 03ab BF030000 		.4byte	.LASF56
 534 03af 03       		.byte	0x3
 535 03b0 F701     		.2byte	0x1f7
 536 03b2 12       		.byte	0x12
 537 03b3 98000000 		.4byte	0x98
 538 03b7 03       		.byte	0x3
 539 03b8 23       		.byte	0x23
 540 03b9 9C05     		.uleb128 0x29c
 541 03bb 08       		.uleb128 0x8
 542 03bc 22000000 		.4byte	.LASF57
 543 03c0 03       		.byte	0x3
 544 03c1 F801     		.2byte	0x1f8
 545 03c3 12       		.byte	0x12
 546 03c4 98000000 		.4byte	0x98
 547 03c8 03       		.byte	0x3
 548 03c9 23       		.byte	0x23
 549 03ca A005     		.uleb128 0x2a0
 550 03cc 08       		.uleb128 0x8
 551 03cd EF060000 		.4byte	.LASF58
 552 03d1 03       		.byte	0x3
 553 03d2 F901     		.2byte	0x1f9
 554 03d4 12       		.byte	0x12
 555 03d5 52040000 		.4byte	0x452
 556 03d9 03       		.byte	0x3
 557 03da 23       		.byte	0x23
 558 03db A405     		.uleb128 0x2a4
 559 03dd 08       		.uleb128 0x8
 560 03de E0050000 		.4byte	.LASF59
 561 03e2 03       		.byte	0x3
 562 03e3 FA01     		.2byte	0x1fa
 563 03e5 12       		.byte	0x12
 564 03e6 98000000 		.4byte	0x98
 565 03ea 03       		.byte	0x3
 566 03eb 23       		.byte	0x23
 567 03ec A805     		.uleb128 0x2a8
 568 03ee 00       		.byte	0
 569 03ef 0A       		.uleb128 0xa
 570 03f0 87000000 		.4byte	0x87
ARM GAS  C:\Users\nicx5\AppData\Local\Temp\ccXs0mXR.s 			page 11


 571 03f4 FF030000 		.4byte	0x3ff
 572 03f8 0B       		.uleb128 0xb
 573 03f9 74000000 		.4byte	0x74
 574 03fd 0B       		.byte	0xb
 575 03fe 00       		.byte	0
 576 03ff 05       		.uleb128 0x5
 577 0400 EF030000 		.4byte	0x3ef
 578 0404 0A       		.uleb128 0xa
 579 0405 9D000000 		.4byte	0x9d
 580 0409 14040000 		.4byte	0x414
 581 040d 0B       		.uleb128 0xb
 582 040e 74000000 		.4byte	0x74
 583 0412 01       		.byte	0x1
 584 0413 00       		.byte	0
 585 0414 06       		.uleb128 0x6
 586 0415 04040000 		.4byte	0x404
 587 0419 05       		.uleb128 0x5
 588 041a 14040000 		.4byte	0x414
 589 041e 0A       		.uleb128 0xa
 590 041f 9D000000 		.4byte	0x9d
 591 0423 2E040000 		.4byte	0x42e
 592 0427 0B       		.uleb128 0xb
 593 0428 74000000 		.4byte	0x74
 594 042c 03       		.byte	0x3
 595 042d 00       		.byte	0
 596 042e 06       		.uleb128 0x6
 597 042f 1E040000 		.4byte	0x41e
 598 0433 05       		.uleb128 0x5
 599 0434 2E040000 		.4byte	0x42e
 600 0438 0A       		.uleb128 0xa
 601 0439 9D000000 		.4byte	0x9d
 602 043d 48040000 		.4byte	0x448
 603 0441 0B       		.uleb128 0xb
 604 0442 74000000 		.4byte	0x74
 605 0446 04       		.byte	0x4
 606 0447 00       		.byte	0
 607 0448 06       		.uleb128 0x6
 608 0449 38040000 		.4byte	0x438
 609 044d 05       		.uleb128 0x5
 610 044e 48040000 		.4byte	0x448
 611 0452 0A       		.uleb128 0xa
 612 0453 8C000000 		.4byte	0x8c
 613 0457 62040000 		.4byte	0x462
 614 045b 0B       		.uleb128 0xb
 615 045c 74000000 		.4byte	0x74
 616 0460 00       		.byte	0
 617 0461 00       		.byte	0
 618 0462 0A       		.uleb128 0xa
 619 0463 8C000000 		.4byte	0x8c
 620 0467 72040000 		.4byte	0x472
 621 046b 0B       		.uleb128 0xb
 622 046c 74000000 		.4byte	0x74
 623 0470 5C       		.byte	0x5c
 624 0471 00       		.byte	0
 625 0472 0A       		.uleb128 0xa
 626 0473 8C000000 		.4byte	0x8c
 627 0477 82040000 		.4byte	0x482
ARM GAS  C:\Users\nicx5\AppData\Local\Temp\ccXs0mXR.s 			page 12


 628 047b 0B       		.uleb128 0xb
 629 047c 74000000 		.4byte	0x74
 630 0480 0E       		.byte	0xe
 631 0481 00       		.byte	0
 632 0482 0A       		.uleb128 0xa
 633 0483 8C000000 		.4byte	0x8c
 634 0487 92040000 		.4byte	0x492
 635 048b 0B       		.uleb128 0xb
 636 048c 74000000 		.4byte	0x74
 637 0490 05       		.byte	0x5
 638 0491 00       		.byte	0
 639 0492 0C       		.uleb128 0xc
 640 0493 60030000 		.4byte	.LASF60
 641 0497 03       		.byte	0x3
 642 0498 FB01     		.2byte	0x1fb
 643 049a 03       		.byte	0x3
 644 049b A7000000 		.4byte	0xa7
 645 049f 0A       		.uleb128 0xa
 646 04a0 8C000000 		.4byte	0x8c
 647 04a4 AF040000 		.4byte	0x4af
 648 04a8 0B       		.uleb128 0xb
 649 04a9 74000000 		.4byte	0x74
 650 04ad 01       		.byte	0x1
 651 04ae 00       		.byte	0
 652 04af 0A       		.uleb128 0xa
 653 04b0 98000000 		.4byte	0x98
 654 04b4 BF040000 		.4byte	0x4bf
 655 04b8 0B       		.uleb128 0xb
 656 04b9 74000000 		.4byte	0x74
 657 04bd 03       		.byte	0x3
 658 04be 00       		.byte	0
 659 04bf 05       		.uleb128 0x5
 660 04c0 AF040000 		.4byte	0x4af
 661 04c4 0A       		.uleb128 0xa
 662 04c5 8C000000 		.4byte	0x8c
 663 04c9 D4040000 		.4byte	0x4d4
 664 04cd 0B       		.uleb128 0xb
 665 04ce 74000000 		.4byte	0x74
 666 04d2 09       		.byte	0x9
 667 04d3 00       		.byte	0
 668 04d4 0D       		.uleb128 0xd
 669 04d5 AC       		.byte	0xac
 670 04d6 04       		.byte	0x4
 671 04d7 5203     		.2byte	0x352
 672 04d9 09       		.byte	0x9
 673 04da EA060000 		.4byte	0x6ea
 674 04de 08       		.uleb128 0x8
 675 04df C9060000 		.4byte	.LASF61
 676 04e3 04       		.byte	0x4
 677 04e4 5403     		.2byte	0x354
 678 04e6 0F       		.byte	0xf
 679 04e7 98000000 		.4byte	0x98
 680 04eb 02       		.byte	0x2
 681 04ec 23       		.byte	0x23
 682 04ed 00       		.uleb128 0
 683 04ee 08       		.uleb128 0x8
 684 04ef E1000000 		.4byte	.LASF62
ARM GAS  C:\Users\nicx5\AppData\Local\Temp\ccXs0mXR.s 			page 13


 685 04f3 04       		.byte	0x4
 686 04f4 5503     		.2byte	0x355
 687 04f6 0F       		.byte	0xf
 688 04f7 98000000 		.4byte	0x98
 689 04fb 02       		.byte	0x2
 690 04fc 23       		.byte	0x23
 691 04fd 04       		.uleb128 0x4
 692 04fe 08       		.uleb128 0x8
 693 04ff 60010000 		.4byte	.LASF63
 694 0503 04       		.byte	0x4
 695 0504 5603     		.2byte	0x356
 696 0506 0F       		.byte	0xf
 697 0507 98000000 		.4byte	0x98
 698 050b 02       		.byte	0x2
 699 050c 23       		.byte	0x23
 700 050d 08       		.uleb128 0x8
 701 050e 08       		.uleb128 0x8
 702 050f E3090000 		.4byte	.LASF64
 703 0513 04       		.byte	0x4
 704 0514 5703     		.2byte	0x357
 705 0516 0F       		.byte	0xf
 706 0517 98000000 		.4byte	0x98
 707 051b 02       		.byte	0x2
 708 051c 23       		.byte	0x23
 709 051d 0C       		.uleb128 0xc
 710 051e 08       		.uleb128 0x8
 711 051f E7070000 		.4byte	.LASF65
 712 0523 04       		.byte	0x4
 713 0524 5803     		.2byte	0x358
 714 0526 0F       		.byte	0xf
 715 0527 98000000 		.4byte	0x98
 716 052b 02       		.byte	0x2
 717 052c 23       		.byte	0x23
 718 052d 10       		.uleb128 0x10
 719 052e 08       		.uleb128 0x8
 720 052f 490A0000 		.4byte	.LASF66
 721 0533 04       		.byte	0x4
 722 0534 5903     		.2byte	0x359
 723 0536 0F       		.byte	0xf
 724 0537 98000000 		.4byte	0x98
 725 053b 02       		.byte	0x2
 726 053c 23       		.byte	0x23
 727 053d 14       		.uleb128 0x14
 728 053e 08       		.uleb128 0x8
 729 053f B5060000 		.4byte	.LASF67
 730 0543 04       		.byte	0x4
 731 0544 5A03     		.2byte	0x35a
 732 0546 0F       		.byte	0xf
 733 0547 9F040000 		.4byte	0x49f
 734 054b 02       		.byte	0x2
 735 054c 23       		.byte	0x23
 736 054d 18       		.uleb128 0x18
 737 054e 08       		.uleb128 0x8
 738 054f CF060000 		.4byte	.LASF68
 739 0553 04       		.byte	0x4
 740 0554 5B03     		.2byte	0x35b
 741 0556 0F       		.byte	0xf
ARM GAS  C:\Users\nicx5\AppData\Local\Temp\ccXs0mXR.s 			page 14


 742 0557 98000000 		.4byte	0x98
 743 055b 02       		.byte	0x2
 744 055c 23       		.byte	0x23
 745 055d 20       		.uleb128 0x20
 746 055e 08       		.uleb128 0x8
 747 055f 1D030000 		.4byte	.LASF69
 748 0563 04       		.byte	0x4
 749 0564 5C03     		.2byte	0x35c
 750 0566 0F       		.byte	0xf
 751 0567 98000000 		.4byte	0x98
 752 056b 02       		.byte	0x2
 753 056c 23       		.byte	0x23
 754 056d 24       		.uleb128 0x24
 755 056e 08       		.uleb128 0x8
 756 056f 67010000 		.4byte	.LASF70
 757 0573 04       		.byte	0x4
 758 0574 5D03     		.2byte	0x35d
 759 0576 0F       		.byte	0xf
 760 0577 98000000 		.4byte	0x98
 761 057b 02       		.byte	0x2
 762 057c 23       		.byte	0x23
 763 057d 28       		.uleb128 0x28
 764 057e 08       		.uleb128 0x8
 765 057f EA090000 		.4byte	.LASF71
 766 0583 04       		.byte	0x4
 767 0584 5E03     		.2byte	0x35e
 768 0586 0F       		.byte	0xf
 769 0587 98000000 		.4byte	0x98
 770 058b 02       		.byte	0x2
 771 058c 23       		.byte	0x23
 772 058d 2C       		.uleb128 0x2c
 773 058e 08       		.uleb128 0x8
 774 058f 3C090000 		.4byte	.LASF72
 775 0593 04       		.byte	0x4
 776 0594 5F03     		.2byte	0x35f
 777 0596 0F       		.byte	0xf
 778 0597 98000000 		.4byte	0x98
 779 059b 02       		.byte	0x2
 780 059c 23       		.byte	0x23
 781 059d 30       		.uleb128 0x30
 782 059e 08       		.uleb128 0x8
 783 059f 34090000 		.4byte	.LASF73
 784 05a3 04       		.byte	0x4
 785 05a4 6003     		.2byte	0x360
 786 05a6 0F       		.byte	0xf
 787 05a7 98000000 		.4byte	0x98
 788 05ab 02       		.byte	0x2
 789 05ac 23       		.byte	0x23
 790 05ad 34       		.uleb128 0x34
 791 05ae 08       		.uleb128 0x8
 792 05af BF060000 		.4byte	.LASF74
 793 05b3 04       		.byte	0x4
 794 05b4 6103     		.2byte	0x361
 795 05b6 0F       		.byte	0xf
 796 05b7 9F040000 		.4byte	0x49f
 797 05bb 02       		.byte	0x2
 798 05bc 23       		.byte	0x23
ARM GAS  C:\Users\nicx5\AppData\Local\Temp\ccXs0mXR.s 			page 15


 799 05bd 38       		.uleb128 0x38
 800 05be 08       		.uleb128 0x8
 801 05bf D5060000 		.4byte	.LASF75
 802 05c3 04       		.byte	0x4
 803 05c4 6203     		.2byte	0x362
 804 05c6 0F       		.byte	0xf
 805 05c7 98000000 		.4byte	0x98
 806 05cb 02       		.byte	0x2
 807 05cc 23       		.byte	0x23
 808 05cd 40       		.uleb128 0x40
 809 05ce 08       		.uleb128 0x8
 810 05cf EF000000 		.4byte	.LASF76
 811 05d3 04       		.byte	0x4
 812 05d4 6303     		.2byte	0x363
 813 05d6 0F       		.byte	0xf
 814 05d7 98000000 		.4byte	0x98
 815 05db 02       		.byte	0x2
 816 05dc 23       		.byte	0x23
 817 05dd 44       		.uleb128 0x44
 818 05de 08       		.uleb128 0x8
 819 05df 6E010000 		.4byte	.LASF77
 820 05e3 04       		.byte	0x4
 821 05e4 6403     		.2byte	0x364
 822 05e6 0F       		.byte	0xf
 823 05e7 98000000 		.4byte	0x98
 824 05eb 02       		.byte	0x2
 825 05ec 23       		.byte	0x23
 826 05ed 48       		.uleb128 0x48
 827 05ee 08       		.uleb128 0x8
 828 05ef F1090000 		.4byte	.LASF78
 829 05f3 04       		.byte	0x4
 830 05f4 6503     		.2byte	0x365
 831 05f6 0F       		.byte	0xf
 832 05f7 98000000 		.4byte	0x98
 833 05fb 02       		.byte	0x2
 834 05fc 23       		.byte	0x23
 835 05fd 4C       		.uleb128 0x4c
 836 05fe 08       		.uleb128 0x8
 837 05ff 1A000000 		.4byte	.LASF79
 838 0603 04       		.byte	0x4
 839 0604 6603     		.2byte	0x366
 840 0606 0F       		.byte	0xf
 841 0607 98000000 		.4byte	0x98
 842 060b 02       		.byte	0x2
 843 060c 23       		.byte	0x23
 844 060d 50       		.uleb128 0x50
 845 060e 08       		.uleb128 0x8
 846 060f 0D000000 		.4byte	.LASF80
 847 0613 04       		.byte	0x4
 848 0614 6703     		.2byte	0x367
 849 0616 0F       		.byte	0xf
 850 0617 98000000 		.4byte	0x98
 851 061b 02       		.byte	0x2
 852 061c 23       		.byte	0x23
 853 061d 54       		.uleb128 0x54
 854 061e 08       		.uleb128 0x8
 855 061f AC070000 		.4byte	.LASF35
ARM GAS  C:\Users\nicx5\AppData\Local\Temp\ccXs0mXR.s 			page 16


 856 0623 04       		.byte	0x4
 857 0624 6803     		.2byte	0x368
 858 0626 0F       		.byte	0xf
 859 0627 C4040000 		.4byte	0x4c4
 860 062b 02       		.byte	0x2
 861 062c 23       		.byte	0x23
 862 062d 58       		.uleb128 0x58
 863 062e 08       		.uleb128 0x8
 864 062f 7C050000 		.4byte	.LASF81
 865 0633 04       		.byte	0x4
 866 0634 6903     		.2byte	0x369
 867 0636 0F       		.byte	0xf
 868 0637 98000000 		.4byte	0x98
 869 063b 03       		.byte	0x3
 870 063c 23       		.byte	0x23
 871 063d 8001     		.uleb128 0x80
 872 063f 08       		.uleb128 0x8
 873 0640 D8080000 		.4byte	.LASF82
 874 0644 04       		.byte	0x4
 875 0645 6A03     		.2byte	0x36a
 876 0647 0F       		.byte	0xf
 877 0648 98000000 		.4byte	0x98
 878 064c 03       		.byte	0x3
 879 064d 23       		.byte	0x23
 880 064e 8401     		.uleb128 0x84
 881 0650 09       		.uleb128 0x9
 882 0651 50523100 		.ascii	"PR1\000"
 883 0655 04       		.byte	0x4
 884 0656 6B03     		.2byte	0x36b
 885 0658 0F       		.byte	0xf
 886 0659 98000000 		.4byte	0x98
 887 065d 03       		.byte	0x3
 888 065e 23       		.byte	0x23
 889 065f 8801     		.uleb128 0x88
 890 0661 08       		.uleb128 0x8
 891 0662 B6070000 		.4byte	.LASF37
 892 0666 04       		.byte	0x4
 893 0667 6C03     		.2byte	0x36c
 894 0669 0F       		.byte	0xf
 895 066a 8C000000 		.4byte	0x8c
 896 066e 03       		.byte	0x3
 897 066f 23       		.byte	0x23
 898 0670 8C01     		.uleb128 0x8c
 899 0672 08       		.uleb128 0x8
 900 0673 81050000 		.4byte	.LASF83
 901 0677 04       		.byte	0x4
 902 0678 6D03     		.2byte	0x36d
 903 067a 0F       		.byte	0xf
 904 067b 98000000 		.4byte	0x98
 905 067f 03       		.byte	0x3
 906 0680 23       		.byte	0x23
 907 0681 9001     		.uleb128 0x90
 908 0683 08       		.uleb128 0x8
 909 0684 DD080000 		.4byte	.LASF84
 910 0688 04       		.byte	0x4
 911 0689 6E03     		.2byte	0x36e
 912 068b 0F       		.byte	0xf
ARM GAS  C:\Users\nicx5\AppData\Local\Temp\ccXs0mXR.s 			page 17


 913 068c 98000000 		.4byte	0x98
 914 0690 03       		.byte	0x3
 915 0691 23       		.byte	0x23
 916 0692 9401     		.uleb128 0x94
 917 0694 09       		.uleb128 0x9
 918 0695 50523200 		.ascii	"PR2\000"
 919 0699 04       		.byte	0x4
 920 069a 6F03     		.2byte	0x36f
 921 069c 0F       		.byte	0xf
 922 069d 98000000 		.4byte	0x98
 923 06a1 03       		.byte	0x3
 924 06a2 23       		.byte	0x23
 925 06a3 9801     		.uleb128 0x98
 926 06a5 08       		.uleb128 0x8
 927 06a6 C0070000 		.4byte	.LASF41
 928 06aa 04       		.byte	0x4
 929 06ab 7003     		.2byte	0x370
 930 06ad 0F       		.byte	0xf
 931 06ae 8C000000 		.4byte	0x8c
 932 06b2 03       		.byte	0x3
 933 06b3 23       		.byte	0x23
 934 06b4 9C01     		.uleb128 0x9c
 935 06b6 08       		.uleb128 0x8
 936 06b7 86050000 		.4byte	.LASF85
 937 06bb 04       		.byte	0x4
 938 06bc 7103     		.2byte	0x371
 939 06be 0F       		.byte	0xf
 940 06bf 98000000 		.4byte	0x98
 941 06c3 03       		.byte	0x3
 942 06c4 23       		.byte	0x23
 943 06c5 A001     		.uleb128 0xa0
 944 06c7 08       		.uleb128 0x8
 945 06c8 E2080000 		.4byte	.LASF86
 946 06cc 04       		.byte	0x4
 947 06cd 7203     		.2byte	0x372
 948 06cf 0F       		.byte	0xf
 949 06d0 98000000 		.4byte	0x98
 950 06d4 03       		.byte	0x3
 951 06d5 23       		.byte	0x23
 952 06d6 A401     		.uleb128 0xa4
 953 06d8 09       		.uleb128 0x9
 954 06d9 50523300 		.ascii	"PR3\000"
 955 06dd 04       		.byte	0x4
 956 06de 7303     		.2byte	0x373
 957 06e0 0F       		.byte	0xf
 958 06e1 98000000 		.4byte	0x98
 959 06e5 03       		.byte	0x3
 960 06e6 23       		.byte	0x23
 961 06e7 A801     		.uleb128 0xa8
 962 06e9 00       		.byte	0
 963 06ea 0C       		.uleb128 0xc
 964 06eb 020A0000 		.4byte	.LASF87
 965 06ef 04       		.byte	0x4
 966 06f0 7403     		.2byte	0x374
 967 06f2 02       		.byte	0x2
 968 06f3 D4040000 		.4byte	0x4d4
 969 06f7 07       		.uleb128 0x7
ARM GAS  C:\Users\nicx5\AppData\Local\Temp\ccXs0mXR.s 			page 18


 970 06f8 4803     		.2byte	0x348
 971 06fa 04       		.byte	0x4
 972 06fb 1E04     		.2byte	0x41e
 973 06fd 09       		.byte	0x9
 974 06fe F7080000 		.4byte	0x8f7
 975 0702 08       		.uleb128 0x8
 976 0703 B5060000 		.4byte	.LASF67
 977 0707 04       		.byte	0x4
 978 0708 2004     		.2byte	0x420
 979 070a 0B       		.byte	0xb
 980 070b 8C000000 		.4byte	0x8c
 981 070f 02       		.byte	0x2
 982 0710 23       		.byte	0x23
 983 0711 00       		.uleb128 0
 984 0712 08       		.uleb128 0x8
 985 0713 A7070000 		.4byte	.LASF88
 986 0717 04       		.byte	0x4
 987 0718 2104     		.2byte	0x421
 988 071a 10       		.byte	0x10
 989 071b 98000000 		.4byte	0x98
 990 071f 02       		.byte	0x2
 991 0720 23       		.byte	0x23
 992 0721 04       		.uleb128 0x4
 993 0722 08       		.uleb128 0x8
 994 0723 420A0000 		.4byte	.LASF89
 995 0727 04       		.byte	0x4
 996 0728 2204     		.2byte	0x422
 997 072a 10       		.byte	0x10
 998 072b BF040000 		.4byte	0x4bf
 999 072f 02       		.byte	0x2
 1000 0730 23       		.byte	0x23
 1001 0731 08       		.uleb128 0x8
 1002 0732 08       		.uleb128 0x8
 1003 0733 F8090000 		.4byte	.LASF90
 1004 0737 04       		.byte	0x4
 1005 0738 2304     		.2byte	0x423
 1006 073a 10       		.byte	0x10
 1007 073b 98000000 		.4byte	0x98
 1008 073f 02       		.byte	0x2
 1009 0740 23       		.byte	0x23
 1010 0741 18       		.uleb128 0x18
 1011 0742 08       		.uleb128 0x8
 1012 0743 BF060000 		.4byte	.LASF74
 1013 0747 04       		.byte	0x4
 1014 0748 2404     		.2byte	0x424
 1015 074a 0B       		.byte	0xb
 1016 074b 8C000000 		.4byte	0x8c
 1017 074f 02       		.byte	0x2
 1018 0750 23       		.byte	0x23
 1019 0751 1C       		.uleb128 0x1c
 1020 0752 08       		.uleb128 0x8
 1021 0753 86010000 		.4byte	.LASF91
 1022 0757 04       		.byte	0x4
 1023 0758 2504     		.2byte	0x425
 1024 075a 10       		.byte	0x10
 1025 075b 98000000 		.4byte	0x98
 1026 075f 02       		.byte	0x2
ARM GAS  C:\Users\nicx5\AppData\Local\Temp\ccXs0mXR.s 			page 19


 1027 0760 23       		.byte	0x23
 1028 0761 20       		.uleb128 0x20
 1029 0762 08       		.uleb128 0x8
 1030 0763 E6050000 		.4byte	.LASF92
 1031 0767 04       		.byte	0x4
 1032 0768 2604     		.2byte	0x426
 1033 076a 10       		.byte	0x10
 1034 076b 98000000 		.4byte	0x98
 1035 076f 02       		.byte	0x2
 1036 0770 23       		.byte	0x23
 1037 0771 24       		.uleb128 0x24
 1038 0772 08       		.uleb128 0x8
 1039 0773 FD090000 		.4byte	.LASF93
 1040 0777 04       		.byte	0x4
 1041 0778 2704     		.2byte	0x427
 1042 077a 10       		.byte	0x10
 1043 077b 98000000 		.4byte	0x98
 1044 077f 02       		.byte	0x2
 1045 0780 23       		.byte	0x23
 1046 0781 28       		.uleb128 0x28
 1047 0782 08       		.uleb128 0x8
 1048 0783 8B050000 		.4byte	.LASF94
 1049 0787 04       		.byte	0x4
 1050 0788 2804     		.2byte	0x428
 1051 078a 10       		.byte	0x10
 1052 078b 98000000 		.4byte	0x98
 1053 078f 02       		.byte	0x2
 1054 0790 23       		.byte	0x23
 1055 0791 2C       		.uleb128 0x2c
 1056 0792 08       		.uleb128 0x8
 1057 0793 AC070000 		.4byte	.LASF35
 1058 0797 04       		.byte	0x4
 1059 0798 2904     		.2byte	0x429
 1060 079a 10       		.byte	0x10
 1061 079b F7080000 		.4byte	0x8f7
 1062 079f 02       		.byte	0x2
 1063 07a0 23       		.byte	0x23
 1064 07a1 30       		.uleb128 0x30
 1065 07a2 08       		.uleb128 0x8
 1066 07a3 A1060000 		.4byte	.LASF95
 1067 07a7 04       		.byte	0x4
 1068 07a8 2A04     		.2byte	0x42a
 1069 07aa 11       		.byte	0x11
 1070 07ab 98000000 		.4byte	0x98
 1071 07af 03       		.byte	0x3
 1072 07b0 23       		.byte	0x23
 1073 07b1 A402     		.uleb128 0x124
 1074 07b3 08       		.uleb128 0x8
 1075 07b4 B6070000 		.4byte	.LASF37
 1076 07b8 04       		.byte	0x4
 1077 07b9 2B04     		.2byte	0x42b
 1078 07bb 10       		.byte	0x10
 1079 07bc 07090000 		.4byte	0x907
 1080 07c0 03       		.byte	0x3
 1081 07c1 23       		.byte	0x23
 1082 07c2 A802     		.uleb128 0x128
 1083 07c4 09       		.uleb128 0x9
ARM GAS  C:\Users\nicx5\AppData\Local\Temp\ccXs0mXR.s 			page 20


 1084 07c5 55523000 		.ascii	"UR0\000"
 1085 07c9 04       		.byte	0x4
 1086 07ca 2C04     		.2byte	0x42c
 1087 07cc 10       		.byte	0x10
 1088 07cd 98000000 		.4byte	0x98
 1089 07d1 03       		.byte	0x3
 1090 07d2 23       		.byte	0x23
 1091 07d3 8006     		.uleb128 0x300
 1092 07d5 09       		.uleb128 0x9
 1093 07d6 55523100 		.ascii	"UR1\000"
 1094 07da 04       		.byte	0x4
 1095 07db 2D04     		.2byte	0x42d
 1096 07dd 10       		.byte	0x10
 1097 07de 98000000 		.4byte	0x98
 1098 07e2 03       		.byte	0x3
 1099 07e3 23       		.byte	0x23
 1100 07e4 8406     		.uleb128 0x304
 1101 07e6 09       		.uleb128 0x9
 1102 07e7 55523200 		.ascii	"UR2\000"
 1103 07eb 04       		.byte	0x4
 1104 07ec 2E04     		.2byte	0x42e
 1105 07ee 10       		.byte	0x10
 1106 07ef 98000000 		.4byte	0x98
 1107 07f3 03       		.byte	0x3
 1108 07f4 23       		.byte	0x23
 1109 07f5 8806     		.uleb128 0x308
 1110 07f7 09       		.uleb128 0x9
 1111 07f8 55523300 		.ascii	"UR3\000"
 1112 07fc 04       		.byte	0x4
 1113 07fd 2F04     		.2byte	0x42f
 1114 07ff 10       		.byte	0x10
 1115 0800 98000000 		.4byte	0x98
 1116 0804 03       		.byte	0x3
 1117 0805 23       		.byte	0x23
 1118 0806 8C06     		.uleb128 0x30c
 1119 0808 09       		.uleb128 0x9
 1120 0809 55523400 		.ascii	"UR4\000"
 1121 080d 04       		.byte	0x4
 1122 080e 3004     		.2byte	0x430
 1123 0810 10       		.byte	0x10
 1124 0811 98000000 		.4byte	0x98
 1125 0815 03       		.byte	0x3
 1126 0816 23       		.byte	0x23
 1127 0817 9006     		.uleb128 0x310
 1128 0819 09       		.uleb128 0x9
 1129 081a 55523500 		.ascii	"UR5\000"
 1130 081e 04       		.byte	0x4
 1131 081f 3104     		.2byte	0x431
 1132 0821 10       		.byte	0x10
 1133 0822 98000000 		.4byte	0x98
 1134 0826 03       		.byte	0x3
 1135 0827 23       		.byte	0x23
 1136 0828 9406     		.uleb128 0x314
 1137 082a 09       		.uleb128 0x9
 1138 082b 55523600 		.ascii	"UR6\000"
 1139 082f 04       		.byte	0x4
 1140 0830 3204     		.2byte	0x432
ARM GAS  C:\Users\nicx5\AppData\Local\Temp\ccXs0mXR.s 			page 21


 1141 0832 10       		.byte	0x10
 1142 0833 98000000 		.4byte	0x98
 1143 0837 03       		.byte	0x3
 1144 0838 23       		.byte	0x23
 1145 0839 9806     		.uleb128 0x318
 1146 083b 09       		.uleb128 0x9
 1147 083c 55523700 		.ascii	"UR7\000"
 1148 0840 04       		.byte	0x4
 1149 0841 3304     		.2byte	0x433
 1150 0843 10       		.byte	0x10
 1151 0844 98000000 		.4byte	0x98
 1152 0848 03       		.byte	0x3
 1153 0849 23       		.byte	0x23
 1154 084a 9C06     		.uleb128 0x31c
 1155 084c 09       		.uleb128 0x9
 1156 084d 55523800 		.ascii	"UR8\000"
 1157 0851 04       		.byte	0x4
 1158 0852 3404     		.2byte	0x434
 1159 0854 10       		.byte	0x10
 1160 0855 98000000 		.4byte	0x98
 1161 0859 03       		.byte	0x3
 1162 085a 23       		.byte	0x23
 1163 085b A006     		.uleb128 0x320
 1164 085d 09       		.uleb128 0x9
 1165 085e 55523900 		.ascii	"UR9\000"
 1166 0862 04       		.byte	0x4
 1167 0863 3504     		.2byte	0x435
 1168 0865 10       		.byte	0x10
 1169 0866 98000000 		.4byte	0x98
 1170 086a 03       		.byte	0x3
 1171 086b 23       		.byte	0x23
 1172 086c A406     		.uleb128 0x324
 1173 086e 08       		.uleb128 0x8
 1174 086f 8B080000 		.4byte	.LASF96
 1175 0873 04       		.byte	0x4
 1176 0874 3604     		.2byte	0x436
 1177 0876 10       		.byte	0x10
 1178 0877 98000000 		.4byte	0x98
 1179 087b 03       		.byte	0x3
 1180 087c 23       		.byte	0x23
 1181 087d A806     		.uleb128 0x328
 1182 087f 08       		.uleb128 0x8
 1183 0880 05060000 		.4byte	.LASF97
 1184 0884 04       		.byte	0x4
 1185 0885 3704     		.2byte	0x437
 1186 0887 10       		.byte	0x10
 1187 0888 98000000 		.4byte	0x98
 1188 088c 03       		.byte	0x3
 1189 088d 23       		.byte	0x23
 1190 088e AC06     		.uleb128 0x32c
 1191 0890 08       		.uleb128 0x8
 1192 0891 0A060000 		.4byte	.LASF98
 1193 0895 04       		.byte	0x4
 1194 0896 3804     		.2byte	0x438
 1195 0898 10       		.byte	0x10
 1196 0899 98000000 		.4byte	0x98
 1197 089d 03       		.byte	0x3
ARM GAS  C:\Users\nicx5\AppData\Local\Temp\ccXs0mXR.s 			page 22


 1198 089e 23       		.byte	0x23
 1199 089f B006     		.uleb128 0x330
 1200 08a1 08       		.uleb128 0x8
 1201 08a2 CE080000 		.4byte	.LASF99
 1202 08a6 04       		.byte	0x4
 1203 08a7 3904     		.2byte	0x439
 1204 08a9 10       		.byte	0x10
 1205 08aa 98000000 		.4byte	0x98
 1206 08ae 03       		.byte	0x3
 1207 08af 23       		.byte	0x23
 1208 08b0 B406     		.uleb128 0x334
 1209 08b2 08       		.uleb128 0x8
 1210 08b3 D3080000 		.4byte	.LASF100
 1211 08b7 04       		.byte	0x4
 1212 08b8 3A04     		.2byte	0x43a
 1213 08ba 10       		.byte	0x10
 1214 08bb 98000000 		.4byte	0x98
 1215 08bf 03       		.byte	0x3
 1216 08c0 23       		.byte	0x23
 1217 08c1 B806     		.uleb128 0x338
 1218 08c3 08       		.uleb128 0x8
 1219 08c4 16060000 		.4byte	.LASF101
 1220 08c8 04       		.byte	0x4
 1221 08c9 3B04     		.2byte	0x43b
 1222 08cb 10       		.byte	0x10
 1223 08cc 98000000 		.4byte	0x98
 1224 08d0 03       		.byte	0x3
 1225 08d1 23       		.byte	0x23
 1226 08d2 BC06     		.uleb128 0x33c
 1227 08d4 08       		.uleb128 0x8
 1228 08d5 1B060000 		.4byte	.LASF102
 1229 08d9 04       		.byte	0x4
 1230 08da 3C04     		.2byte	0x43c
 1231 08dc 10       		.byte	0x10
 1232 08dd 98000000 		.4byte	0x98
 1233 08e1 03       		.byte	0x3
 1234 08e2 23       		.byte	0x23
 1235 08e3 C006     		.uleb128 0x340
 1236 08e5 08       		.uleb128 0x8
 1237 08e6 27060000 		.4byte	.LASF103
 1238 08ea 04       		.byte	0x4
 1239 08eb 3D04     		.2byte	0x43d
 1240 08ed 10       		.byte	0x10
 1241 08ee 98000000 		.4byte	0x98
 1242 08f2 03       		.byte	0x3
 1243 08f3 23       		.byte	0x23
 1244 08f4 C406     		.uleb128 0x344
 1245 08f6 00       		.byte	0
 1246 08f7 0A       		.uleb128 0xa
 1247 08f8 8C000000 		.4byte	0x8c
 1248 08fc 07090000 		.4byte	0x907
 1249 0900 0B       		.uleb128 0xb
 1250 0901 74000000 		.4byte	0x74
 1251 0905 3C       		.byte	0x3c
 1252 0906 00       		.byte	0
 1253 0907 0A       		.uleb128 0xa
 1254 0908 8C000000 		.4byte	0x8c
ARM GAS  C:\Users\nicx5\AppData\Local\Temp\ccXs0mXR.s 			page 23


 1255 090c 17090000 		.4byte	0x917
 1256 0910 0B       		.uleb128 0xb
 1257 0911 74000000 		.4byte	0x74
 1258 0915 75       		.byte	0x75
 1259 0916 00       		.byte	0
 1260 0917 0C       		.uleb128 0xc
 1261 0918 FE060000 		.4byte	.LASF104
 1262 091c 04       		.byte	0x4
 1263 091d 3F04     		.2byte	0x43f
 1264 091f 03       		.byte	0x3
 1265 0920 F7060000 		.4byte	0x6f7
 1266 0924 0D       		.uleb128 0xd
 1267 0925 2C       		.byte	0x2c
 1268 0926 04       		.byte	0x4
 1269 0927 BB04     		.2byte	0x4bb
 1270 0929 09       		.byte	0x9
 1271 092a DF090000 		.4byte	0x9df
 1272 092e 09       		.uleb128 0x9
 1273 092f 43523100 		.ascii	"CR1\000"
 1274 0933 04       		.byte	0x4
 1275 0934 BD04     		.2byte	0x4bd
 1276 0936 11       		.byte	0x11
 1277 0937 98000000 		.4byte	0x98
 1278 093b 02       		.byte	0x2
 1279 093c 23       		.byte	0x23
 1280 093d 00       		.uleb128 0
 1281 093e 08       		.uleb128 0x8
 1282 093f 1A0A0000 		.4byte	.LASF105
 1283 0943 04       		.byte	0x4
 1284 0944 BE04     		.2byte	0x4be
 1285 0946 11       		.byte	0x11
 1286 0947 98000000 		.4byte	0x98
 1287 094b 02       		.byte	0x2
 1288 094c 23       		.byte	0x23
 1289 094d 04       		.uleb128 0x4
 1290 094e 09       		.uleb128 0x9
 1291 094f 43523200 		.ascii	"CR2\000"
 1292 0953 04       		.byte	0x4
 1293 0954 BF04     		.2byte	0x4bf
 1294 0956 11       		.byte	0x11
 1295 0957 98000000 		.4byte	0x98
 1296 095b 02       		.byte	0x2
 1297 095c 23       		.byte	0x23
 1298 095d 08       		.uleb128 0x8
 1299 095e 09       		.uleb128 0x9
 1300 095f 43523300 		.ascii	"CR3\000"
 1301 0963 04       		.byte	0x4
 1302 0964 C004     		.2byte	0x4c0
 1303 0966 11       		.byte	0x11
 1304 0967 98000000 		.4byte	0x98
 1305 096b 02       		.byte	0x2
 1306 096c 23       		.byte	0x23
 1307 096d 0C       		.uleb128 0xc
 1308 096e 08       		.uleb128 0x8
 1309 096f 16040000 		.4byte	.LASF106
 1310 0973 04       		.byte	0x4
 1311 0974 C104     		.2byte	0x4c1
ARM GAS  C:\Users\nicx5\AppData\Local\Temp\ccXs0mXR.s 			page 24


 1312 0976 11       		.byte	0x11
 1313 0977 98000000 		.4byte	0x98
 1314 097b 02       		.byte	0x2
 1315 097c 23       		.byte	0x23
 1316 097d 10       		.uleb128 0x10
 1317 097e 08       		.uleb128 0x8
 1318 097f 84070000 		.4byte	.LASF30
 1319 0983 04       		.byte	0x4
 1320 0984 C204     		.2byte	0x4c2
 1321 0986 11       		.byte	0x11
 1322 0987 8C000000 		.4byte	0x8c
 1323 098b 02       		.byte	0x2
 1324 098c 23       		.byte	0x23
 1325 098d 14       		.uleb128 0x14
 1326 098e 08       		.uleb128 0x8
 1327 098f D3070000 		.4byte	.LASF107
 1328 0993 04       		.byte	0x4
 1329 0994 C304     		.2byte	0x4c3
 1330 0996 11       		.byte	0x11
 1331 0997 98000000 		.4byte	0x98
 1332 099b 02       		.byte	0x2
 1333 099c 23       		.byte	0x23
 1334 099d 18       		.uleb128 0x18
 1335 099e 08       		.uleb128 0x8
 1336 099f B5060000 		.4byte	.LASF67
 1337 09a3 04       		.byte	0x4
 1338 09a4 C404     		.2byte	0x4c4
 1339 09a6 11       		.byte	0x11
 1340 09a7 8C000000 		.4byte	0x8c
 1341 09ab 02       		.byte	0x2
 1342 09ac 23       		.byte	0x23
 1343 09ad 1C       		.uleb128 0x1c
 1344 09ae 08       		.uleb128 0x8
 1345 09af 98010000 		.4byte	.LASF108
 1346 09b3 04       		.byte	0x4
 1347 09b4 C504     		.2byte	0x4c5
 1348 09b6 11       		.byte	0x11
 1349 09b7 98000000 		.4byte	0x98
 1350 09bb 02       		.byte	0x2
 1351 09bc 23       		.byte	0x23
 1352 09bd 20       		.uleb128 0x20
 1353 09be 08       		.uleb128 0x8
 1354 09bf 7B060000 		.4byte	.LASF109
 1355 09c3 04       		.byte	0x4
 1356 09c4 C604     		.2byte	0x4c6
 1357 09c6 11       		.byte	0x11
 1358 09c7 98000000 		.4byte	0x98
 1359 09cb 02       		.byte	0x2
 1360 09cc 23       		.byte	0x23
 1361 09cd 24       		.uleb128 0x24
 1362 09ce 08       		.uleb128 0x8
 1363 09cf F3030000 		.4byte	.LASF110
 1364 09d3 04       		.byte	0x4
 1365 09d4 C704     		.2byte	0x4c7
 1366 09d6 11       		.byte	0x11
 1367 09d7 98000000 		.4byte	0x98
 1368 09db 02       		.byte	0x2
ARM GAS  C:\Users\nicx5\AppData\Local\Temp\ccXs0mXR.s 			page 25


 1369 09dc 23       		.byte	0x23
 1370 09dd 28       		.uleb128 0x28
 1371 09de 00       		.byte	0
 1372 09df 0C       		.uleb128 0xc
 1373 09e0 EC010000 		.4byte	.LASF111
 1374 09e4 04       		.byte	0x4
 1375 09e5 C804     		.2byte	0x4c8
 1376 09e7 03       		.byte	0x3
 1377 09e8 24090000 		.4byte	0x924
 1378 09ec 02       		.uleb128 0x2
 1379 09ed 08       		.byte	0x8
 1380 09ee 04       		.byte	0x4
 1381 09ef 0F080000 		.4byte	.LASF112
 1382 09f3 02       		.uleb128 0x2
 1383 09f4 01       		.byte	0x1
 1384 09f5 08       		.byte	0x8
 1385 09f6 1B080000 		.4byte	.LASF113
 1386 09fa 02       		.uleb128 0x2
 1387 09fb 04       		.byte	0x4
 1388 09fc 04       		.byte	0x4
 1389 09fd 89060000 		.4byte	.LASF114
 1390 0a01 02       		.uleb128 0x2
 1391 0a02 08       		.byte	0x8
 1392 0a03 04       		.byte	0x4
 1393 0a04 A6020000 		.4byte	.LASF115
 1394 0a08 0E       		.uleb128 0xe
 1395 0a09 07       		.byte	0x7
 1396 0a0a 01       		.byte	0x1
 1397 0a0b 37000000 		.4byte	0x37
 1398 0a0f 05       		.byte	0x5
 1399 0a10 28       		.byte	0x28
 1400 0a11 01       		.byte	0x1
 1401 0a12 2F0A0000 		.4byte	0xa2f
 1402 0a16 0F       		.uleb128 0xf
 1403 0a17 4A040000 		.4byte	.LASF116
 1404 0a1b 00       		.byte	0
 1405 0a1c 0F       		.uleb128 0xf
 1406 0a1d DD070000 		.4byte	.LASF117
 1407 0a21 01       		.byte	0x1
 1408 0a22 0F       		.uleb128 0xf
 1409 0a23 C9000000 		.4byte	.LASF118
 1410 0a27 02       		.byte	0x2
 1411 0a28 0F       		.uleb128 0xf
 1412 0a29 FB030000 		.4byte	.LASF119
 1413 0a2d 03       		.byte	0x3
 1414 0a2e 00       		.byte	0
 1415 0a2f 03       		.uleb128 0x3
 1416 0a30 C3050000 		.4byte	.LASF120
 1417 0a34 05       		.byte	0x5
 1418 0a35 2D       		.byte	0x2d
 1419 0a36 03       		.byte	0x3
 1420 0a37 080A0000 		.4byte	0xa08
 1421 0a3b 10       		.uleb128 0x10
 1422 0a3c 08       		.byte	0x8
 1423 0a3d 06       		.byte	0x6
 1424 0a3e 2D       		.byte	0x2d
 1425 0a3f 09       		.byte	0x9
ARM GAS  C:\Users\nicx5\AppData\Local\Temp\ccXs0mXR.s 			page 26


 1426 0a40 630A0000 		.4byte	0xa63
 1427 0a44 11       		.uleb128 0x11
 1428 0a45 9D020000 		.4byte	.LASF121
 1429 0a49 06       		.byte	0x6
 1430 0a4a 2F       		.byte	0x2f
 1431 0a4b 0C       		.byte	0xc
 1432 0a4c 8C000000 		.4byte	0x8c
 1433 0a50 02       		.byte	0x2
 1434 0a51 23       		.byte	0x23
 1435 0a52 00       		.uleb128 0
 1436 0a53 11       		.uleb128 0x11
 1437 0a54 3C080000 		.4byte	.LASF122
 1438 0a58 06       		.byte	0x6
 1439 0a59 34       		.byte	0x34
 1440 0a5a 0C       		.byte	0xc
 1441 0a5b 8C000000 		.4byte	0x8c
 1442 0a5f 02       		.byte	0x2
 1443 0a60 23       		.byte	0x23
 1444 0a61 04       		.uleb128 0x4
 1445 0a62 00       		.byte	0
 1446 0a63 03       		.uleb128 0x3
 1447 0a64 63060000 		.4byte	.LASF123
 1448 0a68 06       		.byte	0x6
 1449 0a69 38       		.byte	0x38
 1450 0a6a 02       		.byte	0x2
 1451 0a6b 3B0A0000 		.4byte	0xa3b
 1452 0a6f 10       		.uleb128 0x10
 1453 0a70 0C       		.byte	0xc
 1454 0a71 06       		.byte	0x6
 1455 0a72 3D       		.byte	0x3d
 1456 0a73 09       		.byte	0x9
 1457 0a74 A60A0000 		.4byte	0xaa6
 1458 0a78 11       		.uleb128 0x11
 1459 0a79 7A070000 		.4byte	.LASF124
 1460 0a7d 06       		.byte	0x6
 1461 0a7e 3F       		.byte	0x3f
 1462 0a7f 0C       		.byte	0xc
 1463 0a80 8C000000 		.4byte	0x8c
 1464 0a84 02       		.byte	0x2
 1465 0a85 23       		.byte	0x23
 1466 0a86 00       		.uleb128 0
 1467 0a87 11       		.uleb128 0x11
 1468 0a88 77080000 		.4byte	.LASF125
 1469 0a8c 06       		.byte	0x6
 1470 0a8d 44       		.byte	0x44
 1471 0a8e 0C       		.byte	0xc
 1472 0a8f 8C000000 		.4byte	0x8c
 1473 0a93 02       		.byte	0x2
 1474 0a94 23       		.byte	0x23
 1475 0a95 04       		.uleb128 0x4
 1476 0a96 11       		.uleb128 0x11
 1477 0a97 44090000 		.4byte	.LASF126
 1478 0a9b 06       		.byte	0x6
 1479 0a9c 49       		.byte	0x49
 1480 0a9d 0C       		.byte	0xc
 1481 0a9e 8C000000 		.4byte	0x8c
 1482 0aa2 02       		.byte	0x2
ARM GAS  C:\Users\nicx5\AppData\Local\Temp\ccXs0mXR.s 			page 27


 1483 0aa3 23       		.byte	0x23
 1484 0aa4 08       		.uleb128 0x8
 1485 0aa5 00       		.byte	0
 1486 0aa6 03       		.uleb128 0x3
 1487 0aa7 59020000 		.4byte	.LASF127
 1488 0aab 06       		.byte	0x6
 1489 0aac 4D       		.byte	0x4d
 1490 0aad 02       		.byte	0x2
 1491 0aae 6F0A0000 		.4byte	0xa6f
 1492 0ab2 12       		.uleb128 0x12
 1493 0ab3 01       		.byte	0x1
 1494 0ab4 F1050000 		.4byte	.LASF177
 1495 0ab8 08       		.byte	0x8
 1496 0ab9 C602     		.2byte	0x2c6
 1497 0abb 06       		.byte	0x6
 1498 0abc 01       		.byte	0x1
 1499 0abd 01       		.byte	0x1
 1500 0abe 13       		.uleb128 0x13
 1501 0abf 01       		.byte	0x1
 1502 0ac0 52060000 		.4byte	.LASF195
 1503 0ac4 0A       		.byte	0xa
 1504 0ac5 3304     		.2byte	0x433
 1505 0ac7 0A       		.byte	0xa
 1506 0ac8 01       		.byte	0x1
 1507 0ac9 8C000000 		.4byte	0x8c
 1508 0acd 01       		.byte	0x1
 1509 0ace 14       		.uleb128 0x14
 1510 0acf 01       		.byte	0x1
 1511 0ad0 26080000 		.4byte	.LASF128
 1512 0ad4 07       		.byte	0x7
 1513 0ad5 5308     		.2byte	0x853
 1514 0ad7 0D       		.byte	0xd
 1515 0ad8 01       		.byte	0x1
 1516 0ad9 14       		.uleb128 0x14
 1517 0ada 01       		.byte	0x1
 1518 0adb 23030000 		.4byte	.LASF129
 1519 0adf 07       		.byte	0x7
 1520 0ae0 FE07     		.2byte	0x7fe
 1521 0ae2 06       		.byte	0x6
 1522 0ae3 01       		.byte	0x1
 1523 0ae4 14       		.uleb128 0x14
 1524 0ae5 01       		.byte	0x1
 1525 0ae6 21020000 		.4byte	.LASF130
 1526 0aea 07       		.byte	0x7
 1527 0aeb F307     		.2byte	0x7f3
 1528 0aed 06       		.byte	0x6
 1529 0aee 01       		.byte	0x1
 1530 0aef 14       		.uleb128 0x14
 1531 0af0 01       		.byte	0x1
 1532 0af1 CF020000 		.4byte	.LASF131
 1533 0af5 07       		.byte	0x7
 1534 0af6 E907     		.2byte	0x7e9
 1535 0af8 06       		.byte	0x6
 1536 0af9 01       		.byte	0x1
 1537 0afa 15       		.uleb128 0x15
 1538 0afb 01       		.byte	0x1
 1539 0afc 78040000 		.4byte	.LASF140
ARM GAS  C:\Users\nicx5\AppData\Local\Temp\ccXs0mXR.s 			page 28


 1540 0b00 07       		.byte	0x7
 1541 0b01 B807     		.2byte	0x7b8
 1542 0b03 06       		.byte	0x6
 1543 0b04 01       		.byte	0x1
 1544 0b05 170B0000 		.4byte	0xb17
 1545 0b09 16       		.uleb128 0x16
 1546 0b0a D5050000 		.4byte	.LASF142
 1547 0b0e 07       		.byte	0x7
 1548 0b0f B807     		.2byte	0x7b8
 1549 0b11 2D       		.byte	0x2d
 1550 0b12 170B0000 		.4byte	0xb17
 1551 0b16 00       		.byte	0
 1552 0b17 17       		.uleb128 0x17
 1553 0b18 04       		.byte	0x4
 1554 0b19 630A0000 		.4byte	0xa63
 1555 0b1d 18       		.uleb128 0x18
 1556 0b1e 01       		.byte	0x1
 1557 0b1f E3020000 		.4byte	.LASF134
 1558 0b23 07       		.byte	0x7
 1559 0b24 7907     		.2byte	0x779
 1560 0b26 0A       		.byte	0xa
 1561 0b27 01       		.byte	0x1
 1562 0b28 8C000000 		.4byte	0x8c
 1563 0b2c 4B0B0000 		.4byte	0xb4b
 1564 0b30 19       		.uleb128 0x19
 1565 0b31 D7000000 		.4byte	.LASF132
 1566 0b35 07       		.byte	0x7
 1567 0b36 7B07     		.2byte	0x77b
 1568 0b38 0C       		.byte	0xc
 1569 0b39 8C000000 		.4byte	0x8c
 1570 0b3d 19       		.uleb128 0x19
 1571 0b3e 40030000 		.4byte	.LASF133
 1572 0b42 07       		.byte	0x7
 1573 0b43 7B07     		.2byte	0x77b
 1574 0b45 17       		.byte	0x17
 1575 0b46 8C000000 		.4byte	0x8c
 1576 0b4a 00       		.byte	0
 1577 0b4b 18       		.uleb128 0x18
 1578 0b4c 01       		.byte	0x1
 1579 0b4d 69030000 		.4byte	.LASF135
 1580 0b51 07       		.byte	0x7
 1581 0b52 5A07     		.2byte	0x75a
 1582 0b54 0A       		.byte	0xa
 1583 0b55 01       		.byte	0x1
 1584 0b56 8C000000 		.4byte	0x8c
 1585 0b5a 790B0000 		.4byte	0xb79
 1586 0b5e 19       		.uleb128 0x19
 1587 0b5f 7C010000 		.4byte	.LASF136
 1588 0b63 07       		.byte	0x7
 1589 0b64 5C07     		.2byte	0x75c
 1590 0b66 0C       		.byte	0xc
 1591 0b67 8C000000 		.4byte	0x8c
 1592 0b6b 19       		.uleb128 0x19
 1593 0b6c 40030000 		.4byte	.LASF133
 1594 0b70 07       		.byte	0x7
 1595 0b71 5C07     		.2byte	0x75c
 1596 0b73 17       		.byte	0x17
ARM GAS  C:\Users\nicx5\AppData\Local\Temp\ccXs0mXR.s 			page 29


 1597 0b74 8C000000 		.4byte	0x8c
 1598 0b78 00       		.byte	0
 1599 0b79 14       		.uleb128 0x14
 1600 0b7a 01       		.byte	0x1
 1601 0b7b F5000000 		.4byte	.LASF137
 1602 0b7f 07       		.byte	0x7
 1603 0b80 4F07     		.2byte	0x74f
 1604 0b82 06       		.byte	0x6
 1605 0b83 01       		.byte	0x1
 1606 0b84 14       		.uleb128 0x14
 1607 0b85 01       		.byte	0x1
 1608 0b86 2C060000 		.4byte	.LASF138
 1609 0b8a 07       		.byte	0x7
 1610 0b8b 4507     		.2byte	0x745
 1611 0b8d 06       		.byte	0x6
 1612 0b8e 01       		.byte	0x1
 1613 0b8f 14       		.uleb128 0x14
 1614 0b90 01       		.byte	0x1
 1615 0b91 88090000 		.4byte	.LASF139
 1616 0b95 07       		.byte	0x7
 1617 0b96 EB06     		.2byte	0x6eb
 1618 0b98 06       		.byte	0x6
 1619 0b99 01       		.byte	0x1
 1620 0b9a 15       		.uleb128 0x15
 1621 0b9b 01       		.byte	0x1
 1622 0b9c 1C040000 		.4byte	.LASF141
 1623 0ba0 07       		.byte	0x7
 1624 0ba1 DB06     		.2byte	0x6db
 1625 0ba3 06       		.byte	0x6
 1626 0ba4 01       		.byte	0x1
 1627 0ba5 B70B0000 		.4byte	0xbb7
 1628 0ba9 16       		.uleb128 0x16
 1629 0baa 3C040000 		.4byte	.LASF143
 1630 0bae 07       		.byte	0x7
 1631 0baf DB06     		.2byte	0x6db
 1632 0bb1 30       		.byte	0x30
 1633 0bb2 8C000000 		.4byte	0x8c
 1634 0bb6 00       		.byte	0
 1635 0bb7 14       		.uleb128 0x14
 1636 0bb8 01       		.byte	0x1
 1637 0bb9 C8010000 		.4byte	.LASF144
 1638 0bbd 07       		.byte	0x7
 1639 0bbe CB06     		.2byte	0x6cb
 1640 0bc0 06       		.byte	0x6
 1641 0bc1 01       		.byte	0x1
 1642 0bc2 14       		.uleb128 0x14
 1643 0bc3 01       		.byte	0x1
 1644 0bc4 E7080000 		.4byte	.LASF145
 1645 0bc8 07       		.byte	0x7
 1646 0bc9 C106     		.2byte	0x6c1
 1647 0bcb 06       		.byte	0x6
 1648 0bcc 01       		.byte	0x1
 1649 0bcd 18       		.uleb128 0x18
 1650 0bce 01       		.byte	0x1
 1651 0bcf 5C070000 		.4byte	.LASF146
 1652 0bd3 07       		.byte	0x7
 1653 0bd4 A706     		.2byte	0x6a7
ARM GAS  C:\Users\nicx5\AppData\Local\Temp\ccXs0mXR.s 			page 30


 1654 0bd6 13       		.byte	0x13
 1655 0bd7 01       		.byte	0x1
 1656 0bd8 2F0A0000 		.4byte	0xa2f
 1657 0bdc EE0B0000 		.4byte	0xbee
 1658 0be0 19       		.uleb128 0x19
 1659 0be1 3B070000 		.4byte	.LASF147
 1660 0be5 07       		.byte	0x7
 1661 0be6 A906     		.2byte	0x6a9
 1662 0be8 0C       		.byte	0xc
 1663 0be9 8C000000 		.4byte	0x8c
 1664 0bed 00       		.byte	0
 1665 0bee 18       		.uleb128 0x18
 1666 0bef 01       		.byte	0x1
 1667 0bf0 45070000 		.4byte	.LASF148
 1668 0bf4 07       		.byte	0x7
 1669 0bf5 8D06     		.2byte	0x68d
 1670 0bf7 13       		.byte	0x13
 1671 0bf8 01       		.byte	0x1
 1672 0bf9 2F0A0000 		.4byte	0xa2f
 1673 0bfd 0F0C0000 		.4byte	0xc0f
 1674 0c01 19       		.uleb128 0x19
 1675 0c02 3B070000 		.4byte	.LASF147
 1676 0c06 07       		.byte	0x7
 1677 0c07 8F06     		.2byte	0x68f
 1678 0c09 0C       		.byte	0xc
 1679 0c0a 8C000000 		.4byte	0x8c
 1680 0c0e 00       		.byte	0
 1681 0c0f 18       		.uleb128 0x18
 1682 0c10 01       		.byte	0x1
 1683 0c11 8E030000 		.4byte	.LASF149
 1684 0c15 07       		.byte	0x7
 1685 0c16 7306     		.2byte	0x673
 1686 0c18 13       		.byte	0x13
 1687 0c19 01       		.byte	0x1
 1688 0c1a 2F0A0000 		.4byte	0xa2f
 1689 0c1e 300C0000 		.4byte	0xc30
 1690 0c22 19       		.uleb128 0x19
 1691 0c23 3B070000 		.4byte	.LASF147
 1692 0c27 07       		.byte	0x7
 1693 0c28 7506     		.2byte	0x675
 1694 0c2a 0C       		.byte	0xc
 1695 0c2b 8C000000 		.4byte	0x8c
 1696 0c2f 00       		.byte	0
 1697 0c30 18       		.uleb128 0x18
 1698 0c31 01       		.byte	0x1
 1699 0c32 FA020000 		.4byte	.LASF150
 1700 0c36 07       		.byte	0x7
 1701 0c37 5906     		.2byte	0x659
 1702 0c39 13       		.byte	0x13
 1703 0c3a 01       		.byte	0x1
 1704 0c3b 2F0A0000 		.4byte	0xa2f
 1705 0c3f 510C0000 		.4byte	0xc51
 1706 0c43 19       		.uleb128 0x19
 1707 0c44 3B070000 		.4byte	.LASF147
 1708 0c48 07       		.byte	0x7
 1709 0c49 5B06     		.2byte	0x65b
 1710 0c4b 0C       		.byte	0xc
ARM GAS  C:\Users\nicx5\AppData\Local\Temp\ccXs0mXR.s 			page 31


 1711 0c4c 8C000000 		.4byte	0x8c
 1712 0c50 00       		.byte	0
 1713 0c51 14       		.uleb128 0x14
 1714 0c52 01       		.byte	0x1
 1715 0c53 A6000000 		.4byte	.LASF151
 1716 0c57 07       		.byte	0x7
 1717 0c58 0006     		.2byte	0x600
 1718 0c5a 0D       		.byte	0xd
 1719 0c5b 01       		.byte	0x1
 1720 0c5c 14       		.uleb128 0x14
 1721 0c5d 01       		.byte	0x1
 1722 0c5e 8D000000 		.4byte	.LASF152
 1723 0c62 07       		.byte	0x7
 1724 0c63 F405     		.2byte	0x5f4
 1725 0c65 0D       		.byte	0xd
 1726 0c66 01       		.byte	0x1
 1727 0c67 14       		.uleb128 0x14
 1728 0c68 01       		.byte	0x1
 1729 0c69 74000000 		.4byte	.LASF153
 1730 0c6d 07       		.byte	0x7
 1731 0c6e E805     		.2byte	0x5e8
 1732 0c70 0D       		.byte	0xd
 1733 0c71 01       		.byte	0x1
 1734 0c72 14       		.uleb128 0x14
 1735 0c73 01       		.byte	0x1
 1736 0c74 5B000000 		.4byte	.LASF154
 1737 0c78 07       		.byte	0x7
 1738 0c79 DC05     		.2byte	0x5dc
 1739 0c7b 0D       		.byte	0xd
 1740 0c7c 01       		.byte	0x1
 1741 0c7d 14       		.uleb128 0x14
 1742 0c7e 01       		.byte	0x1
 1743 0c7f 42000000 		.4byte	.LASF155
 1744 0c83 07       		.byte	0x7
 1745 0c84 D005     		.2byte	0x5d0
 1746 0c86 0D       		.byte	0xd
 1747 0c87 01       		.byte	0x1
 1748 0c88 14       		.uleb128 0x14
 1749 0c89 01       		.byte	0x1
 1750 0c8a 29000000 		.4byte	.LASF156
 1751 0c8e 07       		.byte	0x7
 1752 0c8f C505     		.2byte	0x5c5
 1753 0c91 0D       		.byte	0xd
 1754 0c92 01       		.byte	0x1
 1755 0c93 14       		.uleb128 0x14
 1756 0c94 01       		.byte	0x1
 1757 0c95 14090000 		.4byte	.LASF157
 1758 0c99 07       		.byte	0x7
 1759 0c9a 8805     		.2byte	0x588
 1760 0c9c 06       		.byte	0x6
 1761 0c9d 01       		.byte	0x1
 1762 0c9e 18       		.uleb128 0x18
 1763 0c9f 01       		.byte	0x1
 1764 0ca0 6E090000 		.4byte	.LASF158
 1765 0ca4 07       		.byte	0x7
 1766 0ca5 7205     		.2byte	0x572
 1767 0ca7 13       		.byte	0x13
ARM GAS  C:\Users\nicx5\AppData\Local\Temp\ccXs0mXR.s 			page 32


 1768 0ca8 01       		.byte	0x1
 1769 0ca9 2F0A0000 		.4byte	0xa2f
 1770 0cad BF0C0000 		.4byte	0xcbf
 1771 0cb1 16       		.uleb128 0x16
 1772 0cb2 51090000 		.4byte	.LASF159
 1773 0cb6 07       		.byte	0x7
 1774 0cb7 7205     		.2byte	0x572
 1775 0cb9 37       		.byte	0x37
 1776 0cba 8C000000 		.4byte	0x8c
 1777 0cbe 00       		.byte	0
 1778 0cbf 18       		.uleb128 0x18
 1779 0cc0 01       		.byte	0x1
 1780 0cc1 CB090000 		.4byte	.LASF160
 1781 0cc5 07       		.byte	0x7
 1782 0cc6 5905     		.2byte	0x559
 1783 0cc8 0A       		.byte	0xa
 1784 0cc9 01       		.byte	0x1
 1785 0cca 8C000000 		.4byte	0x8c
 1786 0cce E00C0000 		.4byte	0xce0
 1787 0cd2 16       		.uleb128 0x16
 1788 0cd3 51090000 		.4byte	.LASF159
 1789 0cd7 07       		.byte	0x7
 1790 0cd8 5905     		.2byte	0x559
 1791 0cda 2C       		.byte	0x2c
 1792 0cdb 8C000000 		.4byte	0x8c
 1793 0cdf 00       		.byte	0
 1794 0ce0 15       		.uleb128 0x15
 1795 0ce1 01       		.byte	0x1
 1796 0ce2 11010000 		.4byte	.LASF161
 1797 0ce6 07       		.byte	0x7
 1798 0ce7 4005     		.2byte	0x540
 1799 0ce9 06       		.byte	0x6
 1800 0cea 01       		.byte	0x1
 1801 0ceb FD0C0000 		.4byte	0xcfd
 1802 0cef 16       		.uleb128 0x16
 1803 0cf0 7A070000 		.4byte	.LASF124
 1804 0cf4 07       		.byte	0x7
 1805 0cf5 4005     		.2byte	0x540
 1806 0cf7 2B       		.byte	0x2b
 1807 0cf8 8C000000 		.4byte	0x8c
 1808 0cfc 00       		.byte	0
 1809 0cfd 15       		.uleb128 0x15
 1810 0cfe 01       		.byte	0x1
 1811 0cff AD020000 		.4byte	.LASF162
 1812 0d03 07       		.byte	0x7
 1813 0d04 1605     		.2byte	0x516
 1814 0d06 06       		.byte	0x6
 1815 0d07 01       		.byte	0x1
 1816 0d08 410D0000 		.4byte	0xd41
 1817 0d0c 16       		.uleb128 0x16
 1818 0d0d 47060000 		.4byte	.LASF163
 1819 0d11 07       		.byte	0x7
 1820 0d12 1605     		.2byte	0x516
 1821 0d14 39       		.byte	0x39
 1822 0d15 410D0000 		.4byte	0xd41
 1823 0d19 19       		.uleb128 0x19
 1824 0d1a AF030000 		.4byte	.LASF164
ARM GAS  C:\Users\nicx5\AppData\Local\Temp\ccXs0mXR.s 			page 33


 1825 0d1e 07       		.byte	0x7
 1826 0d1f 1805     		.2byte	0x518
 1827 0d21 0C       		.byte	0xc
 1828 0d22 8C000000 		.4byte	0x8c
 1829 0d26 19       		.uleb128 0x19
 1830 0d27 E7000000 		.4byte	.LASF165
 1831 0d2b 07       		.byte	0x7
 1832 0d2c 1905     		.2byte	0x519
 1833 0d2e 0C       		.byte	0xc
 1834 0d2f 8C000000 		.4byte	0x8c
 1835 0d33 19       		.uleb128 0x19
 1836 0d34 39010000 		.4byte	.LASF166
 1837 0d38 07       		.byte	0x7
 1838 0d39 1A05     		.2byte	0x51a
 1839 0d3b 12       		.byte	0x12
 1840 0d3c A2000000 		.4byte	0xa2
 1841 0d40 00       		.byte	0
 1842 0d41 17       		.uleb128 0x17
 1843 0d42 04       		.byte	0x4
 1844 0d43 A60A0000 		.4byte	0xaa6
 1845 0d47 14       		.uleb128 0x14
 1846 0d48 01       		.byte	0x1
 1847 0d49 F8010000 		.4byte	.LASF167
 1848 0d4d 07       		.byte	0x7
 1849 0d4e CA04     		.2byte	0x4ca
 1850 0d50 06       		.byte	0x6
 1851 0d51 01       		.byte	0x1
 1852 0d52 14       		.uleb128 0x14
 1853 0d53 01       		.byte	0x1
 1854 0d54 70020000 		.4byte	.LASF168
 1855 0d58 07       		.byte	0x7
 1856 0d59 BC04     		.2byte	0x4bc
 1857 0d5b 06       		.byte	0x6
 1858 0d5c 01       		.byte	0x1
 1859 0d5d 15       		.uleb128 0x15
 1860 0d5e 01       		.byte	0x1
 1861 0d5f 8E070000 		.4byte	.LASF169
 1862 0d63 07       		.byte	0x7
 1863 0d64 3904     		.2byte	0x439
 1864 0d66 06       		.byte	0x6
 1865 0d67 01       		.byte	0x1
 1866 0d68 7A0D0000 		.4byte	0xd7a
 1867 0d6c 16       		.uleb128 0x16
 1868 0d6d 1F0A0000 		.4byte	.LASF170
 1869 0d71 07       		.byte	0x7
 1870 0d72 3904     		.2byte	0x439
 1871 0d74 29       		.byte	0x29
 1872 0d75 8C000000 		.4byte	0x8c
 1873 0d79 00       		.byte	0
 1874 0d7a 15       		.uleb128 0x15
 1875 0d7b 01       		.byte	0x1
 1876 0d7c CB030000 		.4byte	.LASF171
 1877 0d80 07       		.byte	0x7
 1878 0d81 DA03     		.2byte	0x3da
 1879 0d83 06       		.byte	0x6
 1880 0d84 01       		.byte	0x1
 1881 0d85 970D0000 		.4byte	0xd97
ARM GAS  C:\Users\nicx5\AppData\Local\Temp\ccXs0mXR.s 			page 34


 1882 0d89 16       		.uleb128 0x16
 1883 0d8a 20060000 		.4byte	.LASF172
 1884 0d8e 07       		.byte	0x7
 1885 0d8f DA03     		.2byte	0x3da
 1886 0d91 2B       		.byte	0x2b
 1887 0d92 8C000000 		.4byte	0x8c
 1888 0d96 00       		.byte	0
 1889 0d97 14       		.uleb128 0x14
 1890 0d98 01       		.byte	0x1
 1891 0d99 3D020000 		.4byte	.LASF173
 1892 0d9d 07       		.byte	0x7
 1893 0d9e AB03     		.2byte	0x3ab
 1894 0da0 06       		.byte	0x6
 1895 0da1 01       		.byte	0x1
 1896 0da2 15       		.uleb128 0x15
 1897 0da3 01       		.byte	0x1
 1898 0da4 42010000 		.4byte	.LASF174
 1899 0da8 07       		.byte	0x7
 1900 0da9 3003     		.2byte	0x330
 1901 0dab 06       		.byte	0x6
 1902 0dac 01       		.byte	0x1
 1903 0dad D90D0000 		.4byte	0xdd9
 1904 0db1 16       		.uleb128 0x16
 1905 0db2 0A090000 		.4byte	.LASF175
 1906 0db6 07       		.byte	0x7
 1907 0db7 3003     		.2byte	0x330
 1908 0db9 28       		.byte	0x28
 1909 0dba 8C000000 		.4byte	0x8c
 1910 0dbe 16       		.uleb128 0x16
 1911 0dbf 64090000 		.4byte	.LASF176
 1912 0dc3 07       		.byte	0x7
 1913 0dc4 3003     		.2byte	0x330
 1914 0dc6 3B       		.byte	0x3b
 1915 0dc7 7B000000 		.4byte	0x7b
 1916 0dcb 16       		.uleb128 0x16
 1917 0dcc 20060000 		.4byte	.LASF172
 1918 0dd0 07       		.byte	0x7
 1919 0dd1 3003     		.2byte	0x330
 1920 0dd3 4F       		.byte	0x4f
 1921 0dd4 8C000000 		.4byte	0x8c
 1922 0dd8 00       		.byte	0
 1923 0dd9 1A       		.uleb128 0x1a
 1924 0dda 01       		.byte	0x1
 1925 0ddb 51040000 		.4byte	.LASF178
 1926 0ddf 07       		.byte	0x7
 1927 0de0 2902     		.2byte	0x229
 1928 0de2 0A       		.byte	0xa
 1929 0de3 01       		.byte	0x1
 1930 0de4 8C000000 		.4byte	0x8c
 1931 0de8 18       		.uleb128 0x18
 1932 0de9 01       		.byte	0x1
 1933 0dea 4F080000 		.4byte	.LASF179
 1934 0dee 07       		.byte	0x7
 1935 0def 1A02     		.2byte	0x21a
 1936 0df1 13       		.byte	0x13
 1937 0df2 01       		.byte	0x1
 1938 0df3 2F0A0000 		.4byte	0xa2f
ARM GAS  C:\Users\nicx5\AppData\Local\Temp\ccXs0mXR.s 			page 35


 1939 0df7 090E0000 		.4byte	0xe09
 1940 0dfb 16       		.uleb128 0x16
 1941 0dfc A6060000 		.4byte	.LASF180
 1942 0e00 07       		.byte	0x7
 1943 0e01 1A02     		.2byte	0x21a
 1944 0e03 45       		.byte	0x45
 1945 0e04 8C000000 		.4byte	0x8c
 1946 0e08 00       		.byte	0
 1947 0e09 1A       		.uleb128 0x1a
 1948 0e0a 01       		.byte	0x1
 1949 0e0b B1090000 		.4byte	.LASF181
 1950 0e0f 07       		.byte	0x7
 1951 0e10 0002     		.2byte	0x200
 1952 0e12 0A       		.byte	0xa
 1953 0e13 01       		.byte	0x1
 1954 0e14 8C000000 		.4byte	0x8c
 1955 0e18 18       		.uleb128 0x18
 1956 0e19 01       		.byte	0x1
 1957 0e1a EF070000 		.4byte	.LASF182
 1958 0e1e 07       		.byte	0x7
 1959 0e1f 9D01     		.2byte	0x19d
 1960 0e21 13       		.byte	0x13
 1961 0e22 01       		.byte	0x1
 1962 0e23 2F0A0000 		.4byte	0xa2f
 1963 0e27 460E0000 		.4byte	0xe46
 1964 0e2b 16       		.uleb128 0x16
 1965 0e2c A6060000 		.4byte	.LASF180
 1966 0e30 07       		.byte	0x7
 1967 0e31 9D01     		.2byte	0x19d
 1968 0e33 3D       		.byte	0x3d
 1969 0e34 8C000000 		.4byte	0x8c
 1970 0e38 19       		.uleb128 0x19
 1971 0e39 3B070000 		.4byte	.LASF147
 1972 0e3d 07       		.byte	0x7
 1973 0e3e 9F01     		.2byte	0x19f
 1974 0e40 0C       		.byte	0xc
 1975 0e41 8C000000 		.4byte	0x8c
 1976 0e45 00       		.byte	0
 1977 0e46 1A       		.uleb128 0x1a
 1978 0e47 01       		.byte	0x1
 1979 0e48 A9050000 		.4byte	.LASF183
 1980 0e4c 07       		.byte	0x7
 1981 0e4d 8101     		.2byte	0x181
 1982 0e4f 0A       		.byte	0xa
 1983 0e50 01       		.byte	0x1
 1984 0e51 8C000000 		.4byte	0x8c
 1985 0e55 18       		.uleb128 0x18
 1986 0e56 01       		.byte	0x1
 1987 0e57 49030000 		.4byte	.LASF184
 1988 0e5b 07       		.byte	0x7
 1989 0e5c 3901     		.2byte	0x139
 1990 0e5e 13       		.byte	0x13
 1991 0e5f 01       		.byte	0x1
 1992 0e60 2F0A0000 		.4byte	0xa2f
 1993 0e64 830E0000 		.4byte	0xe83
 1994 0e68 16       		.uleb128 0x16
 1995 0e69 00000000 		.4byte	.LASF185
ARM GAS  C:\Users\nicx5\AppData\Local\Temp\ccXs0mXR.s 			page 36


 1996 0e6d 07       		.byte	0x7
 1997 0e6e 3901     		.2byte	0x139
 1998 0e70 34       		.byte	0x34
 1999 0e71 8C000000 		.4byte	0x8c
 2000 0e75 19       		.uleb128 0x19
 2001 0e76 3B070000 		.4byte	.LASF147
 2002 0e7a 07       		.byte	0x7
 2003 0e7b 3B01     		.2byte	0x13b
 2004 0e7d 0C       		.byte	0xc
 2005 0e7e 8C000000 		.4byte	0x8c
 2006 0e82 00       		.byte	0
 2007 0e83 1B       		.uleb128 0x1b
 2008 0e84 20080000 		.4byte	.LASF187
 2009 0e88 09       		.byte	0x9
 2010 0e89 3604     		.2byte	0x436
 2011 0e8b 1E       		.byte	0x1e
 2012 0e8c 01       		.byte	0x1
 2013 0e8d 7B000000 		.4byte	0x7b
 2014 0e91 A30E0000 		.4byte	0xea3
 2015 0e95 16       		.uleb128 0x16
 2016 0e96 B9030000 		.4byte	.LASF186
 2017 0e9a 09       		.byte	0x9
 2018 0e9b 3604     		.2byte	0x436
 2019 0e9d 2D       		.byte	0x2d
 2020 0e9e 8C000000 		.4byte	0x8c
 2021 0ea2 00       		.byte	0
 2022 0ea3 1B       		.uleb128 0x1b
 2023 0ea4 32010000 		.4byte	.LASF188
 2024 0ea8 09       		.byte	0x9
 2025 0ea9 1804     		.2byte	0x418
 2026 0eab 1F       		.byte	0x1f
 2027 0eac 01       		.byte	0x1
 2028 0ead 8C000000 		.4byte	0x8c
 2029 0eb1 D00E0000 		.4byte	0xed0
 2030 0eb5 16       		.uleb128 0x16
 2031 0eb6 B9030000 		.4byte	.LASF186
 2032 0eba 09       		.byte	0x9
 2033 0ebb 1804     		.2byte	0x418
 2034 0ebd 2F       		.byte	0x2f
 2035 0ebe 8C000000 		.4byte	0x8c
 2036 0ec2 19       		.uleb128 0x19
 2037 0ec3 3B0A0000 		.4byte	.LASF189
 2038 0ec7 09       		.byte	0x9
 2039 0ec8 1A04     		.2byte	0x41a
 2040 0eca 0C       		.byte	0xc
 2041 0ecb 8C000000 		.4byte	0x8c
 2042 0ecf 00       		.byte	0
 2043 0ed0 1C       		.uleb128 0x1c
 2044 0ed1 EB050000 		.4byte	.LASF190
 2045 0ed5 09       		.byte	0x9
 2046 0ed6 B003     		.2byte	0x3b0
 2047 0ed8 1B       		.byte	0x1b
 2048 0ed9 01       		.byte	0x1
 2049 0eda 1C       		.uleb128 0x1c
 2050 0edb 90080000 		.4byte	.LASF191
 2051 0edf 09       		.byte	0x9
 2052 0ee0 A503     		.2byte	0x3a5
ARM GAS  C:\Users\nicx5\AppData\Local\Temp\ccXs0mXR.s 			page 37


 2053 0ee2 1B       		.byte	0x1b
 2054 0ee3 01       		.byte	0x1
 2055 0ee4 00       		.byte	0
 2056              		.section	.gnu.debuglto_.debug_abbrev,"e",%progbits
 2057              	.Ldebug_abbrev0:
 2058 0000 01       		.uleb128 0x1
 2059 0001 11       		.uleb128 0x11
 2060 0002 01       		.byte	0x1
 2061 0003 25       		.uleb128 0x25
 2062 0004 0E       		.uleb128 0xe
 2063 0005 13       		.uleb128 0x13
 2064 0006 0B       		.uleb128 0xb
 2065 0007 03       		.uleb128 0x3
 2066 0008 0E       		.uleb128 0xe
 2067 0009 1B       		.uleb128 0x1b
 2068 000a 0E       		.uleb128 0xe
 2069 000b 10       		.uleb128 0x10
 2070 000c 06       		.uleb128 0x6
 2071 000d 00       		.byte	0
 2072 000e 00       		.byte	0
 2073 000f 02       		.uleb128 0x2
 2074 0010 24       		.uleb128 0x24
 2075 0011 00       		.byte	0
 2076 0012 0B       		.uleb128 0xb
 2077 0013 0B       		.uleb128 0xb
 2078 0014 3E       		.uleb128 0x3e
 2079 0015 0B       		.uleb128 0xb
 2080 0016 03       		.uleb128 0x3
 2081 0017 0E       		.uleb128 0xe
 2082 0018 00       		.byte	0
 2083 0019 00       		.byte	0
 2084 001a 03       		.uleb128 0x3
 2085 001b 16       		.uleb128 0x16
 2086 001c 00       		.byte	0
 2087 001d 03       		.uleb128 0x3
 2088 001e 0E       		.uleb128 0xe
 2089 001f 3A       		.uleb128 0x3a
 2090 0020 0B       		.uleb128 0xb
 2091 0021 3B       		.uleb128 0x3b
 2092 0022 0B       		.uleb128 0xb
 2093 0023 39       		.uleb128 0x39
 2094 0024 0B       		.uleb128 0xb
 2095 0025 49       		.uleb128 0x49
 2096 0026 13       		.uleb128 0x13
 2097 0027 00       		.byte	0
 2098 0028 00       		.byte	0
 2099 0029 04       		.uleb128 0x4
 2100 002a 24       		.uleb128 0x24
 2101 002b 00       		.byte	0
 2102 002c 0B       		.uleb128 0xb
 2103 002d 0B       		.uleb128 0xb
 2104 002e 3E       		.uleb128 0x3e
 2105 002f 0B       		.uleb128 0xb
 2106 0030 03       		.uleb128 0x3
 2107 0031 08       		.uleb128 0x8
 2108 0032 00       		.byte	0
 2109 0033 00       		.byte	0
ARM GAS  C:\Users\nicx5\AppData\Local\Temp\ccXs0mXR.s 			page 38


 2110 0034 05       		.uleb128 0x5
 2111 0035 35       		.uleb128 0x35
 2112 0036 00       		.byte	0
 2113 0037 49       		.uleb128 0x49
 2114 0038 13       		.uleb128 0x13
 2115 0039 00       		.byte	0
 2116 003a 00       		.byte	0
 2117 003b 06       		.uleb128 0x6
 2118 003c 26       		.uleb128 0x26
 2119 003d 00       		.byte	0
 2120 003e 49       		.uleb128 0x49
 2121 003f 13       		.uleb128 0x13
 2122 0040 00       		.byte	0
 2123 0041 00       		.byte	0
 2124 0042 07       		.uleb128 0x7
 2125 0043 13       		.uleb128 0x13
 2126 0044 01       		.byte	0x1
 2127 0045 0B       		.uleb128 0xb
 2128 0046 05       		.uleb128 0x5
 2129 0047 3A       		.uleb128 0x3a
 2130 0048 0B       		.uleb128 0xb
 2131 0049 3B       		.uleb128 0x3b
 2132 004a 05       		.uleb128 0x5
 2133 004b 39       		.uleb128 0x39
 2134 004c 0B       		.uleb128 0xb
 2135 004d 01       		.uleb128 0x1
 2136 004e 13       		.uleb128 0x13
 2137 004f 00       		.byte	0
 2138 0050 00       		.byte	0
 2139 0051 08       		.uleb128 0x8
 2140 0052 0D       		.uleb128 0xd
 2141 0053 00       		.byte	0
 2142 0054 03       		.uleb128 0x3
 2143 0055 0E       		.uleb128 0xe
 2144 0056 3A       		.uleb128 0x3a
 2145 0057 0B       		.uleb128 0xb
 2146 0058 3B       		.uleb128 0x3b
 2147 0059 05       		.uleb128 0x5
 2148 005a 39       		.uleb128 0x39
 2149 005b 0B       		.uleb128 0xb
 2150 005c 49       		.uleb128 0x49
 2151 005d 13       		.uleb128 0x13
 2152 005e 38       		.uleb128 0x38
 2153 005f 0A       		.uleb128 0xa
 2154 0060 00       		.byte	0
 2155 0061 00       		.byte	0
 2156 0062 09       		.uleb128 0x9
 2157 0063 0D       		.uleb128 0xd
 2158 0064 00       		.byte	0
 2159 0065 03       		.uleb128 0x3
 2160 0066 08       		.uleb128 0x8
 2161 0067 3A       		.uleb128 0x3a
 2162 0068 0B       		.uleb128 0xb
 2163 0069 3B       		.uleb128 0x3b
 2164 006a 05       		.uleb128 0x5
 2165 006b 39       		.uleb128 0x39
 2166 006c 0B       		.uleb128 0xb
ARM GAS  C:\Users\nicx5\AppData\Local\Temp\ccXs0mXR.s 			page 39


 2167 006d 49       		.uleb128 0x49
 2168 006e 13       		.uleb128 0x13
 2169 006f 38       		.uleb128 0x38
 2170 0070 0A       		.uleb128 0xa
 2171 0071 00       		.byte	0
 2172 0072 00       		.byte	0
 2173 0073 0A       		.uleb128 0xa
 2174 0074 01       		.uleb128 0x1
 2175 0075 01       		.byte	0x1
 2176 0076 49       		.uleb128 0x49
 2177 0077 13       		.uleb128 0x13
 2178 0078 01       		.uleb128 0x1
 2179 0079 13       		.uleb128 0x13
 2180 007a 00       		.byte	0
 2181 007b 00       		.byte	0
 2182 007c 0B       		.uleb128 0xb
 2183 007d 21       		.uleb128 0x21
 2184 007e 00       		.byte	0
 2185 007f 49       		.uleb128 0x49
 2186 0080 13       		.uleb128 0x13
 2187 0081 2F       		.uleb128 0x2f
 2188 0082 0B       		.uleb128 0xb
 2189 0083 00       		.byte	0
 2190 0084 00       		.byte	0
 2191 0085 0C       		.uleb128 0xc
 2192 0086 16       		.uleb128 0x16
 2193 0087 00       		.byte	0
 2194 0088 03       		.uleb128 0x3
 2195 0089 0E       		.uleb128 0xe
 2196 008a 3A       		.uleb128 0x3a
 2197 008b 0B       		.uleb128 0xb
 2198 008c 3B       		.uleb128 0x3b
 2199 008d 05       		.uleb128 0x5
 2200 008e 39       		.uleb128 0x39
 2201 008f 0B       		.uleb128 0xb
 2202 0090 49       		.uleb128 0x49
 2203 0091 13       		.uleb128 0x13
 2204 0092 00       		.byte	0
 2205 0093 00       		.byte	0
 2206 0094 0D       		.uleb128 0xd
 2207 0095 13       		.uleb128 0x13
 2208 0096 01       		.byte	0x1
 2209 0097 0B       		.uleb128 0xb
 2210 0098 0B       		.uleb128 0xb
 2211 0099 3A       		.uleb128 0x3a
 2212 009a 0B       		.uleb128 0xb
 2213 009b 3B       		.uleb128 0x3b
 2214 009c 05       		.uleb128 0x5
 2215 009d 39       		.uleb128 0x39
 2216 009e 0B       		.uleb128 0xb
 2217 009f 01       		.uleb128 0x1
 2218 00a0 13       		.uleb128 0x13
 2219 00a1 00       		.byte	0
 2220 00a2 00       		.byte	0
 2221 00a3 0E       		.uleb128 0xe
 2222 00a4 04       		.uleb128 0x4
 2223 00a5 01       		.byte	0x1
ARM GAS  C:\Users\nicx5\AppData\Local\Temp\ccXs0mXR.s 			page 40


 2224 00a6 3E       		.uleb128 0x3e
 2225 00a7 0B       		.uleb128 0xb
 2226 00a8 0B       		.uleb128 0xb
 2227 00a9 0B       		.uleb128 0xb
 2228 00aa 49       		.uleb128 0x49
 2229 00ab 13       		.uleb128 0x13
 2230 00ac 3A       		.uleb128 0x3a
 2231 00ad 0B       		.uleb128 0xb
 2232 00ae 3B       		.uleb128 0x3b
 2233 00af 0B       		.uleb128 0xb
 2234 00b0 39       		.uleb128 0x39
 2235 00b1 0B       		.uleb128 0xb
 2236 00b2 01       		.uleb128 0x1
 2237 00b3 13       		.uleb128 0x13
 2238 00b4 00       		.byte	0
 2239 00b5 00       		.byte	0
 2240 00b6 0F       		.uleb128 0xf
 2241 00b7 28       		.uleb128 0x28
 2242 00b8 00       		.byte	0
 2243 00b9 03       		.uleb128 0x3
 2244 00ba 0E       		.uleb128 0xe
 2245 00bb 1C       		.uleb128 0x1c
 2246 00bc 0B       		.uleb128 0xb
 2247 00bd 00       		.byte	0
 2248 00be 00       		.byte	0
 2249 00bf 10       		.uleb128 0x10
 2250 00c0 13       		.uleb128 0x13
 2251 00c1 01       		.byte	0x1
 2252 00c2 0B       		.uleb128 0xb
 2253 00c3 0B       		.uleb128 0xb
 2254 00c4 3A       		.uleb128 0x3a
 2255 00c5 0B       		.uleb128 0xb
 2256 00c6 3B       		.uleb128 0x3b
 2257 00c7 0B       		.uleb128 0xb
 2258 00c8 39       		.uleb128 0x39
 2259 00c9 0B       		.uleb128 0xb
 2260 00ca 01       		.uleb128 0x1
 2261 00cb 13       		.uleb128 0x13
 2262 00cc 00       		.byte	0
 2263 00cd 00       		.byte	0
 2264 00ce 11       		.uleb128 0x11
 2265 00cf 0D       		.uleb128 0xd
 2266 00d0 00       		.byte	0
 2267 00d1 03       		.uleb128 0x3
 2268 00d2 0E       		.uleb128 0xe
 2269 00d3 3A       		.uleb128 0x3a
 2270 00d4 0B       		.uleb128 0xb
 2271 00d5 3B       		.uleb128 0x3b
 2272 00d6 0B       		.uleb128 0xb
 2273 00d7 39       		.uleb128 0x39
 2274 00d8 0B       		.uleb128 0xb
 2275 00d9 49       		.uleb128 0x49
 2276 00da 13       		.uleb128 0x13
 2277 00db 38       		.uleb128 0x38
 2278 00dc 0A       		.uleb128 0xa
 2279 00dd 00       		.byte	0
 2280 00de 00       		.byte	0
ARM GAS  C:\Users\nicx5\AppData\Local\Temp\ccXs0mXR.s 			page 41


 2281 00df 12       		.uleb128 0x12
 2282 00e0 2E       		.uleb128 0x2e
 2283 00e1 00       		.byte	0
 2284 00e2 3F       		.uleb128 0x3f
 2285 00e3 0C       		.uleb128 0xc
 2286 00e4 03       		.uleb128 0x3
 2287 00e5 0E       		.uleb128 0xe
 2288 00e6 3A       		.uleb128 0x3a
 2289 00e7 0B       		.uleb128 0xb
 2290 00e8 3B       		.uleb128 0x3b
 2291 00e9 05       		.uleb128 0x5
 2292 00ea 39       		.uleb128 0x39
 2293 00eb 0B       		.uleb128 0xb
 2294 00ec 27       		.uleb128 0x27
 2295 00ed 0C       		.uleb128 0xc
 2296 00ee 3C       		.uleb128 0x3c
 2297 00ef 0C       		.uleb128 0xc
 2298 00f0 00       		.byte	0
 2299 00f1 00       		.byte	0
 2300 00f2 13       		.uleb128 0x13
 2301 00f3 2E       		.uleb128 0x2e
 2302 00f4 00       		.byte	0
 2303 00f5 3F       		.uleb128 0x3f
 2304 00f6 0C       		.uleb128 0xc
 2305 00f7 03       		.uleb128 0x3
 2306 00f8 0E       		.uleb128 0xe
 2307 00f9 3A       		.uleb128 0x3a
 2308 00fa 0B       		.uleb128 0xb
 2309 00fb 3B       		.uleb128 0x3b
 2310 00fc 05       		.uleb128 0x5
 2311 00fd 39       		.uleb128 0x39
 2312 00fe 0B       		.uleb128 0xb
 2313 00ff 27       		.uleb128 0x27
 2314 0100 0C       		.uleb128 0xc
 2315 0101 49       		.uleb128 0x49
 2316 0102 13       		.uleb128 0x13
 2317 0103 3C       		.uleb128 0x3c
 2318 0104 0C       		.uleb128 0xc
 2319 0105 00       		.byte	0
 2320 0106 00       		.byte	0
 2321 0107 14       		.uleb128 0x14
 2322 0108 2E       		.uleb128 0x2e
 2323 0109 00       		.byte	0
 2324 010a 3F       		.uleb128 0x3f
 2325 010b 0C       		.uleb128 0xc
 2326 010c 03       		.uleb128 0x3
 2327 010d 0E       		.uleb128 0xe
 2328 010e 3A       		.uleb128 0x3a
 2329 010f 0B       		.uleb128 0xb
 2330 0110 3B       		.uleb128 0x3b
 2331 0111 05       		.uleb128 0x5
 2332 0112 39       		.uleb128 0x39
 2333 0113 0B       		.uleb128 0xb
 2334 0114 27       		.uleb128 0x27
 2335 0115 0C       		.uleb128 0xc
 2336 0116 00       		.byte	0
 2337 0117 00       		.byte	0
ARM GAS  C:\Users\nicx5\AppData\Local\Temp\ccXs0mXR.s 			page 42


 2338 0118 15       		.uleb128 0x15
 2339 0119 2E       		.uleb128 0x2e
 2340 011a 01       		.byte	0x1
 2341 011b 3F       		.uleb128 0x3f
 2342 011c 0C       		.uleb128 0xc
 2343 011d 03       		.uleb128 0x3
 2344 011e 0E       		.uleb128 0xe
 2345 011f 3A       		.uleb128 0x3a
 2346 0120 0B       		.uleb128 0xb
 2347 0121 3B       		.uleb128 0x3b
 2348 0122 05       		.uleb128 0x5
 2349 0123 39       		.uleb128 0x39
 2350 0124 0B       		.uleb128 0xb
 2351 0125 27       		.uleb128 0x27
 2352 0126 0C       		.uleb128 0xc
 2353 0127 01       		.uleb128 0x1
 2354 0128 13       		.uleb128 0x13
 2355 0129 00       		.byte	0
 2356 012a 00       		.byte	0
 2357 012b 16       		.uleb128 0x16
 2358 012c 05       		.uleb128 0x5
 2359 012d 00       		.byte	0
 2360 012e 03       		.uleb128 0x3
 2361 012f 0E       		.uleb128 0xe
 2362 0130 3A       		.uleb128 0x3a
 2363 0131 0B       		.uleb128 0xb
 2364 0132 3B       		.uleb128 0x3b
 2365 0133 05       		.uleb128 0x5
 2366 0134 39       		.uleb128 0x39
 2367 0135 0B       		.uleb128 0xb
 2368 0136 49       		.uleb128 0x49
 2369 0137 13       		.uleb128 0x13
 2370 0138 00       		.byte	0
 2371 0139 00       		.byte	0
 2372 013a 17       		.uleb128 0x17
 2373 013b 0F       		.uleb128 0xf
 2374 013c 00       		.byte	0
 2375 013d 0B       		.uleb128 0xb
 2376 013e 0B       		.uleb128 0xb
 2377 013f 49       		.uleb128 0x49
 2378 0140 13       		.uleb128 0x13
 2379 0141 00       		.byte	0
 2380 0142 00       		.byte	0
 2381 0143 18       		.uleb128 0x18
 2382 0144 2E       		.uleb128 0x2e
 2383 0145 01       		.byte	0x1
 2384 0146 3F       		.uleb128 0x3f
 2385 0147 0C       		.uleb128 0xc
 2386 0148 03       		.uleb128 0x3
 2387 0149 0E       		.uleb128 0xe
 2388 014a 3A       		.uleb128 0x3a
 2389 014b 0B       		.uleb128 0xb
 2390 014c 3B       		.uleb128 0x3b
 2391 014d 05       		.uleb128 0x5
 2392 014e 39       		.uleb128 0x39
 2393 014f 0B       		.uleb128 0xb
 2394 0150 27       		.uleb128 0x27
ARM GAS  C:\Users\nicx5\AppData\Local\Temp\ccXs0mXR.s 			page 43


 2395 0151 0C       		.uleb128 0xc
 2396 0152 49       		.uleb128 0x49
 2397 0153 13       		.uleb128 0x13
 2398 0154 01       		.uleb128 0x1
 2399 0155 13       		.uleb128 0x13
 2400 0156 00       		.byte	0
 2401 0157 00       		.byte	0
 2402 0158 19       		.uleb128 0x19
 2403 0159 34       		.uleb128 0x34
 2404 015a 00       		.byte	0
 2405 015b 03       		.uleb128 0x3
 2406 015c 0E       		.uleb128 0xe
 2407 015d 3A       		.uleb128 0x3a
 2408 015e 0B       		.uleb128 0xb
 2409 015f 3B       		.uleb128 0x3b
 2410 0160 05       		.uleb128 0x5
 2411 0161 39       		.uleb128 0x39
 2412 0162 0B       		.uleb128 0xb
 2413 0163 49       		.uleb128 0x49
 2414 0164 13       		.uleb128 0x13
 2415 0165 00       		.byte	0
 2416 0166 00       		.byte	0
 2417 0167 1A       		.uleb128 0x1a
 2418 0168 2E       		.uleb128 0x2e
 2419 0169 00       		.byte	0
 2420 016a 3F       		.uleb128 0x3f
 2421 016b 0C       		.uleb128 0xc
 2422 016c 03       		.uleb128 0x3
 2423 016d 0E       		.uleb128 0xe
 2424 016e 3A       		.uleb128 0x3a
 2425 016f 0B       		.uleb128 0xb
 2426 0170 3B       		.uleb128 0x3b
 2427 0171 05       		.uleb128 0x5
 2428 0172 39       		.uleb128 0x39
 2429 0173 0B       		.uleb128 0xb
 2430 0174 27       		.uleb128 0x27
 2431 0175 0C       		.uleb128 0xc
 2432 0176 49       		.uleb128 0x49
 2433 0177 13       		.uleb128 0x13
 2434 0178 00       		.byte	0
 2435 0179 00       		.byte	0
 2436 017a 1B       		.uleb128 0x1b
 2437 017b 2E       		.uleb128 0x2e
 2438 017c 01       		.byte	0x1
 2439 017d 03       		.uleb128 0x3
 2440 017e 0E       		.uleb128 0xe
 2441 017f 3A       		.uleb128 0x3a
 2442 0180 0B       		.uleb128 0xb
 2443 0181 3B       		.uleb128 0x3b
 2444 0182 05       		.uleb128 0x5
 2445 0183 39       		.uleb128 0x39
 2446 0184 0B       		.uleb128 0xb
 2447 0185 27       		.uleb128 0x27
 2448 0186 0C       		.uleb128 0xc
 2449 0187 49       		.uleb128 0x49
 2450 0188 13       		.uleb128 0x13
 2451 0189 01       		.uleb128 0x1
ARM GAS  C:\Users\nicx5\AppData\Local\Temp\ccXs0mXR.s 			page 44


 2452 018a 13       		.uleb128 0x13
 2453 018b 00       		.byte	0
 2454 018c 00       		.byte	0
 2455 018d 1C       		.uleb128 0x1c
 2456 018e 2E       		.uleb128 0x2e
 2457 018f 00       		.byte	0
 2458 0190 03       		.uleb128 0x3
 2459 0191 0E       		.uleb128 0xe
 2460 0192 3A       		.uleb128 0x3a
 2461 0193 0B       		.uleb128 0xb
 2462 0194 3B       		.uleb128 0x3b
 2463 0195 05       		.uleb128 0x5
 2464 0196 39       		.uleb128 0x39
 2465 0197 0B       		.uleb128 0xb
 2466 0198 27       		.uleb128 0x27
 2467 0199 0C       		.uleb128 0xc
 2468 019a 00       		.byte	0
 2469 019b 00       		.byte	0
 2470 019c 00       		.byte	0
 2471              		.section	.gnu.debuglto_.debug_line,"e",%progbits
 2472              	.Ldebug_line0:
 2473 0000 D7010000 		.4byte	.LELT0-.LSLT0
 2474              	.LSLT0:
 2475 0004 0200     		.2byte	0x2
 2476 0006 D1010000 		.4byte	.LELTP0-.LASLTP0
 2477              	.LASLTP0:
 2478 000a 01       		.byte	0x1
 2479 000b 01       		.byte	0x1
 2480 000c F6       		.byte	0xf6
 2481 000d F2       		.byte	0xf2
 2482 000e 0D       		.byte	0xd
 2483 000f 00       		.byte	0
 2484 0010 01       		.byte	0x1
 2485 0011 01       		.byte	0x1
 2486 0012 01       		.byte	0x1
 2487 0013 01       		.byte	0x1
 2488 0014 00       		.byte	0
 2489 0015 00       		.byte	0
 2490 0016 00       		.byte	0
 2491 0017 01       		.byte	0x1
 2492 0018 00       		.byte	0
 2493 0019 00       		.byte	0
 2494 001a 01       		.byte	0x1
 2495 001b 443A2F50 		.ascii	"D:/Program Files/msys64/mingw64/arm-none-eabi/inclu"
 2495      726F6772 
 2495      616D2046 
 2495      696C6573 
 2495      2F6D7379 
 2496 004e 64652F6D 		.ascii	"de/machine"
 2496      61636869 
 2496      6E65
 2497 0058 00       		.byte	0
 2498 0059 443A2F50 		.ascii	"D:/Program Files/msys64/mingw64/arm-none-eabi/inclu"
 2498      726F6772 
 2498      616D2046 
 2498      696C6573 
 2498      2F6D7379 
ARM GAS  C:\Users\nicx5\AppData\Local\Temp\ccXs0mXR.s 			page 45


 2499 008c 64652F73 		.ascii	"de/sys"
 2499      7973
 2500 0092 00       		.byte	0
 2501 0093 44726976 		.ascii	"Drivers/CMSIS/Device/ST/STM32H7xx/Include"
 2501      6572732F 
 2501      434D5349 
 2501      532F4465 
 2501      76696365 
 2502 00bc 00       		.byte	0
 2503 00bd 44726976 		.ascii	"Drivers/CMSIS/Include"
 2503      6572732F 
 2503      434D5349 
 2503      532F496E 
 2503      636C7564 
 2504 00d2 00       		.byte	0
 2505 00d3 44726976 		.ascii	"Drivers/STM32H7xx_HAL_Driver/Inc"
 2505      6572732F 
 2505      53544D33 
 2505      32483778 
 2505      785F4841 
 2506 00f3 00       		.byte	0
 2507 00f4 44726976 		.ascii	"Drivers/STM32H7xx_HAL_Driver/Src"
 2507      6572732F 
 2507      53544D33 
 2507      32483778 
 2507      785F4841 
 2508 0114 00       		.byte	0
 2509 0115 00       		.byte	0
 2510 0116 5F646566 		.ascii	"_default_types.h\000"
 2510      61756C74 
 2510      5F747970 
 2510      65732E68 
 2510      00
 2511 0127 01       		.uleb128 0x1
 2512 0128 00       		.uleb128 0
 2513 0129 00       		.uleb128 0
 2514 012a 5F737464 		.ascii	"_stdint.h\000"
 2514      696E742E 
 2514      6800
 2515 0134 02       		.uleb128 0x2
 2516 0135 00       		.uleb128 0
 2517 0136 00       		.uleb128 0
 2518 0137 636F7265 		.ascii	"core_cm7.h\000"
 2518      5F636D37 
 2518      2E6800
 2519 0142 04       		.uleb128 0x4
 2520 0143 00       		.uleb128 0
 2521 0144 00       		.uleb128 0
 2522 0145 73746D33 		.ascii	"stm32h750xx.h\000"
 2522      32683735 
 2522      3078782E 
 2522      6800
 2523 0153 03       		.uleb128 0x3
 2524 0154 00       		.uleb128 0
 2525 0155 00       		.uleb128 0
 2526 0156 73746D33 		.ascii	"stm32h7xx_hal_def.h\000"
 2526      32683778 
ARM GAS  C:\Users\nicx5\AppData\Local\Temp\ccXs0mXR.s 			page 46


 2526      785F6861 
 2526      6C5F6465 
 2526      662E6800 
 2527 016a 05       		.uleb128 0x5
 2528 016b 00       		.uleb128 0
 2529 016c 00       		.uleb128 0
 2530 016d 73746D33 		.ascii	"stm32h7xx_hal_pwr_ex.h\000"
 2530      32683778 
 2530      785F6861 
 2530      6C5F7077 
 2530      725F6578 
 2531 0184 05       		.uleb128 0x5
 2532 0185 00       		.uleb128 0
 2533 0186 00       		.uleb128 0
 2534 0187 73746D33 		.ascii	"stm32h7xx_hal_pwr_ex.c\000"
 2534      32683778 
 2534      785F6861 
 2534      6C5F7077 
 2534      725F6578 
 2535 019e 06       		.uleb128 0x6
 2536 019f 00       		.uleb128 0
 2537 01a0 00       		.uleb128 0
 2538 01a1 73746D33 		.ascii	"stm32h7xx_hal_pwr.h\000"
 2538      32683778 
 2538      785F6861 
 2538      6C5F7077 
 2538      722E6800 
 2539 01b5 05       		.uleb128 0x5
 2540 01b6 00       		.uleb128 0
 2541 01b7 00       		.uleb128 0
 2542 01b8 636D7369 		.ascii	"cmsis_gcc.h\000"
 2542      735F6763 
 2542      632E6800 
 2543 01c4 04       		.uleb128 0x4
 2544 01c5 00       		.uleb128 0
 2545 01c6 00       		.uleb128 0
 2546 01c7 73746D33 		.ascii	"stm32h7xx_hal.h\000"
 2546      32683778 
 2546      785F6861 
 2546      6C2E6800 
 2547 01d7 05       		.uleb128 0x5
 2548 01d8 00       		.uleb128 0
 2549 01d9 00       		.uleb128 0
 2550 01da 00       		.byte	0
 2551              	.LELTP0:
 2552              	.LELT0:
 2553              		.section	.gnu.debuglto_.debug_str,"eMS",%progbits,1
 2554              	.LASF185:
 2555 0000 53757070 		.ascii	"SupplySource\000"
 2555      6C79536F 
 2555      75726365 
 2555      00
 2556              	.LASF80:
 2557 000d 44335043 		.ascii	"D3PCR3H\000"
 2557      52334800 
 2558              	.LASF17:
 2559 0015 53485052 		.ascii	"SHPR\000"
ARM GAS  C:\Users\nicx5\AppData\Local\Temp\ccXs0mXR.s 			page 47


 2559      00
 2560              	.LASF79:
 2561 001a 44335043 		.ascii	"D3PCR3L\000"
 2561      52334C00 
 2562              	.LASF57:
 2563 0022 41484253 		.ascii	"AHBSCR\000"
 2563      435200
 2564              	.LASF156:
 2565 0029 48414C5F 		.ascii	"HAL_PWREx_WKUP1_Callback\000"
 2565      50575245 
 2565      785F574B 
 2565      5550315F 
 2565      43616C6C 
 2566              	.LASF155:
 2567 0042 48414C5F 		.ascii	"HAL_PWREx_WKUP2_Callback\000"
 2567      50575245 
 2567      785F574B 
 2567      5550325F 
 2567      43616C6C 
 2568              	.LASF154:
 2569 005b 48414C5F 		.ascii	"HAL_PWREx_WKUP3_Callback\000"
 2569      50575245 
 2569      785F574B 
 2569      5550335F 
 2569      43616C6C 
 2570              	.LASF153:
 2571 0074 48414C5F 		.ascii	"HAL_PWREx_WKUP4_Callback\000"
 2571      50575245 
 2571      785F574B 
 2571      5550345F 
 2571      43616C6C 
 2572              	.LASF152:
 2573 008d 48414C5F 		.ascii	"HAL_PWREx_WKUP5_Callback\000"
 2573      50575245 
 2573      785F574B 
 2573      5550355F 
 2573      43616C6C 
 2574              	.LASF151:
 2575 00a6 48414C5F 		.ascii	"HAL_PWREx_WKUP6_Callback\000"
 2575      50575245 
 2575      785F574B 
 2575      5550365F 
 2575      43616C6C 
 2576              	.LASF5:
 2577 00bf 5F5F7569 		.ascii	"__uint8_t\000"
 2577      6E74385F 
 2577      7400
 2578              	.LASF118:
 2579 00c9 48414C5F 		.ascii	"HAL_BUSY\000"
 2579      42555359 
 2579      00
 2580              	.LASF36:
 2581 00d2 53544952 		.ascii	"STIR\000"
 2581      00
 2582              	.LASF132:
 2583 00d7 56424154 		.ascii	"VBATLevel\000"
 2583      4C657665 
ARM GAS  C:\Users\nicx5\AppData\Local\Temp\ccXs0mXR.s 			page 48


 2583      6C00
 2584              	.LASF62:
 2585 00e1 46545352 		.ascii	"FTSR1\000"
 2585      3100
 2586              	.LASF165:
 2587 00e7 7265674D 		.ascii	"regMask\000"
 2587      61736B00 
 2588              	.LASF76:
 2589 00ef 46545352 		.ascii	"FTSR3\000"
 2589      3300
 2590              	.LASF137:
 2591 00f5 48414C5F 		.ascii	"HAL_PWREx_DisableMonitoring\000"
 2591      50575245 
 2591      785F4469 
 2591      7361626C 
 2591      654D6F6E 
 2592              	.LASF161:
 2593 0111 48414C5F 		.ascii	"HAL_PWREx_DisableWakeUpPin\000"
 2593      50575245 
 2593      785F4469 
 2593      7361626C 
 2593      6557616B 
 2594              	.LASF31:
 2595 012c 434C4944 		.ascii	"CLIDR\000"
 2595      5200
 2596              	.LASF188:
 2597 0132 5F5F5242 		.ascii	"__RBIT\000"
 2597      495400
 2598              	.LASF166:
 2599 0139 70756C6C 		.ascii	"pullMask\000"
 2599      4D61736B 
 2599      00
 2600              	.LASF174:
 2601 0142 48414C5F 		.ascii	"HAL_PWREx_EnterSTOPMode\000"
 2601      50575245 
 2601      785F456E 
 2601      74657253 
 2601      544F504D 
 2602              	.LASF13:
 2603 015a 43505549 		.ascii	"CPUID\000"
 2603      4400
 2604              	.LASF63:
 2605 0160 53574945 		.ascii	"SWIER1\000"
 2605      523100
 2606              	.LASF70:
 2607 0167 53574945 		.ascii	"SWIER2\000"
 2607      523200
 2608              	.LASF77:
 2609 016e 53574945 		.ascii	"SWIER3\000"
 2609      523300
 2610              	.LASF25:
 2611 0175 49445F50 		.ascii	"ID_PFR\000"
 2611      465200
 2612              	.LASF136:
 2613 017c 74656D70 		.ascii	"tempLevel\000"
 2613      4C657665 
 2613      6C00
ARM GAS  C:\Users\nicx5\AppData\Local\Temp\ccXs0mXR.s 			page 49


 2614              	.LASF91:
 2615 0186 43434353 		.ascii	"CCCSR\000"
 2615      5200
 2616              	.LASF1:
 2617 018c 7369676E 		.ascii	"signed char\000"
 2617      65642063 
 2617      68617200 
 2618              	.LASF108:
 2619 0198 574B5550 		.ascii	"WKUPCR\000"
 2619      435200
 2620              	.LASF7:
 2621 019f 6C6F6E67 		.ascii	"long unsigned int\000"
 2621      20756E73 
 2621      69676E65 
 2621      6420696E 
 2621      7400
 2622              	.LASF9:
 2623 01b1 6C6F6E67 		.ascii	"long long unsigned int\000"
 2623      206C6F6E 
 2623      6720756E 
 2623      7369676E 
 2623      65642069 
 2624              	.LASF144:
 2625 01c8 48414C5F 		.ascii	"HAL_PWREx_DisableUSBVoltageDetector\000"
 2625      50575245 
 2625      785F4469 
 2625      7361626C 
 2625      65555342 
 2626              	.LASF111:
 2627 01ec 5057525F 		.ascii	"PWR_TypeDef\000"
 2627      54797065 
 2627      44656600 
 2628              	.LASF167:
 2629 01f8 48414C5F 		.ascii	"HAL_PWREx_DisableFlashPowerDown\000"
 2629      50575245 
 2629      785F4469 
 2629      7361626C 
 2629      65466C61 
 2630              	.LASF4:
 2631 0218 6C6F6E67 		.ascii	"long int\000"
 2631      20696E74 
 2631      00
 2632              	.LASF130:
 2633 0221 48414C5F 		.ascii	"HAL_PWREx_DisableAVD\000"
 2633      50575245 
 2633      785F4469 
 2633      7361626C 
 2633      65415644 
 2634              	.LASF54:
 2635 0236 4454434D 		.ascii	"DTCMCR\000"
 2635      435200
 2636              	.LASF173:
 2637 023d 48414C5F 		.ascii	"HAL_PWREx_ClearPendingEvent\000"
 2637      50575245 
 2637      785F436C 
 2637      65617250 
 2637      656E6469 
ARM GAS  C:\Users\nicx5\AppData\Local\Temp\ccXs0mXR.s 			page 50


 2638              	.LASF127:
 2639 0259 50575245 		.ascii	"PWREx_WakeupPinTypeDef\000"
 2639      785F5761 
 2639      6B657570 
 2639      50696E54 
 2639      79706544 
 2640              	.LASF168:
 2641 0270 48414C5F 		.ascii	"HAL_PWREx_EnableFlashPowerDown\000"
 2641      50575245 
 2641      785F456E 
 2641      61626C65 
 2641      466C6173 
 2642              	.LASF8:
 2643 028f 6C6F6E67 		.ascii	"long long int\000"
 2643      206C6F6E 
 2643      6720696E 
 2643      7400
 2644              	.LASF121:
 2645 029d 4156444C 		.ascii	"AVDLevel\000"
 2645      6576656C 
 2645      00
 2646              	.LASF115:
 2647 02a6 646F7562 		.ascii	"double\000"
 2647      6C6500
 2648              	.LASF162:
 2649 02ad 48414C5F 		.ascii	"HAL_PWREx_EnableWakeUpPin\000"
 2649      50575245 
 2649      785F456E 
 2649      61626C65 
 2649      57616B65 
 2650              	.LASF42:
 2651 02c7 49434941 		.ascii	"ICIALLU\000"
 2651      4C4C5500 
 2652              	.LASF131:
 2653 02cf 48414C5F 		.ascii	"HAL_PWREx_EnableAVD\000"
 2653      50575245 
 2653      785F456E 
 2653      61626C65 
 2653      41564400 
 2654              	.LASF134:
 2655 02e3 48414C5F 		.ascii	"HAL_PWREx_GetVBATLevel\000"
 2655      50575245 
 2655      785F4765 
 2655      74564241 
 2655      544C6576 
 2656              	.LASF150:
 2657 02fa 48414C5F 		.ascii	"HAL_PWREx_EnableBkUpReg\000"
 2657      50575245 
 2657      785F456E 
 2657      61626C65 
 2657      426B5570 
 2658              	.LASF6:
 2659 0312 5F5F7569 		.ascii	"__uint32_t\000"
 2659      6E743332 
 2659      5F7400
 2660              	.LASF69:
 2661 031d 46545352 		.ascii	"FTSR2\000"
ARM GAS  C:\Users\nicx5\AppData\Local\Temp\ccXs0mXR.s 			page 51


 2661      3200
 2662              	.LASF129:
 2663 0323 48414C5F 		.ascii	"HAL_PWREx_PVD_AVD_IRQHandler\000"
 2663      50575245 
 2663      785F5056 
 2663      445F4156 
 2663      445F4952 
 2664              	.LASF133:
 2665 0340 72656756 		.ascii	"regValue\000"
 2665      616C7565 
 2665      00
 2666              	.LASF184:
 2667 0349 48414C5F 		.ascii	"HAL_PWREx_ConfigSupply\000"
 2667      50575245 
 2667      785F436F 
 2667      6E666967 
 2667      53757070 
 2668              	.LASF60:
 2669 0360 5343425F 		.ascii	"SCB_Type\000"
 2669      54797065 
 2669      00
 2670              	.LASF135:
 2671 0369 48414C5F 		.ascii	"HAL_PWREx_GetTemperatureLevel\000"
 2671      50575245 
 2671      785F4765 
 2671      7454656D 
 2671      70657261 
 2672              	.LASF26:
 2673 0387 49445F44 		.ascii	"ID_DFR\000"
 2673      465200
 2674              	.LASF149:
 2675 038e 48414C5F 		.ascii	"HAL_PWREx_DisableBkUpReg\000"
 2675      50575245 
 2675      785F4469 
 2675      7361626C 
 2675      65426B55 
 2676              	.LASF48:
 2677 03a7 4443434D 		.ascii	"DCCMVAC\000"
 2677      56414300 
 2678              	.LASF164:
 2679 03af 70696E43 		.ascii	"pinConfig\000"
 2679      6F6E6669 
 2679      6700
 2680              	.LASF186:
 2681 03b9 76616C75 		.ascii	"value\000"
 2681      6500
 2682              	.LASF56:
 2683 03bf 43414352 		.ascii	"CACR\000"
 2683      00
 2684              	.LASF33:
 2685 03c4 43535345 		.ascii	"CSSELR\000"
 2685      4C5200
 2686              	.LASF171:
 2687 03cb 48414C5F 		.ascii	"HAL_PWREx_EnterSTANDBYMode\000"
 2687      50575245 
 2687      785F456E 
 2687      74657253 
ARM GAS  C:\Users\nicx5\AppData\Local\Temp\ccXs0mXR.s 			page 52


 2687      54414E44 
 2688              	.LASF10:
 2689 03e6 756E7369 		.ascii	"unsigned int\000"
 2689      676E6564 
 2689      20696E74 
 2689      00
 2690              	.LASF110:
 2691 03f3 574B5550 		.ascii	"WKUPEPR\000"
 2691      45505200 
 2692              	.LASF119:
 2693 03fb 48414C5F 		.ascii	"HAL_TIMEOUT\000"
 2693      54494D45 
 2693      4F555400 
 2694              	.LASF47:
 2695 0407 4443434D 		.ascii	"DCCMVAU\000"
 2695      56415500 
 2696              	.LASF51:
 2697 040f 44434349 		.ascii	"DCCISW\000"
 2697      535700
 2698              	.LASF106:
 2699 0416 43505543 		.ascii	"CPUCR\000"
 2699      5200
 2700              	.LASF141:
 2701 041c 48414C5F 		.ascii	"HAL_PWREx_EnableBatteryCharging\000"
 2701      50575245 
 2701      785F456E 
 2701      61626C65 
 2701      42617474 
 2702              	.LASF143:
 2703 043c 52657369 		.ascii	"ResistorValue\000"
 2703      73746F72 
 2703      56616C75 
 2703      6500
 2704              	.LASF116:
 2705 044a 48414C5F 		.ascii	"HAL_OK\000"
 2705      4F4B00
 2706              	.LASF178:
 2707 0451 48414C5F 		.ascii	"HAL_PWREx_GetStopModeVoltageRange\000"
 2707      50575245 
 2707      785F4765 
 2707      7453746F 
 2707      704D6F64 
 2708              	.LASF15:
 2709 0473 56544F52 		.ascii	"VTOR\000"
 2709      00
 2710              	.LASF140:
 2711 0478 48414C5F 		.ascii	"HAL_PWREx_ConfigAVD\000"
 2711      50575245 
 2711      785F436F 
 2711      6E666967 
 2711      41564400 
 2712              	.LASF3:
 2713 048c 73686F72 		.ascii	"short unsigned int\000"
 2713      7420756E 
 2713      7369676E 
 2713      65642069 
 2713      6E7400
ARM GAS  C:\Users\nicx5\AppData\Local\Temp\ccXs0mXR.s 			page 53


 2714              	.LASF192:
 2715 049f 474E5520 		.ascii	"GNU C17 13.3.0 -mcpu=cortex-m7 -mthumb -mfpu=fpv5-d"
 2715      43313720 
 2715      31332E33 
 2715      2E30202D 
 2715      6D637075 
 2716 04d2 3136202D 		.ascii	"16 -mfloat-abi=hard -march=armv7e-m+fp.dp -g -gdwar"
 2716      6D666C6F 
 2716      61742D61 
 2716      62693D68 
 2716      61726420 
 2717 0505 662D3220 		.ascii	"f-2 -Os -fdata-sections -ffunction-sections -flto -"
 2717      2D4F7320 
 2717      2D666461 
 2717      74612D73 
 2717      65637469 
 2718 0538 666D6572 		.ascii	"fmerge-constants -fno-unwind-tables -fno-asynchrono"
 2718      67652D63 
 2718      6F6E7374 
 2718      616E7473 
 2718      202D666E 
 2719 056b 75732D75 		.ascii	"us-unwind-tables\000"
 2719      6E77696E 
 2719      642D7461 
 2719      626C6573 
 2719      00
 2720              	.LASF81:
 2721 057c 494D5231 		.ascii	"IMR1\000"
 2721      00
 2722              	.LASF83:
 2723 0581 494D5232 		.ascii	"IMR2\000"
 2723      00
 2724              	.LASF85:
 2725 0586 494D5233 		.ascii	"IMR3\000"
 2725      00
 2726              	.LASF94:
 2727 058b 50575243 		.ascii	"PWRCR\000"
 2727      5200
 2728              	.LASF16:
 2729 0591 41495243 		.ascii	"AIRCR\000"
 2729      5200
 2730              	.LASF21:
 2731 0597 44465352 		.ascii	"DFSR\000"
 2731      00
 2732              	.LASF53:
 2733 059c 4954434D 		.ascii	"ITCMCR\000"
 2733      435200
 2734              	.LASF22:
 2735 05a3 4D4D4641 		.ascii	"MMFAR\000"
 2735      5200
 2736              	.LASF183:
 2737 05a9 48414C5F 		.ascii	"HAL_PWREx_GetSupplyConfig\000"
 2737      50575245 
 2737      785F4765 
 2737      74537570 
 2737      706C7943 
 2738              	.LASF120:
ARM GAS  C:\Users\nicx5\AppData\Local\Temp\ccXs0mXR.s 			page 54


 2739 05c3 48414C5F 		.ascii	"HAL_StatusTypeDef\000"
 2739      53746174 
 2739      75735479 
 2739      70654465 
 2739      6600
 2740              	.LASF142:
 2741 05d5 73436F6E 		.ascii	"sConfigAVD\000"
 2741      66696741 
 2741      564400
 2742              	.LASF59:
 2743 05e0 41424653 		.ascii	"ABFSR\000"
 2743      5200
 2744              	.LASF92:
 2745 05e6 43435652 		.ascii	"CCVR\000"
 2745      00
 2746              	.LASF190:
 2747 05eb 5F5F4453 		.ascii	"__DSB\000"
 2747      4200
 2748              	.LASF177:
 2749 05f1 48414C5F 		.ascii	"HAL_PWR_PVDCallback\000"
 2749      5057525F 
 2749      50564443 
 2749      616C6C62 
 2749      61636B00 
 2750              	.LASF97:
 2751 0605 55523131 		.ascii	"UR11\000"
 2751      00
 2752              	.LASF98:
 2753 060a 55523132 		.ascii	"UR12\000"
 2753      00
 2754              	.LASF32:
 2755 060f 43435349 		.ascii	"CCSIDR\000"
 2755      445200
 2756              	.LASF101:
 2757 0616 55523135 		.ascii	"UR15\000"
 2757      00
 2758              	.LASF102:
 2759 061b 55523136 		.ascii	"UR16\000"
 2759      00
 2760              	.LASF172:
 2761 0620 446F6D61 		.ascii	"Domain\000"
 2761      696E00
 2762              	.LASF103:
 2763 0627 55523137 		.ascii	"UR17\000"
 2763      00
 2764              	.LASF138:
 2765 062c 48414C5F 		.ascii	"HAL_PWREx_EnableMonitoring\000"
 2765      50575245 
 2765      785F456E 
 2765      61626C65 
 2765      4D6F6E69 
 2766              	.LASF163:
 2767 0647 7350696E 		.ascii	"sPinParams\000"
 2767      50617261 
 2767      6D7300
 2768              	.LASF195:
 2769 0652 48414C5F 		.ascii	"HAL_GetTick\000"
ARM GAS  C:\Users\nicx5\AppData\Local\Temp\ccXs0mXR.s 			page 55


 2769      47657454 
 2769      69636B00 
 2770              	.LASF19:
 2771 065e 43465352 		.ascii	"CFSR\000"
 2771      00
 2772              	.LASF123:
 2773 0663 50575245 		.ascii	"PWREx_AVDTypeDef\000"
 2773      785F4156 
 2773      44547970 
 2773      65446566 
 2773      00
 2774              	.LASF27:
 2775 0674 49445F41 		.ascii	"ID_AFR\000"
 2775      465200
 2776              	.LASF109:
 2777 067b 574B5550 		.ascii	"WKUPFR\000"
 2777      465200
 2778              	.LASF55:
 2779 0682 41484250 		.ascii	"AHBPCR\000"
 2779      435200
 2780              	.LASF114:
 2781 0689 666C6F61 		.ascii	"float\000"
 2781      7400
 2782              	.LASF38:
 2783 068f 4D564652 		.ascii	"MVFR0\000"
 2783      3000
 2784              	.LASF39:
 2785 0695 4D564652 		.ascii	"MVFR1\000"
 2785      3100
 2786              	.LASF40:
 2787 069b 4D564652 		.ascii	"MVFR2\000"
 2787      3200
 2788              	.LASF95:
 2789 06a1 504B4752 		.ascii	"PKGR\000"
 2789      00
 2790              	.LASF180:
 2791 06a6 566F6C74 		.ascii	"VoltageScaling\000"
 2791      61676553 
 2791      63616C69 
 2791      6E6700
 2792              	.LASF67:
 2793 06b5 52455345 		.ascii	"RESERVED1\000"
 2793      52564544 
 2793      3100
 2794              	.LASF74:
 2795 06bf 52455345 		.ascii	"RESERVED2\000"
 2795      52564544 
 2795      3200
 2796              	.LASF61:
 2797 06c9 52545352 		.ascii	"RTSR1\000"
 2797      3100
 2798              	.LASF68:
 2799 06cf 52545352 		.ascii	"RTSR2\000"
 2799      3200
 2800              	.LASF75:
 2801 06d5 52545352 		.ascii	"RTSR3\000"
 2801      3300
ARM GAS  C:\Users\nicx5\AppData\Local\Temp\ccXs0mXR.s 			page 56


 2802              	.LASF43:
 2803 06db 52455345 		.ascii	"RESERVED6\000"
 2803      52564544 
 2803      3600
 2804              	.LASF52:
 2805 06e5 52455345 		.ascii	"RESERVED7\000"
 2805      52564544 
 2805      3700
 2806              	.LASF58:
 2807 06ef 52455345 		.ascii	"RESERVED8\000"
 2807      52564544 
 2807      3800
 2808              	.LASF23:
 2809 06f9 42464152 		.ascii	"BFAR\000"
 2809      00
 2810              	.LASF104:
 2811 06fe 53595343 		.ascii	"SYSCFG_TypeDef\000"
 2811      46475F54 
 2811      79706544 
 2811      656600
 2812              	.LASF2:
 2813 070d 756E7369 		.ascii	"unsigned char\000"
 2813      676E6564 
 2813      20636861 
 2813      7200
 2814              	.LASF18:
 2815 071b 53484353 		.ascii	"SHCSR\000"
 2815      5200
 2816              	.LASF50:
 2817 0721 44434349 		.ascii	"DCCIMVAC\000"
 2817      4D564143 
 2817      00
 2818              	.LASF0:
 2819 072a 73686F72 		.ascii	"short int\000"
 2819      7420696E 
 2819      7400
 2820              	.LASF28:
 2821 0734 49445F4D 		.ascii	"ID_MFR\000"
 2821      465200
 2822              	.LASF147:
 2823 073b 7469636B 		.ascii	"tickstart\000"
 2823      73746172 
 2823      7400
 2824              	.LASF148:
 2825 0745 48414C5F 		.ascii	"HAL_PWREx_EnableUSBReg\000"
 2825      50575245 
 2825      785F456E 
 2825      61626C65 
 2825      55534252 
 2826              	.LASF146:
 2827 075c 48414C5F 		.ascii	"HAL_PWREx_DisableUSBReg\000"
 2827      50575245 
 2827      785F4469 
 2827      7361626C 
 2827      65555342 
 2828              	.LASF46:
 2829 0774 44434953 		.ascii	"DCISW\000"
ARM GAS  C:\Users\nicx5\AppData\Local\Temp\ccXs0mXR.s 			page 57


 2829      5700
 2830              	.LASF124:
 2831 077a 57616B65 		.ascii	"WakeUpPin\000"
 2831      55705069 
 2831      6E00
 2832              	.LASF30:
 2833 0784 52455345 		.ascii	"RESERVED0\000"
 2833      52564544 
 2833      3000
 2834              	.LASF169:
 2835 078e 48414C5F 		.ascii	"HAL_PWREx_ConfigD3Domain\000"
 2835      50575245 
 2835      785F436F 
 2835      6E666967 
 2835      4433446F 
 2836              	.LASF88:
 2837 07a7 504D4352 		.ascii	"PMCR\000"
 2837      00
 2838              	.LASF35:
 2839 07ac 52455345 		.ascii	"RESERVED3\000"
 2839      52564544 
 2839      3300
 2840              	.LASF37:
 2841 07b6 52455345 		.ascii	"RESERVED4\000"
 2841      52564544 
 2841      3400
 2842              	.LASF41:
 2843 07c0 52455345 		.ascii	"RESERVED5\000"
 2843      52564544 
 2843      3500
 2844              	.LASF12:
 2845 07ca 75696E74 		.ascii	"uint32_t\000"
 2845      33325F74 
 2845      00
 2846              	.LASF107:
 2847 07d3 44334352 		.ascii	"D3CR\000"
 2847      00
 2848              	.LASF24:
 2849 07d8 41465352 		.ascii	"AFSR\000"
 2849      00
 2850              	.LASF117:
 2851 07dd 48414C5F 		.ascii	"HAL_ERROR\000"
 2851      4552524F 
 2851      5200
 2852              	.LASF65:
 2853 07e7 44335043 		.ascii	"D3PCR1L\000"
 2853      52314C00 
 2854              	.LASF182:
 2855 07ef 48414C5F 		.ascii	"HAL_PWREx_ControlVoltageScaling\000"
 2855      50575245 
 2855      785F436F 
 2855      6E74726F 
 2855      6C566F6C 
 2856              	.LASF112:
 2857 080f 6C6F6E67 		.ascii	"long double\000"
 2857      20646F75 
 2857      626C6500 
ARM GAS  C:\Users\nicx5\AppData\Local\Temp\ccXs0mXR.s 			page 58


 2858              	.LASF113:
 2859 081b 63686172 		.ascii	"char\000"
 2859      00
 2860              	.LASF187:
 2861 0820 5F5F434C 		.ascii	"__CLZ\000"
 2861      5A00
 2862              	.LASF128:
 2863 0826 48414C5F 		.ascii	"HAL_PWREx_AVDCallback\000"
 2863      50575245 
 2863      785F4156 
 2863      4443616C 
 2863      6C626163 
 2864              	.LASF122:
 2865 083c 4D6F6465 		.ascii	"Mode\000"
 2865      00
 2866              	.LASF44:
 2867 0841 4943494D 		.ascii	"ICIMVAU\000"
 2867      56415500 
 2868              	.LASF49:
 2869 0849 44434353 		.ascii	"DCCSW\000"
 2869      5700
 2870              	.LASF179:
 2871 084f 48414C5F 		.ascii	"HAL_PWREx_ControlStopModeVoltageScaling\000"
 2871      50575245 
 2871      785F436F 
 2871      6E74726F 
 2871      6C53746F 
 2872              	.LASF125:
 2873 0877 50696E50 		.ascii	"PinPolarity\000"
 2873      6F6C6172 
 2873      69747900 
 2874              	.LASF45:
 2875 0883 4443494D 		.ascii	"DCIMVAC\000"
 2875      56414300 
 2876              	.LASF96:
 2877 088b 55523130 		.ascii	"UR10\000"
 2877      00
 2878              	.LASF191:
 2879 0890 5F5F4953 		.ascii	"__ISB\000"
 2879      4200
 2880              	.LASF193:
 2881 0896 44726976 		.ascii	"Drivers/STM32H7xx_HAL_Driver/Src/stm32h7xx_hal_pwr_"
 2881      6572732F 
 2881      53544D33 
 2881      32483778 
 2881      785F4841 
 2882 08c9 65782E63 		.ascii	"ex.c\000"
 2882      00
 2883              	.LASF99:
 2884 08ce 55523133 		.ascii	"UR13\000"
 2884      00
 2885              	.LASF100:
 2886 08d3 55523134 		.ascii	"UR14\000"
 2886      00
 2887              	.LASF82:
 2888 08d8 454D5231 		.ascii	"EMR1\000"
 2888      00
ARM GAS  C:\Users\nicx5\AppData\Local\Temp\ccXs0mXR.s 			page 59


 2889              	.LASF84:
 2890 08dd 454D5232 		.ascii	"EMR2\000"
 2890      00
 2891              	.LASF86:
 2892 08e2 454D5233 		.ascii	"EMR3\000"
 2892      00
 2893              	.LASF145:
 2894 08e7 48414C5F 		.ascii	"HAL_PWREx_EnableUSBVoltageDetector\000"
 2894      50575245 
 2894      785F456E 
 2894      61626C65 
 2894      55534256 
 2895              	.LASF175:
 2896 090a 52656775 		.ascii	"Regulator\000"
 2896      6C61746F 
 2896      7200
 2897              	.LASF157:
 2898 0914 48414C5F 		.ascii	"HAL_PWREx_WAKEUP_PIN_IRQHandler\000"
 2898      50575245 
 2898      785F5741 
 2898      4B455550 
 2898      5F50494E 
 2899              	.LASF73:
 2900 0934 44335043 		.ascii	"D3PCR2H\000"
 2900      52324800 
 2901              	.LASF72:
 2902 093c 44335043 		.ascii	"D3PCR2L\000"
 2902      52324C00 
 2903              	.LASF126:
 2904 0944 50696E50 		.ascii	"PinPull\000"
 2904      756C6C00 
 2905              	.LASF14:
 2906 094c 49435352 		.ascii	"ICSR\000"
 2906      00
 2907              	.LASF159:
 2908 0951 57616B65 		.ascii	"WakeUpFlag\000"
 2908      5570466C 
 2908      616700
 2909              	.LASF11:
 2910 095c 75696E74 		.ascii	"uint8_t\000"
 2910      385F7400 
 2911              	.LASF176:
 2912 0964 53544F50 		.ascii	"STOPEntry\000"
 2912      456E7472 
 2912      7900
 2913              	.LASF158:
 2914 096e 48414C5F 		.ascii	"HAL_PWREx_ClearWakeupFlag\000"
 2914      50575245 
 2914      785F436C 
 2914      65617257 
 2914      616B6575 
 2915              	.LASF139:
 2916 0988 48414C5F 		.ascii	"HAL_PWREx_DisableBatteryCharging\000"
 2916      50575245 
 2916      785F4469 
 2916      7361626C 
 2916      65426174 
ARM GAS  C:\Users\nicx5\AppData\Local\Temp\ccXs0mXR.s 			page 60


 2917              	.LASF29:
 2918 09a9 49445F49 		.ascii	"ID_ISAR\000"
 2918      53415200 
 2919              	.LASF181:
 2920 09b1 48414C5F 		.ascii	"HAL_PWREx_GetVoltageRange\000"
 2920      50575245 
 2920      785F4765 
 2920      74566F6C 
 2920      74616765 
 2921              	.LASF160:
 2922 09cb 48414C5F 		.ascii	"HAL_PWREx_GetWakeupFlag\000"
 2922      50575245 
 2922      785F4765 
 2922      7457616B 
 2922      65757046 
 2923              	.LASF64:
 2924 09e3 4433504D 		.ascii	"D3PMR1\000"
 2924      523100
 2925              	.LASF71:
 2926 09ea 4433504D 		.ascii	"D3PMR2\000"
 2926      523200
 2927              	.LASF78:
 2928 09f1 4433504D 		.ascii	"D3PMR3\000"
 2928      523300
 2929              	.LASF90:
 2930 09f8 43464752 		.ascii	"CFGR\000"
 2930      00
 2931              	.LASF93:
 2932 09fd 43434352 		.ascii	"CCCR\000"
 2932      00
 2933              	.LASF87:
 2934 0a02 45585449 		.ascii	"EXTI_TypeDef\000"
 2934      5F547970 
 2934      65446566 
 2934      00
 2935              	.LASF34:
 2936 0a0f 43504143 		.ascii	"CPACR\000"
 2936      5200
 2937              	.LASF20:
 2938 0a15 48465352 		.ascii	"HFSR\000"
 2938      00
 2939              	.LASF105:
 2940 0a1a 43535231 		.ascii	"CSR1\000"
 2940      00
 2941              	.LASF170:
 2942 0a1f 44335374 		.ascii	"D3State\000"
 2942      61746500 
 2943              	.LASF194:
 2944 0a27 453A5C57 		.ascii	"E:\\Works\\STM32\\HBox\000"
 2944      6F726B73 
 2944      5C53544D 
 2944      33325C48 
 2944      426F7800 
 2945              	.LASF189:
 2946 0a3b 72657375 		.ascii	"result\000"
 2946      6C7400
 2947              	.LASF89:
ARM GAS  C:\Users\nicx5\AppData\Local\Temp\ccXs0mXR.s 			page 61


 2948 0a42 45585449 		.ascii	"EXTICR\000"
 2948      435200
 2949              	.LASF66:
 2950 0a49 44335043 		.ascii	"D3PCR1H\000"
 2950      52314800 
 2951              		.text
 2952              		.section	.gnu.lto_.profile.1f2f2586,"e",%progbits
 2953 0000 28B52FFD 		.ascii	"(\265/\375 \0061\000\000\002\000\000\000\000\000"
 2953      20063100 
 2953      00020000 
 2953      000000
 2954              		.text
 2955              		.section	.gnu.lto_.icf.1f2f2586,"e",%progbits
 2956 0000 28B52FFD 		.ascii	"(\265/\375`|\002\335\014\000\024\021p\003\000,\000\252"
 2956      607C02DD 
 2956      0C001411 
 2956      7003002C 
 2956      00AA
 2957 0012 E4B6A101 		.ascii	"\344\266\241\001\014\002\000\002\001\002\001\310\246"
 2957      0C020002 
 2957      010201C8 
 2957      A6
 2958 001f F7E20804 		.ascii	"\367\342\010\004\365\324\207\275\003\012\003\320\232"
 2958      F5D487BD 
 2958      030A03D0 
 2958      9A
 2959 002c BCFB0A01 		.ascii	"\274\373\012\001\004\240\242\251\347\004\036\002\000"
 2959      04A0A2A9 
 2959      E7041E02 
 2959      00
 2960 0039 02030105 		.ascii	"\002\003\001\005\262\210\366\233\007\006\200\327\350"
 2960      B288F69B 
 2960      070680D7 
 2960      E8
 2961 0046 95030407 		.ascii	"\225\003\004\007\374\217\316\303\010\353\311\370\340"
 2961      FC8FCEC3 
 2961      08EBC9F8 
 2961      E0
 2962 0053 040C09CC 		.ascii	"\004\014\011\314\200\251\021\000\012\237\320\271\223"
 2962      80A91100 
 2962      0A9FD0B9 
 2962      93
 2963 0060 0F020BBE 		.ascii	"\017\002\013\276\211\305\344\007\014\227\277\374\224"
 2963      89C5E407 
 2963      0C97BFFC 
 2963      94
 2964 006d 01040D95 		.ascii	"\001\004\015\225\332\376\341\012\016\247\356\201\350"
 2964      DAFEE10A 
 2964      0EA7EE81 
 2964      E8
 2965 007a 090E0200 		.ascii	"\011\016\002\000\002\004\001\005\017\257\252\243\351"
 2965      02040105 
 2965      0FAFAAA3 
 2965      E9
 2966 0087 0910C4C3 		.ascii	"\011\020\304\303\260\220\017\021\244\230\260\234\016"
 2966      B0900F11 
 2966      A498B09C 
ARM GAS  C:\Users\nicx5\AppData\Local\Temp\ccXs0mXR.s 			page 62


 2966      0E
 2967 0094 0612AFD7 		.ascii	"\006\022\257\327\350\305\014\000\023\024\025\026\027"
 2967      E8C50C00 
 2967      13141516 
 2967      17
 2968 00a1 18B48B90 		.ascii	"\030\264\213\220\267\011\026\031\307\275\247\236\011"
 2968      B7091619 
 2968      C7BDA79E 
 2968      09
 2969 00ae 1AE0969B 		.ascii	"\032\340\226\233\257\001\006\033\231\350\266\317\015"
 2969      AF01061B 
 2969      99E8B6CF 
 2969      0D
 2970 00bb 1C90D4F9 		.ascii	"\034\220\324\371\370\003\035\201\226\341\303\001\036"
 2970      F8031D81 
 2970      96E1C301 
 2970      1E
 2971 00c8 BFAA86FC 		.ascii	"\277\252\206\374\037\305\310\317\255\017\004 \371\333"
 2971      1FC5C8CF 
 2971      AD0F0420 
 2971      F9DB
 2972 00d6 C3A80508 		.ascii	"\303\250\005\010!\350\222\321\266\"\354\340\276\237"
 2972      21E892D1 
 2972      B622ECE0 
 2972      BE9F
 2973 00e4 23E5BA8E 		.ascii	"#\345\272\216\361\005$\267\360\347\253\010\002%\253"
 2973      F10524B7 
 2973      F0E7AB08 
 2973      0225AB
 2974 00f3 A69D26A8 		.ascii	"\246\235&\250\206\240\361\006(\006\006'\244\336\225"
 2974      86A0F106 
 2974      28060627 
 2974      A4DE95
 2975 0102 E428C3E1 		.ascii	"\344(\303\341\315\251)*\325\341\347\202\016\005\005"
 2975      CDA9292A 
 2975      D5E1E782 
 2975      0E0505
 2976 0111 2BE7E084 		.ascii	"+\347\340\204O\005\005\002\000\002\001\000H\250\200"
 2976      4F050502 
 2976      00020100 
 2976      48A880
 2977 0120 4E204267 		.ascii	"N Bg\226\003\340\202\231\232\332\006\021\000\225\203"
 2977      9603E082 
 2977      999ADA06 
 2977      11009583 
 2978 0130 D0A93126 		.ascii	"\320\2511&\245\3325\003\200i<\301K\304g\311\035\253"
 2978      A5DA3503 
 2978      80693CC1 
 2978      4BC467C9 
 2978      1DAB
 2979 0142 B3D4C3F0 		.ascii	"\263\324\303\360\377\342\227\302\373,\202\012\213\021"
 2979      FFE297C2 
 2979      FB2C820A 
 2979      8B11
 2980 0150 9B3BB7D4 		.ascii	"\233;\267\324\203\0077\371#\311A\210L\210\367\200\306"
 2980      830737F9 
 2980      23C94188 
ARM GAS  C:\Users\nicx5\AppData\Local\Temp\ccXs0mXR.s 			page 63


 2980      4C88F780 
 2980      C6
 2981 0161 C4ECA351 		.ascii	"\304\354\243Q\276\027\0261>\365\035E\300$\012.Q\202"
 2981      BE171631 
 2981      3EF51D45 
 2981      C0240A2E 
 2981      5182
 2982 0173 62197D76 		.ascii	"b\031}v\214\275>\024\315\367VB\227\022\365\360cl\263"
 2982      8CBD3E14 
 2982      CDF75642 
 2982      9712F5F0 
 2982      636CB3
 2983 0186 7F802435 		.ascii	"\177\200$5\037\367\330\201\003\321\025Y\346!\356\375"
 2983      1FF7D881 
 2983      03D11559 
 2983      E621EEFD 
 2984 0196 441A03F0 		.ascii	"D\032\003\3602\330\244\272\220\034\012{\312\325\012"
 2984      32D8A4BA 
 2984      901C0A7B 
 2984      CAD50A
 2985              		.text
 2986              		.section	.gnu.lto_.ipa_sra.1f2f2586,"e",%progbits
 2987 0000 28B52FFD 		.ascii	"(\265/\375`5\000\225\004\000B\210\023\014\020\310\324"
 2987      60350095 
 2987      04004288 
 2987      130C10C8 
 2987      D4
 2988 0011 62507FAC 		.ascii	"bP\177\254\252\323D)\005\356\256(\264\325\202\366c{"
 2988      AAD34429 
 2988      05EEAE28 
 2988      B4D582F6 
 2988      637B
 2989 0023 CECEC9D9 		.ascii	"\316\316\311\331\315j63f/k\251P&\222\310B\366\261\216"
 2989      CD6A3633 
 2989      662F6BA9 
 2989      502692C8 
 2989      42F6B18E 
 2990 0037 6D2C6317 		.ascii	"m,c\027\253H\034\342\0035\255\227\232d\267a\013K\021"
 2990      AB481CE2 
 2990      0335AD97 
 2990      9A64B761 
 2990      0B4B11
 2991 004a 76B082F5 		.ascii	"v\260\202\365\377\246S\012\234\200u\336\331\276#\257"
 2991      FFA6530A 
 2991      9C8075DE 
 2991      D9BE23AF 
 2992 005a 021C0060 		.ascii	"\002\034\000`\004\226,\0005&C\026\304\202\301\300\020"
 2992      04962C00 
 2992      35264316 
 2992      C482C1C0 
 2992      10
 2993 006b D5389D19 		.ascii	"\3258\235\031\214\205\2109\302\300`\225\303Vc\020S9"
 2993      8C858839 
 2993      C2C06095 
 2993      C3566310 
 2993      5339
 2994 007d 833D308C 		.ascii	"\203=0\214J\000,\303\315\234\251y\027\310/\347\310\034"
ARM GAS  C:\Users\nicx5\AppData\Local\Temp\ccXs0mXR.s 			page 64


 2994      4A002CC3 
 2994      CD9CA979 
 2994      17C82FE7 
 2994      C81C
 2995 008f 0931977A 		.ascii	"\0111\227z\332mi\032\246\300\005\030\002"
 2995      DA6D691A 
 2995      A6C00518 
 2995      02
 2996              		.text
 2997              		.section	.gnu.lto_.inline.1f2f2586,"e",%progbits
 2998 0000 28B52FFD 		.ascii	"(\265/\375``\010\375\027\000\326_pG\340\322&\215\001"
 2998      606008FD 
 2998      1700D65F 
 2998      7047E0D2 
 2998      268D01
 2999 0013 2156E5B9 		.ascii	"!V\345\271\275\025\347\354\373\262+\222\255\222%*\260"
 2999      BD15E7EC 
 2999      FBB22B92 
 2999      AD92252A 
 2999      B0
 3000 0024 8ADC4ACF 		.ascii	"\212\334J\317O\313x \327\227u3\3220\242\267<\324\244"
 3000      4FCB7820 
 3000      D7977533 
 3000      D230A2B7 
 3000      3CD4A4
 3001 0037 B1EB6128 		.ascii	"\261\353a(B!\210\3151\314S\347\022\255\021\232#\340"
 3001      422188CD 
 3001      31CC53E7 
 3001      12AD119A 
 3001      23E0
 3002 0049 59DF4415 		.ascii	"Y\337D\025\306\232m\333\226l\271SS\000_\000a\000:E\224"
 3002      C69A6DDB 
 3002      966CB953 
 3002      53005F00 
 3002      61003A45 
 3003 005e 5E31A7DC 		.ascii	"^1\247\334\351\270\322U\216\374\231x\033qds\251Q\236"
 3003      E9B8D255 
 3003      8EFC9978 
 3003      1B716473 
 3003      A9519E
 3004 0071 4F030D95 		.ascii	"O\003\015\225\365\227E\251\017e\324\006\2719\011\252"
 3004      F59745A9 
 3004      0F65D406 
 3004      B93909AA 
 3005 0081 E3A7C8A6 		.ascii	"\343\247\310\246\317'LoLH\036\364nn]e\362g\312cwON\377"
 3005      CF274C6F 
 3005      4C481EF4 
 3005      6E6E5D65 
 3005      F267CA63 
 3006 0099 542804A7 		.ascii	"T(\004\247\332\374\020R\220Si\307\341\214\356\356\266"
 3006      DAFC1052 
 3006      905369C7 
 3006      E18CEEEE 
 3006      B6
 3007 00aa 1EE65484 		.ascii	"\036\346T\204\237\2063M\332\341p\324Z\025SYL\015\341"
 3007      9F86334D 
 3007      DAE170D4 
ARM GAS  C:\Users\nicx5\AppData\Local\Temp\ccXs0mXR.s 			page 65


 3007      5A155359 
 3007      4C0DE1
 3008 00bd 83DDB383 		.ascii	"\203\335\263\203i\315\207\304'\237\336\323\203\305\246"
 3008      69CD87C4 
 3008      279FDED3 
 3008      83C5A6
 3009 00cc A5DB927C 		.ascii	"\245\333\222|\276\236\261\033\356\227$\242I\245\351"
 3009      BE9EB11B 
 3009      EE9724A2 
 3009      49A5E9
 3010 00db C9E48992 		.ascii	"\311\344\211\222\231\021\265<=\007\347,\342p1\304\242"
 3010      9911B53C 
 3010      3D07E72C 
 3010      E27031C4 
 3010      A2
 3011 00ec 452682D8 		.ascii	"E&\202\330\035<0w\307\342\317\255G\210\216|\032\315"
 3011      1D3C3077 
 3011      C7E2CFAD 
 3011      47888E7C 
 3011      1ACD
 3012 00fe 60149484 		.ascii	"`\024\224\204R8\004Qj3M\242&\350\027/\204z\\z\217\017"
 3012      52380451 
 3012      6A334DA2 
 3012      26E8172F 
 3012      847A5C7A 
 3013 0114 4853C92A 		.ascii	"HS\311*\273c\003\010h\245E\210\0302\\\247\250n\2246"
 3013      BB630308 
 3013      68A54588 
 3013      18325CA7 
 3013      A86E9436 
 3014 0128 5C4011A3 		.ascii	"\\@\021\243\023\231\221\223\203e\024\001'\001\\&\277"
 3014      13999193 
 3014      83651401 
 3014      27015C26 
 3014      BF
 3015 0139 B6224BEF 		.ascii	"\266\"K\357\260\273\252K\272\370\220\244\353\326\371"
 3015      B0BBAA4B 
 3015      BAF890A4 
 3015      EBD6F9
 3016 0148 E48EC5B8 		.ascii	"\344\216\305\270r+\014n\320\356>\230\277\242\027#\215"
 3016      722B0C6E 
 3016      D0EE3E98 
 3016      BFA21723 
 3016      8D
 3017 0159 06B120A2 		.ascii	"\006\261 \242F\314,\000#\253U\262h\333\305aUx\"\242"
 3017      46CC2C00 
 3017      23AB55B2 
 3017      68DBC561 
 3017      557822A2 
 3018 016d 031BD57C 		.ascii	"\003\033\325|J\270\0101!}@\271\201\016\371)Jq\342\343"
 3018      4AB80831 
 3018      217D40B9 
 3018      810EF929 
 3018      4A71E2E3 
 3019 0181 460D03C9 		.ascii	"F\015\003\311\014\026\274(\360\366\272\273\371\214\341"
 3019      0C16BC28 
 3019      F0F6BABB 
ARM GAS  C:\Users\nicx5\AppData\Local\Temp\ccXs0mXR.s 			page 66


 3019      F98CE1
 3020 0190 C8E13E8B 		.ascii	"\310\341>\213\337\356\246\254p\327\327k\306S)\234P\005"
 3020      DFEEA6AC 
 3020      70D7D76B 
 3020      C653299C 
 3020      5005
 3021 01a2 E476E18B 		.ascii	"\344v\341\213<\2452\350\305\341\213L\251\315\322\304"
 3021      3CA532E8 
 3021      C5E18B4C 
 3021      A9CDD2C4 
 3022 01b2 EE3AD825 		.ascii	"\356:\330%\201\216\304\037@'`\244Fp\240\305\200\307"
 3022      818EC41F 
 3022      402760A4 
 3022      4670A0C5 
 3022      80C7
 3023 01c4 5280C0CA 		.ascii	"R\200\300\312\200\232\374\032\345\011\200\225\250\301"
 3023      809AFC1A 
 3023      E5098095 
 3023      A8C1
 3024 01d2 60E58C88 		.ascii	"`\345\214\210I\222\224\244\320\001\240\"\032\232b\007"
 3024      499294A4 
 3024      D001A022 
 3024      1A9A6207 
 3025 01e2 12804429 		.ascii	"\022\200D)\206bJ`\220\200 &\"\201\304H$1\2749\230*\346"
 3025      86624A60 
 3025      90802026 
 3025      2281C448 
 3025      2431BC39 
 3026 01f9 9A333500 		.ascii	"\23235\000(LR\261\020Hr\213\326$\244\344\362\374\326"
 3026      284C52B1 
 3026      1048728B 
 3026      D624A4E4 
 3026      F2FCD6
 3027 020c 2BD70A11 		.ascii	"+\327\012\021\325\210g\225\241{T\2716\246\312D\016I"
 3027      D5886795 
 3027      A17B54B9 
 3027      36A6CA44 
 3027      0E49
 3028 021e E69947E6 		.ascii	"\346\231G\346\220x&D:\032\022\262\274D\032\302\201d"
 3028      90782644 
 3028      3A1A12B2 
 3028      BC441AC2 
 3028      8164
 3029 0230 31C9B3E0 		.ascii	"1\311\263\340(@E\000\007\330`\212\226a20\335\022\357"
 3029      28404500 
 3029      07D8608A 
 3029      96613230 
 3029      DD12EF
 3030 0243 A7AE3750 		.ascii	"\247\2567P\365\313i\236\222?7BJXf\227\240DB\021Gu\364"
 3030      F5CB699E 
 3030      923F3742 
 3030      4A586697 
 3030      A0444211 
 3031 025a 9C1B2EDF 		.ascii	"\234\033.\337\252\345l\266 y?\352\264\201\023\374\352"
 3031      AAE56CB6 
 3031      20793FEA 
 3031      B48113FC 
ARM GAS  C:\Users\nicx5\AppData\Local\Temp\ccXs0mXR.s 			page 67


 3031      EA
 3032 026b 97DBDEE9 		.ascii	"\227\333\336\351h\031\001\313\331\340\023\315\177\274"
 3032      681901CB 
 3032      D9E013CD 
 3032      7FBC
 3033 0279 B906499F 		.ascii	"\271\006I\237\332[@\251$~\007\177{Z\022E\"\361\204]"
 3033      DA5B40A9 
 3033      247E077F 
 3033      7B5A1245 
 3033      22F1845D 
 3034 028d 41274689 		.ascii	"A'F\211p\320\024\263\347\007:\216\036\231Z`\014\233"
 3034      70D014B3 
 3034      E7073A8E 
 3034      1E995A60 
 3034      0C9B
 3035 029f 3F9C2803 		.ascii	"?\234(\003\023\006J\327 \325b?\371C\325\332-\230\312"
 3035      13064AD7 
 3035      20D5623F 
 3035      F943D5DA 
 3035      2D98CA
 3036 02b2 2E2C4B2C 		.ascii	".,K,\265\376\265\242p\373s@G\333@\357'\305O\357\322"
 3036      B5FEB5A2 
 3036      70FB7340 
 3036      47DB40EF 
 3036      27C54FEF 
 3037 02c7 BA0E331D 		.ascii	"\272\0163\035\306r\322\007\003\217\230\271F\306h\362"
 3037      C672D207 
 3037      038F98B9 
 3037      46C668F2 
 3038 02d7 92E3B3F5 		.ascii	"\222\343\263\365\223H\020\027\0200\205\255\325\235\332"
 3038      93481017 
 3038      103085AD 
 3038      D59DDA
 3039 02e6 45FC1B6D 		.ascii	"E\374\033m\024=y\271\306\3732\265\217B\341\321#\305"
 3039      143D79B9 
 3039      C6FB32B5 
 3039      8F42E1D1 
 3039      23C5
 3040 02f8 1C0B9127 		.ascii	"\034\013\221'd`z\2516\312\021N\243V8\300\003"
 3040      64607AA9 
 3040      36CA114E 
 3040      A35638C0 
 3040      03
 3041              		.text
 3042              		.section	.gnu.lto_.jmpfuncs.1f2f2586,"e",%progbits
 3043 0000 28B52FFD 		.ascii	"(\265/\375`>\000E\005\000\362\211\035'\200K\322\032"
 3043      603E0045 
 3043      0500F289 
 3043      1D27804B 
 3043      D21A
 3044 0012 3330036B 		.ascii	"30\003k'#2\00270\0033\202\314Nl\333\266m\333\266m\333"
 3044      27233202 
 3044      37300333 
 3044      82CC4E6C 
 3044      DBB66DDB 
 3045 0029 B66D4DC3 		.ascii	"\266mM\303\3216\262I\333[\312\024\037\344\037{\3341"
 3045      D136B249 
ARM GAS  C:\Users\nicx5\AppData\Local\Temp\ccXs0mXR.s 			page 68


 3045      DB5BCA14 
 3045      1FE41F7B 
 3045      DC31
 3046 003b 87B2B1C6 		.ascii	"\207\262\261\306\031c|\261E\305\024OHD@<t\270a\206\027"
 3046      19637CB1 
 3046      45C5144F 
 3046      4844403C 
 3046      74B86186 
 3047 0050 56386184 		.ascii	"V8a\204\017\014\012\230\314Z\353\320=f\004\017,\020"
 3047      0F0C0A98 
 3047      CC5AEBD0 
 3047      3D66040F 
 3047      2C10
 3048 0062 10E0495B 		.ascii	"\020\340I[\206\232\206\032\333\024\272tj9K\247F\314"
 3048      869A861A 
 3048      DB14BA74 
 3048      6A394BA7 
 3048      46CC
 3049 0074 EC2C2765 		.ascii	"\354,'e\011\372\234n[N\035\263!M$\024\000d&\326\020"
 3049      09FA9C6E 
 3049      5B4E1DB3 
 3049      214D2414 
 3049      006426D6 
 3050 0089 C6401C08 		.ascii	"\306@\034\010\006B\200\300\250\030\177&\0040D5n\013"
 3050      064280C0 
 3050      A8187F26 
 3050      04304435 
 3050      6E0B
 3051 009b 0303CDF3 		.ascii	"\003\003\315\363B\025\325\012\306\207j\274\231C\270"
 3051      4215D50A 
 3051      C6876ABC 
 3051      9943B8
 3052 00aa 005EC8B4 		.ascii	"\000^\310\264\334T\200!"
 3052      DC548021 
 3053              		.text
 3054              		.section	.gnu.lto_.pureconst.1f2f2586,"e",%progbits
 3055 0000 28B52FFD 		.ascii	"(\265/\375 \211M\003\000\222H\031 `W\032\0030\014W\302"
 3055      20894D03 
 3055      00924819 
 3055      2060571A 
 3055      03300C57 
 3056 0015 61240882 		.ascii	"a$\010\202 \010\202`\272\036Jz(\351\241\244\207\222"
 3056      20088260 
 3056      BA1E4A7A 
 3056      28E9A1A4 
 3056      8792
 3057 0027 1EA13522 		.ascii	"\036\2415\"\331\001~r\223Wr\222\217\\\344!\007\371\307"
 3057      D9017E72 
 3057      93577292 
 3057      8F5CE421 
 3057      07F9C7
 3058 003a 3DDE718E 		.ascii	"=\336q\216o\\\343\031\307\370\305-^q\2127\361$^\304"
 3058      6F5CE319 
 3058      C7F8C52D 
 3058      5E718A37 
 3058      F1245EC4 
 3059 004e 83780FCF 		.ascii	"\203x\017\317\341\015g\370\2025\205'\034\341\007\326"
ARM GAS  C:\Users\nicx5\AppData\Local\Temp\ccXs0mXR.s 			page 69


 3059      E10D67F8 
 3059      82358527 
 3059      1CE107D6 
 3060 005e 0CAC159C 		.ascii	"\014\254\025\234\340\003\0278s=\340\000\257X[\250\265"
 3060      E0031738 
 3060      733DE000 
 3060      AF585BA8 
 3060      B5
 3061 006f 562A00   		.ascii	"V*\000"
 3062              		.text
 3063              		.section	.gnu.lto_.ipa_modref.1f2f2586,"e",%progbits
 3064 0000 28B52FFD 		.ascii	"(\265/\375`\026\003\245\007\000b\210\033$pk\322\001"
 3064      601603A5 
 3064      07006288 
 3064      1B24706B 
 3064      D201
 3065 0012 FC7F66FF 		.ascii	"\374\177f\377\377\377\377\377\377\377\377\377\277\312"
 3065      FFFFFFFF 
 3065      FFFFFFFF 
 3065      BFCA
 3066 0020 F5FF7F5F 		.ascii	"\365\377\177_\377\377\377\357\353\277\221\265Z\254B"
 3066      FFFFFFEF 
 3066      EBBF91B5 
 3066      5AAC42
 3067 002f DB2D5337 		.ascii	"\333-S7\254\363\333h2\3054Nu\351[\372\025\312DrE \017"
 3067      ACF3DB68 
 3067      32C5344E 
 3067      75E95BFA 
 3067      15CA4472 
 3068 0046 47A38C45 		.ascii	"G\243\214E\025'F|\330\332p\241\023\372P\306A\325\332"
 3068      1527467C 
 3068      D8DA70A1 
 3068      13FA50C6 
 3068      41D5DA
 3069 0059 DDB9A0E3 		.ascii	"\335\271\240\343\324=\277\305FMR\324\177\004}\250\375"
 3069      D43DBFC5 
 3069      464D52D4 
 3069      7F047DA8 
 3069      FD
 3070 006a 40A7BBFE 		.ascii	"@\247\273\376s\245t<:\262\317\371\31586 \012H\250\200"
 3070      73A5743C 
 3070      3AB2CFF9 
 3070      CD383620 
 3070      0A48A880 
 3071 007e 146E0AD9 		.ascii	"\024n\012\3318\340\"*)\352\021`\014c8\"\031\031\025"
 3071      38E0222A 
 3071      29EA1160 
 3071      0C633822 
 3071      191915
 3072 0091 4920B907 		.ascii	"I \271\007\305r\347\345\250\202\012\223(\276\010\020"
 3072      C572E7E5 
 3072      A8820A93 
 3072      28BE0810 
 3073 00a1 1CBACDE1 		.ascii	"\034\272\315\341\231\206{\013\362\225\330q\020\315\035"
 3073      99867B0B 
 3073      F295D871 
 3073      10CD1D
ARM GAS  C:\Users\nicx5\AppData\Local\Temp\ccXs0mXR.s 			page 70


 3074 00b0 F6FFD707 		.ascii	"\366\377\327\007\241Oz)\033\327\313\322\354\233\377"
 3074      A14F7A29 
 3074      1BD7CBD2 
 3074      EC9BFF
 3075 00bf 3CC7ABC0 		.ascii	"<\307\253\300'\240\031\345>3w\260\3439\013\270\277\350"
 3075      27A019E5 
 3075      3E3377B0 
 3075      E3390BB8 
 3075      BFE8
 3076 00d1 35308D99 		.ascii	"50\215\231[}0\031{\330v9Gb\332\272!Wv\356\327\334+\364"
 3076      5B7D3019 
 3076      7BD87639 
 3076      4762DABA 
 3076      215776EE 
 3077 00e9 55A85946 		.ascii	"U\250YFWE&N\366\"|\264\015\352\251d\347 \221\207\002"
 3077      5745264E 
 3077      F6227CB4 
 3077      0DEAA964 
 3077      E7209187 
 3078              		.text
 3079              		.section	.gnu.lto_.lto.1f2f2586,"e",%progbits
 3080 0000 0D000100 		.ascii	"\015\000\001\000\001\000\001\000"
 3080      01000100 
 3081              		.text
 3082              		.section	.gnu.lto_HAL_PWREx_ConfigSupply.335.1f2f2586,"e",%progbits
 3083 0000 28B52FFD 		.ascii	"(\265/\375`\203\003e\031\000\226\256\247G\220\234M:"
 3083      60830365 
 3083      190096AE 
 3083      A747909C 
 3083      4D3A
 3084 0012 40043201 		.ascii	"@\0042\001`Hh\323\007\005\351=JS\033@\212\030\037\030"
 3084      604868D3 
 3084      0705E93D 
 3084      4A531B40 
 3084      8A181F18 
 3085 0026 261D998B 		.ascii	"&\035\231\213\251\273X\241\203\003\267(t\365\265X\204"
 3085      A9BB58A1 
 3085      8303B728 
 3085      74F5B558 
 3085      84
 3086 0037 B8F50BA2 		.ascii	"\270\365\013\242\265?c\300o)J\240L\330\374Ld\2225\324"
 3086      B53F63C0 
 3086      6F294AA0 
 3086      4CD8FC4C 
 3086      649235D4 
 3087 004b 3062776B 		.ascii	"0bwkd\023\"wJ\001\225\000\207\000\221\000w\"\365'Q\366"
 3087      64132277 
 3087      4A019500 
 3087      87009100 
 3087      7722F527 
 3088 0061 A9754E17 		.ascii	"\251uN\027-\265\016\0378\204\354\344\317o\364\344\370"
 3088      2DB50E1F 
 3088      3884ECE4 
 3088      CF6FF4E4 
 3088      F8
 3089 0072 01F464D0 		.ascii	"\001\364d\320\004)\357\014T\361\2067.bY]c\265\016\201"
 3089      0429EF0C 
ARM GAS  C:\Users\nicx5\AppData\Local\Temp\ccXs0mXR.s 			page 71


 3089      54F18637 
 3089      2E62595D 
 3089      63B50E81 
 3090 0086 56CBE5DC 		.ascii	"V\313\345\334}&+i\224\034w\356|\232/\306g2\233\217J"
 3090      7D262B69 
 3090      941C77EE 
 3090      7C9A2FC6 
 3090      67329B8F 
 3091 009b C62C6559 		.ascii	"\306,eY\247\215\030\2400\371\035\354j\307\270D*_\364"
 3091      A78D18A0 
 3091      30F91DEC 
 3091      6AC7B844 
 3091      2A5FF4
 3092 00ae C2CBCC2C 		.ascii	"\302\313\314,\371\352\371\262N~J\307\307\3616&\310\032"
 3092      F9EAF9B2 
 3092      4E7E4AC7 
 3092      C7F13626 
 3092      C81A
 3093 00c0 9B8F6A64 		.ascii	"\233\217jd\320\343\013\326\223\\\345\230;\336l\030\351"
 3093      D0E30BD6 
 3093      935CE598 
 3093      3BDE6C18 
 3093      E9
 3094 00d1 D97C5523 		.ascii	"\331|U#\2037[\342\\\370I\303\307\233\263\324Pk\365\354"
 3094      83375BE2 
 3094      5CF849C3 
 3094      C79BB3D4 
 3094      506BF5EC 
 3095 00e5 F96EDCB5 		.ascii	"\371n\334\265\333^b\333\312\336\241\265\002\241\340"
 3095      DB5E62DB 
 3095      CADEA1B5 
 3095      02A1E0
 3096 00f4 4739D149 		.ascii	"G9\321I\246u\222\034\316\270\252\177\372\023=\371-\177"
 3096      A675921C 
 3096      CEB8AA7F 
 3096      FA133DF9 
 3096      2D7F
 3097 0106 41E2F2EC 		.ascii	"A\342\362\354\240\310\202\261\013?\200\010\033\260:"
 3097      A0C882B1 
 3097      0B3F8008 
 3097      1BB03A
 3098 0115 8B1EC698 		.ascii	"\213\036\306\230\013\364?\244N\327\014\357\317~\360"
 3098      0BF43FA4 
 3098      4ED70CEF 
 3098      CF7EF0
 3099 0124 BEFDC9EF 		.ascii	"\276\375\311\357\343i\333N\367\3544\317N\327v\232\266"
 3099      E369DB4E 
 3099      F7EC34CF 
 3099      4ED7769A 
 3099      B6
 3100 0135 D3B39D2E 		.ascii	"\323\263\235.w\232\356\364\270\323\273\323s\247_\200"
 3100      779AEEF4 
 3100      B8D3BBD3 
 3100      73A75F80 
 3101 0145 B473052B 		.ascii	"\264s\005+C\226Z}\024\307\252\030\322\353\310\203\277"
 3101      43965A7D 
 3101      14C7AA18 
ARM GAS  C:\Users\nicx5\AppData\Local\Temp\ccXs0mXR.s 			page 72


 3101      D2EBC883 
 3101      BF
 3102 0156 2DE50B5D 		.ascii	"-\345\013]C\000\207\204\035\214\0120\365CA\015\034q"
 3102      43008784 
 3102      1D8C0A30 
 3102      F543410D 
 3102      1C71
 3103 0168 DED43A6C 		.ascii	"\336\324:lp\3220d\010\302H\314i\277IB\276h\373\013{"
 3103      70D23064 
 3103      08C248CC 
 3103      69BF4942 
 3103      BE68FB0B 
 3104 017d 14AD81B9 		.ascii	"\024\255\201\271-mk\273\200\207\014$\274\345\321V\211"
 3104      2D6D6BBB 
 3104      80870C24 
 3104      BCE5D156 
 3104      89
 3105 018e DCB2B364 		.ascii	"\334\262\263d\324\020\255\320\335\202s\333\007\3773"
 3105      D410ADD0 
 3105      DD8273DB 
 3105      07FF33
 3106 019d 358BA64D 		.ascii	"5\213\246M\233\305\322|\357\266R?x[\345\007a\263\305"
 3106      9BC5D27C 
 3106      EFB6523F 
 3106      785BE507 
 3106      61B3C5
 3107 01b0 F29E98CF 		.ascii	"\362\236\230\317\226;\333[a\001(\026\213c\307Q\272\345"
 3107      963BDB5B 
 3107      61012816 
 3107      8B63C751 
 3107      BAE5
 3108 01c2 DE0ADDD9 		.ascii	"\336\012\335\331nA\241\000\346\005H\376\216B\247\210"
 3108      6E41A100 
 3108      E60548FE 
 3108      8E42A788 
 3109 01d2 655CA0CF 		.ascii	"e\\\240\317\216{\"W\232\3628\272;.\251\204\312n\002"
 3109      8E7B2257 
 3109      9AF238BA 
 3109      3B2EA984 
 3109      CA6E02
 3110 01e5 526B8CDD 		.ascii	"Rk\214\335\350p\023f\027h\037G\347\006q\241\241\232"
 3110      E8701366 
 3110      17681F47 
 3110      E70671A1 
 3110      A19A
 3111 01f7 773C1E47 		.ascii	"w<\036G\277so\225\203\267<\333-\316\245\223\005M\271"
 3111      BF736F95 
 3111      83B73CDB 
 3111      2DCEA593 
 3111      054DB9
 3112 020a 124D3A15 		.ascii	"\022M:\025HJM3\017\2350\021A\310\204\204!\010?IH9\247"
 3112      484A4D33 
 3112      0F9D3011 
 3112      41C88484 
 3112      21083F49 
 3113 0221 A5A2172B 		.ascii	"\245\242\027+\230\230\234\212x\214\004\001*\351(\367"
 3113      98989C8A 
ARM GAS  C:\Users\nicx5\AppData\Local\Temp\ccXs0mXR.s 			page 73


 3113      788C0401 
 3113      2AE928F7 
 3114 0231 C474B4A2 		.ascii	"\304t\264\242\004\012\024AB,\232t@H\271\"\240\243\017"
 3114      040A1441 
 3114      422C9A74 
 3114      4048B922 
 3114      A0A30F
 3115 0244 1B888EA0 		.ascii	"\033\210\216\240\240*\020\001\351rI.\224r\035,\030j"
 3115      A02A1001 
 3115      E972492E 
 3115      94721D2C 
 3115      186A
 3116 0256 89039151 		.ascii	"\211\003\221Q\220\020\010\021EF:\025\271\245\021F\027"
 3116      90100811 
 3116      45463A15 
 3116      B9A51146 
 3116      17
 3117 0267 3C10F0F7 		.ascii	"<\020\360\367\347\231f\312\350\357\350\205\027 v\246"
 3117      E79966CA 
 3117      E8EFE885 
 3117      172076A6 
 3118 0277 8DECDF51 		.ascii	"\215\354\337Q\333\332\260m[k\230Z+\032\2632\265+([\240"
 3118      DBDAB06D 
 3118      5B6B985A 
 3118      2B1AB332 
 3118      B52B285B 
 3119 028c 94F72CF5 		.ascii	"\224\367,\365\342B\343a=\216\362l\217\322\275x\366\300"
 3119      E242E361 
 3119      3D8EF26C 
 3119      8FD2BD78 
 3119      F6C0
 3120 029e 2FC5969C 		.ascii	"/\305\226\234\261\326Z\313\005\376[\205G: `\002\231"
 3120      B1D65ACB 
 3120      05FE5B85 
 3120      473A2060 
 3120      0299
 3121 02b0 31A50723 		.ascii	"1\245\007#\321\301\037f\376\310\357\313\215v5\212Ad"
 3121      D1C11F66 
 3121      FEC8EFCB 
 3121      8D76358A 
 3121      4164
 3122 02c2 84B4ACE6 		.ascii	"\204\264\254\346\015\333\360\223\341\264v\033\267Sb"
 3122      0DDBF093 
 3122      E1B4761B 
 3122      B75362
 3123 02d1 31D83F09 		.ascii	"1\330?\011\2312\017!\320\035~;x\333\360+\007\225Q\321"
 3123      99320F21 
 3123      D01D7E3B 
 3123      78DBF02B 
 3123      079551D1 
 3124 02e5 391A1A59 		.ascii	"9\032\032Y\331\220\344J`\231\371\365\302l$u\204#\245"
 3124      D990E44A 
 3124      6099F9F5 
 3124      C26C2475 
 3124      8423A5
 3125 02f8 57367AC7 		.ascii	"W6z\307\265-\276\335,:R\360\320A\250.\212\302'\321\261"
 3125      B52DBEDD 
ARM GAS  C:\Users\nicx5\AppData\Local\Temp\ccXs0mXR.s 			page 74


 3125      2C3A52F0 
 3125      D041A82E 
 3125      8AC227D1 
 3126 030d 3196E230 		.ascii	"1\226\3420G{\260\301\263\202\235O\311\016.t \302\315"
 3126      477BB0C1 
 3126      B3829D4F 
 3126      C90E2E74 
 3126      20C2CD
 3127 0320 1638DB9B 		.ascii	"\0268\333\233\206\202\221\314r\201\33114Av\002IK\344"
 3127      868291CC 
 3127      7281D931 
 3127      34417602 
 3127      494BE4
 3128 0333 62CB0C   		.ascii	"b\313\014"
 3129              		.text
 3130              		.section	.gnu.lto_HAL_PWREx_GetSupplyConfig.336.1f2f2586,"e",%progbits
 3131 0000 28B52FFD 		.ascii	"(\265/\375`F\000U\011\000\346\220A;0\221\322\001\200"
 3131      60460055 
 3131      0900E690 
 3131      413B3091 
 3131      D20180
 3132 0013 0C065A99 		.ascii	"\014\006Z\231\3500\327h\306\037+\312o-\354a\315\315"
 3132      E830D768 
 3132      C61F2BCA 
 3132      6F2DEC61 
 3132      CDCD
 3133 0025 CAD187C3 		.ascii	"\312\321\207\303b\007E\324\012P\333\250\255\006Af\341"
 3133      620745D4 
 3133      0A50DBA8 
 3133      AD064166 
 3133      E1
 3134 0036 5C01A3A5 		.ascii	"\\\001\243\245\272\277\202\330!\003\213\265\270m{\023"
 3134      BABF82D8 
 3134      21038BB5 
 3134      B86D7B13 
 3135 0046 B9650A2E 		.ascii	"\271e\012.\000/\000/\000*0\024\035[w\331\031,A]\312"
 3135      002F002F 
 3135      002A3014 
 3135      1D5B77D9 
 3135      192C415D 
 3136 005b AD405DCA 		.ascii	"\255@]\312\262\035w\216\337\255Y\200\030\036\031\327"
 3136      B21D778E 
 3136      DFAD5980 
 3136      181E19D7 
 3137 006b 8BB5F3E3 		.ascii	"\213\265\363\343\320\335\237\256\027l\317\373\037\341"
 3137      D0DD9FAE 
 3137      176CCFFB 
 3137      1FE1
 3138 0079 7FC57F5A 		.ascii	"\177\305\177Z8L>\344\322\363\366\2225\371\345\3135\307"
 3138      384C3EE4 
 3138      D2F3F692 
 3138      35F9E5CB 
 3138      35C7
 3139 008b FECFF39C 		.ascii	"\376\317\363\234_\256\346\224\234\034\354t\257\334l"
 3139      5FAEE694 
 3139      9C1CEC74 
 3139      AFDC6C
ARM GAS  C:\Users\nicx5\AppData\Local\Temp\ccXs0mXR.s 			page 75


 3140 009a 5DA33D30 		.ascii	"]\243=0\377W\177\300wfiV\037\275\021\262\026\012e/\327"
 3140      FF577FC0 
 3140      77666956 
 3140      1FBD11B2 
 3140      160A652F 
 3141 00af 1C63AE2C 		.ascii	"\034c\256,\"\334\372g\307\272\314Li\255\024\222\311"
 3141      22DCFA67 
 3141      C7BACC4C 
 3141      69AD1492 
 3141      C9
 3142 00c0 FFE1DE7C 		.ascii	"\377\341\336|\200\272[\024\2766;S\201dKiIb\322\337\220"
 3142      80BA5B14 
 3142      BE363B53 
 3142      81644B69 
 3142      4962D2DF 
 3143 00d5 BA74B920 		.ascii	"\272t\271 6\0137%\210\247\017Tu|\033\030(\224h\304\341"
 3143      360B3725 
 3143      88A70F54 
 3143      757C1B18 
 3143      289468C4 
 3144 00ea 11762690 		.ascii	"\021v&\220\324}\023\017\336'\212\013^\027\202'\220\014"
 3144      D47D130F 
 3144      DE278A0B 
 3144      5E178227 
 3144      900C
 3145 00fc 3082E162 		.ascii	"0\202\341b\012\302+\211F\024\026\244R\250\001\246.J"
 3145      0AC22B89 
 3145      461416A4 
 3145      52A801A6 
 3145      2E4A
 3146 010e 0D1203FF 		.ascii	"\015\022\003\377\003\014\000<\203\3179\3077\357]5\254"
 3146      030C003C 
 3146      83CF39C7 
 3146      37EF5D35 
 3146      AC
 3147 011f 8959B118 		.ascii	"\211Y\261\030\213S\232h\341\206\034\366\262`d\270VL"
 3147      8B539A68 
 3147      E1861CF6 
 3147      B26064B8 
 3147      564C
 3148 0131 C22403   		.ascii	"\302$\003"
 3149              		.text
 3150              		.section	.gnu.lto_HAL_PWREx_ControlVoltageScaling.337.1f2f2586,"e",%progbits
 3151 0000 28B52FFD 		.ascii	"(\265/\375`\235\010\365+\000\032K\264\020F`\034R:\377"
 3151      609D08F5 
 3151      2B001A4B 
 3151      B4104660 
 3151      1C523AFF 
 3152 0014 F08528E1 		.ascii	"\360\205(\341\221\274\005\326\326]$\302W}\026\357tU"
 3152      91BC05D6 
 3152      D65D24C2 
 3152      577D16EF 
 3152      7455
 3153 0026 9FB28336 		.ascii	"\237\262\2036\341\0340+\012\230\005,K\305\"\302\006"
 3153      E11C302B 
 3153      0A98052C 
 3153      4BC522C2 
ARM GAS  C:\Users\nicx5\AppData\Local\Temp\ccXs0mXR.s 			page 76


 3153      06
 3154 0037 3E1B7C66 		.ascii	">\033|f\344\351\373\357\215\203\264y\277\361\357f=\024"
 3154      E4E9FBEF 
 3154      8D83B479 
 3154      BFF1EF66 
 3154      3D14
 3155 0049 EA6761ED 		.ascii	"\352ga\355\177\333'\204\220\264\245\014\004\001\327"
 3155      7FDB2784 
 3155      90B4A50C 
 3155      0401D7
 3156 0058 00F7005F 		.ascii	"\000\367\000_\015\347\305Am\213'O\226\266}\012`\013"
 3156      0DE7C541 
 3156      6D8B274F 
 3156      96B67D0A 
 3156      600B
 3157 006a BD568F6D 		.ascii	"\275V\217m\\[M\273\270\266\032e\340\213\301\212Z$\237"
 3157      5C5B4DBB 
 3157      B8B61A65 
 3157      E08BC18A 
 3157      5A249F
 3158 007d C6307970 		.ascii	"\3060ypT\271\323\266\317\247\027\341 \356\3610\005k"
 3158      54B9D3B6 
 3158      CFA717E1 
 3158      20EEF130 
 3158      056B
 3159 008f A1629011 		.ascii	"\241b\220\021\350\2078$\022\006\201?_o\210]\325\364"
 3159      E8873824 
 3159      1206813F 
 3159      5F6F885D 
 3159      D5F4
 3160 00a1 178CFBB7 		.ascii	"\027\214\373\267\\\321B\305\3412\311\274Ajm4\002\344"
 3160      5CD142C5 
 3160      E132C9BC 
 3160      416A6D34 
 3160      02E4
 3161 00b3 EC8E5126 		.ascii	"\354\216Q&\313\234\2642\265\376\001@4\003\320\246\364"
 3161      CB9CB432 
 3161      B5FE0140 
 3161      3403D0A6 
 3161      F4
 3162 00c4 71873F9A 		.ascii	"q\207?\232\210MH$\2237'\255\354G\007\323&9Z\354\320"
 3162      884D4824 
 3162      933727AD 
 3162      EC4707D3 
 3162      26395AEC 
 3163 00d9 3832D66D 		.ascii	"82\326m\312\036\027\2306\375\020c\243\241J\263\324h"
 3163      CA1E1798 
 3163      36FD1063 
 3163      A3A14AB3 
 3163      D468
 3164 00eb 06889B6E 		.ascii	"\006\210\233nS\362\270?\326AZ\031\221\366A\225:\304"
 3164      53F2B83F 
 3164      D6415A19 
 3164      91F64195 
 3164      3AC4
 3165 00fd 6E2F470F 		.ascii	"n/G\017\245\013\342\2300\033\252<\222^\216\316\256\333"
 3165      A50BE298 
ARM GAS  C:\Users\nicx5\AppData\Local\Temp\ccXs0mXR.s 			page 77


 3165      301BAA3C 
 3165      925E8ECE 
 3165      AEDB
 3166 010f 946B971D 		.ascii	"\224k\227\035\336\331\231\223V\226\243\327\364x\207"
 3166      DED99993 
 3166      5696A3D7 
 3166      F47887
 3167 011e 27D650E5 		.ascii	"'\326P\345Z\312\024\304\014\017p\351\342\252P\345\216"
 3167      5ACA14C4 
 3167      0C0F70E9 
 3167      E2AA50E5 
 3167      8E
 3168 012f F4D8B66D 		.ascii	"\364\330\266m\213\233vX\221~\032Ee\211e\270d\221\012"
 3168      8B9B7658 
 3168      917E1A45 
 3168      658965B8 
 3168      64910A
 3169 0142 DDE0B4B5 		.ascii	"\335\340\264\265\263/\3312y/\353\240m[\276c\313\262"
 3169      B32FD932 
 3169      792FEBA0 
 3169      6D5BBE63 
 3169      CBB2
 3170 0154 E6A2666E 		.ascii	"\346\242fn8f\206\301\314R\010\214\374}\324\334\032\026"
 3170      386686C1 
 3170      CC52088C 
 3170      FC7DD4DC 
 3170      1A16
 3171 0166 B70FBF6D 		.ascii	"\267\017\277m\033\271\366\357U!b9\222O2\263\211\236"
 3171      1BB9F6EF 
 3171      55216239 
 3171      924F32B3 
 3171      899E
 3172 0178 DBEAB52D 		.ascii	"\333\352\265-\332\0247\224\226;\321+\322\252\372\204"
 3172      DA143794 
 3172      963BD12B 
 3172      D2AAFA84 
 3173 0188 A16C3BC5 		.ascii	"\241l;\305\232bm\265\217\304l\312=\311SJ\246\210\264"
 3173      9A626DB5 
 3173      8FC46CCA 
 3173      3DC9534A 
 3173      A688B4
 3174 019b B38B6E7C 		.ascii	"\263\213n|\240\355\215\362s\305\275\0327\323Q\023\247"
 3174      A0ED8DF2 
 3174      73C5BD1A 
 3174      37D35113 
 3174      A7
 3175 01ac 87CF6496 		.ascii	"\207\317d\226\202\352f\263S\303u#\371\362\361\227\231"
 3175      82EA66B3 
 3175      53C37523 
 3175      F9F2F197 
 3175      99
 3176 01bd 7E79E997 		.ascii	"~y\351\227\225~9\351\227\221~\371\350\227\215~\271\350"
 3176      957E39E9 
 3176      97917EF9 
 3176      E8978D7E 
 3176      B9E8
 3177 01cf 97897ED9 		.ascii	"\227\211~\331\370\313B\277\\\374e\240_\376\371e\342"
ARM GAS  C:\Users\nicx5\AppData\Local\Temp\ccXs0mXR.s 			page 78


 3177      F8CB42BF 
 3177      5CFC65A0 
 3177      5FFEF965 
 3177      E2
 3178 01e0 2F0F7F59 		.ascii	"/\017\177Y\370\313\301_\006\376\362\357\227}\277\334"
 3178      F8CBC15F 
 3178      06FEF2EF 
 3178      977DBFDC 
 3179 01f0 FB65F697 		.ascii	"\373e\366\227\327_V\1779\375\345\377\362\375\345\236"
 3179      D75F567F 
 3179      39FDE5FF 
 3179      F2FDE59E 
 3180 0200 62F758B9 		.ascii	"b\367X\271\361\204\245m\315\242wZ<\265\216\255\233\315"
 3180      F184A56D 
 3180      CDA2775A 
 3180      3CB58EAD 
 3180      9BCD
 3181 0212 CC5FDC4E 		.ascii	"\314_\334N\006&1\241bnz\375\204\235-\315\330\321GN\333"
 3181      062631A1 
 3181      626E7AFD 
 3181      849D2DCD 
 3181      D8D1474E 
 3182 0227 3E9D5AE5 		.ascii	">\235Z\345n{IkT\3672\267\223~\022NNo7\006L\212g\210"
 3182      6E7B496B 
 3182      54F732B7 
 3182      937E124E 
 3182      4E6F3706 
 3183 023f D168B44F 		.ascii	"\321h\264O#W\240\027\337x@FqF\324\345Y\231\340\317\273"
 3183      2357A017 
 3183      DF784046 
 3183      7146D4E5 
 3183      5999E0CF 
 3184 0254 6E8ECD97 		.ascii	"n\216\315\227&\376\347\254\0202\30471\343\320\210tv"
 3184      26FEE7AC 
 3184      1032C437 
 3184      31E3D088 
 3184      7476
 3185 0266 5580C3B7 		.ascii	"U\200\303\267\234\360\303\253R\304\010\341\360\374\202"
 3185      9CF0C3AB 
 3185      52C408E1 
 3185      F0FC82
 3186 0275 0FD3C815 		.ascii	"\017\323\310\025\370`U\333ui/V\355\213\266\257\256\326"
 3186      F86055DB 
 3186      75692F56 
 3186      ED8BB6AF 
 3186      AED6
 3187 0287 5681F7B1 		.ascii	"V\201\367\261pI\200\317\032v\276\253M\351\337\327<~"
 3187      704980CF 
 3187      1A76BEAB 
 3187      4DE9DFD7 
 3187      3C7E
 3188 0299 FAFE7BD7 		.ascii	"\372\376{\327\371\276\304l\222x\213\243e\306\333Y\357"
 3188      F9BEC46C 
 3188      92788BA3 
 3188      65C6DB59 
 3188      EF
 3189 02aa 6ADDEDA4 		.ascii	"j\335\355\244\014\031\234\2413\231U\323^k\357\015\235"
ARM GAS  C:\Users\nicx5\AppData\Local\Temp\ccXs0mXR.s 			page 79


 3189      0C199CA1 
 3189      339955D3 
 3189      5E6BEF0D 
 3189      9D
 3190 02bb 230375F6 		.ascii	"#\003u\366\275\007\030\343\002I\362I\366*\214\336\352"
 3190      BD0718E3 
 3190      0249F249 
 3190      F62A8CDE 
 3190      EA
 3191 02cc B4142C40 		.ascii	"\264\024,@\250\260\354\333\033\250w\263\217a7\312\301"
 3191      A8B0ECDB 
 3191      1BA877B3 
 3191      8F6137CA 
 3191      C1
 3192 02dd CB8C15E2 		.ascii	"\313\214\025\342\366\030\324\333\310Y\362-\370\000\336"
 3192      F618D4DB 
 3192      C859F22D 
 3192      F800DE
 3193 02ec FA2B3D96 		.ascii	"\372+=\226\327QZ\375\372\026\2631\242\253\334\307\276"
 3193      D7515AFD 
 3193      FA16B331 
 3193      A2ABDCC7 
 3193      BE
 3194 02fd B90DB1AD 		.ascii	"\271\015\261\255\265\255\3105}\313\315\261\271\215\\"
 3194      B5ADC835 
 3194      7DCBCDB1 
 3194      B98D5C
 3195 030c FFF4AA5B 		.ascii	"\377\364\252[V\323\375J\352\033S\200\231<)j{\255\310"
 3195      56D3FD4A 
 3195      EA1B5380 
 3195      993C296A 
 3195      7BADC8
 3196 031f 37B4BB39 		.ascii	"7\264\27394di\267T\223\033D~\265\\ZU\\[!\254\260\270"
 3196      346469B7 
 3196      54931B44 
 3196      7EB55C5A 
 3196      555C5B21 
 3197 0336 7C9CA003 		.ascii	"|\234\240\003\007\250\002\034\010$\030p\364@\002KD\225"
 3197      07A8021C 
 3197      08241870 
 3197      F440024B 
 3197      4495
 3198 0348 D5852B0F 		.ascii	"\325\205+\017U\\\"\2622\014\331j@\327\025\225V\212\022"
 3198      555C22B2 
 3198      320CD96A 
 3198      40D71595 
 3198      568A12
 3199 035b 5422AA3E 		.ascii	"T\"\252>|\210*0\202k\353\311J\353\302\023\025\205\007"
 3199      7C882A30 
 3199      826BEBC9 
 3199      4AEBC213 
 3199      158507
 3200 036e 13A8BABA 		.ascii	"\023\250\272\272\016Lx\332\322\272B\201\245\025\001"
 3200      0E4C78DA 
 3200      D2BA4281 
 3200      A51501
 3201 037d 01776541 		.ascii	"\001weA\230\260!\252@\005\014\0276l\205\320\312\322"
ARM GAS  C:\Users\nicx5\AppData\Local\Temp\ccXs0mXR.s 			page 80


 3201      98B021AA 
 3201      40050C17 
 3201      366C85D0 
 3201      CAD2
 3202 038f B0418104 		.ascii	"\260A\201\004!\3563\371nq\302)v\203\255\355l\2403Kf"
 3202      21EE33F9 
 3202      6E71C229 
 3202      7683ADED 
 3202      6CA0334B 
 3203 03a4 9C1B6C3D 		.ascii	"\234\033l=\236\0063\037\317\016\302.\306G\250\001\333"
 3203      9E06331F 
 3203      CF0EC22E 
 3203      C647A801 
 3203      DB
 3204 03b5 102E45A6 		.ascii	"\020.E\246\257uKg\222\263\364#f\023\204\023H\332\266"
 3204      AF754B67 
 3204      92B3F423 
 3204      66138413 
 3204      48DAB6
 3205 03c8 6D1BF429 		.ascii	"m\033\364)>\202x1*\275\345\244\236t\245\007\220\221"
 3205      3E827831 
 3205      2ABDE5A4 
 3205      9E74A507 
 3205      9091
 3206 03da 742CD5C9 		.ascii	"t,\325\311\374\2316rS\200\356D\223\222\372\327\233u"
 3206      FC993672 
 3206      5380EE44 
 3206      9392FAD7 
 3206      9B75
 3207 03ec A6A0776A 		.ascii	"\246\240wj?Hw\203\374\321\221\366D\243\215\\\215~\264"
 3207      3F487783 
 3207      FCD191F6 
 3207      44A38D5C 
 3207      8D7EB4
 3208 03ff C6486D26 		.ascii	"\306Hm&qJ\243\333B,:\273\245\211^\364NCt$\263\331\025"
 3208      714AA3DB 
 3208      422C3ABB 
 3208      A5895EF4 
 3208      4E437424 
 3209 0416 9706AA5D 		.ascii	"\227\006\252]\001f\330\004\007/\017\321\231Y\332\370"
 3209      0166D804 
 3209      072F0FD1 
 3209      9959DAF8 
 3210 0426 CE73BAD0 		.ascii	"\316s\272\320\215\017\300G\350\215\206\024\367\346\010"
 3210      8D0FC047 
 3210      E88D8614 
 3210      F7E608
 3211 0435 991BA151 		.ascii	"\231\033\241Q\034\232\200\245\250q,F\225S3\"\"\"\005"
 3211      1C9A80A5 
 3211      A8712C46 
 3211      95533322 
 3211      222205
 3212 0448 4961D218 		.ascii	"Ia\322\030\260\002\021!*\363\021\3004I,B\241$\005\205"
 3212      B0021121 
 3212      2AF311C0 
 3212      34492C42 
 3212      A1240585 
ARM GAS  C:\Users\nicx5\AppData\Local\Temp\ccXs0mXR.s 			page 81


 3213 045c 693329A1 		.ascii	"i3)\241\224\251\314\244\300\217.\015\010\000\313\014"
 3213      94A9CCA4 
 3213      C08F2E0D 
 3213      0800CB0C 
 3214 046c C5976EB7 		.ascii	"\305\227n\267\232\360\23049\253\223\240\272\2431U\007"
 3214      9AF09834 
 3214      39AB93A0 
 3214      BAA33155 
 3214      07
 3215 047d 474DA572 		.ascii	"GM\245r\311\343\341\021\362ZhS\305\343\350\307\307E"
 3215      C9E3E111 
 3215      F25A6853 
 3215      C5E3E8C7 
 3215      C745
 3216 048f 59DC80DE 		.ascii	"Y\334\200\336G\205yY\201NB\031e\031\265\312,\336)\325"
 3216      47857959 
 3216      814E4219 
 3216      6519B5CA 
 3216      2CDE29D5 
 3217 04a3 B1CE633A 		.ascii	"\261\316c:\350\357 \302\231G\306\025r\334/\014u\003"
 3217      E8EF20C2 
 3217      9947C615 
 3217      72DC2F0C 
 3217      7503
 3218 04b5 5F2AC602 		.ascii	"_*\306\002-.:\245R\031\325bHH!\011\005\237\037\206\264"
 3218      2D2E3AA5 
 3218      5219D562 
 3218      48482109 
 3218      059F1F86 
 3219 04ca 01E3F225 		.ascii	"\001\343\362%\227\351wJ\223\230\034\366\005|)B\261\011"
 3219      97E9774A 
 3219      93981CF6 
 3219      057C2942 
 3219      B109
 3220 04dc 03ED5F59 		.ascii	"\003\355_Y\000\327\263\271\332bQ \251'O\001N\344\343"
 3220      00D7B3B9 
 3220      DA625120 
 3220      A9274F01 
 3220      4EE4E3
 3221 04ef 0299939B 		.ascii	"\002\231\223\23322\325~f\265\206\302\277\035\015\376"
 3221      3232D57E 
 3221      66B586C2 
 3221      BF1D0DFE 
 3222 04ff 9EE616C1 		.ascii	"\236\346\026\301^\302\205\217#\264\321\035&\355O3K\221"
 3222      5EC2858F 
 3222      23B4D11D 
 3222      26ED4F33 
 3222      4B91
 3223 0511 27EAFAB3 		.ascii	"'\352\372\263\207\255G\327\314D\"\3038\2169\201\227"
 3223      87AD47D7 
 3223      CC4422C3 
 3223      388E3981 
 3223      97
 3224 0522 4FBECF8F 		.ascii	"O\276\317\217\254\320\254~\2203P\202y\206\317I\004!"
 3224      ACD0AC7E 
 3224      90335082 
 3224      7986CF49 
ARM GAS  C:\Users\nicx5\AppData\Local\Temp\ccXs0mXR.s 			page 82


 3224      0421
 3225 0534 9C288A84 		.ascii	"\234(\212\204a\330\270\334?\030\377\372n2 \213z\206"
 3225      61D8B8DC 
 3225      3F18FFFA 
 3225      6E32208B 
 3225      7A86
 3226 0546 BBF8563D 		.ascii	"\273\370V=\204\013\372\212\006}B\003:\230\375\203\343"
 3226      840BFA8A 
 3226      067D4203 
 3226      3A98FD83 
 3226      E3
 3227 0557 5DA5467C 		.ascii	"]\245F|\206&F\366\233E\370\312\240\337:\231\242A\245"
 3227      862646F6 
 3227      9B45F8CA 
 3227      A0DF3A99 
 3227      A241A5
 3228 056a 439EC6CC 		.ascii	"C\236\306\314`\325\250\320\341\317Gx\371\325\255\317"
 3228      60D5A8D0 
 3228      E1CF4778 
 3228      F9D5ADCF 
 3229 057a C81A52F3 		.ascii	"\310\032R\363L\270\303\304\240G.\222d5"
 3229      4CB8C3C4 
 3229      A0472E92 
 3229      6435
 3230              		.text
 3231              		.section	.gnu.lto_HAL_PWREx_GetVoltageRange.338.1f2f2586,"e",%progbits
 3232 0000 28B52FFD 		.ascii	"(\265/\375`K\000\205\011\0006\021C? \005)\035\240@\000"
 3232      604B0085 
 3232      09003611 
 3232      433F2005 
 3232      291DA040 
 3233 0015 163C0354 		.ascii	"\026<\003T\350\004\037!Xpq\025@\215\207\015\373^\030"
 3233      E8041F21 
 3233      58707115 
 3233      408D870D 
 3233      FB5E18
 3234 0028 9E2E26BF 		.ascii	"\236.&\2776\354F\211Z\021\352\3336\251\354\020\360\224"
 3234      36EC4689 
 3234      5A11EADB 
 3234      36A9EC10 
 3234      F094
 3235 003a 012EE682 		.ascii	"\001.\346\202\3029\325\020\020\2723\025c\213\010!r\247"
 3235      C239D510 
 3235      10BA3315 
 3235      638B0821 
 3235      72A7
 3236 004c 142E0030 		.ascii	"\024.\0000\000/\000\007^.\001l\273\345\307p\005\357"
 3236      002F0007 
 3236      5E2E016C 
 3236      BBE5C770 
 3236      05EF
 3237 005e 1D7704EF 		.ascii	"\035w\004\357\235\316N~\222\376s\376\226\036\230\215"
 3237      9DCE4E7E 
 3237      92FE73FE 
 3237      961E988D 
 3238 006e 0BB6FA24 		.ascii	"\013\266\372$\240\330]O\027\214\345\326\333v\260\275"
 3238      A0D85D4F 
ARM GAS  C:\Users\nicx5\AppData\Local\Temp\ccXs0mXR.s 			page 83


 3238      178CE5D6 
 3238      DB76B0BD 
 3239 007e 611B40CA 		.ascii	"a\033@\312\362\201\314\316\233\313\325\324\031\237["
 3239      F281CCCE 
 3239      9BCBD5D4 
 3239      199F5B
 3240 008d 95D99ED6 		.ascii	"\225\331\236\3269}NU\014\324b\0154\273/7\333\026\350"
 3240      397D4E55 
 3240      0CD4620D 
 3240      34BB2F37 
 3240      DB16E8
 3241 00a0 06D4D856 		.ascii	"\006\324\330V\331\006\376\315qT&\013V\200\316\212#\347"
 3241      D906FECD 
 3241      7154260B 
 3241      5680CE8A 
 3241      23E7
 3242 00b2 5665AA1E 		.ascii	"Ve\252\036L\212\266\254\273'\275\253jG\240\025c)\313"
 3242      4C8AB6AC 
 3242      BB27BDAB 
 3242      6A47A015 
 3242      6329CB
 3243 00c5 B6781E93 		.ascii	"\266x\036\223\317n\014\204\277sZ\3523{\327\225+\257"
 3243      CF6E0C84 
 3243      BF735AEA 
 3243      337BD795 
 3243      2BAF
 3244 00d7 F551BC77 		.ascii	"\365Q\274w\327\005\031\255\026.=\214&0L\221\200\"\037"
 3244      D70519AD 
 3244      162E3D8C 
 3244      26304C91 
 3244      80221F
 3245 00ea A7132834 		.ascii	"\247\023(4R\"~\245p\364\201\031\025\"p\034#D\237\030"
 3245      52227EA5 
 3245      70F48119 
 3245      1522701C 
 3245      23449F18 
 3246 00fe 9A4E40C2 		.ascii	"\232N@\302\013\011\217(\013\021\011\024\322\350\030"
 3246      0B098F28 
 3246      0B110914 
 3246      D2E818
 3247 010d 91C49010 		.ascii	"\221\304\220\020\345A\232\300H\260]n\014\000<\203\317"
 3247      E5419AC0 
 3247      48B05D6E 
 3247      0C003C83 
 3247      CF
 3248 011e 39C737EF 		.ascii	"9\3077\357e5L\213Y\301\030\213S\232h\341N\035\366\266"
 3248      65354C8B 
 3248      59C1188B 
 3248      539A68E1 
 3248      4E1DF6B6 
 3249 0132 6084B856 		.ascii	"`\204\270V^\302$\003"
 3249      5EC22403 
 3250              		.text
 3251              		.section	.gnu.lto_HAL_PWREx_ControlStopModeVoltageScaling.339.1f2f2586,"e",%progbits
 3252 0000 28B52FFD 		.ascii	"(\265/\375`\345\000\245\014\0006\227XE\360t\224\016"
 3252      60E500A5 
 3252      0C003697 
ARM GAS  C:\Users\nicx5\AppData\Local\Temp\ccXs0mXR.s 			page 84


 3252      5845F074 
 3252      940E
 3253 0012 2890A6C1 		.ascii	"(\220\246\301\223\307@\271\013\204\010#\202\022\343"
 3253      93C740B9 
 3253      0B840823 
 3253      8212E3
 3254 0021 F3B4873B 		.ascii	"\363\264\207;\355\225z\012\336\245\375\\G\204H9\222"
 3254      ED957A0A 
 3254      DEA5FD5C 
 3254      47844839 
 3254      92
 3255 0032 834074F2 		.ascii	"\203@t\362\240\327\371-\364\340\3230\\\311p\357R\217"
 3255      A0D7F92D 
 3255      F4E0D330 
 3255      5CC970EF 
 3255      528F
 3256 0044 D9436ED6 		.ascii	"\331Cn\326e\014<\303R\244\221M\344N)@\000B\000C\000"
 3256      650C3CC3 
 3256      52A4914D 
 3256      E44E2940 
 3256      00420043 
 3257 0059 BBA20263 		.ascii	"\273\242\002c\320>97\220}b'\220}\332\366\207\001\313"
 3257      D03E3937 
 3257      907D6227 
 3257      907DDAF6 
 3257      8701CB
 3258 006c A1EE8C8D 		.ascii	"\241\356\214\215\024\0164FZ\374\250\331\0257}yx\031"
 3258      140E3446 
 3258      5AFCA8D9 
 3258      15377D79 
 3258      7819
 3259 007e FACFF1A3 		.ascii	"\372\317\361\243Pq!\343\265\202r\271\211\260\273\226"
 3259      507121E3 
 3259      B58272B9 
 3259      89B0BB96 
 3260 008e AF9515B7 		.ascii	"\257\225\025\267\3366\002\333\241}.\332\362eZ<>\216"
 3260      DE3602DB 
 3260      A17D2EDA 
 3260      F2655A3C 
 3260      3E8E
 3261 00a0 D0AC1C2D 		.ascii	"\320\254\034-\242H\245\341c\253.\366a\376\251\322\252"
 3261      A248A5E1 
 3261      63AB2EF6 
 3261      61FEA9D2 
 3261      AA
 3262 00b1 D252A5BF 		.ascii	"\322R\245\277\321\023AbX:Dva\2145+d\002\251a\233e\007"
 3262      D1134162 
 3262      583A4476 
 3262      618C352B 
 3262      6402A961 
 3263 00c8 B00F20E9 		.ascii	"\260\017 \351\244\264\177\3438X\207)\201q6\205\312\213"
 3263      A4B47FE3 
 3263      38588729 
 3263      81713685 
 3263      CA8B
 3264 00da 99E21E5B 		.ascii	"\231\342\036[u\361\303L\033\322\222\242._f\206j\217"
 3264      75F1C34C 
ARM GAS  C:\Users\nicx5\AppData\Local\Temp\ccXs0mXR.s 			page 85


 3264      1BD292A2 
 3264      2E5F6686 
 3264      6A8F
 3265 00ec BF8A4C95 		.ascii	"\277\212L\225\252z\027\213\001c\222q|\202\354*\365."
 3265      AA7A178B 
 3265      01639271 
 3265      7C82EC2A 
 3265      F52E
 3266 00fe 9696B66C 		.ascii	"\226\226\266l\2138\217O\333\215\321\300\337qq\204\366"
 3266      8B388F4F 
 3266      DB8DD1C0 
 3266      DF717184 
 3266      F6
 3267 010f F2394513 		.ascii	"\3629E\023*\366\253\257\262\317+\000\0351\001\006u("
 3267      2AF6ABAF 
 3267      B2CF2B00 
 3267      1D310106 
 3267      7528
 3268 0121 2DE04A1E 		.ascii	"-\340J\036P\207\203\002a\222\"\231D'\024\351$\245\322"
 3268      50878302 
 3268      61922299 
 3268      442714E9 
 3268      24A5D2
 3269 0134 20C0A60E 		.ascii	" \300\246\016x\352\274U\210.E*)\371p\037N\276\315\344"
 3269      78EABC55 
 3269      882E452A 
 3269      29F9701F 
 3269      4EBECDE4 
 3270 0148 89B6CE82 		.ascii	"\211\266\316\202\204P\007\202\016B\333\347\235H\230"
 3270      84500782 
 3270      0E42DBE7 
 3270      9D4898
 3271 0157 78141E18 		.ascii	"x\024\036\030TM\010\215>\334\205\014\242\321\347\301"
 3271      544D088D 
 3271      3EDC850C 
 3271      A2D1E7C1 
 3272 0167 536D1841 		.ascii	"Sm\030A\250P\300v\022\000)\245\216g\3609\347\370\346"
 3272      A850C076 
 3272      120029A5 
 3272      8E67F039 
 3272      E7F8E6
 3273 017a 1E8D0DC3 		.ascii	"\036\215\015\303M\371\241\021V6\0049*\260\254\315\222"
 3273      4DF9A111 
 3273      56360439 
 3273      2AB0ACCD 
 3273      92
 3274 018b E36F3731 		.ascii	"\343o71k\255\010\324\032\243\215E\221\360\020\361u\315"
 3274      6BAD08D4 
 3274      1AA38D45 
 3274      91F010F1 
 3274      75CD
 3275 019d 27       		.ascii	"'"
 3276              		.text
 3277              		.section	.gnu.lto_HAL_PWREx_GetStopModeVoltageRange.340.1f2f2586,"e",%progbits
 3278 0000 28B52FFD 		.ascii	"(\265/\375`K\000\265\011\0004\021\311\000\000\000O\000"
 3278      604B00B5 
 3278      09003411 
ARM GAS  C:\Users\nicx5\AppData\Local\Temp\ccXs0mXR.s 			page 86


 3278      C9000000 
 3278      4F00
 3279 0012 00002700 		.ascii	"\000\000'\000\000\000\001\003\000\001\222\221\212\002"
 3279      00000103 
 3279      00019291 
 3279      8A02
 3280 0020 00808080 		.ascii	"\000\200\200\200@\007\002\001\201\221\212\307\233\206"
 3280      40070201 
 3280      81918AC7 
 3280      9B86
 3281 002e 960101BB 		.ascii	"\226\001\001\273\001\001\000\177\002\001\177\001\254"
 3281      0101007F 
 3281      02017F01 
 3281      AC
 3282 003b 03050106 		.ascii	"\003\005\001\006\023\001\004\005\001\006\025\001 /\300"
 3282      13010405 
 3282      01061501 
 3282      202FC0
 3283 004a 8080F8CB 		.ascii	"\200\200\370\313\227\262\343P\201\274\320\200\011\177"
 3283      97B2E350 
 3283      81BCD080 
 3283      097F
 3284 0058 007DBA01 		.ascii	"\000}\272\001\271\001\000\013\000\000}\000\000\000\257"
 3284      B901000B 
 3284      00007D00 
 3284      0000AF
 3285 0067 D205E080 		.ascii	"\322\005\340\200\370\377\237\200\200\3166\230\302\351"
 3285      F8FF9F80 
 3285      80CE3698 
 3285      C2E9
 3286 0075 8D030401 		.ascii	"\215\003\004\001\000\002\002\003\000\002\000\000\000"
 3286      00020203 
 3286      00020000 
 3286      00
 3287 0082 A9038004 		.ascii	"\251\003\200\004\001\000\252\003\002\201\300\000\377"
 3287      0100AA03 
 3287      0281C000 
 3287      FF
 3288 008f 0280A20D 		.ascii	"\002\200\242\015\000\203\003\302\276\251\036\003\001"
 3288      008303C2 
 3288      BEA91E03 
 3288      01
 3289 009c 05010679 		.ascii	"\005\001\006y\001\000\200\220\211\300\005\005\001\254"
 3289      01008090 
 3289      89C00505 
 3289      01AC
 3290 00aa 0877BE01 		.ascii	"\010w\276\001\275\001\0006\241\200\200\010u\277\001"
 3290      BD010036 
 3290      A1808008 
 3290      75BF01
 3291 00b9 73000000 		.ascii	"s\000\000\000\203\003\203\230\207\305\005\003\003\003"
 3291      83038398 
 3291      87C50503 
 3291      0303
 3292 00c7 01067F01 		.ascii	"\001\006\177\001\200\200\003\000\207\003\202\240\006"
 3292      80800300 
 3292      870382A0 
ARM GAS  C:\Users\nicx5\AppData\Local\Temp\ccXs0mXR.s 			page 87


 3292      06
 3293 00d4 0303A903 		.ascii	"\003\003\251\003\200\004\001\200\300\000\000\000\024"
 3293      80040180 
 3293      C0000000 
 3293      14
 3294 00e1 453A5C57 		.ascii	"E:\\Works\\STM32\\HBox\0008Drivers/H7xx_HAL_/Src/st"
 3294      6F726B73 
 3294      5C53544D 
 3294      33325C48 
 3294      426F7800 
 3295 010e 6D333268 		.ascii	"m32hhal_pwr_ex.c\000\014\000<\203\3179\3077\357e5L\213"
 3295      68616C5F 
 3295      7077725F 
 3295      65782E63 
 3295      000C003C 
 3296 012c 59C1188B 		.ascii	"Y\301\030\213S\232h\341N\035\366\266`\204\270V^\302"
 3296      539A68E1 
 3296      4E1DF6B6 
 3296      6084B856 
 3296      5EC2
 3297 013e 2403     		.ascii	"$\003"
 3298              		.text
 3299              		.section	.gnu.lto_HAL_PWREx_EnterSTOPMode.341.1f2f2586,"e",%progbits
 3300 0000 28B52FFD 		.ascii	"(\265/\375`\015\0035\025\000\206%\211K\260\022R:\\\370"
 3300      600D0335 
 3300      15008625 
 3300      894BB012 
 3300      523A5CF8 
 3301 0014 11517155 		.ascii	"\021QqUo\250\254`_\222\037\207\346o\206\025\036\251"
 3301      6FA8AC60 
 3301      5F921F87 
 3301      E66F8615 
 3301      1EA9
 3302 0026 4BE5ED80 		.ascii	"K\345\355\200\013\351P\276\232\332\237b\331g;\035\355"
 3302      0BE950BE 
 3302      9ADA9F62 
 3302      D9673B1D 
 3302      ED
 3303 0037 F50F844E 		.ascii	"\365\017\204N\306\271M\221\027\343\225\011\370\006<"
 3303      C6B94D91 
 3303      17E39509 
 3303      F8063C
 3304 0046 99AA7CDF 		.ascii	"\231\252|\337\240\377\345\234\3061\370\017!d\023\"\267"
 3304      A0FFE59C 
 3304      C631F80F 
 3304      21641322 
 3304      B7
 3305 0057 4C016F00 		.ascii	"L\001o\000k\000q\000+\276)V\205n\243r\027\320\335\003"
 3305      6B007100 
 3305      2BBE2956 
 3305      856EA372 
 3305      17D0DD03 
 3306 006b CAAA5B78 		.ascii	"\312\252[x\3402\346\222\260-\251K\216;\240.y\335O,\300"
 3306      E032E692 
 3306      B02DA94B 
 3306      8E3BA02E 
 3306      79DD4F2C 
ARM GAS  C:\Users\nicx5\AppData\Local\Temp\ccXs0mXR.s 			page 88


 3307 0080 EB367558 		.ascii	"\3536uX\001\253\272\272;\306N\253\333\262\222#S\335"
 3307      01ABBABA 
 3307      3BC64EAB 
 3307      DBB29223 
 3307      53DD
 3308 0092 B77421F1 		.ascii	"\267t!\361\375\212\266\004n\005\360\003.9\032\370@c"
 3308      FD8AB604 
 3308      6E05F003 
 3308      2E391AF8 
 3308      4063
 3309 00a4 49E48734 		.ascii	"I\344\2074\226\324\020A\344\321\321\004.\213\374\216"
 3309      96D41041 
 3309      E4D1D104 
 3309      2E8BFC8E 
 3310 00b4 465877AF 		.ascii	"FXw\257\324\322\244\337\216\322\322\245\273O}?\016{"
 3310      D4D2A4DF 
 3310      8ED2D2A5 
 3310      BB4F7D3F 
 3310      0E7B
 3311 00c6 73FFDFFE 		.ascii	"s\377\337\376'\375L\003\301)\336}\207Y(v\010\2452|\322"
 3311      27FD4C03 
 3311      C129DE7D 
 3311      87592876 
 3311      08A5327C 
 3312 00db 6A5ABC70 		.ascii	"jZ\274pG\271\351;63\375\033\334\035Y\341n\310F\355\276"
 3312      47B9E93B 
 3312      3633FD1B 
 3312      DC1D59E1 
 3312      6EC846ED 
 3313 00f0 98FE647A 		.ascii	"\230\376dz\223\351K\246\257LO2=3=%a\"\214)\017-%\272"
 3313      93E94BA6 
 3313      AF4C4F32 
 3313      3D333D25 
 3313      61228C29 
 3314 0108 4114BB3A 		.ascii	"A\024\273:\213\2742\361\177\377\235\322\375\257\337"
 3314      8BBC32F1 
 3314      7FFF9DD2 
 3314      FDAFDF
 3315 0117 A44A4A98 		.ascii	"\244JJ\230\033a\255\204\024\\^\260\206\322eq\031\002"
 3315      1B61AD84 
 3315      145C5EB0 
 3315      86D26571 
 3315      1902
 3316 0129 DD06895E 		.ascii	"\335\006\211^\273qp\021\231K\232\234\250Y\272\001\033"
 3316      BB717011 
 3316      994B9A9C 
 3316      A859BA01 
 3316      1B
 3317 013a A3F2198C 		.ascii	"\243\362\031\214\260cK\253\217\305S\202\"wgp\221\215"
 3317      B0634BAB 
 3317      8FC55382 
 3317      22776770 
 3317      918D
 3318 014c 27AD2E1A 		.ascii	"'\255.\032_t\204\177\037 \272\276\217\314{\310\213O"
 3318      5F74847F 
 3318      1F20BABE 
 3318      8FCC7BC8 
ARM GAS  C:\Users\nicx5\AppData\Local\Temp\ccXs0mXR.s 			page 89


 3318      8B4F
 3319 015e 7B8E66E8 		.ascii	"{\216f\350\011\273;\205R\346\246o\256\206\260\214j\353"
 3319      09BB3B85 
 3319      52E6A66F 
 3319      AE86B08C 
 3319      6AEB
 3320 0170 8806F90E 		.ascii	"\210\006\371\016\211$\277X_\216\0273\223\274\275\245"
 3320      8924BF58 
 3320      5F8E1733 
 3320      93BCBDA5 
 3321 0180 00C56231 		.ascii	"\000\305b1\310\236T\312\314\333\353\260\343\335\177"
 3321      C89E54CA 
 3321      CCDBEBB0 
 3321      E3DD7F
 3322 018f 0BEBC266 		.ascii	"\013\353\302fv\207H\360\245\332\026B\246\323\222\244"
 3322      768748F0 
 3322      A5DA1642 
 3322      A6D392A4 
 3323 019f 50C386DE 		.ascii	"P\303\206\336\241\035\252KR>\003A=7@\264\227\212\241"
 3323      A11DAA4B 
 3323      523E0341 
 3323      3D3740B4 
 3323      978AA1
 3324 01b2 760B8291 		.ascii	"v\013\202\221\201@3s\236\205\002N\312\012\216\012\013"
 3324      81403373 
 3324      9E85024E 
 3324      CA0A8E0A 
 3324      0B
 3325 01c3 0AAC46BB 		.ascii	"\012\254F\273\335\374\010\355\350H8\237\203\202\323"
 3325      DDFC08ED 
 3325      E848389F 
 3325      8382D3
 3326 01d2 99D5862A 		.ascii	"\231\325\206*\314~nxxd+@7[,\2476\023\2339`\0203\303"
 3326      CC7E6E78 
 3326      78642B40 
 3326      375B2CA7 
 3326      36139B39 
 3327 01ea E114C4C4 		.ascii	"\341\024\304\304l5\235\013=\265\227\005\307\321\032"
 3327      6C359D0B 
 3327      3DB59705 
 3327      C7D11A
 3328 01f9 C4D8C856 		.ascii	"\304\330\310V\036\320\314\330\330|j\264\0116-0\004\376"
 3328      1ED0CCD8 
 3328      D87C6AB4 
 3328      09362D30 
 3328      04FE
 3329 020b 0B8D766C 		.ascii	"\013\215vlf:\011\327\210,#\356\225'\326\217=\251&\237"
 3329      663A09D7 
 3329      882C23EE 
 3329      9527D68F 
 3329      3DA9269F 
 3330 021f 324C1E5D 		.ascii	"2L\036]K\302\307\015\253Z\362\025\220=\251\225\313\235"
 3330      4BC2C70D 
 3330      AB5AF215 
 3330      903DA995 
 3330      CB9D
 3331 0231 3820A002 		.ascii	"8 \240\002\031\"3\017\224\353\340\205\2314\322\247#"
ARM GAS  C:\Users\nicx5\AppData\Local\Temp\ccXs0mXR.s 			page 90


 3331      1922330F 
 3331      94EBE085 
 3331      9934D2A7 
 3331      23
 3332 0242 D832276F 		.ascii	"\3302'ov\011T\354\011\355\2751q\367\2162@_\323\203\026"
 3332      760954EC 
 3332      09EDBD31 
 3332      71F78E32 
 3332      405FD383 
 3333 0257 48B309E4 		.ascii	"H\263\011\344\036\000r\206`\360 \206\3100\246\303E^"
 3333      1E007286 
 3333      60F02086 
 3333      C830A6C3 
 3333      455E
 3334 0269 5A0DCFE1 		.ascii	"Z\015\317\341\342\305\233\265+\367#dssw\015\202oW\035"
 3334      E2C59BB5 
 3334      2BF72364 
 3334      7373770D 
 3334      826F571D 
 3335 027d 75D32A86 		.ascii	"u\323*\206iP\312\247\246}\203Z\304\337\332\334\005\031"
 3335      6950CAA7 
 3335      A67D835A 
 3335      C4DFDADC 
 3335      0519
 3336 028f B38BEAB1 		.ascii	"\263\213\352\261h\3040\012BX\346\002\006\017\017\001"
 3336      68C4300A 
 3336      4258E602 
 3336      060F0F01 
 3337 029f 069C3DBE 		.ascii	"\006\234=\276\244\001\037\313\371Z\0177r\362v\3652"
 3337      A4011FCB 
 3337      F95A0F37 
 3337      72F276F5 
 3337      32
 3338              		.text
 3339              		.section	.gnu.lto_HAL_PWREx_ClearPendingEvent.342.1f2f2586,"e",%progbits
 3340 0000 28B52FFD 		.ascii	"(\265/\375 \376%\007\000D\014{\000\000\000T\000\000"
 3340      20FE2507 
 3340      00440C7B 
 3340      00000054 
 3340      0000
 3341 0012 00230000 		.ascii	"\000#\000\000\000\001\003\000\001\222\221\212\002\000"
 3341      00010300 
 3341      0192918A 
 3341      0200
 3342 0020 80808040 		.ascii	"\200\200\200@\007\002\001\201\221\212\021\001\271\001"
 3342      07020181 
 3342      918A1101 
 3342      B901
 3343 002e 01007F02 		.ascii	"\001\000\177\002\001\177\001\254\003/\200\200\200\370"
 3343      017F01AC 
 3343      032F8080 
 3343      80F8
 3344 003c CB97B6FB 		.ascii	"\313\227\266\373\010\200\200\205\030\354\000\000\177"
 3344      08808085 
 3344      18EC0000 
 3344      7F
 3345 0049 000B0100 		.ascii	"\000\013\001\000\000\000\257\322\005\340\200\370\377"
ARM GAS  C:\Users\nicx5\AppData\Local\Temp\ccXs0mXR.s 			page 91


 3345      0000AFD2 
 3345      05E080F8 
 3345      FF
 3346 0056 9F808086 		.ascii	"\237\200\200\2067\236\314\375\036\003\000\000\251\003"
 3346      379ECCFD 
 3346      1E030000 
 3346      A903
 3347 0064 80040100 		.ascii	"\200\004\001\000\252\003\002\201\300\000\377\002\200"
 3347      AA030281 
 3347      C000FF02 
 3347      80
 3348 0071 E2E5F731 		.ascii	"\342\345\3671\000\204\003\200\000P\000\207\003\202\340"
 3348      00840380 
 3348      00500087 
 3348      0382E0
 3349 0080 EDF711A9 		.ascii	"\355\367\021\251\003\001\200\300\000\000\000\024E:\\"
 3349      030180C0 
 3349      00000014 
 3349      453A5C
 3350 008f 576F726B 		.ascii	"Works\\STM32\\HBox\0008Drivers/H7xx_HAL_/Src/stm32h"
 3350      735C5354 
 3350      4D33325C 
 3350      48426F78 
 3350      00384472 
 3351 00bd 68616C5F 		.ascii	"hal_pwr_ex.c\000\004wfe\000\013\000<\203\3179g7\357"
 3351      7077725F 
 3351      65782E63 
 3351      00047766 
 3351      65000B00 
 3352 00d8 6B3AA38A 		.ascii	"k:\243\212C\012\306\252\326\230\264\020\306\313\020"
 3352      430AC6AA 
 3352      D698B410 
 3352      C6CB10
 3353 00e7 E0D22DDA 		.ascii	"\340\322-\332\371\004"
 3353      F904
 3354              		.text
 3355              		.section	.gnu.lto_HAL_PWREx_EnterSTANDBYMode.343.1f2f2586,"e",%progbits
 3356 0000 28B52FFD 		.ascii	"(\265/\375`\213\002\375\022\000\266!zF\320\324\315p"
 3356      608B02FD 
 3356      1200B621 
 3356      7A46D0D4 
 3356      CD70
 3357 0012 A46348BF 		.ascii	"\244cH\277M\004\265\201\331\306m\300\031D\0043\365\017"
 3357      4D04B581 
 3357      D9C66DC0 
 3357      19440433 
 3357      F50F
 3358 0024 48592301 		.ascii	"HY#\001\200:\031`ph\002m\346,\223{\375y0\342\370\341"
 3358      803A1960 
 3358      7068026D 
 3358      E62C937B 
 3358      FD7930E2 
 3359 003a C8AAB6AE 		.ascii	"\310\252\266\256\265*\335\013\277}\244\345\336\232\211"
 3359      B52ADD0B 
 3359      BF7DA4E5 
 3359      DE9A89
 3360 0049 BB30E235 		.ascii	"\2730\3425\367&{o)S\012c\000]\000c\000/\250vy\012LA"
ARM GAS  C:\Users\nicx5\AppData\Local\Temp\ccXs0mXR.s 			page 92


 3360      F7267B6F 
 3360      29530A63 
 3360      005D0063 
 3360      002FA876 
 3361 0061 3CA8F294 		.ascii	"<\250\362\224\360\340w\002\341A\337l,\003\271]\261w"
 3361      F0E07702 
 3361      E141DF6C 
 3361      2C03B95D 
 3361      B177
 3362 0073 644947D6 		.ascii	"dIG\326\356\302\364\351\267\273B\360\323\274\371.\231"
 3362      EEC2F4E9 
 3362      B7BB42F0 
 3362      D3BCF92E 
 3362      99
 3363 0084 01BAB1E8 		.ascii	"\001\272\261\350\256P\\:\370%8\001D\351d\374\360\245"
 3363      AE505C3A 
 3363      F8253801 
 3363      44E964FC 
 3363      F0A5
 3364 0096 5CA9C032 		.ascii	"\\\251\3002\031s\371\001\030\227\256'\343\321\247\262"
 3364      1973F901 
 3364      1897AE27 
 3364      E3D1A7B2 
 3365 00a6 BB8F7A86 		.ascii	"\273\217z\206\030q\231.\231\335u\352\306\022\267x\333"
 3365      1871992E 
 3365      99DD75EA 
 3365      C612B778 
 3365      DB
 3366 00b7 40B63DD8 		.ascii	"@\266=\330i\"R\212s\205\236V\356n\221\252\223m\242\360"
 3366      6922528A 
 3366      73859E56 
 3366      EE6E91AA 
 3366      936DA2F0 
 3367 00cb A52F3384 		.ascii	"\245/3\204\034e\317\357\241p\321B\022ds\313\274\242"
 3367      1C65CFEF 
 3367      A170D142 
 3367      126473CB 
 3367      BCA2
 3368 00dd 5427FF5B 		.ascii	"T'\377[m\262\017\365\2772-f:\314\364\227i\315tf\372"
 3368      6DB20FF5 
 3368      BF322D66 
 3368      3ACCF497 
 3368      69CD7466 
 3369 00f2 02401157 		.ascii	"\002@\021WRL,Cv\231\266\262\326\012\354\301\302\366"
 3369      524C2C43 
 3369      7699B6B2 
 3369      D60AECC1 
 3369      C2F6
 3370 0104 EDEF6EB6 		.ascii	"\355\357n\266\211} \311\346\371(\037\306c\334\016Ed"
 3370      897D20C9 
 3370      E6F9281F 
 3370      C663DC0E 
 3370      4564
 3371 0116 94DD2401 		.ascii	"\224\335$\001V\315\371\245\3661Q\202@\342\355nK\372"
 3371      56CDF9A5 
 3371      F6315182 
 3371      40E2ED6E 
ARM GAS  C:\Users\nicx5\AppData\Local\Temp\ccXs0mXR.s 			page 93


 3371      4BFA
 3372 0128 476E440B 		.ascii	"GnD\013\360\257R#\032M\237\015\301\352\221\277\265\344"
 3372      F0AF5223 
 3372      1A4D9F0D 
 3372      C1EA91BF 
 3372      B5E4
 3373 013a D31DDF57 		.ascii	"\323\035\337WB\325\357\3478l\374\306\354dqU\373\240"
 3373      42D5EFE7 
 3373      386CFCC6 
 3373      EC647155 
 3373      FBA0
 3374 014c A0F0A0EA 		.ascii	"\240\360\240\352k\267\005\225Z\343:#\377JxM=\222\022"
 3374      6BB70595 
 3374      5AE33A23 
 3374      FF4A784D 
 3374      3D9212
 3375 015f 4E71B66B 		.ascii	"Nq\266k\227\342 \356\246X\340\363.CH|:\010\362\222H"
 3375      97E220EE 
 3375      A658E0F3 
 3375      2E43487C 
 3375      3A08F292 
 3376 0174 EC873E14 		.ascii	"\354\207>\024\036\274\276v\001\226\361\010}\216\341"
 3376      1EBCBE76 
 3376      0196F108 
 3376      7D8EE1
 3377 0183 C96981C9 		.ascii	"\311i\201\311q\211aQ\001\222\341\374\314fB\353\260\330"
 3377      71896151 
 3377      0192E1FC 
 3377      CC6642EB 
 3377      B0D8
 3378 0195 76623421 		.ascii	"vb4!\015\261\0148==/0?\033j0\035Z\015,&\341\001M\314"
 3378      0DB10C38 
 3378      3D3D2F30 
 3378      3F1B6A30 
 3378      1D5A0D2C 
 3379 01ae 66634003 		.ascii	"fc@\003\253\321v:\310h3\015l\233A\240\271y\201\231p"
 3379      ABD1763A 
 3379      C868330D 
 3379      6C9B41A0 
 3379      B9798199 
 3380 01c3 A1E6A6E6 		.ascii	"\241\346\246\346C\233\331\3348\210P\3006o\377\2556\241"
 3380      439BD9DC 
 3380      388850C0 
 3380      366FFFAD 
 3380      36A1
 3381 01d5 4C15B132 		.ascii	"L\025\2612R$\227\350#\307C\025y\204\372\332Y\230r\361"
 3381      522497E8 
 3381      23C74315 
 3381      7984FADA 
 3381      599872F1 
 3382 01e9 154A8850 		.ascii	"\025J\210P\205\001\322\306 \313\353\0022 \200\002\231"
 3382      8501D2C6 
 3382      20CBEB02 
 3382      32208002 
 3382      99
 3383 01fa 31B30385 		.ascii	"1\263\003\205(c\013>m\216\317{\2433\\q3\362\350\251"
 3383      28630B3E 
ARM GAS  C:\Users\nicx5\AppData\Local\Temp\ccXs0mXR.s 			page 94


 3383      6D8ECF7B 
 3383      A3335C71 
 3383      33F2E8A9 
 3384 020e 3796207E 		.ascii	"7\226 ~\306\024(\212\0057\"D `C\257\344\226\025\010"
 3384      C614288A 
 3384      05372244 
 3384      206043AF 
 3384      E4961508 
 3385 0222 89A3C8EB 		.ascii	"\211\243\310\353\241\206;\302\310ww\034\233\303b{\267"
 3385      A1863BC2 
 3385      C877771C 
 3385      9BC3627B 
 3385      B7
 3386 0233 5691E100 		.ascii	"V\221\341\000\335\264\207\204\230L\373\361\306\206%"
 3386      DDB48784 
 3386      984CFBF1 
 3386      C68625
 3387 0242 093E6072 		.ascii	"\011>`r\3442\314\344\257\355\214^\013\356=t\226\332"
 3387      E432CCE4 
 3387      AFED8C5E 
 3387      0BEE3D74 
 3387      96DA
 3388 0254 0BD48FB5 		.ascii	"\013\324\217\2654\024ftI\322\001\323\212\360\2356\350"
 3388      34146674 
 3388      49D201D3 
 3388      8AF09D36 
 3388      E8
 3389 0265 F4D6E232 		.ascii	"\364\326\3422"
 3390              		.text
 3391              		.section	.gnu.lto_HAL_PWREx_ConfigD3Domain.344.1f2f2586,"e",%progbits
 3392 0000 28B52FFD 		.ascii	"(\265/\375`\320\000\345\013\000\366USC\000s\224\016"
 3392      60D000E5 
 3392      0B00F655 
 3392      53430073 
 3392      940E
 3393 0012 9884D52E 		.ascii	"\230\204\325.\2501\250\032\220#d\026\001\007%\323$I"
 3393      A831A81A 
 3393      90236416 
 3393      010725D3 
 3393      2449
 3394 0024 8C53C718 		.ascii	"\214S\307\030\342\341S\341\206\010\026\037\237-Z\253"
 3394      E2E153E1 
 3394      8608161F 
 3394      9F2D5AAB 
 3395 0034 D9CBBFF1 		.ascii	"\331\313\277\361\247u\212\246\302\311\204\324r\340I"
 3395      A7758AA6 
 3395      C2C984D4 
 3395      72E049
 3396 0043 E6A92786 		.ascii	"\346\251'\206~~\373\267\337\270\255\224)\005=\000<\000"
 3396      7E7EFBB7 
 3396      DFB8AD94 
 3396      29053D00 
 3396      3C00
 3397 0055 3F002B64 		.ascii	"?\000+dF\217]p\2013h\036;/\200=b>\000{\364g\267\030"
 3397      468F5D70 
 3397      8133681E 
 3397      3B2F803D 
ARM GAS  C:\Users\nicx5\AppData\Local\Temp\ccXs0mXR.s 			page 95


 3397      623E007B 
 3398 006d 40B1BB79 		.ascii	"@\261\273y\341\322B\307\313\356fz\362\357\371\371\267"
 3398      E1D242C7 
 3398      CBEE667A 
 3398      F2EFF9F9 
 3398      B7
 3399 007e 7101AF11 		.ascii	"q\001\257\021\221gf\302\356:_#+n\275m\004\266=\373\012"
 3399      916766C2 
 3399      EE3A5F23 
 3399      2B6EBD6D 
 3399      04B63DFB 
 3400 0093 02B932E4 		.ascii	"\002\2712\344\263\022\344\307fhP$5\206\217\331\335\265"
 3400      B312E4C7 
 3400      66685024 
 3400      35868FD9 
 3400      DDB5
 3401 00a5 9AD847F9 		.ascii	"\232\330G\371c\2465\323\231\351g\"I\212\012\014\011"
 3401      63A635D3 
 3401      99E96722 
 3401      498A0A0C 
 3401      09
 3402 00b6 3C765D84 		.ascii	"<v]\204/\313\022}\310\260}\000\366\201\026\016O\373"
 3402      2FCB127D 
 3402      C8B07D00 
 3402      F681160E 
 3402      4FFB
 3403 00c8 345EE33B 		.ascii	"4^\343;\212\011s6\307\254\232\230\263\243\204\345\204"
 3403      8A097336 
 3403      C7AC9A98 
 3403      B3A384E5 
 3403      84
 3404 00d9 BAAC9AE3 		.ascii	"\272\254\232\343/\227\250\251\252w\261\010\020\206@"
 3404      2F97A8A9 
 3404      AA77B108 
 3404      108640
 3405 00e8 C227C0AE 		.ascii	"\302'\300\256\251w\221\264\264e\273{\312\010\315n\211"
 3405      A97791B4 
 3405      B465BB7B 
 3405      CA08CD6E 
 3405      89
 3406 00f9 031FC741 		.ascii	"\003\037\307A\226\346\3441\202)T\254_\002{\274nn\250"
 3406      96E6E431 
 3406      822954AC 
 3406      5F027BBC 
 3406      6E6EA8
 3407 010c 68CB0106 		.ascii	"h\313\001\006u01\320L\015@\236\016jUZ\215\264P\306'"
 3407      753031D0 
 3407      4C0D409E 
 3407      0E6A555A 
 3407      8DB450C6 
 3408 0121 8F87DA38 		.ascii	"\217\207\3328\226\210\015D)\225\372h!V]v\342F\331v\201"
 3408      96880D44 
 3408      2995FA68 
 3408      21565D76 
 3408      E246D976 
 3409 0136 8268F3BC 		.ascii	"\202h\363\274\007\242\254\343P$<p!\010\366T\025D\244"
 3409      07A2ACE3 
ARM GAS  C:\Users\nicx5\AppData\Local\Temp\ccXs0mXR.s 			page 96


 3409      50243C70 
 3409      2108F654 
 3409      1544A4
 3410 0149 8F8641C3 		.ascii	"\217\206A\303\210\324}\340T\033H\021,\020\260\015n\021"
 3410      88D47DE0 
 3410      541B4811 
 3410      2C10B00D 
 3410      6E11
 3411 015b 0086D2C6 		.ascii	"\000\206\322\3063\370\234s|sO\305\206q\346`\261!\310"
 3411      33F89C73 
 3411      7C734FC5 
 3411      8671E660 
 3411      B121C8
 3412 016e 5181656D 		.ascii	"Q\201em\226\034\337\212S\004\254\334n-\003Z\253)\340"
 3412      961CDF8A 
 3412      5304ACDC 
 3412      6E2D035A 
 3412      AB29E0
 3413 0181 2E2FDA49 		.ascii	"./\332I\006"
 3413      06
 3414              		.text
 3415              		.section	.gnu.lto_HAL_PWREx_EnableFlashPowerDown.345.1f2f2586,"e",%progbits
 3416 0000 28B52FFD 		.ascii	"(\265/\375`Z\000-\011\000&\320>:0\221\322\001\202L4"
 3416      605A002D 
 3416      090026D0 
 3416      3E3A3091 
 3416      D201824C 
 3417 0015 8C9F382A 		.ascii	"\214\2378*\225\032\000\235\242\325j\221\215\203\231"
 3417      951A009D 
 3417      A2D56A91 
 3417      8D8399
 3418 0024 19397A3A 		.ascii	"\0319z:\336\006\024Q5\246\266Q[\015\002\214M1\005\014"
 3418      DE061451 
 3418      35A6B651 
 3418      5B0D028C 
 3418      4D31050C 
 3419 0038 7B883A0F 		.ascii	"{\210:\017@\301'S\022\3746\032!r\247\024+\000-\000,"
 3419      40C12753 
 3419      12FC361A 
 3419      2172A714 
 3419      2B002D00 
 3420 004d 000FB0CA 		.ascii	"\000\017\260\312\336)(\331\015\271\330Vnl\273\353\351"
 3420      DE2928D9 
 3420      0DB9D856 
 3420      6E6CBBEB 
 3420      E9
 3421 005e ECAA4F95 		.ascii	"\354\252O\225\177\230\013\270^\253O\200\207\335\365"
 3421      7F980BB8 
 3421      5EAB4F80 
 3421      87DDF5
 3422 006d 74BD526E 		.ascii	"t\275Rn\275m\003\333\026\266i\001(\353\217|\336]C45"
 3422      BD6D03DB 
 3422      16B66901 
 3422      28EB8F7C 
 3422      DE5D4334 
 3423 0082 CAF297D3 		.ascii	"\312\362\227\323\243\263\363\346r5U\346s\2531\373\323"
 3423      A3B3F3E6 
ARM GAS  C:\Users\nicx5\AppData\Local\Temp\ccXs0mXR.s 			page 97


 3423      723555E6 
 3423      73AB31FB 
 3423      D3
 3424 0093 F3D3EF10 		.ascii	"\363\323\357\020lNd\016-\273,7\333\326:\234\027\333"
 3424      6C4E640E 
 3424      2DBB2C37 
 3424      DBD63A9C 
 3424      17DB
 3425 00a5 01B6CB3D 		.ascii	"\001\266\313=\267\032\363\000\015V#\321\226\247\226"
 3425      B71AF300 
 3425      0D5623D1 
 3425      96A796
 3426 00b4 77F170FB 		.ascii	"w\361p\373\203\317u\352[*,e\331\006\371L\012\264\013"
 3426      83CF75EA 
 3426      5B2A2C65 
 3426      D906F94C 
 3426      0AB40B
 3427 00c7 53F0632E 		.ascii	"S\360c.#\002\232\275\353J\223&%\220%qLy\210\034\031"
 3427      23029ABD 
 3427      EB4A9326 
 3427      25902571 
 3427      4C79881C 
 3428 00dc 26D327EA 		.ascii	"&\323'\352\370@y\244q\344\211\024\020\240H\222\013\240"
 3428      F84079A4 
 3428      71E48914 
 3428      10A04892 
 3428      0BA0
 3429 00ee 871A4B21 		.ascii	"\207\032K!\032\243\004\203\311S\004\030~\242\212\213"
 3429      1AA30483 
 3429      C9530418 
 3429      7EA28A8B 
 3430 00fe 5188DA18 		.ascii	"Q\210\332\030O\030a\303\004A\017\000<\203\3179\3077"
 3430      4F1861C3 
 3430      04410F00 
 3430      3C83CF39 
 3430      C737
 3431 0110 F7346C18 		.ascii	"\3674l\030g\016,6\225\234\210`\2420+\222\"pkv\304\020"
 3431      670E2C36 
 3431      959C8860 
 3431      A2302B92 
 3431      22706B76 
 3432 0126 FE655C70 		.ascii	"\376e\\p\351\026\355|\002"
 3432      E916ED7C 
 3432      02
 3433              		.text
 3434              		.section	.gnu.lto_HAL_PWREx_DisableFlashPowerDown.346.1f2f2586,"e",%progbits
 3435 0000 28B52FFD 		.ascii	"(\265/\375`]\000m\011\000D\020\337\000\000\000O\000"
 3435      605D006D 
 3435      09004410 
 3435      DF000000 
 3435      4F00
 3436 0012 00002300 		.ascii	"\000\000#\000\000\000\001\003\000\001\222\221\212\002"
 3436      00000103 
 3436      00019291 
 3436      8A02
 3437 0020 00808080 		.ascii	"\000\200\200\200@\007\002\001\201\221\212\021\001\271"
 3437      40070201 
ARM GAS  C:\Users\nicx5\AppData\Local\Temp\ccXs0mXR.s 			page 98


 3437      81918A11 
 3437      01B9
 3438 002e 0101007F 		.ascii	"\001\001\000\177\002\001\177\001\254\003/\200\200\200"
 3438      02017F01 
 3438      AC032F80 
 3438      8080
 3439 003c F8CB97B4 		.ascii	"\370\313\227\264\256\011\200\200\205\030\354\000\000"
 3439      AE098080 
 3439      8518EC00 
 3439      00
 3440 0049 7F000B01 		.ascii	"\177\000\013\001\000\000\000\257\322\005\340\200\370"
 3440      000000AF 
 3440      D205E080 
 3440      F8
 3441 0056 FF9F8080 		.ascii	"\377\237\200\200\346&\253\214\317+\005\001\000\002\001"
 3441      E626AB8C 
 3441      CF2B0501 
 3441      000201
 3442 0065 02000201 		.ascii	"\002\000\002\001\000\000\251\003\200\004\001\000\252"
 3442      0000A903 
 3442      80040100 
 3442      AA
 3443 0072 030281C0 		.ascii	"\003\002\201\300\000\377\002\200\342\365\3342\000\203"
 3443      00FF0280 
 3443      E2F5DC32 
 3443      0083
 3444 0080 03C2BE09 		.ascii	"\003\302\276\011\003\001\005\001\006{\001\000\200\220"
 3444      03010501 
 3444      067B0100 
 3444      8090
 3445 008e 89C00505 		.ascii	"\211\300\005\005\001\254\010y\274\001\273\001\0006\241"
 3445      01AC0879 
 3445      BC01BB01 
 3445      0036A1
 3446 009d 80800877 		.ascii	"\200\200\010w\275\001u\000\000\000\203\003\203\230\207"
 3446      BD017500 
 3446      00008303 
 3446      839887
 3447 00ac 01030203 		.ascii	"\001\003\002\003\001\006(\001\377\373\377\377\017\362"
 3447      01062801 
 3447      FFFBFFFF 
 3447      0FF2
 3448 00ba 8A01C003 		.ascii	"\212\001\300\003\002\000\207\003\202\340\371\334\022"
 3448      02008703 
 3448      82E0F9DC 
 3448      12
 3449 00c7 A9038004 		.ascii	"\251\003\200\004\001\200\300\000\000\000\024E:\\Wor"
 3449      0180C000 
 3449      00001445 
 3449      3A5C576F 
 3449      72
 3450 00d8 6B735C53 		.ascii	"ks\\STM32\\HBox\0008Drivers/H7xx_HAL_/Src/stm32hhal"
 3450      544D3332 
 3450      5C48426F 
 3450      78003844 
 3450      72697665 
 3451 0106 5F707772 		.ascii	"_pwr_ex.c\000\017\000<\203\3179\3077\367:4\234{\215"
ARM GAS  C:\Users\nicx5\AppData\Local\Temp\ccXs0mXR.s 			page 99


 3451      5F65782E 
 3451      63000F00 
 3451      3C83CF39 
 3451      C737F73A 
 3452 011e 60BD5669 		.ascii	"`\275Vi\364\010~\012\2638)b\264fG\014\341_\306\005\227"
 3452      F4087E0A 
 3452      B3382962 
 3452      B466470C 
 3452      E15FC605 
 3453 0133 6ED1CE27 		.ascii	"n\321\316'"
 3454              		.text
 3455              		.section	.gnu.lto_HAL_PWREx_EnableWakeUpPin.347.1f2f2586,"e",%progbits
 3456 0000 28B52FFD 		.ascii	"(\265/\375`\320\014\0259\000*c\234\025CP^N:\035v\207"
 3456      60D00C15 
 3456      39002A63 
 3456      9C154350 
 3456      5E4E3A1D 
 3457 0016 21716F36 		.ascii	"!qo6\307\237\037\206G\273GG8\002o\222<d\000\371\350"
 3457      C79F1F86 
 3457      47BB4747 
 3457      38026F92 
 3457      3C6400F9 
 3458 002b 19785111 		.ascii	"\031xQ\021l\034\217\007%2u\200^\262i\232\006s\303\000"
 3458      6C1C8F07 
 3458      25327580 
 3458      5EB2699A 
 3458      0673C300 
 3459 003f 339073FF 		.ascii	"3\220s\377\177W/:\332qz\315[B\226X\271\223\014O\001"
 3459      7F572F3A 
 3459      DA717ACD 
 3459      5B429658 
 3459      B9930C4F 
 3460 0054 22014A01 		.ascii	"\"\001J\001r\370>x7\247\027\007\217\237\367\306~\271"
 3460      72F83E78 
 3460      37A71707 
 3460      8F9FF7C6 
 3460      7EB9
 3461 0066 4363E766 		.ascii	"Cc\347f\256\216\317f\215\255s'\027\000\311$\011\013"
 3461      AE8ECF66 
 3461      8DAD7327 
 3461      1700C924 
 3461      090B
 3462 0078 33EF0FCD 		.ascii	"3\357\017\315\351\230\213\374\225f\256\310\334\227\337"
 3462      E9988BFC 
 3462      9566AEC8 
 3462      DC97DF
 3463 0087 933C345F 		.ascii	"\223<4_\314\305\313\361\317p\221\337\326$_\326 \216"
 3463      CCC5CBF1 
 3463      CF7091DF 
 3463      D6245FD6 
 3463      208E
 3464 0099 8FE1C7D9 		.ascii	"\217\341\307\331=wq[\326u-\336L\231\006R\204\357\313"
 3464      3D77715B 
 3464      D6752DDE 
 3464      4C990652 
 3464      84EFCB
 3465 00ac 209296AB 		.ascii	" \222\226\253\2667S\006\254\301\332}~\234\374\375\211"
ARM GAS  C:\Users\nicx5\AppData\Local\Temp\ccXs0mXR.s 			page 100


 3465      B6375306 
 3465      ACC1DA7D 
 3465      7E9CFCFD 
 3465      89
 3466 00bd 51E17014 		.ascii	"Q\341p\024\217\"\265]1\237\014\216\277\201\031\305\232"
 3466      8F22B55D 
 3466      319F0C8E 
 3466      BF8119C5 
 3466      9A
 3467 00ce AB923BD9 		.ascii	"\253\222;\331Sdp\213\021\365\250\3720\027s7.\036\035"
 3467      5364708B 
 3467      11F5A8FA 
 3467      30177337 
 3467      2E1E1D
 3468 00e1 69031BAE 		.ascii	"i\003\033\256e\016\310\374\273\"DJ\023\214\217\217\031"
 3468      650EC8FC 
 3468      BB22444A 
 3468      138C8F8F 
 3468      19
 3469 00f2 F831F5E8 		.ascii	"\3701\365\350Q\226+f6\035v\205\262\266\223\216\271\347"
 3469      51962B66 
 3469      361D7685 
 3469      B2B6938E 
 3469      B9E7
 3470 0104 6F5D9B4E 		.ascii	"o]\233NGy\207z\224\371(\310\325-\363\273\334K\330\277"
 3470      4779877A 
 3470      94F928C8 
 3470      D52DF3BB 
 3470      DC4BD8BF 
 3471 0118 F060A375 		.ascii	"\360`\243u\365\023\230f]\233O\\B=j<\201{tx\001\367("
 3471      F5139866 
 3471      5D9B4F5C 
 3471      423D6A3C 
 3471      817B7478 
 3472 012f 8731DF39 		.ascii	"\2071\33790\266\256Df\236\021\271\301u]\243\272\312"
 3472      30B6AE44 
 3472      669E11B9 
 3472      C1755DA3 
 3472      BACA
 3473 0141 C31E4454 		.ascii	"\303\036DT\323\213\016\333\206\361\335\336\341\256\016"
 3473      D38B0EDB 
 3473      86F1DDDE 
 3473      E1AE0E
 3474 0150 103A7167 		.ascii	"\020:qg=\036\204\344\304;\315\216<\221X\265\310\011"
 3474      3D1E84E4 
 3474      C43BCD8E 
 3474      3C9158B5 
 3474      C809
 3475 0162 11B5A74B 		.ascii	"\021\265\247K\275/`\232\251\331{\262\263\264\243cvJ"
 3475      BD2F609A 
 3475      A9D97BB2 
 3475      B3B4A363 
 3475      764A
 3476 0174 3B1C22C3 		.ascii	";\034\"\303Bg\005.\356\014\355=\244\012r\027\205\350"
 3476      4267052E 
 3476      EE0CED3D 
 3476      A40A7217 
ARM GAS  C:\Users\nicx5\AppData\Local\Temp\ccXs0mXR.s 			page 101


 3476      85E8
 3477 0186 2C391C12 		.ascii	",9\034\022\224\202w\272[ gb\326\246\031\326ueKvF\344"
 3477      948277BA 
 3477      5B206762 
 3477      D6A619D6 
 3477      75654B76 
 3478 019c 5C3C3373 		.ascii	"\\<3sa\3467\314BS\001\327\303L\344\347af\342\321-U\371"
 3478      61E637CC 
 3478      425301D7 
 3478      C34CE4E7 
 3478      6166E2D1 
 3479 01b3 BAA5A387 		.ascii	"\272\245\243\207c\376\225\220-\306\033\336\000\235\271"
 3479      63FE9590 
 3479      2DC61BDE 
 3479      009DB9
 3480 01c2 65BEF939 		.ascii	"e\276\3719\343\276\024\370\266G\005P\360}3\267|\230"
 3480      E3BE14F8 
 3480      B6470550 
 3480      F07D33B7 
 3480      7C98
 3481 01d4 206D2133 		.ascii	" m!3\277\370\035\333\257s\027\307\205\231\353v\300\324"
 3481      BFF81DDB 
 3481      AF7317C7 
 3481      8599EB76 
 3481      C0D4
 3482 01e6 755D27F0 		.ascii	"u]'\360\375:\304P\253\360\270G\337\026\326\330\220\235"
 3482      FD3AC450 
 3482      ABF0B847 
 3482      DF16D6D8 
 3482      909D
 3483 01f8 64FB84E2 		.ascii	"d\373\204\342\\\011\007\371\010\255\353\231\356\331"
 3483      5C0907F9 
 3483      08ADEB99 
 3483      EED9
 3484 0206 FE3526C8 		.ascii	"\3765&\310:\266o\016U\037\237s\265\205\334L\332\236"
 3484      3AB66F0E 
 3484      551F9F73 
 3484      B585DC4C 
 3484      DA9E
 3485 0218 C21FAEBD 		.ascii	"\302\037\256\275\306\234Z\256J-S]\356<\225Z\226J-G\021"
 3485      C69C5AAE 
 3485      4A2D535D 
 3485      EE3C955A 
 3485      964A2D47 
 3486 022d 2D43BDEE 		.ascii	"-C\275\356\374\224Z\216\220Zv\"Z\206p\274sSj\231)\265"
 3486      FC945A8E 
 3486      905A7622 
 3486      5A8670BC 
 3486      73536A99 
 3487 0243 BC44B4FC 		.ascii	"\274D\264\374\340\3153\003\242e\245\324\362\202\267"
 3487      E0CD3303 
 3487      A265A5D4 
 3487      F282B7
 3488 0252 9D8DA965 		.ascii	"\235\215\251e\005w\236\223\376\345GJ-'\270\226\217\256"
 3488      05779E93 
 3488      FEE5474A 
 3488      2D27B896 
ARM GAS  C:\Users\nicx5\AppData\Local\Temp\ccXs0mXR.s 			page 102


 3488      8FAE
 3489 0264 6504D7F2 		.ascii	"e\004\327\362\201k\331\300\265\\\340Z&p-\017\270\226"
 3489      816BD9C0 
 3489      B55CE05A 
 3489      26702D0F 
 3489      B896
 3490 0276 055CCB46 		.ascii	"\005\\\313F\252\345\"\325r\000\3252\200k\231\350Z\036"
 3490      AAE522D5 
 3490      7200D532 
 3490      806B99E8 
 3490      5A1E
 3491 0288 522D0B5D 		.ascii	"R-\013]\313E\325r\220j\231\250ZV\257\345\364Z\276\327"
 3491      CB45D572 
 3491      906A99A8 
 3491      5A56AFE5 
 3491      F45ABED7 
 3492 029c 32AA5A1E 		.ascii	"2\252Z\036\246\226\373Z\266\327\362%\240h\304\264Uq"
 3492      A696FB5A 
 3492      B6D7F225 
 3492      A068C4B4 
 3492      5571
 3493 02ae CAB3AE4B 		.ascii	"\312\263\256K\012\007\327=T\215\225\313\375u?\336\357"
 3493      0A07D73D 
 3493      548D95CB 
 3493      FD753FDE 
 3493      EF
 3494 02bf FC9B7FDB 		.ascii	"\374\233\177\333/\363\237}N~\317\276\033\301m\241\362"
 3494      2FF39F7D 
 3494      4E7ECFBE 
 3494      1BC16DA1 
 3494      F2
 3495 02d0 2738C7B9 		.ascii	"'8\307\271\307\226\226\305\231\324wn\220\303\267\367"
 3495      C79696C5 
 3495      99D4776E 
 3495      90C3B7F7 
 3496 02e0 D4F904B3 		.ascii	"\324\371\004\2637\324o\"\275%\232P\333\241&jQ\022V\265"
 3496      37D46F22 
 3496      BD259A50 
 3496      DBA1266A 
 3496      511256B5 
 3497 02f4 50963E67 		.ascii	"P\226>g\352\252f\273T\203\243>\350\245\246\346\353="
 3497      EAAA66BB 
 3497      5483A33E 
 3497      E8A5A6E6 
 3497      EB3D
 3498 0306 D04B51A7 		.ascii	"\320KQ\247\276\335\360\177\036\241I/\016\034\274\273"
 3498      BEDDF07F 
 3498      1EA1492F 
 3498      0E1CBCBB 
 3499 0316 B9B42C6D 		.ascii	"\271\264,mM}\274*yo\356N\014|r\331{j1\366\333\212}\333"
 3499      4D7DBC2A 
 3499      796FEE4E 
 3499      0C7C72D9 
 3499      7B6A31F6 
 3500 032e D844419D 		.ascii	"\330DA\235v\261\211oJ\302$b\0075\212\261\245Z\362\014"
 3500      76B1896F 
 3500      4AC22462 
ARM GAS  C:\Users\nicx5\AppData\Local\Temp\ccXs0mXR.s 			page 103


 3500      07358AB1 
 3500      A55AF20C 
 3501 0342 E7AA4DEC 		.ascii	"\347\252M\354+\231\335*\0300\313@\347\363\010\335m."
 3501      2B99DD2A 
 3501      1830CB40 
 3501      E7F308DD 
 3501      6D2E
 3502 0354 84767A6A 		.ascii	"\204vzj\276\035\004\265\314\011\332S\330\"A\223\303"
 3502      BE1D04B5 
 3502      CC09DA53 
 3502      D8224193 
 3502      C3
 3503 0365 D6519D04 		.ascii	"\326Q\235\004\315\231\307\032\257\342Ju\231\340\237"
 3503      CD99C71A 
 3503      AFE24A75 
 3503      99E09F
 3504 0374 ECDCB4A9 		.ascii	"\354\334\264\251S\363&\215\351|\352\327\205Aa\263F\315"
 3504      53F3268D 
 3504      E97CEAD7 
 3504      854161B3 
 3504      46CD
 3505 0386 ADDFD507 		.ascii	"\255\337\325\007S9.lh\277o?\220;\262d\2116l\333h\027"
 3505      53392E6C 
 3505      68BF6F3F 
 3505      903BB264 
 3505      89366CDB 
 3506 039c C7948454 		.ascii	"\307\224\204T=\354\273\375\203\0270\012\216t\0234U\247"
 3506      3DECBBFD 
 3506      8317300A 
 3506      8E741334 
 3506      55A7
 3507 03ae 6AEA91AE 		.ascii	"j\352\221\256T'h\266J%\311N\016\241:\252\021,\003!;"
 3507      542768B6 
 3507      4A25C94E 
 3507      0EA13AAA 
 3507      112C0321 
 3508 03c3 C94576AA 		.ascii	"\311Ev\252\371tXY\367dP\315\305D\254\307\230\352\214"
 3508      F9745859 
 3508      F76450CD 
 3508      C544ACC7 
 3508      98EA8C
 3509 03d6 9636EB8B 		.ascii	"\2266\353\213[\353\236\302\314`w\252\251\334\374\304"
 3509      5BEB9EC2 
 3509      CC6077AA 
 3509      A9DCFCC4 
 3510 03e6 6C20669E 		.ascii	"l f\236\211\222\346KN\270-T\000\005\347~\267[8i\314"
 3510      8992E64B 
 3510      4EB82D54 
 3510      0005E77E 
 3510      B75B3869 
 3511 03fb 363F7F48 		.ascii	"6?\177H2\200\316\251\276\334\215;\036\010\250\245*o"
 3511      3280CEA9 
 3511      BEDC8D3B 
 3511      1E08A8A5 
 3511      2A6F
 3512 040d B77494C3 		.ascii	"\267t\224\303\222\004|\264|\304\320<\345\300\030A\312"
 3512      92047CB4 
ARM GAS  C:\Users\nicx5\AppData\Local\Temp\ccXs0mXR.s 			page 104


 3512      7CC4D03C 
 3512      E5C01841 
 3512      CA
 3513 041e 81D10617 		.ascii	"\201\321\006\027\213\243\320\326WW\326\015\224a@ii\275"
 3513      8BA3D0D6 
 3513      5757D60D 
 3513      94614069 
 3513      69BD
 3514 0430 C0F2E2F2 		.ascii	"\300\362\342\362\222\241\025\265\325\342\253Kk\006\210"
 3514      92A115B5 
 3514      D5E2AB4B 
 3514      6B0688
 3515 043f 282B1056 		.ascii	"(+\020V#8(\331\350\372\362\332:\336\027\\.f\320\340"
 3515      233828D9 
 3515      E8FAF2DA 
 3515      3ADE175C 
 3515      2E66D0E0 
 3516 0453 3083AB06 		.ascii	"0\203\253\006\361\305\3261\215\341\2255\242\253\353"
 3516      F1C5D631 
 3516      8DE19535 
 3516      A2ABEB
 3517 0462 AB86CA16 		.ascii	"\253\206\312\026\\\260\220\252b1e\001\312\350%#\353"
 3517      5CB090AA 
 3517      62316501 
 3517      CAE82523 
 3517      EB
 3518 0473 98556206 		.ascii	"\230Ub\006W\011\257 \326\202\312\261\205u\304Q\003\253"
 3518      5709AF20 
 3518      D682CAB1 
 3518      8575C451 
 3518      03AB
 3519 0485 2B0B060C 		.ascii	"+\013\006\014\252*\0316\274\242\264\216VQX\"4|\300\312"
 3519      AA2A1936 
 3519      BCA2B48E 
 3519      56515822 
 3519      347CC0CA 
 3520 0499 9183C287 		.ascii	"\221\203\302\207(\257\343\326\015\256c\207\012\234\203"
 3520      28AFE3D6 
 3520      0DAE6387 
 3520      0A9C83
 3521 04a8 C6860F2B 		.ascii	"\306\206\017+\250\252F\234\260Z\341\025\343H#\305\212"
 3521      A8AA469C 
 3521      B05AE115 
 3521      E34823C5 
 3521      8A
 3522 04b9 0B1E0630 		.ascii	"\013\036\0060s\023\371\341\332k\304\005\375\247S\257"
 3522      7313F9E1 
 3522      DA6BC405 
 3522      FDA753AF 
 3523 04c9 4CFD9F2B 		.ascii	"L\375\237+\3502ff#:M\366\220\275\344\243FC\320\007\372"
 3523      E8326666 
 3523      233A4DF6 
 3523      90BDE4A3 
 3523      4643D007 
 3524 04de C8C01B41 		.ascii	"\310\300\033A_IH\224,,,<\3235\320\007BX\263!\266l\304"
 3524      5F494894 
 3524      2C2C2C3C 
ARM GAS  C:\Users\nicx5\AppData\Local\Temp\ccXs0mXR.s 			page 105


 3524      D335D007 
 3524      4258B321 
 3525 04f5 BAAE2741 		.ascii	"\272\256'A\342\03650X\240\203\234,\260\255\223ll\002"
 3525      E21E3530 
 3525      58A0839C 
 3525      2CB0AD93 
 3525      6C6C02
 3526 0508 5DA0BF44 		.ascii	"]\240\277D\033\320\002\232@\177\251\306\240\007\364"
 3526      1BD0029A 
 3526      407FA9C6 
 3526      A007F4
 3527 0517 97484C58 		.ascii	"\227HLX2+u]\233L`\353\303\376@\2016\177\230\255OqS\334"
 3527      322B755D 
 3527      9B4C60EB 
 3527      C3FE4081 
 3527      367F98AD 
 3528 052f A3029AC8 		.ascii	"\243\002\232\310\326\366\304\303\240\337\274\321\250"
 3528      D6F6C4C3 
 3528      A0DFBCD1 
 3528      A8
 3529 053c 899A4113 		.ascii	"\211\232A\023\0255\3305\352\264\210\2220\320\003tQ["
 3529      1535D835 
 3529      EAB48892 
 3529      30D00374 
 3529      515B
 3530 054e E0B3544B 		.ascii	"\340\263TK\002:\200\016\320SQ\224\314d\003\350\246e"
 3530      023A800E 
 3530      D0535194 
 3530      CC6403E8 
 3530      A665
 3531 0560 20E49C20 		.ascii	" \344\234 \245^\220\324\374\247\322\223\230.\365\365"
 3531      A55E90D4 
 3531      FCA7D293 
 3531      982EF5F5 
 3532 0570 EEFF9C29 		.ascii	"\356\377\234))\200\353\250\201<\304\02434C#\012\222"
 3532      2980EBA8 
 3532      813CC414 
 3532      33344323 
 3532      0A92
 3533 0582 8214241D 		.ascii	"\202\024$\035\360\002\021\241\241:\022\240\264-I;\343"
 3533      F00211A1 
 3533      A13A12A0 
 3533      B42D493B 
 3533      E3
 3534 0593 4C502449 		.ascii	"LP$IF\012RP\257\007\024(zI\2362\007\317\360M\302u\037"
 3534      460A5250 
 3534      AF071428 
 3534      7A499E32 
 3534      07CFF04D 
 3535 05aa 98387EAF 		.ascii	"\2308~\257M.\267\017\234\306Xs\214[A\337\206\317\030"
 3535      4D2EB70F 
 3535      9CC65873 
 3535      8C5B41DF 
 3535      86CF18
 3536 05bd DF8A6C69 		.ascii	"\337\212li\2070\263*\204\003w\331\200\214;`\035l\352"
 3536      8730B32A 
 3536      840377D9 
ARM GAS  C:\Users\nicx5\AppData\Local\Temp\ccXs0mXR.s 			page 106


 3536      808C3B60 
 3536      1D6CEA
 3537 05d0 D8289411 		.ascii	"\330(\224\021JdEYS\"O\021\2728\306\236\203\242\224\010"
 3537      4A644559 
 3537      53224F11 
 3537      BA38C69E 
 3537      83A29408 
 3538 05e4 CCA85B8D 		.ascii	"\314\250[\215\024R,\213Y9sI\300\307[\222~\014\253\201"
 3538      14522C8B 
 3538      59397349 
 3538      C0C75B92 
 3538      7E0CAB81 
 3539 05f8 C00DC28C 		.ascii	"\300\015\302\214MD\002%\327\030\246WfU\321\001nZ\327"
 3539      4D440225 
 3539      D718A657 
 3539      6655D101 
 3539      6E5AD7
 3540 060b 6CBF23B8 		.ascii	"l\277#\270\371\274P2\251\251\303M\361\365,\024\017\202"
 3540      F9BC5032 
 3540      A9A9C34D 
 3540      F1F52C14 
 3540      0F82
 3541 061d D3890164 		.ascii	"\323\211\001d?T\014\036fF.\007k\304\332\252.?\026/\177"
 3541      3F540C1E 
 3541      66462E07 
 3541      6BC4DAAA 
 3541      2E3F162F 
 3542 0632 63C91A37 		.ascii	"c\311\03270\247\365\350\250\024\317jl\036aM\360'r\201"
 3542      30A7F5E8 
 3542      A814CF6A 
 3542      6C1E614D 
 3542      F0277281 
 3543 0646 A21E554C 		.ascii	"\242\036UL\324\022\211i\325\357\026b/-\221N0`>d<\244"
 3543      D4128969 
 3543      D5EF1662 
 3543      2F2D914E 
 3543      30603E64 
 3544 065c 1931A482 		.ascii	"\0311\244\202\037\270\035g\212R)\334m\340\322\337%\203"
 3544      1FB81D67 
 3544      8A5229DC 
 3544      6DE0D2DF 
 3544      2583
 3545 066e 8F85A0A4 		.ascii	"\217\205\240\244A\342\211\007\004\341b3ch \345_\322"
 3545      41E28907 
 3545      04E16233 
 3545      636820E5 
 3545      5FD2
 3546 0680 147847FB 		.ascii	"\024xG\373&l&\267\327\324\"X\2372\211\001\036\372\016"
 3546      266C26B7 
 3546      D7D42258 
 3546      9F328901 
 3546      1EFA0E
 3547 0693 937E6E6B 		.ascii	"\223~nk\217\300\012\335\257\363\266\241\261\341\014"
 3547      8FC00ADD 
 3547      AFF3B6A1 
 3547      B1E10C
 3548 06a2 49CFC701 		.ascii	"I\317\307\001\3652\345\3758Nu\227\237\004A\355\203\320"
ARM GAS  C:\Users\nicx5\AppData\Local\Temp\ccXs0mXR.s 			page 107


 3548      F532E5FD 
 3548      384E7597 
 3548      9F0441ED 
 3548      83D0
 3549 06b4 78158AB1 		.ascii	"x\025\212\261\363\257\271\254\322\304\231\257\244`\272"
 3549      F3AFB9AC 
 3549      D2C499AF 
 3549      A460BA
 3550 06c3 13B9DBA7 		.ascii	"\023\271\333\247\215\2213\203\273}\332xP\2603\357l\334"
 3550      8D913383 
 3550      BB7DDA78 
 3550      50B033EF 
 3550      6CDC
 3551 06d5 2CEC61FF 		.ascii	",\354a\377\264\265S\211\303\244\241]\031\255\331O\001"
 3551      B4B55389 
 3551      C3A4A15D 
 3551      19ADD94F 
 3551      01
 3552 06e6 07819A05 		.ascii	"\007\201\232\005\207-\234.\001\213\321\204x\274\313"
 3552      872D9C2E 
 3552      018BD184 
 3552      78BCCB
 3553 06f5 2086ABA7 		.ascii	" \206\253\247\365\2205\244(K&\337\351\234\224\366*\330"
 3553      F59035A4 
 3553      284B26DF 
 3553      E99C94F6 
 3553      2AD8
 3554 0707 5856D8B2 		.ascii	"XV\330\262\030\223gK\243\2422D\244\203J$Rl\341Rp\226"
 3554      1893674B 
 3554      A3A23244 
 3554      A4834A24 
 3554      526CE152 
 3555 071d 5FB344DA 		.ascii	"_\263D\332\254\022\342\231<4o\323\305\377\001"
 3555      AC12E299 
 3555      3C346FD3 
 3555      C5FF01
 3556              		.text
 3557              		.section	.gnu.lto_HAL_PWREx_DisableWakeUpPin.348.1f2f2586,"e",%progbits
 3558 0000 28B52FFD 		.ascii	"(\265/\375`\312\000\315\013\000\326\025SD\020Q\225\016"
 3558      60CA00CD 
 3558      0B00D615 
 3558      53441051 
 3558      950E
 3559 0012 00E0A952 		.ascii	"\000\340\251R\0208\012\005\254 \010\216\303X\321\241"
 3559      10380A05 
 3559      AC20088E 
 3559      C358D1A1 
 3560 0022 C051F71C 		.ascii	"\300Q\367\034\012a\2768\254\216PD\010=]\242V\024\000"
 3560      0A61BE38 
 3560      AC8E5044 
 3560      083D5DA2 
 3560      561400
 3561 0035 8EBF6396 		.ascii	"\216\277c\226\"D\304\236\225}7\003\362\211\012\270:"
 3561      2244C49E 
 3561      957D3703 
 3561      F2890AB8 
 3561      3A
ARM GAS  C:\Users\nicx5\AppData\Local\Temp\ccXs0mXR.s 			page 108


 3562 0046 76C0EB23 		.ascii	"v\300\353#\251\304\260\335M\356\224\002<\000=\000<\000"
 3562      A9C4B0DD 
 3562      4DEE9402 
 3562      3C003D00 
 3562      3C00
 3563 0058 8B226263 		.ascii	"\213\"bcWL\340\020\346s\363\001\226\317\312\003X>\015"
 3563      574CE010 
 3563      E673F301 
 3563      96CFCA03 
 3563      583E0D
 3564 006b DA238111 		.ascii	"\332#\201\021\273\031\021\232\211\032'\273\273)\310"
 3564      BB19119A 
 3564      891A27BB 
 3564      BB29C8
 3565 007a C14BD03F 		.ascii	"\301K\320?\311\001\314j\260\313\013\204\335\265\234"
 3565      C901CC6A 
 3565      B0CB0B84 
 3565      DDB59C
 3566 0089 D54ADC7A 		.ascii	"\325J\334z\333\010l\207\260o rt\321\031Cr\254L\261\010"
 3566      DB086C87 
 3566      B06F2072 
 3566      74D11943 
 3566      72AC4CB1 
 3567 009e 93BAC2AF 		.ascii	"\223\272\302\257\354\356Z?\354\217\374SJ\253\224\226"
 3567      ECEE5A3F 
 3567      EC8FFC53 
 3567      4AAB9496 
 3568 00ae 52FA9789 		.ascii	"R\372\227\211\003\245$\344\000\213\335\024)'k2o\264"
 3568      03A524E4 
 3568      008BDD14 
 3568      29276B32 
 3568      6FB4
 3569 00c0 B07D0FBB 		.ascii	"\260}\017\273\200\216\014\227\366_\034\006\370\021\021"
 3569      808E0C97 
 3569      F65F1C06 
 3569      F81111
 3570 00cf D66CB6B8 		.ascii	"\326l\266\270\257\254~X3\222\230\304TfU\032\237\355"
 3570      AFAC7E58 
 3570      339298C4 
 3570      5466551A 
 3570      9FED
 3571 00e1 D0ABEA65 		.ascii	"\320\253\352e'B\015=U\352e(b\032\332\366>\343\003fW"
 3571      27420D3D 
 3571      55EA6528 
 3571      621ADAF6 
 3571      3EE30366 
 3572 00f6 05035FC6 		.ascii	"\005\003_\306E\027\006\344s\212$h\373\327_\226\317k"
 3572      451706E4 
 3572      738A2468 
 3572      FBD75F96 
 3572      CF6B
 3573 0108 26468986 		.ascii	"&F\211\206\016\376h0)\360\230\026|8\233\016\252P\013"
 3573      0EFE6830 
 3573      29F09816 
 3573      7C389B0E 
 3573      AA500B
 3574 011b 036A551A 		.ascii	"\003jU\032e|\342|(\256s\265\270\015\245T\252\343\341"
ARM GAS  C:\Users\nicx5\AppData\Local\Temp\ccXs0mXR.s 			page 109


 3574      657CE27C 
 3574      28AE73B5 
 3574      B80DA554 
 3574      AAE3E1
 3575 012e E0C1DB4E 		.ascii	"\340\301\333N\235h\343*D\000q\337\327\000\264y\035\012"
 3575      9D68E32A 
 3575      440071DF 
 3575      D700B479 
 3575      1D0A
 3576 0140 84AA9BE0 		.ascii	"\204\252\233\340\300\037K\002\210\324\361X\270 \"y\253"
 3576      C01F4B02 
 3576      88D4F158 
 3576      B8202279 
 3576      AB
 3577 0151 8E35223D 		.ascii	"\2165\"=\240 \300\001\020\000\024\245\203g\2309G\372"
 3577      A020C001 
 3577      100014A5 
 3577      83679839 
 3577      47FA
 3578 0163 E68888AD 		.ascii	"\346\210\210\255\341l\002Kl\245#LH9Zt\023\023k\345\""
 3578      E16C024B 
 3578      6CA5234C 
 3578      48395A74 
 3578      13136BE5 
 3579 0178 6B19D05A 		.ascii	"k\031\320ZM\001wy\321N2"
 3579      4D017779 
 3579      D14E32
 3580              		.text
 3581              		.section	.gnu.lto_HAL_PWREx_GetWakeupFlag.349.1f2f2586,"e",%progbits
 3582 0000 28B52FFD 		.ascii	"(\265/\375`\241\000\245\013\000\304\024\363\000\000"
 3582      60A100A5 
 3582      0B00C414 
 3582      F30000
 3583 000f 007B0000 		.ascii	"\000{\000\000\000'\000\000\000\001\003\000\001\222\221"
 3583      00270000 
 3583      00010300 
 3583      019291
 3584 001e 8A020080 		.ascii	"\212\002\000\200\200\200@\007\002\001\201\221\212\367"
 3584      80804007 
 3584      02018191 
 3584      8AF7
 3585 002c B7CB9701 		.ascii	"\267\313\227\001\001\275\001\001\000\177\002\001\177"
 3585      01BD0101 
 3585      007F0201 
 3585      7F
 3586 0039 01AC0305 		.ascii	"\001\254\003\005\001\006\023\001\004\005\001\006\025"
 3586      01061301 
 3586      04050106 
 3586      15
 3587 0046 01202FC0 		.ascii	"\001 /\300\200\200\370\313\227\362\266Q\201\274\320"
 3587      8080F8CB 
 3587      97F2B651 
 3587      81BCD0
 3588 0055 80097F00 		.ascii	"\200\011\177\000}\272\001\271\001\000\000\000\000\005"
 3588      7DBA01B9 
 3588      01000000 
 3588      0005
ARM GAS  C:\Users\nicx5\AppData\Local\Temp\ccXs0mXR.s 			page 110


 3589 0063 01085000 		.ascii	"\001\010P\000-\300\200\200\320\270\371\200\200\022\000"
 3589      2DC08080 
 3589      D0B8F980 
 3589      801200
 3590 0072 7FBC0102 		.ascii	"\177\274\001\002\000[\322\031\000\000\013\000\000}\000"
 3590      005BD219 
 3590      00000B00 
 3590      007D00
 3591 0081 0000AFD2 		.ascii	"\000\000\257\322\005\340\200\370\377\237\200\200\316"
 3591      05E080F8 
 3591      FF9F8080 
 3591      CE
 3592 008e 2EADC2C1 		.ascii	".\255\302\301\334\005\005\001\000\002\002\003\001\001"
 3592      DC050501 
 3592      00020203 
 3592      0101
 3593 009c BC010400 		.ascii	"\274\001\004\000\002\000\000\000\251\003\200\004\001"
 3593      02000000 
 3593      A9038004 
 3593      01
 3594 00a9 00AA0302 		.ascii	"\000\252\003\002\201\300\000\377\002\200\342\361\355"
 3594      81C000FF 
 3594      0280E2F1 
 3594      ED
 3595 00b6 32FCED02 		.ascii	"2\374\355\002\000\203\003\302\276\251\036\003\001\005"
 3595      008303C2 
 3595      BEA91E03 
 3595      0105
 3596 00c4 01067901 		.ascii	"\001\006y\001\000\200\220\211\300\005\005\001\254\010"
 3596      00809089 
 3596      C0050501 
 3596      AC08
 3597 00d2 77C001BF 		.ascii	"w\300\001\277\001\0006\241\200\200\010u\301\001s\000"
 3597      010036A1 
 3597      80800875 
 3597      C1017300 
 3598 00e2 00008303 		.ascii	"\000\000\203\003\203\230\207\365\005\003\004\003\001"
 3598      839887F5 
 3598      05030403 
 3598      01
 3599 00ef 03030087 		.ascii	"\003\003\000\207\003\202\240\006\003\004\251\003\200"
 3599      0382A006 
 3599      0304A903 
 3599      80
 3600 00fc 040180C0 		.ascii	"\004\001\200\300\000\000\000\024E:\\Works\\STM32\\H"
 3600      00000014 
 3600      453A5C57 
 3600      6F726B73 
 3600      5C53544D 
 3601 0114 426F7800 		.ascii	"Box\0008Drivers/H7xx_HAL_/Src/stm32hhal_pwr_ex.c\000"
 3601      38447269 
 3601      76657273 
 3601      2F483778 
 3601      785F4841 
 3602 0142 0A57616B 		.ascii	"\012WakeUpFlag .91b30bf9\000\016\000\031\245\203g\230"
 3602      65557046 
 3602      6C616720 
ARM GAS  C:\Users\nicx5\AppData\Local\Temp\ccXs0mXR.s 			page 111


 3602      2E393162 
 3602      33306266 
 3603 015f 3947FAE6 		.ascii	"9G\372\346\221\252\326\0204\323FcQJ\263+\242\267\306"
 3603      91AAD610 
 3603      34D34663 
 3603      514AB32B 
 3603      A2B7C6
 3604 0172 3863F1F4 		.ascii	"8c\361\364\020\\\370\231\347\325N2"
 3604      105CF899 
 3604      E7D54E32 
 3605              		.text
 3606              		.section	.gnu.lto_HAL_PWREx_ClearWakeupFlag.350.1f2f2586,"e",%progbits
 3607 0000 28B52FFD 		.ascii	"(\265/\375`p\001\035\017\000\026\\hH\320TQ:\260\275"
 3607      6070011D 
 3607      0F00165C 
 3607      6848D054 
 3607      513AB0BD 
 3608 0014 6952E148 		.ascii	"iR\341Hu\0008\206\177\331<D \366X2\004v*|Et\366?\361"
 3608      75003886 
 3608      7FD93C44 
 3608      20F65832 
 3608      04762A7C 
 3609 002d DD711A91 		.ascii	"\335q\032\221d\"\327;\263\346\341'f\330\337\361b\001"
 3609      6422D73B 
 3609      B3E6E127 
 3609      66D8DFF1 
 3609      6201
 3610 003f EDC288C3 		.ascii	"\355\302\210\303\305k\225\034.\223\353r4t4L\210\326"
 3610      C56B951C 
 3610      2E93EB72 
 3610      3474344C 
 3610      88D6
 3611 0051 C8DE72A7 		.ascii	"\310\336r\247\024R\000O\000P\000\011|\301\364\211\362"
 3611      1452004F 
 3611      00500009 
 3611      7CC1F489 
 3611      F2
 3612 0062 13EF537E 		.ascii	"\023\357S~\200\367i\333(\0064\203\272E5n6\320\350\241"
 3612      80F769DB 
 3612      28063483 
 3612      BA45356E 
 3612      36D0E8A1 
 3613 0076 B3036937 		.ascii	"\263\003i7<\251\317\301K\215\240osi\222\023\344\343"
 3613      3CA9CFC1 
 3613      4B8DA06F 
 3613      73699213 
 3613      E4E3
 3614 0088 86CB5D25 		.ascii	"\206\313]%\202\235\0379\023\034\216<\011\322\302\350"
 3614      829D1F39 
 3614      131C8E3C 
 3614      09D2C2E8 
 3615 0098 408F39B8 		.ascii	"@\2179\270Z\214%\226\335u\274\341R\334\363\266[l\317"
 3615      5A8C2596 
 3615      DD75BCE1 
 3615      52DCF3B6 
 3615      5B6CCF
 3616 00ab ECF30431 		.ascii	"\354\363\0041\357\363Z\202CHk\216G;\031G3\204lLrh\023"
ARM GAS  C:\Users\nicx5\AppData\Local\Temp\ccXs0mXR.s 			page 112


 3616      EFF35A82 
 3616      43486B8E 
 3616      473B1947 
 3616      33846C4C 
 3617 00c2 B5C797AB 		.ascii	"\265\307\227\253:\373?\177\311\321S\243\245F\253FG\215"
 3617      3AFB3F7F 
 3617      C9D153A3 
 3617      A546AB46 
 3617      478D
 3618 00d4 7EC91CA2 		.ascii	"~\311\034\242C\310\305J\221\335\025IH\273\233<`\330"
 3618      43C8C54A 
 3618      91DD1549 
 3618      48BB9B3C 
 3618      60D8
 3619 00e6 A6D901EC 		.ascii	"\246\331\001\354\00218\304h\337\306o\320\3763\263\200"
 3619      023138C4 
 3619      68DFC66F 
 3619      D0FE33B3 
 3619      80
 3620 00f7 5D24408A 		.ascii	"]$@\212v\303\372\203\336\324\023\266\247\232\345Fm\022"
 3620      76C3FA83 
 3620      DED413B6 
 3620      A79AE546 
 3620      6D12
 3621 0109 C3D191BF 		.ascii	"\303\321\221\277\270\355\354T{\374\231'\0255D\004'&"
 3621      B8EDEC54 
 3621      7BFC9927 
 3621      15354404 
 3621      2726
 3622 011b 714955A5 		.ascii	"qIU\245N\"\233\212\327\211T\017\350\214\242\016\375"
 3622      4E229B8A 
 3622      D789540F 
 3622      E88CA20E 
 3622      FD
 3623 012c 66A4A4D7 		.ascii	"f\244\244\327\250\267\345jZ\263\035\3429`\246]\026\015"
 3623      A8B7E56A 
 3623      5AB31DE2 
 3623      3960A65D 
 3623      160D
 3624 013e FCA08723 		.ascii	"\374\240\207#L\273{\237\317\031\226@\261\217=V\351\000"
 3624      4CBB7B9F 
 3624      CF199640 
 3624      B18F3D56 
 3624      E900
 3625 0150 A32005B3 		.ascii	"\243 \005\263@%\005\305C\213\206B\215\006\327L\353\005"
 3625      402505C5 
 3625      438B8642 
 3625      8D06D74C 
 3625      EB05
 3626 0162 80635264 		.ascii	"\200cRd.\326\027\253a\321\264ddP)\020\"`\247\230\317"
 3626      2ED617AB 
 3626      61D1B464 
 3626      64502910 
 3626      2260A798 
 3627 0177 E5C4AA00 		.ascii	"\345\304\252\000A\305\222\311\034\250N\260\317E\342"
 3627      41C592C9 
 3627      1CA84EB0 
ARM GAS  C:\Users\nicx5\AppData\Local\Temp\ccXs0mXR.s 			page 113


 3627      CF45E2
 3628 0186 C327E181 		.ascii	"\303'\341\201e\257\010\252\025*e!\203\313\0126\363\275"
 3628      65AF08AA 
 3628      152A6521 
 3628      83CB0A36 
 3628      F3BD
 3629 0198 5E562B13 		.ascii	"^V+\023\010\330\016\367rUg\003:<&\242\017z\007z\313"
 3629      08D80EF7 
 3629      72556703 
 3629      3A3C26A2 
 3629      0F7A077A 
 3630 01ad 2D180019 		.ascii	"-\030\000\031\245\203g\2309G\372\346\310\256o\211\330"
 3630      A5836798 
 3630      3947FAE6 
 3630      C8AE6F89 
 3630      D8
 3631 01be 94C8B983 		.ascii	"\224\310\271\203\371\210\307o\343\3020\236\242\004\356"
 3631      F988C76F 
 3631      E3C2309E 
 3631      A204EE
 3632 01cd AE411004 		.ascii	"\256A\020\004\014*\271\006\301\332\307,x\211\235\232"
 3632      0C2AB906 
 3632      C1DAC72C 
 3632      78899D9A 
 3633 01dd 805A6364 		.ascii	"\200Zcdh\001\024\306\2043U\271<\227\332\003"
 3633      680114C6 
 3633      843355B9 
 3633      3C97DA03 
 3634              		.text
 3635              		.section	.gnu.lto_HAL_PWREx_WAKEUP_PIN_IRQHandler.351.1f2f2586,"e",%progbits
 3636 0000 28B52FFD 		.ascii	"(\265/\375`(\002%\020\000\026\334gF\320\026Q:\350\325"
 3636      60280225 
 3636      100016DC 
 3636      6746D016 
 3636      513AE8D5 
 3637 0014 0A510ACA 		.ascii	"\012Q\012\312P;\"\";\024\021\255\003\347\003\260\206"
 3637      503B2222 
 3637      3B1411AD 
 3637      03E703B0 
 3637      86
 3638 0025 288B4827 		.ascii	"(\213H'3&V\310\361P\274\356\327\206\250\262=\010T\217"
 3638      332656C8 
 3638      F150BCEE 
 3638      D786A8B2 
 3638      3D08548F 
 3639 0039 10688B98 		.ascii	"\020h\213\230B\001}<\012\357\230\227\001\235P\012G8"
 3639      42017D3C 
 3639      0AEF9897 
 3639      019D500A 
 3639      4738
 3640 004b A6684B08 		.ascii	"\246hK\010!{K\231RQ\000M\000R\000>\317\312^\361\312"
 3640      217B4B99 
 3640      5251004D 
 3640      0052003E 
 3640      CFCA5EF1 
 3641 0060 5E62C035 		.ascii	"^b\3005\347\307S#\346\023e\3169Z\235\257\336q2\256\256"
 3641      E7C75323 
ARM GAS  C:\Users\nicx5\AppData\Local\Temp\ccXs0mXR.s 			page 114


 3641      E61365CE 
 3641      395A9DAF 
 3641      DE7132AE 
 3642 0075 FCCF2E00 		.ascii	"\374\317.\000\026\262\336y\261s\262\304J\350\322\030"
 3642      16B2DE79 
 3642      B173B2C4 
 3642      4AE8D218 
 3643 0085 0A63DFA8 		.ascii	"\012c\337\250\000H\310\023\000\241M,p\263\003\373\354"
 3643      0048C813 
 3643      00A14D2C 
 3643      70B303FB 
 3643      EC
 3644 0096 7A226CA9 		.ascii	"z\"l\251v\017\346\234VX\250\342\366n\273\203m\013\266"
 3644      760FE69C 
 3644      5658A8E2 
 3644      F66EBB83 
 3644      6D0BB6
 3645 00a9 8201CF41 		.ascii	"\202\001\317A\343\315\371b\201\177\3438Fx:\227\262f"
 3645      E3CDF962 
 3645      817FE338 
 3645      46783A97 
 3645      B266
 3646 00bb 22C5F449 		.ascii	"\"\305\364Ip\227\272\235\214\306c[&\005112\365\346\032"
 3646      7097BA9D 
 3646      8CC6635B 
 3646      26053131 
 3646      32F5E61A 
 3647 00cf 4B37C78F 		.ascii	"K7\307\217se\366\325\241\253\277\253\275\253\273\253"
 3647      7365F6D5 
 3647      A1ABBFAB 
 3647      BDABBBAB 
 3648 00df E5D5F1EA 		.ascii	"\345\325\361\352\275Z\003\260\334\200\354$\2101\247"
 3648      BD5A03B0 
 3648      DC80EC24 
 3648      8831A7
 3649 00ee 8B5B94F9 		.ascii	"\213[\224\371#\207\320\260}\007\362:\356\355\213\350"
 3649      2387D0B0 
 3649      7D07F23A 
 3649      EEED8BE8 
 3650 00fe 455CB75E 		.ascii	"E\\\267^\217n\017\310h[c\233\241D\\76\342\247\366\351"
 3650      8F6E0FC8 
 3650      685B639B 
 3650      A1445C37 
 3650      36E2A7F6 
 3651 0113 831E6604 		.ascii	"\203\036f\004\255uYm0\344\366\034\346\344\264\307\225"
 3651      AD75596D 
 3651      30E4F61C 
 3651      E6E4B4C7 
 3651      95
 3652 0124 FB174EEA 		.ascii	"\373\027N\352;\342~\027\202\244\\\306\024\240 \2739"
 3652      3BE27E17 
 3652      82A45CC6 
 3652      14A020BB 
 3652      39
 3653 0135 BE88DB25 		.ascii	"\276\210\333%\365$\261\321*\376E\234\356\356_+Z\333"
 3653      F524B1D1 
 3653      2AFE459C 
ARM GAS  C:\Users\nicx5\AppData\Local\Temp\ccXs0mXR.s 			page 115


 3653      EEEE5F2B 
 3653      5ADB
 3654 0147 B21D227E 		.ascii	"\262\035\"~aQ\301\200(\032\017\340\006\01511\244\026"
 3654      6151C180 
 3654      281A0FE0 
 3654      060D3131 
 3654      A416
 3655 0159 0E2052A3 		.ascii	"\016 R\243\027\224\313\010\244\000\241\004\252T\014"
 3655      1794CB08 
 3655      A400A104 
 3655      AA540C
 3656 0168 4AA3140A 		.ascii	"J\243\024\012F\204\014JB\003\253N\021J&RK\005\014.\246"
 3656      46840C4A 
 3656      4203AB4E 
 3656      114A2652 
 3656      4B050C2E 
 3657 017d D40CEA94 		.ascii	"\324\014\352\224\301\344`\002\001\333\265\3718W\346"
 3657      C1E46002 
 3657      01DBB5F9 
 3657      3857E6
 3658 018c 0150A8FC 		.ascii	"\001P\250\374\324\354\253\223\331u\035\211\022\0248"
 3658      D4ECAB93 
 3658      D9751D89 
 3658      121438
 3659 019b DCCC9190 		.ascii	"\334\314\221\220\217\217\177\033\372\361\331fn\302\202"
 3659      8F8F7F1B 
 3659      FAF1D966 
 3659      6EC282
 3660 01aa D5222D20 		.ascii	"\325\"- \340\002\231\231\272\001|\301\347\315\361\335"
 3660      E0029999 
 3660      BA017CC1 
 3660      E7CDF1DD 
 3661 01ba BDE16CD0 		.ascii	"\275\341l\320\326\032\266r-Fw\256\205\025\222Oc\010"
 3661      D61AB672 
 3661      2D4677AE 
 3661      8515924F 
 3661      6308
 3662 01cc 22A33896 		.ascii	"\"\2438\226\012\036\376\012g\306\014{\356V\"=\311H\257"
 3662      0A1EFE0A 
 3662      67C60C7B 
 3662      EE56223D 
 3662      C948AF
 3663 01df 082441F8 		.ascii	"\010$A\370\265\262D,\015\014\206\214\015\014\035\027"
 3663      B5B2442C 
 3663      0D0C868C 
 3663      0D0C1D17 
 3664 01ef 230D9DC6 		.ascii	"#\015\235\306\270\2222\213%\033np\003\000\262'l\222"
 3664      B892328B 
 3664      251B6E70 
 3664      0300B227 
 3664      6C92
 3665 0201 DB269338 		.ascii	"\333&\2238)\254R\3745]C\250P"
 3665      29AC52FC 
 3665      355D43A8 
 3665      50
 3666              		.text
 3667              		.section	.gnu.lto_HAL_PWREx_WKUP1_Callback.352.1f2f2586,"e",%progbits
ARM GAS  C:\Users\nicx5\AppData\Local\Temp\ccXs0mXR.s 			page 116


 3668 0000 28B52FFD 		.ascii	"(\265/\375 \353\265\006\000\264\013m\000\000\000O\000"
 3668      20EBB506 
 3668      00B40B6D 
 3668      0000004F 
 3668      00
 3669 0011 00002300 		.ascii	"\000\000#\000\000\000\001\003\000\001\222\221\212\002"
 3669      00000103 
 3669      00019291 
 3669      8A02
 3670 001f 00808080 		.ascii	"\000\200\200\200@\007\002\001\201\221\212\021\001\271"
 3670      40070201 
 3670      81918A11 
 3670      01B9
 3671 002d 0101007F 		.ascii	"\001\001\000\177\002\001\177\001\254\003/\200\200\200"
 3671      02017F01 
 3671      AC032F80 
 3671      8080
 3672 003b F8CB979A 		.ascii	"\370\313\227\232\276A\201\200\320\200\003\354\000\000"
 3672      BE418180 
 3672      D08003EC 
 3672      0000
 3673 0049 7F000B01 		.ascii	"\177\000\013\001\000\000\000\257\322\005\340\200\370"
 3673      000000AF 
 3673      D205E080 
 3673      F8
 3674 0056 FF9F8080 		.ascii	"\377\237\200\200\316#\257\302\321\371\005\002\000\000"
 3674      CE23AFC2 
 3674      D1F90502 
 3674      0000
 3675 0064 A9030080 		.ascii	"\251\003\000\200\200\200\200\004\001\000\252\003\002"
 3675      80808004 
 3675      0100AA03 
 3675      02
 3676 0071 81C000FF 		.ascii	"\201\300\000\377\002\200\"\000\207\003\202 \251\003"
 3676      02802200 
 3676      87038220 
 3676      A903
 3677 007f 80040180 		.ascii	"\200\004\001\200\300\000\000\000\024E:\\Works\\STM3"
 3677      C0000000 
 3677      14453A5C 
 3677      576F726B 
 3677      735C5354 
 3678 0095 325C4842 		.ascii	"2\\HBox\0008Drivers/H7xx_HAL_/Src/stm32hhal_pwr_ex."
 3678      6F780038 
 3678      44726976 
 3678      6572732F 
 3678      48377878 
 3679 00c4 63000900 		.ascii	"c\000\011\000<\203\3179\3077\367d4l\340\226\332\202"
 3679      3C83CF39 
 3679      C737F764 
 3679      346CE096 
 3679      DA82
 3680 00d6 FF65DC70 		.ascii	"\377e\334p\351\026\355|\002"
 3680      E916ED7C 
 3680      02
 3681              		.text
 3682              		.section	.gnu.lto_HAL_PWREx_WKUP2_Callback.353.1f2f2586,"e",%progbits
ARM GAS  C:\Users\nicx5\AppData\Local\Temp\ccXs0mXR.s 			page 117


 3683 0000 28B52FFD 		.ascii	"(\265/\375 \353\265\006\000\264\013m\000\000\000O\000"
 3683      20EBB506 
 3683      00B40B6D 
 3683      0000004F 
 3683      00
 3684 0011 00002300 		.ascii	"\000\000#\000\000\000\001\003\000\001\222\221\212\002"
 3684      00000103 
 3684      00019291 
 3684      8A02
 3685 001f 00808080 		.ascii	"\000\200\200\200@\007\002\001\201\221\212\021\001\271"
 3685      40070201 
 3685      81918A11 
 3685      01B9
 3686 002d 0101007F 		.ascii	"\001\001\000\177\002\001\177\001\254\003/\200\200\200"
 3686      02017F01 
 3686      AC032F80 
 3686      8080
 3687 003b F8CB97D0 		.ascii	"\370\313\227\320\276A\201\200\320\200\003\354\000\000"
 3687      BE418180 
 3687      D08003EC 
 3687      0000
 3688 0049 7F000B01 		.ascii	"\177\000\013\001\000\000\000\257\322\005\340\200\370"
 3688      000000AF 
 3688      D205E080 
 3688      F8
 3689 0056 FF9F8080 		.ascii	"\377\237\200\200\256*\257\302\351\372\005\002\000\000"
 3689      AE2AAFC2 
 3689      E9FA0502 
 3689      0000
 3690 0064 A9030080 		.ascii	"\251\003\000\200\200\200\200\004\001\000\252\003\002"
 3690      80808004 
 3690      0100AA03 
 3690      02
 3691 0071 81C000FF 		.ascii	"\201\300\000\377\002\200\"\000\207\003\202 \251\003"
 3691      02802200 
 3691      87038220 
 3691      A903
 3692 007f 80040180 		.ascii	"\200\004\001\200\300\000\000\000\024E:\\Works\\STM3"
 3692      C0000000 
 3692      14453A5C 
 3692      576F726B 
 3692      735C5354 
 3693 0095 325C4842 		.ascii	"2\\HBox\0008Drivers/H7xx_HAL_/Src/stm32hhal_pwr_ex."
 3693      6F780038 
 3693      44726976 
 3693      6572732F 
 3693      48377878 
 3694 00c4 63000900 		.ascii	"c\000\011\000<\203\3179\3077\367d4l\340\226\332\202"
 3694      3C83CF39 
 3694      C737F764 
 3694      346CE096 
 3694      DA82
 3695 00d6 FF65DC70 		.ascii	"\377e\334p\351\026\355|\002"
 3695      E916ED7C 
 3695      02
 3696              		.text
 3697              		.section	.gnu.lto_HAL_PWREx_WKUP3_Callback.354.1f2f2586,"e",%progbits
ARM GAS  C:\Users\nicx5\AppData\Local\Temp\ccXs0mXR.s 			page 118


 3698 0000 28B52FFD 		.ascii	"(\265/\375 \353\245\006\000\224\013m\000\000\000O\000"
 3698      20EBA506 
 3698      00940B6D 
 3698      0000004F 
 3698      00
 3699 0011 00002300 		.ascii	"\000\000#\000\000\000\001\003\000\001\222\221\212\002"
 3699      00000103 
 3699      00019291 
 3699      8A02
 3700 001f 00808080 		.ascii	"\000\200\200\200@\007\002\001\201\221\212\021\001\271"
 3700      40070201 
 3700      81918A11 
 3700      01B9
 3701 002d 0101007F 		.ascii	"\001\001\000\177\002\001\177\001\254\003/\200\200\200"
 3701      02017F01 
 3701      AC032F80 
 3701      8080
 3702 003b F8CB97F8 		.ascii	"\370\313\227\370\276A\201\200\320\200\003\354\000\000"
 3702      BE418180 
 3702      D08003EC 
 3702      0000
 3703 0049 7F000B01 		.ascii	"\177\000\013\001\000\000\000\257\322\005\340\200\370"
 3703      000000AF 
 3703      D205E080 
 3703      F8
 3704 0056 FF9F8080 		.ascii	"\377\237\200\200\256/\257\302\311\374\005\002\000\000"
 3704      AE2FAFC2 
 3704      C9FC0502 
 3704      0000
 3705 0064 A9030080 		.ascii	"\251\003\000\200\200\200\200\004\001\000\252\003\002"
 3705      80808004 
 3705      0100AA03 
 3705      02
 3706 0071 81C000FF 		.ascii	"\201\300\000\377\002\200\"\000\207\003\202 \251\003"
 3706      02802200 
 3706      87038220 
 3706      A903
 3707 007f 0180C000 		.ascii	"\001\200\300\000\000\000\024E:\\Works\\STM32\\HBox\000"
 3707      00001445 
 3707      3A5C576F 
 3707      726B735C 
 3707      53544D33 
 3708 009a 38447269 		.ascii	"8Drivers/H7xx_HAL_/Src/stm32hhal_pwr_ex.c\000\011\000"
 3708      76657273 
 3708      2F483778 
 3708      785F4841 
 3708      4C5F2F53 
 3709 00c6 3C83CF39 		.ascii	"<\203\3179g7\357\353\231a\340\233\3322\376e\334p\351"
 3709      6737EFEB 
 3709      9961E09B 
 3709      DA32FE65 
 3709      DC70E9
 3710 00d9 16ED7C02 		.ascii	"\026\355|\002"
 3711              		.text
 3712              		.section	.gnu.lto_HAL_PWREx_WKUP4_Callback.355.1f2f2586,"e",%progbits
 3713 0000 28B52FFD 		.ascii	"(\265/\375 \353\265\006\000\264\013m\000\000\000O\000"
 3713      20EBB506 
ARM GAS  C:\Users\nicx5\AppData\Local\Temp\ccXs0mXR.s 			page 119


 3713      00B40B6D 
 3713      0000004F 
 3713      00
 3714 0011 00002300 		.ascii	"\000\000#\000\000\000\001\003\000\001\222\221\212\002"
 3714      00000103 
 3714      00019291 
 3714      8A02
 3715 001f 00808080 		.ascii	"\000\200\200\200@\007\002\001\201\221\212\021\001\271"
 3715      40070201 
 3715      81918A11 
 3715      01B9
 3716 002d 0101007F 		.ascii	"\001\001\000\177\002\001\177\001\254\003/\200\200\200"
 3716      02017F01 
 3716      AC032F80 
 3716      8080
 3717 003b F8CB97B0 		.ascii	"\370\313\227\260\277A\201\200\320\200\003\354\000\000"
 3717      BF418180 
 3717      D08003EC 
 3717      0000
 3718 0049 7F000B01 		.ascii	"\177\000\013\001\000\000\000\257\322\005\340\200\370"
 3718      000000AF 
 3718      D205E080 
 3718      F8
 3719 0056 FF9F8080 		.ascii	"\377\237\200\200\2566\257\302\351\375\005\002\000\000"
 3719      AE36AFC2 
 3719      E9FD0502 
 3719      0000
 3720 0064 A9030080 		.ascii	"\251\003\000\200\200\200\200\004\001\000\252\003\002"
 3720      80808004 
 3720      0100AA03 
 3720      02
 3721 0071 81C000FF 		.ascii	"\201\300\000\377\002\200\"\000\207\003\202 \251\003"
 3721      02802200 
 3721      87038220 
 3721      A903
 3722 007f 80040180 		.ascii	"\200\004\001\200\300\000\000\000\024E:\\Works\\STM3"
 3722      C0000000 
 3722      14453A5C 
 3722      576F726B 
 3722      735C5354 
 3723 0095 325C4842 		.ascii	"2\\HBox\0008Drivers/H7xx_HAL_/Src/stm32hhal_pwr_ex."
 3723      6F780038 
 3723      44726976 
 3723      6572732F 
 3723      48377878 
 3724 00c4 63000900 		.ascii	"c\000\011\000<\203\3179\3077\367d4l\340\226\332\202"
 3724      3C83CF39 
 3724      C737F764 
 3724      346CE096 
 3724      DA82
 3725 00d6 FF65DC70 		.ascii	"\377e\334p\351\026\355|\002"
 3725      E916ED7C 
 3725      02
 3726              		.text
 3727              		.section	.gnu.lto_HAL_PWREx_WKUP5_Callback.356.1f2f2586,"e",%progbits
 3728 0000 28B52FFD 		.ascii	"(\265/\375 \353\265\006\000\264\013m\000\000\000O\000"
 3728      20EBB506 
ARM GAS  C:\Users\nicx5\AppData\Local\Temp\ccXs0mXR.s 			page 120


 3728      00B40B6D 
 3728      0000004F 
 3728      00
 3729 0011 00002300 		.ascii	"\000\000#\000\000\000\001\003\000\001\222\221\212\002"
 3729      00000103 
 3729      00019291 
 3729      8A02
 3730 001f 00808080 		.ascii	"\000\200\200\200@\007\002\001\201\221\212\021\001\271"
 3730      40070201 
 3730      81918A11 
 3730      01B9
 3731 002d 0101007F 		.ascii	"\001\001\000\177\002\001\177\001\254\003/\200\200\200"
 3731      02017F01 
 3731      AC032F80 
 3731      8080
 3732 003b F8CB97D8 		.ascii	"\370\313\227\330\277A\201\200\320\200\003\354\000\000"
 3732      BF418180 
 3732      D08003EC 
 3732      0000
 3733 0049 7F000B01 		.ascii	"\177\000\013\001\000\000\000\257\322\005\340\200\370"
 3733      000000AF 
 3733      D205E080 
 3733      F8
 3734 0056 FF9F8080 		.ascii	"\377\237\200\200\256;\257\302\311\377\005\002\000\000"
 3734      AE3BAFC2 
 3734      C9FF0502 
 3734      0000
 3735 0064 A9030080 		.ascii	"\251\003\000\200\200\200\200\004\001\000\252\003\002"
 3735      80808004 
 3735      0100AA03 
 3735      02
 3736 0071 81C000FF 		.ascii	"\201\300\000\377\002\200\"\000\207\003\202 \251\003"
 3736      02802200 
 3736      87038220 
 3736      A903
 3737 007f 80040180 		.ascii	"\200\004\001\200\300\000\000\000\024E:\\Works\\STM3"
 3737      C0000000 
 3737      14453A5C 
 3737      576F726B 
 3737      735C5354 
 3738 0095 325C4842 		.ascii	"2\\HBox\0008Drivers/H7xx_HAL_/Src/stm32hhal_pwr_ex."
 3738      6F780038 
 3738      44726976 
 3738      6572732F 
 3738      48377878 
 3739 00c4 63000900 		.ascii	"c\000\011\000<\203\3179\3077\367d4l\340\226\332\202"
 3739      3C83CF39 
 3739      C737F764 
 3739      346CE096 
 3739      DA82
 3740 00d6 FF65DC70 		.ascii	"\377e\334p\351\026\355|\002"
 3740      E916ED7C 
 3740      02
 3741              		.text
 3742              		.section	.gnu.lto_HAL_PWREx_WKUP6_Callback.357.1f2f2586,"e",%progbits
 3743 0000 28B52FFD 		.ascii	"(\265/\375 \353\265\006\000\264\013m\000\000\000O\000"
 3743      20EBB506 
ARM GAS  C:\Users\nicx5\AppData\Local\Temp\ccXs0mXR.s 			page 121


 3743      00B40B6D 
 3743      0000004F 
 3743      00
 3744 0011 00002300 		.ascii	"\000\000#\000\000\000\001\003\000\001\222\221\212\002"
 3744      00000103 
 3744      00019291 
 3744      8A02
 3745 001f 00808080 		.ascii	"\000\200\200\200@\007\002\001\201\221\212\021\001\271"
 3745      40070201 
 3745      81918A11 
 3745      01B9
 3746 002d 0101007F 		.ascii	"\001\001\000\177\002\001\177\001\254\003/\200\200\200"
 3746      02017F01 
 3746      AC032F80 
 3746      8080
 3747 003b F8CB9790 		.ascii	"\370\313\227\220\342A\201\200\320\200\003\354\000\000"
 3747      E2418180 
 3747      D08003EC 
 3747      0000
 3748 0049 7F000B01 		.ascii	"\177\000\013\001\000\000\000\257\322\005\340\200\370"
 3748      000000AF 
 3748      D205E080 
 3748      F8
 3749 0056 FF9F8080 		.ascii	"\377\237\200\200\256\"\270\302\351\210\007\002\000\000"
 3749      AE22B8C2 
 3749      E9880702 
 3749      0000
 3750 0064 A9030080 		.ascii	"\251\003\000\200\200\200\200\004\001\000\252\003\002"
 3750      80808004 
 3750      0100AA03 
 3750      02
 3751 0071 81C000FF 		.ascii	"\201\300\000\377\002\200\"\000\207\003\202 \251\003"
 3751      02802200 
 3751      87038220 
 3751      A903
 3752 007f 80040180 		.ascii	"\200\004\001\200\300\000\000\000\024E:\\Works\\STM3"
 3752      C0000000 
 3752      14453A5C 
 3752      576F726B 
 3752      735C5354 
 3753 0095 325C4842 		.ascii	"2\\HBox\0008Drivers/H7xx_HAL_/Src/stm32hhal_pwr_ex."
 3753      6F780038 
 3753      44726976 
 3753      6572732F 
 3753      48377878 
 3754 00c4 63000900 		.ascii	"c\000\011\000<\203\3179\3077\367d4l\340\226\332\202"
 3754      3C83CF39 
 3754      C737F764 
 3754      346CE096 
 3754      DA82
 3755 00d6 FF65DC70 		.ascii	"\377e\334p\351\026\355|\002"
 3755      E916ED7C 
 3755      02
 3756              		.text
 3757              		.section	.gnu.lto_HAL_PWREx_EnableBkUpReg.358.1f2f2586,"e",%progbits
 3758 0000 28B52FFD 		.ascii	"(\265/\375`(\002\345\022\000&c\177I\300\322Q:,\300\225"
 3758      602802E5 
ARM GAS  C:\Users\nicx5\AppData\Local\Temp\ccXs0mXR.s 			page 122


 3758      12002663 
 3758      7F49C0D2 
 3758      513A2CC0 
 3759 0015 D00D2120 		.ascii	"\320\015! C_\2615\317l\276V\255\005\374@\240\370\225"
 3759      435FB135 
 3759      CF6CBE56 
 3759      AD05FC40 
 3759      A0F895
 3760 0028 0BD380E1 		.ascii	"\013\323\200\341\334\025\347\226j@q}\211\200j\303\245"
 3760      DC15E796 
 3760      6A40717D 
 3760      89806AC3 
 3760      A5
 3761 0039 08843574 		.ascii	"\010\2045t\303\226\332\251F\\\210\"\002\021\2002D\233"
 3761      C396DAA9 
 3761      465C8822 
 3761      02118032 
 3761      449B
 3762 004b 4969682C 		.ascii	"Iih,T:\354\337{\313\235Ri\000d\000h\000\013\005%U5\244"
 3762      543AECDF 
 3762      7BCB9D52 
 3762      69006400 
 3762      68000B05 
 3763 0063 56DF814F 		.ascii	"V\337\201O[h}\236\234\000\375\224\027@?\255\262\300"
 3763      5B687D9E 
 3763      9C00FD94 
 3763      17403FAD 
 3763      B2C0
 3764 0075 E6DB561D 		.ascii	"\346\333V\035I>\031\244\250R\344\260\252\325\367\332"
 3764      493E19A4 
 3764      A852E4B0 
 3764      AAD5F7DA 
 3765 0085 23CB78FB 		.ascii	"#\313x\373\224t\343\315\357\371,\311\375\274\3678\""
 3765      9474E3CD 
 3765      EFF92CC9 
 3765      FDBCF738 
 3765      22
 3766 0096 1746D91A 		.ascii	"\027F\331\032:\225\017zI\272\222\034\220\334\037\323"
 3766      3A950F7A 
 3766      49BA921C 
 3766      90DC1FD3 
 3767 00a6 1349EE27 		.ascii	"\023I\356'\356{?\211\240\022\023.7\364\310j\251\265"
 3767      EE7B3F89 
 3767      A012132E 
 3767      37F4C86A 
 3767      A9B5
 3768 00b8 3AE27228 		.ascii	":\342r(n\326m\353\330\006aG\004\001\263V\255.V\374\032"
 3768      6ED66DEB 
 3768      D8066147 
 3768      0401B356 
 3768      AD2E56FC 
 3769 00cd F7E9B48E 		.ascii	"\367\351\264\216>\247O\304\211\372\235\357\320\317\357"
 3769      3EA74FC4 
 3769      89FA9DEF 
 3769      D0CFEF
 3770 00dc C8D26F43 		.ascii	"\310\322oC\257\223\025\222\223\220\250\032\257\354\353"
 3770      AF931592 
ARM GAS  C:\Users\nicx5\AppData\Local\Temp\ccXs0mXR.s 			page 123


 3770      9390A81A 
 3770      AFECEB
 3771 00eb 89BBF357 		.ascii	"\211\273\363W\242x\354\274:\373\274\333\345h\326F\323"
 3771      A278ECBC 
 3771      3AFBBCDB 
 3771      E568D646 
 3771      D3
 3772 00fc 8D9E1B2D 		.ascii	"\215\236\033-7z7:n\364\003\260\212\246~J)\301ZY\\YU"
 3772      377A373A 
 3772      6EF403B0 
 3772      8AA67E4A 
 3772      29C15A59 
 3773 0113 1F73078C 		.ascii	"\037s\007\214\363~\333\346\367LR\000\250\3413N\303v"
 3773      F37EDBE6 
 3773      F74C5200 
 3773      A8E1334E 
 3773      C376
 3774 0125 1E4FAC46 		.ascii	"\036O\254F5(t.\335\007\251hZ\023\335\022\0110\210$k"
 3774      3528742E 
 3774      DD07A968 
 3774      5A13DD12 
 3774      09308824 
 3775 013a AD55EEEE 		.ascii	"\255U\356\356\337\246\"\243'\272:\263\200\234\207\312"
 3775      DFA622A3 
 3775      27BA3AB3 
 3775      809C87CA 
 3776 014a FD0FD823 		.ascii	"\375\017\330#D,b\327\356\3125P\002(F\270\341\256\315"
 3776      442C62D7 
 3776      EECA3550 
 3776      022846B8 
 3776      E1AECD
 3777 015d 4B50697F 		.ascii	"KPi\177\004\371\341\330\335\331\206\005e\270\366\274"
 3777      04F9E1D8 
 3777      DDD98605 
 3777      65B8F6BC 
 3778 016d 9FF8C42B 		.ascii	"\237\370\304+\003\2106NN<\316\265\266\026\341\376x\203"
 3778      0388364E 
 3778      4E3CCEB5 
 3778      B616E1FE 
 3778      7883
 3779 017f 46716F1C 		.ascii	"Fqo\034G\365\243\320o\334\007\015\205\033\332\366p\033"
 3779      47F5A3D0 
 3779      6FDC070D 
 3779      851BDAF6 
 3779      701B
 3780 0191 0166D920 		.ascii	"\001f\331 \223\000&\243\200%\345\204&\213\241\315nf"
 3780      930026A3 
 3780      8025E584 
 3780      268BA1CD 
 3780      6E66
 3781 01a3 6C68239E 		.ascii	"lh#\236I\251\321\304d;\035b\034bjjT`8\264\331kF\366"
 3781      49A9D1C4 
 3781      643B1D62 
 3781      1C626A6A 
 3781      546038B4 
 3782 01bb F28A5180 		.ascii	"\362\212Q\200\340\022\253\325\030\270\274f2\232\017"
 3782      E012ABD5 
ARM GAS  C:\Users\nicx5\AppData\Local\Temp\ccXs0mXR.s 			page 124


 3782      18B8BC66 
 3782      329A0F
 3783 01ca 3632090D 		.ascii	"62\011\015\\\313\211\340\002\243\002\253p\341\005fv"
 3783      5CCB89E0 
 3783      02A302AB 
 3783      70E10566 
 3783      76
 3784 01db 23CBC100 		.ascii	"#\313\301\000\343`\302\000\333\276\372\325\331\204\210"
 3784      E360C200 
 3784      DBBEFAD5 
 3784      D98488
 3785 01ea 8890F46F 		.ascii	"\210\220\364ot\005Q\225\320\3767\312Z\023\353\026\237"
 3785      74055195 
 3785      D0FE37CA 
 3785      5A13EB16 
 3785      9F
 3786 01fb 0D7A3177 		.ascii	"\015z1wg\037\205\322\235Q\300)Y\353\003% P\0021\012"
 3786      671F85D2 
 3786      9D51C029 
 3786      59EB0325 
 3786      20500231 
 3787 0210 9A1D14E9 		.ascii	"\232\035\024\351\340\204\231\031\271\353H\371\376jl"
 3787      E0849919 
 3787      B9EB48F9 
 3787      FE6A6C
 3788 021f F2BDCAD6 		.ascii	"\362\275\312\326\234|=\224\353{\031\372\237o\261\344"
 3788      9C7C3D94 
 3788      EB7B19FA 
 3788      9F6FB1E4 
 3789 022f 440A1C25 		.ascii	"D\012\034%\344\326\3615W\306S\032\210ky\230\305\344"
 3789      E4D6F135 
 3789      57C6531A 
 3789      886B7998 
 3789      C5E4
 3790 0241 C8651893 		.ascii	"\310e\030\223\030\266k\375\332O\300\270\003\017\352"
 3790      18B66BFD 
 3790      DA4FC0B8 
 3790      030FEA
 3791 0250 4C139381 		.ascii	"L\023\223\2010\3355\021\302?\245c\265\215\2058\242\246"
 3791      30DD3511 
 3791      C23FA563 
 3791      B58D8538 
 3791      A2A6
 3792 0262 BDAEF004 		.ascii	"\275\256\360\004"
 3793              		.text
 3794              		.section	.gnu.lto_HAL_PWREx_DisableBkUpReg.359.1f2f2586,"e",%progbits
 3795 0000 28B52FFD 		.ascii	"(\265/\375`,\002\345\022\000&c\177G\300\3241t\\\000"
 3795      602C02E5 
 3795      12002663 
 3795      7F47C0D4 
 3795      31745C00 
 3796 0014 FE9F103B 		.ascii	"\376\237\020;\007e\024\324\325\307\250\267\365V\337"
 3796      076514D4 
 3796      D5C7A8B7 
 3796      F556DF
 3797 0023 31C5FFD0 		.ascii	"1\305\377\320?\270\031\306E1\023\036\325\240\230z\022"
 3797      3FB819C6 
ARM GAS  C:\Users\nicx5\AppData\Local\Temp\ccXs0mXR.s 			page 125


 3797      4531131E 
 3797      D5A0987A 
 3797      12
 3798 0034 095572F8 		.ascii	"\011Ur\370F\250P\177\340 |\010\224\364\335qD\374\034"
 3798      46A8507F 
 3798      E0207C08 
 3798      94F4DD71 
 3798      44FC1C
 3799 0047 BF410341 		.ascii	"\277A\003A\216\266\310\331l\333{\313\235Ri\000d\000"
 3799      8EB6C8D9 
 3799      6CDB7BCB 
 3799      9D526900 
 3799      6400
 3800 0059 6A005B55 		.ascii	"j\000[Uu\005\004I\255@\003\237\246\340\372\\\371\000"
 3800      75050449 
 3800      AD40039F 
 3800      A6E0FA5C 
 3800      F900
 3801 006b FA291F80 		.ascii	"\372)\037\200~\372\005\301\315\270\255<\232\206.\\\375"
 3801      7EFA05C1 
 3801      CDB8AD3C 
 3801      9A862E5C 
 3801      FD
 3802 007c 40B103AB 		.ascii	"@\261\003\253V l\231,#\356S\322\2158_\350\023eG\364"
 3802      56206C99 
 3802      2C23EE53 
 3802      D28D385F 
 3802      E8136547 
 3803 0091 DF63885D 		.ascii	"\337c\210].J\327\321\251l\360k\342\241\354\212\344\006"
 3803      2E4AD7D1 
 3803      A96CF06B 
 3803      E2A1EC8A 
 3803      E406
 3804 00a3 734C9DEC 		.ascii	"sL\235\354\210\342\376\367\213\220z\272\322\355\216"
 3804      88E2FEF7 
 3804      8B907ABA 
 3804      D2ED8E
 3805 00b2 1E5B32B5 		.ascii	"\036[2\265VG\335\356\304\335\272\355\037\333\036\354"
 3805      5647DDEE 
 3805      C4DDBAED 
 3805      1FDB1EEC 
 3806 00c2 E8123457 		.ascii	"\350\0224W\255I0\376\323\201?.\246\317\011\004a\242"
 3806      AD4930FE 
 3806      D3813F2E 
 3806      A6CF0904 
 3806      61A2
 3807 00d4 1EE840F4 		.ascii	"\036\350@\364\363k\342\024\334\234WH%C8\303\252\306"
 3807      F36BE214 
 3807      DC9C5748 
 3807      254338C3 
 3807      AAC6
 3808 00e6 A1814271 		.ascii	"\241\201Bq{>\214U\220\236\227g\337w\277\034\335\332"
 3808      7B3E8C55 
 3808      909E9767 
 3808      DF77BF1C 
 3808      DDDA
 3809 00f8 68BAD173 		.ascii	"h\272\321s\243\345F\357F\307\215~J\313EV\220\006\003"
ARM GAS  C:\Users\nicx5\AppData\Local\Temp\ccXs0mXR.s 			page 126


 3809      A3E546EF 
 3809      46C78D7E 
 3809      4ACB4556 
 3809      900603
 3810 010b 12B5AE18 		.ascii	"\022\265\256\030bU\252\331\003\306}\277}\363\177>!\240"
 3810      6255AAD9 
 3810      03C67DBF 
 3810      7DF37F3E 
 3810      21A0
 3811 011d 84E1356E 		.ascii	"\204\3415n\343v_P\254K5,t.\215Z\025\236\323\011\224"
 3811      E3765F50 
 3811      AC4B352C 
 3811      742E8D5A 
 3811      159ED309 
 3812 0132 5089ACB5 		.ascii	"P\211\254\265V\271\275\177\243\220\226\246\350\362\334"
 3812      56B9BD7F 
 3812      A39096A6 
 3812      E8F2DC
 3813 0141 22F2202A 		.ascii	"\"\362 *\367A(!\037\342\022\277vWn\201\021E1r\233\333"
 3813      F7412821 
 3813      1FE212BF 
 3813      76576E81 
 3813      11453172 
 3814 0157 DDA1F191 		.ascii	"\335\241\361\221\264C\214\004u\354\366l\307\204Y\257"
 3814      B4438C04 
 3814      75ECF66C 
 3814      C78459AF 
 3815 0167 BDEF2B43 		.ascii	"\275\357+Cqh\000\321\356\361\211\327\275\366\306\"\267"
 3815      716800D1 
 3815      EEF189D7 
 3815      BDF6C622 
 3815      B7
 3816 0178 445EE191 		.ascii	"D^\341\221\2708\256K\2222\034\016\227\234\205~\343\336"
 3816      B838AE4B 
 3816      92321C0E 
 3816      979C857E 
 3816      E3DE
 3817 018a 28456E73 		.ascii	"(Ens\2669\374F\216\311ps v\343\022\323\262R\233\331"
 3817      B639FC46 
 3817      8EC97073 
 3817      2076E312 
 3817      D3B2529B 
 3818 019f D4683C38 		.ascii	"\324h<8;5\023\343\264\330rd3\240\0152\0156::/\261\236"
 3818      3B3513E3 
 3818      B4D87264 
 3818      33A00D32 
 3818      0D363A3A 
 3819 01b6 1A0D8633 		.ascii	"\032\015\2063\243\201\311$8\230\221\331l\011f`\264Y"
 3819      A381C924 
 3819      389891D9 
 3819      6C096660 
 3819      B459
 3820 01c8 4E879D19 		.ascii	"N\207\235\031\004\005\266\371<\230\251y\211M\250@SC"
 3820      0405B6F9 
 3820      3C98A979 
 3820      894DA840 
 3820      5343
ARM GAS  C:\Users\nicx5\AppData\Local\Temp\ccXs0mXR.s 			page 127


 3821 01da E399F958 		.ascii	"\343\231\371X\250Y\020A\200m`\375\362\254\202\324BJ"
 3821      A8591041 
 3821      806D60FD 
 3821      F2AC82D4 
 3821      424A
 3822 01ec FA38AA02 		.ascii	"\3728\252\002IIj\177\034mm\211\265\314\320\032\275\230"
 3822      49496A7F 
 3822      1C6D6D89 
 3822      B5CCD01A 
 3822      BD98
 3823 01fe DBB3CF42 		.ascii	"\333\263\317B\351N+\250\"\262\326\007% P\0021\012\232"
 3823      E94E2BA8 
 3823      22B2D607 
 3823      25205002 
 3823      310A9A
 3824 0211 1D14E9E0 		.ascii	"\035\024\351\340\204\231\031\271\353H\371\376nl\362"
 3824      849919B9 
 3824      EB48F9FE 
 3824      6E6CF2
 3825 0220 BDCAD79C 		.ascii	"\275\312\327\234|=\312\365\342.\373On\261\344D\012,"
 3825      7C3DCAF5 
 3825      E22EFB4F 
 3825      6EB1E444 
 3825      0A2C
 3826 0232 25E4D6F1 		.ascii	"%\344\326\3615\327\306S\032\210\213y\230\305\354\310"
 3826      35D7C653 
 3826      1A888B79 
 3826      98C5ECC8 
 3827 0242 F5189318 		.ascii	"\365\030\223\030\266k\375\332O\300\270\003\017\352L"
 3827      B66BFDDA 
 3827      4FC0B803 
 3827      0FEA4C
 3828 0251 13938130 		.ascii	"\023\223\2010\3355\021\302?\245c\265\215\2058\242\246"
 3828      DD3511C2 
 3828      3FA563B5 
 3828      8D8538A2 
 3828      A6
 3829 0262 BDAEF004 		.ascii	"\275\256\360\004"
 3830              		.text
 3831              		.section	.gnu.lto_HAL_PWREx_EnableUSBReg.360.1f2f2586,"e",%progbits
 3832 0000 28B52FFD 		.ascii	"(\265/\375`,\002\355\022\000\306\342~J\300\322Q:<\020"
 3832      602C02ED 
 3832      1200C6E2 
 3832      7E4AC0D2 
 3832      513A3C10 
 3833 0014 05660E8B 		.ascii	"\005f\016\213\000\370?%'\001\303\257\225k\241\204\270"
 3833      00F83F25 
 3833      2701C3AF 
 3833      956BA184 
 3833      B8
 3834 0025 6A3DD984 		.ascii	"j=\331\204\212!N\245\243\271[:\240\270\276D@\265\341"
 3834      8A214EA5 
 3834      A3B95B3A 
 3834      A0B8BE44 
 3834      40B5E1
 3835 0038 5204C21A 		.ascii	"R\004\302\032\272aK\355T#.D\021\201\220\232\000\317"
 3835      BA614BED 
ARM GAS  C:\Users\nicx5\AppData\Local\Temp\ccXs0mXR.s 			page 128


 3835      54232E44 
 3835      1181909A 
 3835      00CF
 3836 004a 1CFD390E 		.ascii	"\034\3759\016\224\307,f\311\336D\356\224\002g\000c\000"
 3836      94C72C66 
 3836      C9DE44EE 
 3836      94026700 
 3836      6300
 3837 005c 68004F53 		.ascii	"h\000OSIBj\375\035\3704\205\325g\353\005\350g\370\001"
 3837      49426AFD 
 3837      1DF83485 
 3837      D567EB05 
 3837      E867F801 
 3838 0070 F4D3AF04 		.ascii	"\364\323\257\0046\337\266\3528\362\2710\205\204\"\007"
 3838      36DFB6EA 
 3838      38F2B930 
 3838      85842207 
 3839 0080 55AD3FD7 		.ascii	"U\255?\327\0269\224\267\317\220\256\274\371=\237%\272"
 3839      163994B7 
 3839      CF90AEBC 
 3839      F93D9F25 
 3839      BA
 3840 0091 9FFB2E43 		.ascii	"\237\373.C\350F\031\256\204N\303\006\276\243]\211\016"
 3840      E84619AE 
 3840      844EC306 
 3840      BEA35D89 
 3840      0E
 3841 00a2 285C200E 		.ascii	"(\\ \016'\022\335\217\334\373~\021MN\270\234N\350Rl"
 3841      2712DD8F 
 3841      DCFB7E11 
 3841      4D4EB89C 
 3841      4EE8526C 
 3842 00b6 A9B55AE6 		.ascii	"\251\265Z\346t&n\361\266ul{\260\245J-V\374\032\377\351"
 3842      74266EF1 
 3842      B6756C7B 
 3842      B0A54A2D 
 3842      56FC1AFF 
 3843 00cb AC8A3EE7 		.ascii	"\254\212>\347\017D\211\372\235\357\320\317\357H\022"
 3843      0F4489FA 
 3843      9DEFD0CF 
 3843      EF4812
 3844 00da 70476FD0 		.ascii	"pGo\320\205\014\036D\240\252\254\362\257G.\317_\201"
 3844      850C1E44 
 3844      A0AAACF2 
 3844      AF472ECF 
 3844      5F81
 3845 00ec EAC1F3EE 		.ascii	"\352\301\363\356\354\367n\226\245\305\225\246+=W:\\"
 3845      ECF76E96 
 3845      A5C595A6 
 3845      2B3D573A 
 3845      5C
 3846 00fd E95D69B9 		.ascii	"\351]i\271\322\017 \026-\001\221N\232j]QEU\177\314\035"
 3846      D20F2016 
 3846      2D01914E 
 3846      9A6A5D51 
 3846      45557FCC 
 3847 0112 46EFFDB6 		.ascii	"F\357\375\266\315\367\231\304@\017\206#\235\206\355"
ARM GAS  C:\Users\nicx5\AppData\Local\Temp\ccXs0mXR.s 			page 129


 3847      CDF799C4 
 3847      400F8623 
 3847      9D86ED
 3848 0121 3D1E5989 		.ascii	"=\036Y\211\352>\005{\\\212\2455\331%\261N\004\243\302"
 3848      EA3E057B 
 3848      5C8AA535 
 3848      D925B14E 
 3848      04A3C2
 3849 0134 5A6B0D97 		.ascii	"Zk\015\227\367\357\322\020\221\023\335\235E \347\241"
 3849      F7EFD210 
 3849      9113DD9D 
 3849      4520E7A1 
 3850 0144 E11EA8E4 		.ascii	"\341\036\250\344\343\203,b\326\356\206{2\002\010\306"
 3850      E3832C62 
 3850      D6EE867B 
 3850      320208C6 
 3851 0154 B8E3AECD 		.ascii	"\270\343\256\315KPj\243\202\000\231vy\266a\301'\326"
 3851      4B506AA3 
 3851      82009976 
 3851      79B661C1 
 3851      27D6
 3852 0166 BEF7968F 		.ascii	"\276\367\226\217\2542\000i\343\344\310\347Xkc1\356\217"
 3852      AC320069 
 3852      E3E4C8E7 
 3852      586B6331 
 3852      EE8F
 3853 0178 373843EE 		.ascii	"78C\356\215\347\206\010@\241_\271\307\011\215;\332\346"
 3853      8DE78608 
 3853      40A15FB9 
 3853      C7098D3B 
 3853      DAE6
 3854 018a 701BB355 		.ascii	"p\033\263U\255\001f\311 \203\000&\243\302\222\322\242"
 3854      AD0166C9 
 3854      20830026 
 3854      A3C292D2 
 3854      A2
 3855 019b C96268B3 		.ascii	"\311bh\263\233\031\033\332\210gRj41\331\316\206\230"
 3855      9B191BDA 
 3855      8867526A 
 3855      3431D9CE 
 3855      8698
 3856 01ad 86989A9A 		.ascii	"\206\230\232\232\027\014\2076s\315\310^\\1\011\016\\"
 3856      170C8736 
 3856      73CDC85E 
 3856      5C31090E 
 3856      5C
 3857 01be 62B59A02 		.ascii	"b\265\232\002\027\327LF\323\301F\006a\201k9\017\\`^"
 3857      17D74C46 
 3857      D3C14606 
 3857      61816B39 
 3857      0F5C605E 
 3858 01d2 B009155E 		.ascii	"\260\011\025^`f7\262\034\0130\014\"\020\260\375\253"
 3858      606637B2 
 3858      1C0B300C 
 3858      2210B0FD 
 3858      AB
 3859 01e3 DF9D4D86 		.ascii	"\337\235M\206b\004\205\376\215\252\0302\012\332\377"
ARM GAS  C:\Users\nicx5\AppData\Local\Temp\ccXs0mXR.s 			page 130


 3859      620485FE 
 3859      8DAA1832 
 3859      0ADAFF
 3860 01f2 46C525B1 		.ascii	"F\305%\261n\361Y\334\213\271<\373(\224.eR\222j\315\245"
 3860      6EF159DC 
 3860      8BB93CFB 
 3860      28942E65 
 3860      52926ACD 
 3861 0207 01272060 		.ascii	"\001' `\002\231B\263\003\024\351`\207\231\036\271\363"
 3861      029942B3 
 3861      0314E960 
 3861      87991EB9 
 3861      F3
 3862 0218 48B9FE6E 		.ascii	"H\271\376n\333\364\307*_q\302z\332\305\302K\202\255"
 3862      DBF4C72A 
 3862      5F71C27A 
 3862      DAC5C24B 
 3862      82AD
 3863 022a FBF98625 		.ascii	"\373\371\206%'\245\200RBf\035\277\271\265?\245Q\034"
 3863      27A58052 
 3863      42661DBF 
 3863      B9B53FA5 
 3863      511C
 3864 023c DCC32C56 		.ascii	"\334\303,VG\316\230\305\346\353b\264H\013\327>\001c"
 3864      47CE98C5 
 3864      E6EB62B4 
 3864      480BD73E 
 3864      0163
 3865 024e 0B3CA833 		.ascii	"\013<\2503ML\006\316t\320D\006\377\204\216\3056\026"
 3865      4D4C06CE 
 3865      74D04406 
 3865      FF848EC5 
 3865      3616
 3866 0260 E2889AF6 		.ascii	"\342\210\232\366\272\314\023"
 3866      BACC13
 3867              		.text
 3868              		.section	.gnu.lto_HAL_PWREx_DisableUSBReg.361.1f2f2586,"e",%progbits
 3869 0000 28B52FFD 		.ascii	"(\265/\375`-\002\375\022\000\366\242\177J\260\324Q:"
 3869      602D02FD 
 3869      1200F6A2 
 3869      7F4AB0D4 
 3869      513A
 3870 0012 F883FF0E 		.ascii	"\370\203\377\016\220\017\251P\322\354\027|}\232~\301"
 3870      900FA950 
 3870      D2EC177C 
 3870      7D9A7EC1 
 3871 0022 CF299510 		.ascii	"\317)\225\020eo~H\346&\306\034\327H\025\214\270>M\\"
 3871      656F7E48 
 3871      E626C61C 
 3871      D748158C 
 3871      B83E4D5C 
 3872 0036 AD1E0E55 		.ascii	"\255\036\016U$\225\221\217\031\264\307\211\016D&\011"
 3872      2495918F 
 3872      19B4C789 
 3872      0E442609 
 3873 0046 57DF0C10 		.ascii	"W\337\014\020\337-\354\2656\245j\324\310\336D\356\224"
 3873      DF2DECB5 
ARM GAS  C:\Users\nicx5\AppData\Local\Temp\ccXs0mXR.s 			page 131


 3873      36A56AD4 
 3873      C8DE44EE 
 3873      94
 3874 0057 02690063 		.ascii	"\002i\000c\000i\000RRT1\252j\365!\370\264\205\325g\353"
 3874      00690052 
 3874      525431AA 
 3874      6AF521F8 
 3874      B485D567 
 3875 006c 03E867F8 		.ascii	"\003\350g\370\000\364\323\257\0056\337\266\346H\352"
 3875      00F4D3AF 
 3875      0536DFB6 
 3875      E648EA
 3876 007b C9404594 		.ascii	"\311@E\224\002G\221Z}\256=r(o\237!]y\363y>Mr>\357]\216"
 3876      0247915A 
 3876      7DAE3D72 
 3876      286F9F21 
 3876      5D79F379 
 3877 0096 C88D325C 		.ascii	"\310\2152\\\011\235\206\017zI:\223\334O\270?\033\300"
 3877      099D860F 
 3877      7A493A93 
 3877      DC4FB83F 
 3877      1BC0
 3878 00a8 929C8FDC 		.ascii	"\222\234\217\334\367~\022A=\\\340rB\227\"K\255\325\022"
 3878      F77E1241 
 3878      3D5CE072 
 3878      4297224B 
 3878      ADD512
 3879 00bb 9743718B 		.ascii	"\227Cq\213\267\235c\033\204-_\001\265\266P\361g\334"
 3879      B79D631B 
 3879      842D5F01 
 3879      B5B650F1 
 3879      67DC
 3880 00cd 97B33AFA 		.ascii	"\227\263:\372\234>\021'\352u\256C?\277$L\277\035\275"
 3880      9C3E1127 
 3880      EA75AE43 
 3880      3FBF244C 
 3880      BF1DBD
 3881 00e0 505532A0 		.ascii	"PU2\240\200LU\031\264\217G\356\316W\231\342\261\363"
 3881      804C5519 
 3881      B48F47EE 
 3881      CE5799E2 
 3881      B1F3
 3882 00f2 EAECF36E 		.ascii	"\352\354\363n\226\245\305\225\246+=W:\\\351]i\271\322"
 3882      96A5C595 
 3882      A62B3D57 
 3882      3A5CE95D 
 3882      69B9D2
 3883 0105 3F119176 		.ascii	"?\021\221v\374\224T\202j]\021,R\243\246\016\244\363"
 3883      FC945482 
 3883      6A5D112C 
 3883      52A3A60E 
 3883      A4F3
 3884 0117 7EDBE6F7 		.ascii	"~\333\346\367\\B J\303\225\276d;oG\326\242\272\001K"
 3884      5C42204A 
 3884      C395BE64 
 3884      3B6F47D6 
 3884      A2BA014B 
ARM GAS  C:\Users\nicx5\AppData\Local\Temp\ccXs0mXR.s 			page 132


 3885 012b 9DB6808E 		.ascii	"\235\266\200\216\2115\002\215\302Zk\015w\367\257\323"
 3885      8935028D 
 3885      C25A6B0D 
 3885      77F7AFD3 
 3886 013b 501190AE 		.ascii	"P\021\220\256\316b\220\357\320p\377k\362\021B\0361k"
 3886      CE6290EF 
 3886      D070FF6B 
 3886      F211421E 
 3886      316B
 3887 014d 77C33D50 		.ascii	"w\303=P\342\347\305\270\343n\215\013\020\306\376\240"
 3887      E2E7C5B8 
 3887      E36E8D0B 
 3887      10C6FEA0 
 3888 015d FADDD8DD 		.ascii	"\372\335\330\335\331\206\001u\254=\357\255\036\0314"
 3888      D9860175 
 3888      AC3DEFAD 
 3888      1E1934
 3889 016c 0069DFE0 		.ascii	"\000i\337\340\310\343Xkc1\256\217\027\312\210\334\032"
 3889      C8E3586B 
 3889      6331AE8F 
 3889      17CA88DC 
 3889      1A
 3890 017d C7113919 		.ascii	"\307\0219\031\022\014\006\217B\277r\017\244b\334\321"
 3890      120C068F 
 3890      42BF720F 
 3890      A462DCD1 
 3891 018d B687D398 		.ascii	"\266\207\323\230\255\002^\331\020\223\000\026\243`%"
 3891      AD025ED9 
 3891      10930016 
 3891      A36025
 3892 019c A54593C1 		.ascii	"\245E\223\301\320f6254\022\313\244\324fb2\235\0161\016"
 3892      D0663632 
 3892      353412CB 
 3892      A4D46662 
 3892      329D0E31 
 3893 01b1 3034342F 		.ascii	"044/\330\015m\346\222\221\271\270b\024 \264\304j5\006"
 3893      D80D6DE6 
 3893      9291B9B8 
 3893      621420B4 
 3893      C46A3506 
 3894 01c5 2DAE996C 		.ascii	"-\256\231l\346C\215LB\003\327p\"\264\274\274`\025.\270"
 3894      E6438D4C 
 3894      4203D770 
 3894      22B4BCBC 
 3894      60152EB8 
 3895 01d9 BCCC6C64 		.ascii	"\274\314ld8\030^\034L\020`\333W\277:\033\030bz\012\375"
 3895      38185E1C 
 3895      4C1060DB 
 3895      57BF3A1B 
 3895      18627A0A 
 3896 01ee 1B251A5A 		.ascii	"\033%\032Zz\332\377F\3055\261f\351Y \243\271;\373(\224"
 3896      7ADAFF46 
 3896      C535B166 
 3896      E95920A3 
 3896      B93BFB28 
 3897 0203 2EFD3509 		.ascii	".\3755\011i\241\320\031& P\0021\012\232\035\024\351"
 3897      69A1D019 
ARM GAS  C:\Users\nicx5\AppData\Local\Temp\ccXs0mXR.s 			page 133


 3897      26205002 
 3897      310A9A1D 
 3897      14E9
 3898 0215 E0849919 		.ascii	"\340\204\231\031\271\353H\371\376ol\372\275\012\330"
 3898      B9EB48F9 
 3898      FE6F6CFA 
 3898      BD0AD8
 3899 0224 9C7C3DE5 		.ascii	"\234|=\345\262\207\254/N\260\377\344\026KN\244\300R"
 3899      B287AC2F 
 3899      4EB0FFE4 
 3899      164B4EA4 
 3899      C052
 3900 0236 426E1D5F 		.ascii	"Bn\035_sm<\245\201\270\230\207Y\314\216\\\2171\211a"
 3900      736D3CA5 
 3900      81B89887 
 3900      59CC8E5C 
 3900      8F318961 
 3901 024a BBD6AFFD 		.ascii	"\273\326\257\375\004\214;\360\240\31641\031\010\323"
 3901      048C3BF0 
 3901      A0CE3431 
 3901      1908D3
 3902 0259 5D1321FC 		.ascii	"]\023!\374S:V\333X\210#j\332\353\012O"
 3902      533A56DB 
 3902      5888236A 
 3902      DAEB0A4F 
 3903              		.text
 3904              		.section	.gnu.lto_HAL_PWREx_EnableUSBVoltageDetector.362.1f2f2586,"e",%progbits
 3905 0000 28B52FFD 		.ascii	"(\265/\375`\\\000\355\010\000\342O<:0\221\322\001\200"
 3905      605C00ED 
 3905      0800E24F 
 3905      3C3A3091 
 3905      D20180
 3906 0013 0C6181D5 		.ascii	"\014a\201\325\305\240\213\272\212\340\3335\225\355\034"
 3906      C5A08BBA 
 3906      8AE0DB35 
 3906      95ED1C
 3907 0022 0277FBCF 		.ascii	"\002w\373\317\277\215\3257\030\342+@m\243\266\032\004"
 3907      BF8DD537 
 3907      18E22B40 
 3907      6DA3B61A 
 3907      04
 3908 0033 189B620A 		.ascii	"\030\233b\012\030yUo\201\020\"e\0124\324\177\224|\271"
 3908      1879556F 
 3908      81102265 
 3908      0A34D47F 
 3908      947CB9
 3909 0046 530A2E25 		.ascii	"S\012.%\220\246PLy\204\034\031\247\323\310\353\370\030"
 3909      90A6504C 
 3909      79841C19 
 3909      A7D3C8EB 
 3909      F818
 3910 0058 BB9248EA 		.ascii	"\273\222H\352B\012\210/$\311\205\257\033ES\210\206("
 3910      420A882F 
 3910      24C985AF 
 3910      1B455388 
 3910      8628
 3911 006a C1601215 		.ascii	"\301`\022\025\361\201#\257\342\202\004\216\033\"\012"
ARM GAS  C:\Users\nicx5\AppData\Local\Temp\ccXs0mXR.s 			page 134


 3911      F18123AF 
 3911      E282048E 
 3911      1B220A
 3912 0079 036C9820 		.ascii	"\003l\230 \260]\356?\253\261\201\332\213\215D[\236Z"
 3912      B05DEE3F 
 3912      ABB181DA 
 3912      8B8D445B 
 3912      9E5A
 3913 008b DEC58300 		.ascii	"\336\305\203\000\272N}\013\205\245,\333 \227I\205vW"
 3913      BA4E7D0B 
 3913      85A52CDB 
 3913      20974985 
 3913      7657
 3914 009d 14FCD963 		.ascii	"\024\374\331cDB\262s\\ir\262\376\010\350\334U4C\243"
 3914      4442B273 
 3914      5C6972B2 
 3914      FE08E8DC 
 3914      553443A3 
 3915 00b1 2C7B3597 		.ascii	",{5\227\234\235=.WSY\374\317j\314\376\364\374\3649\007"
 3915      9C9D3D2E 
 3915      575359FC 
 3915      CF6ACCFE 
 3915      F4FCF439 
 3916 00c6 9ACDCC80 		.ascii	"\232\315\314\200\266\253\322s[\033w\323b\373\001V\331"
 3916      B6ABD273 
 3916      5B1B77D3 
 3916      62FB0156 
 3916      D9
 3917 00d7 3A0525BB 		.ascii	":\005%\273\242\035XJ\315mw;\225]\365\251\362\017s\001"
 3917      A21D584A 
 3917      CD6D773B 
 3917      955DF5A9 
 3917      F20F7301 
 3918 00eb D76BF509 		.ascii	"\327k\365\011\360\260\273\236\256\027\354\326\333>\260"
 3918      F0B0BB9E 
 3918      AE17ECD6 
 3918      DB3EB0
 3919 00fa 6D611B27 		.ascii	"ma\033'\020\000<\203\3179\3077\357e5\2143\215`\275U"
 3919      10003C83 
 3919      CF39C737 
 3919      EF65358C 
 3919      338D60BD 
 3920 010f 698CC0C0 		.ascii	"i\214\300\300F\305)LpR\356h\315\216\030\302\277\214"
 3920      46C5294C 
 3920      7052EE68 
 3920      CD8E18C2 
 3920      BF8C
 3921 0121 0B2EDDA2 		.ascii	"\013.\335\242\235O"
 3921      9D4F
 3922              		.text
 3923              		.section	.gnu.lto_HAL_PWREx_DisableUSBVoltageDetector.363.1f2f2586,"e",%progbits
 3924 0000 28B52FFD 		.ascii	"(\265/\375`]\000m\011\000D\020\337\000\000\000O\000"
 3924      605D006D 
 3924      09004410 
 3924      DF000000 
 3924      4F00
 3925 0012 00002300 		.ascii	"\000\000#\000\000\000\001\003\000\001\222\221\212\002"
ARM GAS  C:\Users\nicx5\AppData\Local\Temp\ccXs0mXR.s 			page 135


 3925      00000103 
 3925      00019291 
 3925      8A02
 3926 0020 00808080 		.ascii	"\000\200\200\200@\007\002\001\201\221\212\021\001\271"
 3926      40070201 
 3926      81918A11 
 3926      01B9
 3927 002e 0101007F 		.ascii	"\001\001\000\177\002\001\177\001\254\003/\200\200\200"
 3927      02017F01 
 3927      AC032F80 
 3927      8080
 3928 003c F8CB97B6 		.ascii	"\370\313\227\266\356\011\200\200\205\030\354\000\000"
 3928      EE098080 
 3928      8518EC00 
 3928      00
 3929 0049 7F000B01 		.ascii	"\177\000\013\001\000\000\000\257\322\005\340\200\370"
 3929      000000AF 
 3929      D205E080 
 3929      F8
 3930 0056 FF9F8080 		.ascii	"\377\237\200\200\206'\273\314\317;\005\001\000\002\001"
 3930      8627BBCC 
 3930      CF3B0501 
 3930      000201
 3931 0065 02000201 		.ascii	"\002\000\002\001\000\000\251\003\200\004\001\000\252"
 3931      0000A903 
 3931      80040100 
 3931      AA
 3932 0072 030281C0 		.ascii	"\003\002\201\300\000\377\002\200\342\371\3343\000\203"
 3932      00FF0280 
 3932      E2F9DC33 
 3932      0083
 3933 0080 03C2BE09 		.ascii	"\003\302\276\011\003\001\005\001\006{\001\000\200\220"
 3933      03010501 
 3933      067B0100 
 3933      8090
 3934 008e 89C00505 		.ascii	"\211\300\005\005\001\254\010y\274\001\273\001\0006\241"
 3934      01AC0879 
 3934      BC01BB01 
 3934      0036A1
 3935 009d 80800877 		.ascii	"\200\200\010w\275\001u\000\000\000\203\003\203\230\207"
 3935      BD017500 
 3935      00008303 
 3935      839887
 3936 00ac 01030203 		.ascii	"\001\003\002\003\001\006(\001\377\377\377\367\017\362"
 3936      01062801 
 3936      FFFFFFF7 
 3936      0FF2
 3937 00ba 8A01C003 		.ascii	"\212\001\300\003\002\000\207\003\202\340\375\334\023"
 3937      02008703 
 3937      82E0FDDC 
 3937      13
 3938 00c7 A9038004 		.ascii	"\251\003\200\004\001\200\300\000\000\000\024E:\\Wor"
 3938      0180C000 
 3938      00001445 
 3938      3A5C576F 
 3938      72
 3939 00d8 6B735C53 		.ascii	"ks\\STM32\\HBox\0008Drivers/H7xx_HAL_/Src/stm32hhal"
ARM GAS  C:\Users\nicx5\AppData\Local\Temp\ccXs0mXR.s 			page 136


 3939      544D3332 
 3939      5C48426F 
 3939      78003844 
 3939      72697665 
 3940 0106 5F707772 		.ascii	"_pwr_ex.c\000\017\000<\203\3179\3077\367:4\234{\215"
 3940      5F65782E 
 3940      63000F00 
 3940      3C83CF39 
 3940      C737F73A 
 3941 011e 60BD5669 		.ascii	"`\275Vi\364\010~\012\2638)b\264fG\014\341_\306\005\227"
 3941      F4087E0A 
 3941      B3382962 
 3941      B466470C 
 3941      E15FC605 
 3942 0133 6ED1CE27 		.ascii	"n\321\316'"
 3943              		.text
 3944              		.section	.gnu.lto_HAL_PWREx_EnableBatteryCharging.364.1f2f2586,"e",%progbits
 3945 0000 28B52FFD 		.ascii	"(\265/\375`9\001%\015\000v\327XE\340\2644\035\310o\340"
 3945      60390125 
 3945      0D0076D7 
 3945      5845E0B4 
 3945      341DC86F 
 3946 0015 9860091C 		.ascii	"\230`\011\034\023\216\007L\240\312Sua\372\201\202>A"
 3946      138E074C 
 3946      A0CA5375 
 3946      61FA8182 
 3946      3E41
 3947 0027 75C6E753 		.ascii	"u\306\347S\020\333Gm\016Az\314\245xz*B\277\026E\016"
 3947      10DB476D 
 3947      0E417ACC 
 3947      A5787A2A 
 3947      42BF1645 
 3948 003c 8D8B541A 		.ascii	"\215\213T\032^L\314\003\312\320\024J[\305\025\3307k"
 3948      5E4CCC03 
 3948      CAD0144A 
 3948      5BC515D8 
 3948      376B
 3949 004e BD899429 		.ascii	"\275\211\224)\005A\000?\000D\000O\2150\201\335\237\235"
 3949      0541003F 
 3949      0044004F 
 3949      8D3081DD 
 3949      9F9D
 3950 0060 9D5D5081 		.ascii	"\235]P\2011\200\036Mn\300z\254^b=\372\263\207 0\261"
 3950      31801E4D 
 3950      6EC07AAC 
 3950      5E623DFA 
 3950      B3872030 
 3951 0075 1B2262A4 		.ascii	"\033\"b\244\205\017\237\335\305\024\347\337\363\363"
 3951      850F9FDD 
 3951      C514E7DF 
 3951      F3F3
 3952 0083 7FE3034E 		.ascii	"\177\343\003N76\317+\302\356:O7+n\275\355\004\266I\330"
 3952      3736CF2B 
 3952      C2EE3A4F 
 3952      372B6EBD 
 3952      ED04B649 
 3953 0098 4711D710 		.ascii	"G\021\327\020\016\035-Yybd@~\202l\206\006mRe\370\325"
ARM GAS  C:\Users\nicx5\AppData\Local\Temp\ccXs0mXR.s 			page 137


 3953      0E1D2D59 
 3953      79626440 
 3953      7E826C86 
 3953      066D5265 
 3954 00ae 2ACA7EEA 		.ascii	"*\312~\352\2772\0353]eZ3\235\231>\311\225\022\242\223"
 3954      BF321D33 
 3954      5D655A33 
 3954      9D993EC9 
 3954      9512A293 
 3955 00c2 83A5D87D 		.ascii	"\203\245\330}\021\372lO\3741\303\366\001\330\007P\035"
 3955      11FA6C4F 
 3955      FC31C3F6 
 3955      01D80750 
 3955      1D
 3956 00d3 9EF66D3C 		.ascii	"\236\366m<\347\013\257VQ.\341\251\321SBM\216=r\177b"
 3956      E70BAF56 
 3956      512EE1A9 
 3956      D153424D 
 3956      8E3D727F 
 3957 00e8 551A7954 		.ascii	"U\032yT4Tw\374T\344\322T\325\233X\010\010\303#\341O"
 3957      345477FC 
 3957      54E4D254 
 3957      D59B5808 
 3957      08C323E1 
 3958 00fd AC6BEA4D 		.ascii	"\254k\352M.JZ\262\335]\307\014h\027F\003?\307A\032\020"
 3958      2E4A5AB2 
 3958      DD5DC70C 
 3958      68174603 
 3958      3FC7411A 
 3959 0112 CE63044F 		.ascii	"\316c\004O\250\330\327\274\306z\014V\361\320\262 ka"
 3959      A8D8D7BC 
 3959      C67A0C56 
 3959      F1D0B220 
 3959      6B61
 3960 0124 A08262B2 		.ascii	"\240\202b\262\315\304\260l\340H2\035L\267e\010`\027"
 3960      CDC4B06C 
 3960      E048321D 
 3960      4CB76508 
 3960      6017
 3961 0136 146FD338 		.ascii	"\024o\3238\232\020Z\014\313\313KJ\006B\246\303\\\270"
 3961      9A105A0C 
 3961      CBCB4B4A 
 3961      0642A6C3 
 3961      5CB8
 3962 0148 154CB320 		.ascii	"\025L\263 A\244y\236\003\021\326q\233\010\030\216\302"
 3962      41A4799E 
 3962      0311D671 
 3962      9B08188E 
 3962      C2
 3963 0159 037BA409 		.ascii	"\003{\244\011\242QJvA\303\312\250\373\300\2218\214 "
 3963      A2514A76 
 3963      41C3CAA8 
 3963      FBC09138 
 3963      8C20
 3964 016b 5428601B 		.ascii	"T(`\033\334\031\000$\245\216g\3609\347\370\346^\361"
 3964      DC190024 
 3964      A58E67F0 
ARM GAS  C:\Users\nicx5\AppData\Local\Temp\ccXs0mXR.s 			page 138


 3964      39E7F8E6 
 3964      5EF1
 3965 017d 19C61942 		.ascii	"\031\306\031B{\275\010\274\205\017\260\236S\224\201"
 3965      7BBD08BC 
 3965      850FB09E 
 3965      539481
 3966 018c 0A3F34C2 		.ascii	"\012?4\302\312\206 G\005\226\265Y\362\374\3556f\255"
 3966      CA862047 
 3966      0596B559 
 3966      F2FCED36 
 3966      66AD
 3967 019e 15815A63 		.ascii	"\025\201Zc\346c\002\264VS\300]^\264\223\014"
 3967      E66302B4 
 3967      5653C05D 
 3967      5EB4930C 
 3968              		.text
 3969              		.section	.gnu.lto_HAL_PWREx_DisableBatteryCharging.365.1f2f2586,"e",%progbits
 3970 0000 28B52FFD 		.ascii	"(\265/\375`]\000m\011\000D\020\337\000\000\000O\000"
 3970      605D006D 
 3970      09004410 
 3970      DF000000 
 3970      4F00
 3971 0012 00002300 		.ascii	"\000\000#\000\000\000\001\003\000\001\222\221\212\002"
 3971      00000103 
 3971      00019291 
 3971      8A02
 3972 0020 00808080 		.ascii	"\000\200\200\200@\007\002\001\201\221\212\021\001\271"
 3972      40070201 
 3972      81918A11 
 3972      01B9
 3973 002e 0101007F 		.ascii	"\001\001\000\177\002\001\177\001\254\003/\200\200\200"
 3973      02017F01 
 3973      AC032F80 
 3973      8080
 3974 003c F8CB97B6 		.ascii	"\370\313\227\266\357\011\200\200\205\030\354\000\000"
 3974      EF098080 
 3974      8518EC00 
 3974      00
 3975 0049 7F000B01 		.ascii	"\177\000\013\001\000\000\000\257\322\005\340\200\370"
 3975      000000AF 
 3975      D205E080 
 3975      F8
 3976 0056 FF9F8080 		.ascii	"\377\237\200\200\2067\273\314\357;\005\001\000\002\001"
 3976      8637BBCC 
 3976      EF3B0501 
 3976      000201
 3977 0065 02000201 		.ascii	"\002\000\002\001\000\000\251\003\200\004\001\000\252"
 3977      0000A903 
 3977      80040100 
 3977      AA
 3978 0072 030281C0 		.ascii	"\003\002\201\300\000\377\002\200\342\371\3363\000\203"
 3978      00FF0280 
 3978      E2F9DE33 
 3978      0083
 3979 0080 03C2BE09 		.ascii	"\003\302\276\011\003\001\005\001\006{\001\000\200\220"
 3979      03010501 
 3979      067B0100 
ARM GAS  C:\Users\nicx5\AppData\Local\Temp\ccXs0mXR.s 			page 139


 3979      8090
 3980 008e 89C00505 		.ascii	"\211\300\005\005\001\254\010y\274\001\273\001\0006\241"
 3980      01AC0879 
 3980      BC01BB01 
 3980      0036A1
 3981 009d 80800877 		.ascii	"\200\200\010w\275\001u\000\000\000\203\003\203\230\207"
 3981      BD017500 
 3981      00008303 
 3981      839887
 3982 00ac 01030203 		.ascii	"\001\003\002\003\001\006(\001\377\375\377\377\017\362"
 3982      01062801 
 3982      FFFDFFFF 
 3982      0FF2
 3983 00ba 8A01C003 		.ascii	"\212\001\300\003\002\000\207\003\202\340\375\336\023"
 3983      02008703 
 3983      82E0FDDE 
 3983      13
 3984 00c7 A9038004 		.ascii	"\251\003\200\004\001\200\300\000\000\000\024E:\\Wor"
 3984      0180C000 
 3984      00001445 
 3984      3A5C576F 
 3984      72
 3985 00d8 6B735C53 		.ascii	"ks\\STM32\\HBox\0008Drivers/H7xx_HAL_/Src/stm32hhal"
 3985      544D3332 
 3985      5C48426F 
 3985      78003844 
 3985      72697665 
 3986 0106 5F707772 		.ascii	"_pwr_ex.c\000\017\000<\203\3179\3077\367:4\234{\215"
 3986      5F65782E 
 3986      63000F00 
 3986      3C83CF39 
 3986      C737F73A 
 3987 011e 60BD5669 		.ascii	"`\275Vi\364\010~\012\2638)b\264fG\014\341_\306\005\227"
 3987      F4087E0A 
 3987      B3382962 
 3987      B466470C 
 3987      E15FC605 
 3988 0133 6ED1CE27 		.ascii	"n\321\316'"
 3989              		.text
 3990              		.section	.gnu.lto_HAL_PWREx_EnableMonitoring.366.1f2f2586,"e",%progbits
 3991 0000 28B52FFD 		.ascii	"(\265/\375`Y\000\335\010\000\342O<:0\221\322\001\200"
 3991      605900DD 
 3991      0800E24F 
 3991      3C3A3091 
 3991      D20180
 3992 0013 6C9C239D 		.ascii	"l\234#\235\351:\325N\014\342\247hy~\214Cp\371\\\373"
 3992      E93AD54E 
 3992      0CE2A768 
 3992      797E8C43 
 3992      70F95CFB 
 3993 0027 656F038A 		.ascii	"eo\003\212\250\025\240\266Q[\015\002\214M1\005\014;"
 3993      A815A0B6 
 3993      515B0D02 
 3993      8C4D3105 
 3993      0C3B
 3994 0039 AAB74008 		.ascii	"\252\267@\010E\017\215v\364\177D\252\334)\005.%\220"
 3994      450F8D76 
ARM GAS  C:\Users\nicx5\AppData\Local\Temp\ccXs0mXR.s 			page 140


 3994      F47F44AA 
 3994      DC29052E 
 3994      2590
 3995 004b A6504C79 		.ascii	"\246PLy\204\034\031\247\323\310\353\370\030\273\222"
 3995      841C19A7 
 3995      D3C8EBF8 
 3995      18BB92
 3996 005a 48EA420A 		.ascii	"H\352B\012\210/$\311\205\257\033ES\210\206(\301`\022"
 3996      882F24C9 
 3996      85AF1B45 
 3996      53888628 
 3996      C16012
 3997 006d 15F18123 		.ascii	"\025\361\201#\257\342\202\004\216\033\"\012\003l\230"
 3997      AFE28204 
 3997      8E1B220A 
 3997      036C98
 3998 007c 30B05DEE 		.ascii	"0\260]\356\025VP\333\241\221h\313S\313\273x\006\216"
 3998      155650DB 
 3998      A19168CB 
 3998      53CBBB78 
 3998      068E
 3999 008e F0B94E7D 		.ascii	"\360\271N}+\205\245,\333 \227\245@\273-\012~\314eD@"
 3999      2B85A52C 
 3999      DB2097A5 
 3999      40BB2D0A 
 3999      7ECC6544 
 4000 00a3 B1735C69 		.ascii	"\261s\\ir\262\376\310\347\33454C\243,{\265\034\235\235"
 4000      72B2FEC8 
 4000      E7DC3534 
 4000      43A32C7B 
 4000      B51C9D9D 
 4001 00b7 3797ABA9 		.ascii	"7\227\253\251.>\300*\314\376\364\374\3649\207\331L&"
 4001      2E3EC02A 
 4001      CCFEF4FC 
 4001      F43987D9 
 4001      4C26
 4002 00c9 AAD965B9 		.ascii	"\252\331e\271\331\226\306\335\274\330\276\200Uv\355"
 4002      D996C6DD 
 4002      BCD8BE80 
 4002      5576ED
 4003 00d8 A06437D4 		.ascii	"\240d7\324\263\242bc\333\335NcW}\252\374\303\234\300"
 4003      B3A26263 
 4003      DBDD4E63 
 4003      577DAAFC 
 4003      C39CC0
 4004 00eb F55A7D06 		.ascii	"\365Z}\006<\354\256\247\353\205r\353m\213l[\330\306"
 4004      3CECAEA7 
 4004      EB8572EB 
 4004      6D8B6C5B 
 4004      D8C6
 4005 00fd 090F003C 		.ascii	"\011\017\000<\203\3179g7\367\025~F\315\034\002\353J"
 4005      83CF3967 
 4005      37F7157E 
 4005      46CD1C02 
 4005      EB4A
 4006 010f A59121F8 		.ascii	"\245\221!\370)\314\342\244\210\321\232\0351\204\177"
 4006      29CCE2A4 
ARM GAS  C:\Users\nicx5\AppData\Local\Temp\ccXs0mXR.s 			page 141


 4006      88D19A1D 
 4006      31847F
 4007 011e 19175CBA 		.ascii	"\031\027\\\272E;\237"
 4007      453B9F
 4008              		.text
 4009              		.section	.gnu.lto_HAL_PWREx_DisableMonitoring.367.1f2f2586,"e",%progbits
 4010 0000 28B52FFD 		.ascii	"(\265/\375`]\000m\011\000D\020\337\000\000\000O\000"
 4010      605D006D 
 4010      09004410 
 4010      DF000000 
 4010      4F00
 4011 0012 00002300 		.ascii	"\000\000#\000\000\000\001\003\000\001\222\221\212\002"
 4011      00000103 
 4011      00019291 
 4011      8A02
 4012 0020 00808080 		.ascii	"\000\200\200\200@\007\002\001\201\221\212\021\001\271"
 4012      40070201 
 4012      81918A11 
 4012      01B9
 4013 002e 0101007F 		.ascii	"\001\001\000\177\002\001\177\001\254\003/\200\200\200"
 4013      02017F01 
 4013      AC032F80 
 4013      8080
 4014 003c F8CB97BE 		.ascii	"\370\313\227\276\366\011\200\200\205\030\354\000\000"
 4014      F6098080 
 4014      8518EC00 
 4014      00
 4015 0049 7F000B01 		.ascii	"\177\000\013\001\000\000\000\257\322\005\340\200\370"
 4015      000000AF 
 4015      D205E080 
 4015      F8
 4016 0056 FF9F8080 		.ascii	"\377\237\200\200\206*\275\314\325=\005\001\000\002\001"
 4016      862ABDCC 
 4016      D53D0501 
 4016      000201
 4017 0065 02000201 		.ascii	"\002\000\002\001\000\000\251\003\200\004\001\000\252"
 4017      0000A903 
 4017      80040100 
 4017      AA
 4018 0072 030281C0 		.ascii	"\003\002\201\300\000\377\002\200\342\251\3553\000\203"
 4018      00FF0280 
 4018      E2A9ED33 
 4018      0083
 4019 0080 03C2BE09 		.ascii	"\003\302\276\011\003\001\005\001\006{\001\000\200\220"
 4019      03010501 
 4019      067B0100 
 4019      8090
 4020 008e 89C00505 		.ascii	"\211\300\005\005\001\254\010y\274\001\273\001\0006\241"
 4020      01AC0879 
 4020      BC01BB01 
 4020      0036A1
 4021 009d 80800877 		.ascii	"\200\200\010w\275\001u\000\000\000\203\003\203\230\207"
 4021      BD017500 
 4021      00008303 
 4021      839887
 4022 00ac 01030203 		.ascii	"\001\003\002\003\001\006(\001\357\377\377\377\017\362"
 4022      01062801 
ARM GAS  C:\Users\nicx5\AppData\Local\Temp\ccXs0mXR.s 			page 142


 4022      EFFFFFFF 
 4022      0FF2
 4023 00ba 8A01C003 		.ascii	"\212\001\300\003\002\000\207\003\202\340\255\355\023"
 4023      02008703 
 4023      82E0ADED 
 4023      13
 4024 00c7 A9038004 		.ascii	"\251\003\200\004\001\200\300\000\000\000\024E:\\Wor"
 4024      0180C000 
 4024      00001445 
 4024      3A5C576F 
 4024      72
 4025 00d8 6B735C53 		.ascii	"ks\\STM32\\HBox\0008Drivers/H7xx_HAL_/Src/stm32hhal"
 4025      544D3332 
 4025      5C48426F 
 4025      78003844 
 4025      72697665 
 4026 0106 5F707772 		.ascii	"_pwr_ex.c\000\017\000<\203\3179\3077\367:4\234{\215"
 4026      5F65782E 
 4026      63000F00 
 4026      3C83CF39 
 4026      C737F73A 
 4027 011e 60BD5669 		.ascii	"`\275Vi\364\010~\012\2638)b\264fG\014\341_\306\005\227"
 4027      F4087E0A 
 4027      B3382962 
 4027      B466470C 
 4027      E15FC605 
 4028 0133 6ED1CE27 		.ascii	"n\321\316'"
 4029              		.text
 4030              		.section	.gnu.lto_HAL_PWREx_GetTemperatureLevel.368.1f2f2586,"e",%progbits
 4031 0000 28B52FFD 		.ascii	"(\265/\375`\316\001m\021\000v\336sK\300\222U:\342_\235"
 4031      60CE016D 
 4031      110076DE 
 4031      734BC092 
 4031      553AE25F 
 4032 0015 B3DACCC4 		.ascii	"\263\332\314\304\221+\241\311:\342\300S\324\265\020"
 4032      912BA1C9 
 4032      3AE2C053 
 4032      D4B510
 4033 0024 BF9A5B80 		.ascii	"\277\232[\200\012S\211\342<\312\250\271cdC\223I\237"
 4033      0A5389E2 
 4033      3CCAA8B9 
 4033      63644393 
 4033      499F
 4034 0036 9005D600 		.ascii	"\220\005\326\000\224!\031}\203\355<T\206\014; \227O"
 4034      9421197D 
 4034      83ED3C54 
 4034      860C3B20 
 4034      974F
 4035 0048 74900D9A 		.ascii	"t\220\015\232\210\201`7\324\251\"\031do\271\223\014"
 4035      88816037 
 4035      D4A92219 
 4035      646FB993 
 4035      0C
 4036 0059 5B005A00 		.ascii	"[\000Z\000]\000<A\274\345\007\335\205\214\315\221;t"
 4036      5D003C41 
 4036      BCE507DD 
 4036      858CCD91 
ARM GAS  C:\Users\nicx5\AppData\Local\Temp\ccXs0mXR.s 			page 143


 4036      3B74
 4037 006b 9B51F801 		.ascii	"\233Q\370\001\321\241\001\274w\2072\235@x[/ \274m\240"
 4037      D1A101BC 
 4037      7787329D 
 4037      40785B2F 
 4037      20BC6DA0 
 4038 007f 9BB7B5A9 		.ascii	"\233\267\265\251\311\277\356\037\201\203\323\271\251"
 4038      C9BFEE1F 
 4038      8183D3B9 
 4038      A9
 4039 008c CD6E4BBC 		.ascii	"\315nK\274\322\220\324jh\327\224\210\033=\000jg-A\362"
 4039      D290D46A 
 4039      68D79488 
 4039      1B3D006A 
 4039      672D41F2 
 4040 00a0 C971DD69 		.ascii	"\311q\335i\210Z\015\245\"\252{/\323\233\032\211sxf\316"
 4040      885A0DA5 
 4040      22AA7B2F 
 4040      D39B1A89 
 4040      737866CE 
 4041 00b4 C0CC27F3 		.ascii	"\300\314'\363w\004\341\355\273d\313\361\372\3446\022"
 4041      7704E1ED 
 4041      BB64CBF1 
 4041      FAE43612 
 4042 00c4 321AFD20 		.ascii	"2\032\375 \2724\310\273\031\355\037~\275mc\376\355\\"
 4042      BA34C8BB 
 4042      19ED1F7E 
 4042      BD6D63FE 
 4042      ED5C
 4043 00d6 9F3B534A 		.ascii	"\237;SJ\371V\244W\203\207;\371\356=\021\004^\035\326"
 4043      F956A457 
 4043      83873BF9 
 4043      EE3D1104 
 4043      5E1DD6
 4044 00e9 C68ADFFE 		.ascii	"\306\212\337\376\334)\263\214\217\273\216ILz9S\025\340"
 4044      DC29B38C 
 4044      8FBB8E49 
 4044      4C7A3953 
 4044      15E0
 4045 00fb 5E608BA1 		.ascii	"^`\213\241\017\342\255I\021\206\337LzU\334&J\372\001"
 4045      0FE2AD49 
 4045      1186DF4C 
 4045      7A55DC26 
 4045      4AFA01
 4046 010e 8FEEDD1D 		.ascii	"\217\356\335\035\270\015\2246N\213E<\264\266a\026>z"
 4046      B80D9436 
 4046      4E8B453C 
 4046      B4B66116 
 4046      3E7A
 4047 0120 68AB68F6 		.ascii	"h\253h\366f\370\334e<,_\022\015\352\035\245\250\365"
 4047      66F8DC65 
 4047      3C2C5F12 
 4047      0DEA1DA5 
 4047      A8F5
 4048 0132 38FAF4E1 		.ascii	"8\372\364\341:\207\307\014[\367\017S3\254\235\022\352"
 4048      3A87C70C 
 4048      5BF70F53 
ARM GAS  C:\Users\nicx5\AppData\Local\Temp\ccXs0mXR.s 			page 144


 4048      33AC9D12 
 4048      EA
 4049 0143 414387F0 		.ascii	"AC\207\360\350\263\325\376\355&\032\015rh |\327n\030"
 4049      E8B3D5FE 
 4049      ED261A0D 
 4049      7268207C 
 4049      D76E18
 4050 0156 3626CE3E 		.ascii	"6&\316>\231\031v\241\030\361^\024\012\370/\316\233\021"
 4050      991976A1 
 4050      18F15E14 
 4050      0AF82FCE 
 4050      9B11
 4051 0168 816EED0E 		.ascii	"\201n\355\016D\316\345{\010/R\206Dyi!aF\370D\203\012"
 4051      44CEE57B 
 4051      082F5286 
 4051      44796921 
 4051      6146F844 
 4052 017e 825125C1 		.ascii	"\202Q%\301\311\311D\306\274R,l K\221WN1\322U\316\274"
 4052      C9C944C6 
 4052      BC522C6C 
 4052      204B9157 
 4052      4E31D255 
 4053 0194 B85E292C 		.ascii	"\270^),,\251\261\005\006\206Z)Y(\027\212\203\225+\026"
 4053      2CA9B105 
 4053      06865A29 
 4053      5928178A 
 4053      83952B16 
 4054 01a8 5BB042C1 		.ascii	"[\260B\301JR\206C\011\201\001\307\\\036\254Z\251QB\005"
 4054      4A528643 
 4054      098101C7 
 4054      5C1EAC5A 
 4054      A9514205 
 4055 01bc 560BD6A1 		.ascii	"V\013\326\241t\271\320j\020a\0003\357\356\353m\033\227"
 4055      74B9D06A 
 4055      10610033 
 4055      EFEEEB6D 
 4055      1B97
 4056 01ce 82C4A897 		.ascii	"\202\304\250\227\361\322\317\247k\201\035\244\035\032"
 4056      F1D2CFA7 
 4056      6B811DA4 
 4056      1D1A
 4057 01dc 25204002 		.ascii	"% @\002\243\024R\017\211\264\261\203O\317\361\371\036"
 4057      A314520F 
 4057      89B4B183 
 4057      4FCFF1F9 
 4057      1E
 4058 01ed B3AD6FC0 		.ascii	"\263\255o\300\027\343\000\021\021\336p\203]\343c\333"
 4058      17E30011 
 4058      11DE7083 
 4058      5DE363DB 
 4059 01fd 35234C0D 		.ascii	"5#L\015?\027\206I\235o3\301\314A\024H\234\002+\013\245"
 4059      3F178649 
 4059      9D6F33C1 
 4059      CC411448 
 4059      9C022B0B 
 4060 0212 E93C8EF6 		.ascii	"\351<\216\366\3640.ja\022\275:\246\001E\331\026:\211"
 4060      F4302E6A 
ARM GAS  C:\Users\nicx5\AppData\Local\Temp\ccXs0mXR.s 			page 145


 4060      6112BD3A 
 4060      A60145D9 
 4060      163A89
 4061 0225 39C76C30 		.ascii	"9\307l0W\343\364\364\204\366o\351A\336\252\326@\001"
 4061      57E3F4F4 
 4061      84F66FE9 
 4061      41DEAAD6 
 4061      4001
 4062              		.text
 4063              		.section	.gnu.lto_HAL_PWREx_GetVBATLevel.369.1f2f2586,"e",%progbits
 4064 0000 28B52FFD 		.ascii	"(\265/\375`\316\001u\021\000\306\336tJ\300\224Q:,\346"
 4064      60CE0175 
 4064      1100C6DE 
 4064      744AC094 
 4064      513A2CE6 
 4065 0014 0CCE30F0 		.ascii	"\014\3160\360e\231J\322\357-\035\232m*S\355S\362U+\006"
 4065      65994AD2 
 4065      EF2D1D9A 
 4065      6D2A53ED 
 4065      53F2552B 
 4066 0029 6596FF50 		.ascii	"e\226\377P\261)\332\001~+k\363\001k\344=\225\212\224"
 4066      B129DA01 
 4066      7E2B6BF3 
 4066      016BE43D 
 4066      958A94
 4067 003c 3F23C676 		.ascii	"?#\306vF\014Z\031\244PA\252\304 a\260>XX\261a\200I$"
 4067      460C5A19 
 4067      A45041AA 
 4067      C42061B0 
 4067      3E5858B1 
 4068 0054 7BCB9D64 		.ascii	"{\313\235d\\\000\\\000]\000u'\204\257\373\242\313\260"
 4068      5C005C00 
 4068      5D007527 
 4068      84AFFBA2 
 4068      CBB0
 4069 0066 2D79D24A 		.ascii	"-y\322J\274\033\005\250#(p\374\272}+\325\013\200\257"
 4069      BC1B05A8 
 4069      232870FC 
 4069      BA7D2BD5 
 4069      0B80AF
 4070 0079 F403C057 		.ascii	"\364\003\300W&:\371Jy\222\373\037\375%xv\344vt\267\327"
 4070      263AF94A 
 4070      7992FB1F 
 4070      FD257876 
 4070      E47674B7 
 4071 008e 13A73928 		.ascii	"\023\2479(:\235\311\224E\202GP\000]I\001 \021\362\361"
 4071      3A9DC994 
 4071      45824750 
 4071      005D4901 
 4071      2011F2F1 
 4072 00a2 A3CF113A 		.ascii	"\243\317\021:\2359M\\\335\275sGg\342\013~w/\354n\271"
 4072      9D394D5C 
 4072      DDBD7347 
 4072      67E20B7E 
 4072      772FEC6E 
 4073 00b7 FB2001FF 		.ascii	"\373 \001\377\000\276\236\015\354zH\\.3\375ZLF\226z"
 4073      00BE9E0D 
ARM GAS  C:\Users\nicx5\AppData\Local\Temp\ccXs0mXR.s 			page 146


 4073      EC7A485C 
 4073      2E33FD5A 
 4073      4C46967A 
 4074 00cb 46ADEF36 		.ascii	"F\255\3576yhO\233w\273\347}\351{\3379\347\276\232\020"
 4074      79684F9B 
 4074      77BBE77D 
 4074      E97BDF39 
 4074      E7BE9A10 
 4075 00df B18164F4 		.ascii	"\261\201d\364 G\267O\324\257\201T\035.\316\373{\237"
 4075      2047B74F 
 4075      D4AF8154 
 4075      1D2ECEFB 
 4075      7B9F
 4076 00f1 BBB6BDD1 		.ascii	"\273\266\275\321\217\026%\345E\217t\011\350\376\305"
 4076      8F1625E5 
 4076      458F7409 
 4076      E8FEC5
 4077 0100 500211BE 		.ascii	"P\002\021\276\246\030Y8\217\234\315\242yI\011T\222\246"
 4077      A6185938 
 4077      8F9CCDA2 
 4077      79490954 
 4077      92A6
 4078 0112 6E1F8207 		.ascii	"n\037\202\007;9,\362\203\343\334\302x\002\232\354\302"
 4078      3B392CF2 
 4078      83E3DCC2 
 4078      78029AEC 
 4078      C2
 4079 0123 551E22C1 		.ascii	"U\036\"\301\367n\373\2019=\315\242\037M+\350\373=\270"
 4079      F76EFB81 
 4079      393DCDA2 
 4079      1F4D2BE8 
 4079      FB3DB8
 4080 0136 742AE21E 		.ascii	"t*\342\036!7v\314CK\202\224YICr\346\222m9\005Q>\357"
 4080      213776CC 
 4080      434B8294 
 4080      59494372 
 4080      E6926D39 
 4081 014e 2ADC8CDA 		.ascii	"*\334\214\332\373\272\177\000<Sf\032\271\024%\227\273"
 4081      FBBA7F00 
 4081      3C53661A 
 4081      B9142597 
 4081      BB
 4082 015f 4B7B924D 		.ascii	"K{\222M\330\015\264`?\343H8!\321k\365\211\350\351\015"
 4082      D80DB460 
 4082      3FE34838 
 4082      21D16BF5 
 4082      89E8E90D 
 4083 0173 33F14674 		.ascii	"3\361Ftyai\2019\331\025\0142\011Z2\012VTT\242\315,\006"
 4083      79616981 
 4083      39D9150C 
 4083      32095A32 
 4083      0A565454 
 4084 018b 26833886 		.ascii	"&\2038\206;\243R\023e#N\007\331,\206\206\206\325\342"
 4084      3BA35213 
 4084      65234E07 
 4084      D92C8686 
 4084      86D5E2
ARM GAS  C:\Users\nicx5\AppData\Local\Temp\ccXs0mXR.s 			page 147


 4085 019e E081B69A 		.ascii	"\340\201\266\232\031a+\231\013\313KV\2531x\255h\243"
 4085      19612B99 
 4085      0BCB4B56 
 4085      AB3178AD 
 4085      68A3
 4086 01b0 78A36184 		.ascii	"x\243a\204\320`k5-\257\030\253%\341\005\026\243m\030"
 4086      D0606B35 
 4086      2DAF18AB 
 4086      25E10516 
 4086      A36D18
 4087 01c3 6B2AC41C 		.ascii	"k*\304\034D p\332\274\333T\013!\372\032O\011\205\340"
 4087      442070DA 
 4087      BCDB540B 
 4087      21FA1A4F 
 4087      0985E0
 4088 01d6 77CA47C5 		.ascii	"w\312G\305\222\271\223yv\003$ @\002\243\330Q\017\211"
 4088      92B99379 
 4088      76032420 
 4088      4002A3D8 
 4088      510F89
 4089 01e9 DA98C1E7 		.ascii	"\332\230\301\347\346x\236\213\265\007\363ZO\024/\234"
 4089      E6789E8B 
 4089      B507F35A 
 4089      4F142F9C 
 4090 01f9 0A5FB841 		.ascii	"\012_\270A\327\370\263\355\212\271S\267\317\331aR\236"
 4090      D7F8B3ED 
 4090      8AB953B7 
 4090      CFD96152 
 4090      9E
 4091 020a 713363C6 		.ascii	"q3c\306 \212%\206\307\226\233\272F\027\275W\224\211"
 4091      208A2586 
 4091      C7969BBA 
 4091      4617BD57 
 4091      9489
 4092 021c DD6EEF8C 		.ascii	"\335n\357\214i\200Q\266\013\235l\316i6\030\251qzzB\373"
 4092      698051B6 
 4092      0B9D6CCE 
 4092      693618A9 
 4092      717A7A42 
 4093 0231 D7F590B7 		.ascii	"\327\365\220\267\252\245P"
 4093      AAA550
 4094              		.text
 4095              		.section	.gnu.lto_HAL_PWREx_ConfigAVD.370.1f2f2586,"e",%progbits
 4096 0000 28B52FFD 		.ascii	"(\265/\375`\366\005-\032\000&\353\230H\260\230M:\027"
 4096      60F6052D 
 4096      1A0026EB 
 4096      9848B098 
 4096      4D3A17
 4097 0013 F76BB21C 		.ascii	"\367k\262\034\026\272\350\024f2\371h65\252\\]\333\376"
 4097      16BAE814 
 4097      6632F968 
 4097      3635AA5C 
 4097      5DDBFE
 4098 0026 001F44B8 		.ascii	"\000\037D\270\310c\252c\321\353\016\"\266\015\217\314"
 4098      C863AA63 
 4098      D1EB0E22 
 4098      B60D8FCC 
ARM GAS  C:\Users\nicx5\AppData\Local\Temp\ccXs0mXR.s 			page 148


 4099 0036 7BE97329 		.ascii	"{\351s)\036m\375\226c\222\260<\207\344\321\024\315\204"
 4099      1E6DFD96 
 4099      6392B03C 
 4099      87E4D114 
 4099      CD84
 4100 0048 D1D6561B 		.ascii	"\321\326V\033\027\2475B\010!D&\231\002\204\000i\000"
 4100      17A73542 
 4100      08214426 
 4100      99028400 
 4100      6900
 4101 005a 89005321 		.ascii	"\211\000S!\024\036\266\325e\333Z`\320\333\032\245A\216"
 4101      141EB6D5 
 4101      65DB5A60 
 4101      D0DB1AA5 
 4101      418E
 4102 006c 542A8565 		.ascii	"T*\205es\212\211z2\247o\200)\220\032\342hM\324\020\324"
 4102      738A897A 
 4102      32A76F80 
 4102      29901AE2 
 4102      684DD410 
 4103 0081 99A8A18F 		.ascii	"\231\250\241\217l.6+\346,\307T\315`\022f\316\271\263"
 4103      6C2E362B 
 4103      E62CC754 
 4103      CD601266 
 4103      CEB9B3
 4104 0094 507AA4AD 		.ascii	"Pz\244\255\222\034\305\020\334\037Y\307\236\230\022"
 4104      921CC510 
 4104      DC1F59C7 
 4104      9E9812
 4105 00a3 1392B66A 		.ascii	"\023\222\266jhY#\347\307\022\215\22398^4\351H\265\324"
 4105      685923E7 
 4105      C7128D93 
 4105      39385E34 
 4105      E948B5D4 
 4106 00b7 C4BB2843 		.ascii	"\304\273(CC\026+\016\302\320}1\251\000q\346\234*D\357"
 4106      43162B0E 
 4106      C2D07D31 
 4106      A90071E6 
 4106      9C2A44EF 
 4107 00cb 8269F78F 		.ascii	"\202i\367\217=sN_\211\351\205\332\245\266\201\330Fa"
 4107      3D734E5F 
 4107      89E985DA 
 4107      A5B681D8 
 4107      4661
 4108 00dd 87510173 		.ascii	"\207Q\001sN\205\3220\364\265X\232zBO\210\032\352\226"
 4108      4E85D230 
 4108      F4B5589A 
 4108      7A424F88 
 4108      1AEA96
 4109 00f0 BD22BBF3 		.ascii	"\275\"\273\363Z]\255U\325\315\252\013\325\374\317>\244"
 4109      5A5DAD55 
 4109      D5CDAA0B 
 4109      D5FCCF3E 
 4109      A4
 4110 0101 EF93159C 		.ascii	"\357\223\025\234\353d\253\224*\200\3377\277m~\327\374"
 4110      EB64AB94 
 4110      2A80DF37 
ARM GAS  C:\Users\nicx5\AppData\Local\Temp\ccXs0mXR.s 			page 149


 4110      BF6D7ED7 
 4110      FC
 4111 0112 B6FDAEFD 		.ascii	"\266\375\256\375\246\375\236\375\226\375\216\375\246"
 4111      A6FD9EFD 
 4111      96FD8EFD 
 4111      A6
 4112 011f F90DFBFD 		.ascii	"\371\015\373\375\372=\363[\346\267\353w\353w\371\233"
 4112      FA3DF35B 
 4112      E6B7EB77 
 4112      EB77F99B 
 4113 012f FC3DFE16 		.ascii	"\374=\376\026\177\207\277\301\337\373\373\2775\300x"
 4113      7F87BFC1 
 4113      DFFBFBBF 
 4113      35C078
 4114 013e 45A5488F 		.ascii	"E\245H\217\301\2169m\374\302\314\273OV\035\361\265<"
 4114      C18E396D 
 4114      FCC2CCBB 
 4114      4F561DF1 
 4114      B53C
 4115 0150 46B6A878 		.ascii	"F\266\250x\226\3019UG\234\331\327\2161xM8\2652\263\002"
 4115      96C13955 
 4115      479CD9D7 
 4115      8E31784D 
 4115      38B532B3 
 4116 0165 9C7A4955 		.ascii	"\234zIU2[\305\2652\031t\212k\252\265R\312m\005i\224"
 4116      325BC5B5 
 4116      3219748A 
 4116      6BAAB552 
 4116      CA6D0569 
 4117 017a 528A5C28 		.ascii	"R\212\\(\332D\307%\205\364\311\330C\\'c\302\0259(\023"
 4117      DA44C725 
 4117      85F4C9D8 
 4117      435C2763 
 4117      C2153928 
 4118 018f 25BA6488 		.ascii	"%\272d\210\210H\3240\274\202\0027\211*\201\331/\270"
 4118      8848D430 
 4118      BC820237 
 4118      892A81D9 
 4118      2FB8
 4119 01a1 CA83F141 		.ascii	"\312\203\361A\221\024\035\260\036\351\021aM!j\270[\366"
 4119      91141DB0 
 4119      1EE91161 
 4119      4D216AB8 
 4119      5BF6
 4120 01b3 927667D8 		.ascii	"\222vg\330O\313\357\247:\242\356WyM\273\335\331\326"
 4120      4FCBEFA7 
 4120      3AA2EE57 
 4120      794DBBDD 
 4120      D9D6
 4121 01c5 291112E4 		.ascii	")\021\022\344\2347\016X\207\250\317\004\031V\260AC\201"
 4121      9C370E58 
 4121      87A8CF04 
 4121      1956B041 
 4121      4381
 4122 01d7 9B06030A 		.ascii	"\233\006\003\012\010\340@\260\320\200\303\320\006\020"
 4122      08E040B0 
 4122      D080C3D0 
ARM GAS  C:\Users\nicx5\AppData\Local\Temp\ccXs0mXR.s 			page 150


 4122      0610
 4123 01e5 450F742D 		.ascii	"E\017t-\007\0210\022\302\345L\204\300y\310\320\241\003"
 4123      07113012 
 4123      C2E54C84 
 4123      C079C8D0 
 4123      A103
 4124 01f7 CFEDC308 		.ascii	"\317\355\303\010\335NP\356g\007'\241\201\017\316\310"
 4124      DD4E50EE 
 4124      670727A1 
 4124      810FCEC8 
 4125 0207 0881CF8E 		.ascii	"\010\201\317\216.'Tb(\007!\201\215\212\034\370\000\361"
 4125      2E275462 
 4125      28072181 
 4125      8D8A1CF8 
 4125      00F1
 4126 0219 DC2654F8 		.ascii	"\334&T\370\001\322\021\345\212.\000-\210@\263\355\233"
 4126      01D211E5 
 4126      8A2E002D 
 4126      8840B3ED 
 4126      9B
 4127 022a 9AA5632A 		.ascii	"\232\245c*iy\255\233\375b\2637^l\262r\2245\257\301\""
 4127      6979AD9B 
 4127      FD62B337 
 4127      5E6CB272 
 4127      9435AFC1 
 4128 023f 6DCBA5B6 		.ascii	"m\313\245\266\266-\265.#MiY\304\331j\221\355,\213\014"
 4128      B62DB52E 
 4128      234D6959 
 4128      C4D96A91 
 4128      ED2C8B0C 
 4129 0253 CB47B84F 		.ascii	"\313G\270OX4F\306nXN \015\325\025\205-\315\024l\313"
 4129      583446C6 
 4129      6E584E20 
 4129      0DD51585 
 4129      2DCD146C 
 4130 0268 DECF9598 		.ascii	"\336\317\225\230\3179\221\002z\250\221T\247\215\224"
 4130      CF399102 
 4130      7AA89154 
 4130      A78D94
 4131 0277 2429A3A8 		.ascii	"$)\243\250\220\341\340\002\021)\"7\021\3004F\250RD\024"
 4131      90E1E002 
 4131      11292237 
 4131      11C03446 
 4131      A8524414 
 4132 028b 946150A7 		.ascii	"\224aP\2478\231\223\224\263\246\314\366\273\204P\206"
 4132      38999394 
 4132      B3A6CCF6 
 4132      BB845086 
 4133 029b 13E0C90B 		.ascii	"\023\340\311\013\232'\034C]\346\017Y\301\003$^[k\320"
 4133      9A271C43 
 4133      5DE60F59 
 4133      C103245E 
 4133      5B6BD0
 4134 02ae 7AF02311 		.ascii	"z\360#\021\251\274\010\253\261\300\322\363\227\207\330"
 4134      A9BC08AB 
 4134      B1C0D2F3 
 4134      9787D8
ARM GAS  C:\Users\nicx5\AppData\Local\Temp\ccXs0mXR.s 			page 151


 4135 02bd 68234079 		.ascii	"h#@y1\221`\026\206\245\265;\350\205\254l&\364\232\014"
 4135      31916016 
 4135      86A5B53B 
 4135      E885AC6C 
 4135      26F49A0C 
 4136 02d1 CE4EA8FA 		.ascii	"\316N\250\372\322\\3\003,\3262#_qlV[{\3233\205\304\275"
 4136      D25C3303 
 4136      2CD63223 
 4136      5F716C56 
 4136      5B7BD333 
 4137 02e8 4377E2A5 		.ascii	"Cw\342\245\256\342\301\006\307QG \252\204\021\025n\024"
 4137      AEE2C106 
 4137      C7514720 
 4137      AA841115 
 4137      6E14
 4138 02fa A31FE467 		.ascii	"\243\037\344g+\034:*\326nJ\264\005\234\351*9\266\311"
 4138      2B1C3A2A 
 4138      D66E4AB4 
 4138      059CE92A 
 4138      39B6C9
 4139 030d 712EB005 		.ascii	"q.\260\005\203x<*\374h\357\233I4\220\342\304\342\301"
 4139      83783C2A 
 4139      FC68EF9B 
 4139      493490E2 
 4139      C4E2C1
 4140 0320 A41BDFDB 		.ascii	"\244\033\337\333\350\264\344\340:\306\036\364[5\277"
 4140      E8B4E4E0 
 4140      3AC61EF4 
 4140      5B35BF
 4141 032f 79CF44A0 		.ascii	"y\317D\240U\317\201FQYC\177S\2106\304\274\234\254\352"
 4141      55CF8146 
 4141      5159437F 
 4141      538836C4 
 4141      BC9CACEA 
 4142 0343 10DA5382 		.ascii	"\020\332S\202Ce\260\034\221\033!\376"
 4142      4365B01C 
 4142      911B21FE 
 4143              		.text
 4144              		.section	.gnu.lto_HAL_PWREx_EnableAVD.371.1f2f2586,"e",%progbits
 4145 0000 28B52FFD 		.ascii	"(\265/\375`[\000]\011\000$\020\335\000\000\000O\000"
 4145      605B005D 
 4145      09002410 
 4145      DD000000 
 4145      4F00
 4146 0012 00002300 		.ascii	"\000\000#\000\000\000\001\003\000\001\222\221\212\002"
 4146      00000103 
 4146      00019291 
 4146      8A02
 4147 0020 00808080 		.ascii	"\000\200\200\200@\007\002\001\201\221\212\021\001\271"
 4147      40070201 
 4147      81918A11 
 4147      01B9
 4148 002e 0101007F 		.ascii	"\001\001\000\177\002\001\177\001\254\003/\200\200\200"
 4148      02017F01 
 4148      AC032F80 
 4148      8080
 4149 003c F8CB97B2 		.ascii	"\370\313\227\262\377\011\200\200\205\030\354\000\000"
ARM GAS  C:\Users\nicx5\AppData\Local\Temp\ccXs0mXR.s 			page 152


 4149      FF098080 
 4149      8518EC00 
 4149      00
 4150 0049 7F000B01 		.ascii	"\177\000\013\001\000\000\000\257\322\005\340\200\370"
 4150      000000AF 
 4150      D205E080 
 4150      F8
 4151 0056 FF9F8080 		.ascii	"\377\237\200\200\3066\277\314\356?\005\001\000\002\001"
 4151      C636BFCC 
 4151      EE3F0501 
 4151      000201
 4152 0065 02000201 		.ascii	"\002\000\002\001\000\000\251\003\200\004\001\000\252"
 4152      0000A903 
 4152      80040100 
 4152      AA
 4153 0072 030281C0 		.ascii	"\003\002\201\300\000\377\002\200\342\361\3763\000\203"
 4153      00FF0280 
 4153      E2F1FE33 
 4153      0083
 4154 0080 03C2BE09 		.ascii	"\003\302\276\011\003\001\005\001\006{\001\000\200\220"
 4154      03010501 
 4154      067B0100 
 4154      8090
 4155 008e 89C00505 		.ascii	"\211\300\005\005\001\254\010y\274\001\273\001\0006\241"
 4155      01AC0879 
 4155      BC01BB01 
 4155      0036A1
 4156 009d 80800877 		.ascii	"\200\200\010w\275\001u\000\000\000\203\003\203\224\207"
 4156      BD017500 
 4156      00008303 
 4156      839487
 4157 00ac 01030203 		.ascii	"\001\003\002\003\001\006(\001\200\200\004\362\212\001"
 4157      01062801 
 4157      808004F2 
 4157      8A01
 4158 00ba C0030200 		.ascii	"\300\003\002\000\207\003\202\340\365\376\023\251\003"
 4158      870382E0 
 4158      F5FE13A9 
 4158      03
 4159 00c7 80040180 		.ascii	"\200\004\001\200\300\000\000\000\024E:\\Works\\STM3"
 4159      C0000000 
 4159      14453A5C 
 4159      576F726B 
 4159      735C5354 
 4160 00dd 325C4842 		.ascii	"2\\HBox\0008Drivers/H7xx_HAL_/Src/stm32hhal_pwr_ex."
 4160      6F780038 
 4160      44726976 
 4160      6572732F 
 4160      48377878 
 4161 010c 63000F00 		.ascii	"c\000\017\000<\203\3179\3077\36764|{\215`\275Ti\254"
 4161      3C83CF39 
 4161      C737F736 
 4161      347C7B8D 
 4161      60BD5469 
 4162 0121 087E0AB3 		.ascii	"\010~\012\2638)b\264fG\014\341_\306\005\227n\321\316"
 4162      382962B4 
 4162      66470CE1 
ARM GAS  C:\Users\nicx5\AppData\Local\Temp\ccXs0mXR.s 			page 153


 4162      5FC60597 
 4162      6ED1CE
 4163 0134 27       		.ascii	"'"
 4164              		.text
 4165              		.section	.gnu.lto_HAL_PWREx_DisableAVD.372.1f2f2586,"e",%progbits
 4166 0000 28B52FFD 		.ascii	"(\265/\375`]\000=\011\000FP?: \223\322\001\210L\201"
 4166      605D003D 
 4166      09004650 
 4166      3F3A2093 
 4166      D201884C 
 4167 0015 02450246 		.ascii	"\002E\002F\300 6\370.\200\236\015z@\031\023y\252\352"
 4167      C02036F8 
 4167      2E809E0D 
 4167      7A401913 
 4167      79AAEA
 4168 0028 791B03DE 		.ascii	"y\033\003\336Ot-\310}\217L\237%\346D\310;\357@XG&\210"
 4168      4F742DC8 
 4168      7D8F4C9F 
 4168      25E644C8 
 4168      3BEF4058 
 4169 003f B0AEA8B2 		.ascii	"\260\256\250\262'M\356\224\002*\000,\000.\000\017\260"
 4169      274DEE94 
 4169      022A002C 
 4169      002E000F 
 4169      B0
 4170 0050 CBE63130 		.ascii	"\313\34610\331\035\315\234\025\233\334\356zZ\273\353"
 4170      D91DCD9C 
 4170      159BDCEE 
 4170      7A5ABBEB 
 4171 0060 D2E5DFF6 		.ascii	"\322\345\337\366\001\331\354u\011\000\261\273\226\262"
 4171      01D9EC75 
 4171      0900B1BB 
 4171      96B2
 4172 006e 99CAADB7 		.ascii	"\231\312\255\267}`\373\302\266N)\353\223\204\336]G3"
 4172      7D60FBC2 
 4172      B64E29EB 
 4172      9384DE5D 
 4172      4733
 4173 0080 350AF337 		.ascii	"5\012\3637m;+\247\307\227\324\027\037\264J\263/-/\375"
 4173      6D3B2BA7 
 4173      C797D417 
 4173      1FB44AB3 
 4173      2F2D2FFD 
 4174 0094 EEC1E786 		.ascii	"\356\301\347\206\306\341d\267e\346\026\327\341\300\330"
 4174      C6E164B7 
 4174      65E616D7 
 4174      E1C0D8
 4175 00a3 0E1EF7A0 		.ascii	"\016\036\367\240U\032\301\274\341J4f\251\343e=\002\363"
 4175      551AC1BC 
 4175      E14A3466 
 4175      A9E3653D 
 4175      02F3
 4176 00b5 67CE2384 		.ascii	"g\316#\204\256R\037c\201)\314v\310o-\321\256\213\202"
 4176      AE521F63 
 4176      8129CC76 
 4176      C86F2DD1 
 4176      AE8B82
ARM GAS  C:\Users\nicx5\AppData\Local\Temp\ccXs0mXR.s 			page 154


 4177 00c8 1F739911 		.ascii	"\037s\231\021Q\355]7\242\004F%\210)0l}\200\035\032*"
 4177      51ED5D37 
 4177      A2044625 
 4177      8829306C 
 4177      7D801D1A 
 4178 00dd 15E9F300 		.ascii	"\025\351\363\000ay\250\320\344\201\025\021%P\024\027"
 4178      6179A8D0 
 4178      E4811511 
 4178      25501417 
 4179 00ed 4A1E2B4C 		.ascii	"J\036+L\211l\204\023\014\026W\022\245\023\351\263\300"
 4179      896C8413 
 4179      0C165712 
 4179      A513E9B3 
 4179      C0
 4180 00fe 309D581C 		.ascii	"0\235X\034\341*\343\324@Q`\007\017\000<\203\3179\307"
 4180      E12AE3D4 
 4180      40516007 
 4180      0F003C83 
 4180      CF39C7
 4181 0111 37F73A34 		.ascii	"7\367:4\234{\215`\275Vi\364\010~\012\2638)b\264fG\014"
 4181      9C7B8D60 
 4181      BD5669F4 
 4181      087E0AB3 
 4181      382962B4 
 4182 0128 E15FC605 		.ascii	"\341_\306\005\227n\321\316'"
 4182      976ED1CE 
 4182      27
 4183              		.text
 4184              		.section	.gnu.lto_HAL_PWREx_PVD_AVD_IRQHandler.373.1f2f2586,"e",%progbits
 4185 0000 28B52FFD 		.ascii	"(\265/\375`\217\002\345\021\000\246\336nF\360\264f8"
 4185      608F02E5 
 4185      1100A6DE 
 4185      6E46F0B4 
 4185      6638
 4186 0012 387837E8 		.ascii	"8x7\350X\0104pt;\233S\302\221\316\247<\177X\035\260"
 4186      58083470 
 4186      743B9B53 
 4186      C291CEA7 
 4186      3C7F581D 
 4187 0027 62E6F2B6 		.ascii	"b\346\362\266\240\326M\222\331\227Q\007\015\202\300"
 4187      A0D64D92 
 4187      D9975107 
 4187      0D82C0
 4188 0036 D0A010B8 		.ascii	"\320\240\020\270\202\002\332)\240j{\351\\\372X\223\011"
 4188      8202DA29 
 4188      A06A7BE9 
 4188      5CFA5893 
 4188      09
 4189 0047 4A9F034D 		.ascii	"J\237\003M(m\262\367\336{K\231RY\000R\000Z\0003bv\350"
 4189      286DB2F7 
 4189      DE7B4B99 
 4189      52590052 
 4189      005A0033 
 4190 005e 985D6480 		.ascii	"\230]d\200l\027\\br\202HiwS\352\363\330?\257\3436\315"
 4190      6C175C62 
 4190      72824869 
 4190      7753EAF3 
ARM GAS  C:\Users\nicx5\AppData\Local\Temp\ccXs0mXR.s 			page 155


 4190      D83FAFE3 
 4191 0074 98EFB19C 		.ascii	"\230\357\261\234\320F\233\177\277\331\271\227\224\263"
 4191      D0469B7F 
 4191      BFD9B997 
 4191      94B3
 4192 0082 33CBCEC4 		.ascii	"3\313\316\304\271p\224\345\266\251\034\361\261D\000"
 4192      B97094E5 
 4192      B6A91CF1 
 4192      B14400
 4193 0091 8917B470 		.ascii	"\211\027\264p\304I\0050\206\330Rv\3672\236#F1\323c\331"
 4193      C4490530 
 4193      86D85276 
 4193      F7329E23 
 4193      4631D363 
 4194 00a6 5D276D2C 		.ascii	"]'m,q\203\267=\332\246`'\213\377\251\371vW \360i\274"
 4194      7183B73D 
 4194      DAA66027 
 4194      8BFFA9F9 
 4194      765720F0 
 4195 00bc C687CFE7 		.ascii	"\306\207\317\347\034\027$\"g}\020\335\271T\217\307\206"
 4195      1C172422 
 4195      677D10DD 
 4195      B9548FC7 
 4195      86
 4196 00cd 908A3E50 		.ascii	"\220\212>Pk\221\264\271\344 \233\324\036\177[\345\261"
 4196      6B91B4B9 
 4196      E4209BD4 
 4196      1E7F5BE5 
 4196      B1
 4197 00de 9F3E3D1D 		.ascii	"\237>=\035>mz\032|\372{\332{\272{\232{Z\237\316\223"
 4197      3E6D7A1A 
 4197      7CFA7BDA 
 4197      7BBA7B9A 
 4197      7B5A9FCE 
 4198 00f3 083D8A80 		.ascii	"\010=\212\200\030\010\331M\261\244\264G\234\021\014"
 4198      1808D94D 
 4198      B1A4B447 
 4198      9C110C
 4199 0102 DBB71F28 		.ascii	"\333\267\037(\202\350p\237\036\310\320\220\327\356\351"
 4199      82E8709F 
 4199      1EC8D090 
 4199      D7EEE9
 4200 0111 87E13A3C 		.ascii	"\207\341:<-\260\325\222\204i\307\310\344iN\021Uf\325"
 4200      2DB0D592 
 4200      8469C7C8 
 4200      E4694E11 
 4200      5566D5
 4201 0124 A919F18F 		.ascii	"\251\031\361\217\237\030.\266\003\275\323\033m\273G"
 4201      9F182EB6 
 4201      03BDD31B 
 4201      6DBB47
 4202 0133 759C7633 		.ascii	"u\234v3\037\272q!\016\257Ww\216S\00245\244\334]\033"
 4202      1FBA7121 
 4202      0EAF5777 
 4202      8E530234 
 4202      35A4DC5D 
 4203 0148 D51E1FD5 		.ascii	"\325\036\037\325\251\252\206\210\340d\023\0078\252K"
ARM GAS  C:\Users\nicx5\AppData\Local\Temp\ccXs0mXR.s 			page 156


 4203      A9AA8688 
 4203      E0641307 
 4203      38AA4B
 4204 0157 55FD6C47 		.ascii	"U\375lGT\321v\207v1\000{i\271j6\2644\\\200\201Q\255"
 4204      54D17687 
 4204      7631007B 
 4204      69B96A36 
 4204      B4345C80 
 4205 016e C8D0BC52 		.ascii	"\310\320\274R.\256\226TKB\203U\013\006K\260J\275\\/"
 4205      2EAE9654 
 4205      4B428355 
 4205      0B064BB0 
 4205      4ABD5C2F 
 4206 0182 1E32B81E 		.ascii	"\0362\270\036(0l\306\301\212\245Z\231P\241\205\365\212"
 4206      28306CC6 
 4206      C18AA55A 
 4206      9950A185 
 4206      F58A
 4207 0194 71CD5860 		.ascii	"q\315X`-\200\200b;h\277\255\362\030\245H\311\321\215"
 4207      2D808062 
 4207      3B68BFAD 
 4207      F218A548 
 4207      C9D18D
 4208 01a7 CEBE1755 		.ascii	"\316\276\027U\331z\247PO<\302\034H\235I\211NC\"\244"
 4208      D97AA750 
 4208      4F3CC21C 
 4208      489D4989 
 4208      4E4322A4 
 4209 01bb 22A826FD 		.ascii	"\"\250&\375Lg\007\250\340\206C\205J9 \260\002\231\231"
 4209      4C6707A8 
 4209      E0864385 
 4209      4A3920B0 
 4209      029999
 4210 01ce AB032CC1 		.ascii	"\253\003,\301\247\314\361yOT6\272\262F\335LDwA\324\206"
 4210      A7CCF179 
 4210      4F5436BA 
 4210      B246DD4C 
 4210      447741D4 
 4211 01e3 641EAA00 		.ascii	"d\036\252\000yrn\327\353\220;\312\346\321!\267\002I"
 4211      79726ED7 
 4211      EB903BCA 
 4211      E6D121B7 
 4211      0249
 4212 01f5 77CCA76B 		.ascii	"w\314\247ka\211\010*Vf\177\317h\036\2544~\307U\242\335"
 4212      6189082A 
 4212      56667FCF 
 4212      681EAC34 
 4212      7EC755A2 
 4213 020a 026B8BB7 		.ascii	"\002k\213\267\221\215\216\342\230\246\005\017\316\355"
 4213      918D8EE2 
 4213      98A6050F 
 4213      CEED
 4214 0218 353EEF21 		.ascii	"5>\357!!\026@\354nfx\244\243\323\034\256,\303b\351\206"
 4214      211640EC 
 4214      6E6678A4 
 4214      A3D31CAE 
 4214      2CC362E9 
ARM GAS  C:\Users\nicx5\AppData\Local\Temp\ccXs0mXR.s 			page 157


 4215 022d 5BDC24F1 		.ascii	"[\334$\361\355!2\341\200\353\343I\015\247q\211\026\356"
 4215      ED2132E1 
 4215      80EBE349 
 4215      0DA77189 
 4215      16EE
 4216 023f E4F5DA38 		.ascii	"\344\365\3328\333E\313"
 4216      DB45CB
 4217              		.text
 4218              		.section	.gnu.lto_HAL_PWREx_AVDCallback.374.1f2f2586,"e",%progbits
 4219 0000 28B52FFD 		.ascii	"(\265/\375 \353\265\006\000\264\013m\000\000\000O\000"
 4219      20EBB506 
 4219      00B40B6D 
 4219      0000004F 
 4219      00
 4220 0011 00002300 		.ascii	"\000\000#\000\000\000\001\003\000\001\222\221\212\002"
 4220      00000103 
 4220      00019291 
 4220      8A02
 4221 001f 00808080 		.ascii	"\000\200\200\200@\007\002\001\201\221\212\021\001\271"
 4221      40070201 
 4221      81918A11 
 4221      01B9
 4222 002d 0101007F 		.ascii	"\001\001\000\177\002\001\177\001\254\003/\200\200\200"
 4222      02017F01 
 4222      AC032F80 
 4222      8080
 4223 003b F8CB97D6 		.ascii	"\370\313\227\326\246B\201\200\320\200\003\354\000\000"
 4223      A6428180 
 4223      D08003EC 
 4223      0000
 4224 0049 7F000B01 		.ascii	"\177\000\013\001\000\000\000\257\322\005\340\200\370"
 4224      000000AF 
 4224      D205E080 
 4224      F8
 4225 0056 FF9F8080 		.ascii	"\377\237\200\200\216+\311\302\301\233\011\002\000\000"
 4225      8E2BC9C2 
 4225      C19B0902 
 4225      0000
 4226 0064 A9030080 		.ascii	"\251\003\000\200\200\200\200\004\001\000\252\003\002"
 4226      80808004 
 4226      0100AA03 
 4226      02
 4227 0071 81C000FF 		.ascii	"\201\300\000\377\002\200\"\000\207\003\202 \251\003"
 4227      02802200 
 4227      87038220 
 4227      A903
 4228 007f 80040180 		.ascii	"\200\004\001\200\300\000\000\000\024E:\\Works\\STM3"
 4228      C0000000 
 4228      14453A5C 
 4228      576F726B 
 4228      735C5354 
 4229 0095 325C4842 		.ascii	"2\\HBox\0008Drivers/H7xx_HAL_/Src/stm32hhal_pwr_ex."
 4229      6F780038 
 4229      44726976 
 4229      6572732F 
 4229      48377878 
 4230 00c4 63000900 		.ascii	"c\000\011\000<\203\3179\3077\367d4l\340\226\332\202"
ARM GAS  C:\Users\nicx5\AppData\Local\Temp\ccXs0mXR.s 			page 158


 4230      3C83CF39 
 4230      C737F764 
 4230      346CE096 
 4230      DA82
 4231 00d6 FF65DC70 		.ascii	"\377e\334p\351\026\355|\002"
 4231      E916ED7C 
 4231      02
 4232              		.text
 4233              		.section	.gnu.lto_HAL_PWREx_EnterSTOPMode.part.0.378.1f2f2586,"e",%progbits
 4234 0000 28B52FFD 		.ascii	"(\265/\375`n\004\225\034\000&\263\265H\240\232Qc\340"
 4234      606E0495 
 4234      1C0026B3 
 4234      B548A09A 
 4234      5163E0
 4235 0013 7C47A464 		.ascii	"|G\244d\234\250\353\316}<\023$\226\265M\221gl\306Y\364"
 4235      9CA8EBCE 
 4235      7D3C1324 
 4235      96B54D91 
 4235      676CC659 
 4236 0028 2E3CF6C9 		.ascii	".<\366\311\365A\020$\202\370\2018\002\004\371\265\370"
 4236      F5411024 
 4236      82F88138 
 4236      0204F9B5 
 4236      F8
 4237 0039 E57DE79A 		.ascii	"\345}\347\232\006\353\343\314u\310\300\314+ r8\337\313"
 4237      06EBE3CC 
 4237      75C8C0CC 
 4237      2B207238 
 4237      DFCB
 4238 004b 801D4285 		.ascii	"\200\035B\205d\357\275\267\224)\005\230\000\225\000"
 4238      64EFBDB7 
 4238      94290598 
 4238      009500
 4239 005a A100F75E 		.ascii	"\241\000\367^\035\004D\023\266\336\210_|\221\336\215"
 4239      1D044413 
 4239      B6DE885F 
 4239      7C91DE8D 
 4240 006a 3C13B8B7 		.ascii	"<\023\270\267L\220\243\223\322\2336\257y\201\363fi+"
 4240      4C90A393 
 4240      D29B36AF 
 4240      7981F366 
 4240      692B
 4241 007c 5D2AC9DE 		.ascii	"]*\311\336\033\025DP4Q\353\247\274\363\240w\251$\237"
 4241      1B154450 
 4241      3451EBA7 
 4241      BCF3A077 
 4241      A9249F
 4242 008f F77AF93A 		.ascii	"\367z\371:\336klp\323!\322\233\366\207\330V\262\221"
 4242      DE6B6C70 
 4242      D321D29B 
 4242      F687D856 
 4242      B291
 4243 00a1 F61E6FD0 		.ascii	"\366\036o\320=\033y\240\305\275)\230\343\215,2\367\336"
 4243      3D1B79A0 
 4243      C5BD2998 
 4243      E38D2C32 
 4243      F7DE
ARM GAS  C:\Users\nicx5\AppData\Local\Temp\ccXs0mXR.s 			page 159


 4244 00b3 D84DEBE3 		.ascii	"\330M\353\343\275\237fi+\332\363\201B\026?\201B\033"
 4244      BD9F6669 
 4244      2BDAF381 
 4244      42163F81 
 4244      421B
 4245 00c5 372B5058 		.ascii	"7+PX\343%\000a\215\333rA\023\025\032\001\204LeM\327"
 4245      E3250061 
 4245      8DDB7241 
 4245      13151A01 
 4245      844C654D 
 4246 00da 0EE4AF5E 		.ascii	"\016\344\257^c\010}\265\0228\212Z\270\367:\275q\247"
 4246      63087DB5 
 4246      12388A5A 
 4246      B8F73ABD 
 4246      71A7
 4247 00ec B75DB3BD 		.ascii	"\267]\263\275e\227\014\002\277zm\202\304\342u\253\205"
 4247      65970C02 
 4247      BF7A6D82 
 4247      C4E275AB 
 4247      85
 4248 00fd 3AFE5654 		.ascii	":\376VT_b\362W\275\326\244o\274/,\325\244E-\224_^;\264"
 4248      5F62F257 
 4248      BDD6A46F 
 4248      BC2F2CD5 
 4248      A4452D94 
 4249 0115 D16A14AD 		.ascii	"\321j\024\255>?\365\233hu\211V[\264\272\242\325\037"
 4249      3E3FF59B 
 4249      68758956 
 4249      5BB4BAA2 
 4249      D51F
 4250 0127 509B8E15 		.ascii	"P\233\216\025uo\216$\231\353dn\001y\325o\365j\337_r"
 4250      756F8E24 
 4250      99EB646E 
 4250      0179D56F 
 4250      F56ADF5F 
 4251 013c 2DDDB15C 		.ascii	"-\335\261\\a\210c\211\316~\226M\343\243c\331\200T\217"
 4251      61886389 
 4251      CE7E964D 
 4251      E3A363D9 
 4251      80548F
 4252 014f A87B2F4D 		.ascii	"\250{/M\222\243\352W)\371V\2772\015\022*\236-\300\270"
 4252      92A3EA57 
 4252      29F956BF 
 4252      320D122A 
 4252      9E2DC0B8 
 4253 0163 772A7823 		.ascii	"w*x#J7\362\312\007\357O\011\203\233~U\317\246\311BB"
 4253      4A37F2CA 
 4253      07EF4F09 
 4253      839B7E55 
 4253      CFA6C942 
 4254 0178 C52B6DEE 		.ascii	"\305+m\356\014\027\305\267Ho\"\231W_\374\214\001PX\012"
 4254      0C17C5B7 
 4254      486F2299 
 4254      575FFC8C 
 4254      0150580A 
 4255 018c AE65B28A 		.ascii	"\256e\262\212-\366\377\001l\342\262\026\352O:M\373#"
 4255      2DF6FF01 
ARM GAS  C:\Users\nicx5\AppData\Local\Temp\ccXs0mXR.s 			page 160


 4255      6CE2B216 
 4255      EA4F3A4D 
 4255      FB23
 4256 019e 545898EA 		.ascii	"TX\230\352\031-K^F\255W\342\027\221\033\342\227\220"
 4256      192D4B5E 
 4256      46AD57E2 
 4256      17911BE2 
 4256      9790
 4257 01b0 1A195974 		.ascii	"\032\031Yt\224\371\342s\331\206\375\244.\036us\363@"
 4257      94F9E273 
 4257      D986FDA4 
 4257      2E1E7573 
 4257      F340
 4258 01c2 7C3B010B 		.ascii	"|;\001\013\313\344g\275\022\307\014\275\222\374\206"
 4258      CBE467BD 
 4258      12C70CBD 
 4258      92FC86
 4259 01d1 38C669D8 		.ascii	"8\306i\330\005\346nq*m\225\3628\247\265\245\375\217"
 4259      05E66E71 
 4259      2A6D95F2 
 4259      38A7B5A5 
 4259      FD8F
 4260 01e3 06ED53A2 		.ascii	"\006\355S\242\\J-\300\365I\271\027\022:oZd\030\257["
 4260      5C4A2DC0 
 4260      F549B917 
 4260      123A6F5A 
 4260      6418AF5B 
 4261 01f7 93AE16CA 		.ascii	"\223\256\026\312\201_\004$\223\3113\3079o\253\375\017"
 4261      815F0424 
 4261      93C933C7 
 4261      396FABFD 
 4261      0F
 4262 0208 87CFFA6C 		.ascii	"\207\317\372l\333\376\004Ez\357\023\004\177\353Nn\276"
 4262      DBFE0445 
 4262      7AEF1304 
 4262      7FEB4E6E 
 4262      BE
 4263 0219 8F9BA611 		.ascii	"\217\233\246\021F\360\036w\342\316\233\267\260\342\021"
 4263      46F01E77 
 4263      E2CE9BB7 
 4263      B0E211
 4264 0228 EB73AE05 		.ascii	"\353s\256\005!\225\266\005!\225\266\324\274\034\356"
 4264      2195B605 
 4264      2195B6D4 
 4264      BC1CEE
 4265 0237 56BBA1E6 		.ascii	"V\273\241\346\260\323\261\001\322\235H=\224C\243\011"
 4265      B0D3B101 
 4265      D29D483D 
 4265      9443A309 
 4266 0247 CD7436DD 		.ascii	"\315t6\335\215\026\253\2358\"\242\025u\210\311:\310"
 4266      8D16AB9D 
 4266      3822A215 
 4266      7588C93A 
 4266      C8
 4267 0258 3E644850 		.ascii	">dHPd\373\271\3414\2349\234\321\017\321\221Pm\004\314"
 4267      64FBB9E1 
 4267      349C399C 
ARM GAS  C:\Users\nicx5\AppData\Local\Temp\ccXs0mXR.s 			page 161


 4267      D10FD191 
 4267      506D04CC 
 4268 026c 13828074 		.ascii	"\023\202\200tx\200\034L\310\261\341\345\214\2126\204"
 4268      78801C4C 
 4268      C8B1E1E5 
 4268      8C8A3684 
 4269 027c 00414206 		.ascii	"\000AB\0063-gW\233\345\220R\314\210~\206\206vxnF\272"
 4269      332D6757 
 4269      9BE59052 
 4269      CC887E86 
 4269      8676786E 
 4270 0292 182D278B 		.ascii	"\030-'\213\315<\\\350\231\355v\021zb\272\\m\205-\247"
 4270      CD3C5CE8 
 4270      99ED7611 
 4270      7A62BA5C 
 4270      6D852DA7 
 4271 02a6 41827738 		.ascii	"A\202w8\014=>;<\037H\310|t(r\270\022>\0246\030\260\353"
 4271      0C3D3E3B 
 4271      3C1F48C8 
 4271      7C742872 
 4271      B8123E14 
 4272 02be CB6B871E 		.ascii	"\313k\207\036\360\305\203k\311\376N\364\212\231\343"
 4272      F0C5836B 
 4272      C9FE4EF4 
 4272      8A99E3
 4273 02cd 9CA745AD 		.ascii	"\234\247E\255\234\026V\024\301\345\311\324\372\226."
 4273      9C165614 
 4273      C1E5C9D4 
 4273      FA962E
 4274 02dc B58998AE 		.ascii	"\265\211\230\256\247\322\006V\250q,\245\024B\012!\232"
 4274      A7D20656 
 4274      A8712CA5 
 4274      14420A21 
 4274      9A
 4275 02ed 91280A13 		.ascii	"\221(\012\023\265\001\240\002\231\262Z\035\021\2005"
 4275      B501A002 
 4275      99B25A1D 
 4275      118035
 4276 02fc 4535D294 		.ascii	"E5\322\224\266\260\006%=\005>\204(\335\231/I9\217\312"
 4276      B6B00625 
 4276      3D053E84 
 4276      28DD992F 
 4276      49398FCA 
 4277 0310 1B728394 		.ascii	"\033r\203\224\361\234\240A\375\011Y\215\321\214\026"
 4277      F19CA041 
 4277      FD09598D 
 4277      D18C16
 4278 031f DDE9E9B0 		.ascii	"\335\351\351\260\326\267\250Z!'P\204\223o\226P$2\035"
 4278      D6B7A85A 
 4278      21275084 
 4278      936F9650 
 4278      24321D
 4279 0332 CE9A33E9 		.ascii	"\316\2323\351\227\004\362\000B\035\004T}3\221j\002\211"
 4279      9704F200 
 4279      421D0454 
 4279      7D33916A 
 4279      0289
ARM GAS  C:\Users\nicx5\AppData\Local\Temp\ccXs0mXR.s 			page 162


 4280 0344 7321C003 		.ascii	"s!\300\003bg-\257/\231\367\277V$r\036\017bVCM\216\212"
 4280      62672DAF 
 4280      2F99F7BF 
 4280      5624721E 
 4280      0F625643 
 4281 035b DDBF5D78 		.ascii	"\335\277]x\341a\315\356\267e\3332\3001Kx\014\000nB("
 4281      E161CDEE 
 4281      B765DB32 
 4281      C0314B78 
 4281      0C006E42 
 4282 0370 B18F0E2E 		.ascii	"\261\217\016.$H\217\201\231M\2221\316\233\002\005\205"
 4282      24488F81 
 4282      994D9231 
 4282      CE9B0205 
 4282      85
 4283 0381 A8149716 		.ascii	"\250\024\227\026\354T\012M\007\034t30\336\311V-\367"
 4283      EC540A4D 
 4283      071C7433 
 4283      30DEC956 
 4283      2DF7
 4284 0393 1ABDC47A 		.ascii	"\032\275\304z\335\362}F\012"
 4284      DDF27D46 
 4284      0A
 4285              		.text
 4286              		.section	.gnu.lto_HAL_PWREx_EnterSTANDBYMode.part.0.379.1f2f2586,"e",%progbits
 4287 0000 28B52FFD 		.ascii	"(\265/\375`D\001\275\015\000\226\331\\E\360\320&\035"
 4287      604401BD 
 4287      0D0096D9 
 4287      5C45F0D0 
 4287      261D
 4288 0012 68169815 		.ascii	"h\026\230\025vU|R\320\302(\021M<)\315/Nbg\270\374\266"
 4288      76557C52 
 4288      D0C22811 
 4288      4D3C29CD 
 4288      2F4E6267 
 4289 0029 2FAA6ACF 		.ascii	"/\252j\317\357\021\255jhx`\3205\005\231Q\345\004~\236"
 4289      EF11AD6A 
 4289      687860D0 
 4289      35059951 
 4289      E5047E9E 
 4290 003d A32D63EC 		.ascii	"\243-c\354\334\326]E.\332\207\355Dj\3442\371do)S\012"
 4290      DCD65D45 
 4290      2EDA87ED 
 4290      446AE432 
 4290      F9646F29 
 4291 0053 43004700 		.ascii	"C\000G\000D\000\037\037p=\302\007\270\036\323\366W\330"
 4291      44001F1F 
 4291      703DC207 
 4291      B81ED3F6 
 4291      57D8
 4292 0065 3ED940BA 		.ascii	">\331@\272>\273\262g\003\021\360\260\213\345\270!\002"
 4292      3EBBB267 
 4292      0311F0B0 
 4292      8BE5B821 
 4292      02
 4293 0076 46D0EE66 		.ascii	"F\320\356f\217\212s\357\232\320\363U4\035\256\327y\252"
 4293      8F8A73EF 
ARM GAS  C:\Users\nicx5\AppData\Local\Temp\ccXs0mXR.s 			page 163


 4293      9AD0F355 
 4293      341DAED7 
 4293      79AA
 4294 0088 68423C43 		.ascii	"hB<C\207\035\015v\327X\315\035o{\304v\214}\020\001N"
 4294      871D0D76 
 4294      D758CD1D 
 4294      6F7BC476 
 4294      8C7D1001 
 4295 009d 987E4C13 		.ascii	"\230~L\023\227\241bwD+hI\304\237\023\377n\377;\371:"
 4295      97A16277 
 4295      442B6849 
 4295      C49F13FF 
 4295      6EFF3BF9 
 4296 00b2 F6B07D3A 		.ascii	"\366\260}:\313\004\277\332T\214\003\217\376\347\331"
 4296      CB04BFDA 
 4296      548C038F 
 4296      FEE7D9
 4297 00c1 1E8F1C6C 		.ascii	"\036\217\034l\312\017\251owC\012\314\240d>\307g\361"
 4297      CA0FA96F 
 4297      77430ACC 
 4297      A0643EC7 
 4297      67F1
 4298 00d3 16DE5926 		.ascii	"\026\336Y&\207vq\244\360\331\375\020X\002\366\030W\331"
 4298      877671A4 
 4298      F0D9FD10 
 4298      5802F618 
 4298      57D9
 4299 00e5 C81BB8AE 		.ascii	"\310\033\270\256\251O\325\240\024e{{O\006l\267\304\210"
 4299      A94FD5A0 
 4299      14657B7B 
 4299      4F066CB7 
 4299      C488
 4300 00f7 CF73179D 		.ascii	"\317s\027\235\217\363\030\277\231\325\036\346\202\271"
 4300      8FF318BF 
 4300      99D51EE6 
 4300      82B9
 4301 0105 1EAF0072 		.ascii	"\036\257\000rv\024\345\037\036\02446\365\306\366w\376"
 4301      7614E51F 
 4301      1E143436 
 4301      F5C6F677 
 4301      FE
 4302 0116 EF992D9F 		.ascii	"\357\231-\237u\227\310dK\241\336\370p\325\306\206\031"
 4302      7597C864 
 4302      4BA1DEF8 
 4302      70D5C686 
 4302      19
 4303 0127 26A1A012 		.ascii	"&\241\240\022\"RI@\002\362q\301%\345e3\271\274\002R"
 4303      22524940 
 4303      02F271C1 
 4303      25E56533 
 4303      B9BC0252 
 4304 013b 62D1B818 		.ascii	"b\321\270\030\014\232\205\224\226\026\021\321\213\206"
 4304      0C9A8594 
 4304      961611D1 
 4304      8B86
 4305 0149 2E5BE14E 		.ascii	".[\341N2\015B\311H+\225\024\214\262\216c\331\340\302"
 4305      320D42C9 
ARM GAS  C:\Users\nicx5\AppData\Local\Temp\ccXs0mXR.s 			page 164


 4305      482B9514 
 4305      8CB28E63 
 4305      D9E0C2
 4306 015c 992C7069 		.ascii	"\231,pis0\"\211\210\"L8!u\025\270\015\205\304\340\201"
 4306      73302289 
 4306      88224C38 
 4306      217515B8 
 4306      0D85C4E0 
 4307 0171 003B0F57 		.ascii	"\000;\017WmB=5f\310hJS_\004\032\000\205R\3063\370\234"
 4307      6D423D35 
 4307      66C8684A 
 4307      535F041A 
 4307      008552C6 
 4308 0188 7378738F 		.ascii	"sxs\217\222\014W\320f\340\356\035\004A\300\236\216+"
 4308      920C57D0 
 4308      66E0EE1D 
 4308      0441C09E 
 4308      8E2B
 4309 019a 10AC4BB6 		.ascii	"\020\254K\266\364d\255W\252f\367\200`k\366r\023\216"
 4309      F464AD57 
 4309      AA66F780 
 4309      606BF672 
 4309      138E
 4310 01ac 2E7C9028 		.ascii	".|\220(\253eR\205\266\235\313\002'\236\313\350\230w"
 4310      AB655285 
 4310      B69DCB02 
 4310      279ECBE8 
 4310      9877
 4311 01be 5E5BC6   		.ascii	"^[\306"
 4312              		.text
 4313              		.section	.gnu.lto_HAL_PWREx_WAKEUP_PIN_IRQHandler.part.0.386.1f2f2586,"e",%progbits
 4314 0000 28B52FFD 		.ascii	"(\265/\375`\232\003\025\024\000Vc~I\320\224M:\350v\332"
 4314      609A0315 
 4314      14005663 
 4314      7E49D094 
 4314      4D3AE876 
 4315 0015 F9AA2BAA 		.ascii	"\371\252+\252\023\016\317\251\326F\244\367\005\214V"
 4315      130ECFA9 
 4315      D646A4F7 
 4315      058C56
 4316 0024 7F415D6E 		.ascii	"\177A]n\227\323WZ\267\3449;\235\242\261\022g\234\015"
 4316      97D3575A 
 4316      B7E4393B 
 4316      9DA2B112 
 4316      679C0D
 4317 0037 415CF28D 		.ascii	"A\\\362\215\270LlE\246U\262H\217\264\301#9`p\021\332"
 4317      B84C6C45 
 4317      A655B248 
 4317      8FB4C123 
 4317      39607011 
 4318 004c CA6DC312 		.ascii	"\312m\303\022B\010!dK)Sh\000Z\000k\000?\023wR\367\\"
 4318      42082164 
 4318      4B295368 
 4318      005A006B 
 4318      003F1377 
 4319 0063 F63311A0 		.ascii	"\3663\021\240u\2132\210N EuwK=\036R\231\212!\370y\223"
 4319      758B3288 
ARM GAS  C:\Users\nicx5\AppData\Local\Temp\ccXs0mXR.s 			page 165


 4319      4E204575 
 4319      774B3D1E 
 4319      52998A21 
 4320 007a 77945D41 		.ascii	"w\224]A\226\234\006\260\335pT<\020\202s\265\324\343"
 4320      969C06B0 
 4320      DD70543C 
 4320      108273B5 
 4320      D4E3
 4321 008c 3357DD4D 		.ascii	"3W\335M\336j\373y!\310\033m'\310\322\335\332\202\004"
 4321      DE6AFB79 
 4321      21C81B6D 
 4321      27C8D2DD 
 4321      DA8204
 4322 009f 0AE589A0 		.ascii	"\012\345\211\240II\247\272\351\314\001<.l\232\323\025"
 4322      4949A7BA 
 4322      E9CC013C 
 4322      2E6C9AD3 
 4322      15
 4323 00b0 719BEDA2 		.ascii	"q\233\355\242\350\010\262t\3675\347GO\352\377\237\377"
 4323      E808B274 
 4323      F735E747 
 4323      4FEAFF9F 
 4323      FF
 4324 00c1 137E060A 		.ascii	"\023~\006\012\236g\264\323\323W\020\237z\312\006pE6"
 4324      9E67B4D3 
 4324      D357109F 
 4324      7ACA0670 
 4324      4536
 4325 00d3 7876CE81 		.ascii	"xv\316\201rZ\352-\227\205xd\334\225\313\262,\317\270"
 4325      725AEA2D 
 4325      97857864 
 4325      DC95CBB2 
 4325      2CCFB8
 4326 00e6 7FF7AADD 		.ascii	"\177\367\252\335\237\354>\265{r\367\343\356\305\335"
 4326      9FEC3EB5 
 4326      7B72F7E3 
 4326      EEC5DD
 4327 00f5 87BB0777 		.ascii	"\207\273\007w\377\355\336\333\375\334=\357~w\257\005"
 4327      FFEDDEDB 
 4327      FDDC3DEF 
 4327      7E77AF05 
 4328 0105 52B4F4E9 		.ascii	"R\264\364\351VQF\365\012\217\307\213_s7?y\315\311~R"
 4328      565146F5 
 4328      0A8FC78B 
 4328      5F73373F 
 4328      79CDC97E 
 4329 011a 3D8DF1FF 		.ascii	"=\215\361\377&3L\341\016\035\012r\210\004\352\210\334"
 4329      26334CE1 
 4329      0E1D0A72 
 4329      8804EA88 
 4329      DC
 4330 012b E9072785 		.ascii	"\351\007'\205\307B5\364\013\225\365y\374\345\320\301"
 4330      C74235F4 
 4330      0B95F579 
 4330      FCE5D0C1 
 4331 013b D81F341E 		.ascii	"\330\0374\036\2429\356OS\263j\373j\306\264\257.\350"
 4331      A239EE4F 
ARM GAS  C:\Users\nicx5\AppData\Local\Temp\ccXs0mXR.s 			page 166


 4331      53B36AFB 
 4331      6AC6B4AF 
 4331      2EE8
 4332 014d 936FA8ED 		.ascii	"\223o\250\355I\215\224y\262\326Lp\320#f\221\002\024"
 4332      498D9479 
 4332      B2D64C70 
 4332      D0236691 
 4332      0214
 4333 015f 130D5AD2 		.ascii	"\023\015Z\322\224\304,te}\313\032\344\350\210\3166\371"
 4333      94C42C74 
 4333      657DCB1A 
 4333      E4E888CE 
 4333      36F9
 4334 0171 54D6A7BC 		.ascii	"T\326\247\274\2545\237\031\317\376\303\224\206\207\260"
 4334      AC359F19 
 4334      CFFEC394 
 4334      8687B0
 4335 0180 9B4582EB 		.ascii	"\233E\202\353\014-\262\271\016i\207I\211\305\270^6\033"
 4335      0C2DB2B9 
 4335      0E698749 
 4335      89C5B85E 
 4335      361B
 4336 0192 5C1A2EC8 		.ascii	"\\\032.\310\310\250\254\320t\200\265`^.-W\204\006-\256"
 4336      C8A8ACD0 
 4336      7480B560 
 4336      5E2E2D57 
 4336      84062DAE 
 4337 01a6 584C414B 		.ascii	"XLAK\013\366\212\3710\363z\260\340\261\032\007-/*+\022"
 4337      0BF68AF9 
 4337      30F37AB0 
 4337      E0B11A07 
 4337      2D2F2A2B 
 4338 01bb 2AB8BCC0 		.ascii	"*\270\274\3002\274j,\2740\200 \340_\235\3158\224\035"
 4338      32BC6A2C 
 4338      BC308020 
 4338      E05F9DCD 
 4338      38941D
 4339 01ce 9321395C 		.ascii	"\223!9\\c\235\335\335bL\022\225\220\225\262\276\023"
 4339      639DDDDD 
 4339      624C1295 
 4339      9095B2BE 
 4339      13
 4340 01df 560139D9 		.ascii	"V\0019\331\235\221\020\303\216(\345CIIN\365 w@OP8v\300"
 4340      9D9110C3 
 4340      8E28E543 
 4340      49494EF5 
 4340      2077404F 
 4341 01f7 1180B23E 		.ascii	"\021\200\262>\221\307$Q\211\026A2\242\304\027F\2501"
 4341      91C72451 
 4341      89164132 
 4341      A2C41746 
 4341      A831
 4342 0209 60060919 		.ascii	"`\006\011\031\232\021\011\"IAA\323\001 \003\231!\316"
 4342      9A110922 
 4342      494141D3 
 4342      01200399 
 4342      21CE
ARM GAS  C:\Users\nicx5\AppData\Local\Temp\ccXs0mXR.s 			page 167


 4343 021b 0111A03C 		.ascii	"\001\021\240<\251\014St\031S\347<\2109@\336\230h\247"
 4343      A90C5374 
 4343      1953E73C 
 4343      883940DE 
 4343      9868A7
 4344 022e 1267E2B8 		.ascii	"\022g\342\270,.\352~\341t`\036\330\321\300\320\305\222"
 4344      2C2EEA7E 
 4344      E174601E 
 4344      D8D1C0D0 
 4344      C592
 4345 0240 365229C5 		.ascii	"6R)\305 \032\025\321F\030n\252%\341&-\271]7\236\214"
 4345      201A15D1 
 4345      46186EAA 
 4345      25E1262D 
 4345      B95D379E 
 4346 0255 B9B4DCF7 		.ascii	"\271\264\334\367\227#\357\221Ssw\261\345\211\213\242"
 4346      9723EF91 
 4346      537377B1 
 4346      E5898BA2 
 4347 0265 CC2A4B66 		.ascii	"\314*Kf>\320\265wu\330\224\273\255z\252\211^yv\274\202"
 4347      3ED0B577 
 4347      75D894BB 
 4347      AD7AAA89 
 4347      5E7976BC 
 4348 027a EFA39073 		.ascii	"\357\243\220s\203\013\346\341p\002\272\031\032\340)"
 4348      830BE6E1 
 4348      7002BA19 
 4348      1AE029
 4349 0289 33AA1F   		.ascii	"3\252\037"
 4350              		.text
 4351              		.section	.gnu.lto_HAL_PWREx_PVD_AVD_IRQHandler.part.0.387.1f2f2586,"e",%progbits
 4352 0000 28B52FFD 		.ascii	"(\265/\375`\235\001=\017\000\006\234dF\340\264&\035"
 4352      609D013D 
 4352      0F00069C 
 4352      6446E0B4 
 4352      261D
 4353 0012 A8482C07 		.ascii	"\250H,\007N\270B\0218\271\343\014\213\337\177\322\361"
 4353      4EB84211 
 4353      38B9E30C 
 4353      8BDF7FD2 
 4353      F1
 4354 0023 57C41AEE 		.ascii	"W\304\032\356\225\221\207.\337L4\332T\321\306\233\007"
 4354      9591872E 
 4354      DF4C34DA 
 4354      54D1C69B 
 4354      07
 4355 0034 242C6FD5 		.ascii	"$,o\325\221\362\030z\275 :|<\003\276k\306\220E>,3p\233"
 4355      91F2187A 
 4355      BD203A7C 
 4355      3C03BE6B 
 4355      C690453E 
 4356 004c 9A1DF5DE 		.ascii	"\232\035\365\336[\312\224\002O\000F\000P\000\272A[c"
 4356      5BCA9402 
 4356      4F004600 
 4356      5000BA41 
 4356      5B63
 4357 005e 973D44E0 		.ascii	"\227=D\340\265;\252\0259\001T\264\273\246C\315\271\353"
ARM GAS  C:\Users\nicx5\AppData\Local\Temp\ccXs0mXR.s 			page 168


 4357      B53BAA15 
 4357      390154B4 
 4357      BBA643CD 
 4357      B9EB
 4358 0070 F0694697 		.ascii	"\360iF\227\177\332\003t1\020\207\331\305J\374\241\354"
 4358      7FDA0374 
 4358      311087D9 
 4358      C54AFCA1 
 4358      EC
 4359 0081 2E294693 		.ascii	".)F\223\372\016\020\345\030b\022{\275\001$Xt\247=G\304"
 4359      FA0E10E5 
 4359      1862127B 
 4359      BD012458 
 4359      74A73D47 
 4360 0096 B84C018F 		.ascii	"\270L\001\217$\015v\327%&n\222\333f\261]\301~\217\020"
 4360      240D76D7 
 4360      25266E92 
 4360      DB66B15D 
 4360      C17E8F10 
 4361 00aa F2ECAEFF 		.ascii	"\362\354\256\377!\036^\013\310vh(\347\030\037#>6k\251"
 4361      211E5E0B 
 4361      C8766828 
 4361      E7181F23 
 4361      3E366BA9 
 4362 00be 338D2AF3 		.ascii	"3\215*\363\337\356\256Ufg:f\032f\372eZ3\235\231>I\302"
 4362      DFEEAE55 
 4362      66673A66 
 4362      1A66FA65 
 4362      5A339D99 
 4363 00d5 51DCECA6 		.ascii	"Q\334\354\246\250\025\255\012(\324\302>m\306&\3714\227"
 4363      A815AD0A 
 4363      28D4C23E 
 4363      6DC626F9 
 4363      3497
 4364 00e7 4D3A3C0C 		.ascii	"M:<\014\3333\366P;z~\000x)\252>\014\367\251q\0330\""
 4364      DB33F650 
 4364      3B7A7E00 
 4364      7829AA3E 
 4364      0CF7A971 
 4365 00fe 6AF62A55 		.ascii	"j\366*U<T5\360~\\x\224\366\212C\2763\012\247/\253\315"
 4365      3C5435F0 
 4365      7E5C7894 
 4365      F68A43BE 
 4365      330AA72F 
 4366 0114 8FEC3844 		.ascii	"\217\3548D\210\202Tg~)\246^\250\007\010M\036\361\333"
 4366      88825467 
 4366      7E29A65E 
 4366      A807084D 
 4366      1EF1DB
 4367 0127 7D295E53 		.ascii	"})^S\017\273\341\224\263\315\272\214\016%\273+\022\370"
 4367      0FBBE194 
 4367      B3CDBA8C 
 4367      0E25BB2B 
 4367      12F8
 4368 0139 3ADF91F1 		.ascii	":\337\221\361s\036nA\320rIm2\033R\031X^^RT4\304\260"
 4368      731E6E41 
 4368      D072496D 
ARM GAS  C:\Users\nicx5\AppData\Local\Temp\ccXs0mXR.s 			page 169


 4368      321B5219 
 4368      585E5E52 
 4369 0151 4C2DDB8A 		.ascii	"L-\333\212)5\301\301)\325j)8\231X\233\213\007\230\015"
 4369      2935C1C1 
 4369      29D56A29 
 4369      3899589B 
 4369      8B07980D 
 4370 0165 C202B756 		.ascii	"\302\002\267V\017N\250\024\025\012\026VP,\325\266\272"
 4370      0F4EA814 
 4370      150A1656 
 4370      502CD5B6 
 4370      BA
 4371 0176 806210E1 		.ascii	"\200b\020\341\304\316\277U\331\011\016!<B(\014F\005"
 4371      C4CEBF55 
 4371      D9090E21 
 4371      3C42280C 
 4371      4605
 4372 0188 7A17E43C 		.ascii	"z\027\344<\207\032\3650\233\033:\212a\035:/p\236\316"
 4372      871AF530 
 4372      9B1B3A8A 
 4372      611D3A2F 
 4372      709ECE
 4373 019b 66FCE903 		.ascii	"f\374\351\003$ \240\002!\243\353l\360\2119\274\2737"
 4373      2420A002 
 4373      21A3EB6C 
 4373      F08939BC 
 4373      BB37
 4374 01ad 93615C9B 		.ascii	"\223a\\\233%\211\273[\004\0210W\343\036\254\373\262"
 4374      2589BB5B 
 4374      04113057 
 4374      E31EACFB 
 4374      B2
 4375 01be 67BE91CF 		.ascii	"g\276\221\317\202g\360\206\367\005\343\036\011!\365"
 4375      8267F086 
 4375      F705E31E 
 4375      0921F5
 4376 01cd CD88C32F 		.ascii	"\315\210\303/\313N\314I\347\036\024[\203#V\"\234\333"
 4376      CB4ECC49 
 4376      E71E145B 
 4376      83235622 
 4376      9CDB
 4377 01df 82E94203 		.ascii	"\202\351B\003\342\366\212\027\3473\325\201+\315\275"
 4377      E2F68A17 
 4377      E733D581 
 4377      2BCDBD
 4378 01ee D68C01   		.ascii	"\326\214\001"
 4379              		.text
 4380              		.section	.gnu.lto_.symbol_nodes.1f2f2586,"e",%progbits
 4381 0000 28B52FFD 		.ascii	"(\265/\375`\001\005\345\020\000\366\232fH\300VQ:\324"
 4381      600105E5 
 4381      1000F69A 
 4381      6648C056 
 4381      513AD4
 4382 0013 3524510E 		.ascii	"5$Q\016\345\340\302\314A\231\340y(Y\311\314}w\321\256"
 4382      E5E0C2CC 
 4382      4199E079 
 4382      2859C9CC 
ARM GAS  C:\Users\nicx5\AppData\Local\Temp\ccXs0mXR.s 			page 170


 4382      7D77D1AE 
 4383 0027 39EDC6F6 		.ascii	"9\355\306\366\207\254\364\016\275)\2000'\327\3156%K"
 4383      87ACF40E 
 4383      BD298030 
 4383      27D7CD36 
 4383      254B
 4384 0039 10044110 		.ascii	"\020\004A\020\004A)8\001\205\307\362\012\027\263\356"
 4384      04412938 
 4384      0185C7F2 
 4384      0A17B3EE 
 4385 0049 7FC9B346 		.ascii	"\177\311\263F\216\001h\375\254%2\311\035P\000O\000T"
 4385      8E0168FD 
 4385      AC2532C9 
 4385      1D50004F 
 4385      0054
 4386 005b 0045606E 		.ascii	"\000E`n\"\257{\010\201\233\307u\013i\335AX7\020\360"
 4386      22AF7B08 
 4386      819BC775 
 4386      0B69DD41 
 4386      583710F0 
 4387 006f DE59DD3F 		.ascii	"\336Y\335?\276\333\207\352\326I\335=^n\036\223\350\347"
 4387      BEDB87EA 
 4387      D649DD3D 
 4387      5E6E1E93 
 4387      E8E7
 4388 0081 E6C8E5DE 		.ascii	"\346\310\345\336\201\272s<\316j\350\012*9hZn\035\003"
 4388      81BA733C 
 4388      CE6AE80A 
 4388      2A39685A 
 4388      6E1D03
 4389 0094 EE231871 		.ascii	"\356#\030q\034kh\314\3719qf\352\211\242(\012\270\215"
 4389      1C6B68CC 
 4389      F9397166 
 4389      EA89A228 
 4389      0AB88D
 4390 00a7 3CE72455 		.ascii	"<\347$U\011\026n(\025\356'\024n\242\231{h\302-$\341"
 4390      09166E28 
 4390      15EE2714 
 4390      6EA2997B 
 4390      68C22D24 
 4391 00bc 0E8A703B 		.ascii	"\016\212p;\201p7yp3qp\0035\270u2\367\022\331\255$\274"
 4391      81703779 
 4391      70337170 
 4391      0335B875 
 4391      32F712D9 
 4392 00d3 7F627792 		.ascii	"\177bw\222\031\034O\013\330\215$\346\356\331\335n\267"
 4392      191C4F0B 
 4392      D88D24E6 
 4392      EED9DD6E 
 4392      B7
 4393 00e4 63F01D17 		.ascii	"c\360\035\027\3349\005w\231\340\366Ap\343\016\334G\014"
 4393      DC390577 
 4393      99E0F641 
 4393      70E30EDC 
 4393      470C
 4394 00f6 DC460ADC 		.ascii	"\334F\012\334\001;!H\304P\323\256\320\324\023\300r("
 4394      013B2148 
ARM GAS  C:\Users\nicx5\AppData\Local\Temp\ccXs0mXR.s 			page 171


 4394      C450D3AE 
 4394      D0D413C0 
 4394      7228
 4395 0108 7184DEBE 		.ascii	"q\204\336\276JoARe/D\000\205\336\252H%\225H\321C\252"
 4395      4A6F4152 
 4395      652F4400 
 4395      85DEAA48 
 4395      259548D1 
 4396 011e DAC05171 		.ascii	"\332\300Qq\013\2755\221\232\202\341BF\350\355\251\246"
 4396      0BBD3591 
 4396      9A82E142 
 4396      46E8EDA9 
 4396      A6
 4397 012f EBA3B3DD 		.ascii	"\353\243\263\335B\257\251\346\335pO\321pK\3219\247\305"
 4397      42AFA9E6 
 4397      DD704FD1 
 4397      704BD139 
 4397      A7C5
 4398 0141 9938E72B 		.ascii	"\2318\347+\303\035E1\334E\027\276 \002\363\204\203\305"
 4398      C31D4531 
 4398      DC4517BE 
 4398      2002F384 
 4398      83C5
 4399 0153 B644EAD4 		.ascii	"\266D\352\324\271\231a#\023[\215\201\271\\\255\026\213"
 4399      B9996123 
 4399      135B8D81 
 4399      B95CAD16 
 4399      8B
 4400 0164 B5A5125C 		.ascii	"\265\245\022\\\005\367DS\315\351F\324|+\024\250\226"
 4400      05F74453 
 4400      CDE946D4 
 4400      7C2B14A8 
 4400      96
 4401 0175 D5966CAA 		.ascii	"\325\226l\2526FA9.\337\236F\235B&>\234x\3716\200-\365"
 4401      36464139 
 4401      2EDF9E46 
 4401      9D42263E 
 4401      9C78F936 
 4402 018c 2D6AD439 		.ascii	"-j\3249Tt\203F\365\255\207Z\207\022d\251\351\316r7\026"
 4402      54748346 
 4402      F5AD875A 
 4402      871264A9 
 4402      E9CE7237 
 4403 01a1 329635D1 		.ascii	"2\2265\321t\006M\250q\034D\274#\201PR\220\244\232\003"
 4403      74064DA8 
 4403      711C44BC 
 4403      23815052 
 4403      90A49A03 
 4404 01b5 40031192 		.ascii	"@\003\021\222\266\001\021`\014\204\240rB$$\202\204\307"
 4404      B6011160 
 4404      0C84A072 
 4404      42242482 
 4404      84C7
 4405 01c7 06FC9E19 		.ascii	"\006\374\236\031\314\223\010\244\277\3440\270+\233+"
 4405      CC9308A4 
 4405      BFE430B8 
 4405      2B9B2B
ARM GAS  C:\Users\nicx5\AppData\Local\Temp\ccXs0mXR.s 			page 172


 4406 01d6 4E969D30 		.ascii	"N\226\2350\331)\332o\032b\315D\021\264P\020s\360\230"
 4406      D929DA6F 
 4406      1A62CD44 
 4406      11B45010 
 4406      73F098
 4407 01e9 0607AA1C 		.ascii	"\006\007\252\034oU\376\251\210L$j\355\375\000\341\341"
 4407      6F55FEA9 
 4407      884C246A 
 4407      EDFD00E1 
 4407      E1
 4408 01fa 188EAB7B 		.ascii	"\030\216\253{uo9R<L\306\216\000I\371\344\307-\370\342"
 4408      756F3952 
 4408      3C4CC68E 
 4408      0049F9E4 
 4408      C72DF8E2 
 4409 020e E17CA010 		.ascii	"\341|\240\020\024\202BP\024/\204\240u\307\325)\227s"
 4409      14824250 
 4409      142F84A0 
 4409      75C7D529 
 4409      9773
 4410 0220 4725F360 		.ascii	"G%\363`\250\001"
 4410      A801
 4411              		.text
 4412              		.section	.gnu.lto_.refs.1f2f2586,"e",%progbits
 4413 0000 28B52FFD 		.ascii	"(\265/\375 \005)\000\000\001\000\000\000\000"
 4413      20052900 
 4413      00010000 
 4413      0000
 4414              		.text
 4415              		.section	.gnu.lto_.decls.1f2f2586,"e",%progbits
 4416 0000 28B52FFD 		.ascii	"(\265/\375`\250<\365\340\000zPEKQ \010Y;\035\013?\315"
 4416      60A83CF5 
 4416      E0007A50 
 4416      454B5120 
 4416      08593B1D 
 4417 0017 E1847B37 		.ascii	"\341\204{7\246;\375\270\330\374\312\352\002\177u\244"
 4417      A63BFDB8 
 4417      D8FCCAEA 
 4417      027F75A4 
 4418 0027 A8B026B0 		.ascii	"\250\260&\260!Nt G\240I\007\370\275Q\007]\260\366Xu"
 4418      214E7420 
 4418      47A04907 
 4418      F8BD5107 
 4418      5DB0F658 
 4419 003c 899B56D5 		.ascii	"\211\233V\325\336/\234\\&*\335\356P\033F\370:G\276\000"
 4419      DE2F9C5C 
 4419      262ADDEE 
 4419      501B46F8 
 4419      3A47BE00 
 4420 0050 5C0E75A4 		.ascii	"\\\016u\244\303k\235?\236Fe\333R\312$S\037\004\211\004"
 4420      C36B9D3F 
 4420      9E4665DB 
 4420      52CA2453 
 4420      1F048904 
 4421 0064 C60445EE 		.ascii	"\306\004E\356\264c'\332q\234v\334\246\035/\321\216\223"
 4421      B46327DA 
 4421      719C76DC 
ARM GAS  C:\Users\nicx5\AppData\Local\Temp\ccXs0mXR.s 			page 173


 4421      A61D2FD1 
 4421      8E93
 4422 0076 E8BA2FAB 		.ascii	"\350\272/\253r\227ud\020\213/\356\231\374\333\323Y\244"
 4422      72977564 
 4422      108B2FEE 
 4422      99FCDBD3 
 4422      59A4
 4423 0088 549E9B97 		.ascii	"T\236\233\227\307/}9\353\326\341\347\034G\204\253JI"
 4423      C72F7D39 
 4423      EBD6E1E7 
 4423      1C4784AB 
 4423      4A49
 4424 009a 7B7AC50C 		.ascii	"{z\305\014\025\253\220i\267\035T\373h;\250\017\227\364"
 4424      15AB9069 
 4424      B71D54FB 
 4424      683BA80F 
 4424      97F4
 4425 00ac 8F1BA382 		.ascii	"\217\033\243\202>=\246\301E\264S\020\242\035wi\307Y"
 4425      3E3DA6C1 
 4425      45B45310 
 4425      A21D7769 
 4425      C759
 4426 00be DA719576 		.ascii	"\332q\225v\014\245C`'\355\230Ig`3\250\357\234 \226d"
 4426      0CA54360 
 4426      27ED9849 
 4426      676033A8 
 4426      EF9C2096 
 4427 00d3 0AF4B13F 		.ascii	"\012\364\261?\332\227`\245\0320\310X\333c\234\244?\222"
 4427      DA9760A5 
 4427      1A30C858 
 4427      DB639CA4 
 4427      3F92
 4428 00e5 DC45D6D4 		.ascii	"\334E\326\324\364\330\361\326\036\215\212\321~\023\265"
 4428      F4D8F1D6 
 4428      1E8D8AD1 
 4428      7E13B5
 4429 00f4 63242D2D 		.ascii	"c$--U\217\375\215|\230\332\305\244\225\344\361\213%"
 4429      558FFD8D 
 4429      7C98DAC5 
 4429      A495E4F1 
 4429      8B25
 4430 0106 FDC72834 		.ascii	"\375\307(4\225\021N=\276W\213\215\352v6\203\372N\225"
 4430      95114E3D 
 4430      BE578B8D 
 4430      EA763683 
 4430      FA4E95
 4431 0119 CB18BBC6 		.ascii	"\313\030\273\306\307\376C\334\037\310\007\311\214[v"
 4431      C7FE43DC 
 4431      1FC807C9 
 4431      8C5B76
 4432 0128 511EDB24 		.ascii	"Q\036\333$I\377\257[\367\330\005\307\240\266\032\000"
 4432      49FFAF5B 
 4432      F7D805C7 
 4432      A0B61A00 
 4433 0138 A77FDA2F 		.ascii	"\247\177\332/\025\355\214x\332/\235\266\273\211\366"
 4433      15ED8C78 
 4433      DA2F9DB6 
ARM GAS  C:\Users\nicx5\AppData\Local\Temp\ccXs0mXR.s 			page 174


 4433      BB89F6
 4434 0147 C77A1E56 		.ascii	"\307z\036V\3540.\310\343\267J\372_!\341\222\025\366"
 4434      EC302EC8 
 4434      E3B74AFA 
 4434      5F21E192 
 4434      15F6
 4435 0159 D8FD94E8 		.ascii	"\330\375\224\350\015\\\326F}E\347\231~z\035\025\012"
 4435      0D5CD646 
 4435      7D45E799 
 4435      7E7A1D15 
 4435      0A
 4436 016a B3AC3D3E 		.ascii	"\263\254=>\376g\322\037\312^\231\235!>\256)\242\257"
 4436      FE67D21F 
 4436      CA5E999D 
 4436      213EAE29 
 4436      A2AF
 4437 017c 026C0615 		.ascii	"\002l\006\025o!\332/\227\306Q\233A\215\"\337\324\236"
 4437      6F21DA2F 
 4437      97C6519B 
 4437      418D22DF 
 4437      D49E
 4438 018e A28FFD62 		.ascii	"\242\217\375bi\277O\215\245\327\251\375\313hl\267\250"
 4438      69BF4F8D 
 4438      A5D7A9FD 
 4438      CB686CB7 
 4438      A8
 4439 019f FD1135DE 		.ascii	"\375\0215\3363\324\376\200\032\003\356i\177<\215\015"
 4439      33D4FE80 
 4439      1A03EE69 
 4439      7F3C8D0D 
 4440 01af E5B4BF9B 		.ascii	"\345\264\277\233\306S\013\306zY\302@!\024\255\307\366"
 4440      C6530BC6 
 4440      7A59C240 
 4440      2114ADC7 
 4440      F6
 4441 01c0 4BD2AD22 		.ascii	"K\322\255\"^B\333X\2173\232\266QF2\355OD\347\247\227"
 4441      5E42DB58 
 4441      8F339AB6 
 4441      514632ED 
 4441      4F44E7A7 
 4442 01d5 F6D7D2D9 		.ascii	"\366\327\322\331\352\253\264[C)\216n\260R:\302|<N&\335"
 4442      EAABB45B 
 4442      43298E6E 
 4442      B0523AC2 
 4442      7C3C4E26 
 4443 01ea 62C9D000 		.ascii	"b\311\320\000\216\275-Lx,\023\325\370\2443\227\315\240"
 4443      8EBD2D4C 
 4443      782C13D5 
 4443      F8A43397 
 4443      CDA0
 4444 01fc E6218382 		.ascii	"\346!\203\202\310\034l\206\213\217m\340\215\226\203"
 4444      C81C6C86 
 4444      8B8F6DE0 
 4444      8D9683
 4445 020b A2337BEC 		.ascii	"\2423{\354\217\244\335\246\3319\302\305Y\3159\211R\223"
 4445      8FA4DDA6 
 4445      D939C2C5 
ARM GAS  C:\Users\nicx5\AppData\Local\Temp\ccXs0mXR.s 			page 175


 4445      59CD3989 
 4445      5293
 4446 021d A2B5A4C9 		.ascii	"\242\265\244\311\030V\335\223g\362.\254q\216\316J\247"
 4446      1856DD93 
 4446      67F22EAC 
 4446      718ECE4A 
 4446      A7
 4447 022e A07B47DD 		.ascii	"\240{G\335\246\271\333%kY\177v\317\372Y+V\317R\261U"
 4447      A6B9DB25 
 4447      6B597F76 
 4447      CFFA592B 
 4447      56CF52B1 
 4448 0243 6C9FCDB3 		.ascii	"l\237\315\263\200\226\317\272\331)\356\026\317F\361"
 4448      8096CFBA 
 4448      D929EE16 
 4448      CF46F1
 4449 0252 99BDF7D2 		.ascii	"\231\275\367\322\336\033N\316\276\351D\245\326\313\030"
 4449      DE1B4ECE 
 4449      BEE944A5 
 4449      D6CB18
 4450 0261 0FE8DE81 		.ascii	"\017\350\336\201^g\247X(\366\355o$q\355\035\033\217"
 4450      5E67A758 
 4450      28F6ED6F 
 4450      2471ED1D 
 4450      1B8F
 4451 0273 4806E2AC 		.ascii	"H\006\342\254\252\2140\356\035H\301\015\005\024X=E'"
 4451      AA8C30EE 
 4451      1D48C10D 
 4451      0514583D 
 4451      4527
 4452 0285 8437D86D 		.ascii	"\2047\330m\230~@k\243\036\340K\273\375\241\335ji\267"
 4452      987E406B 
 4452      A31EE04B 
 4452      BBFDA1DD 
 4452      6A69B7
 4453 0298 585A4F69 		.ascii	"XZOi\267M\372\202\265\021\265@\343\350D\312\226\307"
 4453      B74DFA82 
 4453      B511B540 
 4453      E3E844CA 
 4453      96C7
 4454 02aa 4E82BE39 		.ascii	"N\202\2769\322\226\315F\255\333\007\313\304\033\300"
 4454      D296CD46 
 4454      ADDB07CB 
 4454      C41BC0
 4455 02b9 B1012D68 		.ascii	"\261\001-hA&S\266\307\036\202\246\331\300\275\315?\370"
 4455      412653B6 
 4455      C71E82A6 
 4455      D9C0BDCD 
 4455      3FF8
 4456 02cb B145F88C 		.ascii	"\261E\370\214v\373A\265`?\250\376\332\203\315\240~\260"
 4456      76FB41B5 
 4456      603FA8FE 
 4456      DA83CDA0 
 4456      7EB0
 4457 02dd 4ADC6D12 		.ascii	"J\334m\022\233\366af)\272\031\367\216b\260d\376\220"
 4457      9BF66166 
 4457      29BA19F7 
ARM GAS  C:\Users\nicx5\AppData\Local\Temp\ccXs0mXR.s 			page 176


 4457      8E62B064 
 4457      FE90
 4458 02ef 921E7BB0 		.ascii	"\222\036{\2606*\266\031\324$\005\310$\330\210\032\000"
 4458      362AB619 
 4458      D42405C8 
 4458      24D8881A 
 4458      00
 4459 0300 6216F72F 		.ascii	"b\026\367/\244ZB\367 \324r\2153\030fB\356\237\201\373"
 4459      A45A42F7 
 4459      20D4728D 
 4459      33186642 
 4459      EE9F81FB 
 4460 0314 DFB87F05 		.ascii	"\337\270\177\005\356\337\301\3751\374\010\0058\006\367"
 4460      EEDFC1FD 
 4460      31FC0805 
 4460      3806F7
 4461 0323 DC0C6301 		.ascii	"\334\014c\001\226\231_\035\004\341\300\353DWVn1\300"
 4461      96995F1D 
 4461      04E1C0EB 
 4461      4457566E 
 4461      31C0
 4462 0335 474E408F 		.ascii	"GN@\217\021|W9U\026H\241\242q\317\006\350\260\001\003"
 4462      117C5739 
 4462      551648A1 
 4462      A271CF06 
 4462      E8B00103 
 4463 0349 4DCE8FCD 		.ascii	"M\316\217\315A\250,\200>\022f\334q\230\032_fhq\377\000"
 4463      41A82C80 
 4463      3E1266DC 
 4463      71981A5F 
 4463      666871FF 
 4464 035e B87F8EFB 		.ascii	"\270\177\216\373\331+\356/\030\350\376\200\356o\305"
 4464      D92BEE2F 
 4464      18E8FE80 
 4464      EE6FC5
 4465 036d DD6271B7 		.ascii	"\335bq\267\204N\001w\367\300\335#\330s\377(P\034\002"
 4465      844E0177 
 4465      F7C0DD23 
 4465      D873FF28 
 4465      501C02
 4466 0380 778C6588 		.ascii	"w\214e\210\212\253\3568\357\316\375y\236X\014\270\333"
 4466      8AABEE38 
 4466      EFCEFD79 
 4466      9E580CB8 
 4466      DB
 4467 0391 1C5EE38E 		.ascii	"\034^\343\216\267\334\272\343?\367\337\251s\3676\257"
 4467      B7DCBAE3 
 4467      3FF7DFA9 
 4467      73F736AF 
 4468 03a1 E08E7704 		.ascii	"\340\216w\004Q\001\322\356\230\311\017\233\273\365\313"
 4468      5101D2EE 
 4468      98C90F9B 
 4468      BBF5CB
 4469 03b0 A3C00577 		.ascii	"\243\300\005w\254\304\221\356\030\211\273[q\177\011"
 4469      ACC491EE 
 4469      1889BB5B 
 4469      717F09
ARM GAS  C:\Users\nicx5\AppData\Local\Temp\ccXs0mXR.s 			page 177


 4470 03bf 3871773E 		.ascii	"8qw>A\037w\247\340\216\311\334\237\316\375\345\334\237"
 4470      411F77A7 
 4470      E08EC9DC 
 4470      9FCEFDE5 
 4470      DC9F
 4471 03d1 CDFDD5DC 		.ascii	"\315\375\325\334\177\211\373'q\3773\3677s\3772\367\017"
 4471      7F89FB27 
 4471      71FF33F7 
 4471      3773FF32 
 4471      F70F
 4472 03e3 737F30F7 		.ascii	"s\1770\367\377r\377 \356\357\345\376]\356\277\345\376"
 4472      FF72FF20 
 4472      EEEFE5FE 
 4472      5DEEBFE5 
 4472      FE
 4473 03f4 3EDCBF87 		.ascii	">\334\277\207\373_\271\177\225\373S\271?\224\373G\271"
 4473      FB5FB97F 
 4473      95FB53B9 
 4473      3F94FB47 
 4473      B9
 4474 0405 BF0EF7CF 		.ascii	"\277\016\367\317\341\376N\367\267\341\376I\356\237\001"
 4474      E1FE4EF7 
 4474      B7E1FE49 
 4474      EE9F01
 4475 0414 F727C1FD 		.ascii	"\367'\301\375k\270\377\014\367\227\341\376C\356o\001"
 4475      6BB8FF0C 
 4475      F797E1FE 
 4475      43EE6F01 
 4476 0424 F77FE1FE 		.ascii	"\367\177\341\376\035\270\177\013\367?\341\376A\356\017"
 4476      1DB87F0B 
 4476      F73FE1FE 
 4476      41EE0F
 4477 0433 E4FE3FEE 		.ascii	"\344\376?\356O\001\367\237\200\373C\300\375\037\340"
 4477      4F01F79F 
 4477      80FB43C0 
 4477      FD1FE0
 4478 0442 FE1BB87F 		.ascii	"\376\033\270\177\002\334?\307\335fq\267V\334\235\211"
 4478      02DC3FC7 
 4478      DD6671B7 
 4478      56DC9D89 
 4479 0452 BB07BA7B 		.ascii	"\273\007\272{\001\334\355\006\356\036\347\376\012p\377"
 4479      01DCED06 
 4479      EE1EE7FE 
 4479      0A70FF
 4480 0461 0BDCEDA1 		.ascii	"\013\334\355\241\273\005t\267N\356.\350\356i\356\316"
 4480      BB0574B7 
 4480      4EEE2EE8 
 4480      EE69EECE 
 4481 0471 00779FE2 		.ascii	"\000w\237\342\356\025<>>>\272k\015\356\023\232\334)"
 4481      EE153C3E 
 4481      3E3EBA6B 
 4481      0DEE139A 
 4481      DC29
 4482 0483 680C5770 		.ascii	"h\014WpD\324\036c%5A\220\026y<\321I0\232u\303n\323\220"
 4482      44D41E63 
 4482      25354190 
 4482      16793CD1 
ARM GAS  C:\Users\nicx5\AppData\Local\Temp\ccXs0mXR.s 			page 178


 4482      49309A75 
 4483 049b EC25711A 		.ascii	"\354%q\032>\263R\354\264\024\335Z5U\2017\024PP\301\312"
 4483      3EB352EC 
 4483      B414DD5A 
 4483      35558137 
 4483      145050C1 
 4484 04b0 C8DA9C8A 		.ascii	"\310\332\234\212]\313i\327\321\022\260Y\336\252\303"
 4484      5DCB69D7 
 4484      D112B059 
 4484      DEAAC3
 4485 04bf E1F5181F 		.ascii	"\341\365\030\037\251\200\304i\203\354\261\353#Z\315"
 4485      A980C469 
 4485      83ECB1EB 
 4485      235ACD
 4486 04ce 86638E2A 		.ascii	"\206c\216*\316E0g:\026\367\226`\245'\0212Z[\240\364"
 4486      CE453067 
 4486      3A16F796 
 4486      60A52711 
 4486      325A5BA0 
 4487 04e3 B8204A81 		.ascii	"\270 J\201\336\260\233\372\035V\212v\247\327\313\032"
 4487      DEB09BFA 
 4487      1D568A76 
 4487      A7D7CB1A 
 4488 04f3 D9231676 		.ascii	"\331#\026vZ\364\343\322\005/\361*\2465M\223\246\314"
 4488      5AF4E3D2 
 4488      052FF12A 
 4488      A6354D93 
 4488      A6CC
 4489 0505 30128FC4 		.ascii	"0\022\217\304/j7L\2302&F\034\211Dn\231\2452O|6nQQ\355"
 4489      2F6A374C 
 4489      98322646 
 4489      1C89446E 
 4489      99A5324F 
 4490 051f C674B191 		.ascii	"\306t\261\221\014\357i\030+\034\206\211` \030\014\177"
 4490      0CEF6918 
 4490      2B1C8689 
 4490      6020180C 
 4490      7F
 4491 0530 E12DEC85 		.ascii	"\341-\354\205\207`#8\012k\341)\\\004\367\300B0\017\314"
 4491      87602338 
 4491      0A6BE129 
 4491      5C04F7C0 
 4491      42300FCC 
 4492 0544 85BBB014 		.ascii	"\205\273\260\024\026\303X\270\014Wa\037\030\212\255"
 4492      16C358B8 
 4492      0C57611F 
 4492      188AAD
 4493 0553 7016FE81 		.ascii	"p\026\376\201\311p\020|\205\307\254\033\246\302OFL\365"
 4493      C970107C 
 4493      85C7AC1B 
 4493      A6C24F46 
 4493      4CF5
 4494 0565 55D7119A 		.ascii	"U\327\021\232\206\251.\332\243\351D\245:LT\026\246\272"
 4494      86A92EDA 
 4494      A3E944A5 
 4494      3A4C5416 
 4494      A6BA
ARM GAS  C:\Users\nicx5\AppData\Local\Temp\ccXs0mXR.s 			page 179


 4495 0577 8BF68D46 		.ascii	"\213\366\215F\030\263,\300\374\206\350\004F\002\273"
 4495      18B32CC0 
 4495      FC86E804 
 4495      4602BB
 4496 0586 36A22700 		.ascii	"6\242'\000\026\321`\332\265\227v\235\245]Si\327O\332"
 4496      16D160DA 
 4496      B597769D 
 4496      A55D5369 
 4496      D74FDA
 4497 0599 B50DEDC8 		.ascii	"\265\015\355\310G\355H1\332\221\211\332\221Z\264#\007"
 4497      47ED4831 
 4497      DA9189DA 
 4497      915AB423 
 4497      07
 4498 05aa B523FBB4 		.ascii	"\265#\373\264#\363\264#\241hGJ\265#\333\264#\223hG\222"
 4498      23F3B423 
 4498      A168474A 
 4498      B523DBB4 
 4498      23936847 
 4499 05bf 69BF8E57 		.ascii	"i\277\216W\014M\231\243\363\371\3706&\375\216\251\021"
 4499      0C4D99A3 
 4499      F3F9F836 
 4499      26FD8EA9 
 4499      11
 4500 05d0 736205EC 		.ascii	"sb\005\354\361\314^\021\355\310/\355H/\355H-\355\310"
 4500      F1CC5E11 
 4500      EDC82FED 
 4500      482FED48 
 4500      2DEDC8
 4501 05e3 2B6D9F54 		.ascii	"+m\237T\332Z!\237\332\2219\264\345\032\242\345\220f"
 4501      DA5A219F 
 4501      DA9139B4 
 4501      E51AA2E5 
 4501      9066
 4502 05f5 4C0D6AEA 		.ascii	"L\015j\352\361\315r\247\030\2358*\012Z\351\015+\302"
 4502      F1CD72A7 
 4502      189D382A 
 4502      0A5AE90D 
 4502      2BC2
 4503 0607 6B780BAD 		.ascii	"kx\013\255\333\3052h\245\332\252\201\275\305\224\301"
 4503      DBC53268 
 4503      A5DAAA81 
 4503      BDC594C1 
 4504 0617 72AF5869 		.ascii	"r\257Xi`\005\012\273\260l\241\360\267\345'\325\330\325"
 4504      60050ABB 
 4504      B06CA1F0 
 4504      B7E527D5 
 4504      D8D5
 4505 0629 23DA5530 		.ascii	"#\332U0\355\252\217@\300\227\363\201v\365\370Z\251A"
 4505      EDAA8F40 
 4505      C097F381 
 4505      76F5F85A 
 4505      A941
 4506 063b 9B42F2F2 		.ascii	"\233B\362\362\330U\035\332m\232\327\032T\315\014\032"
 4506      D8551DDA 
 4506      6D9AD71A 
 4506      54CD0C1A 
ARM GAS  C:\Users\nicx5\AppData\Local\Temp\ccXs0mXR.s 			page 180


 4507 064b 44485A96 		.ascii	"DHZ\226\017\275\255.\273\037@\324\246\027\315j\213\013"
 4507      0FBDAD2E 
 4507      BB1F40D4 
 4507      A617CD6A 
 4507      8B0B
 4508 065d EF0A8B2F 		.ascii	"\357\012\213/\310\027\232Z\024\224GU\225\253\036{YZ"
 4508      C8179A5A 
 4508      14944755 
 4508      95AB1E7B 
 4508      595A
 4509 066f 5274EC60 		.ascii	"Rt\354`<\313\272\322\257\272G\032h\363*\233\356\275"
 4509      3CCBBAD2 
 4509      AFBA471A 
 4509      68F32A9B 
 4509      EEBD
 4510 0681 6D9C9506 		.ascii	"m\234\225\006R\361zN\367\216\352`k\204>\241\332\274"
 4510      52F17A4E 
 4510      F78EEA60 
 4510      6B843EA1 
 4510      DABC
 4511 0693 16C78CD8 		.ascii	"\026\307\214\3307\017\200@\366\025\224\3632\233N%^'"
 4511      370F8040 
 4511      F61594F3 
 4511      329B4E25 
 4511      5E27
 4512 06a5 D7EED25D 		.ascii	"\327\356\322]\267+w\2437\312m\273z\027\357\366\335\273"
 4512      B72B77A3 
 4512      37CA6DBB 
 4512      7A17EFF6 
 4512      DDBB
 4513 06b7 3BE5F2DD 		.ascii	";\345\362\335*\227\312\365\273y7\356\316\335'\367\357"
 4513      2A97CAF5 
 4513      BB7937EE 
 4513      CEDD27F7 
 4513      EF
 4514 06c8 BE5D2817 		.ascii	"\276](\027\356\356\335&\227\311\225r\353\254\333\225"
 4514      EEEEDD26 
 4514      97C99572 
 4514      EBACDB95 
 4515 06d8 BADF2577 		.ascii	"\272\337%w\355\016\271\322\337q\305\316\226 \301\202"
 4515      ED0EB9D2 
 4515      DF71C5CE 
 4515      9620C182 
 4516 06e8 4BE2C5A3 		.ascii	"K\342\305\243\004/-\351M\273Jt\242\322\031\257\251g"
 4516      042F2DE9 
 4516      4DBB4A74 
 4516      A2D219AF 
 4516      A967
 4517 06fa 94220F2B 		.ascii	"\224\"\017+/\277+%\275T:^\323,\300\033k\004\013\030"
 4517      2FBF2B25 
 4517      BD543A5E 
 4517      D32CC01B 
 4517      6B040B18 
 4518 070e C4056057 		.ascii	"\304\005`Wq\350\013T\251\272\244\355\033\031\306\035"
 4518      71E80B54 
 4518      A9BAA4ED 
 4518      1B19C61D 
ARM GAS  C:\Users\nicx5\AppData\Local\Temp\ccXs0mXR.s 			page 181


 4519 071e 8C8F3D93 		.ascii	"\214\217=\223\321\236\031\265gD\355\331P{\036\324\236"
 4519      D19E19B5 
 4519      6744EDD9 
 4519      507B1ED4 
 4519      9E
 4520 072f AB68CF7B 		.ascii	"\253h\317{\332\357\021\367\013\275d\230\257\007\017"
 4520      DAEF11F7 
 4520      0BBD6498 
 4520      AF070F
 4521 073e 218FFF29 		.ascii	"!\217\377)\351\267\214FjG\023\333c\013V1\212~\256+\346"
 4521      E9B78C46 
 4521      6A4713DB 
 4521      630B5631 
 4521      8A7EAE2B 
 4522 0753 7EC12E11 		.ascii	"~\301.\021+\305\027\010\0231\304\3077,\351\267\210\005"
 4522      2BC51708 
 4522      1331C4C7 
 4522      372CE9B7 
 4522      8805
 4523 0765 B6A0588F 		.ascii	"\266\240X\217\035\214\315\240v\210Z\033\365\356\331"
 4523      1D8CCDA0 
 4523      76885A1B 
 4523      F5EED9
 4524 0774 0CEA0F81 		.ascii	"\014\352\017\201\242=\323iu\307i\317L\264\352d\323\236"
 4524      A23DD369 
 4524      75C769CF 
 4524      4CB4EA64 
 4524      D39E
 4525 0786 9568F589 		.ascii	"\225h\365\211D{>\242U+#\332s\230V\271\204h\317]Z\035"
 4525      447B3EA2 
 4525      552B23DA 
 4525      739856B9 
 4525      8468CF5D 
 4526 079c 92A53D57 		.ascii	"\222\245=Wi\025\032\245=?i\025-;\265\032\275O\327i\346"
 4526      69151AA5 
 4526      3D3F6915 
 4526      2D3BB51A 
 4526      BD4FD769 
 4527 07b1 D0ACEAC9 		.ascii	"\320\254\352\311\343\233#w\261\212\222\362\250=\247"
 4527      E39B2377 
 4527      B18A92F2 
 4527      A83DA7
 4528 07c0 0D6FEA32 		.ascii	"\015o\3522}\325cMqA\344\203\356\375\214\177"
 4528      7DD5634D 
 4528      7141E483 
 4528      EEFD8C7F 
 4529 07d0 F8567ECC 		.ascii	"\370V~\314+^\347#\276\340{\371/\277w\223^\313\265\361"
 4529      2B5EE723 
 4529      BEE07BF9 
 4529      2FBF7793 
 4529      5ECBB5F1 
 4530 07e4 8B3FF860 		.ascii	"\213?\370`\376\312\033>\341\213\371.\277\345\033/\216"
 4530      FECA1B3E 
 4530      E18BF92E 
 4530      BFE51B2F 
 4530      8E
 4531 07f5 FF7BBFE7 		.ascii	"\377{\277\347\373\302\247\362\217w\337\033\017\370Y"
ARM GAS  C:\Users\nicx5\AppData\Local\Temp\ccXs0mXR.s 			page 182


 4531      FBC2A7F2 
 4531      8F77DF1B 
 4531      0FF859
 4532 0804 3ECC07BE 		.ascii	">\314\007\276\343W\271H\237x\233\276\357*\335\245'\363"
 4532      E357B948 
 4532      9F789BBE 
 4532      EF2ADDA5 
 4532      27F3
 4533 0816 651ECB73 		.ascii	"e\036\313s\371\251u\273L\356\237\367zD.\323\027y\250"
 4533      F9A975BB 
 4533      4CEE9FF7 
 4533      7A442ED3 
 4533      1779A8
 4534 0829 628E2D93 		.ascii	"b\216-\2236\007E\015\3562}\223\177\202\235\220\326\240"
 4534      3607450D 
 4534      EE327D93 
 4534      7F829D90 
 4534      D6A0
 4535 083b 7B77798E 		.ascii	"{wy\216\035\263\265\266\204M\317\3532\275\220\007[\374"
 4535      1DB3B5B6 
 4535      844DCFEB 
 4535      32BD9007 
 4535      5BFC
 4536 084d 61E9B418 		.ascii	"a\351\264\030\353\376N\013m\356\355\264\322\322\324"
 4536      EBFE4E0B 
 4536      6DEEEDB4 
 4536      D2D2D4
 4537 085c F80EAD96 		.ascii	"\370\016\255\226*N/\305\243)\353\312\224-E\263\313\364"
 4537      2A4E2FC5 
 4537      A329EBCA 
 4537      942D45B3 
 4537      CBF4
 4538 086e 679FA44A 		.ascii	"g\237\244J\025\350\336A\334\246\375FKR2;\264[\374\026"
 4538      15E8DE41 
 4538      DCA6FD46 
 4538      4B52323B 
 4538      B45BFC16 
 4539 0882 2DE3169E 		.ascii	"-\343\026\236\332G\265\244,\206\221\"E\253\014G\216"
 4539      DA47B5A4 
 4539      2C869122 
 4539      45AB0C47 
 4539      8E
 4540 0893 2D2C2EB6 		.ascii	"-,.\266\313\326^2\212\231\323e\372\035\037ee\035-\031"
 4540      CBD65E32 
 4540      8A99D365 
 4540      FA1D1F65 
 4540      651D2D19 
 4541 08a7 35425B98 		.ascii	"5B[\230xdj\323nXCh\016\336\331\026\227\226\243\015\246"
 4541      78646AD3 
 4541      6E584368 
 4541      0EDED916 
 4541      9796A30D 
 4542 08bc 2DADA4A5 		.ascii	"-\255\244\245\262G\244\263\351e\262\211\026\314\266"
 4542      B247A4B3 
 4542      E965B289 
 4542      16CCB6
 4543 08cb A207DD7B 		.ascii	"\242\007\335{\247\275\022-?\262\262D\233e\372k{S=\242"
ARM GAS  C:\Users\nicx5\AppData\Local\Temp\ccXs0mXR.s 			page 183


 4543      A7BD122D 
 4543      3FB2B244 
 4543      9B65FA6B 
 4543      7B533DA2 
 4544 08df 7C6C3D97 		.ascii	"|l=\227\270\3317\273,\25529\337\365N\354\264\344a\357"
 4544      B8D937BB 
 4544      2CAD3239 
 4544      DFF54EEC 
 4544      B4E461EF 
 4545 08f3 D0221473 		.ascii	"\320\"\024s\231l\343V\022d6\"\325)V\240\002\345\313"
 4545      996CE356 
 4545      12643622 
 4545      D52956A0 
 4545      02E5CB
 4546 0906 610BEC78 		.ascii	"a\013\354x\212\246 \007pJh\217s\023\317p\3563H,\204"
 4546      8AA62007 
 4546      704A688F 
 4546      7313CF70 
 4546      EE33482C 
 4547 091b 7D6E873A 		.ascii	"}n\207:3\361\374\326CJ\213\031\241v\317n\3563\024\206"
 4547      33F1FCD6 
 4547      434A8B19 
 4547      A176CF6E 
 4547      EE331486 
 4548 092f F85549B4 		.ascii	"\370UI\264\242=\303\235\266Y\313l\356l\270\317\363\322"
 4548      A23DC39D 
 4548      B659CB6C 
 4548      EE6CB8CF 
 4548      F3D2
 4549 0941 56C3D290 		.ascii	"V\303\322\220v\005\214#\343\336V\037l#X\342\343c\317"
 4549      76058C23 
 4549      E3DE561F 
 4549      6C2358E2 
 4549      E363CF
 4550 0954 20A5242F 		.ascii	" \245$/QbCE-/Q{t\234\326$B\201\272[\324\336\000\236"
 4550      51624345 
 4550      2D2F517B 
 4550      749CD624 
 4550      4281BA5B 
 4551 096c B67992D1 		.ascii	"\266y\222\321<'\311h\207B\364*\014\306i\021Q\3236W\316"
 4551      3C27C968 
 4551      8742F42A 
 4551      0CC66911 
 4551      51D33657 
 4552 0981 CEF4F056 		.ascii	"\316\364\360V\026-r_\332\246\213\231\331c\331\004@C"
 4552      162D725F 
 4552      DAA68B99 
 4552      D963D904 
 4552      4043
 4553 0993 323D1E7B 		.ascii	"2=\036{\003R\332\246QL,\227\215\231Ng\256\002\223pd"
 4553      0352DAA6 
 4553      514C2C97 
 4553      8D994E67 
 4553      AE029370 
 4554 09a8 32CF6536 		.ascii	"2\317e6O\3073)C\357\0227,D24\033I\013C%\212\225(\226"
 4554      4FC73329 
 4554      43EF1237 
ARM GAS  C:\Users\nicx5\AppData\Local\Temp\ccXs0mXR.s 			page 184


 4554      2C443234 
 4554      1B490B43 
 4555 09c1 50C597C7 		.ascii	"P\305\227\307\036\265\003>\302\302p_\230D\250n\263\313"
 4555      1EB5033E 
 4555      C2C2705F 
 4555      9844A86E 
 4555      B3CB
 4556 09d3 FB61A81D 		.ascii	"\373a\250\035\240\313`\031\014\367-*N\021\263x\275\315"
 4556      A0CB6019 
 4556      0CF72D2A 
 4556      4E11B378 
 4556      BDCD
 4557 09e5 6907C47C 		.ascii	"i\007\304|}-\256A\027\247\236n\214\351\015KA\202,bM"
 4557      7D2DAE41 
 4557      17A79E6E 
 4557      8CE90D4B 
 4557      41822C62 
 4558 09fa 604E0D83 		.ascii	"`N\015\203\224\336\260\303\313\013\027v9\303K\373\012"
 4558      94DEB0C3 
 4558      CB0B1776 
 4558      39C34BFB 
 4558      0A
 4559 0a0b 4BD41BB0 		.ascii	"K\324\033\260rW\356B\\T\225\354H\272\200\2477 \311["
 4559      7257EE42 
 4559      5C5495EC 
 4559      48BA80A7 
 4559      3720C95B 
 4560 0a1f 790B1722 		.ascii	"y\013\027\"\236A\365\023\271\3554\2467\270e\037\331"
 4560      9E41F513 
 4560      B9ED34A6 
 4560      37B8651F 
 4560      D9
 4561 0a30 071962D4 		.ascii	"\007\031b\324\024\347\321\201]\310\2417\324\365\350"
 4561      14E7D181 
 4561      5DC8A137 
 4561      D4F5E8
 4562 0a3f A1456B11 		.ascii	"\241Ek\021\332\305\371Eo@\274\272:L\263%<yM\361\323"
 4562      DAC5F945 
 4562      6F40BCBA 
 4562      3A4CB325 
 4562      3C794DF1 
 4563 0a54 373B7255 		.ascii	"7;rU\256\312TX\364\336H\22731L\364\0154O\345\251LU\230"
 4563      AECA5458 
 4563      F4DE4897 
 4563      33314CF4 
 4563      0D344FE5 
 4564 0a6c 385D5202 		.ascii	"8]R\002r\230\251\362\250\034\011\303\3623G\345'.\344"
 4564      7298A9F2 
 4564      A81C09C3 
 4564      F23347E5 
 4564      272EE4
 4565 0a7f 200595A3 		.ascii	" \005\225\2432T\224,\015:\305\021\346q\351\261[\310"
 4565      3254942C 
 4565      0D3AC511 
 4565      E671E9B1 
 4565      5BC8
 4566 0a91 A1BDE68A 		.ascii	"\241\275\346\212\276\271{\362\254\343I\360i\001Jm3\321"
ARM GAS  C:\Users\nicx5\AppData\Local\Temp\ccXs0mXR.s 			page 185


 4566      BEB97BF2 
 4566      ACE349F0 
 4566      69014A6D 
 4566      33D1
 4567 0aa3 E91BBF26 		.ascii	"\351\033\277&\3179\232\366.D!\022-\3237X\230<;\231\330"
 4567      CF399AF6 
 4567      2E442112 
 4567      2DD33758 
 4567      983C3B99 
 4568 0ab8 A0D01A35 		.ascii	"\240\320\0325\2530\274+}\223\270\344\331\306\022\243"
 4568      AB30BC2B 
 4568      7D93B8E4 
 4568      D9C612A3 
 4569 0ac8 1FDB62CD 		.ascii	"\037\333b\315\3267d2\222\347\244\214\204\013\237C\254"
 4569      D6376432 
 4569      92E7A48C 
 4569      840B9F43 
 4569      AC
 4570 0ad9 97353BA8 		.ascii	"\2275;\250\215F\025\352\300\24298\3118~$\203\013\033"
 4570      8D4615EA 
 4570      C0A23938 
 4570      C9387E24 
 4570      830B1B
 4571 0aec B0B733CB 		.ascii	"\260\2673\313\032\326t?\255>h%B$$e\334g\364\235c\026"
 4571      1AD6743F 
 4571      AD3E6825 
 4571      42242465 
 4571      DC67F49D 
 4572 0b02 54507B05 		.ascii	"TP{\0059\315Ak\314\030*H\244L\177\014\231r1\2429\260"
 4572      39CD416B 
 4572      CC182A48 
 4572      A44C7F0C 
 4572      997231A2 
 4573 0b18 850983C5 		.ascii	"\205\011\203\305\334\235%\"mT\021s\302\214\216\305<"
 4573      DC9D2522 
 4573      6D541173 
 4573      C28C8EC5 
 4573      3C
 4574 0b29 A0444891 		.ascii	"\240DH\221\012U\232\003 \0300\030\312\331s\206qK\226"
 4574      0A559A03 
 4574      20183018 
 4574      CAD97386 
 4574      714B96
 4575 0b3c 208E9A03 		.ascii	" \216\232\003\031DD\374\245\314\017Zs\327\004\006*\321"
 4575      194444FC 
 4575      A5CC0F5A 
 4575      73D70406 
 4575      2AD1
 4576 0b4e F1170A4A 		.ascii	"\361\027\012J\204pP\330K\256\352r\364\341e\332\344\011"
 4576      847050D8 
 4576      4BAEEA72 
 4576      F4E165DA 
 4576      E409
 4577 0b60 90EC6679 		.ascii	"\220\354fy,1D\276<\356\342nu\220\331\350\023\324\017"
 4577      2C3144BE 
 4577      3CEEE26E 
 4577      7590D9E8 
ARM GAS  C:\Users\nicx5\AppData\Local\Temp\ccXs0mXR.s 			page 186


 4577      13D40F
 4578 0b73 C46DD932 		.ascii	"\304m\3312fF\223\225\344\316\312M?\200wx\210\013\303"
 4578      66469395 
 4578      E4CECA4D 
 4578      3F807778 
 4578      880BC3
 4579 0b86 18335794 		.ascii	"\0303W\224\224\237\227~\340\317\320\020C\031ban\014"
 4579      949F977E 
 4579      E0CFD010 
 4579      43196261 
 4579      6E0C
 4580 0b98 CCD963A7 		.ascii	"\314\331c\247\320\244!\250\"$\304\205\3201g\326y\203"
 4580      D0A421A8 
 4580      2224C485 
 4580      D03167D6 
 4580      7983
 4581 0baa F07121A2 		.ascii	"\360q!\242\206\200\312\340\340`Y\327V\241\323\211\206"
 4581      8680CAE0 
 4581      E06059D7 
 4581      56A1D389 
 4581      86
 4582 0bbb C0303010 		.ascii	"\30000\020\357\011\356\011*\3224)\345]\001\321\021\340"
 4582      EF09EE09 
 4582      2AD23429 
 4582      E55D01D1 
 4582      11E0
 4583 0bcd B06205F7 		.ascii	"\260b\005\3675`\357=\265o\240\235\340s\202\324#\364"
 4583      3560EF3D 
 4583      B56FA09D 
 4583      E07382D4 
 4583      23F4
 4584 0bdf EBB1D334 		.ascii	"\353\261\3234\351\010\254\376\376\370\032\247\024\000"
 4584      E908ACFE 
 4584      FEF81AA7 
 4584      1400
 4585 0bed 8578E51D 		.ascii	"\205x\345\035\352\010\340\370\370p\337\023V\224\025"
 4585      EA08E0F8 
 4585      F870DF13 
 4585      569415
 4586 0bfc 3641C1C7 		.ascii	"6A\301\307}V\332TB\327\235\235\216 /\212G\301{\230\013"
 4586      7D56DA54 
 4586      42D79D9D 
 4586      8E202F8A 
 4586      47C17B98 
 4587 0c11 00545112 		.ascii	"\000TQ\022\247w\213\341b\240\024\307{x\312\025\222H"
 4587      A7778BE1 
 4587      62A014C7 
 4587      7B78CA15 
 4587      9248
 4588 0c23 28F618EB 		.ascii	"(\366\030\353!\331\274\372\362\3264\316s\307\021\321"
 4588      21D9BCFA 
 4588      F2D634CE 
 4588      73C711D1 
 4589 0c33 E122459D 		.ascii	"\341\"E\235\025\362`\037\034\331\227\023l\347\004\337"
 4589      15F2601F 
 4589      1CD99713 
 4589      6CE704DF 
ARM GAS  C:\Users\nicx5\AppData\Local\Temp\ccXs0mXR.s 			page 187


 4590 0c43 F917C777 		.ascii	"\371\027\307w\366\210\036\217\275\307\0174\326a\273"
 4590      F6881E8F 
 4590      BDC70F34 
 4590      D661BB
 4591 0c52 3A0CC54E 		.ascii	":\014\305N\313(Bi\300\274\254\250<q\014e\002\017.\215"
 4591      CB284269 
 4591      C0BCACA8 
 4591      3C710C65 
 4591      020F2E8D 
 4592 0c66 D2094EDA 		.ascii	"\322\011N\332g\016\265G\243x\216\302\336yG\325\236\333"
 4592      670EB547 
 4592      A3788EC2 
 4592      DE7947D5 
 4592      9EDB
 4593 0c78 EAF9C11D 		.ascii	"\352\371\301\035\3139\236S\321\304\356\242h\242\004"
 4593      CB399E53 
 4593      D1C4EEA2 
 4593      68A204
 4594 0c87 A7183E86 		.ascii	"\247\030>\206\340\307\006x\015\2639n\303R7\334\206\343"
 4594      E0C70678 
 4594      0DB3396E 
 4594      C35237DC 
 4594      86E3
 4595 0c99 EC90AD54 		.ascii	"\354\220\255TX\223\2264\005\010\343\266\262\372\240"
 4595      58939634 
 4595      0508E3B6 
 4595      B2FAA0
 4596 0ca8 EAD5ED41 		.ascii	"\352\325\355A\2759\216s\307M0\234o\371\260\267\342\336"
 4596      BD398E73 
 4596      C74D309C 
 4596      6FF9B0B7 
 4596      E2DE
 4597 0cba 3B82DCA4 		.ascii	";\202\334\244G\222\247\307\027\230X\351\204\2451\270"
 4597      4792A7C7 
 4597      179858E9 
 4597      84A531B8 
 4598 0cca A4C7D8ED 		.ascii	"\244\307\330\355\351\324.`R\251\307\376\305Jo\021\272"
 4598      E9D42E60 
 4598      52A9C7FE 
 4598      C54A6F11 
 4598      BA
 4599 0cdb B9992BED 		.ascii	"\271\231+\355\272Q_\320\360\264\336\200\347\005\267"
 4599      BA515FD0 
 4599      F0B4DE80 
 4599      E705B7
 4600 0cea 5F6B4975 		.ascii	"_kIu\216\212\230\213\021\353\3611\336\333\316\271\304"
 4600      8E8A988B 
 4600      11EBF131 
 4600      DEDBCEB9 
 4600      C4
 4601 0cfb B51FC919 		.ascii	"\265\037\311\031\345Br\372%Aap.-A]p\276E\221\234K\373"
 4601      E54272FA 
 4601      25416170 
 4601      2E2D415D 
 4601      70BE4591 
 4602 0d12 697734E9 		.ascii	"iw4\351\271w\322S\357$(\347\333\217\347s\357]e\235;"
 4602      B977D253 
ARM GAS  C:\Users\nicx5\AppData\Local\Temp\ccXs0mXR.s 			page 188


 4602      EF2428E7 
 4602      DB8FE773 
 4602      EF5D659D 
 4603 0d27 693B3717 		.ascii	"i;7\027\322\205\375\006u\301\031M\202\262\3167.(\014"
 4603      D285FD06 
 4603      75C1194D 
 4603      82B2CE37 
 4603      2E280C
 4604 0d3a 7B29A90B 		.ascii	"{)\251\013sA9\375\270\240\364[\022\224s\351\307\266"
 4604      734139FD 
 4604      B8A0F45B 
 4604      129473E9 
 4604      C7B6
 4605 0d4c 3BDA1668 		.ascii	";\332\026h\277\366\022\327\023\320\031\355\262H\321"
 4605      BFF612D7 
 4605      13D019ED 
 4605      B248D1
 4606 0d5b 6D8664B7 		.ascii	"m\206d\267sC\367vF7\016\322\215(\024\332\215\350\216"
 4606      7343F776 
 4606      46370ED2 
 4606      8D2814DA 
 4606      8DE88E
 4607 0d6e 17683AA0 		.ascii	"\027h:\2408\366\336j\031\326\205\275\264\221\242\320"
 4607      38F6DE6A 
 4607      19D685BD 
 4607      B491A2D0 
 4608 0d7e 252C0F7B 		.ascii	"%,\017{\233)\355m\266+X.\247\033Y\373\306io\244\275"
 4608      9B29ED6D 
 4608      B62B582E 
 4608      A71B59FB 
 4608      C6696FA4 
 4609 0d93 37968A14 		.ascii	"7\226\212\024\335{'Y\313\265\235]nN\033\013\253\002"
 4609      DD7B2759 
 4609      CBB59D5D 
 4609      6E4E1B0B 
 4609      AB02
 4610 0da5 50AC8DA6 		.ascii	"P\254\215\246\364\343f\357\215\344|\373\201u\237\234"
 4610      F4E366EF 
 4610      8DE47CFB 
 4610      81759F9C 
 4611 0db5 CCB836DA 		.ascii	"\314\2706\332\266\262Ho\373\306~Z\372\261\365\033Rt"
 4611      B6B2486F 
 4611      FBC67E5A 
 4611      FAB1F51B 
 4611      5274
 4612 0dc7 4BF7DEF6 		.ascii	"K\367\336\366KMT\314\032\030^\242\026$\230;??\231\004"
 4612      4B4D54CC 
 4612      1A185EA2 
 4612      1624983B 
 4612      3F3F9904 
 4613 0ddb 73F9F393 		.ascii	"s\371\363\223\215\200^\004a\011\244P\376\374d\177\001"
 4613      8D805E04 
 4613      6109A450 
 4613      FEFC647F 
 4613      01
 4614 0dec 2228C8C5 		.ascii	"\"(\310\305\217\014!\0310\002\320$\022\032\"\022\372"
 4614      8F0C2119 
ARM GAS  C:\Users\nicx5\AppData\Local\Temp\ccXs0mXR.s 			page 189


 4614      3002D024 
 4614      121A2212 
 4614      FA
 4615 0dfd 91510368 		.ascii	"\221Q\003h\204!\240\012+vH\254??\252\277\000!b\204\""
 4615      8421A00A 
 4615      2B7648AC 
 4615      3F3FAABF 
 4615      00216284 
 4616 0e12 A3174745 		.ascii	"\243\027GED\310\026@\315!|$\203\250((_`(\350\207H\350"
 4616      44C81640 
 4616      CD217C24 
 4616      83A82828 
 4616      5F6028E8 
 4617 0e29 684868C6 		.ascii	"hHh\306\007??\025\374\005\210d\010AB4\021,}x\004\260"
 4617      073F3F15 
 4617      FC058864 
 4617      08414234 
 4617      112C7D78 
 4618 0e3f F4D1B159 		.ascii	"\364\321\261Y\372\350hX\372\350,}t2\254\320!\341s\324"
 4618      FAE86858 
 4618      FAE82C7D 
 4618      7432ACD0 
 4618      21E173D4 
 4619 0e53 3CD1349A 		.ascii	"<\3214\232q\004d\324\214\001\243\271\342\250y\242\203"
 4619      710464D4 
 4619      8C01A3B9 
 4619      E2A879A2 
 4619      83
 4620 0e64 0B2221A3 		.ascii	"\013\"!\243\242#!\242\"\025\017xpA$\344\302\010\350"
 4620      A22321A2 
 4620      22150F78 
 4620      704124E4 
 4620      C208E8
 4621 0e77 85B28651 		.ascii	"\205\262\206Q\363\350\010\210\204\004\0020*:\012j\036"
 4621      F3E80888 
 4621      84040230 
 4621      2A3A0A6A 
 4621      1E
 4622 0e88 35970170 		.ascii	"5\227\001p\321\\I0{\034p\321\\c\364\204@B\002\243\346"
 4622      D15C4930 
 4622      7B1C70D1 
 4622      5C63F484 
 4622      404202A3 
 4623 0e9d 10084440 		.ascii	"\020\010D@(\036\260\356\3748`\207\347\207\247\247\004"
 4623      281EB0EE 
 4623      FC386087 
 4623      E787A7A7 
 4623      04
 4624 0eae 073A04C0 		.ascii	"\007:\004\300@\304\00598!\0005G\300!\004\001}04\004"
 4624      40C40539 
 4624      38210035 
 4624      47C02104 
 4624      017D3034 
 4625 0ec3 A4FC49DE 		.ascii	"\244\374I\336\000\015\231\2101\343\250yb\003\007\031"
 4625      000D9988 
 4625      31E3A879 
 4625      62030719 
ARM GAS  C:\Users\nicx5\AppData\Local\Temp\ccXs0mXR.s 			page 190


 4626 0ed3 424B0988 		.ascii	"BK\011\210F(Z\0325G(\342y!\003h\310Ds\350\003 \"! \030"
 4626      46285A1A 
 4626      354728E2 
 4626      79210368 
 4626      C84473E8 
 4627 0eed 45CB9CA5 		.ascii	"E\313\234\245\013\241\0267GDM\021J\270 \022\002\201"
 4627      0BA11637 
 4627      47444D11 
 4627      4AB82012 
 4627      0281
 4628 0eff A8C96304 		.ascii	"\250\311c\004\324\034\202`\202\030EG\314\0024]\020\001"
 4628      D41C8260 
 4628      82184547 
 4628      CC02345D 
 4628      1001
 4629 0f11 AD2E8884 		.ascii	"\255.\210\204\206\200\202\230M\027@GCE>CEFGDEJ\011\216"
 4629      86808298 
 4629      4D174047 
 4629      43453E43 
 4629      45464744 
 4630 0f29 9A2738C8 		.ascii	"\232'8\310\230q\004t\304\304Pc(F\214\031L\027B-\210"
 4630      98710474 
 4630      C4C45063 
 4630      28468C19 
 4630      4C17422D 
 4631 0f3e 8A940E3C 		.ascii	"\212\224\016<\020\001\022K\007\350L\340\033B\20082\002"
 4631      1001124B 
 4631      07E84CE0 
 4631      1B428038 
 4631      3202
 4632 0f50 8A0182A7 		.ascii	"\212\001\202\247\203\025L\243\346\021Q\011\000\370\010"
 4632      83154CA3 
 4632      E6115109 
 4632      00F808
 4633 0f5f 1815D068 		.ascii	"\030\025\320h\036\031\025\005M\360\030 \200\210\321"
 4633      1E191505 
 4633      4DF01820 
 4633      8088D1
 4634 0f6e C200302A 		.ascii	"\302\0000*h\216\020\001\206\021\220\205\245\217\316"
 4634      688E1001 
 4634      86119085 
 4634      A58FCE
 4635 0f7d 85260845 		.ascii	"\205&\010E*\360PS\204f\212\245\217\216\246\220\263\362"
 4635      2AF05053 
 4635      84668AA5 
 4635      8F8EA690 
 4635      B3F2
 4636 0f8f DC643299 		.ascii	"\334d2\231L&qppppp\326\234\2632W"
 4636      4C267170 
 4636      70707070 
 4636      D69CB332 
 4636      57
 4637 0fa0 98C8396B 		.ascii	"\230\3109k\211\035\026L5gU\301\223\263TS\240\310Y\225"
 4637      891D164C 
 4637      356755C1 
 4637      93B35453 
 4637      A0C85995 
ARM GAS  C:\Users\nicx5\AppData\Local\Temp\ccXs0mXR.s 			page 191


 4638 0fb4 3C394B64 		.ascii	"<9Kd2\231\\y.\016\016\316\312ssV\025;8gUQ\002\317\370"
 4638      32995C79 
 4638      2E0E0ECE 
 4638      CA737356 
 4638      153B3867 
 4639 0fcd A1516265 		.ascii	"\241Qbe\301\343\200\277 \332\031\032\232\201$\022\342"
 4639      C1E380BF 
 4639      20DA191A 
 4639      9A812412 
 4639      E2
 4640 0fde 89D1D30C 		.ascii	"\211\321\323\014\001\210\305L\215#!#\240\241\"\036\""
 4640      0188C54C 
 4640      8D232123 
 4640      A0A1221E 
 4640      22
 4641 0fef 211E9A13 		.ascii	"!\036\232\023&\224\314\0100kF\254J\025<xU\356\254\200"
 4641      2694CC08 
 4641      306B46AC 
 4641      4A153C78 
 4641      55EEAC80 
 4642 1003 4009753D 		.ascii	"@\011u=aB\211q\230J\2452\257>J\245\222\005O^Op\300\203"
 4642      61428971 
 4642      984AA532 
 4642      AF3E4AA5 
 4642      92054F5E 
 4643 101b 43AC3D37 		.ascii	"C\254=7\271\366\\\234\265\347\346\254=\367\202\265\347"
 4643      B9F65C9C 
 4643      B5E7E6AC 
 4643      3DF782B5 
 4643      E7
 4644 102c 8A587B2E 		.ascii	"\212X{.\006k\317\035\261\366\334\014\326\236\253\301"
 4644      066BCF1D 
 4644      B1F6DC0C 
 4644      D69EABC1 
 4645 103c DA734324 		.ascii	"\332sC$qr.\020\201Ar\355\301$\224L\355/@\214\200\021"
 4645      71722E10 
 4645      814172ED 
 4645      C124944C 
 4645      ED2F408C 
 4646 1052 F4D3342A 		.ascii	"\364\3234*\012\232`e\232 \241\223\227;+S\271\203\327"
 4646      0A9A6065 
 4646      9A20A193 
 4646      973B2B53 
 4646      B983D7
 4647 1065 0E56F8E0 		.ascii	"\016V\370\340U\271\356\350\344U\311\274\253Ry\217~2"
 4647      55B9EEE8 
 4647      E455C9BC 
 4647      AB52798F 
 4647      7E32
 4648 1077 40AE3C28 		.ascii	"@\256<(\230xe*Q0\363\3124\241D\261\304\253\216\011\025"
 4648      9878652A 
 4648      5130F3CA 
 4648      34A144B1 
 4648      C4AB8E09 
 4649 108c 2AF2AA63 		.ascii	"*\362\252c\202\004^\231&t\360j\202g\251cB\305\317rG"
 4649      82045E99 
 4649      2674F06A 
ARM GAS  C:\Users\nicx5\AppData\Local\Temp\ccXs0mXR.s 			page 192


 4649      8267A963 
 4649      42C5CF72 
 4650 10a1 5D75983B 		.ascii	"]u\230;?\313\035\344\272\334I\241\314\353\012\345]\227"
 4650      3FCB1DE4 
 4650      BADC49A1 
 4650      CCEB0AE5 
 4650      5D97
 4651 10b3 3B4CA552 		.ascii	";L\245R]S\224`2\225<\312\234\263\263\202\211/\010\221"
 4651      5D539460 
 4651      32953CCA 
 4651      9CB3B382 
 4651      892F0891 
 4652 10c7 C4594DF8 		.ascii	"\304YM\370\250\310\"R\244\320\301\240g\007\271D.s\217"
 4652      A8C82252 
 4652      A4D0C1A0 
 4652      6707B944 
 4652      2E738F
 4653 10da 52B944B2 		.ascii	"R\271D\262`*\225\313\254\324\361Q\241Y0w\224\312\245"
 4653      602A95CB 
 4653      ACD4F151 
 4653      A1593077 
 4653      94CAA5
 4654 10ed 3A62475D 		.ascii	":bG]\225*\224+\226\352\252\344Y\225:J\274*\231$P\350"
 4654      952A942B 
 4654      96EAAAE4 
 4654      59953A4A 
 4654      BC2A9924 
 4655 1103 A819B468 		.ascii	"\250\031\264h.\2331j\254\370YY\360\320\370\013\0204"
 4655      2E9B316A 
 4655      ACF85959 
 4655      F0D0F80B 
 4655      1034
 4656 1115 688410D1 		.ascii	"h\204\020\321\004a\306P\020\321\216\005+\230\0264\203"
 4656      0461C650 
 4656      10D18E05 
 4656      2B981634 
 4656      83
 4657 1126 8444682E 		.ascii	"\204Dh.-`\3560U(3p\032E$Px\340\201\214\020\214\212X"
 4657      2D60EE30 
 4657      55283370 
 4657      1A452450 
 4657      78E0818C 
 4658 113e 78808012 		.ascii	"x\200\200\022\032V\236\022\310\344\252\274\311\225\251"
 4658      1A569E12 
 4658      C8E4AABC 
 4658      C995A9
 4659 114d C438ABF2 		.ascii	"\3048\253\362\346\254\312\273*{x\2249D\316\022'\227"
 4659      E6ACCABB 
 4659      2A7B7894 
 4659      3944CE12 
 4659      2797
 4660 115f 257CD612 		.ascii	"%|\326\022\314\022\353\314\252<\372\301\3119\"\022\232"
 4660      CC12EBCC 
 4660      AA3CFAC1 
 4660      C9392212 
 4660      9A
 4661 1170 A15D8316 		.ascii	"\241]\203\026\037\204\310\371 \251\001\010\017>\"\251"
ARM GAS  C:\Users\nicx5\AppData\Local\Temp\ccXs0mXR.s 			page 193


 4661      1F84C8F9 
 4661      20A90108 
 4661      0F3E22A9 
 4662 1180 F4D0E380 		.ascii	"\364\320\343\200\023:\010\004\215\346\217\321\0101~"
 4662      133A0804 
 4662      8DE68FD1 
 4662      08317E
 4663 118f 86805EBC 		.ascii	"\206\200^\274\300\311\201q$\303\202 #\246\005?)tP\374"
 4663      C0C98171 
 4663      24C38220 
 4663      23A6053F 
 4663      297450FC 
 4664 11a3 D0A03102 		.ascii	"\320\2401\002\005N\216\212\025L\013d\0305E\0202Z\216"
 4664      054E8E8A 
 4664      154C0B64 
 4664      18354510 
 4664      325A8E
 4665 11b6 584DF0F4 		.ascii	"XM\360\364p\300Bu\317]\3343\227\214\230\377\254\027"
 4665      70C04275 
 4665      CF5DDC33 
 4665      978C98FF 
 4665      AC17
 4666 11c8 3E2FB5C7 		.ascii	">/\265\307\031X\033\025\251%\351yKMX\027\017\351c\225"
 4666      19581B15 
 4666      A925E979 
 4666      4B4D5817 
 4666      0FE96395 
 4667 11dc CF301FE6 		.ascii	"\3170\037\346,\331\020\027\346\347\030,\250\215\015"
 4667      2CD91017 
 4667      E6E7182C 
 4667      A88D0D
 4668 11eb DDC18E30 		.ascii	"\335\301\2160c\311\205\204\270po\214\335\364\361Ja\264"
 4668      63C98584 
 4668      B8706F8C 
 4668      DDF4F14A 
 4668      61B4
 4669 11fd E62DAA4D 		.ascii	"\346-\252M0\313Q\265\015\012\346\300\031/u}x\217=\213"
 4669      30CB51B5 
 4669      0D0AE6C0 
 4669      192F757D 
 4669      788F3D8B 
 4670 1211 E5BEFC67 		.ascii	"\345\276\374g58\034Tz\234\377>\377I\340\270wR\256\222"
 4670      35381C54 
 4670      7A9CFF3E 
 4670      FF49E0B8 
 4670      7752AE92 
 4671 1225 AD78FECB 		.ascii	"\255x\376\313~\326N`\355\004\026(\314%u\221R\261kh\324"
 4671      7ED64E60 
 4671      ED041628 
 4671      CC257591 
 4671      52B16B68 
 4672 123a 374D929E 		.ascii	"7M\222\236\371\234`\0312\366\270\203R^\246\222\365\362"
 4672      F99C6019 
 4672      32F6B883 
 4672      525EA692 
 4672      F5F2
 4673 124c F2DE4B9D 		.ascii	"\362\336K\235\203^\274\374\246\333jj\212\347\275\247"
ARM GAS  C:\Users\nicx5\AppData\Local\Temp\ccXs0mXR.s 			page 194


 4673      835EBCFC 
 4673      A6DB6A6A 
 4673      8AE7BDA7 
 4674 125c DBF2C5F0 		.ascii	"\333\362\305\360OQw\360\272\313Rr\224;,\306\327\244"
 4674      4F5177F0 
 4674      BACB5272 
 4674      943B2CC6 
 4674      D7A4
 4675 126e BD6DECAD 		.ascii	"\275m\354\255\306\246a\314F\035\020\306\214\227\305"
 4675      C6A661CC 
 4675      461D10C6 
 4675      8C97C5
 4676 127d C42DC763 		.ascii	"\304-\307c\327\300D\273\0065m\341*\321q\343\014\312"
 4676      D7C044BB 
 4676      06356DE1 
 4676      2AD171E3 
 4676      0CCA
 4677 128f 1DC68A8B 		.ascii	"\035\306\212\213\"\370d\256F\311\024#Uu\270\017_\001"
 4677      22F864AE 
 4677      46C91423 
 4677      5575B80F 
 4677      5F01
 4678 12a1 A363EFB1 		.ascii	"\243c\357\261M\331\006t\356t\270\360\003\227Ra\205\301"
 4678      4DD90674 
 4678      EE74B8F0 
 4678      03975261 
 4678      85C1
 4679 12b3 266F68FA 		.ascii	"&oh\372+\011\3561Q{\233\347\270\266,\247\237{+\361D"
 4679      2B09EE31 
 4679      517B9BE7 
 4679      B8B62CA7 
 4679      9F7B2BF1 
 4680 12c8 99A4DB99 		.ascii	"\231\244\333\231\365\201\002\325\233a\226z\226\2532"
 4680      F58102D5 
 4680      9B61967A 
 4680      96AB32
 4681 12d7 9325914D 		.ascii	"\223%\221M\314\377\204\002\205\017\250\323b\345q\246"
 4681      CCFF8402 
 4681      850FA8D3 
 4681      62E571A6 
 4682 12e7 08994404 		.ascii	"\010\231D\004\231\232\231\231$Ic\203\026@PPl.\326D\321"
 4682      999A9999 
 4682      24496383 
 4682      16405050 
 4682      6C2ED644 
 4683 12fc EC1300CF 		.ascii	"\354\023\000\317f\343\331\210\022\032dH\231!\021!\005"
 4683      66E3D988 
 4683      121A6448 
 4683      99211121 
 4683      05
 4684 130d 25A95598 		.ascii	"%\251U\230\306\367W\300\030\273.'7\000\311\356U\036"
 4684      C6F757C0 
 4684      18BB2E27 
 4684      3700C9EE 
 4684      551E
 4685 131f 37997EB3 		.ascii	"7\231~\263K1b9\323B1\236p\343EK/\207&\207\334\303k\217"
 4685      4B316239 
ARM GAS  C:\Users\nicx5\AppData\Local\Temp\ccXs0mXR.s 			page 195


 4685      D342319E 
 4685      70E3454B 
 4685      2F872687 
 4686 1337 DD1F7FED 		.ascii	"\335\037\177\355\030\205O\341\327`\360W9\371\251\023"
 4686      18854FE1 
 4686      D760F057 
 4686      39F9A913 
 4687 1347 CA5DA7F6 		.ascii	"\312]\247\366\241\344\025eN\257'\3533cz\230\010\221"
 4687      A1E41565 
 4687      4EAF27EB 
 4687      33637A98 
 4687      0891
 4688 1359 5B21C8E4 		.ascii	"[!\310\344=G2JG\350\011Q?\365\347\311H\222:\312\227"
 4688      3D47324A 
 4688      47E80951 
 4688      3FF5E7C9 
 4688      48923ACA 
 4689 136e FD5C6317 		.ascii	"\375\\c\027\360)\221XNMI\360\031%d\262!\027\240@\231"
 4689      F0299158 
 4689      4E4D49F0 
 4689      192564B2 
 4689      2117A040 
 4690 1383 B11CF5F6 		.ascii	"\261\034\365\366b\"\202>t!zL\301\255\031\316\255\250"
 4690      6222823E 
 4690      74217A4C 
 4690      C1AD19CE 
 4690      ADA8
 4691 1395 897BF727 		.ascii	"\211{\367'>\266P\244\246\2238\273\220\036\242s \231"
 4691      3EB650A4 
 4691      A69338BB 
 4691      901EA273 
 4691      2099
 4692 13a7 D21596F0 		.ascii	"\322\025\226\360\374p\311L\376\263~\250L5\211o\260\351"
 4692      FC70C94C 
 4692      FEB37EA8 
 4692      4C35896F 
 4692      B0E9
 4693 13b9 4356CC14 		.ascii	"CV\314\024\275y\344\366J\334\204\375\026\225\366e\233"
 4693      BD79E4F6 
 4693      4ADC84FD 
 4693      1695F665 
 4693      9B
 4694 13ca 759D790A 		.ascii	"u\235y\012guJ\267\332\032\035H\276\010\223\340v\235"
 4694      67754AB7 
 4694      DA1A1D48 
 4694      BE0893E0 
 4694      769D
 4695 13dc A62614AB 		.ascii	"\246&\024\253\354by\210n\021\335\216\372\231K#\306\356"
 4695      EC627988 
 4695      6E11DD8E 
 4695      FA994B23 
 4695      C6EE
 4696 13ee 571C76B7 		.ascii	"W\034v\2672\023T\344\210\327\366\272\366\020+\006\226"
 4696      321354E4 
 4696      88D7F6BA 
 4696      F6102B06 
 4696      96
ARM GAS  C:\Users\nicx5\AppData\Local\Temp\ccXs0mXR.s 			page 196


 4697 13ff 76A41C69 		.ascii	"v\244\034i\314\006\364\356\364P\234\303^ \211\341\224"
 4697      CC06F4EE 
 4697      F4509CC3 
 4697      5E2089E1 
 4697      94
 4698 1410 3BFD4F4D 		.ascii	";\375OMif\210m\307\341a6\321\004\240\357\267~\233\261"
 4698      6966886D 
 4698      C7E16136 
 4698      D104A0EF 
 4698      B77E9BB1 
 4699 1424 916987D0 		.ascii	"\221i\207\320|N\204P\"\326%\201\316\021:[\300\014\022"
 4699      7C4E8450 
 4699      22D62581 
 4699      CE113A5B 
 4699      C00C12
 4700 1437 074E1792 		.ascii	"\007N\027\222#C\220y\270-z^\345\307\352nh\002\374\036"
 4700      23439079 
 4700      B82D7A5E 
 4700      E5C7EA6E 
 4700      6802FC1E 
 4701 144b C39CFD61 		.ascii	"\303\234\375a\012#\261\345mw\006\241\024\033\356&\024"
 4701      0A23B1E5 
 4701      6D7706A1 
 4701      141BEE26 
 4701      14
 4702 145c 5AA5B854 		.ascii	"Z\245\270T3\302\333\036\204\032\024\177i\323\227\376"
 4702      33C2DB1E 
 4702      841A147F 
 4702      69D397FE 
 4703 146c 9090FF73 		.ascii	"\220\220\377s\331\363X\002.\204\004]/\365\337\300\240"
 4703      D9F35802 
 4703      2E84045D 
 4703      2FF5DFC0 
 4703      A0
 4704 147d F9B80289 		.ascii	"\371\270\002\211\243\014\223\212\332\350$(\310\300\034"
 4704      A30C938A 
 4704      DAE82428 
 4704      C8C01C
 4705 148c A1BFE7F9 		.ascii	"\241\277\347\371z\230\201\212\226\222|\347h\256C\326"
 4705      7A98818A 
 4705      96927CE7 
 4705      68AE43D6 
 4706 149c 148BC4C9 		.ascii	"\024\213\304\311 ju\013[\237\215\306Z'\243\321\327/"
 4706      206A750B 
 4706      5B9F8DC6 
 4706      5A27A3D1 
 4706      D72F
 4707 14ae 2C018B46 		.ascii	",\001\213F\033Ds}\013@4aTV\245\353\240\322\222\272\330"
 4707      1B44737D 
 4707      0B403461 
 4707      5456A5EB 
 4707      A0D292BA 
 4708 14c3 8B39A3CB 		.ascii	"\2139\243\313\243\231no\247\232\351\344=e\317\343\233"
 4708      A3996E6F 
 4708      A79AE9E4 
 4708      3D65CFE3 
 4708      9B
ARM GAS  C:\Users\nicx5\AppData\Local\Temp\ccXs0mXR.s 			page 197


 4709 14d4 EC4BAC44 		.ascii	"\354K\254DE\013\366\011\375;\220\335\007X\346\313\211"
 4709      450BF609 
 4709      FD3B90DD 
 4709      0758E6CB 
 4709      89
 4710 14e5 950342E4 		.ascii	"\225\003B\344\342\202'\311\265\214\\g\270\360S\357\373"
 4710      E28227C9 
 4710      B58C5C67 
 4710      B8F053EF 
 4710      FB
 4711 14f6 9411C52C 		.ascii	"\224\021\305,c\267\336\362z4\353\215\260\334 ,\370\323"
 4711      63B7DEF2 
 4711      7A34EB8D 
 4711      B0DC202C 
 4711      F8D3
 4712 1508 642B0599 		.ascii	"d+\005\231\310Y&\377\026\247\232\033\325\271?\247\015"
 4712      C85926FF 
 4712      16A79A1B 
 4712      D5B93FA7 
 4712      0D
 4713 1519 5161BA02 		.ascii	"Qa\272\002'I\302\225\232\247;anz\000!p\021U\364\310"
 4713      2749C295 
 4713      9AA73B61 
 4713      6E7A0021 
 4713      701155F4 
 4714 152e 7333844F 		.ascii	"s3\204O\321k, r\321v\335\365\031m\207\333:r\352\302"
 4714      D16B2C20 
 4714      72D176DD 
 4714      F5196D87 
 4714      DB3A72EA 
 4715 1543 1A80CAEF 		.ascii	"\032\200\312\357\004\200/\016\325\253\353\210\021\320"
 4715      04802F0E 
 4715      D5ABEB88 
 4715      11D0
 4716 1551 33C8D259 		.ascii	"3\310\322Y^\372\375\331\001\036E\363\325sf\330\3251"
 4716      5EFAFDD9 
 4716      011E45F3 
 4716      D57366D8 
 4716      D531
 4717 1563 1B5A00BF 		.ascii	"\033Z\000\277\033>A\003\357`;\015\023\2110\036\274\034"
 4717      1B3E4103 
 4717      EF603B0D 
 4717      1389301E 
 4717      BC1C
 4718 1575 85861E24 		.ascii	"\205\206\036$\211\217\215\203;n\027\000\327\013\310"
 4718      898F8D83 
 4718      3B6E1700 
 4718      D70BC8
 4719 1584 717AFABE 		.ascii	"qz\372\276\350\372Vl\032@`o\242O\371\230\352\013 \010"
 4719      E8FA566C 
 4719      1A40606F 
 4719      A24FF998 
 4719      EA0B2008 
 4720 1598 1AF487CF 		.ascii	"\032\364\207\317\011\3739\361b\000\254\254\312\243\213"
 4720      09FB39F1 
 4720      6200ACAC 
 4720      CAA38B
ARM GAS  C:\Users\nicx5\AppData\Local\Temp\ccXs0mXR.s 			page 198


 4721 15a7 C3E8D116 		.ascii	"\303\350\321\026\371$\215pP\262kQ\314\361\031\236\222"
 4721      F9248D70 
 4721      50B26B51 
 4721      CCF1199E 
 4721      92
 4722 15b8 2A1A1803 		.ascii	"*\032\030\0034\243\356c\372\321\247O\011\017\275\200"
 4722      34A3EE63 
 4722      FAD1A74F 
 4722      090FBD80 
 4723 15c8 4C75085E 		.ascii	"Lu\010^\376o\366\3507\313d:\200B{g\024_\007s\236\030"
 4723      FE6FF6E8 
 4723      37CB643A 
 4723      80427B67 
 4723      145F0773 
 4724 15de 3F78867F 		.ascii	"?x\206\177\256\303\272O\012\274!\265\216|\357\177q\343"
 4724      AEC3BA4F 
 4724      0ABC21B5 
 4724      8E7CEF7F 
 4724      71E3
 4725 15f0 08D811C1 		.ascii	"\010\330\021\301oYo\361j\361|;Y\"\352\327\376\207\270"
 4725      6F596FF1 
 4725      6AF17C3B 
 4725      5922EAD7 
 4725      FE87B8
 4726 1603 291ED9AF 		.ascii	")\036\331\257\221rw^\362\011j\245\201\302c\017C\305"
 4726      9172775E 
 4726      F2096AA5 
 4726      81C2630F 
 4726      43C5
 4727 1615 13F3B340 		.ascii	"\023\363\263@j\326\223\252y\346\210\227\334lN\373\206"
 4727      6AD693AA 
 4727      79E68897 
 4727      DC6C4EFB 
 4727      86
 4728 1626 A2805DED 		.ascii	"\242\200]\355\222\234u\3636\347\243\337\357ZVi\357I"
 4728      929C75F3 
 4728      36E7A3DF 
 4728      EF5A5669 
 4728      EF49
 4729 1638 4199F232 		.ascii	"A\231\3622\325\206\334\220\324\377\237\"\004\355G:\303"
 4729      D586DC90 
 4729      D4FF9F22 
 4729      04ED473A 
 4729      C3
 4730 1649 4B16D646 		.ascii	"K\026\326F\304Sg/g\201\314\206\255\250\002\177,\275"
 4730      C453672F 
 4730      6781CC86 
 4730      ADA8027F 
 4730      2CBD
 4731 165b C8805DB3 		.ascii	"\310\200]\263\334\216l\010\307\234\340\000\242\243z"
 4731      DC8E6C08 
 4731      C79CE000 
 4731      A2A37A
 4732 166a 9BFD6392 		.ascii	"\233\375c\222\011\024:A\022'Vw\320\243\324Bn\206c!\332"
 4732      09143A41 
 4732      12275677 
 4732      D0A3D442 
ARM GAS  C:\Users\nicx5\AppData\Local\Temp\ccXs0mXR.s 			page 199


 4732      6E866321 
 4733 167f 2A1854F6 		.ascii	"*\030T\366e\254\241\306\316+M\3523\320~e\345e)\336\005"
 4733      65ACA1C6 
 4733      CE2B4DEA 
 4733      33D07E65 
 4733      E56529DE 
 4734 1694 5149FC20 		.ascii	"QI\374 \025\312p\333\346\214\002\236\214\347\"8J7\274"
 4734      15CA70DB 
 4734      E68C029E 
 4734      8CE72238 
 4734      4A37BC
 4735 16a7 628AB18F 		.ascii	"b\212\261\217K\226\034\177\014\372\234\207\240\223x"
 4735      4B961C7F 
 4735      0CFA9C87 
 4735      A09378
 4736 16b6 CCE86D81 		.ascii	"\314\350m\201<\340j~\357=\020\225\271:d\221p\255\276"
 4736      3CE06A7E 
 4736      EF3D1095 
 4736      B93A6491 
 4736      70ADBE
 4737 16c9 D59519E7 		.ascii	"\325\225\031\347r\211\255\331E:rUJ\256\334J\364\241"
 4737      7289ADD9 
 4737      453A7255 
 4737      4AAEDC4A 
 4737      F4A1
 4738 16db B4B310C7 		.ascii	"\264\263\020\307F\252\246r\303\375\032\177\305C\372"
 4738      46AAA672 
 4738      C3FD1A7F 
 4738      C543FA
 4739 16ea 9865FD24 		.ascii	"\230e\375$\037\212\257b\303\"\361\365\001\027'\367\223"
 4739      1F8AAF62 
 4739      C322F1F5 
 4739      011727F7 
 4739      93
 4740 16fb 9D7F3284 		.ascii	"\235\1772\204N\240\376@\002\373\223S\356\323\343\316"
 4740      4EA0FE40 
 4740      02FB9353 
 4740      EED3E3CE 
 4741 170b 1B50DEE7 		.ascii	"\033P\336\347\374 *\371_t\007\327;|\372(.\276\241\221"
 4741      FC202AF9 
 4741      5F7407D7 
 4741      3B7CFA28 
 4741      2EBEA191 
 4742 171f 8C58B21F 		.ascii	"\214X\262\037\372\317\0270\214\203w\265H\204\356\375"
 4742      FACF1730 
 4742      8C8377B5 
 4742      4884EEFD 
 4743 172f BDD547A2 		.ascii	"\275\325G\242Z:\351\276\027\377\024\023\212\377\304"
 4743      5A3AE9BE 
 4743      17FF1413 
 4743      8AFFC4
 4744 173e 7E0384E5 		.ascii	"~\003\204\345\367\370)c)\365a\252 \243\007\250/\300"
 4744      F7F82963 
 4744      29F561AA 
 4744      20A307A8 
 4744      2FC0
 4745 1750 C4218B9E 		.ascii	"\304!\213\236\235\330V\254\036_\320f@\241\237\340\307"
ARM GAS  C:\Users\nicx5\AppData\Local\Temp\ccXs0mXR.s 			page 200


 4745      9DD856AC 
 4745      1E5FD066 
 4745      40A19FE0 
 4745      C7
 4746 1761 29F1FC09 		.ascii	")\361\374\011J\366(\214\300\333%@A\314\276"
 4746      4AF6288C 
 4746      C0DB2540 
 4746      41CCBE
 4747 1770 60A7B909 		.ascii	"`\247\271\011'\264\334\341Z\3151\351'\265n\003\360E"
 4747      27B4DCE1 
 4747      5ACD31E9 
 4747      27B56E03 
 4747      F045
 4748 1782 27441C5F 		.ascii	"'D\034_m\316n\257\2269L\370\0078q\277\207\377\013\355"
 4748      6DCE6EAF 
 4748      96394CF8 
 4748      073871BF 
 4748      87FF0BED 
 4749 1796 C8202159 		.ascii	"\310 !Y\245p\370\261\0343n.\361\177\342\330\337\375"
 4749      A570F8B1 
 4749      1C336E2E 
 4749      F17FE2D8 
 4749      DFFD
 4750 17a8 E631717B 		.ascii	"\3461q{\266\224[w\031\002~\012\012\351B\330P\247>\344"
 4750      B6945B77 
 4750      19027E0A 
 4750      0AE942D8 
 4750      50A73EE4 
 4751 17bc 7645D24A 		.ascii	"vE\322J\357:M\221\0117\331l\034\361eh\234k1x\226B\262"
 4751      EF3A4D91 
 4751      0937D96C 
 4751      1CF16568 
 4751      9C6B3178 
 4752 17d3 F0274F03 		.ascii	"\360'O\003k\253\032X\331L\014\244\010\014\267\016\216"
 4752      6BAB1A58 
 4752      D94C0CA4 
 4752      080CB70E 
 4752      8E
 4753 17e4 7D8115DB 		.ascii	"}\201\025\333\"\015>\337\001by>D3\235\032\004\260\""
 4753      220D3EDF 
 4753      0162793E 
 4753      44339D1A 
 4753      04B022
 4754 17f7 3443E0FF 		.ascii	"4C\340\377\007fl\343s\\\0130\315E\030\013\203\242\353"
 4754      07666CE3 
 4754      735C0B30 
 4754      CD45180B 
 4754      83A2EB
 4755 180a 13C03DD3 		.ascii	"\023\300=\323\330\213\307\362\343\272\200\243\220\220"
 4755      D88BC7F2 
 4755      E3BA80A3 
 4755      9090
 4756 1818 C978CFF9 		.ascii	"\311x\317\371\213\214Rn\033,\244\006\274\036\312\337"
 4756      8B8C526E 
 4756      1B2CA406 
 4756      BC1ECADF 
 4757 1828 D862EAA5 		.ascii	"\330b\352\245\246\000\030NA\272\025\300\266,\016W\361"
ARM GAS  C:\Users\nicx5\AppData\Local\Temp\ccXs0mXR.s 			page 201


 4757      A600184E 
 4757      41BA15C0 
 4757      B62C0E57 
 4757      F1
 4758 1839 BCC0AB30 		.ascii	"\274\300\2530A\336\017\252!N/\255g;\015;\336[\321\023"
 4758      41DE0FAA 
 4758      214E2FAD 
 4758      673B0D3B 
 4758      DE5BD113 
 4759 184d 01851484 		.ascii	"\001\205\024\204{E\367C\327Mb\035\260\306>\200\217\270"
 4759      7B45F743 
 4759      D74D621D 
 4759      B0C63E80 
 4759      8FB8
 4760 185f F92744F2 		.ascii	"\371'D\362\021C\016\230\3754\034\320\362\035\361\332"
 4760      11430E98 
 4760      FD341CD0 
 4760      F21DF1DA 
 4761 186f 3BC2D52A 		.ascii	";\302\325*\016\333\000\376\242\320kjXl\373\365\277\300"
 4761      0EDB00FE 
 4761      A2D06B6A 
 4761      586CFBF5 
 4761      BFC0
 4762 1881 F59F21A0 		.ascii	"\365\237!\240 \034,o\311\012\243\240\371\226\272n\222"
 4762      201C2C6F 
 4762      C90AA3A0 
 4762      F996BA6E 
 4762      92
 4763 1892 74CAF0C8 		.ascii	"t\312\360\310\027\010\343\207\305\244\327a\371\244\226"
 4763      1708E387 
 4763      C5A4D761 
 4763      F9A496
 4764 18a1 308AA308 		.ascii	"0\212\243\010\024\314\266?\"\274\015\012\022\323\260"
 4764      14CCB63F 
 4764      22BC0D0A 
 4764      12D3B0
 4765 18b0 83A59158 		.ascii	"\203\245\221XNb/\201\373K_\333\252H\215G\222\0368,\336"
 4765      4E622F81 
 4765      FB4B5FDB 
 4765      AA488D47 
 4765      921E382C 
 4766 18c5 BF262CDA 		.ascii	"\277&,\332^\375\367\331\257\273\256\334\301\272\351"
 4766      5EFDF7D9 
 4766      AFBBAEDC 
 4766      C1BAE9
 4767 18d4 6B988B54 		.ascii	"k\230\213T\316\020\214\314R\3135\361h\2745]\232\023"
 4767      CE108CCC 
 4767      52CB35F1 
 4767      68BC355D 
 4767      9A13
 4768 18e6 37533D17 		.ascii	"7S=\027\266\370\301\351\271f\307y\257\024\251V\356G"
 4768      B6F8C1E9 
 4768      B966C779 
 4768      AF14A956 
 4768      EE47
 4769 18f8 5DA97426 		.ascii	"]\251t&\272n\005\322R!\216&\343\343Ml\231\365\201\376"
 4769      BA6E05D2 
ARM GAS  C:\Users\nicx5\AppData\Local\Temp\ccXs0mXR.s 			page 202


 4769      52218E26 
 4769      E3E34D6C 
 4769      99F581FE 
 4770 190c DC3B0FAD 		.ascii	"\334;\017\255%o\012\002\342\262s\011mC\357\325\013`"
 4770      256F0A02 
 4770      E2B27309 
 4770      6D43EFD5 
 4770      0B60
 4771 191e 4DAA22C9 		.ascii	"M\252\"\311Q\004\215t\"\372Nnf\274\265\375@VA\322\\"
 4771      51048D74 
 4771      22FA4E6E 
 4771      66BCB5FD 
 4771      405641D2 
 4772 1933 6D017BD3 		.ascii	"m\001{\323\033\315\033@v\236\314\336\002\251q,+\271"
 4772      1BCD1B40 
 4772      769ECCDE 
 4772      02A9712C 
 4772      2BB9
 4773 1945 1E02D913 		.ascii	"\036\002\331\023\011\211\322\274\304\312/\034)\337\305"
 4773      0989D2BC 
 4773      C4CA2F1C 
 4773      29DFC5
 4774 1954 74327313 		.ascii	"t2s\023o\226\351\316\205\253K\302QN\010<j'\005\245\364"
 4774      6F96E9CE 
 4774      85AB4BC2 
 4774      514E083C 
 4774      6A2705A5 
 4775 1969 CB0CBFAD 		.ascii	"\313\014\277\255\010\346\340\275{/\304*\315\250\005"
 4775      08E6E0BD 
 4775      7B2FC42A 
 4775      CDA805
 4776 1978 92AFE254 		.ascii	"\222\257\342T\346\246f\001\320\272\002\370S\177&K\333"
 4776      E6A66601 
 4776      D0BA02F8 
 4776      537F264B 
 4776      DB
 4777 1989 6BE29821 		.ascii	"k\342\230!\025\210\305\\jh/\216\277_)\\\255\006j4\013"
 4777      1588C55C 
 4777      6A682F8E 
 4777      BF5F295C 
 4777      AD066A34 
 4778 199e 19AA8926 		.ascii	"\031\252\211&\251\034!\"\303X\006@\002\302\272\355\355"
 4778      A91C2122 
 4778      C3580640 
 4778      02C2BAED 
 4778      ED
 4779 19af 2932ABCA 		.ascii	")2\253\3126\365QU}.\000\312\027g\321\243\021\360\025"
 4779      36F55155 
 4779      7D2E00CA 
 4779      1767D1A3 
 4779      11F015
 4780 19c2 1F2BE935 		.ascii	"\037+\3515;\0144\241\256'\362\364q\220\022\321\305\017"
 4780      3B0C34A1 
 4780      AE27F2F4 
 4780      719012D1 
 4780      C50F
 4781 19d4 279552B9 		.ascii	"'\225R\271\365\225\212\216\021\005<\277\365\202\322"
ARM GAS  C:\Users\nicx5\AppData\Local\Temp\ccXs0mXR.s 			page 203


 4781      F5958A8E 
 4781      11053CBF 
 4781      F582D2
 4782 19e3 483CCAFF 		.ascii	"H<\312\3779\346\264\367\236 \317\370\205\362H\233]\332"
 4782      39E6B4F7 
 4782      9E20CFF8 
 4782      85F2489B 
 4782      5DDA
 4783 19f5 C973CC83 		.ascii	"\311s\314\203k>\242\025\027\212\273\364\267+\356\036"
 4783      6B3EA215 
 4783      178ABBF4 
 4783      B72BEE1E 
 4784 1a05 D211F4C3 		.ascii	"\322\021\364\303\031[x\336\357\247\347[9\236\264\204"
 4784      195B78DE 
 4784      EFA7E75B 
 4784      399EB484 
 4785 1a15 06822D11 		.ascii	"\006\202-\021-D\033\230\316\201\201;\010G1V\002\323"
 4785      2D441B98 
 4785      CE81813B 
 4785      08473156 
 4785      02D3
 4786 1a27 268E1284 		.ascii	"&\216\022\204:\207h\3629\200\363\351-z\204D\300\007"
 4786      3A8768F2 
 4786      3980F3E9 
 4786      2D7A8444 
 4786      C007
 4787 1a39 6284682E 		.ascii	"b\204h.\002\375\316\366qb\342\251\331\345\332\3731\212"
 4787      02FDCEF6 
 4787      7162E2A9 
 4787      D9E5DAFB 
 4787      318A
 4788 1a4b 930D6C1C 		.ascii	"\223\015l\034\277\352\37188\371n]\017\344^\345\016\272"
 4788      BFEAF938 
 4788      38F96E5D 
 4788      0FE45EE5 
 4788      0EBA
 4789 1a5d 16B78E15 		.ascii	"\026\267\216\025R\203\263\013\271\373\244\207F\006\276"
 4789      5283B30B 
 4789      B9FBA487 
 4789      4606BE
 4790 1a6c 129E13F9 		.ascii	"\022\236\023\371\267;P\375F1\200\231\003\350\220\315"
 4790      B73B50FD 
 4790      46318099 
 4790      03E890CD 
 4791 1a7c 213B499A 		.ascii	"!;I\232\371\015\242~\247\025|qn\"E\216I\211\310}D\324"
 4791      F90DA27E 
 4791      A7157C71 
 4791      6E22458E 
 4791      4989C87D 
 4792 1a92 AEF410D6 		.ascii	"\256\364\020\326\3005\303\332eT\373\037\252L\352\370"
 4792      C035C3DA 
 4792      6554FB1F 
 4792      AA4CEAF8 
 4793 1aa2 2E8A3D9D 		.ascii	".\212=\235=q\221\030\307\302g\010\211\335\201Z\034U"
 4793      3D719118 
 4793      C7C26708 
 4793      89DD815A 
ARM GAS  C:\Users\nicx5\AppData\Local\Temp\ccXs0mXR.s 			page 204


 4793      1C55
 4794 1ab4 18120C03 		.ascii	"\030\022\014\003N\303\001\336\251\201\264@\230\020\213"
 4794      4EC301DE 
 4794      A981B440 
 4794      98108B
 4795 1ac3 D48AEE24 		.ascii	"\324\212\356$t\374\006\367\301:?\316\255\304\034>O\250"
 4795      74FC06F7 
 4795      C13A3FCE 
 4795      ADC41C3E 
 4795      4FA8
 4796 1ad5 B042AA2C 		.ascii	"\260B\252,\023\004r1;\003sV\011\010\267\337\370]T\177"
 4796      13047231 
 4796      3B037356 
 4796      0908B7DF 
 4796      F85D547F 
 4797 1ae9 30A6D807 		.ascii	"0\246\330\007\312\362[\"~9Bn\257\241\337\350\266\272"
 4797      CAF25B22 
 4797      7E39426E 
 4797      AFA1DFE8 
 4797      B6BA
 4798 1afb 6DE8FC31 		.ascii	"m\350\3741\177\026Y\017\343\312p\027\202v5\320\247\244"
 4798      7F16590F 
 4798      E3CA7017 
 4798      827635D0 
 4798      A7A4
 4799 1b0d 710DAB3F 		.ascii	"q\015\253?\343\256\222}\244\313\316\035\275\020\375"
 4799      E3AE927D 
 4799      A4CBCE1D 
 4799      BD10FD
 4800 1b1c 700E6644 		.ascii	"p\016fDq+\376R\212\243\274\312\346I\365?i\321\202;\""
 4800      712BFE52 
 4800      8AA3BCCA 
 4800      E649F53F 
 4800      69D1823B 
 4801 1b31 5A0D270B 		.ascii	"Z\015'\013\340\032\347\355\261\017g\216;\255\250vq\272"
 4801      E01AE7ED 
 4801      B10F678E 
 4801      3BADA876 
 4801      71BA
 4802 1b43 8D51FF5C 		.ascii	"\215Q\377\\\232\363w\036\0368:<\003\266\3778{\022\017"
 4802      9AF3771E 
 4802      1E383A3C 
 4802      03B6FF38 
 4802      7B120F
 4803 1b56 3360923A 		.ascii	"3`\222:\226\314\177\343\377\020\206\241G\3621p\216{"
 4803      96CC7FE3 
 4803      FF1086A1 
 4803      47F23170 
 4803      8E7B
 4804 1b68 0C2B1D31 		.ascii	"\014+\0351\345\376R$\324;D\017&\307\353K\355\361#\357"
 4804      E5FE5224 
 4804      D43B440F 
 4804      26C7EB4B 
 4804      EDF123EF 
 4805 1b7c F2B71047 		.ascii	"\362\267\020G}{\302O}]\302\357\234\306\374\033\317g"
 4805      7D7BC24F 
 4805      7D5DC2EF 
ARM GAS  C:\Users\nicx5\AppData\Local\Temp\ccXs0mXR.s 			page 205


 4805      9CC6FC1B 
 4805      CF67
 4806 1b8e C5E9C4BD 		.ascii	"\305\351\304\275.\026\337<\234\262\274\037\376z5\340"
 4806      2E16DF3C 
 4806      9CB2BC1F 
 4806      FE7A35E0 
 4807 1b9e 3AFFF5F7 		.ascii	":\377\365\367Tt\357\374o@\234\256\036g\245Qq;\311\324"
 4807      5474EFFC 
 4807      6F409CAE 
 4807      1E67A551 
 4807      713BC9D4 
 4808 1bb2 10E6E53A 		.ascii	"\020\346\345:\316@\262\247\020\026\373\274|U\367\212"
 4808      CE40B2A7 
 4808      1016FBBC 
 4808      7C55F78A 
 4809 1bc2 DCF74B8F 		.ascii	"\334\367K\217\334\240\216Q'\006<\364\272+s\362\020\350"
 4809      DCA08E51 
 4809      27063CF4 
 4809      BA2B73F2 
 4809      10E8
 4810 1bd4 46685F1F 		.ascii	"Fh_\037O\012q\332pg8\365\267[a\261\237\326\371\000f"
 4810      4F0A71DA 
 4810      706738F5 
 4810      B75B61B1 
 4810      9FD6F900 
 4811 1be9 7003AC2C 		.ascii	"p\003\254,\0026f\320\003\264\331]\364\031s\323\207x"
 4811      023666D0 
 4811      03B4D95D 
 4811      F41973D3 
 4811      8778
 4812 1bfb B654BD17 		.ascii	"\266T\275\027\3421\327!{\033\327\004\027\025\346\311"
 4812      E231D721 
 4812      7B1BD704 
 4812      1715E6C9 
 4813 1c0b 626C3C4D 		.ascii	"bl<Mc\371c\372\265\242\357e\366\010V\267\257\346\337"
 4813      63F963FA 
 4813      B5A2EF65 
 4813      F60856B7 
 4813      AFE6DF
 4814 1c1e B7CC395D 		.ascii	"\267\3149]&d\230\206\322\025"
 4814      26649886 
 4814      D215
 4815              		.text
 4816              		.section	.gnu.lto_.symtab.1f2f2586,"e",%progbits
 4817 0000 48414C5F 		.ascii	"HAL_PWREx_ConfigSupply\000"
 4817      50575245 
 4817      785F436F 
 4817      6E666967 
 4817      53757070 
 4818 0017 00       		.ascii	"\000"
 4819 0018 00       		.ascii	"\000"
 4820 0019 00       		.ascii	"\000"
 4821 001a 00000000 		.ascii	"\000\000\000\000\000\000\000\000"
 4821      00000000 
 4822 0022 58020000 		.ascii	"X\002\000\000"
 4823 0026 48414C5F 		.ascii	"HAL_PWREx_GetSupplyConfig\000"
 4823      50575245 
ARM GAS  C:\Users\nicx5\AppData\Local\Temp\ccXs0mXR.s 			page 206


 4823      785F4765 
 4823      74537570 
 4823      706C7943 
 4824 0040 00       		.ascii	"\000"
 4825 0041 00       		.ascii	"\000"
 4826 0042 00       		.ascii	"\000"
 4827 0043 00000000 		.ascii	"\000\000\000\000\000\000\000\000"
 4827      00000000 
 4828 004b 5B020000 		.ascii	"[\002\000\000"
 4829 004f 48414C5F 		.ascii	"HAL_PWREx_ControlVoltageScaling\000"
 4829      50575245 
 4829      785F436F 
 4829      6E74726F 
 4829      6C566F6C 
 4830 006f 00       		.ascii	"\000"
 4831 0070 00       		.ascii	"\000"
 4832 0071 00       		.ascii	"\000"
 4833 0072 00000000 		.ascii	"\000\000\000\000\000\000\000\000"
 4833      00000000 
 4834 007a 5D020000 		.ascii	"]\002\000\000"
 4835 007e 48414C5F 		.ascii	"HAL_PWREx_GetVoltageRange\000"
 4835      50575245 
 4835      785F4765 
 4835      74566F6C 
 4835      74616765 
 4836 0098 00       		.ascii	"\000"
 4837 0099 00       		.ascii	"\000"
 4838 009a 00       		.ascii	"\000"
 4839 009b 00000000 		.ascii	"\000\000\000\000\000\000\000\000"
 4839      00000000 
 4840 00a3 5F020000 		.ascii	"_\002\000\000"
 4841 00a7 48414C5F 		.ascii	"HAL_PWREx_ControlStopModeVoltageScaling\000"
 4841      50575245 
 4841      785F436F 
 4841      6E74726F 
 4841      6C53746F 
 4842 00cf 00       		.ascii	"\000"
 4843 00d0 00       		.ascii	"\000"
 4844 00d1 00       		.ascii	"\000"
 4845 00d2 00000000 		.ascii	"\000\000\000\000\000\000\000\000"
 4845      00000000 
 4846 00da 61020000 		.ascii	"a\002\000\000"
 4847 00de 48414C5F 		.ascii	"HAL_PWREx_GetStopModeVoltageRange\000"
 4847      50575245 
 4847      785F4765 
 4847      7453746F 
 4847      704D6F64 
 4848 0100 00       		.ascii	"\000"
 4849 0101 00       		.ascii	"\000"
 4850 0102 00       		.ascii	"\000"
 4851 0103 00000000 		.ascii	"\000\000\000\000\000\000\000\000"
 4851      00000000 
 4852 010b 63020000 		.ascii	"c\002\000\000"
 4853 010f 48414C5F 		.ascii	"HAL_PWREx_EnterSTOPMode\000"
 4853      50575245 
 4853      785F456E 
 4853      74657253 
ARM GAS  C:\Users\nicx5\AppData\Local\Temp\ccXs0mXR.s 			page 207


 4853      544F504D 
 4854 0127 00       		.ascii	"\000"
 4855 0128 00       		.ascii	"\000"
 4856 0129 00       		.ascii	"\000"
 4857 012a 00000000 		.ascii	"\000\000\000\000\000\000\000\000"
 4857      00000000 
 4858 0132 47020000 		.ascii	"G\002\000\000"
 4859 0136 48414C5F 		.ascii	"HAL_PWREx_ClearPendingEvent\000"
 4859      50575245 
 4859      785F436C 
 4859      65617250 
 4859      656E6469 
 4860 0152 00       		.ascii	"\000"
 4861 0153 00       		.ascii	"\000"
 4862 0154 00       		.ascii	"\000"
 4863 0155 00000000 		.ascii	"\000\000\000\000\000\000\000\000"
 4863      00000000 
 4864 015d 66020000 		.ascii	"f\002\000\000"
 4865 0161 48414C5F 		.ascii	"HAL_PWREx_EnterSTANDBYMode\000"
 4865      50575245 
 4865      785F456E 
 4865      74657253 
 4865      54414E44 
 4866 017c 00       		.ascii	"\000"
 4867 017d 00       		.ascii	"\000"
 4868 017e 00       		.ascii	"\000"
 4869 017f 00000000 		.ascii	"\000\000\000\000\000\000\000\000"
 4869      00000000 
 4870 0187 4F020000 		.ascii	"O\002\000\000"
 4871 018b 48414C5F 		.ascii	"HAL_PWREx_ConfigD3Domain\000"
 4871      50575245 
 4871      785F436F 
 4871      6E666967 
 4871      4433446F 
 4872 01a4 00       		.ascii	"\000"
 4873 01a5 00       		.ascii	"\000"
 4874 01a6 00       		.ascii	"\000"
 4875 01a7 00000000 		.ascii	"\000\000\000\000\000\000\000\000"
 4875      00000000 
 4876 01af 68020000 		.ascii	"h\002\000\000"
 4877 01b3 48414C5F 		.ascii	"HAL_PWREx_EnableFlashPowerDown\000"
 4877      50575245 
 4877      785F456E 
 4877      61626C65 
 4877      466C6173 
 4878 01d2 00       		.ascii	"\000"
 4879 01d3 00       		.ascii	"\000"
 4880 01d4 00       		.ascii	"\000"
 4881 01d5 00000000 		.ascii	"\000\000\000\000\000\000\000\000"
 4881      00000000 
 4882 01dd 6A020000 		.ascii	"j\002\000\000"
 4883 01e1 48414C5F 		.ascii	"HAL_PWREx_DisableFlashPowerDown\000"
 4883      50575245 
 4883      785F4469 
 4883      7361626C 
 4883      65466C61 
 4884 0201 00       		.ascii	"\000"
ARM GAS  C:\Users\nicx5\AppData\Local\Temp\ccXs0mXR.s 			page 208


 4885 0202 00       		.ascii	"\000"
 4886 0203 00       		.ascii	"\000"
 4887 0204 00000000 		.ascii	"\000\000\000\000\000\000\000\000"
 4887      00000000 
 4888 020c 6C020000 		.ascii	"l\002\000\000"
 4889 0210 48414C5F 		.ascii	"HAL_PWREx_EnableWakeUpPin\000"
 4889      50575245 
 4889      785F456E 
 4889      61626C65 
 4889      57616B65 
 4890 022a 00       		.ascii	"\000"
 4891 022b 00       		.ascii	"\000"
 4892 022c 00       		.ascii	"\000"
 4893 022d 00000000 		.ascii	"\000\000\000\000\000\000\000\000"
 4893      00000000 
 4894 0235 73020000 		.ascii	"s\002\000\000"
 4895 0239 48414C5F 		.ascii	"HAL_PWREx_DisableWakeUpPin\000"
 4895      50575245 
 4895      785F4469 
 4895      7361626C 
 4895      6557616B 
 4896 0254 00       		.ascii	"\000"
 4897 0255 00       		.ascii	"\000"
 4898 0256 00       		.ascii	"\000"
 4899 0257 00000000 		.ascii	"\000\000\000\000\000\000\000\000"
 4899      00000000 
 4900 025f 75020000 		.ascii	"u\002\000\000"
 4901 0263 48414C5F 		.ascii	"HAL_PWREx_GetWakeupFlag\000"
 4901      50575245 
 4901      785F4765 
 4901      7457616B 
 4901      65757046 
 4902 027b 00       		.ascii	"\000"
 4903 027c 00       		.ascii	"\000"
 4904 027d 00       		.ascii	"\000"
 4905 027e 00000000 		.ascii	"\000\000\000\000\000\000\000\000"
 4905      00000000 
 4906 0286 79020000 		.ascii	"y\002\000\000"
 4907 028a 48414C5F 		.ascii	"HAL_PWREx_ClearWakeupFlag\000"
 4907      50575245 
 4907      785F436C 
 4907      65617257 
 4907      616B6575 
 4908 02a4 00       		.ascii	"\000"
 4909 02a5 00       		.ascii	"\000"
 4910 02a6 00       		.ascii	"\000"
 4911 02a7 00000000 		.ascii	"\000\000\000\000\000\000\000\000"
 4911      00000000 
 4912 02af 7B020000 		.ascii	"{\002\000\000"
 4913 02b3 48414C5F 		.ascii	"HAL_PWREx_WKUP1_Callback\000"
 4913      50575245 
 4913      785F574B 
 4913      5550315F 
 4913      43616C6C 
 4914 02cc 00       		.ascii	"\000"
 4915 02cd 01       		.ascii	"\001"
 4916 02ce 00       		.ascii	"\000"
ARM GAS  C:\Users\nicx5\AppData\Local\Temp\ccXs0mXR.s 			page 209


 4917 02cf 00000000 		.ascii	"\000\000\000\000\000\000\000\000"
 4917      00000000 
 4918 02d7 7F020000 		.ascii	"\177\002\000\000"
 4919 02db 48414C5F 		.ascii	"HAL_PWREx_WKUP2_Callback\000"
 4919      50575245 
 4919      785F574B 
 4919      5550325F 
 4919      43616C6C 
 4920 02f4 00       		.ascii	"\000"
 4921 02f5 01       		.ascii	"\001"
 4922 02f6 00       		.ascii	"\000"
 4923 02f7 00000000 		.ascii	"\000\000\000\000\000\000\000\000"
 4923      00000000 
 4924 02ff 82020000 		.ascii	"\202\002\000\000"
 4925 0303 48414C5F 		.ascii	"HAL_PWREx_WKUP3_Callback\000"
 4925      50575245 
 4925      785F574B 
 4925      5550335F 
 4925      43616C6C 
 4926 031c 00       		.ascii	"\000"
 4927 031d 01       		.ascii	"\001"
 4928 031e 00       		.ascii	"\000"
 4929 031f 00000000 		.ascii	"\000\000\000\000\000\000\000\000"
 4929      00000000 
 4930 0327 85020000 		.ascii	"\205\002\000\000"
 4931 032b 48414C5F 		.ascii	"HAL_PWREx_WKUP4_Callback\000"
 4931      50575245 
 4931      785F574B 
 4931      5550345F 
 4931      43616C6C 
 4932 0344 00       		.ascii	"\000"
 4933 0345 01       		.ascii	"\001"
 4934 0346 00       		.ascii	"\000"
 4935 0347 00000000 		.ascii	"\000\000\000\000\000\000\000\000"
 4935      00000000 
 4936 034f 88020000 		.ascii	"\210\002\000\000"
 4937 0353 48414C5F 		.ascii	"HAL_PWREx_WKUP5_Callback\000"
 4937      50575245 
 4937      785F574B 
 4937      5550355F 
 4937      43616C6C 
 4938 036c 00       		.ascii	"\000"
 4939 036d 01       		.ascii	"\001"
 4940 036e 00       		.ascii	"\000"
 4941 036f 00000000 		.ascii	"\000\000\000\000\000\000\000\000"
 4941      00000000 
 4942 0377 8B020000 		.ascii	"\213\002\000\000"
 4943 037b 48414C5F 		.ascii	"HAL_PWREx_WKUP6_Callback\000"
 4943      50575245 
 4943      785F574B 
 4943      5550365F 
 4943      43616C6C 
 4944 0394 00       		.ascii	"\000"
 4945 0395 01       		.ascii	"\001"
 4946 0396 00       		.ascii	"\000"
 4947 0397 00000000 		.ascii	"\000\000\000\000\000\000\000\000"
 4947      00000000 
ARM GAS  C:\Users\nicx5\AppData\Local\Temp\ccXs0mXR.s 			page 210


 4948 039f 8E020000 		.ascii	"\216\002\000\000"
 4949 03a3 48414C5F 		.ascii	"HAL_PWREx_WAKEUP_PIN_IRQHandler\000"
 4949      50575245 
 4949      785F5741 
 4949      4B455550 
 4949      5F50494E 
 4950 03c3 00       		.ascii	"\000"
 4951 03c4 00       		.ascii	"\000"
 4952 03c5 00       		.ascii	"\000"
 4953 03c6 00000000 		.ascii	"\000\000\000\000\000\000\000\000"
 4953      00000000 
 4954 03ce 91020000 		.ascii	"\221\002\000\000"
 4955 03d2 48414C5F 		.ascii	"HAL_PWREx_EnableBkUpReg\000"
 4955      50575245 
 4955      785F456E 
 4955      61626C65 
 4955      426B5570 
 4956 03ea 00       		.ascii	"\000"
 4957 03eb 00       		.ascii	"\000"
 4958 03ec 00       		.ascii	"\000"
 4959 03ed 00000000 		.ascii	"\000\000\000\000\000\000\000\000"
 4959      00000000 
 4960 03f5 95020000 		.ascii	"\225\002\000\000"
 4961 03f9 48414C5F 		.ascii	"HAL_PWREx_DisableBkUpReg\000"
 4961      50575245 
 4961      785F4469 
 4961      7361626C 
 4961      65426B55 
 4962 0412 00       		.ascii	"\000"
 4963 0413 00       		.ascii	"\000"
 4964 0414 00       		.ascii	"\000"
 4965 0415 00000000 		.ascii	"\000\000\000\000\000\000\000\000"
 4965      00000000 
 4966 041d 97020000 		.ascii	"\227\002\000\000"
 4967 0421 48414C5F 		.ascii	"HAL_PWREx_EnableUSBReg\000"
 4967      50575245 
 4967      785F456E 
 4967      61626C65 
 4967      55534252 
 4968 0438 00       		.ascii	"\000"
 4969 0439 00       		.ascii	"\000"
 4970 043a 00       		.ascii	"\000"
 4971 043b 00000000 		.ascii	"\000\000\000\000\000\000\000\000"
 4971      00000000 
 4972 0443 99020000 		.ascii	"\231\002\000\000"
 4973 0447 48414C5F 		.ascii	"HAL_PWREx_DisableUSBReg\000"
 4973      50575245 
 4973      785F4469 
 4973      7361626C 
 4973      65555342 
 4974 045f 00       		.ascii	"\000"
 4975 0460 00       		.ascii	"\000"
 4976 0461 00       		.ascii	"\000"
 4977 0462 00000000 		.ascii	"\000\000\000\000\000\000\000\000"
 4977      00000000 
 4978 046a 9B020000 		.ascii	"\233\002\000\000"
 4979 046e 48414C5F 		.ascii	"HAL_PWREx_EnableUSBVoltageDetector\000"
ARM GAS  C:\Users\nicx5\AppData\Local\Temp\ccXs0mXR.s 			page 211


 4979      50575245 
 4979      785F456E 
 4979      61626C65 
 4979      55534256 
 4980 0491 00       		.ascii	"\000"
 4981 0492 00       		.ascii	"\000"
 4982 0493 00       		.ascii	"\000"
 4983 0494 00000000 		.ascii	"\000\000\000\000\000\000\000\000"
 4983      00000000 
 4984 049c 9D020000 		.ascii	"\235\002\000\000"
 4985 04a0 48414C5F 		.ascii	"HAL_PWREx_DisableUSBVoltageDetector\000"
 4985      50575245 
 4985      785F4469 
 4985      7361626C 
 4985      65555342 
 4986 04c4 00       		.ascii	"\000"
 4987 04c5 00       		.ascii	"\000"
 4988 04c6 00       		.ascii	"\000"
 4989 04c7 00000000 		.ascii	"\000\000\000\000\000\000\000\000"
 4989      00000000 
 4990 04cf 9F020000 		.ascii	"\237\002\000\000"
 4991 04d3 48414C5F 		.ascii	"HAL_PWREx_EnableBatteryCharging\000"
 4991      50575245 
 4991      785F456E 
 4991      61626C65 
 4991      42617474 
 4992 04f3 00       		.ascii	"\000"
 4993 04f4 00       		.ascii	"\000"
 4994 04f5 00       		.ascii	"\000"
 4995 04f6 00000000 		.ascii	"\000\000\000\000\000\000\000\000"
 4995      00000000 
 4996 04fe A1020000 		.ascii	"\241\002\000\000"
 4997 0502 48414C5F 		.ascii	"HAL_PWREx_DisableBatteryCharging\000"
 4997      50575245 
 4997      785F4469 
 4997      7361626C 
 4997      65426174 
 4998 0523 00       		.ascii	"\000"
 4999 0524 00       		.ascii	"\000"
 5000 0525 00       		.ascii	"\000"
 5001 0526 00000000 		.ascii	"\000\000\000\000\000\000\000\000"
 5001      00000000 
 5002 052e A3020000 		.ascii	"\243\002\000\000"
 5003 0532 48414C5F 		.ascii	"HAL_PWREx_EnableMonitoring\000"
 5003      50575245 
 5003      785F456E 
 5003      61626C65 
 5003      4D6F6E69 
 5004 054d 00       		.ascii	"\000"
 5005 054e 00       		.ascii	"\000"
 5006 054f 00       		.ascii	"\000"
 5007 0550 00000000 		.ascii	"\000\000\000\000\000\000\000\000"
 5007      00000000 
 5008 0558 A5020000 		.ascii	"\245\002\000\000"
 5009 055c 48414C5F 		.ascii	"HAL_PWREx_DisableMonitoring\000"
 5009      50575245 
 5009      785F4469 
ARM GAS  C:\Users\nicx5\AppData\Local\Temp\ccXs0mXR.s 			page 212


 5009      7361626C 
 5009      654D6F6E 
 5010 0578 00       		.ascii	"\000"
 5011 0579 00       		.ascii	"\000"
 5012 057a 00       		.ascii	"\000"
 5013 057b 00000000 		.ascii	"\000\000\000\000\000\000\000\000"
 5013      00000000 
 5014 0583 A7020000 		.ascii	"\247\002\000\000"
 5015 0587 48414C5F 		.ascii	"HAL_PWREx_GetTemperatureLevel\000"
 5015      50575245 
 5015      785F4765 
 5015      7454656D 
 5015      70657261 
 5016 05a5 00       		.ascii	"\000"
 5017 05a6 00       		.ascii	"\000"
 5018 05a7 00       		.ascii	"\000"
 5019 05a8 00000000 		.ascii	"\000\000\000\000\000\000\000\000"
 5019      00000000 
 5020 05b0 A9020000 		.ascii	"\251\002\000\000"
 5021 05b4 48414C5F 		.ascii	"HAL_PWREx_GetVBATLevel\000"
 5021      50575245 
 5021      785F4765 
 5021      74564241 
 5021      544C6576 
 5022 05cb 00       		.ascii	"\000"
 5023 05cc 00       		.ascii	"\000"
 5024 05cd 00       		.ascii	"\000"
 5025 05ce 00000000 		.ascii	"\000\000\000\000\000\000\000\000"
 5025      00000000 
 5026 05d6 AB020000 		.ascii	"\253\002\000\000"
 5027 05da 48414C5F 		.ascii	"HAL_PWREx_ConfigAVD\000"
 5027      50575245 
 5027      785F436F 
 5027      6E666967 
 5027      41564400 
 5028 05ee 00       		.ascii	"\000"
 5029 05ef 00       		.ascii	"\000"
 5030 05f0 00       		.ascii	"\000"
 5031 05f1 00000000 		.ascii	"\000\000\000\000\000\000\000\000"
 5031      00000000 
 5032 05f9 B2020000 		.ascii	"\262\002\000\000"
 5033 05fd 48414C5F 		.ascii	"HAL_PWREx_EnableAVD\000"
 5033      50575245 
 5033      785F456E 
 5033      61626C65 
 5033      41564400 
 5034 0611 00       		.ascii	"\000"
 5035 0612 00       		.ascii	"\000"
 5036 0613 00       		.ascii	"\000"
 5037 0614 00000000 		.ascii	"\000\000\000\000\000\000\000\000"
 5037      00000000 
 5038 061c B4020000 		.ascii	"\264\002\000\000"
 5039 0620 48414C5F 		.ascii	"HAL_PWREx_DisableAVD\000"
 5039      50575245 
 5039      785F4469 
 5039      7361626C 
 5039      65415644 
ARM GAS  C:\Users\nicx5\AppData\Local\Temp\ccXs0mXR.s 			page 213


 5040 0635 00       		.ascii	"\000"
 5041 0636 00       		.ascii	"\000"
 5042 0637 00       		.ascii	"\000"
 5043 0638 00000000 		.ascii	"\000\000\000\000\000\000\000\000"
 5043      00000000 
 5044 0640 B6020000 		.ascii	"\266\002\000\000"
 5045 0644 48414C5F 		.ascii	"HAL_PWREx_AVDCallback\000"
 5045      50575245 
 5045      785F4156 
 5045      4443616C 
 5045      6C626163 
 5046 065a 00       		.ascii	"\000"
 5047 065b 01       		.ascii	"\001"
 5048 065c 00       		.ascii	"\000"
 5049 065d 00000000 		.ascii	"\000\000\000\000\000\000\000\000"
 5049      00000000 
 5050 0665 B9020000 		.ascii	"\271\002\000\000"
 5051 0669 48414C5F 		.ascii	"HAL_PWREx_PVD_AVD_IRQHandler\000"
 5051      50575245 
 5051      785F5056 
 5051      445F4156 
 5051      445F4952 
 5052 0686 00       		.ascii	"\000"
 5053 0687 00       		.ascii	"\000"
 5054 0688 00       		.ascii	"\000"
 5055 0689 00000000 		.ascii	"\000\000\000\000\000\000\000\000"
 5055      00000000 
 5056 0691 BC020000 		.ascii	"\274\002\000\000"
 5057 0695 48414C5F 		.ascii	"HAL_GetTick\000"
 5057      47657454 
 5057      69636B00 
 5058 06a1 00       		.ascii	"\000"
 5059 06a2 02       		.ascii	"\002"
 5060 06a3 00       		.ascii	"\000"
 5061 06a4 00000000 		.ascii	"\000\000\000\000\000\000\000\000"
 5061      00000000 
 5062 06ac BF020000 		.ascii	"\277\002\000\000"
 5063 06b0 48414C5F 		.ascii	"HAL_PWR_PVDCallback\000"
 5063      5057525F 
 5063      50564443 
 5063      616C6C62 
 5063      61636B00 
 5064 06c4 00       		.ascii	"\000"
 5065 06c5 02       		.ascii	"\002"
 5066 06c6 00       		.ascii	"\000"
 5067 06c7 00000000 		.ascii	"\000\000\000\000\000\000\000\000"
 5067      00000000 
 5068 06cf CB020000 		.ascii	"\313\002\000\000"
 5069              		.text
 5070              		.section	.gnu.lto_.ext_symtab.1f2f2586,"e",%progbits
 5071 0000 01       		.ascii	"\001"
 5072 0001 01       		.ascii	"\001"
 5073 0002 00       		.ascii	"\000"
 5074 0003 01       		.ascii	"\001"
 5075 0004 00       		.ascii	"\000"
 5076 0005 01       		.ascii	"\001"
 5077 0006 00       		.ascii	"\000"
ARM GAS  C:\Users\nicx5\AppData\Local\Temp\ccXs0mXR.s 			page 214


 5078 0007 01       		.ascii	"\001"
 5079 0008 00       		.ascii	"\000"
 5080 0009 01       		.ascii	"\001"
 5081 000a 00       		.ascii	"\000"
 5082 000b 01       		.ascii	"\001"
 5083 000c 00       		.ascii	"\000"
 5084 000d 01       		.ascii	"\001"
 5085 000e 00       		.ascii	"\000"
 5086 000f 01       		.ascii	"\001"
 5087 0010 00       		.ascii	"\000"
 5088 0011 01       		.ascii	"\001"
 5089 0012 00       		.ascii	"\000"
 5090 0013 01       		.ascii	"\001"
 5091 0014 00       		.ascii	"\000"
 5092 0015 01       		.ascii	"\001"
 5093 0016 00       		.ascii	"\000"
 5094 0017 01       		.ascii	"\001"
 5095 0018 00       		.ascii	"\000"
 5096 0019 01       		.ascii	"\001"
 5097 001a 00       		.ascii	"\000"
 5098 001b 01       		.ascii	"\001"
 5099 001c 00       		.ascii	"\000"
 5100 001d 01       		.ascii	"\001"
 5101 001e 00       		.ascii	"\000"
 5102 001f 01       		.ascii	"\001"
 5103 0020 00       		.ascii	"\000"
 5104 0021 01       		.ascii	"\001"
 5105 0022 00       		.ascii	"\000"
 5106 0023 01       		.ascii	"\001"
 5107 0024 00       		.ascii	"\000"
 5108 0025 01       		.ascii	"\001"
 5109 0026 00       		.ascii	"\000"
 5110 0027 01       		.ascii	"\001"
 5111 0028 00       		.ascii	"\000"
 5112 0029 01       		.ascii	"\001"
 5113 002a 00       		.ascii	"\000"
 5114 002b 01       		.ascii	"\001"
 5115 002c 00       		.ascii	"\000"
 5116 002d 01       		.ascii	"\001"
 5117 002e 00       		.ascii	"\000"
 5118 002f 01       		.ascii	"\001"
 5119 0030 00       		.ascii	"\000"
 5120 0031 01       		.ascii	"\001"
 5121 0032 00       		.ascii	"\000"
 5122 0033 01       		.ascii	"\001"
 5123 0034 00       		.ascii	"\000"
 5124 0035 01       		.ascii	"\001"
 5125 0036 00       		.ascii	"\000"
 5126 0037 01       		.ascii	"\001"
 5127 0038 00       		.ascii	"\000"
 5128 0039 01       		.ascii	"\001"
 5129 003a 00       		.ascii	"\000"
 5130 003b 01       		.ascii	"\001"
 5131 003c 00       		.ascii	"\000"
 5132 003d 01       		.ascii	"\001"
 5133 003e 00       		.ascii	"\000"
 5134 003f 01       		.ascii	"\001"
ARM GAS  C:\Users\nicx5\AppData\Local\Temp\ccXs0mXR.s 			page 215


 5135 0040 00       		.ascii	"\000"
 5136 0041 01       		.ascii	"\001"
 5137 0042 00       		.ascii	"\000"
 5138 0043 01       		.ascii	"\001"
 5139 0044 00       		.ascii	"\000"
 5140 0045 01       		.ascii	"\001"
 5141 0046 00       		.ascii	"\000"
 5142 0047 01       		.ascii	"\001"
 5143 0048 00       		.ascii	"\000"
 5144 0049 01       		.ascii	"\001"
 5145 004a 00       		.ascii	"\000"
 5146 004b 01       		.ascii	"\001"
 5147 004c 00       		.ascii	"\000"
 5148 004d 01       		.ascii	"\001"
 5149 004e 00       		.ascii	"\000"
 5150 004f 01       		.ascii	"\001"
 5151 0050 00       		.ascii	"\000"
 5152 0051 01       		.ascii	"\001"
 5153 0052 00       		.ascii	"\000"
 5154 0053 01       		.ascii	"\001"
 5155 0054 00       		.ascii	"\000"
 5156              		.text
 5157              		.section	.gnu.lto_.opts,"e",%progbits
 5158 0000 272D666E 		.ascii	"'-fno-openmp' '-fno-openacc' '-fno-pie' '-fcf-prote"
 5158      6F2D6F70 
 5158      656E6D70 
 5158      2720272D 
 5158      666E6F2D 
 5159 0033 6374696F 		.ascii	"ction=none' '-g' '-mcpu=cortex-m7' '-mthumb' '-mfpu"
 5159      6E3D6E6F 
 5159      6E652720 
 5159      272D6727 
 5159      20272D6D 
 5160 0066 3D667076 		.ascii	"=fpv5-d16' '-mfloat-abi=hard' '-mlibarch=armv7e-m+f"
 5160      352D6431 
 5160      36272027 
 5160      2D6D666C 
 5160      6F61742D 
 5161 0099 702E6470 		.ascii	"p.dp' '-march=armv7e-m+fp.dp' '-Os' '-fdata-section"
 5161      2720272D 
 5161      6D617263 
 5161      683D6172 
 5161      6D763765 
 5162 00cc 73272027 		.ascii	"s' '-ffunction-sections' '-flto' '-fmerge-constants"
 5162      2D666675 
 5162      6E637469 
 5162      6F6E2D73 
 5162      65637469 
 5163 00ff 2720272D 		.ascii	"' '-fno-unwind-tables' '-fno-asynchronous-unwind-ta"
 5163      666E6F2D 
 5163      756E7769 
 5163      6E642D74 
 5163      61626C65 
 5164 0132 626C6573 		.ascii	"bles' '-Xassembler' '-a' '-Xassembler' '-ad' '-Xass"
 5164      2720272D 
 5164      58617373 
 5164      656D626C 
ARM GAS  C:\Users\nicx5\AppData\Local\Temp\ccXs0mXR.s 			page 216


 5164      65722720 
 5165 0165 656D626C 		.ascii	"embler' '-alms=build_bootloader/stm32h7xx_hal_pwr_e"
 5165      65722720 
 5165      272D616C 
 5165      6D733D62 
 5165      75696C64 
 5166 0198 782E6C73 		.ascii	"x.lst'\000"
 5166      742700
 5167              		.text
 5168              		.comm	__gnu_lto_slim,1,1
 5169              		.ident	"GCC: (GNU) 13.3.0"
ARM GAS  C:\Users\nicx5\AppData\Local\Temp\ccXs0mXR.s 			page 217


DEFINED SYMBOLS
                            *ABS*:00000000 stm32h7xx_hal_pwr_ex.c
C:\Users\nicx5\AppData\Local\Temp\ccXs0mXR.s:29     .gnu.debuglto_.debug_info:00000000 stm32h7xx_hal_pwr_ex.c.91b30bf9
                            *COM*:00000001 __gnu_lto_slim

NO UNDEFINED SYMBOLS
