ARM GAS  C:\Users\nicx5\AppData\Local\Temp\ccq4ftZ0.s 			page 1


   1              		.cpu cortex-m7
   2              		.arch armv7e-m
   3              		.fpu fpv5-d16
   4              		.eabi_attribute 28, 1
   5              		.eabi_attribute 20, 1
   6              		.eabi_attribute 21, 1
   7              		.eabi_attribute 23, 3
   8              		.eabi_attribute 24, 1
   9              		.eabi_attribute 25, 1
  10              		.eabi_attribute 26, 1
  11              		.eabi_attribute 30, 4
  12              		.eabi_attribute 34, 1
  13              		.eabi_attribute 18, 4
  14              		.file	"stm32h7xx_hal_adc.c"
  15              		.file 1 "D:/Program Files/msys64/mingw64/arm-none-eabi/include/machine/_default_types.h"
  16              		.file 2 "D:/Program Files/msys64/mingw64/arm-none-eabi/include/sys/_stdint.h"
  17              		.file 3 "Drivers/CMSIS/Device/ST/STM32H7xx/Include/stm32h750xx.h"
  18              		.file 4 "Drivers/CMSIS/Device/ST/STM32H7xx/Include/stm32h7xx.h"
  19              		.file 5 "Drivers/STM32H7xx_HAL_Driver/Inc/stm32h7xx_hal_def.h"
  20              		.file 6 "Drivers/STM32H7xx_HAL_Driver/Inc/stm32h7xx_hal_dma.h"
  21              		.file 7 "Drivers/STM32H7xx_HAL_Driver/Inc/stm32h7xx_hal_adc.h"
  22              		.file 8 "Drivers/STM32H7xx_HAL_Driver/Inc/stm32h7xx_hal_adc_ex.h"
  23              		.file 9 "Drivers/STM32H7xx_HAL_Driver/Inc/stm32h7xx_hal_rcc_ex.h"
  24              		.file 10 "Drivers/STM32H7xx_HAL_Driver/Inc/stm32h7xx_hal_rcc.h"
  25              		.file 11 "Drivers/STM32H7xx_HAL_Driver/Inc/stm32h7xx_hal.h"
  26              		.file 12 "Drivers/STM32H7xx_HAL_Driver/Src/stm32h7xx_hal_adc.c"
  27              		.file 13 "Drivers/STM32H7xx_HAL_Driver/Inc/stm32h7xx_ll_adc.h"
  28              		.file 14 "Drivers/CMSIS/Include/cmsis_gcc.h"
  29              		.file 15 "Drivers/CMSIS/Device/ST/STM32H7xx/Include/system_stm32h7xx.h"
  30              		.section	.gnu.debuglto_.debug_info,"e",%progbits
  31              	.Ldebug_info0:
  32              		.hidden	stm32h7xx_hal_adc.c.7b9ba502
  33              		.weak	stm32h7xx_hal_adc.c.7b9ba502
  34              	stm32h7xx_hal_adc.c.7b9ba502:
  35 0000 9C190000 		.4byte	0x199c
  36 0004 0200     		.2byte	0x2
  37 0006 00000000 		.4byte	.Ldebug_abbrev0
  38 000a 04       		.byte	0x4
  39 000b 01       		.uleb128 0x1
  40 000c 3C020000 		.4byte	.LASF295
  41 0010 0C       		.byte	0xc
  42 0011 9E080000 		.4byte	.LASF296
  43 0015 8C0B0000 		.4byte	.LASF297
  44 0019 00000000 		.4byte	.Ldebug_line0
  45 001d 02       		.uleb128 0x2
  46 001e 02       		.byte	0x2
  47 001f 05       		.byte	0x5
  48 0020 F6010000 		.4byte	.LASF0
  49 0024 02       		.uleb128 0x2
  50 0025 01       		.byte	0x1
  51 0026 06       		.byte	0x6
  52 0027 06120000 		.4byte	.LASF1
  53 002b 03       		.uleb128 0x3
  54 002c 120E0000 		.4byte	.LASF5
  55 0030 01       		.byte	0x1
  56 0031 2B       		.byte	0x2b
  57 0032 18       		.byte	0x18
ARM GAS  C:\Users\nicx5\AppData\Local\Temp\ccq4ftZ0.s 			page 2


  58 0033 37000000 		.4byte	0x37
  59 0037 02       		.uleb128 0x2
  60 0038 01       		.byte	0x1
  61 0039 08       		.byte	0x8
  62 003a 180C0000 		.4byte	.LASF2
  63 003e 02       		.uleb128 0x2
  64 003f 02       		.byte	0x2
  65 0040 07       		.byte	0x7
  66 0041 39120000 		.4byte	.LASF3
  67 0045 02       		.uleb128 0x2
  68 0046 04       		.byte	0x4
  69 0047 05       		.byte	0x5
  70 0048 1D0D0000 		.4byte	.LASF4
  71 004c 03       		.uleb128 0x3
  72 004d 37100000 		.4byte	.LASF6
  73 0051 01       		.byte	0x1
  74 0052 4F       		.byte	0x4f
  75 0053 19       		.byte	0x19
  76 0054 58000000 		.4byte	0x58
  77 0058 02       		.uleb128 0x2
  78 0059 04       		.byte	0x4
  79 005a 07       		.byte	0x7
  80 005b 100F0000 		.4byte	.LASF7
  81 005f 02       		.uleb128 0x2
  82 0060 08       		.byte	0x8
  83 0061 05       		.byte	0x5
  84 0062 95070000 		.4byte	.LASF8
  85 0066 03       		.uleb128 0x3
  86 0067 F0060000 		.4byte	.LASF9
  87 006b 01       		.byte	0x1
  88 006c 69       		.byte	0x69
  89 006d 19       		.byte	0x19
  90 006e 72000000 		.4byte	0x72
  91 0072 02       		.uleb128 0x2
  92 0073 08       		.byte	0x8
  93 0074 07       		.byte	0x7
  94 0075 96040000 		.4byte	.LASF10
  95 0079 04       		.uleb128 0x4
  96 007a 04       		.byte	0x4
  97 007b 05       		.byte	0x5
  98 007c 696E7400 		.ascii	"int\000"
  99 0080 02       		.uleb128 0x2
 100 0081 04       		.byte	0x4
 101 0082 07       		.byte	0x7
 102 0083 07010000 		.4byte	.LASF11
 103 0087 03       		.uleb128 0x3
 104 0088 F5080000 		.4byte	.LASF12
 105 008c 02       		.byte	0x2
 106 008d 18       		.byte	0x18
 107 008e 13       		.byte	0x13
 108 008f 2B000000 		.4byte	0x2b
 109 0093 03       		.uleb128 0x3
 110 0094 17040000 		.4byte	.LASF13
 111 0098 02       		.byte	0x2
 112 0099 30       		.byte	0x30
 113 009a 14       		.byte	0x14
 114 009b 4C000000 		.4byte	0x4c
ARM GAS  C:\Users\nicx5\AppData\Local\Temp\ccq4ftZ0.s 			page 3


 115 009f 05       		.uleb128 0x5
 116 00a0 93000000 		.4byte	0x93
 117 00a4 06       		.uleb128 0x6
 118 00a5 93000000 		.4byte	0x93
 119 00a9 03       		.uleb128 0x3
 120 00aa C30D0000 		.4byte	.LASF14
 121 00ae 02       		.byte	0x2
 122 00af 3C       		.byte	0x3c
 123 00b0 14       		.byte	0x14
 124 00b1 66000000 		.4byte	0x66
 125 00b5 07       		.uleb128 0x7
 126 00b6 C30B0000 		.4byte	.LASF298
 127 00ba 0F       		.byte	0xf
 128 00bb 39       		.byte	0x39
 129 00bc 11       		.byte	0x11
 130 00bd 93000000 		.4byte	0x93
 131 00c1 01       		.byte	0x1
 132 00c2 01       		.byte	0x1
 133 00c3 08       		.uleb128 0x8
 134 00c4 CC       		.byte	0xcc
 135 00c5 03       		.byte	0x3
 136 00c6 F3       		.byte	0xf3
 137 00c7 09       		.byte	0x9
 138 00c8 70030000 		.4byte	0x370
 139 00cc 09       		.uleb128 0x9
 140 00cd 49535200 		.ascii	"ISR\000"
 141 00d1 03       		.byte	0x3
 142 00d2 F5       		.byte	0xf5
 143 00d3 11       		.byte	0x11
 144 00d4 9F000000 		.4byte	0x9f
 145 00d8 02       		.byte	0x2
 146 00d9 23       		.byte	0x23
 147 00da 00       		.uleb128 0
 148 00db 09       		.uleb128 0x9
 149 00dc 49455200 		.ascii	"IER\000"
 150 00e0 03       		.byte	0x3
 151 00e1 F6       		.byte	0xf6
 152 00e2 11       		.byte	0x11
 153 00e3 9F000000 		.4byte	0x9f
 154 00e7 02       		.byte	0x2
 155 00e8 23       		.byte	0x23
 156 00e9 04       		.uleb128 0x4
 157 00ea 09       		.uleb128 0x9
 158 00eb 435200   		.ascii	"CR\000"
 159 00ee 03       		.byte	0x3
 160 00ef F7       		.byte	0xf7
 161 00f0 11       		.byte	0x11
 162 00f1 9F000000 		.4byte	0x9f
 163 00f5 02       		.byte	0x2
 164 00f6 23       		.byte	0x23
 165 00f7 08       		.uleb128 0x8
 166 00f8 0A       		.uleb128 0xa
 167 00f9 DC0D0000 		.4byte	.LASF15
 168 00fd 03       		.byte	0x3
 169 00fe F8       		.byte	0xf8
 170 00ff 11       		.byte	0x11
 171 0100 9F000000 		.4byte	0x9f
ARM GAS  C:\Users\nicx5\AppData\Local\Temp\ccq4ftZ0.s 			page 4


 172 0104 02       		.byte	0x2
 173 0105 23       		.byte	0x23
 174 0106 0C       		.uleb128 0xc
 175 0107 0A       		.uleb128 0xa
 176 0108 060B0000 		.4byte	.LASF16
 177 010c 03       		.byte	0x3
 178 010d F9       		.byte	0xf9
 179 010e 11       		.byte	0x11
 180 010f 9F000000 		.4byte	0x9f
 181 0113 02       		.byte	0x2
 182 0114 23       		.byte	0x23
 183 0115 10       		.uleb128 0x10
 184 0116 0A       		.uleb128 0xa
 185 0117 710B0000 		.4byte	.LASF17
 186 011b 03       		.byte	0x3
 187 011c FA       		.byte	0xfa
 188 011d 11       		.byte	0x11
 189 011e 9F000000 		.4byte	0x9f
 190 0122 02       		.byte	0x2
 191 0123 23       		.byte	0x23
 192 0124 14       		.uleb128 0x14
 193 0125 0A       		.uleb128 0xa
 194 0126 770B0000 		.4byte	.LASF18
 195 012a 03       		.byte	0x3
 196 012b FB       		.byte	0xfb
 197 012c 11       		.byte	0x11
 198 012d 9F000000 		.4byte	0x9f
 199 0131 02       		.byte	0x2
 200 0132 23       		.byte	0x23
 201 0133 18       		.uleb128 0x18
 202 0134 0A       		.uleb128 0xa
 203 0135 BD040000 		.4byte	.LASF19
 204 0139 03       		.byte	0x3
 205 013a FC       		.byte	0xfc
 206 013b 11       		.byte	0x11
 207 013c 9F000000 		.4byte	0x9f
 208 0140 02       		.byte	0x2
 209 0141 23       		.byte	0x23
 210 0142 1C       		.uleb128 0x1c
 211 0143 0A       		.uleb128 0xa
 212 0144 33030000 		.4byte	.LASF20
 213 0148 03       		.byte	0x3
 214 0149 FD       		.byte	0xfd
 215 014a 11       		.byte	0x11
 216 014b 9F000000 		.4byte	0x9f
 217 014f 02       		.byte	0x2
 218 0150 23       		.byte	0x23
 219 0151 20       		.uleb128 0x20
 220 0152 0A       		.uleb128 0xa
 221 0153 BC100000 		.4byte	.LASF21
 222 0157 03       		.byte	0x3
 223 0158 FE       		.byte	0xfe
 224 0159 11       		.byte	0x11
 225 015a 9F000000 		.4byte	0x9f
 226 015e 02       		.byte	0x2
 227 015f 23       		.byte	0x23
 228 0160 24       		.uleb128 0x24
ARM GAS  C:\Users\nicx5\AppData\Local\Temp\ccq4ftZ0.s 			page 5


 229 0161 0A       		.uleb128 0xa
 230 0162 810C0000 		.4byte	.LASF22
 231 0166 03       		.byte	0x3
 232 0167 FF       		.byte	0xff
 233 0168 11       		.byte	0x11
 234 0169 93000000 		.4byte	0x93
 235 016d 02       		.byte	0x2
 236 016e 23       		.byte	0x23
 237 016f 28       		.uleb128 0x28
 238 0170 0B       		.uleb128 0xb
 239 0171 8B0C0000 		.4byte	.LASF23
 240 0175 03       		.byte	0x3
 241 0176 0001     		.2byte	0x100
 242 0178 11       		.byte	0x11
 243 0179 93000000 		.4byte	0x93
 244 017d 02       		.byte	0x2
 245 017e 23       		.byte	0x23
 246 017f 2C       		.uleb128 0x2c
 247 0180 0B       		.uleb128 0xb
 248 0181 1F000000 		.4byte	.LASF24
 249 0185 03       		.byte	0x3
 250 0186 0101     		.2byte	0x101
 251 0188 11       		.byte	0x11
 252 0189 9F000000 		.4byte	0x9f
 253 018d 02       		.byte	0x2
 254 018e 23       		.byte	0x23
 255 018f 30       		.uleb128 0x30
 256 0190 0B       		.uleb128 0xb
 257 0191 24000000 		.4byte	.LASF25
 258 0195 03       		.byte	0x3
 259 0196 0201     		.2byte	0x102
 260 0198 11       		.byte	0x11
 261 0199 9F000000 		.4byte	0x9f
 262 019d 02       		.byte	0x2
 263 019e 23       		.byte	0x23
 264 019f 34       		.uleb128 0x34
 265 01a0 0B       		.uleb128 0xb
 266 01a1 29000000 		.4byte	.LASF26
 267 01a5 03       		.byte	0x3
 268 01a6 0301     		.2byte	0x103
 269 01a8 11       		.byte	0x11
 270 01a9 9F000000 		.4byte	0x9f
 271 01ad 02       		.byte	0x2
 272 01ae 23       		.byte	0x23
 273 01af 38       		.uleb128 0x38
 274 01b0 0B       		.uleb128 0xb
 275 01b1 2E000000 		.4byte	.LASF27
 276 01b5 03       		.byte	0x3
 277 01b6 0401     		.2byte	0x104
 278 01b8 11       		.byte	0x11
 279 01b9 9F000000 		.4byte	0x9f
 280 01bd 02       		.byte	0x2
 281 01be 23       		.byte	0x23
 282 01bf 3C       		.uleb128 0x3c
 283 01c0 0C       		.uleb128 0xc
 284 01c1 445200   		.ascii	"DR\000"
 285 01c4 03       		.byte	0x3
ARM GAS  C:\Users\nicx5\AppData\Local\Temp\ccq4ftZ0.s 			page 6


 286 01c5 0501     		.2byte	0x105
 287 01c7 11       		.byte	0x11
 288 01c8 9F000000 		.4byte	0x9f
 289 01cc 02       		.byte	0x2
 290 01cd 23       		.byte	0x23
 291 01ce 40       		.uleb128 0x40
 292 01cf 0B       		.uleb128 0xb
 293 01d0 950C0000 		.4byte	.LASF28
 294 01d4 03       		.byte	0x3
 295 01d5 0601     		.2byte	0x106
 296 01d7 11       		.byte	0x11
 297 01d8 93000000 		.4byte	0x93
 298 01dc 02       		.byte	0x2
 299 01dd 23       		.byte	0x23
 300 01de 44       		.uleb128 0x44
 301 01df 0B       		.uleb128 0xb
 302 01e0 9F0C0000 		.4byte	.LASF29
 303 01e4 03       		.byte	0x3
 304 01e5 0701     		.2byte	0x107
 305 01e7 11       		.byte	0x11
 306 01e8 93000000 		.4byte	0x93
 307 01ec 02       		.byte	0x2
 308 01ed 23       		.byte	0x23
 309 01ee 48       		.uleb128 0x48
 310 01ef 0B       		.uleb128 0xb
 311 01f0 D00A0000 		.4byte	.LASF30
 312 01f4 03       		.byte	0x3
 313 01f5 0801     		.2byte	0x108
 314 01f7 11       		.byte	0x11
 315 01f8 9F000000 		.4byte	0x9f
 316 01fc 02       		.byte	0x2
 317 01fd 23       		.byte	0x23
 318 01fe 4C       		.uleb128 0x4c
 319 01ff 0B       		.uleb128 0xb
 320 0200 A90C0000 		.4byte	.LASF31
 321 0204 03       		.byte	0x3
 322 0205 0901     		.2byte	0x109
 323 0207 11       		.byte	0x11
 324 0208 70030000 		.4byte	0x370
 325 020c 02       		.byte	0x2
 326 020d 23       		.byte	0x23
 327 020e 50       		.uleb128 0x50
 328 020f 0B       		.uleb128 0xb
 329 0210 87060000 		.4byte	.LASF32
 330 0214 03       		.byte	0x3
 331 0215 0A01     		.2byte	0x10a
 332 0217 11       		.byte	0x11
 333 0218 9F000000 		.4byte	0x9f
 334 021c 02       		.byte	0x2
 335 021d 23       		.byte	0x23
 336 021e 60       		.uleb128 0x60
 337 021f 0B       		.uleb128 0xb
 338 0220 8C060000 		.4byte	.LASF33
 339 0224 03       		.byte	0x3
 340 0225 0B01     		.2byte	0x10b
 341 0227 11       		.byte	0x11
 342 0228 9F000000 		.4byte	0x9f
ARM GAS  C:\Users\nicx5\AppData\Local\Temp\ccq4ftZ0.s 			page 7


 343 022c 02       		.byte	0x2
 344 022d 23       		.byte	0x23
 345 022e 64       		.uleb128 0x64
 346 022f 0B       		.uleb128 0xb
 347 0230 91060000 		.4byte	.LASF34
 348 0234 03       		.byte	0x3
 349 0235 0C01     		.2byte	0x10c
 350 0237 11       		.byte	0x11
 351 0238 9F000000 		.4byte	0x9f
 352 023c 02       		.byte	0x2
 353 023d 23       		.byte	0x23
 354 023e 68       		.uleb128 0x68
 355 023f 0B       		.uleb128 0xb
 356 0240 96060000 		.4byte	.LASF35
 357 0244 03       		.byte	0x3
 358 0245 0D01     		.2byte	0x10d
 359 0247 11       		.byte	0x11
 360 0248 9F000000 		.4byte	0x9f
 361 024c 02       		.byte	0x2
 362 024d 23       		.byte	0x23
 363 024e 6C       		.uleb128 0x6c
 364 024f 0B       		.uleb128 0xb
 365 0250 B30C0000 		.4byte	.LASF36
 366 0254 03       		.byte	0x3
 367 0255 0E01     		.2byte	0x10e
 368 0257 11       		.byte	0x11
 369 0258 70030000 		.4byte	0x370
 370 025c 02       		.byte	0x2
 371 025d 23       		.byte	0x23
 372 025e 70       		.uleb128 0x70
 373 025f 0B       		.uleb128 0xb
 374 0260 560C0000 		.4byte	.LASF37
 375 0264 03       		.byte	0x3
 376 0265 0F01     		.2byte	0x10f
 377 0267 11       		.byte	0x11
 378 0268 9F000000 		.4byte	0x9f
 379 026c 03       		.byte	0x3
 380 026d 23       		.byte	0x23
 381 026e 8001     		.uleb128 0x80
 382 0270 0B       		.uleb128 0xb
 383 0271 5B0C0000 		.4byte	.LASF38
 384 0275 03       		.byte	0x3
 385 0276 1001     		.2byte	0x110
 386 0278 11       		.byte	0x11
 387 0279 9F000000 		.4byte	0x9f
 388 027d 03       		.byte	0x3
 389 027e 23       		.byte	0x23
 390 027f 8401     		.uleb128 0x84
 391 0281 0B       		.uleb128 0xb
 392 0282 600C0000 		.4byte	.LASF39
 393 0286 03       		.byte	0x3
 394 0287 1101     		.2byte	0x111
 395 0289 11       		.byte	0x11
 396 028a 9F000000 		.4byte	0x9f
 397 028e 03       		.byte	0x3
 398 028f 23       		.byte	0x23
 399 0290 8801     		.uleb128 0x88
ARM GAS  C:\Users\nicx5\AppData\Local\Temp\ccq4ftZ0.s 			page 8


 400 0292 0B       		.uleb128 0xb
 401 0293 650C0000 		.4byte	.LASF40
 402 0297 03       		.byte	0x3
 403 0298 1201     		.2byte	0x112
 404 029a 11       		.byte	0x11
 405 029b 9F000000 		.4byte	0x9f
 406 029f 03       		.byte	0x3
 407 02a0 23       		.byte	0x23
 408 02a1 8C01     		.uleb128 0x8c
 409 02a3 0B       		.uleb128 0xb
 410 02a4 D3120000 		.4byte	.LASF41
 411 02a8 03       		.byte	0x3
 412 02a9 1301     		.2byte	0x113
 413 02ab 11       		.byte	0x11
 414 02ac 70030000 		.4byte	0x370
 415 02b0 03       		.byte	0x3
 416 02b1 23       		.byte	0x23
 417 02b2 9001     		.uleb128 0x90
 418 02b4 0B       		.uleb128 0xb
 419 02b5 A3010000 		.4byte	.LASF42
 420 02b9 03       		.byte	0x3
 421 02ba 1401     		.2byte	0x114
 422 02bc 11       		.byte	0x11
 423 02bd 9F000000 		.4byte	0x9f
 424 02c1 03       		.byte	0x3
 425 02c2 23       		.byte	0x23
 426 02c3 A001     		.uleb128 0xa0
 427 02c5 0B       		.uleb128 0xb
 428 02c6 CB090000 		.4byte	.LASF43
 429 02ca 03       		.byte	0x3
 430 02cb 1501     		.2byte	0x115
 431 02cd 11       		.byte	0x11
 432 02ce 9F000000 		.4byte	0x9f
 433 02d2 03       		.byte	0x3
 434 02d3 23       		.byte	0x23
 435 02d4 A401     		.uleb128 0xa4
 436 02d6 0B       		.uleb128 0xb
 437 02d7 DD120000 		.4byte	.LASF44
 438 02db 03       		.byte	0x3
 439 02dc 1601     		.2byte	0x116
 440 02de 11       		.byte	0x11
 441 02df 93000000 		.4byte	0x93
 442 02e3 03       		.byte	0x3
 443 02e4 23       		.byte	0x23
 444 02e5 A801     		.uleb128 0xa8
 445 02e7 0B       		.uleb128 0xb
 446 02e8 E7120000 		.4byte	.LASF45
 447 02ec 03       		.byte	0x3
 448 02ed 1701     		.2byte	0x117
 449 02ef 11       		.byte	0x11
 450 02f0 93000000 		.4byte	0x93
 451 02f4 03       		.byte	0x3
 452 02f5 23       		.byte	0x23
 453 02f6 AC01     		.uleb128 0xac
 454 02f8 0B       		.uleb128 0xb
 455 02f9 38030000 		.4byte	.LASF46
 456 02fd 03       		.byte	0x3
ARM GAS  C:\Users\nicx5\AppData\Local\Temp\ccq4ftZ0.s 			page 9


 457 02fe 1801     		.2byte	0x118
 458 0300 11       		.byte	0x11
 459 0301 9F000000 		.4byte	0x9f
 460 0305 03       		.byte	0x3
 461 0306 23       		.byte	0x23
 462 0307 B001     		.uleb128 0xb0
 463 0309 0B       		.uleb128 0xb
 464 030a C1100000 		.4byte	.LASF47
 465 030e 03       		.byte	0x3
 466 030f 1901     		.2byte	0x119
 467 0311 11       		.byte	0x11
 468 0312 9F000000 		.4byte	0x9f
 469 0316 03       		.byte	0x3
 470 0317 23       		.byte	0x23
 471 0318 B401     		.uleb128 0xb4
 472 031a 0B       		.uleb128 0xb
 473 031b 3D030000 		.4byte	.LASF48
 474 031f 03       		.byte	0x3
 475 0320 1A01     		.2byte	0x11a
 476 0322 11       		.byte	0x11
 477 0323 9F000000 		.4byte	0x9f
 478 0327 03       		.byte	0x3
 479 0328 23       		.byte	0x23
 480 0329 B801     		.uleb128 0xb8
 481 032b 0B       		.uleb128 0xb
 482 032c C6100000 		.4byte	.LASF49
 483 0330 03       		.byte	0x3
 484 0331 1B01     		.2byte	0x11b
 485 0333 11       		.byte	0x11
 486 0334 9F000000 		.4byte	0x9f
 487 0338 03       		.byte	0x3
 488 0339 23       		.byte	0x23
 489 033a BC01     		.uleb128 0xbc
 490 033c 0B       		.uleb128 0xb
 491 033d 61030000 		.4byte	.LASF50
 492 0341 03       		.byte	0x3
 493 0342 1C01     		.2byte	0x11c
 494 0344 11       		.byte	0x11
 495 0345 9F000000 		.4byte	0x9f
 496 0349 03       		.byte	0x3
 497 034a 23       		.byte	0x23
 498 034b C001     		.uleb128 0xc0
 499 034d 0B       		.uleb128 0xb
 500 034e FD080000 		.4byte	.LASF51
 501 0352 03       		.byte	0x3
 502 0353 1D01     		.2byte	0x11d
 503 0355 11       		.byte	0x11
 504 0356 9F000000 		.4byte	0x9f
 505 035a 03       		.byte	0x3
 506 035b 23       		.byte	0x23
 507 035c C401     		.uleb128 0xc4
 508 035e 0B       		.uleb128 0xb
 509 035f D4060000 		.4byte	.LASF52
 510 0363 03       		.byte	0x3
 511 0364 1E01     		.2byte	0x11e
 512 0366 11       		.byte	0x11
 513 0367 9F000000 		.4byte	0x9f
ARM GAS  C:\Users\nicx5\AppData\Local\Temp\ccq4ftZ0.s 			page 10


 514 036b 03       		.byte	0x3
 515 036c 23       		.byte	0x23
 516 036d C801     		.uleb128 0xc8
 517 036f 00       		.byte	0
 518 0370 0D       		.uleb128 0xd
 519 0371 93000000 		.4byte	0x93
 520 0375 80030000 		.4byte	0x380
 521 0379 0E       		.uleb128 0xe
 522 037a 80000000 		.4byte	0x80
 523 037e 03       		.byte	0x3
 524 037f 00       		.byte	0
 525 0380 0F       		.uleb128 0xf
 526 0381 9D090000 		.4byte	.LASF53
 527 0385 03       		.byte	0x3
 528 0386 1F01     		.2byte	0x11f
 529 0388 03       		.byte	0x3
 530 0389 C3000000 		.4byte	0xc3
 531 038d 06       		.uleb128 0x6
 532 038e 80030000 		.4byte	0x380
 533 0392 10       		.uleb128 0x10
 534 0393 14       		.byte	0x14
 535 0394 03       		.byte	0x3
 536 0395 2201     		.2byte	0x122
 537 0397 09       		.byte	0x9
 538 0398 ED030000 		.4byte	0x3ed
 539 039c 0C       		.uleb128 0xc
 540 039d 43535200 		.ascii	"CSR\000"
 541 03a1 03       		.byte	0x3
 542 03a2 2401     		.2byte	0x124
 543 03a4 0F       		.byte	0xf
 544 03a5 9F000000 		.4byte	0x9f
 545 03a9 02       		.byte	0x2
 546 03aa 23       		.byte	0x23
 547 03ab 00       		.uleb128 0
 548 03ac 0B       		.uleb128 0xb
 549 03ad 16000000 		.4byte	.LASF54
 550 03b1 03       		.byte	0x3
 551 03b2 2501     		.2byte	0x125
 552 03b4 0A       		.byte	0xa
 553 03b5 93000000 		.4byte	0x93
 554 03b9 02       		.byte	0x2
 555 03ba 23       		.byte	0x23
 556 03bb 04       		.uleb128 0x4
 557 03bc 0C       		.uleb128 0xc
 558 03bd 43435200 		.ascii	"CCR\000"
 559 03c1 03       		.byte	0x3
 560 03c2 2601     		.2byte	0x126
 561 03c4 0F       		.byte	0xf
 562 03c5 9F000000 		.4byte	0x9f
 563 03c9 02       		.byte	0x2
 564 03ca 23       		.byte	0x23
 565 03cb 08       		.uleb128 0x8
 566 03cc 0C       		.uleb128 0xc
 567 03cd 43445200 		.ascii	"CDR\000"
 568 03d1 03       		.byte	0x3
 569 03d2 2701     		.2byte	0x127
 570 03d4 0F       		.byte	0xf
ARM GAS  C:\Users\nicx5\AppData\Local\Temp\ccq4ftZ0.s 			page 11


 571 03d5 9F000000 		.4byte	0x9f
 572 03d9 02       		.byte	0x2
 573 03da 23       		.byte	0x23
 574 03db 0C       		.uleb128 0xc
 575 03dc 0B       		.uleb128 0xb
 576 03dd A00B0000 		.4byte	.LASF55
 577 03e1 03       		.byte	0x3
 578 03e2 2801     		.2byte	0x128
 579 03e4 0F       		.byte	0xf
 580 03e5 9F000000 		.4byte	0x9f
 581 03e9 02       		.byte	0x2
 582 03ea 23       		.byte	0x23
 583 03eb 10       		.uleb128 0x10
 584 03ec 00       		.byte	0
 585 03ed 0F       		.uleb128 0xf
 586 03ee C20C0000 		.4byte	.LASF56
 587 03f2 03       		.byte	0x3
 588 03f3 2A01     		.2byte	0x12a
 589 03f5 03       		.byte	0x3
 590 03f6 92030000 		.4byte	0x392
 591 03fa 10       		.uleb128 0x10
 592 03fb 58       		.byte	0x58
 593 03fc 03       		.byte	0x3
 594 03fd 0A02     		.2byte	0x20a
 595 03ff 09       		.byte	0x9
 596 0400 C4040000 		.4byte	0x4c4
 597 0404 0B       		.uleb128 0xb
 598 0405 C4090000 		.4byte	.LASF57
 599 0409 03       		.byte	0x3
 600 040a 0C02     		.2byte	0x20c
 601 040c 11       		.byte	0x11
 602 040d 9F000000 		.4byte	0x9f
 603 0411 02       		.byte	0x2
 604 0412 23       		.byte	0x23
 605 0413 00       		.uleb128 0
 606 0414 0C       		.uleb128 0xc
 607 0415 435200   		.ascii	"CR\000"
 608 0418 03       		.byte	0x3
 609 0419 0D02     		.2byte	0x20d
 610 041b 11       		.byte	0x11
 611 041c 9F000000 		.4byte	0x9f
 612 0420 02       		.byte	0x2
 613 0421 23       		.byte	0x23
 614 0422 04       		.uleb128 0x4
 615 0423 0B       		.uleb128 0xb
 616 0424 9F0C0000 		.4byte	.LASF29
 617 0428 03       		.byte	0x3
 618 0429 0E02     		.2byte	0x20e
 619 042b 0C       		.byte	0xc
 620 042c C4040000 		.4byte	0x4c4
 621 0430 02       		.byte	0x2
 622 0431 23       		.byte	0x23
 623 0432 08       		.uleb128 0x8
 624 0433 0B       		.uleb128 0xb
 625 0434 2E060000 		.4byte	.LASF58
 626 0438 03       		.byte	0x3
 627 0439 0F02     		.2byte	0x20f
ARM GAS  C:\Users\nicx5\AppData\Local\Temp\ccq4ftZ0.s 			page 12


 628 043b 11       		.byte	0x11
 629 043c 9F000000 		.4byte	0x9f
 630 0440 02       		.byte	0x2
 631 0441 23       		.byte	0x23
 632 0442 34       		.uleb128 0x34
 633 0443 0B       		.uleb128 0xb
 634 0444 A90C0000 		.4byte	.LASF31
 635 0448 03       		.byte	0x3
 636 0449 1002     		.2byte	0x210
 637 044b 0C       		.byte	0xc
 638 044c 93000000 		.4byte	0x93
 639 0450 02       		.byte	0x2
 640 0451 23       		.byte	0x23
 641 0452 38       		.uleb128 0x38
 642 0453 0B       		.uleb128 0xb
 643 0454 28020000 		.4byte	.LASF59
 644 0458 03       		.byte	0x3
 645 0459 1102     		.2byte	0x211
 646 045b 11       		.byte	0x11
 647 045c 9F000000 		.4byte	0x9f
 648 0460 02       		.byte	0x2
 649 0461 23       		.byte	0x23
 650 0462 3C       		.uleb128 0x3c
 651 0463 0B       		.uleb128 0xb
 652 0464 B30C0000 		.4byte	.LASF36
 653 0468 03       		.byte	0x3
 654 0469 1202     		.2byte	0x212
 655 046b 0C       		.byte	0xc
 656 046c 93000000 		.4byte	0x93
 657 0470 02       		.byte	0x2
 658 0471 23       		.byte	0x23
 659 0472 40       		.uleb128 0x40
 660 0473 0B       		.uleb128 0xb
 661 0474 2E100000 		.4byte	.LASF60
 662 0478 03       		.byte	0x3
 663 0479 1302     		.2byte	0x213
 664 047b 11       		.byte	0x11
 665 047c 9F000000 		.4byte	0x9f
 666 0480 02       		.byte	0x2
 667 0481 23       		.byte	0x23
 668 0482 44       		.uleb128 0x44
 669 0483 0B       		.uleb128 0xb
 670 0484 D3120000 		.4byte	.LASF41
 671 0488 03       		.byte	0x3
 672 0489 1402     		.2byte	0x214
 673 048b 0C       		.byte	0xc
 674 048c 93000000 		.4byte	0x93
 675 0490 02       		.byte	0x2
 676 0491 23       		.byte	0x23
 677 0492 48       		.uleb128 0x48
 678 0493 0B       		.uleb128 0xb
 679 0494 F20D0000 		.4byte	.LASF61
 680 0498 03       		.byte	0x3
 681 0499 1502     		.2byte	0x215
 682 049b 11       		.byte	0x11
 683 049c 9F000000 		.4byte	0x9f
 684 04a0 02       		.byte	0x2
ARM GAS  C:\Users\nicx5\AppData\Local\Temp\ccq4ftZ0.s 			page 13


 685 04a1 23       		.byte	0x23
 686 04a2 4C       		.uleb128 0x4c
 687 04a3 0B       		.uleb128 0xb
 688 04a4 DD120000 		.4byte	.LASF44
 689 04a8 03       		.byte	0x3
 690 04a9 1602     		.2byte	0x216
 691 04ab 0C       		.byte	0xc
 692 04ac 93000000 		.4byte	0x93
 693 04b0 02       		.byte	0x2
 694 04b1 23       		.byte	0x23
 695 04b2 50       		.uleb128 0x50
 696 04b3 0B       		.uleb128 0xb
 697 04b4 98110000 		.4byte	.LASF62
 698 04b8 03       		.byte	0x3
 699 04b9 1702     		.2byte	0x217
 700 04bb 11       		.byte	0x11
 701 04bc 9F000000 		.4byte	0x9f
 702 04c0 02       		.byte	0x2
 703 04c1 23       		.byte	0x23
 704 04c2 54       		.uleb128 0x54
 705 04c3 00       		.byte	0
 706 04c4 0D       		.uleb128 0xd
 707 04c5 93000000 		.4byte	0x93
 708 04c9 D4040000 		.4byte	0x4d4
 709 04cd 0E       		.uleb128 0xe
 710 04ce 80000000 		.4byte	0x80
 711 04d2 0A       		.byte	0xa
 712 04d3 00       		.byte	0
 713 04d4 0F       		.uleb128 0xf
 714 04d5 24030000 		.4byte	.LASF63
 715 04d9 03       		.byte	0x3
 716 04da 1802     		.2byte	0x218
 717 04dc 02       		.byte	0x2
 718 04dd FA030000 		.4byte	0x3fa
 719 04e1 10       		.uleb128 0x10
 720 04e2 04       		.byte	0x4
 721 04e3 03       		.byte	0x3
 722 04e4 5102     		.2byte	0x251
 723 04e6 09       		.byte	0x9
 724 04e7 FC040000 		.4byte	0x4fc
 725 04eb 0C       		.uleb128 0xc
 726 04ec 43435200 		.ascii	"CCR\000"
 727 04f0 03       		.byte	0x3
 728 04f1 5302     		.2byte	0x253
 729 04f3 12       		.byte	0x12
 730 04f4 9F000000 		.4byte	0x9f
 731 04f8 02       		.byte	0x2
 732 04f9 23       		.byte	0x23
 733 04fa 00       		.uleb128 0
 734 04fb 00       		.byte	0
 735 04fc 0F       		.uleb128 0xf
 736 04fd 6A0C0000 		.4byte	.LASF64
 737 0501 03       		.byte	0x3
 738 0502 5402     		.2byte	0x254
 739 0504 02       		.byte	0x2
 740 0505 E1040000 		.4byte	0x4e1
 741 0509 10       		.uleb128 0x10
ARM GAS  C:\Users\nicx5\AppData\Local\Temp\ccq4ftZ0.s 			page 14


 742 050a 08       		.byte	0x8
 743 050b 03       		.byte	0x3
 744 050c 5602     		.2byte	0x256
 745 050e 09       		.byte	0x9
 746 050f 34050000 		.4byte	0x534
 747 0513 0C       		.uleb128 0xc
 748 0514 43535200 		.ascii	"CSR\000"
 749 0518 03       		.byte	0x3
 750 0519 5802     		.2byte	0x258
 751 051b 12       		.byte	0x12
 752 051c 9F000000 		.4byte	0x9f
 753 0520 02       		.byte	0x2
 754 0521 23       		.byte	0x23
 755 0522 00       		.uleb128 0
 756 0523 0C       		.uleb128 0xc
 757 0524 43465200 		.ascii	"CFR\000"
 758 0528 03       		.byte	0x3
 759 0529 5902     		.2byte	0x259
 760 052b 12       		.byte	0x12
 761 052c 9F000000 		.4byte	0x9f
 762 0530 02       		.byte	0x2
 763 0531 23       		.byte	0x23
 764 0532 04       		.uleb128 0x4
 765 0533 00       		.byte	0
 766 0534 0F       		.uleb128 0xf
 767 0535 33000000 		.4byte	.LASF65
 768 0539 03       		.byte	0x3
 769 053a 5A02     		.2byte	0x25a
 770 053c 02       		.byte	0x2
 771 053d 09050000 		.4byte	0x509
 772 0541 10       		.uleb128 0x10
 773 0542 04       		.byte	0x4
 774 0543 03       		.byte	0x3
 775 0544 5C02     		.2byte	0x25c
 776 0546 09       		.byte	0x9
 777 0547 5C050000 		.4byte	0x55c
 778 054b 0B       		.uleb128 0xb
 779 054c E5090000 		.4byte	.LASF66
 780 0550 03       		.byte	0x3
 781 0551 5E02     		.2byte	0x25e
 782 0553 12       		.byte	0x12
 783 0554 9F000000 		.4byte	0x9f
 784 0558 02       		.byte	0x2
 785 0559 23       		.byte	0x23
 786 055a 00       		.uleb128 0
 787 055b 00       		.byte	0
 788 055c 0F       		.uleb128 0xf
 789 055d 260C0000 		.4byte	.LASF67
 790 0561 03       		.byte	0x3
 791 0562 5F02     		.2byte	0x25f
 792 0564 02       		.byte	0x2
 793 0565 41050000 		.4byte	0x541
 794 0569 10       		.uleb128 0x10
 795 056a 08       		.byte	0x8
 796 056b 03       		.byte	0x3
 797 056c 6102     		.2byte	0x261
 798 056e 09       		.byte	0x9
ARM GAS  C:\Users\nicx5\AppData\Local\Temp\ccq4ftZ0.s 			page 15


 799 056f 94050000 		.4byte	0x594
 800 0573 0B       		.uleb128 0xb
 801 0574 970A0000 		.4byte	.LASF68
 802 0578 03       		.byte	0x3
 803 0579 6302     		.2byte	0x263
 804 057b 12       		.byte	0x12
 805 057c 9F000000 		.4byte	0x9f
 806 0580 02       		.byte	0x2
 807 0581 23       		.byte	0x23
 808 0582 00       		.uleb128 0
 809 0583 0B       		.uleb128 0xb
 810 0584 0C0B0000 		.4byte	.LASF69
 811 0588 03       		.byte	0x3
 812 0589 6402     		.2byte	0x264
 813 058b 12       		.byte	0x12
 814 058c 9F000000 		.4byte	0x9f
 815 0590 02       		.byte	0x2
 816 0591 23       		.byte	0x23
 817 0592 04       		.uleb128 0x4
 818 0593 00       		.byte	0
 819 0594 0F       		.uleb128 0xf
 820 0595 D50A0000 		.4byte	.LASF70
 821 0599 03       		.byte	0x3
 822 059a 6502     		.2byte	0x265
 823 059c 02       		.byte	0x2
 824 059d 69050000 		.4byte	0x569
 825 05a1 11       		.uleb128 0x11
 826 05a2 07       		.byte	0x7
 827 05a3 01       		.byte	0x1
 828 05a4 37000000 		.4byte	0x37
 829 05a8 04       		.byte	0x4
 830 05a9 BA       		.byte	0xba
 831 05aa 01       		.byte	0x1
 832 05ab BC050000 		.4byte	0x5bc
 833 05af 12       		.uleb128 0x12
 834 05b0 17080000 		.4byte	.LASF71
 835 05b4 00       		.byte	0
 836 05b5 12       		.uleb128 0x12
 837 05b6 090F0000 		.4byte	.LASF72
 838 05ba 01       		.byte	0x1
 839 05bb 00       		.byte	0
 840 05bc 03       		.uleb128 0x3
 841 05bd 35010000 		.4byte	.LASF73
 842 05c1 04       		.byte	0x4
 843 05c2 BD       		.byte	0xbd
 844 05c3 03       		.byte	0x3
 845 05c4 A1050000 		.4byte	0x5a1
 846 05c8 02       		.uleb128 0x2
 847 05c9 08       		.byte	0x8
 848 05ca 04       		.byte	0x4
 849 05cb 8B0A0000 		.4byte	.LASF74
 850 05cf 13       		.uleb128 0x13
 851 05d0 04       		.byte	0x4
 852 05d1 02       		.uleb128 0x2
 853 05d2 01       		.byte	0x1
 854 05d3 08       		.byte	0x8
 855 05d4 DA070000 		.4byte	.LASF75
ARM GAS  C:\Users\nicx5\AppData\Local\Temp\ccq4ftZ0.s 			page 16


 856 05d8 02       		.uleb128 0x2
 857 05d9 04       		.byte	0x4
 858 05da 04       		.byte	0x4
 859 05db 51040000 		.4byte	.LASF76
 860 05df 02       		.uleb128 0x2
 861 05e0 08       		.byte	0x8
 862 05e1 04       		.byte	0x4
 863 05e2 8F120000 		.4byte	.LASF77
 864 05e6 11       		.uleb128 0x11
 865 05e7 07       		.byte	0x7
 866 05e8 01       		.byte	0x1
 867 05e9 37000000 		.4byte	0x37
 868 05ed 05       		.byte	0x5
 869 05ee 28       		.byte	0x28
 870 05ef 01       		.byte	0x1
 871 05f0 0D060000 		.4byte	0x60d
 872 05f4 12       		.uleb128 0x12
 873 05f5 2D050000 		.4byte	.LASF78
 874 05f9 00       		.byte	0
 875 05fa 12       		.uleb128 0x12
 876 05fb 8C040000 		.4byte	.LASF79
 877 05ff 01       		.byte	0x1
 878 0600 12       		.uleb128 0x12
 879 0601 5F010000 		.4byte	.LASF80
 880 0605 02       		.byte	0x2
 881 0606 12       		.uleb128 0x12
 882 0607 68030000 		.4byte	.LASF81
 883 060b 03       		.byte	0x3
 884 060c 00       		.byte	0
 885 060d 03       		.uleb128 0x3
 886 060e 120B0000 		.4byte	.LASF82
 887 0612 05       		.byte	0x5
 888 0613 2D       		.byte	0x2d
 889 0614 03       		.byte	0x3
 890 0615 E6050000 		.4byte	0x5e6
 891 0619 11       		.uleb128 0x11
 892 061a 07       		.byte	0x7
 893 061b 01       		.byte	0x1
 894 061c 37000000 		.4byte	0x37
 895 0620 05       		.byte	0x5
 896 0621 33       		.byte	0x33
 897 0622 01       		.byte	0x1
 898 0623 34060000 		.4byte	0x634
 899 0627 12       		.uleb128 0x12
 900 0628 19070000 		.4byte	.LASF83
 901 062c 00       		.byte	0
 902 062d 12       		.uleb128 0x12
 903 062e 86000000 		.4byte	.LASF84
 904 0632 01       		.byte	0x1
 905 0633 00       		.byte	0
 906 0634 03       		.uleb128 0x3
 907 0635 430E0000 		.4byte	.LASF85
 908 0639 05       		.byte	0x5
 909 063a 36       		.byte	0x36
 910 063b 03       		.byte	0x3
 911 063c 19060000 		.4byte	0x619
 912 0640 08       		.uleb128 0x8
ARM GAS  C:\Users\nicx5\AppData\Local\Temp\ccq4ftZ0.s 			page 17


 913 0641 30       		.byte	0x30
 914 0642 06       		.byte	0x6
 915 0643 30       		.byte	0x30
 916 0644 09       		.byte	0x9
 917 0645 FE060000 		.4byte	0x6fe
 918 0649 0A       		.uleb128 0xa
 919 064a 0C0A0000 		.4byte	.LASF86
 920 064e 06       		.byte	0x6
 921 064f 32       		.byte	0x32
 922 0650 0C       		.byte	0xc
 923 0651 93000000 		.4byte	0x93
 924 0655 02       		.byte	0x2
 925 0656 23       		.byte	0x23
 926 0657 00       		.uleb128 0
 927 0658 0A       		.uleb128 0xa
 928 0659 CF0F0000 		.4byte	.LASF87
 929 065d 06       		.byte	0x6
 930 065e 35       		.byte	0x35
 931 065f 0C       		.byte	0xc
 932 0660 93000000 		.4byte	0x93
 933 0664 02       		.byte	0x2
 934 0665 23       		.byte	0x23
 935 0666 04       		.uleb128 0x4
 936 0667 0A       		.uleb128 0xa
 937 0668 24100000 		.4byte	.LASF88
 938 066c 06       		.byte	0x6
 939 066d 39       		.byte	0x39
 940 066e 0C       		.byte	0xc
 941 066f 93000000 		.4byte	0x93
 942 0673 02       		.byte	0x2
 943 0674 23       		.byte	0x23
 944 0675 08       		.uleb128 0x8
 945 0676 0A       		.uleb128 0xa
 946 0677 25010000 		.4byte	.LASF89
 947 067b 06       		.byte	0x6
 948 067c 3C       		.byte	0x3c
 949 067d 0C       		.byte	0xc
 950 067e 93000000 		.4byte	0x93
 951 0682 02       		.byte	0x2
 952 0683 23       		.byte	0x23
 953 0684 0C       		.uleb128 0xc
 954 0685 0A       		.uleb128 0xa
 955 0686 36060000 		.4byte	.LASF90
 956 068a 06       		.byte	0x6
 957 068b 3F       		.byte	0x3f
 958 068c 0C       		.byte	0xc
 959 068d 93000000 		.4byte	0x93
 960 0691 02       		.byte	0x2
 961 0692 23       		.byte	0x23
 962 0693 10       		.uleb128 0x10
 963 0694 0A       		.uleb128 0xa
 964 0695 8B0D0000 		.4byte	.LASF91
 965 0699 06       		.byte	0x6
 966 069a 42       		.byte	0x42
 967 069b 0C       		.byte	0xc
 968 069c 93000000 		.4byte	0x93
 969 06a0 02       		.byte	0x2
ARM GAS  C:\Users\nicx5\AppData\Local\Temp\ccq4ftZ0.s 			page 18


 970 06a1 23       		.byte	0x23
 971 06a2 14       		.uleb128 0x14
 972 06a3 0A       		.uleb128 0xa
 973 06a4 12120000 		.4byte	.LASF92
 974 06a8 06       		.byte	0x6
 975 06a9 45       		.byte	0x45
 976 06aa 0C       		.byte	0xc
 977 06ab 93000000 		.4byte	0x93
 978 06af 02       		.byte	0x2
 979 06b0 23       		.byte	0x23
 980 06b1 18       		.uleb128 0x18
 981 06b2 0A       		.uleb128 0xa
 982 06b3 ED010000 		.4byte	.LASF93
 983 06b7 06       		.byte	0x6
 984 06b8 4A       		.byte	0x4a
 985 06b9 0C       		.byte	0xc
 986 06ba 93000000 		.4byte	0x93
 987 06be 02       		.byte	0x2
 988 06bf 23       		.byte	0x23
 989 06c0 1C       		.uleb128 0x1c
 990 06c1 0A       		.uleb128 0xa
 991 06c2 430B0000 		.4byte	.LASF94
 992 06c6 06       		.byte	0x6
 993 06c7 4D       		.byte	0x4d
 994 06c8 0C       		.byte	0xc
 995 06c9 93000000 		.4byte	0x93
 996 06cd 02       		.byte	0x2
 997 06ce 23       		.byte	0x23
 998 06cf 20       		.uleb128 0x20
 999 06d0 0A       		.uleb128 0xa
 1000 06d1 00000000 		.4byte	.LASF95
 1001 06d5 06       		.byte	0x6
 1002 06d6 52       		.byte	0x52
 1003 06d7 0C       		.byte	0xc
 1004 06d8 93000000 		.4byte	0x93
 1005 06dc 02       		.byte	0x2
 1006 06dd 23       		.byte	0x23
 1007 06de 24       		.uleb128 0x24
 1008 06df 0A       		.uleb128 0xa
 1009 06e0 01130000 		.4byte	.LASF96
 1010 06e4 06       		.byte	0x6
 1011 06e5 55       		.byte	0x55
 1012 06e6 0C       		.byte	0xc
 1013 06e7 93000000 		.4byte	0x93
 1014 06eb 02       		.byte	0x2
 1015 06ec 23       		.byte	0x23
 1016 06ed 28       		.uleb128 0x28
 1017 06ee 0A       		.uleb128 0xa
 1018 06ef 650B0000 		.4byte	.LASF97
 1019 06f3 06       		.byte	0x6
 1020 06f4 5B       		.byte	0x5b
 1021 06f5 0C       		.byte	0xc
 1022 06f6 93000000 		.4byte	0x93
 1023 06fa 02       		.byte	0x2
 1024 06fb 23       		.byte	0x23
 1025 06fc 2C       		.uleb128 0x2c
 1026 06fd 00       		.byte	0
ARM GAS  C:\Users\nicx5\AppData\Local\Temp\ccq4ftZ0.s 			page 19


 1027 06fe 03       		.uleb128 0x3
 1028 06ff E90C0000 		.4byte	.LASF98
 1029 0703 06       		.byte	0x6
 1030 0704 60       		.byte	0x60
 1031 0705 02       		.byte	0x2
 1032 0706 40060000 		.4byte	0x640
 1033 070a 11       		.uleb128 0x11
 1034 070b 07       		.byte	0x7
 1035 070c 01       		.byte	0x1
 1036 070d 37000000 		.4byte	0x37
 1037 0711 06       		.byte	0x6
 1038 0712 66       		.byte	0x66
 1039 0713 01       		.byte	0x1
 1040 0714 37070000 		.4byte	0x737
 1041 0718 12       		.uleb128 0x12
 1042 0719 D50C0000 		.4byte	.LASF99
 1043 071d 00       		.byte	0
 1044 071e 12       		.uleb128 0x12
 1045 071f B8120000 		.4byte	.LASF100
 1046 0723 01       		.byte	0x1
 1047 0724 12       		.uleb128 0x12
 1048 0725 820F0000 		.4byte	.LASF101
 1049 0729 02       		.byte	0x2
 1050 072a 12       		.uleb128 0x12
 1051 072b 62080000 		.4byte	.LASF102
 1052 072f 03       		.byte	0x3
 1053 0730 12       		.uleb128 0x12
 1054 0731 0A130000 		.4byte	.LASF103
 1055 0735 04       		.byte	0x4
 1056 0736 00       		.byte	0
 1057 0737 03       		.uleb128 0x3
 1058 0738 72060000 		.4byte	.LASF104
 1059 073c 06       		.byte	0x6
 1060 073d 6C       		.byte	0x6c
 1061 073e 02       		.byte	0x2
 1062 073f 0A070000 		.4byte	0x70a
 1063 0743 05       		.uleb128 0x5
 1064 0744 37070000 		.4byte	0x737
 1065 0748 14       		.uleb128 0x14
 1066 0749 5C090000 		.4byte	.LASF299
 1067 074d 78       		.byte	0x78
 1068 074e 06       		.byte	0x6
 1069 074f 88       		.byte	0x88
 1070 0750 10       		.byte	0x10
 1071 0751 82080000 		.4byte	0x882
 1072 0755 0A       		.uleb128 0xa
 1073 0756 BA0D0000 		.4byte	.LASF105
 1074 075a 06       		.byte	0x6
 1075 075b 8A       		.byte	0x8a
 1076 075c 24       		.byte	0x24
 1077 075d CF050000 		.4byte	0x5cf
 1078 0761 02       		.byte	0x2
 1079 0762 23       		.byte	0x23
 1080 0763 00       		.uleb128 0
 1081 0764 0A       		.uleb128 0xa
 1082 0765 F1100000 		.4byte	.LASF106
 1083 0769 06       		.byte	0x6
ARM GAS  C:\Users\nicx5\AppData\Local\Temp\ccq4ftZ0.s 			page 20


 1084 076a 8C       		.byte	0x8c
 1085 076b 23       		.byte	0x23
 1086 076c FE060000 		.4byte	0x6fe
 1087 0770 02       		.byte	0x2
 1088 0771 23       		.byte	0x23
 1089 0772 04       		.uleb128 0x4
 1090 0773 0A       		.uleb128 0xa
 1091 0774 91000000 		.4byte	.LASF107
 1092 0778 06       		.byte	0x6
 1093 0779 8E       		.byte	0x8e
 1094 077a 23       		.byte	0x23
 1095 077b 34060000 		.4byte	0x634
 1096 077f 02       		.byte	0x2
 1097 0780 23       		.byte	0x23
 1098 0781 34       		.uleb128 0x34
 1099 0782 0A       		.uleb128 0xa
 1100 0783 22020000 		.4byte	.LASF108
 1101 0787 06       		.byte	0x6
 1102 0788 90       		.byte	0x90
 1103 0789 23       		.byte	0x23
 1104 078a 43070000 		.4byte	0x743
 1105 078e 02       		.byte	0x2
 1106 078f 23       		.byte	0x23
 1107 0790 35       		.uleb128 0x35
 1108 0791 0A       		.uleb128 0xa
 1109 0792 44050000 		.4byte	.LASF109
 1110 0796 06       		.byte	0x6
 1111 0797 92       		.byte	0x92
 1112 0798 24       		.byte	0x24
 1113 0799 CF050000 		.4byte	0x5cf
 1114 079d 02       		.byte	0x2
 1115 079e 23       		.byte	0x23
 1116 079f 38       		.uleb128 0x38
 1117 07a0 0A       		.uleb128 0xa
 1118 07a1 F0030000 		.4byte	.LASF110
 1119 07a5 06       		.byte	0x6
 1120 07a6 94       		.byte	0x94
 1121 07a7 26       		.byte	0x26
 1122 07a8 94080000 		.4byte	0x894
 1123 07ac 02       		.byte	0x2
 1124 07ad 23       		.byte	0x23
 1125 07ae 3C       		.uleb128 0x3c
 1126 07af 0A       		.uleb128 0xa
 1127 07b0 7A120000 		.4byte	.LASF111
 1128 07b4 06       		.byte	0x6
 1129 07b5 96       		.byte	0x96
 1130 07b6 26       		.byte	0x26
 1131 07b7 94080000 		.4byte	0x894
 1132 07bb 02       		.byte	0x2
 1133 07bc 23       		.byte	0x23
 1134 07bd 40       		.uleb128 0x40
 1135 07be 0A       		.uleb128 0xa
 1136 07bf D2090000 		.4byte	.LASF112
 1137 07c3 06       		.byte	0x6
 1138 07c4 98       		.byte	0x98
 1139 07c5 26       		.byte	0x26
 1140 07c6 94080000 		.4byte	0x894
ARM GAS  C:\Users\nicx5\AppData\Local\Temp\ccq4ftZ0.s 			page 21


 1141 07ca 02       		.byte	0x2
 1142 07cb 23       		.byte	0x23
 1143 07cc 44       		.uleb128 0x44
 1144 07cd 0A       		.uleb128 0xa
 1145 07ce 6B0F0000 		.4byte	.LASF113
 1146 07d2 06       		.byte	0x6
 1147 07d3 9A       		.byte	0x9a
 1148 07d4 26       		.byte	0x26
 1149 07d5 94080000 		.4byte	0x894
 1150 07d9 02       		.byte	0x2
 1151 07da 23       		.byte	0x23
 1152 07db 48       		.uleb128 0x48
 1153 07dc 0A       		.uleb128 0xa
 1154 07dd BC060000 		.4byte	.LASF114
 1155 07e1 06       		.byte	0x6
 1156 07e2 9C       		.byte	0x9c
 1157 07e3 26       		.byte	0x26
 1158 07e4 94080000 		.4byte	0x894
 1159 07e8 02       		.byte	0x2
 1160 07e9 23       		.byte	0x23
 1161 07ea 4C       		.uleb128 0x4c
 1162 07eb 0A       		.uleb128 0xa
 1163 07ec 380A0000 		.4byte	.LASF115
 1164 07f0 06       		.byte	0x6
 1165 07f1 9E       		.byte	0x9e
 1166 07f2 26       		.byte	0x26
 1167 07f3 94080000 		.4byte	0x894
 1168 07f7 02       		.byte	0x2
 1169 07f8 23       		.byte	0x23
 1170 07f9 50       		.uleb128 0x50
 1171 07fa 0A       		.uleb128 0xa
 1172 07fb 240B0000 		.4byte	.LASF116
 1173 07ff 06       		.byte	0x6
 1174 0800 A0       		.byte	0xa0
 1175 0801 23       		.byte	0x23
 1176 0802 9F000000 		.4byte	0x9f
 1177 0806 02       		.byte	0x2
 1178 0807 23       		.byte	0x23
 1179 0808 54       		.uleb128 0x54
 1180 0809 0A       		.uleb128 0xa
 1181 080a D30B0000 		.4byte	.LASF117
 1182 080e 06       		.byte	0x6
 1183 080f A2       		.byte	0xa2
 1184 0810 23       		.byte	0x23
 1185 0811 93000000 		.4byte	0x93
 1186 0815 02       		.byte	0x2
 1187 0816 23       		.byte	0x23
 1188 0817 58       		.uleb128 0x58
 1189 0818 0A       		.uleb128 0xa
 1190 0819 F6100000 		.4byte	.LASF118
 1191 081d 06       		.byte	0x6
 1192 081e A4       		.byte	0xa4
 1193 081f 23       		.byte	0x23
 1194 0820 93000000 		.4byte	0x93
 1195 0824 02       		.byte	0x2
 1196 0825 23       		.byte	0x23
 1197 0826 5C       		.uleb128 0x5c
ARM GAS  C:\Users\nicx5\AppData\Local\Temp\ccq4ftZ0.s 			page 22


 1198 0827 0A       		.uleb128 0xa
 1199 0828 05100000 		.4byte	.LASF119
 1200 082c 06       		.byte	0x6
 1201 082d A6       		.byte	0xa6
 1202 082e 24       		.byte	0x24
 1203 082f 9A080000 		.4byte	0x89a
 1204 0833 02       		.byte	0x2
 1205 0834 23       		.byte	0x23
 1206 0835 60       		.uleb128 0x60
 1207 0836 0A       		.uleb128 0xa
 1208 0837 BC0A0000 		.4byte	.LASF120
 1209 083b 06       		.byte	0x6
 1210 083c A8       		.byte	0xa8
 1211 083d 24       		.byte	0x24
 1212 083e A0080000 		.4byte	0x8a0
 1213 0842 02       		.byte	0x2
 1214 0843 23       		.byte	0x23
 1215 0844 64       		.uleb128 0x64
 1216 0845 0A       		.uleb128 0xa
 1217 0846 FA0D0000 		.4byte	.LASF121
 1218 084a 06       		.byte	0x6
 1219 084b AA       		.byte	0xaa
 1220 084c 23       		.byte	0x23
 1221 084d 93000000 		.4byte	0x93
 1222 0851 02       		.byte	0x2
 1223 0852 23       		.byte	0x23
 1224 0853 68       		.uleb128 0x68
 1225 0854 0A       		.uleb128 0xa
 1226 0855 F5110000 		.4byte	.LASF122
 1227 0859 06       		.byte	0x6
 1228 085a AD       		.byte	0xad
 1229 085b 24       		.byte	0x24
 1230 085c A6080000 		.4byte	0x8a6
 1231 0860 02       		.byte	0x2
 1232 0861 23       		.byte	0x23
 1233 0862 6C       		.uleb128 0x6c
 1234 0863 0A       		.uleb128 0xa
 1235 0864 C8030000 		.4byte	.LASF123
 1236 0868 06       		.byte	0x6
 1237 0869 AF       		.byte	0xaf
 1238 086a 24       		.byte	0x24
 1239 086b AC080000 		.4byte	0x8ac
 1240 086f 02       		.byte	0x2
 1241 0870 23       		.byte	0x23
 1242 0871 70       		.uleb128 0x70
 1243 0872 0A       		.uleb128 0xa
 1244 0873 EA090000 		.4byte	.LASF124
 1245 0877 06       		.byte	0x6
 1246 0878 B1       		.byte	0xb1
 1247 0879 23       		.byte	0x23
 1248 087a 93000000 		.4byte	0x93
 1249 087e 02       		.byte	0x2
 1250 087f 23       		.byte	0x23
 1251 0880 74       		.uleb128 0x74
 1252 0881 00       		.byte	0
 1253 0882 15       		.uleb128 0x15
 1254 0883 01       		.byte	0x1
ARM GAS  C:\Users\nicx5\AppData\Local\Temp\ccq4ftZ0.s 			page 23


 1255 0884 8E080000 		.4byte	0x88e
 1256 0888 16       		.uleb128 0x16
 1257 0889 8E080000 		.4byte	0x88e
 1258 088d 00       		.byte	0
 1259 088e 17       		.uleb128 0x17
 1260 088f 04       		.byte	0x4
 1261 0890 48070000 		.4byte	0x748
 1262 0894 17       		.uleb128 0x17
 1263 0895 04       		.byte	0x4
 1264 0896 82080000 		.4byte	0x882
 1265 089a 17       		.uleb128 0x17
 1266 089b 04       		.byte	0x4
 1267 089c FC040000 		.4byte	0x4fc
 1268 08a0 17       		.uleb128 0x17
 1269 08a1 04       		.byte	0x4
 1270 08a2 34050000 		.4byte	0x534
 1271 08a6 17       		.uleb128 0x17
 1272 08a7 04       		.byte	0x4
 1273 08a8 5C050000 		.4byte	0x55c
 1274 08ac 17       		.uleb128 0x17
 1275 08ad 04       		.byte	0x4
 1276 08ae 94050000 		.4byte	0x594
 1277 08b2 03       		.uleb128 0x3
 1278 08b3 26070000 		.4byte	.LASF125
 1279 08b7 06       		.byte	0x6
 1280 08b8 B3       		.byte	0xb3
 1281 08b9 02       		.byte	0x2
 1282 08ba 48070000 		.4byte	0x748
 1283 08be 08       		.uleb128 0x8
 1284 08bf 10       		.byte	0x10
 1285 08c0 07       		.byte	0x7
 1286 08c1 31       		.byte	0x31
 1287 08c2 09       		.byte	0x9
 1288 08c3 04090000 		.4byte	0x904
 1289 08c7 0A       		.uleb128 0xa
 1290 08c8 CE060000 		.4byte	.LASF126
 1291 08cc 07       		.byte	0x7
 1292 08cd 33       		.byte	0x33
 1293 08ce 0C       		.byte	0xc
 1294 08cf 93000000 		.4byte	0x93
 1295 08d3 02       		.byte	0x2
 1296 08d4 23       		.byte	0x23
 1297 08d5 00       		.uleb128 0
 1298 08d6 0A       		.uleb128 0xa
 1299 08d7 57040000 		.4byte	.LASF127
 1300 08db 07       		.byte	0x7
 1301 08dc 3A       		.byte	0x3a
 1302 08dd 0C       		.byte	0xc
 1303 08de 93000000 		.4byte	0x93
 1304 08e2 02       		.byte	0x2
 1305 08e3 23       		.byte	0x23
 1306 08e4 04       		.uleb128 0x4
 1307 08e5 0A       		.uleb128 0xa
 1308 08e6 FB060000 		.4byte	.LASF128
 1309 08ea 07       		.byte	0x7
 1310 08eb 3D       		.byte	0x3d
 1311 08ec 0C       		.byte	0xc
ARM GAS  C:\Users\nicx5\AppData\Local\Temp\ccq4ftZ0.s 			page 24


 1312 08ed 93000000 		.4byte	0x93
 1313 08f1 02       		.byte	0x2
 1314 08f2 23       		.byte	0x23
 1315 08f3 08       		.uleb128 0x8
 1316 08f4 0A       		.uleb128 0xa
 1317 08f5 070D0000 		.4byte	.LASF129
 1318 08f9 07       		.byte	0x7
 1319 08fa 40       		.byte	0x40
 1320 08fb 0C       		.byte	0xc
 1321 08fc 93000000 		.4byte	0x93
 1322 0900 02       		.byte	0x2
 1323 0901 23       		.byte	0x23
 1324 0902 0C       		.uleb128 0xc
 1325 0903 00       		.byte	0
 1326 0904 03       		.uleb128 0x3
 1327 0905 6E000000 		.4byte	.LASF130
 1328 0909 07       		.byte	0x7
 1329 090a 48       		.byte	0x48
 1330 090b 03       		.byte	0x3
 1331 090c BE080000 		.4byte	0x8be
 1332 0910 08       		.uleb128 0x8
 1333 0911 48       		.byte	0x48
 1334 0912 07       		.byte	0x7
 1335 0913 5A       		.byte	0x5a
 1336 0914 09       		.byte	0x9
 1337 0915 0A0A0000 		.4byte	0xa0a
 1338 0919 0A       		.uleb128 0xa
 1339 091a 3B110000 		.4byte	.LASF131
 1340 091e 07       		.byte	0x7
 1341 091f 5C       		.byte	0x5c
 1342 0920 0C       		.byte	0xc
 1343 0921 93000000 		.4byte	0x93
 1344 0925 02       		.byte	0x2
 1345 0926 23       		.byte	0x23
 1346 0927 00       		.uleb128 0
 1347 0928 0A       		.uleb128 0xa
 1348 0929 E6100000 		.4byte	.LASF132
 1349 092d 07       		.byte	0x7
 1350 092e 67       		.byte	0x67
 1351 092f 0C       		.byte	0xc
 1352 0930 93000000 		.4byte	0x93
 1353 0934 02       		.byte	0x2
 1354 0935 23       		.byte	0x23
 1355 0936 04       		.uleb128 0x4
 1356 0937 0A       		.uleb128 0xa
 1357 0938 7E0A0000 		.4byte	.LASF133
 1358 093c 07       		.byte	0x7
 1359 093d 71       		.byte	0x71
 1360 093e 0C       		.byte	0xc
 1361 093f 93000000 		.4byte	0x93
 1362 0943 02       		.byte	0x2
 1363 0944 23       		.byte	0x23
 1364 0945 08       		.uleb128 0x8
 1365 0946 0A       		.uleb128 0xa
 1366 0947 5C130000 		.4byte	.LASF134
 1367 094b 07       		.byte	0x7
 1368 094c 79       		.byte	0x79
ARM GAS  C:\Users\nicx5\AppData\Local\Temp\ccq4ftZ0.s 			page 25


 1369 094d 0C       		.byte	0xc
 1370 094e 93000000 		.4byte	0x93
 1371 0952 02       		.byte	0x2
 1372 0953 23       		.byte	0x23
 1373 0954 0C       		.uleb128 0xc
 1374 0955 0A       		.uleb128 0xa
 1375 0956 1E130000 		.4byte	.LASF135
 1376 095a 07       		.byte	0x7
 1377 095b 7C       		.byte	0x7c
 1378 095c 13       		.byte	0x13
 1379 095d BC050000 		.4byte	0x5bc
 1380 0961 02       		.byte	0x2
 1381 0962 23       		.byte	0x23
 1382 0963 10       		.uleb128 0x10
 1383 0964 0A       		.uleb128 0xa
 1384 0965 CB100000 		.4byte	.LASF136
 1385 0969 07       		.byte	0x7
 1386 096a 88       		.byte	0x88
 1387 096b 13       		.byte	0x13
 1388 096c BC050000 		.4byte	0x5bc
 1389 0970 02       		.byte	0x2
 1390 0971 23       		.byte	0x23
 1391 0972 11       		.uleb128 0x11
 1392 0973 0A       		.uleb128 0xa
 1393 0974 AD040000 		.4byte	.LASF137
 1394 0978 07       		.byte	0x7
 1395 0979 8C       		.byte	0x8c
 1396 097a 0C       		.byte	0xc
 1397 097b 93000000 		.4byte	0x93
 1398 097f 02       		.byte	0x2
 1399 0980 23       		.byte	0x23
 1400 0981 14       		.uleb128 0x14
 1401 0982 0A       		.uleb128 0xa
 1402 0983 01040000 		.4byte	.LASF138
 1403 0987 07       		.byte	0x7
 1404 0988 92       		.byte	0x92
 1405 0989 13       		.byte	0x13
 1406 098a BC050000 		.4byte	0x5bc
 1407 098e 02       		.byte	0x2
 1408 098f 23       		.byte	0x23
 1409 0990 18       		.uleb128 0x18
 1410 0991 0A       		.uleb128 0xa
 1411 0992 8F010000 		.4byte	.LASF139
 1412 0996 07       		.byte	0x7
 1413 0997 98       		.byte	0x98
 1414 0998 0C       		.byte	0xc
 1415 0999 93000000 		.4byte	0x93
 1416 099d 02       		.byte	0x2
 1417 099e 23       		.byte	0x23
 1418 099f 1C       		.uleb128 0x1c
 1419 09a0 0A       		.uleb128 0xa
 1420 09a1 13100000 		.4byte	.LASF140
 1421 09a5 07       		.byte	0x7
 1422 09a6 9C       		.byte	0x9c
 1423 09a7 0C       		.byte	0xc
 1424 09a8 93000000 		.4byte	0x93
 1425 09ac 02       		.byte	0x2
ARM GAS  C:\Users\nicx5\AppData\Local\Temp\ccq4ftZ0.s 			page 26


 1426 09ad 23       		.byte	0x23
 1427 09ae 20       		.uleb128 0x20
 1428 09af 0A       		.uleb128 0xa
 1429 09b0 20040000 		.4byte	.LASF141
 1430 09b4 07       		.byte	0x7
 1431 09b5 A1       		.byte	0xa1
 1432 09b6 0C       		.byte	0xc
 1433 09b7 93000000 		.4byte	0x93
 1434 09bb 02       		.byte	0x2
 1435 09bc 23       		.byte	0x23
 1436 09bd 24       		.uleb128 0x24
 1437 09be 0A       		.uleb128 0xa
 1438 09bf 4C0B0000 		.4byte	.LASF142
 1439 09c3 07       		.byte	0x7
 1440 09c4 A5       		.byte	0xa5
 1441 09c5 0C       		.byte	0xc
 1442 09c6 93000000 		.4byte	0x93
 1443 09ca 02       		.byte	0x2
 1444 09cb 23       		.byte	0x23
 1445 09cc 28       		.uleb128 0x28
 1446 09cd 0A       		.uleb128 0xa
 1447 09ce 4A0A0000 		.4byte	.LASF143
 1448 09d2 07       		.byte	0x7
 1449 09d3 BA       		.byte	0xba
 1450 09d4 0C       		.byte	0xc
 1451 09d5 93000000 		.4byte	0x93
 1452 09d9 02       		.byte	0x2
 1453 09da 23       		.byte	0x23
 1454 09db 2C       		.uleb128 0x2c
 1455 09dc 0A       		.uleb128 0xa
 1456 09dd 05020000 		.4byte	.LASF144
 1457 09e1 07       		.byte	0x7
 1458 09e2 C5       		.byte	0xc5
 1459 09e3 0C       		.byte	0xc
 1460 09e4 93000000 		.4byte	0x93
 1461 09e8 02       		.byte	0x2
 1462 09e9 23       		.byte	0x23
 1463 09ea 30       		.uleb128 0x30
 1464 09eb 0A       		.uleb128 0xa
 1465 09ec A3070000 		.4byte	.LASF145
 1466 09f0 07       		.byte	0x7
 1467 09f1 C7       		.byte	0xc7
 1468 09f2 13       		.byte	0x13
 1469 09f3 BC050000 		.4byte	0x5bc
 1470 09f7 02       		.byte	0x2
 1471 09f8 23       		.byte	0x23
 1472 09f9 34       		.uleb128 0x34
 1473 09fa 0A       		.uleb128 0xa
 1474 09fb BB030000 		.4byte	.LASF146
 1475 09ff 07       		.byte	0x7
 1476 0a00 CB       		.byte	0xcb
 1477 0a01 1B       		.byte	0x1b
 1478 0a02 04090000 		.4byte	0x904
 1479 0a06 02       		.byte	0x2
 1480 0a07 23       		.byte	0x23
 1481 0a08 38       		.uleb128 0x38
 1482 0a09 00       		.byte	0
ARM GAS  C:\Users\nicx5\AppData\Local\Temp\ccq4ftZ0.s 			page 27


 1483 0a0a 03       		.uleb128 0x3
 1484 0a0b 68010000 		.4byte	.LASF147
 1485 0a0f 07       		.byte	0x7
 1486 0a10 CE       		.byte	0xce
 1487 0a11 03       		.byte	0x3
 1488 0a12 10090000 		.4byte	0x910
 1489 0a16 08       		.uleb128 0x8
 1490 0a17 1C       		.byte	0x1c
 1491 0a18 07       		.byte	0x7
 1492 0a19 DB       		.byte	0xdb
 1493 0a1a 09       		.byte	0x9
 1494 0a1b 9B0A0000 		.4byte	0xa9b
 1495 0a1f 0A       		.uleb128 0xa
 1496 0a20 010F0000 		.4byte	.LASF148
 1497 0a24 07       		.byte	0x7
 1498 0a25 DD       		.byte	0xdd
 1499 0a26 0C       		.byte	0xc
 1500 0a27 93000000 		.4byte	0x93
 1501 0a2b 02       		.byte	0x2
 1502 0a2c 23       		.byte	0x23
 1503 0a2d 00       		.uleb128 0
 1504 0a2e 0A       		.uleb128 0xa
 1505 0a2f BD0C0000 		.4byte	.LASF149
 1506 0a33 07       		.byte	0x7
 1507 0a34 E1       		.byte	0xe1
 1508 0a35 0C       		.byte	0xc
 1509 0a36 93000000 		.4byte	0x93
 1510 0a3a 02       		.byte	0x2
 1511 0a3b 23       		.byte	0x23
 1512 0a3c 04       		.uleb128 0x4
 1513 0a3d 0A       		.uleb128 0xa
 1514 0a3e 7B050000 		.4byte	.LASF150
 1515 0a42 07       		.byte	0x7
 1516 0a43 E6       		.byte	0xe6
 1517 0a44 0C       		.byte	0xc
 1518 0a45 93000000 		.4byte	0x93
 1519 0a49 02       		.byte	0x2
 1520 0a4a 23       		.byte	0x23
 1521 0a4b 08       		.uleb128 0x8
 1522 0a4c 0A       		.uleb128 0xa
 1523 0a4d DD060000 		.4byte	.LASF151
 1524 0a51 07       		.byte	0x7
 1525 0a52 F1       		.byte	0xf1
 1526 0a53 0C       		.byte	0xc
 1527 0a54 93000000 		.4byte	0x93
 1528 0a58 02       		.byte	0x2
 1529 0a59 23       		.byte	0x23
 1530 0a5a 0C       		.uleb128 0xc
 1531 0a5b 0A       		.uleb128 0xa
 1532 0a5c 260D0000 		.4byte	.LASF152
 1533 0a60 07       		.byte	0x7
 1534 0a61 FD       		.byte	0xfd
 1535 0a62 0C       		.byte	0xc
 1536 0a63 93000000 		.4byte	0x93
 1537 0a67 02       		.byte	0x2
 1538 0a68 23       		.byte	0x23
 1539 0a69 10       		.uleb128 0x10
ARM GAS  C:\Users\nicx5\AppData\Local\Temp\ccq4ftZ0.s 			page 28


 1540 0a6a 0B       		.uleb128 0xb
 1541 0a6b CC120000 		.4byte	.LASF153
 1542 0a6f 07       		.byte	0x7
 1543 0a70 0101     		.2byte	0x101
 1544 0a72 0C       		.byte	0xc
 1545 0a73 93000000 		.4byte	0x93
 1546 0a77 02       		.byte	0x2
 1547 0a78 23       		.byte	0x23
 1548 0a79 14       		.uleb128 0x14
 1549 0a7a 0B       		.uleb128 0xb
 1550 0a7b 7F100000 		.4byte	.LASF154
 1551 0a7f 07       		.byte	0x7
 1552 0a80 0801     		.2byte	0x108
 1553 0a82 13       		.byte	0x13
 1554 0a83 BC050000 		.4byte	0x5bc
 1555 0a87 02       		.byte	0x2
 1556 0a88 23       		.byte	0x23
 1557 0a89 18       		.uleb128 0x18
 1558 0a8a 0B       		.uleb128 0xb
 1559 0a8b C2050000 		.4byte	.LASF155
 1560 0a8f 07       		.byte	0x7
 1561 0a90 1901     		.2byte	0x119
 1562 0a92 13       		.byte	0x13
 1563 0a93 BC050000 		.4byte	0x5bc
 1564 0a97 02       		.byte	0x2
 1565 0a98 23       		.byte	0x23
 1566 0a99 19       		.uleb128 0x19
 1567 0a9a 00       		.byte	0
 1568 0a9b 0F       		.uleb128 0xf
 1569 0a9c A4030000 		.4byte	.LASF156
 1570 0aa0 07       		.byte	0x7
 1571 0aa1 1D01     		.2byte	0x11d
 1572 0aa3 03       		.byte	0x3
 1573 0aa4 160A0000 		.4byte	0xa16
 1574 0aa8 10       		.uleb128 0x10
 1575 0aa9 18       		.byte	0x18
 1576 0aaa 07       		.byte	0x7
 1577 0aab 2501     		.2byte	0x125
 1578 0aad 09       		.byte	0x9
 1579 0aae 130B0000 		.4byte	0xb13
 1580 0ab2 0B       		.uleb128 0xb
 1581 0ab3 4B050000 		.4byte	.LASF157
 1582 0ab7 07       		.byte	0x7
 1583 0ab8 2701     		.2byte	0x127
 1584 0aba 0C       		.byte	0xc
 1585 0abb 93000000 		.4byte	0x93
 1586 0abf 02       		.byte	0x2
 1587 0ac0 23       		.byte	0x23
 1588 0ac1 00       		.uleb128 0
 1589 0ac2 0B       		.uleb128 0xb
 1590 0ac3 360E0000 		.4byte	.LASF158
 1591 0ac7 07       		.byte	0x7
 1592 0ac8 2C01     		.2byte	0x12c
 1593 0aca 0C       		.byte	0xc
 1594 0acb 93000000 		.4byte	0x93
 1595 0acf 02       		.byte	0x2
 1596 0ad0 23       		.byte	0x23
ARM GAS  C:\Users\nicx5\AppData\Local\Temp\ccq4ftZ0.s 			page 29


 1597 0ad1 04       		.uleb128 0x4
 1598 0ad2 0B       		.uleb128 0xb
 1599 0ad3 010F0000 		.4byte	.LASF148
 1600 0ad7 07       		.byte	0x7
 1601 0ad8 3101     		.2byte	0x131
 1602 0ada 0C       		.byte	0xc
 1603 0adb 93000000 		.4byte	0x93
 1604 0adf 02       		.byte	0x2
 1605 0ae0 23       		.byte	0x23
 1606 0ae1 08       		.uleb128 0x8
 1607 0ae2 0B       		.uleb128 0xb
 1608 0ae3 050A0000 		.4byte	.LASF159
 1609 0ae7 07       		.byte	0x7
 1610 0ae8 3601     		.2byte	0x136
 1611 0aea 13       		.byte	0x13
 1612 0aeb BC050000 		.4byte	0x5bc
 1613 0aef 02       		.byte	0x2
 1614 0af0 23       		.byte	0x23
 1615 0af1 0C       		.uleb128 0xc
 1616 0af2 0B       		.uleb128 0xb
 1617 0af3 F90C0000 		.4byte	.LASF160
 1618 0af7 07       		.byte	0x7
 1619 0af8 3901     		.2byte	0x139
 1620 0afa 0C       		.byte	0xc
 1621 0afb 93000000 		.4byte	0x93
 1622 0aff 02       		.byte	0x2
 1623 0b00 23       		.byte	0x23
 1624 0b01 10       		.uleb128 0x10
 1625 0b02 0B       		.uleb128 0xb
 1626 0b03 5F0A0000 		.4byte	.LASF161
 1627 0b07 07       		.byte	0x7
 1628 0b08 4301     		.2byte	0x143
 1629 0b0a 0C       		.byte	0xc
 1630 0b0b 93000000 		.4byte	0x93
 1631 0b0f 02       		.byte	0x2
 1632 0b10 23       		.byte	0x23
 1633 0b11 14       		.uleb128 0x14
 1634 0b12 00       		.byte	0
 1635 0b13 0F       		.uleb128 0xf
 1636 0b14 65040000 		.4byte	.LASF162
 1637 0b18 07       		.byte	0x7
 1638 0b19 5301     		.2byte	0x153
 1639 0b1b 03       		.byte	0x3
 1640 0b1c A80A0000 		.4byte	0xaa8
 1641 0b20 10       		.uleb128 0x10
 1642 0b21 08       		.byte	0x8
 1643 0b22 07       		.byte	0x7
 1644 0b23 5901     		.2byte	0x159
 1645 0b25 09       		.byte	0x9
 1646 0b26 4B0B0000 		.4byte	0xb4b
 1647 0b2a 0B       		.uleb128 0xb
 1648 0b2b 3D0F0000 		.4byte	.LASF163
 1649 0b2f 07       		.byte	0x7
 1650 0b30 5B01     		.2byte	0x15b
 1651 0b32 0C       		.byte	0xc
 1652 0b33 93000000 		.4byte	0x93
 1653 0b37 02       		.byte	0x2
ARM GAS  C:\Users\nicx5\AppData\Local\Temp\ccq4ftZ0.s 			page 30


 1654 0b38 23       		.byte	0x23
 1655 0b39 00       		.uleb128 0
 1656 0b3a 0B       		.uleb128 0xb
 1657 0b3b 60050000 		.4byte	.LASF164
 1658 0b3f 07       		.byte	0x7
 1659 0b40 5F01     		.2byte	0x15f
 1660 0b42 0C       		.byte	0xc
 1661 0b43 93000000 		.4byte	0x93
 1662 0b47 02       		.byte	0x2
 1663 0b48 23       		.byte	0x23
 1664 0b49 04       		.uleb128 0x4
 1665 0b4a 00       		.byte	0
 1666 0b4b 0F       		.uleb128 0xf
 1667 0b4c A9090000 		.4byte	.LASF165
 1668 0b50 07       		.byte	0x7
 1669 0b51 6001     		.2byte	0x160
 1670 0b53 03       		.byte	0x3
 1671 0b54 200B0000 		.4byte	0xb20
 1672 0b58 10       		.uleb128 0x10
 1673 0b59 64       		.byte	0x64
 1674 0b5a 07       		.byte	0x7
 1675 0b5b 9801     		.2byte	0x198
 1676 0b5d 09       		.byte	0x9
 1677 0b5e D30B0000 		.4byte	0xbd3
 1678 0b62 0B       		.uleb128 0xb
 1679 0b63 BA0D0000 		.4byte	.LASF105
 1680 0b67 07       		.byte	0x7
 1681 0b68 9B01     		.2byte	0x19b
 1682 0b6a 22       		.byte	0x22
 1683 0b6b D30B0000 		.4byte	0xbd3
 1684 0b6f 02       		.byte	0x2
 1685 0b70 23       		.byte	0x23
 1686 0b71 00       		.uleb128 0
 1687 0b72 0B       		.uleb128 0xb
 1688 0b73 F1100000 		.4byte	.LASF106
 1689 0b77 07       		.byte	0x7
 1690 0b78 9C01     		.2byte	0x19c
 1691 0b7a 21       		.byte	0x21
 1692 0b7b 0A0A0000 		.4byte	0xa0a
 1693 0b7f 02       		.byte	0x2
 1694 0b80 23       		.byte	0x23
 1695 0b81 04       		.uleb128 0x4
 1696 0b82 0B       		.uleb128 0xb
 1697 0b83 31020000 		.4byte	.LASF166
 1698 0b87 07       		.byte	0x7
 1699 0b88 9D01     		.2byte	0x19d
 1700 0b8a 22       		.byte	0x22
 1701 0b8b D90B0000 		.4byte	0xbd9
 1702 0b8f 02       		.byte	0x2
 1703 0b90 23       		.byte	0x23
 1704 0b91 4C       		.uleb128 0x4c
 1705 0b92 0B       		.uleb128 0xb
 1706 0b93 91000000 		.4byte	.LASF107
 1707 0b97 07       		.byte	0x7
 1708 0b98 9E01     		.2byte	0x19e
 1709 0b9a 21       		.byte	0x21
 1710 0b9b 34060000 		.4byte	0x634
ARM GAS  C:\Users\nicx5\AppData\Local\Temp\ccq4ftZ0.s 			page 31


 1711 0b9f 02       		.byte	0x2
 1712 0ba0 23       		.byte	0x23
 1713 0ba1 50       		.uleb128 0x50
 1714 0ba2 0B       		.uleb128 0xb
 1715 0ba3 22020000 		.4byte	.LASF108
 1716 0ba7 07       		.byte	0x7
 1717 0ba8 9F01     		.2byte	0x19f
 1718 0baa 21       		.byte	0x21
 1719 0bab 9F000000 		.4byte	0x9f
 1720 0baf 02       		.byte	0x2
 1721 0bb0 23       		.byte	0x23
 1722 0bb1 54       		.uleb128 0x54
 1723 0bb2 0B       		.uleb128 0xb
 1724 0bb3 240B0000 		.4byte	.LASF116
 1725 0bb7 07       		.byte	0x7
 1726 0bb8 A001     		.2byte	0x1a0
 1727 0bba 21       		.byte	0x21
 1728 0bbb 9F000000 		.4byte	0x9f
 1729 0bbf 02       		.byte	0x2
 1730 0bc0 23       		.byte	0x23
 1731 0bc1 58       		.uleb128 0x58
 1732 0bc2 0B       		.uleb128 0xb
 1733 0bc3 78070000 		.4byte	.LASF167
 1734 0bc7 07       		.byte	0x7
 1735 0bc8 A101     		.2byte	0x1a1
 1736 0bca 21       		.byte	0x21
 1737 0bcb 4B0B0000 		.4byte	0xb4b
 1738 0bcf 02       		.byte	0x2
 1739 0bd0 23       		.byte	0x23
 1740 0bd1 5C       		.uleb128 0x5c
 1741 0bd2 00       		.byte	0
 1742 0bd3 17       		.uleb128 0x17
 1743 0bd4 04       		.byte	0x4
 1744 0bd5 80030000 		.4byte	0x380
 1745 0bd9 17       		.uleb128 0x17
 1746 0bda 04       		.byte	0x4
 1747 0bdb B2080000 		.4byte	0x8b2
 1748 0bdf 0F       		.uleb128 0xf
 1749 0be0 88050000 		.4byte	.LASF168
 1750 0be4 07       		.byte	0x7
 1751 0be5 AF01     		.2byte	0x1af
 1752 0be7 03       		.byte	0x3
 1753 0be8 580B0000 		.4byte	0xb58
 1754 0bec 18       		.uleb128 0x18
 1755 0bed 01       		.byte	0x1
 1756 0bee A1100000 		.4byte	.LASF174
 1757 0bf2 09       		.byte	0x9
 1758 0bf3 3F0F     		.2byte	0xf3f
 1759 0bf5 0A       		.byte	0xa
 1760 0bf6 01       		.byte	0x1
 1761 0bf7 93000000 		.4byte	0x93
 1762 0bfb 01       		.byte	0x1
 1763 0bfc 060C0000 		.4byte	0xc06
 1764 0c00 16       		.uleb128 0x16
 1765 0c01 A9000000 		.4byte	0xa9
 1766 0c05 00       		.byte	0
 1767 0c06 19       		.uleb128 0x19
ARM GAS  C:\Users\nicx5\AppData\Local\Temp\ccq4ftZ0.s 			page 32


 1768 0c07 01       		.byte	0x1
 1769 0c08 330D0000 		.4byte	.LASF177
 1770 0c0c 0A       		.byte	0xa
 1771 0c0d 311F     		.2byte	0x1f31
 1772 0c0f 0A       		.byte	0xa
 1773 0c10 01       		.byte	0x1
 1774 0c11 93000000 		.4byte	0x93
 1775 0c15 01       		.byte	0x1
 1776 0c16 1A       		.uleb128 0x1a
 1777 0c17 01       		.byte	0x1
 1778 0c18 4A060000 		.4byte	.LASF169
 1779 0c1c 08       		.byte	0x8
 1780 0c1d 3C05     		.2byte	0x53c
 1781 0c1f 19       		.byte	0x19
 1782 0c20 01       		.byte	0x1
 1783 0c21 01       		.byte	0x1
 1784 0c22 2C0C0000 		.4byte	0xc2c
 1785 0c26 16       		.uleb128 0x16
 1786 0c27 2C0C0000 		.4byte	0xc2c
 1787 0c2b 00       		.byte	0
 1788 0c2c 17       		.uleb128 0x17
 1789 0c2d 04       		.byte	0x4
 1790 0c2e DF0B0000 		.4byte	0xbdf
 1791 0c32 1A       		.uleb128 0x1a
 1792 0c33 01       		.byte	0x1
 1793 0c34 140A0000 		.4byte	.LASF170
 1794 0c38 08       		.byte	0x8
 1795 0c39 3E05     		.2byte	0x53e
 1796 0c3b 19       		.byte	0x19
 1797 0c3c 01       		.byte	0x1
 1798 0c3d 01       		.byte	0x1
 1799 0c3e 480C0000 		.4byte	0xc48
 1800 0c42 16       		.uleb128 0x16
 1801 0c43 2C0C0000 		.4byte	0xc2c
 1802 0c47 00       		.byte	0
 1803 0c48 1A       		.uleb128 0x1a
 1804 0c49 01       		.byte	0x1
 1805 0c4a C9010000 		.4byte	.LASF171
 1806 0c4e 08       		.byte	0x8
 1807 0c4f 3D05     		.2byte	0x53d
 1808 0c51 19       		.byte	0x19
 1809 0c52 01       		.byte	0x1
 1810 0c53 01       		.byte	0x1
 1811 0c54 5E0C0000 		.4byte	0xc5e
 1812 0c58 16       		.uleb128 0x16
 1813 0c59 2C0C0000 		.4byte	0xc2c
 1814 0c5d 00       		.byte	0
 1815 0c5e 1A       		.uleb128 0x1a
 1816 0c5f 01       		.byte	0x1
 1817 0c60 3F080000 		.4byte	.LASF172
 1818 0c64 08       		.byte	0x8
 1819 0c65 3B05     		.2byte	0x53b
 1820 0c67 19       		.byte	0x19
 1821 0c68 01       		.byte	0x1
 1822 0c69 01       		.byte	0x1
 1823 0c6a 740C0000 		.4byte	0xc74
 1824 0c6e 16       		.uleb128 0x16
ARM GAS  C:\Users\nicx5\AppData\Local\Temp\ccq4ftZ0.s 			page 33


 1825 0c6f 2C0C0000 		.4byte	0xc2c
 1826 0c73 00       		.byte	0
 1827 0c74 1A       		.uleb128 0x1a
 1828 0c75 01       		.byte	0x1
 1829 0c76 5A120000 		.4byte	.LASF173
 1830 0c7a 08       		.byte	0x8
 1831 0c7b 3F05     		.2byte	0x53f
 1832 0c7d 19       		.byte	0x19
 1833 0c7e 01       		.byte	0x1
 1834 0c7f 01       		.byte	0x1
 1835 0c80 8A0C0000 		.4byte	0xc8a
 1836 0c84 16       		.uleb128 0x16
 1837 0c85 2C0C0000 		.4byte	0xc2c
 1838 0c89 00       		.byte	0
 1839 0c8a 18       		.uleb128 0x18
 1840 0c8b 01       		.byte	0x1
 1841 0c8c 4C120000 		.4byte	.LASF175
 1842 0c90 06       		.byte	0x6
 1843 0c91 AF04     		.2byte	0x4af
 1844 0c93 13       		.byte	0x13
 1845 0c94 01       		.byte	0x1
 1846 0c95 0D060000 		.4byte	0x60d
 1847 0c99 01       		.byte	0x1
 1848 0c9a A40C0000 		.4byte	0xca4
 1849 0c9e 16       		.uleb128 0x16
 1850 0c9f D90B0000 		.4byte	0xbd9
 1851 0ca3 00       		.byte	0
 1852 0ca4 18       		.uleb128 0x18
 1853 0ca5 01       		.byte	0x1
 1854 0ca6 DF030000 		.4byte	.LASF176
 1855 0caa 06       		.byte	0x6
 1856 0cab AE04     		.2byte	0x4ae
 1857 0cad 13       		.byte	0x13
 1858 0cae 01       		.byte	0x1
 1859 0caf 0D060000 		.4byte	0x60d
 1860 0cb3 01       		.byte	0x1
 1861 0cb4 CD0C0000 		.4byte	0xccd
 1862 0cb8 16       		.uleb128 0x16
 1863 0cb9 D90B0000 		.4byte	0xbd9
 1864 0cbd 16       		.uleb128 0x16
 1865 0cbe 93000000 		.4byte	0x93
 1866 0cc2 16       		.uleb128 0x16
 1867 0cc3 93000000 		.4byte	0x93
 1868 0cc7 16       		.uleb128 0x16
 1869 0cc8 93000000 		.4byte	0x93
 1870 0ccc 00       		.byte	0
 1871 0ccd 19       		.uleb128 0x19
 1872 0cce 01       		.byte	0x1
 1873 0ccf 98030000 		.4byte	.LASF178
 1874 0cd3 0B       		.byte	0xb
 1875 0cd4 3304     		.2byte	0x433
 1876 0cd6 0A       		.byte	0xa
 1877 0cd7 01       		.byte	0x1
 1878 0cd8 93000000 		.4byte	0x93
 1879 0cdc 01       		.byte	0x1
 1880 0cdd 19       		.uleb128 0x19
 1881 0cde 01       		.byte	0x1
ARM GAS  C:\Users\nicx5\AppData\Local\Temp\ccq4ftZ0.s 			page 34


 1882 0cdf 78010000 		.4byte	.LASF179
 1883 0ce3 0B       		.byte	0xb
 1884 0ce4 3A04     		.2byte	0x43a
 1885 0ce6 0A       		.byte	0xa
 1886 0ce7 01       		.byte	0x1
 1887 0ce8 93000000 		.4byte	0x93
 1888 0cec 01       		.byte	0x1
 1889 0ced 1B       		.uleb128 0x1b
 1890 0cee 01       		.byte	0x1
 1891 0cef B0000000 		.4byte	.LASF180
 1892 0cf3 0C       		.byte	0xc
 1893 0cf4 620F     		.2byte	0xf62
 1894 0cf6 06       		.byte	0x6
 1895 0cf7 01       		.byte	0x1
 1896 0cf8 170D0000 		.4byte	0xd17
 1897 0cfc 1C       		.uleb128 0x1c
 1898 0cfd 6E0D0000 		.4byte	.LASF182
 1899 0d01 0C       		.byte	0xc
 1900 0d02 620F     		.2byte	0xf62
 1901 0d04 30       		.byte	0x30
 1902 0d05 2C0C0000 		.4byte	0xc2c
 1903 0d09 1D       		.uleb128 0x1d
 1904 0d0a 54070000 		.4byte	.LASF184
 1905 0d0e 0C       		.byte	0xc
 1906 0d0f 640F     		.2byte	0xf64
 1907 0d11 0C       		.byte	0xc
 1908 0d12 93000000 		.4byte	0x93
 1909 0d16 00       		.byte	0
 1910 0d17 1B       		.uleb128 0x1b
 1911 0d18 01       		.byte	0x1
 1912 0d19 520A0000 		.4byte	.LASF181
 1913 0d1d 0C       		.byte	0xc
 1914 0d1e 480F     		.2byte	0xf48
 1915 0d20 06       		.byte	0x6
 1916 0d21 01       		.byte	0x1
 1917 0d22 410D0000 		.4byte	0xd41
 1918 0d26 1C       		.uleb128 0x1c
 1919 0d27 57090000 		.4byte	.LASF183
 1920 0d2b 0C       		.byte	0xc
 1921 0d2c 480F     		.2byte	0xf48
 1922 0d2e 26       		.byte	0x26
 1923 0d2f D90B0000 		.4byte	0xbd9
 1924 0d33 1D       		.uleb128 0x1d
 1925 0d34 6E0D0000 		.4byte	.LASF182
 1926 0d38 0C       		.byte	0xc
 1927 0d39 4B0F     		.2byte	0xf4b
 1928 0d3b 16       		.byte	0x16
 1929 0d3c 2C0C0000 		.4byte	0xc2c
 1930 0d40 00       		.byte	0
 1931 0d41 1B       		.uleb128 0x1b
 1932 0d42 01       		.byte	0x1
 1933 0d43 4A0F0000 		.4byte	.LASF185
 1934 0d47 0C       		.byte	0xc
 1935 0d48 360F     		.2byte	0xf36
 1936 0d4a 06       		.byte	0x6
 1937 0d4b 01       		.byte	0x1
 1938 0d4c 6B0D0000 		.4byte	0xd6b
ARM GAS  C:\Users\nicx5\AppData\Local\Temp\ccq4ftZ0.s 			page 35


 1939 0d50 1C       		.uleb128 0x1c
 1940 0d51 57090000 		.4byte	.LASF183
 1941 0d55 0C       		.byte	0xc
 1942 0d56 360F     		.2byte	0xf36
 1943 0d58 2D       		.byte	0x2d
 1944 0d59 D90B0000 		.4byte	0xbd9
 1945 0d5d 1D       		.uleb128 0x1d
 1946 0d5e 6E0D0000 		.4byte	.LASF182
 1947 0d62 0C       		.byte	0xc
 1948 0d63 390F     		.2byte	0xf39
 1949 0d65 16       		.byte	0x16
 1950 0d66 2C0C0000 		.4byte	0xc2c
 1951 0d6a 00       		.byte	0
 1952 0d6b 1B       		.uleb128 0x1b
 1953 0d6c 01       		.byte	0x1
 1954 0d6d 07080000 		.4byte	.LASF186
 1955 0d71 0C       		.byte	0xc
 1956 0d72 E80E     		.2byte	0xee8
 1957 0d74 06       		.byte	0x6
 1958 0d75 01       		.byte	0x1
 1959 0d76 950D0000 		.4byte	0xd95
 1960 0d7a 1C       		.uleb128 0x1c
 1961 0d7b 57090000 		.4byte	.LASF183
 1962 0d7f 0C       		.byte	0xc
 1963 0d80 E80E     		.2byte	0xee8
 1964 0d82 29       		.byte	0x29
 1965 0d83 D90B0000 		.4byte	0xbd9
 1966 0d87 1D       		.uleb128 0x1d
 1967 0d88 6E0D0000 		.4byte	.LASF182
 1968 0d8c 0C       		.byte	0xc
 1969 0d8d EB0E     		.2byte	0xeeb
 1970 0d8f 16       		.byte	0x16
 1971 0d90 2C0C0000 		.4byte	0xc2c
 1972 0d94 00       		.byte	0
 1973 0d95 1E       		.uleb128 0x1e
 1974 0d96 01       		.byte	0x1
 1975 0d97 4A110000 		.4byte	.LASF187
 1976 0d9b 0C       		.byte	0xc
 1977 0d9c AA0E     		.2byte	0xeaa
 1978 0d9e 13       		.byte	0x13
 1979 0d9f 01       		.byte	0x1
 1980 0da0 0D060000 		.4byte	0x60d
 1981 0da4 D00D0000 		.4byte	0xdd0
 1982 0da8 1C       		.uleb128 0x1c
 1983 0da9 6E0D0000 		.4byte	.LASF182
 1984 0dad 0C       		.byte	0xc
 1985 0dae AA0E     		.2byte	0xeaa
 1986 0db0 32       		.byte	0x32
 1987 0db1 2C0C0000 		.4byte	0xc2c
 1988 0db5 1D       		.uleb128 0x1d
 1989 0db6 D9050000 		.4byte	.LASF188
 1990 0dba 0C       		.byte	0xc
 1991 0dbb AC0E     		.2byte	0xeac
 1992 0dbd 0C       		.byte	0xc
 1993 0dbe 93000000 		.4byte	0x93
 1994 0dc2 1D       		.uleb128 0x1d
 1995 0dc3 04050000 		.4byte	.LASF189
ARM GAS  C:\Users\nicx5\AppData\Local\Temp\ccq4ftZ0.s 			page 36


 1996 0dc7 0C       		.byte	0xc
 1997 0dc8 AD0E     		.2byte	0xead
 1998 0dca 12       		.byte	0x12
 1999 0dcb A4000000 		.4byte	0xa4
 2000 0dcf 00       		.byte	0
 2001 0dd0 1E       		.uleb128 0x1e
 2002 0dd1 01       		.byte	0x1
 2003 0dd2 51130000 		.4byte	.LASF190
 2004 0dd6 0C       		.byte	0xc
 2005 0dd7 5B0E     		.2byte	0xe5b
 2006 0dd9 13       		.byte	0x13
 2007 0dda 01       		.byte	0x1
 2008 0ddb 0D060000 		.4byte	0x60d
 2009 0ddf 0D0E0000 		.4byte	0xe0d
 2010 0de3 1C       		.uleb128 0x1c
 2011 0de4 6E0D0000 		.4byte	.LASF182
 2012 0de8 0C       		.byte	0xc
 2013 0de9 5B0E     		.2byte	0xe5b
 2014 0deb 31       		.byte	0x31
 2015 0dec 2C0C0000 		.4byte	0xc2c
 2016 0df0 1D       		.uleb128 0x1d
 2017 0df1 D9050000 		.4byte	.LASF188
 2018 0df5 0C       		.byte	0xc
 2019 0df6 5D0E     		.2byte	0xe5d
 2020 0df8 0C       		.byte	0xc
 2021 0df9 93000000 		.4byte	0x93
 2022 0dfd 1F       		.uleb128 0x1f
 2023 0dfe 1D       		.uleb128 0x1d
 2024 0dff 2E0B0000 		.4byte	.LASF191
 2025 0e03 0C       		.byte	0xc
 2026 0e04 790E     		.2byte	0xe79
 2027 0e06 0E       		.byte	0xe
 2028 0e07 93000000 		.4byte	0x93
 2029 0e0b 00       		.byte	0
 2030 0e0c 00       		.byte	0
 2031 0e0d 1E       		.uleb128 0x1e
 2032 0e0e 01       		.byte	0x1
 2033 0e0f 74030000 		.4byte	.LASF192
 2034 0e13 0C       		.byte	0xc
 2035 0e14 D50D     		.2byte	0xdd5
 2036 0e16 13       		.byte	0x13
 2037 0e17 01       		.byte	0x1
 2038 0e18 0D060000 		.4byte	0x60d
 2039 0e1c 890E0000 		.4byte	0xe89
 2040 0e20 1C       		.uleb128 0x1c
 2041 0e21 6E0D0000 		.4byte	.LASF182
 2042 0e25 0C       		.byte	0xc
 2043 0e26 D50D     		.2byte	0xdd5
 2044 0e28 39       		.byte	0x39
 2045 0e29 2C0C0000 		.4byte	0xc2c
 2046 0e2d 1C       		.uleb128 0x1c
 2047 0e2e AA0D0000 		.4byte	.LASF193
 2048 0e32 0C       		.byte	0xc
 2049 0e33 D50D     		.2byte	0xdd5
 2050 0e35 48       		.byte	0x48
 2051 0e36 93000000 		.4byte	0x93
 2052 0e3a 1D       		.uleb128 0x1d
ARM GAS  C:\Users\nicx5\AppData\Local\Temp\ccq4ftZ0.s 			page 37


 2053 0e3b D9050000 		.4byte	.LASF188
 2054 0e3f 0C       		.byte	0xc
 2055 0e40 D70D     		.2byte	0xdd7
 2056 0e42 0C       		.byte	0xc
 2057 0e43 93000000 		.4byte	0x93
 2058 0e47 1D       		.uleb128 0x1d
 2059 0e48 B4070000 		.4byte	.LASF194
 2060 0e4c 0C       		.byte	0xc
 2061 0e4d D80D     		.2byte	0xdd8
 2062 0e4f 0C       		.byte	0xc
 2063 0e50 93000000 		.4byte	0x93
 2064 0e54 1D       		.uleb128 0x1d
 2065 0e55 22090000 		.4byte	.LASF195
 2066 0e59 0C       		.byte	0xc
 2067 0e5a D90D     		.2byte	0xdd9
 2068 0e5c 0C       		.byte	0xc
 2069 0e5d 93000000 		.4byte	0x93
 2070 0e61 1D       		.uleb128 0x1d
 2071 0e62 02110000 		.4byte	.LASF196
 2072 0e66 0C       		.byte	0xc
 2073 0e67 DA0D     		.2byte	0xdda
 2074 0e69 0C       		.byte	0xc
 2075 0e6a 93000000 		.4byte	0x93
 2076 0e6e 1D       		.uleb128 0x1d
 2077 0e6f 42100000 		.4byte	.LASF197
 2078 0e73 0C       		.byte	0xc
 2079 0e74 DB0D     		.2byte	0xddb
 2080 0e76 0C       		.byte	0xc
 2081 0e77 93000000 		.4byte	0x93
 2082 0e7b 1D       		.uleb128 0x1d
 2083 0e7c DF070000 		.4byte	.LASF198
 2084 0e80 0C       		.byte	0xc
 2085 0e81 DC0D     		.2byte	0xddc
 2086 0e83 0C       		.byte	0xc
 2087 0e84 93000000 		.4byte	0x93
 2088 0e88 00       		.byte	0
 2089 0e89 1E       		.uleb128 0x1e
 2090 0e8a 01       		.byte	0x1
 2091 0e8b F50A0000 		.4byte	.LASF199
 2092 0e8f 0C       		.byte	0xc
 2093 0e90 B70D     		.2byte	0xdb7
 2094 0e92 0A       		.byte	0xa
 2095 0e93 01       		.byte	0x1
 2096 0e94 93000000 		.4byte	0x93
 2097 0e98 AA0E0000 		.4byte	0xeaa
 2098 0e9c 1C       		.uleb128 0x1c
 2099 0e9d 6E0D0000 		.4byte	.LASF182
 2100 0ea1 0C       		.byte	0xc
 2101 0ea2 B70D     		.2byte	0xdb7
 2102 0ea4 2E       		.byte	0x2e
 2103 0ea5 2C0C0000 		.4byte	0xc2c
 2104 0ea9 00       		.byte	0
 2105 0eaa 1E       		.uleb128 0x1e
 2106 0eab 01       		.byte	0x1
 2107 0eac 2E080000 		.4byte	.LASF200
 2108 0eb0 0C       		.byte	0xc
 2109 0eb1 A90D     		.2byte	0xda9
ARM GAS  C:\Users\nicx5\AppData\Local\Temp\ccq4ftZ0.s 			page 38


 2110 0eb3 0A       		.byte	0xa
 2111 0eb4 01       		.byte	0x1
 2112 0eb5 93000000 		.4byte	0x93
 2113 0eb9 CB0E0000 		.4byte	0xecb
 2114 0ebd 1C       		.uleb128 0x1c
 2115 0ebe 6E0D0000 		.4byte	.LASF182
 2116 0ec2 0C       		.byte	0xc
 2117 0ec3 A90D     		.2byte	0xda9
 2118 0ec5 2E       		.byte	0x2e
 2119 0ec6 2C0C0000 		.4byte	0xc2c
 2120 0eca 00       		.byte	0
 2121 0ecb 1E       		.uleb128 0x1e
 2122 0ecc 01       		.byte	0x1
 2123 0ecd 000C0000 		.4byte	.LASF201
 2124 0ed1 0C       		.byte	0xc
 2125 0ed2 3F0C     		.2byte	0xc3f
 2126 0ed4 13       		.byte	0x13
 2127 0ed5 01       		.byte	0x1
 2128 0ed6 0D060000 		.4byte	0x60d
 2129 0eda 3A0F0000 		.4byte	0xf3a
 2130 0ede 1C       		.uleb128 0x1c
 2131 0edf 6E0D0000 		.4byte	.LASF182
 2132 0ee3 0C       		.byte	0xc
 2133 0ee4 3F0C     		.2byte	0xc3f
 2134 0ee6 3E       		.byte	0x3e
 2135 0ee7 2C0C0000 		.4byte	0xc2c
 2136 0eeb 1C       		.uleb128 0x1c
 2137 0eec 12020000 		.4byte	.LASF202
 2138 0ef0 0C       		.byte	0xc
 2139 0ef1 3F0C     		.2byte	0xc3f
 2140 0ef3 5E       		.byte	0x5e
 2141 0ef4 3A0F0000 		.4byte	0xf3a
 2142 0ef8 1D       		.uleb128 0x1d
 2143 0ef9 7D0B0000 		.4byte	.LASF203
 2144 0efd 0C       		.byte	0xc
 2145 0efe 410C     		.2byte	0xc41
 2146 0f00 15       		.byte	0x15
 2147 0f01 0D060000 		.4byte	0x60d
 2148 0f05 1D       		.uleb128 0x1d
 2149 0f06 220F0000 		.4byte	.LASF204
 2150 0f0a 0C       		.byte	0xc
 2151 0f0b 420C     		.2byte	0xc42
 2152 0f0d 0C       		.byte	0xc
 2153 0f0e 93000000 		.4byte	0x93
 2154 0f12 1D       		.uleb128 0x1d
 2155 0f13 45010000 		.4byte	.LASF205
 2156 0f17 0C       		.byte	0xc
 2157 0f18 430C     		.2byte	0xc43
 2158 0f1a 0C       		.byte	0xc
 2159 0f1b 93000000 		.4byte	0x93
 2160 0f1f 1D       		.uleb128 0x1d
 2161 0f20 42100000 		.4byte	.LASF197
 2162 0f24 0C       		.byte	0xc
 2163 0f25 440C     		.2byte	0xc44
 2164 0f27 0C       		.byte	0xc
 2165 0f28 93000000 		.4byte	0x93
 2166 0f2c 1D       		.uleb128 0x1d
ARM GAS  C:\Users\nicx5\AppData\Local\Temp\ccq4ftZ0.s 			page 39


 2167 0f2d DF070000 		.4byte	.LASF198
 2168 0f31 0C       		.byte	0xc
 2169 0f32 450C     		.2byte	0xc45
 2170 0f34 0C       		.byte	0xc
 2171 0f35 93000000 		.4byte	0x93
 2172 0f39 00       		.byte	0
 2173 0f3a 17       		.uleb128 0x17
 2174 0f3b 04       		.byte	0x4
 2175 0f3c 130B0000 		.4byte	0xb13
 2176 0f40 1E       		.uleb128 0x1e
 2177 0f41 01       		.byte	0x1
 2178 0f42 A0110000 		.4byte	.LASF206
 2179 0f46 0C       		.byte	0xc
 2180 0f47 030B     		.2byte	0xb03
 2181 0f49 13       		.byte	0x13
 2182 0f4a 01       		.byte	0x1
 2183 0f4b 0D060000 		.4byte	0x60d
 2184 0f4f BC0F0000 		.4byte	0xfbc
 2185 0f53 1C       		.uleb128 0x1c
 2186 0f54 6E0D0000 		.4byte	.LASF182
 2187 0f58 0C       		.byte	0xc
 2188 0f59 030B     		.2byte	0xb03
 2189 0f5b 3C       		.byte	0x3c
 2190 0f5c 2C0C0000 		.4byte	0xc2c
 2191 0f60 1C       		.uleb128 0x1c
 2192 0f61 D2070000 		.4byte	.LASF207
 2193 0f65 0C       		.byte	0xc
 2194 0f66 030B     		.2byte	0xb03
 2195 0f68 5A       		.byte	0x5a
 2196 0f69 BC0F0000 		.4byte	0xfbc
 2197 0f6d 1D       		.uleb128 0x1d
 2198 0f6e 7D0B0000 		.4byte	.LASF203
 2199 0f72 0C       		.byte	0xc
 2200 0f73 050B     		.2byte	0xb05
 2201 0f75 15       		.byte	0x15
 2202 0f76 0D060000 		.4byte	0x60d
 2203 0f7a 1D       		.uleb128 0x1d
 2204 0f7b 14010000 		.4byte	.LASF208
 2205 0f7f 0C       		.byte	0xc
 2206 0f80 060B     		.2byte	0xb06
 2207 0f82 0C       		.byte	0xc
 2208 0f83 93000000 		.4byte	0x93
 2209 0f87 1D       		.uleb128 0x1d
 2210 0f88 950F0000 		.4byte	.LASF209
 2211 0f8c 0C       		.byte	0xc
 2212 0f8d 070B     		.2byte	0xb07
 2213 0f8f 0C       		.byte	0xc
 2214 0f90 93000000 		.4byte	0x93
 2215 0f94 1D       		.uleb128 0x1d
 2216 0f95 09070000 		.4byte	.LASF210
 2217 0f99 0C       		.byte	0xc
 2218 0f9a 080B     		.2byte	0xb08
 2219 0f9c 11       		.byte	0x11
 2220 0f9d 9F000000 		.4byte	0x9f
 2221 0fa1 1D       		.uleb128 0x1d
 2222 0fa2 42100000 		.4byte	.LASF197
 2223 0fa6 0C       		.byte	0xc
ARM GAS  C:\Users\nicx5\AppData\Local\Temp\ccq4ftZ0.s 			page 40


 2224 0fa7 090B     		.2byte	0xb09
 2225 0fa9 0C       		.byte	0xc
 2226 0faa 93000000 		.4byte	0x93
 2227 0fae 1D       		.uleb128 0x1d
 2228 0faf DF070000 		.4byte	.LASF198
 2229 0fb3 0C       		.byte	0xc
 2230 0fb4 0A0B     		.2byte	0xb0a
 2231 0fb6 0C       		.byte	0xc
 2232 0fb7 93000000 		.4byte	0x93
 2233 0fbb 00       		.byte	0
 2234 0fbc 17       		.uleb128 0x17
 2235 0fbd 04       		.byte	0x4
 2236 0fbe 9B0A0000 		.4byte	0xa9b
 2237 0fc2 1B       		.uleb128 0x1b
 2238 0fc3 01       		.byte	0x1
 2239 0fc4 69100000 		.4byte	.LASF211
 2240 0fc8 0C       		.byte	0xc
 2241 0fc9 D50A     		.2byte	0xad5
 2242 0fcb 0D       		.byte	0xd
 2243 0fcc 01       		.byte	0x1
 2244 0fcd DF0F0000 		.4byte	0xfdf
 2245 0fd1 1C       		.uleb128 0x1c
 2246 0fd2 6E0D0000 		.4byte	.LASF182
 2247 0fd6 0C       		.byte	0xc
 2248 0fd7 D50A     		.2byte	0xad5
 2249 0fd9 36       		.byte	0x36
 2250 0fda 2C0C0000 		.4byte	0xc2c
 2251 0fde 00       		.byte	0
 2252 0fdf 1B       		.uleb128 0x1b
 2253 0fe0 01       		.byte	0x1
 2254 0fe1 E6000000 		.4byte	.LASF212
 2255 0fe5 0C       		.byte	0xc
 2256 0fe6 BF0A     		.2byte	0xabf
 2257 0fe8 0D       		.byte	0xd
 2258 0fe9 01       		.byte	0x1
 2259 0fea FC0F0000 		.4byte	0xffc
 2260 0fee 1C       		.uleb128 0x1c
 2261 0fef 6E0D0000 		.4byte	.LASF182
 2262 0ff3 0C       		.byte	0xc
 2263 0ff4 BF0A     		.2byte	0xabf
 2264 0ff6 41       		.byte	0x41
 2265 0ff7 2C0C0000 		.4byte	0xc2c
 2266 0ffb 00       		.byte	0
 2267 0ffc 1B       		.uleb128 0x1b
 2268 0ffd 01       		.byte	0x1
 2269 0ffe 1E110000 		.4byte	.LASF213
 2270 1002 0C       		.byte	0xc
 2271 1003 B00A     		.2byte	0xab0
 2272 1005 0D       		.byte	0xd
 2273 1006 01       		.byte	0x1
 2274 1007 19100000 		.4byte	0x1019
 2275 100b 1C       		.uleb128 0x1c
 2276 100c 6E0D0000 		.4byte	.LASF182
 2277 1010 0C       		.byte	0xc
 2278 1011 B00A     		.2byte	0xab0
 2279 1013 3D       		.byte	0x3d
 2280 1014 2C0C0000 		.4byte	0xc2c
ARM GAS  C:\Users\nicx5\AppData\Local\Temp\ccq4ftZ0.s 			page 41


 2281 1018 00       		.byte	0
 2282 1019 1B       		.uleb128 0x1b
 2283 101a 01       		.byte	0x1
 2284 101b 3E090000 		.4byte	.LASF214
 2285 101f 0C       		.byte	0xc
 2286 1020 A10A     		.2byte	0xaa1
 2287 1022 0D       		.byte	0xd
 2288 1023 01       		.byte	0x1
 2289 1024 36100000 		.4byte	0x1036
 2290 1028 1C       		.uleb128 0x1c
 2291 1029 6E0D0000 		.4byte	.LASF182
 2292 102d 0C       		.byte	0xc
 2293 102e A10A     		.2byte	0xaa1
 2294 1030 39       		.byte	0x39
 2295 1031 2C0C0000 		.4byte	0xc2c
 2296 1035 00       		.byte	0
 2297 1036 1B       		.uleb128 0x1b
 2298 1037 01       		.byte	0x1
 2299 1038 96120000 		.4byte	.LASF215
 2300 103c 0C       		.byte	0xc
 2301 103d 3909     		.2byte	0x939
 2302 103f 06       		.byte	0x6
 2303 1040 01       		.byte	0x1
 2304 1041 BB100000 		.4byte	0x10bb
 2305 1045 1C       		.uleb128 0x1c
 2306 1046 6E0D0000 		.4byte	.LASF182
 2307 104a 0C       		.byte	0xc
 2308 104b 3909     		.2byte	0x939
 2309 104d 2C       		.byte	0x2c
 2310 104e 2C0C0000 		.4byte	0xc2c
 2311 1052 1D       		.uleb128 0x1d
 2312 1053 6D050000 		.4byte	.LASF216
 2313 1057 0C       		.byte	0xc
 2314 1058 3B09     		.2byte	0x93b
 2315 105a 0C       		.byte	0xc
 2316 105b 93000000 		.4byte	0x93
 2317 105f 1D       		.uleb128 0x1d
 2318 1060 FC040000 		.4byte	.LASF217
 2319 1064 0C       		.byte	0xc
 2320 1065 3C09     		.2byte	0x93c
 2321 1067 0C       		.byte	0xc
 2322 1068 93000000 		.4byte	0x93
 2323 106c 1D       		.uleb128 0x1d
 2324 106d E8060000 		.4byte	.LASF218
 2325 1071 0C       		.byte	0xc
 2326 1072 3D09     		.2byte	0x93d
 2327 1074 0C       		.byte	0xc
 2328 1075 93000000 		.4byte	0x93
 2329 1079 1D       		.uleb128 0x1d
 2330 107a E3050000 		.4byte	.LASF219
 2331 107e 0C       		.byte	0xc
 2332 107f 3E09     		.2byte	0x93e
 2333 1081 0C       		.byte	0xc
 2334 1082 93000000 		.4byte	0x93
 2335 1086 1D       		.uleb128 0x1d
 2336 1087 470D0000 		.4byte	.LASF220
 2337 108b 0C       		.byte	0xc
ARM GAS  C:\Users\nicx5\AppData\Local\Temp\ccq4ftZ0.s 			page 42


 2338 108c 3F09     		.2byte	0x93f
 2339 108e 0C       		.byte	0xc
 2340 108f 93000000 		.4byte	0x93
 2341 1093 1D       		.uleb128 0x1d
 2342 1094 2C010000 		.4byte	.LASF221
 2343 1098 0C       		.byte	0xc
 2344 1099 4009     		.2byte	0x940
 2345 109b 0C       		.byte	0xc
 2346 109c 93000000 		.4byte	0x93
 2347 10a0 1D       		.uleb128 0x1d
 2348 10a1 9C0D0000 		.4byte	.LASF222
 2349 10a5 0C       		.byte	0xc
 2350 10a6 4109     		.2byte	0x941
 2351 10a8 16       		.byte	0x16
 2352 10a9 BB100000 		.4byte	0x10bb
 2353 10ad 1D       		.uleb128 0x1d
 2354 10ae 2E0B0000 		.4byte	.LASF191
 2355 10b2 0C       		.byte	0xc
 2356 10b3 4209     		.2byte	0x942
 2357 10b5 0C       		.byte	0xc
 2358 10b6 93000000 		.4byte	0x93
 2359 10ba 00       		.byte	0
 2360 10bb 17       		.uleb128 0x17
 2361 10bc 04       		.byte	0x4
 2362 10bd 8D030000 		.4byte	0x38d
 2363 10c1 1E       		.uleb128 0x1e
 2364 10c2 01       		.byte	0x1
 2365 10c3 90100000 		.4byte	.LASF223
 2366 10c7 0C       		.byte	0xc
 2367 10c8 2809     		.2byte	0x928
 2368 10ca 0A       		.byte	0xa
 2369 10cb 01       		.byte	0x1
 2370 10cc 93000000 		.4byte	0x93
 2371 10d0 E2100000 		.4byte	0x10e2
 2372 10d4 1C       		.uleb128 0x1c
 2373 10d5 6E0D0000 		.4byte	.LASF182
 2374 10d9 0C       		.byte	0xc
 2375 10da 2809     		.2byte	0x928
 2376 10dc 2E       		.byte	0x2e
 2377 10dd 2C0C0000 		.4byte	0xc2c
 2378 10e1 00       		.byte	0
 2379 10e2 1E       		.uleb128 0x1e
 2380 10e3 01       		.byte	0x1
 2381 10e4 530E0000 		.4byte	.LASF224
 2382 10e8 0C       		.byte	0xc
 2383 10e9 D308     		.2byte	0x8d3
 2384 10eb 13       		.byte	0x13
 2385 10ec 01       		.byte	0x1
 2386 10ed 0D060000 		.4byte	0x60d
 2387 10f1 10110000 		.4byte	0x1110
 2388 10f5 1C       		.uleb128 0x1c
 2389 10f6 6E0D0000 		.4byte	.LASF182
 2390 10fa 0C       		.byte	0xc
 2391 10fb D308     		.2byte	0x8d3
 2392 10fd 37       		.byte	0x37
 2393 10fe 2C0C0000 		.4byte	0xc2c
 2394 1102 1D       		.uleb128 0x1d
ARM GAS  C:\Users\nicx5\AppData\Local\Temp\ccq4ftZ0.s 			page 43


 2395 1103 7D0B0000 		.4byte	.LASF203
 2396 1107 0C       		.byte	0xc
 2397 1108 D508     		.2byte	0x8d5
 2398 110a 15       		.byte	0x15
 2399 110b 0D060000 		.4byte	0x60d
 2400 110f 00       		.byte	0
 2401 1110 1E       		.uleb128 0x1e
 2402 1111 01       		.byte	0x1
 2403 1112 EA040000 		.4byte	.LASF225
 2404 1116 0C       		.byte	0xc
 2405 1117 4008     		.2byte	0x840
 2406 1119 13       		.byte	0x13
 2407 111a 01       		.byte	0x1
 2408 111b 0D060000 		.4byte	0x60d
 2409 111f 65110000 		.4byte	0x1165
 2410 1123 1C       		.uleb128 0x1c
 2411 1124 6E0D0000 		.4byte	.LASF182
 2412 1128 0C       		.byte	0xc
 2413 1129 4008     		.2byte	0x840
 2414 112b 38       		.byte	0x38
 2415 112c 2C0C0000 		.4byte	0xc2c
 2416 1130 1C       		.uleb128 0x1c
 2417 1131 19030000 		.4byte	.LASF226
 2418 1135 0C       		.byte	0xc
 2419 1136 4008     		.2byte	0x840
 2420 1138 48       		.byte	0x48
 2421 1139 65110000 		.4byte	0x1165
 2422 113d 1C       		.uleb128 0x1c
 2423 113e 0A060000 		.4byte	.LASF227
 2424 1142 0C       		.byte	0xc
 2425 1143 4008     		.2byte	0x840
 2426 1145 58       		.byte	0x58
 2427 1146 93000000 		.4byte	0x93
 2428 114a 1D       		.uleb128 0x1d
 2429 114b 7D0B0000 		.4byte	.LASF203
 2430 114f 0C       		.byte	0xc
 2431 1150 4208     		.2byte	0x842
 2432 1152 15       		.byte	0x15
 2433 1153 0D060000 		.4byte	0x60d
 2434 1157 1D       		.uleb128 0x1d
 2435 1158 2E0B0000 		.4byte	.LASF191
 2436 115c 0C       		.byte	0xc
 2437 115d 4308     		.2byte	0x843
 2438 115f 0C       		.byte	0xc
 2439 1160 93000000 		.4byte	0x93
 2440 1164 00       		.byte	0
 2441 1165 17       		.uleb128 0x17
 2442 1166 04       		.byte	0x4
 2443 1167 93000000 		.4byte	0x93
 2444 116b 1E       		.uleb128 0x1e
 2445 116c 01       		.byte	0x1
 2446 116d F1120000 		.4byte	.LASF228
 2447 1171 0C       		.byte	0xc
 2448 1172 0B08     		.2byte	0x80b
 2449 1174 13       		.byte	0x13
 2450 1175 01       		.byte	0x1
 2451 1176 0D060000 		.4byte	0x60d
ARM GAS  C:\Users\nicx5\AppData\Local\Temp\ccq4ftZ0.s 			page 44


 2452 117a 99110000 		.4byte	0x1199
 2453 117e 1C       		.uleb128 0x1c
 2454 117f 6E0D0000 		.4byte	.LASF182
 2455 1183 0C       		.byte	0xc
 2456 1184 0B08     		.2byte	0x80b
 2457 1186 36       		.byte	0x36
 2458 1187 2C0C0000 		.4byte	0xc2c
 2459 118b 1D       		.uleb128 0x1d
 2460 118c 7D0B0000 		.4byte	.LASF203
 2461 1190 0C       		.byte	0xc
 2462 1191 0D08     		.2byte	0x80d
 2463 1193 15       		.byte	0x15
 2464 1194 0D060000 		.4byte	0x60d
 2465 1198 00       		.byte	0
 2466 1199 1E       		.uleb128 0x1e
 2467 119a 01       		.byte	0x1
 2468 119b 87030000 		.4byte	.LASF229
 2469 119f 0C       		.byte	0xc
 2470 11a0 5C07     		.2byte	0x75c
 2471 11a2 13       		.byte	0x13
 2472 11a3 01       		.byte	0x1
 2473 11a4 0D060000 		.4byte	0x60d
 2474 11a8 E1110000 		.4byte	0x11e1
 2475 11ac 1C       		.uleb128 0x1c
 2476 11ad 6E0D0000 		.4byte	.LASF182
 2477 11b1 0C       		.byte	0xc
 2478 11b2 5C07     		.2byte	0x75c
 2479 11b4 37       		.byte	0x37
 2480 11b5 2C0C0000 		.4byte	0xc2c
 2481 11b9 1D       		.uleb128 0x1d
 2482 11ba 7D0B0000 		.4byte	.LASF203
 2483 11be 0C       		.byte	0xc
 2484 11bf 5E07     		.2byte	0x75e
 2485 11c1 15       		.byte	0x15
 2486 11c2 0D060000 		.4byte	0x60d
 2487 11c6 1D       		.uleb128 0x1d
 2488 11c7 9C0D0000 		.4byte	.LASF222
 2489 11cb 0C       		.byte	0xc
 2490 11cc 5F07     		.2byte	0x75f
 2491 11ce 16       		.byte	0x16
 2492 11cf BB100000 		.4byte	0x10bb
 2493 11d3 1D       		.uleb128 0x1d
 2494 11d4 2E0B0000 		.4byte	.LASF191
 2495 11d8 0C       		.byte	0xc
 2496 11d9 6007     		.2byte	0x760
 2497 11db 0C       		.byte	0xc
 2498 11dc 93000000 		.4byte	0x93
 2499 11e0 00       		.byte	0
 2500 11e1 1E       		.uleb128 0x1e
 2501 11e2 01       		.byte	0x1
 2502 11e3 11060000 		.4byte	.LASF230
 2503 11e7 0C       		.byte	0xc
 2504 11e8 C706     		.2byte	0x6c7
 2505 11ea 13       		.byte	0x13
 2506 11eb 01       		.byte	0x1
 2507 11ec 0D060000 		.4byte	0x60d
 2508 11f0 29120000 		.4byte	0x1229
ARM GAS  C:\Users\nicx5\AppData\Local\Temp\ccq4ftZ0.s 			page 45


 2509 11f4 1C       		.uleb128 0x1c
 2510 11f5 6E0D0000 		.4byte	.LASF182
 2511 11f9 0C       		.byte	0xc
 2512 11fa C706     		.2byte	0x6c7
 2513 11fc 3B       		.byte	0x3b
 2514 11fd 2C0C0000 		.4byte	0xc2c
 2515 1201 1C       		.uleb128 0x1c
 2516 1202 85010000 		.4byte	.LASF231
 2517 1206 0C       		.byte	0xc
 2518 1207 C706     		.2byte	0x6c7
 2519 1209 4A       		.byte	0x4a
 2520 120a 93000000 		.4byte	0x93
 2521 120e 1C       		.uleb128 0x1c
 2522 120f 0E000000 		.4byte	.LASF232
 2523 1213 0C       		.byte	0xc
 2524 1214 C706     		.2byte	0x6c7
 2525 1216 5E       		.byte	0x5e
 2526 1217 93000000 		.4byte	0x93
 2527 121b 1D       		.uleb128 0x1d
 2528 121c D9050000 		.4byte	.LASF188
 2529 1220 0C       		.byte	0xc
 2530 1221 C906     		.2byte	0x6c9
 2531 1223 0C       		.byte	0xc
 2532 1224 93000000 		.4byte	0x93
 2533 1228 00       		.byte	0
 2534 1229 1E       		.uleb128 0x1e
 2535 122a 01       		.byte	0x1
 2536 122b 1C0E0000 		.4byte	.LASF233
 2537 122f 0C       		.byte	0xc
 2538 1230 2406     		.2byte	0x624
 2539 1232 13       		.byte	0x13
 2540 1233 01       		.byte	0x1
 2541 1234 0D060000 		.4byte	0x60d
 2542 1238 98120000 		.4byte	0x1298
 2543 123c 1C       		.uleb128 0x1c
 2544 123d 6E0D0000 		.4byte	.LASF182
 2545 1241 0C       		.byte	0xc
 2546 1242 2406     		.2byte	0x624
 2547 1244 40       		.byte	0x40
 2548 1245 2C0C0000 		.4byte	0xc2c
 2549 1249 1C       		.uleb128 0x1c
 2550 124a 0E000000 		.4byte	.LASF232
 2551 124e 0C       		.byte	0xc
 2552 124f 2406     		.2byte	0x624
 2553 1251 4F       		.byte	0x4f
 2554 1252 93000000 		.4byte	0x93
 2555 1256 1D       		.uleb128 0x1d
 2556 1257 D9050000 		.4byte	.LASF188
 2557 125b 0C       		.byte	0xc
 2558 125c 2606     		.2byte	0x626
 2559 125e 0C       		.byte	0xc
 2560 125f 93000000 		.4byte	0x93
 2561 1263 1D       		.uleb128 0x1d
 2562 1264 5E0F0000 		.4byte	.LASF234
 2563 1268 0C       		.byte	0xc
 2564 1269 2706     		.2byte	0x627
 2565 126b 0C       		.byte	0xc
ARM GAS  C:\Users\nicx5\AppData\Local\Temp\ccq4ftZ0.s 			page 46


 2566 126c 93000000 		.4byte	0x93
 2567 1270 1D       		.uleb128 0x1d
 2568 1271 2C010000 		.4byte	.LASF221
 2569 1275 0C       		.byte	0xc
 2570 1276 2806     		.2byte	0x628
 2571 1278 0C       		.byte	0xc
 2572 1279 93000000 		.4byte	0x93
 2573 127d 1D       		.uleb128 0x1d
 2574 127e 9C0D0000 		.4byte	.LASF222
 2575 1282 0C       		.byte	0xc
 2576 1283 2906     		.2byte	0x629
 2577 1285 16       		.byte	0x16
 2578 1286 BB100000 		.4byte	0x10bb
 2579 128a 1D       		.uleb128 0x1d
 2580 128b 2E0B0000 		.4byte	.LASF191
 2581 128f 0C       		.byte	0xc
 2582 1290 2A06     		.2byte	0x62a
 2583 1292 0C       		.byte	0xc
 2584 1293 93000000 		.4byte	0x93
 2585 1297 00       		.byte	0
 2586 1298 1E       		.uleb128 0x1e
 2587 1299 01       		.byte	0x1
 2588 129a 88070000 		.4byte	.LASF235
 2589 129e 0C       		.byte	0xc
 2590 129f EE05     		.2byte	0x5ee
 2591 12a1 13       		.byte	0x13
 2592 12a2 01       		.byte	0x1
 2593 12a3 0D060000 		.4byte	0x60d
 2594 12a7 C6120000 		.4byte	0x12c6
 2595 12ab 1C       		.uleb128 0x1c
 2596 12ac 6E0D0000 		.4byte	.LASF182
 2597 12b0 0C       		.byte	0xc
 2598 12b1 EE05     		.2byte	0x5ee
 2599 12b3 33       		.byte	0x33
 2600 12b4 2C0C0000 		.4byte	0xc2c
 2601 12b8 1D       		.uleb128 0x1d
 2602 12b9 7D0B0000 		.4byte	.LASF203
 2603 12bd 0C       		.byte	0xc
 2604 12be F005     		.2byte	0x5f0
 2605 12c0 15       		.byte	0x15
 2606 12c1 0D060000 		.4byte	0x60d
 2607 12c5 00       		.byte	0
 2608 12c6 1E       		.uleb128 0x1e
 2609 12c7 01       		.byte	0x1
 2610 12c8 70090000 		.4byte	.LASF236
 2611 12cc 0C       		.byte	0xc
 2612 12cd 7505     		.2byte	0x575
 2613 12cf 13       		.byte	0x13
 2614 12d0 01       		.byte	0x1
 2615 12d1 0D060000 		.4byte	0x60d
 2616 12d5 0E130000 		.4byte	0x130e
 2617 12d9 1C       		.uleb128 0x1c
 2618 12da 6E0D0000 		.4byte	.LASF182
 2619 12de 0C       		.byte	0xc
 2620 12df 7505     		.2byte	0x575
 2621 12e1 34       		.byte	0x34
 2622 12e2 2C0C0000 		.4byte	0xc2c
ARM GAS  C:\Users\nicx5\AppData\Local\Temp\ccq4ftZ0.s 			page 47


 2623 12e6 1D       		.uleb128 0x1d
 2624 12e7 7D0B0000 		.4byte	.LASF203
 2625 12eb 0C       		.byte	0xc
 2626 12ec 7705     		.2byte	0x577
 2627 12ee 15       		.byte	0x15
 2628 12ef 0D060000 		.4byte	0x60d
 2629 12f3 1D       		.uleb128 0x1d
 2630 12f4 9C0D0000 		.4byte	.LASF222
 2631 12f8 0C       		.byte	0xc
 2632 12f9 7805     		.2byte	0x578
 2633 12fb 16       		.byte	0x16
 2634 12fc BB100000 		.4byte	0x10bb
 2635 1300 1D       		.uleb128 0x1d
 2636 1301 2E0B0000 		.4byte	.LASF191
 2637 1305 0C       		.byte	0xc
 2638 1306 7905     		.2byte	0x579
 2639 1308 0C       		.byte	0xc
 2640 1309 93000000 		.4byte	0x93
 2641 130d 00       		.byte	0
 2642 130e 1B       		.uleb128 0x1b
 2643 130f 01       		.byte	0x1
 2644 1310 D90F0000 		.4byte	.LASF237
 2645 1314 0C       		.byte	0xc
 2646 1315 5804     		.2byte	0x458
 2647 1317 0D       		.byte	0xd
 2648 1318 01       		.byte	0x1
 2649 1319 2B130000 		.4byte	0x132b
 2650 131d 1C       		.uleb128 0x1c
 2651 131e 6E0D0000 		.4byte	.LASF182
 2652 1322 0C       		.byte	0xc
 2653 1323 5804     		.2byte	0x458
 2654 1325 32       		.byte	0x32
 2655 1326 2C0C0000 		.4byte	0xc2c
 2656 132a 00       		.byte	0
 2657 132b 1B       		.uleb128 0x1b
 2658 132c 01       		.byte	0x1
 2659 132d 34050000 		.4byte	.LASF238
 2660 1331 0C       		.byte	0xc
 2661 1332 4704     		.2byte	0x447
 2662 1334 0D       		.byte	0xd
 2663 1335 01       		.byte	0x1
 2664 1336 48130000 		.4byte	0x1348
 2665 133a 1C       		.uleb128 0x1c
 2666 133b 6E0D0000 		.4byte	.LASF182
 2667 133f 0C       		.byte	0xc
 2668 1340 4704     		.2byte	0x447
 2669 1342 30       		.byte	0x30
 2670 1343 2C0C0000 		.4byte	0xc2c
 2671 1347 00       		.byte	0
 2672 1348 1E       		.uleb128 0x1e
 2673 1349 01       		.byte	0x1
 2674 134a 1F080000 		.4byte	.LASF239
 2675 134e 0C       		.byte	0xc
 2676 134f 4A03     		.2byte	0x34a
 2677 1351 13       		.byte	0x13
 2678 1352 01       		.byte	0x1
 2679 1353 0D060000 		.4byte	0x60d
ARM GAS  C:\Users\nicx5\AppData\Local\Temp\ccq4ftZ0.s 			page 48


 2680 1357 76130000 		.4byte	0x1376
 2681 135b 1C       		.uleb128 0x1c
 2682 135c 6E0D0000 		.4byte	.LASF182
 2683 1360 0C       		.byte	0xc
 2684 1361 4A03     		.2byte	0x34a
 2685 1363 35       		.byte	0x35
 2686 1364 2C0C0000 		.4byte	0xc2c
 2687 1368 1D       		.uleb128 0x1d
 2688 1369 7D0B0000 		.4byte	.LASF203
 2689 136d 0C       		.byte	0xc
 2690 136e 4C03     		.2byte	0x34c
 2691 1370 15       		.byte	0x15
 2692 1371 0D060000 		.4byte	0x60d
 2693 1375 00       		.byte	0
 2694 1376 1E       		.uleb128 0x1e
 2695 1377 01       		.byte	0x1
 2696 1378 20050000 		.4byte	.LASF240
 2697 137c 0C       		.byte	0xc
 2698 137d 9701     		.2byte	0x197
 2699 137f 13       		.byte	0x13
 2700 1380 01       		.byte	0x1
 2701 1381 0D060000 		.4byte	0x60d
 2702 1385 E5130000 		.4byte	0x13e5
 2703 1389 1C       		.uleb128 0x1c
 2704 138a 6E0D0000 		.4byte	.LASF182
 2705 138e 0C       		.byte	0xc
 2706 138f 9701     		.2byte	0x197
 2707 1391 33       		.byte	0x33
 2708 1392 2C0C0000 		.4byte	0xc2c
 2709 1396 1D       		.uleb128 0x1d
 2710 1397 7D0B0000 		.4byte	.LASF203
 2711 139b 0C       		.byte	0xc
 2712 139c 9901     		.2byte	0x199
 2713 139e 15       		.byte	0x15
 2714 139f 0D060000 		.4byte	0x60d
 2715 13a3 1D       		.uleb128 0x1d
 2716 13a4 26060000 		.4byte	.LASF241
 2717 13a8 0C       		.byte	0xc
 2718 13a9 9A01     		.2byte	0x19a
 2719 13ab 0C       		.byte	0xc
 2720 13ac 93000000 		.4byte	0x93
 2721 13b0 1D       		.uleb128 0x1d
 2722 13b1 830E0000 		.4byte	.LASF242
 2723 13b5 0C       		.byte	0xc
 2724 13b6 9B01     		.2byte	0x19b
 2725 13b8 0C       		.byte	0xc
 2726 13b9 93000000 		.4byte	0x93
 2727 13bd 1D       		.uleb128 0x1d
 2728 13be 09070000 		.4byte	.LASF210
 2729 13c2 0C       		.byte	0xc
 2730 13c3 9C01     		.2byte	0x19c
 2731 13c5 11       		.byte	0x11
 2732 13c6 9F000000 		.4byte	0x9f
 2733 13ca 1D       		.uleb128 0x1d
 2734 13cb 42100000 		.4byte	.LASF197
 2735 13cf 0C       		.byte	0xc
 2736 13d0 9D01     		.2byte	0x19d
ARM GAS  C:\Users\nicx5\AppData\Local\Temp\ccq4ftZ0.s 			page 49


 2737 13d2 0C       		.byte	0xc
 2738 13d3 93000000 		.4byte	0x93
 2739 13d7 1D       		.uleb128 0x1d
 2740 13d8 DF070000 		.4byte	.LASF198
 2741 13dc 0C       		.byte	0xc
 2742 13dd 9E01     		.2byte	0x19e
 2743 13df 0C       		.byte	0xc
 2744 13e0 93000000 		.4byte	0x93
 2745 13e4 00       		.byte	0
 2746 13e5 20       		.uleb128 0x20
 2747 13e6 82110000 		.4byte	.LASF244
 2748 13ea 0D       		.byte	0xd
 2749 13eb 1D20     		.2byte	0x201d
 2750 13ed 16       		.byte	0x16
 2751 13ee 01       		.byte	0x1
 2752 13ef 01140000 		.4byte	0x1401
 2753 13f3 1C       		.uleb128 0x1c
 2754 13f4 790A0000 		.4byte	.LASF243
 2755 13f8 0D       		.byte	0xd
 2756 13f9 1D20     		.2byte	0x201d
 2757 13fb 39       		.byte	0x39
 2758 13fc D30B0000 		.4byte	0xbd3
 2759 1400 00       		.byte	0
 2760 1401 20       		.uleb128 0x20
 2761 1402 6C110000 		.4byte	.LASF245
 2762 1406 0D       		.byte	0xd
 2763 1407 1220     		.2byte	0x2012
 2764 1409 16       		.byte	0x16
 2765 140a 01       		.byte	0x1
 2766 140b 1D140000 		.4byte	0x141d
 2767 140f 1C       		.uleb128 0x1c
 2768 1410 790A0000 		.4byte	.LASF243
 2769 1414 0D       		.byte	0xd
 2770 1415 1220     		.2byte	0x2012
 2771 1417 39       		.byte	0x39
 2772 1418 D30B0000 		.4byte	0xbd3
 2773 141c 00       		.byte	0
 2774 141d 20       		.uleb128 0x20
 2775 141e 56110000 		.4byte	.LASF246
 2776 1422 0D       		.byte	0xd
 2777 1423 0720     		.2byte	0x2007
 2778 1425 16       		.byte	0x16
 2779 1426 01       		.byte	0x1
 2780 1427 39140000 		.4byte	0x1439
 2781 142b 1C       		.uleb128 0x1c
 2782 142c 790A0000 		.4byte	.LASF243
 2783 1430 0D       		.byte	0xd
 2784 1431 0720     		.2byte	0x2007
 2785 1433 39       		.byte	0x39
 2786 1434 D30B0000 		.4byte	0xbd3
 2787 1438 00       		.byte	0
 2788 1439 20       		.uleb128 0x20
 2789 143a E0110000 		.4byte	.LASF247
 2790 143e 0D       		.byte	0xd
 2791 143f A41F     		.2byte	0x1fa4
 2792 1441 16       		.byte	0x16
 2793 1442 01       		.byte	0x1
ARM GAS  C:\Users\nicx5\AppData\Local\Temp\ccq4ftZ0.s 			page 50


 2794 1443 55140000 		.4byte	0x1455
 2795 1447 1C       		.uleb128 0x1c
 2796 1448 790A0000 		.4byte	.LASF243
 2797 144c 0D       		.byte	0xd
 2798 144d A41F     		.2byte	0x1fa4
 2799 144f 38       		.byte	0x38
 2800 1450 D30B0000 		.4byte	0xbd3
 2801 1454 00       		.byte	0
 2802 1455 20       		.uleb128 0x20
 2803 1456 CB110000 		.4byte	.LASF248
 2804 145a 0D       		.byte	0xd
 2805 145b 991F     		.2byte	0x1f99
 2806 145d 16       		.byte	0x16
 2807 145e 01       		.byte	0x1
 2808 145f 71140000 		.4byte	0x1471
 2809 1463 1C       		.uleb128 0x1c
 2810 1464 790A0000 		.4byte	.LASF243
 2811 1468 0D       		.byte	0xd
 2812 1469 991F     		.2byte	0x1f99
 2813 146b 38       		.byte	0x38
 2814 146c D30B0000 		.4byte	0xbd3
 2815 1470 00       		.byte	0
 2816 1471 20       		.uleb128 0x20
 2817 1472 B6110000 		.4byte	.LASF249
 2818 1476 0D       		.byte	0xd
 2819 1477 8E1F     		.2byte	0x1f8e
 2820 1479 16       		.byte	0x16
 2821 147a 01       		.byte	0x1
 2822 147b 8D140000 		.4byte	0x148d
 2823 147f 1C       		.uleb128 0x1c
 2824 1480 790A0000 		.4byte	.LASF243
 2825 1484 0D       		.byte	0xd
 2826 1485 8E1F     		.2byte	0x1f8e
 2827 1487 38       		.byte	0x38
 2828 1488 D30B0000 		.4byte	0xbd3
 2829 148c 00       		.byte	0
 2830 148d 20       		.uleb128 0x20
 2831 148e EB0E0000 		.4byte	.LASF250
 2832 1492 0D       		.byte	0xd
 2833 1493 1B1E     		.2byte	0x1e1b
 2834 1495 16       		.byte	0x16
 2835 1496 01       		.byte	0x1
 2836 1497 A9140000 		.4byte	0x14a9
 2837 149b 1C       		.uleb128 0x1c
 2838 149c 790A0000 		.4byte	.LASF243
 2839 14a0 0D       		.byte	0xd
 2840 14a1 1B1E     		.2byte	0x1e1b
 2841 14a3 39       		.byte	0x39
 2842 14a4 D30B0000 		.4byte	0xbd3
 2843 14a8 00       		.byte	0
 2844 14a9 20       		.uleb128 0x20
 2845 14aa D50E0000 		.4byte	.LASF251
 2846 14ae 0D       		.byte	0xd
 2847 14af 101E     		.2byte	0x1e10
 2848 14b1 16       		.byte	0x16
 2849 14b2 01       		.byte	0x1
 2850 14b3 C5140000 		.4byte	0x14c5
ARM GAS  C:\Users\nicx5\AppData\Local\Temp\ccq4ftZ0.s 			page 51


 2851 14b7 1C       		.uleb128 0x1c
 2852 14b8 790A0000 		.4byte	.LASF243
 2853 14bc 0D       		.byte	0xd
 2854 14bd 101E     		.2byte	0x1e10
 2855 14bf 39       		.byte	0x39
 2856 14c0 D30B0000 		.4byte	0xbd3
 2857 14c4 00       		.byte	0
 2858 14c5 20       		.uleb128 0x20
 2859 14c6 BF0E0000 		.4byte	.LASF252
 2860 14ca 0D       		.byte	0xd
 2861 14cb 051E     		.2byte	0x1e05
 2862 14cd 16       		.byte	0x16
 2863 14ce 01       		.byte	0x1
 2864 14cf E1140000 		.4byte	0x14e1
 2865 14d3 1C       		.uleb128 0x1c
 2866 14d4 790A0000 		.4byte	.LASF243
 2867 14d8 0D       		.byte	0xd
 2868 14d9 051E     		.2byte	0x1e05
 2869 14db 39       		.byte	0x39
 2870 14dc D30B0000 		.4byte	0xbd3
 2871 14e0 00       		.byte	0
 2872 14e1 21       		.uleb128 0x21
 2873 14e2 7E090000 		.4byte	.LASF254
 2874 14e6 0D       		.byte	0xd
 2875 14e7 641C     		.2byte	0x1c64
 2876 14e9 1A       		.byte	0x1a
 2877 14ea 01       		.byte	0x1
 2878 14eb 93000000 		.4byte	0x93
 2879 14ef 01150000 		.4byte	0x1501
 2880 14f3 1C       		.uleb128 0x1c
 2881 14f4 790A0000 		.4byte	.LASF243
 2882 14f8 0D       		.byte	0xd
 2883 14f9 641C     		.2byte	0x1c64
 2884 14fb 46       		.byte	0x46
 2885 14fc D30B0000 		.4byte	0xbd3
 2886 1500 00       		.byte	0
 2887 1501 20       		.uleb128 0x20
 2888 1502 EB0F0000 		.4byte	.LASF253
 2889 1506 0D       		.byte	0xd
 2890 1507 541C     		.2byte	0x1c54
 2891 1509 16       		.byte	0x16
 2892 150a 01       		.byte	0x1
 2893 150b 1D150000 		.4byte	0x151d
 2894 150f 1C       		.uleb128 0x1c
 2895 1510 790A0000 		.4byte	.LASF243
 2896 1514 0D       		.byte	0xd
 2897 1515 541C     		.2byte	0x1c54
 2898 1517 3D       		.byte	0x3d
 2899 1518 D30B0000 		.4byte	0xbd3
 2900 151c 00       		.byte	0
 2901 151d 21       		.uleb128 0x21
 2902 151e 42030000 		.4byte	.LASF255
 2903 1522 0D       		.byte	0xd
 2904 1523 A11B     		.2byte	0x1ba1
 2905 1525 1A       		.byte	0x1a
 2906 1526 01       		.byte	0x1
 2907 1527 93000000 		.4byte	0x93
ARM GAS  C:\Users\nicx5\AppData\Local\Temp\ccq4ftZ0.s 			page 52


 2908 152b 3D150000 		.4byte	0x153d
 2909 152f 1C       		.uleb128 0x1c
 2910 1530 790A0000 		.4byte	.LASF243
 2911 1534 0D       		.byte	0xd
 2912 1535 A11B     		.2byte	0x1ba1
 2913 1537 46       		.byte	0x46
 2914 1538 D30B0000 		.4byte	0xbd3
 2915 153c 00       		.byte	0
 2916 153d 20       		.uleb128 0x20
 2917 153e 96000000 		.4byte	.LASF256
 2918 1542 0D       		.byte	0xd
 2919 1543 911B     		.2byte	0x1b91
 2920 1545 16       		.byte	0x16
 2921 1546 01       		.byte	0x1
 2922 1547 59150000 		.4byte	0x1559
 2923 154b 1C       		.uleb128 0x1c
 2924 154c 790A0000 		.4byte	.LASF243
 2925 1550 0D       		.byte	0xd
 2926 1551 911B     		.2byte	0x1b91
 2927 1553 3D       		.byte	0x3d
 2928 1554 D30B0000 		.4byte	0xbd3
 2929 1558 00       		.byte	0
 2930 1559 20       		.uleb128 0x20
 2931 155a E50B0000 		.4byte	.LASF257
 2932 155e 0D       		.byte	0xd
 2933 155f 7D1B     		.2byte	0x1b7d
 2934 1561 16       		.byte	0x16
 2935 1562 01       		.byte	0x1
 2936 1563 75150000 		.4byte	0x1575
 2937 1567 1C       		.uleb128 0x1c
 2938 1568 790A0000 		.4byte	.LASF243
 2939 156c 0D       		.byte	0xd
 2940 156d 7D1B     		.2byte	0x1b7d
 2941 156f 3E       		.byte	0x3e
 2942 1570 D30B0000 		.4byte	0xbd3
 2943 1574 00       		.byte	0
 2944 1575 21       		.uleb128 0x21
 2945 1576 730D0000 		.4byte	.LASF258
 2946 157a 0D       		.byte	0xd
 2947 157b 281B     		.2byte	0x1b28
 2948 157d 1A       		.byte	0x1a
 2949 157e 01       		.byte	0x1
 2950 157f 93000000 		.4byte	0x93
 2951 1583 95150000 		.4byte	0x1595
 2952 1587 1C       		.uleb128 0x1c
 2953 1588 790A0000 		.4byte	.LASF243
 2954 158c 0D       		.byte	0xd
 2955 158d 281B     		.2byte	0x1b28
 2956 158f 3F       		.byte	0x3f
 2957 1590 D30B0000 		.4byte	0xbd3
 2958 1594 00       		.byte	0
 2959 1595 21       		.uleb128 0x21
 2960 1596 BE0F0000 		.4byte	.LASF259
 2961 159a 0D       		.byte	0xd
 2962 159b 1D1B     		.2byte	0x1b1d
 2963 159d 1A       		.byte	0x1a
 2964 159e 01       		.byte	0x1
ARM GAS  C:\Users\nicx5\AppData\Local\Temp\ccq4ftZ0.s 			page 53


 2965 159f 93000000 		.4byte	0x93
 2966 15a3 B5150000 		.4byte	0x15b5
 2967 15a7 1C       		.uleb128 0x1c
 2968 15a8 790A0000 		.4byte	.LASF243
 2969 15ac 0D       		.byte	0xd
 2970 15ad 1D1B     		.2byte	0x1b1d
 2971 15af 38       		.byte	0x38
 2972 15b0 D30B0000 		.4byte	0xbd3
 2973 15b4 00       		.byte	0
 2974 15b5 20       		.uleb128 0x20
 2975 15b6 A9120000 		.4byte	.LASF260
 2976 15ba 0D       		.byte	0xd
 2977 15bb 0A1B     		.2byte	0x1b0a
 2978 15bd 16       		.byte	0x16
 2979 15be 01       		.byte	0x1
 2980 15bf D1150000 		.4byte	0x15d1
 2981 15c3 1C       		.uleb128 0x1c
 2982 15c4 790A0000 		.4byte	.LASF243
 2983 15c8 0D       		.byte	0xd
 2984 15c9 0A1B     		.2byte	0x1b0a
 2985 15cb 32       		.byte	0x32
 2986 15cc D30B0000 		.4byte	0xbd3
 2987 15d0 00       		.byte	0
 2988 15d1 20       		.uleb128 0x20
 2989 15d2 2B120000 		.4byte	.LASF261
 2990 15d6 0D       		.byte	0xd
 2991 15d7 F61A     		.2byte	0x1af6
 2992 15d9 16       		.byte	0x16
 2993 15da 01       		.byte	0x1
 2994 15db ED150000 		.4byte	0x15ed
 2995 15df 1C       		.uleb128 0x1c
 2996 15e0 790A0000 		.4byte	.LASF243
 2997 15e4 0D       		.byte	0xd
 2998 15e5 F61A     		.2byte	0x1af6
 2999 15e7 31       		.byte	0x31
 3000 15e8 D30B0000 		.4byte	0xbd3
 3001 15ec 00       		.byte	0
 3002 15ed 21       		.uleb128 0x21
 3003 15ee A0050000 		.4byte	.LASF262
 3004 15f2 0D       		.byte	0xd
 3005 15f3 E11A     		.2byte	0x1ae1
 3006 15f5 1A       		.byte	0x1a
 3007 15f6 01       		.byte	0x1
 3008 15f7 93000000 		.4byte	0x93
 3009 15fb 0D160000 		.4byte	0x160d
 3010 15ff 1C       		.uleb128 0x1c
 3011 1600 790A0000 		.4byte	.LASF243
 3012 1604 0D       		.byte	0xd
 3013 1605 E11A     		.2byte	0x1ae1
 3014 1607 49       		.byte	0x49
 3015 1608 D30B0000 		.4byte	0xbd3
 3016 160c 00       		.byte	0
 3017 160d 20       		.uleb128 0x20
 3018 160e AA010000 		.4byte	.LASF263
 3019 1612 0D       		.byte	0xd
 3020 1613 C31A     		.2byte	0x1ac3
 3021 1615 16       		.byte	0x16
ARM GAS  C:\Users\nicx5\AppData\Local\Temp\ccq4ftZ0.s 			page 54


 3022 1616 01       		.byte	0x1
 3023 1617 29160000 		.4byte	0x1629
 3024 161b 1C       		.uleb128 0x1c
 3025 161c 790A0000 		.4byte	.LASF243
 3026 1620 0D       		.byte	0xd
 3027 1621 C31A     		.2byte	0x1ac3
 3028 1623 42       		.byte	0x42
 3029 1624 D30B0000 		.4byte	0xbd3
 3030 1628 00       		.byte	0
 3031 1629 21       		.uleb128 0x21
 3032 162a A50B0000 		.4byte	.LASF264
 3033 162e 0D       		.byte	0xd
 3034 162f B01A     		.2byte	0x1ab0
 3035 1631 1A       		.byte	0x1a
 3036 1632 01       		.byte	0x1
 3037 1633 93000000 		.4byte	0x93
 3038 1637 49160000 		.4byte	0x1649
 3039 163b 1C       		.uleb128 0x1c
 3040 163c 790A0000 		.4byte	.LASF243
 3041 1640 0D       		.byte	0xd
 3042 1641 B01A     		.2byte	0x1ab0
 3043 1643 45       		.byte	0x45
 3044 1644 D30B0000 		.4byte	0xbd3
 3045 1648 00       		.byte	0
 3046 1649 20       		.uleb128 0x20
 3047 164a 38070000 		.4byte	.LASF265
 3048 164e 0D       		.byte	0xd
 3049 164f A21A     		.2byte	0x1aa2
 3050 1651 16       		.byte	0x16
 3051 1652 01       		.byte	0x1
 3052 1653 65160000 		.4byte	0x1665
 3053 1657 1C       		.uleb128 0x1c
 3054 1658 790A0000 		.4byte	.LASF243
 3055 165c 0D       		.byte	0xd
 3056 165d A21A     		.2byte	0x1aa2
 3057 165f 3F       		.byte	0x3f
 3058 1660 D30B0000 		.4byte	0xbd3
 3059 1664 00       		.byte	0
 3060 1665 21       		.uleb128 0x21
 3061 1666 C3040000 		.4byte	.LASF266
 3062 166a 0D       		.byte	0xd
 3063 166b 241A     		.2byte	0x1a24
 3064 166d 1A       		.byte	0x1a
 3065 166e 01       		.byte	0x1
 3066 166f 93000000 		.4byte	0x93
 3067 1673 85160000 		.4byte	0x1685
 3068 1677 1C       		.uleb128 0x1c
 3069 1678 B10F0000 		.4byte	.LASF267
 3070 167c 0D       		.byte	0xd
 3071 167d 241A     		.2byte	0x1a24
 3072 167f 49       		.byte	0x49
 3073 1680 85160000 		.4byte	0x1685
 3074 1684 00       		.byte	0
 3075 1685 17       		.uleb128 0x17
 3076 1686 04       		.byte	0x4
 3077 1687 ED030000 		.4byte	0x3ed
 3078 168b 21       		.uleb128 0x21
ARM GAS  C:\Users\nicx5\AppData\Local\Temp\ccq4ftZ0.s 			page 55


 3079 168c 17120000 		.4byte	.LASF268
 3080 1690 0D       		.byte	0xd
 3081 1691 C919     		.2byte	0x19c9
 3082 1693 1A       		.byte	0x1a
 3083 1694 01       		.byte	0x1
 3084 1695 93000000 		.4byte	0x93
 3085 1699 AB160000 		.4byte	0x16ab
 3086 169d 1C       		.uleb128 0x1c
 3087 169e B10F0000 		.4byte	.LASF267
 3088 16a2 0D       		.byte	0xd
 3089 16a3 C919     		.2byte	0x19c9
 3090 16a5 42       		.byte	0x42
 3091 16a6 85160000 		.4byte	0x1685
 3092 16aa 00       		.byte	0
 3093 16ab 20       		.uleb128 0x20
 3094 16ac 9C0A0000 		.4byte	.LASF269
 3095 16b0 0D       		.byte	0xd
 3096 16b1 8E16     		.2byte	0x168e
 3097 16b3 16       		.byte	0x16
 3098 16b4 01       		.byte	0x1
 3099 16b5 EE160000 		.4byte	0x16ee
 3100 16b9 1C       		.uleb128 0x1c
 3101 16ba 790A0000 		.4byte	.LASF243
 3102 16be 0D       		.byte	0xd
 3103 16bf 8E16     		.2byte	0x168e
 3104 16c1 43       		.byte	0x43
 3105 16c2 D30B0000 		.4byte	0xbd3
 3106 16c6 1C       		.uleb128 0x1c
 3107 16c7 1F030000 		.4byte	.LASF270
 3108 16cb 0D       		.byte	0xd
 3109 16cc 8E16     		.2byte	0x168e
 3110 16ce 52       		.byte	0x52
 3111 16cf 93000000 		.4byte	0x93
 3112 16d3 1C       		.uleb128 0x1c
 3113 16d4 CC0D0000 		.4byte	.LASF271
 3114 16d8 0D       		.byte	0xd
 3115 16d9 8E16     		.2byte	0x168e
 3116 16db 61       		.byte	0x61
 3117 16dc 93000000 		.4byte	0x93
 3118 16e0 1D       		.uleb128 0x1d
 3119 16e1 00020000 		.4byte	.LASF272
 3120 16e5 0D       		.byte	0xd
 3121 16e6 9416     		.2byte	0x1694
 3122 16e8 12       		.byte	0x12
 3123 16e9 EE160000 		.4byte	0x16ee
 3124 16ed 00       		.byte	0
 3125 16ee 17       		.uleb128 0x17
 3126 16ef 04       		.byte	0x4
 3127 16f0 9F000000 		.4byte	0x9f
 3128 16f4 20       		.uleb128 0x20
 3129 16f5 35040000 		.4byte	.LASF273
 3130 16f9 0D       		.byte	0xd
 3131 16fa B315     		.2byte	0x15b3
 3132 16fc 16       		.byte	0x16
 3133 16fd 01       		.byte	0x1
 3134 16fe 2A170000 		.4byte	0x172a
 3135 1702 1C       		.uleb128 0x1c
ARM GAS  C:\Users\nicx5\AppData\Local\Temp\ccq4ftZ0.s 			page 56


 3136 1703 790A0000 		.4byte	.LASF243
 3137 1707 0D       		.byte	0xd
 3138 1708 B315     		.2byte	0x15b3
 3139 170a 3F       		.byte	0x3f
 3140 170b D30B0000 		.4byte	0xbd3
 3141 170f 1C       		.uleb128 0x1c
 3142 1710 010F0000 		.4byte	.LASF148
 3143 1714 0D       		.byte	0xd
 3144 1715 B315     		.2byte	0x15b3
 3145 1717 4E       		.byte	0x4e
 3146 1718 93000000 		.4byte	0x93
 3147 171c 1C       		.uleb128 0x1c
 3148 171d DD060000 		.4byte	.LASF151
 3149 1721 0D       		.byte	0xd
 3150 1722 B315     		.2byte	0x15b3
 3151 1724 60       		.byte	0x60
 3152 1725 93000000 		.4byte	0x93
 3153 1729 00       		.byte	0
 3154 172a 20       		.uleb128 0x20
 3155 172b 50000000 		.4byte	.LASF274
 3156 172f 0D       		.byte	0xd
 3157 1730 2115     		.2byte	0x1521
 3158 1732 16       		.byte	0x16
 3159 1733 01       		.byte	0x1
 3160 1734 6D170000 		.4byte	0x176d
 3161 1738 1C       		.uleb128 0x1c
 3162 1739 790A0000 		.4byte	.LASF243
 3163 173d 0D       		.byte	0xd
 3164 173e 2115     		.2byte	0x1521
 3165 1740 41       		.byte	0x41
 3166 1741 D30B0000 		.4byte	0xbd3
 3167 1745 1C       		.uleb128 0x1c
 3168 1746 010F0000 		.4byte	.LASF148
 3169 174a 0D       		.byte	0xd
 3170 174b 2115     		.2byte	0x1521
 3171 174d 50       		.byte	0x50
 3172 174e 93000000 		.4byte	0x93
 3173 1752 1C       		.uleb128 0x1c
 3174 1753 7B050000 		.4byte	.LASF150
 3175 1757 0D       		.byte	0xd
 3176 1758 2115     		.2byte	0x1521
 3177 175a 62       		.byte	0x62
 3178 175b 93000000 		.4byte	0x93
 3179 175f 1D       		.uleb128 0x1d
 3180 1760 00020000 		.4byte	.LASF272
 3181 1764 0D       		.byte	0xd
 3182 1765 2715     		.2byte	0x1527
 3183 1767 12       		.byte	0x12
 3184 1768 EE160000 		.4byte	0x16ee
 3185 176c 00       		.byte	0
 3186 176d 21       		.uleb128 0x21
 3187 176e 2F130000 		.4byte	.LASF275
 3188 1772 0D       		.byte	0xd
 3189 1773 6B12     		.2byte	0x126b
 3190 1775 1A       		.byte	0x1a
 3191 1776 01       		.byte	0x1
 3192 1777 93000000 		.4byte	0x93
ARM GAS  C:\Users\nicx5\AppData\Local\Temp\ccq4ftZ0.s 			page 57


 3193 177b 8D170000 		.4byte	0x178d
 3194 177f 1C       		.uleb128 0x1c
 3195 1780 790A0000 		.4byte	.LASF243
 3196 1784 0D       		.byte	0xd
 3197 1785 6B12     		.2byte	0x126b
 3198 1787 49       		.byte	0x49
 3199 1788 D30B0000 		.4byte	0xbd3
 3200 178c 00       		.byte	0
 3201 178d 20       		.uleb128 0x20
 3202 178e C7000000 		.4byte	.LASF276
 3203 1792 0D       		.byte	0xd
 3204 1793 4311     		.2byte	0x1143
 3205 1795 16       		.byte	0x16
 3206 1796 01       		.byte	0x1
 3207 1797 B6170000 		.4byte	0x17b6
 3208 179b 1C       		.uleb128 0x1c
 3209 179c 790A0000 		.4byte	.LASF243
 3210 17a0 0D       		.byte	0xd
 3211 17a1 4311     		.2byte	0x1143
 3212 17a3 42       		.byte	0x42
 3213 17a4 D30B0000 		.4byte	0xbd3
 3214 17a8 1C       		.uleb128 0x1c
 3215 17a9 E10D0000 		.4byte	.LASF277
 3216 17ad 0D       		.byte	0xd
 3217 17ae 4311     		.2byte	0x1143
 3218 17b0 51       		.byte	0x51
 3219 17b1 93000000 		.4byte	0x93
 3220 17b5 00       		.byte	0
 3221 17b6 20       		.uleb128 0x20
 3222 17b7 76080000 		.4byte	.LASF278
 3223 17bb 0D       		.byte	0xd
 3224 17bc 9F10     		.2byte	0x109f
 3225 17be 16       		.byte	0x16
 3226 17bf 01       		.byte	0x1
 3227 17c0 F9170000 		.4byte	0x17f9
 3228 17c4 1C       		.uleb128 0x1c
 3229 17c5 790A0000 		.4byte	.LASF243
 3230 17c9 0D       		.byte	0xd
 3231 17ca 9F10     		.2byte	0x109f
 3232 17cc 40       		.byte	0x40
 3233 17cd D30B0000 		.4byte	0xbd3
 3234 17d1 1C       		.uleb128 0x1c
 3235 17d2 BD0C0000 		.4byte	.LASF149
 3236 17d6 0D       		.byte	0xd
 3237 17d7 9F10     		.2byte	0x109f
 3238 17d9 4F       		.byte	0x4f
 3239 17da 93000000 		.4byte	0x93
 3240 17de 1C       		.uleb128 0x1c
 3241 17df 010F0000 		.4byte	.LASF148
 3242 17e3 0D       		.byte	0xd
 3243 17e4 9F10     		.2byte	0x109f
 3244 17e6 5E       		.byte	0x5e
 3245 17e7 93000000 		.4byte	0x93
 3246 17eb 1D       		.uleb128 0x1d
 3247 17ec 00020000 		.4byte	.LASF272
 3248 17f0 0D       		.byte	0xd
 3249 17f1 A510     		.2byte	0x10a5
ARM GAS  C:\Users\nicx5\AppData\Local\Temp\ccq4ftZ0.s 			page 58


 3250 17f3 12       		.byte	0x12
 3251 17f4 EE160000 		.4byte	0x16ee
 3252 17f8 00       		.byte	0
 3253 17f9 21       		.uleb128 0x21
 3254 17fa D3080000 		.4byte	.LASF279
 3255 17fe 0D       		.byte	0xd
 3256 17ff 580F     		.2byte	0xf58
 3257 1801 1A       		.byte	0x1a
 3258 1802 01       		.byte	0x1
 3259 1803 93000000 		.4byte	0x93
 3260 1807 19180000 		.4byte	0x1819
 3261 180b 1C       		.uleb128 0x1c
 3262 180c 790A0000 		.4byte	.LASF243
 3263 1810 0D       		.byte	0xd
 3264 1811 580F     		.2byte	0xf58
 3265 1813 49       		.byte	0x49
 3266 1814 D30B0000 		.4byte	0xbd3
 3267 1818 00       		.byte	0
 3268 1819 20       		.uleb128 0x20
 3269 181a 9B060000 		.4byte	.LASF280
 3270 181e 0D       		.byte	0xd
 3271 181f E00D     		.2byte	0xde0
 3272 1821 16       		.byte	0x16
 3273 1822 01       		.byte	0x1
 3274 1823 5E180000 		.4byte	0x185e
 3275 1827 1C       		.uleb128 0x1c
 3276 1828 790A0000 		.4byte	.LASF243
 3277 182c 0D       		.byte	0xd
 3278 182d E00D     		.2byte	0xde0
 3279 182f 44       		.byte	0x44
 3280 1830 D30B0000 		.4byte	0xbd3
 3281 1834 1C       		.uleb128 0x1c
 3282 1835 DE100000 		.4byte	.LASF281
 3283 1839 0D       		.byte	0xd
 3284 183a E00D     		.2byte	0xde0
 3285 183c 53       		.byte	0x53
 3286 183d 93000000 		.4byte	0x93
 3287 1841 1C       		.uleb128 0x1c
 3288 1842 C2050000 		.4byte	.LASF155
 3289 1846 0D       		.byte	0xd
 3290 1847 E00D     		.2byte	0xde0
 3291 1849 65       		.byte	0x65
 3292 184a 93000000 		.4byte	0x93
 3293 184e 1F       		.uleb128 0x1f
 3294 184f 1D       		.uleb128 0x1d
 3295 1850 00020000 		.4byte	.LASF272
 3296 1854 0D       		.byte	0xd
 3297 1855 EA0D     		.2byte	0xdea
 3298 1857 14       		.byte	0x14
 3299 1858 EE160000 		.4byte	0x16ee
 3300 185c 00       		.byte	0
 3301 185d 00       		.byte	0
 3302 185e 20       		.uleb128 0x20
 3303 185f A60E0000 		.4byte	.LASF282
 3304 1863 0D       		.byte	0xd
 3305 1864 B60D     		.2byte	0xdb6
 3306 1866 16       		.byte	0x16
ARM GAS  C:\Users\nicx5\AppData\Local\Temp\ccq4ftZ0.s 			page 59


 3307 1867 01       		.byte	0x1
 3308 1868 94180000 		.4byte	0x1894
 3309 186c 1C       		.uleb128 0x1c
 3310 186d 790A0000 		.4byte	.LASF243
 3311 1871 0D       		.byte	0xd
 3312 1872 B60D     		.2byte	0xdb6
 3313 1874 3C       		.byte	0x3c
 3314 1875 D30B0000 		.4byte	0xbd3
 3315 1879 1C       		.uleb128 0x1c
 3316 187a DE100000 		.4byte	.LASF281
 3317 187e 0D       		.byte	0xd
 3318 187f B60D     		.2byte	0xdb6
 3319 1881 4B       		.byte	0x4b
 3320 1882 93000000 		.4byte	0x93
 3321 1886 1C       		.uleb128 0x1c
 3322 1887 93080000 		.4byte	.LASF283
 3323 188b 0D       		.byte	0xd
 3324 188c B60D     		.2byte	0xdb6
 3325 188e 5D       		.byte	0x5d
 3326 188f 93000000 		.4byte	0x93
 3327 1893 00       		.byte	0
 3328 1894 20       		.uleb128 0x20
 3329 1895 05090000 		.4byte	.LASF284
 3330 1899 0D       		.byte	0xd
 3331 189a 330D     		.2byte	0xd33
 3332 189c 16       		.byte	0x16
 3333 189d 01       		.byte	0x1
 3334 189e E4180000 		.4byte	0x18e4
 3335 18a2 1C       		.uleb128 0x1c
 3336 18a3 790A0000 		.4byte	.LASF243
 3337 18a7 0D       		.byte	0xd
 3338 18a8 330D     		.2byte	0xd33
 3339 18aa 34       		.byte	0x34
 3340 18ab D30B0000 		.4byte	0xbd3
 3341 18af 1C       		.uleb128 0x1c
 3342 18b0 DE100000 		.4byte	.LASF281
 3343 18b4 0D       		.byte	0xd
 3344 18b5 330D     		.2byte	0xd33
 3345 18b7 43       		.byte	0x43
 3346 18b8 93000000 		.4byte	0x93
 3347 18bc 1C       		.uleb128 0x1c
 3348 18bd 010F0000 		.4byte	.LASF148
 3349 18c1 0D       		.byte	0xd
 3350 18c2 330D     		.2byte	0xd33
 3351 18c4 55       		.byte	0x55
 3352 18c5 93000000 		.4byte	0x93
 3353 18c9 1C       		.uleb128 0x1c
 3354 18ca DE040000 		.4byte	.LASF285
 3355 18ce 0D       		.byte	0xd
 3356 18cf 330D     		.2byte	0xd33
 3357 18d1 67       		.byte	0x67
 3358 18d2 93000000 		.4byte	0x93
 3359 18d6 1D       		.uleb128 0x1d
 3360 18d7 00020000 		.4byte	.LASF272
 3361 18db 0D       		.byte	0xd
 3362 18dc 350D     		.2byte	0xd35
 3363 18de 12       		.byte	0x12
ARM GAS  C:\Users\nicx5\AppData\Local\Temp\ccq4ftZ0.s 			page 60


 3364 18df EE160000 		.4byte	0x16ee
 3365 18e3 00       		.byte	0
 3366 18e4 21       		.uleb128 0x21
 3367 18e5 640E0000 		.4byte	.LASF286
 3368 18e9 0D       		.byte	0xd
 3369 18ea C10A     		.2byte	0xac1
 3370 18ec 1A       		.byte	0x1a
 3371 18ed 01       		.byte	0x1
 3372 18ee 93000000 		.4byte	0x93
 3373 18f2 04190000 		.4byte	0x1904
 3374 18f6 1C       		.uleb128 0x1c
 3375 18f7 B10F0000 		.4byte	.LASF267
 3376 18fb 0D       		.byte	0xd
 3377 18fc C10A     		.2byte	0xac1
 3378 18fe 4D       		.byte	0x4d
 3379 18ff 85160000 		.4byte	0x1685
 3380 1903 00       		.byte	0
 3381 1904 20       		.uleb128 0x20
 3382 1905 59070000 		.4byte	.LASF287
 3383 1909 0D       		.byte	0xd
 3384 190a AB0A     		.2byte	0xaab
 3385 190c 16       		.byte	0x16
 3386 190d 01       		.byte	0x1
 3387 190e 2D190000 		.4byte	0x192d
 3388 1912 1C       		.uleb128 0x1c
 3389 1913 B10F0000 		.4byte	.LASF267
 3390 1917 0D       		.byte	0xd
 3391 1918 AB0A     		.2byte	0xaab
 3392 191a 49       		.byte	0x49
 3393 191b 85160000 		.4byte	0x1685
 3394 191f 1C       		.uleb128 0x1c
 3395 1920 6C0A0000 		.4byte	.LASF288
 3396 1924 0D       		.byte	0xd
 3397 1925 AB0A     		.2byte	0xaab
 3398 1927 60       		.byte	0x60
 3399 1928 93000000 		.4byte	0x93
 3400 192c 00       		.byte	0
 3401 192d 20       		.uleb128 0x20
 3402 192e 400C0000 		.4byte	.LASF289
 3403 1932 0D       		.byte	0xd
 3404 1933 670A     		.2byte	0xa67
 3405 1935 16       		.byte	0x16
 3406 1936 01       		.byte	0x1
 3407 1937 56190000 		.4byte	0x1956
 3408 193b 1C       		.uleb128 0x1c
 3409 193c B10F0000 		.4byte	.LASF267
 3410 1940 0D       		.byte	0xd
 3411 1941 670A     		.2byte	0xa67
 3412 1943 40       		.byte	0x40
 3413 1944 85160000 		.4byte	0x1685
 3414 1948 1C       		.uleb128 0x1c
 3415 1949 16090000 		.4byte	.LASF290
 3416 194d 0D       		.byte	0xd
 3417 194e 670A     		.2byte	0xa67
 3418 1950 57       		.byte	0x57
 3419 1951 93000000 		.4byte	0x93
 3420 1955 00       		.byte	0
ARM GAS  C:\Users\nicx5\AppData\Local\Temp\ccq4ftZ0.s 			page 61


 3421 1956 21       		.uleb128 0x21
 3422 1957 9A050000 		.4byte	.LASF291
 3423 195b 0E       		.byte	0xe
 3424 195c 3604     		.2byte	0x436
 3425 195e 1E       		.byte	0x1e
 3426 195f 01       		.byte	0x1
 3427 1960 87000000 		.4byte	0x87
 3428 1964 76190000 		.4byte	0x1976
 3429 1968 1C       		.uleb128 0x1c
 3430 1969 5A050000 		.4byte	.LASF292
 3431 196d 0E       		.byte	0xe
 3432 196e 3604     		.2byte	0x436
 3433 1970 2D       		.byte	0x2d
 3434 1971 93000000 		.4byte	0x93
 3435 1975 00       		.byte	0
 3436 1976 22       		.uleb128 0x22
 3437 1977 7E040000 		.4byte	.LASF293
 3438 197b 0E       		.byte	0xe
 3439 197c 1804     		.2byte	0x418
 3440 197e 1F       		.byte	0x1f
 3441 197f 01       		.byte	0x1
 3442 1980 93000000 		.4byte	0x93
 3443 1984 1C       		.uleb128 0x1c
 3444 1985 5A050000 		.4byte	.LASF292
 3445 1989 0E       		.byte	0xe
 3446 198a 1804     		.2byte	0x418
 3447 198c 2F       		.byte	0x2f
 3448 198d 93000000 		.4byte	0x93
 3449 1991 1D       		.uleb128 0x1d
 3450 1992 85040000 		.4byte	.LASF294
 3451 1996 0E       		.byte	0xe
 3452 1997 1A04     		.2byte	0x41a
 3453 1999 0C       		.byte	0xc
 3454 199a 93000000 		.4byte	0x93
 3455 199e 00       		.byte	0
 3456 199f 00       		.byte	0
 3457              		.section	.gnu.debuglto_.debug_abbrev,"e",%progbits
 3458              	.Ldebug_abbrev0:
 3459 0000 01       		.uleb128 0x1
 3460 0001 11       		.uleb128 0x11
 3461 0002 01       		.byte	0x1
 3462 0003 25       		.uleb128 0x25
 3463 0004 0E       		.uleb128 0xe
 3464 0005 13       		.uleb128 0x13
 3465 0006 0B       		.uleb128 0xb
 3466 0007 03       		.uleb128 0x3
 3467 0008 0E       		.uleb128 0xe
 3468 0009 1B       		.uleb128 0x1b
 3469 000a 0E       		.uleb128 0xe
 3470 000b 10       		.uleb128 0x10
 3471 000c 06       		.uleb128 0x6
 3472 000d 00       		.byte	0
 3473 000e 00       		.byte	0
 3474 000f 02       		.uleb128 0x2
 3475 0010 24       		.uleb128 0x24
 3476 0011 00       		.byte	0
 3477 0012 0B       		.uleb128 0xb
ARM GAS  C:\Users\nicx5\AppData\Local\Temp\ccq4ftZ0.s 			page 62


 3478 0013 0B       		.uleb128 0xb
 3479 0014 3E       		.uleb128 0x3e
 3480 0015 0B       		.uleb128 0xb
 3481 0016 03       		.uleb128 0x3
 3482 0017 0E       		.uleb128 0xe
 3483 0018 00       		.byte	0
 3484 0019 00       		.byte	0
 3485 001a 03       		.uleb128 0x3
 3486 001b 16       		.uleb128 0x16
 3487 001c 00       		.byte	0
 3488 001d 03       		.uleb128 0x3
 3489 001e 0E       		.uleb128 0xe
 3490 001f 3A       		.uleb128 0x3a
 3491 0020 0B       		.uleb128 0xb
 3492 0021 3B       		.uleb128 0x3b
 3493 0022 0B       		.uleb128 0xb
 3494 0023 39       		.uleb128 0x39
 3495 0024 0B       		.uleb128 0xb
 3496 0025 49       		.uleb128 0x49
 3497 0026 13       		.uleb128 0x13
 3498 0027 00       		.byte	0
 3499 0028 00       		.byte	0
 3500 0029 04       		.uleb128 0x4
 3501 002a 24       		.uleb128 0x24
 3502 002b 00       		.byte	0
 3503 002c 0B       		.uleb128 0xb
 3504 002d 0B       		.uleb128 0xb
 3505 002e 3E       		.uleb128 0x3e
 3506 002f 0B       		.uleb128 0xb
 3507 0030 03       		.uleb128 0x3
 3508 0031 08       		.uleb128 0x8
 3509 0032 00       		.byte	0
 3510 0033 00       		.byte	0
 3511 0034 05       		.uleb128 0x5
 3512 0035 35       		.uleb128 0x35
 3513 0036 00       		.byte	0
 3514 0037 49       		.uleb128 0x49
 3515 0038 13       		.uleb128 0x13
 3516 0039 00       		.byte	0
 3517 003a 00       		.byte	0
 3518 003b 06       		.uleb128 0x6
 3519 003c 26       		.uleb128 0x26
 3520 003d 00       		.byte	0
 3521 003e 49       		.uleb128 0x49
 3522 003f 13       		.uleb128 0x13
 3523 0040 00       		.byte	0
 3524 0041 00       		.byte	0
 3525 0042 07       		.uleb128 0x7
 3526 0043 34       		.uleb128 0x34
 3527 0044 00       		.byte	0
 3528 0045 03       		.uleb128 0x3
 3529 0046 0E       		.uleb128 0xe
 3530 0047 3A       		.uleb128 0x3a
 3531 0048 0B       		.uleb128 0xb
 3532 0049 3B       		.uleb128 0x3b
 3533 004a 0B       		.uleb128 0xb
 3534 004b 39       		.uleb128 0x39
ARM GAS  C:\Users\nicx5\AppData\Local\Temp\ccq4ftZ0.s 			page 63


 3535 004c 0B       		.uleb128 0xb
 3536 004d 49       		.uleb128 0x49
 3537 004e 13       		.uleb128 0x13
 3538 004f 3F       		.uleb128 0x3f
 3539 0050 0C       		.uleb128 0xc
 3540 0051 3C       		.uleb128 0x3c
 3541 0052 0C       		.uleb128 0xc
 3542 0053 00       		.byte	0
 3543 0054 00       		.byte	0
 3544 0055 08       		.uleb128 0x8
 3545 0056 13       		.uleb128 0x13
 3546 0057 01       		.byte	0x1
 3547 0058 0B       		.uleb128 0xb
 3548 0059 0B       		.uleb128 0xb
 3549 005a 3A       		.uleb128 0x3a
 3550 005b 0B       		.uleb128 0xb
 3551 005c 3B       		.uleb128 0x3b
 3552 005d 0B       		.uleb128 0xb
 3553 005e 39       		.uleb128 0x39
 3554 005f 0B       		.uleb128 0xb
 3555 0060 01       		.uleb128 0x1
 3556 0061 13       		.uleb128 0x13
 3557 0062 00       		.byte	0
 3558 0063 00       		.byte	0
 3559 0064 09       		.uleb128 0x9
 3560 0065 0D       		.uleb128 0xd
 3561 0066 00       		.byte	0
 3562 0067 03       		.uleb128 0x3
 3563 0068 08       		.uleb128 0x8
 3564 0069 3A       		.uleb128 0x3a
 3565 006a 0B       		.uleb128 0xb
 3566 006b 3B       		.uleb128 0x3b
 3567 006c 0B       		.uleb128 0xb
 3568 006d 39       		.uleb128 0x39
 3569 006e 0B       		.uleb128 0xb
 3570 006f 49       		.uleb128 0x49
 3571 0070 13       		.uleb128 0x13
 3572 0071 38       		.uleb128 0x38
 3573 0072 0A       		.uleb128 0xa
 3574 0073 00       		.byte	0
 3575 0074 00       		.byte	0
 3576 0075 0A       		.uleb128 0xa
 3577 0076 0D       		.uleb128 0xd
 3578 0077 00       		.byte	0
 3579 0078 03       		.uleb128 0x3
 3580 0079 0E       		.uleb128 0xe
 3581 007a 3A       		.uleb128 0x3a
 3582 007b 0B       		.uleb128 0xb
 3583 007c 3B       		.uleb128 0x3b
 3584 007d 0B       		.uleb128 0xb
 3585 007e 39       		.uleb128 0x39
 3586 007f 0B       		.uleb128 0xb
 3587 0080 49       		.uleb128 0x49
 3588 0081 13       		.uleb128 0x13
 3589 0082 38       		.uleb128 0x38
 3590 0083 0A       		.uleb128 0xa
 3591 0084 00       		.byte	0
ARM GAS  C:\Users\nicx5\AppData\Local\Temp\ccq4ftZ0.s 			page 64


 3592 0085 00       		.byte	0
 3593 0086 0B       		.uleb128 0xb
 3594 0087 0D       		.uleb128 0xd
 3595 0088 00       		.byte	0
 3596 0089 03       		.uleb128 0x3
 3597 008a 0E       		.uleb128 0xe
 3598 008b 3A       		.uleb128 0x3a
 3599 008c 0B       		.uleb128 0xb
 3600 008d 3B       		.uleb128 0x3b
 3601 008e 05       		.uleb128 0x5
 3602 008f 39       		.uleb128 0x39
 3603 0090 0B       		.uleb128 0xb
 3604 0091 49       		.uleb128 0x49
 3605 0092 13       		.uleb128 0x13
 3606 0093 38       		.uleb128 0x38
 3607 0094 0A       		.uleb128 0xa
 3608 0095 00       		.byte	0
 3609 0096 00       		.byte	0
 3610 0097 0C       		.uleb128 0xc
 3611 0098 0D       		.uleb128 0xd
 3612 0099 00       		.byte	0
 3613 009a 03       		.uleb128 0x3
 3614 009b 08       		.uleb128 0x8
 3615 009c 3A       		.uleb128 0x3a
 3616 009d 0B       		.uleb128 0xb
 3617 009e 3B       		.uleb128 0x3b
 3618 009f 05       		.uleb128 0x5
 3619 00a0 39       		.uleb128 0x39
 3620 00a1 0B       		.uleb128 0xb
 3621 00a2 49       		.uleb128 0x49
 3622 00a3 13       		.uleb128 0x13
 3623 00a4 38       		.uleb128 0x38
 3624 00a5 0A       		.uleb128 0xa
 3625 00a6 00       		.byte	0
 3626 00a7 00       		.byte	0
 3627 00a8 0D       		.uleb128 0xd
 3628 00a9 01       		.uleb128 0x1
 3629 00aa 01       		.byte	0x1
 3630 00ab 49       		.uleb128 0x49
 3631 00ac 13       		.uleb128 0x13
 3632 00ad 01       		.uleb128 0x1
 3633 00ae 13       		.uleb128 0x13
 3634 00af 00       		.byte	0
 3635 00b0 00       		.byte	0
 3636 00b1 0E       		.uleb128 0xe
 3637 00b2 21       		.uleb128 0x21
 3638 00b3 00       		.byte	0
 3639 00b4 49       		.uleb128 0x49
 3640 00b5 13       		.uleb128 0x13
 3641 00b6 2F       		.uleb128 0x2f
 3642 00b7 0B       		.uleb128 0xb
 3643 00b8 00       		.byte	0
 3644 00b9 00       		.byte	0
 3645 00ba 0F       		.uleb128 0xf
 3646 00bb 16       		.uleb128 0x16
 3647 00bc 00       		.byte	0
 3648 00bd 03       		.uleb128 0x3
ARM GAS  C:\Users\nicx5\AppData\Local\Temp\ccq4ftZ0.s 			page 65


 3649 00be 0E       		.uleb128 0xe
 3650 00bf 3A       		.uleb128 0x3a
 3651 00c0 0B       		.uleb128 0xb
 3652 00c1 3B       		.uleb128 0x3b
 3653 00c2 05       		.uleb128 0x5
 3654 00c3 39       		.uleb128 0x39
 3655 00c4 0B       		.uleb128 0xb
 3656 00c5 49       		.uleb128 0x49
 3657 00c6 13       		.uleb128 0x13
 3658 00c7 00       		.byte	0
 3659 00c8 00       		.byte	0
 3660 00c9 10       		.uleb128 0x10
 3661 00ca 13       		.uleb128 0x13
 3662 00cb 01       		.byte	0x1
 3663 00cc 0B       		.uleb128 0xb
 3664 00cd 0B       		.uleb128 0xb
 3665 00ce 3A       		.uleb128 0x3a
 3666 00cf 0B       		.uleb128 0xb
 3667 00d0 3B       		.uleb128 0x3b
 3668 00d1 05       		.uleb128 0x5
 3669 00d2 39       		.uleb128 0x39
 3670 00d3 0B       		.uleb128 0xb
 3671 00d4 01       		.uleb128 0x1
 3672 00d5 13       		.uleb128 0x13
 3673 00d6 00       		.byte	0
 3674 00d7 00       		.byte	0
 3675 00d8 11       		.uleb128 0x11
 3676 00d9 04       		.uleb128 0x4
 3677 00da 01       		.byte	0x1
 3678 00db 3E       		.uleb128 0x3e
 3679 00dc 0B       		.uleb128 0xb
 3680 00dd 0B       		.uleb128 0xb
 3681 00de 0B       		.uleb128 0xb
 3682 00df 49       		.uleb128 0x49
 3683 00e0 13       		.uleb128 0x13
 3684 00e1 3A       		.uleb128 0x3a
 3685 00e2 0B       		.uleb128 0xb
 3686 00e3 3B       		.uleb128 0x3b
 3687 00e4 0B       		.uleb128 0xb
 3688 00e5 39       		.uleb128 0x39
 3689 00e6 0B       		.uleb128 0xb
 3690 00e7 01       		.uleb128 0x1
 3691 00e8 13       		.uleb128 0x13
 3692 00e9 00       		.byte	0
 3693 00ea 00       		.byte	0
 3694 00eb 12       		.uleb128 0x12
 3695 00ec 28       		.uleb128 0x28
 3696 00ed 00       		.byte	0
 3697 00ee 03       		.uleb128 0x3
 3698 00ef 0E       		.uleb128 0xe
 3699 00f0 1C       		.uleb128 0x1c
 3700 00f1 0B       		.uleb128 0xb
 3701 00f2 00       		.byte	0
 3702 00f3 00       		.byte	0
 3703 00f4 13       		.uleb128 0x13
 3704 00f5 0F       		.uleb128 0xf
 3705 00f6 00       		.byte	0
ARM GAS  C:\Users\nicx5\AppData\Local\Temp\ccq4ftZ0.s 			page 66


 3706 00f7 0B       		.uleb128 0xb
 3707 00f8 0B       		.uleb128 0xb
 3708 00f9 00       		.byte	0
 3709 00fa 00       		.byte	0
 3710 00fb 14       		.uleb128 0x14
 3711 00fc 13       		.uleb128 0x13
 3712 00fd 01       		.byte	0x1
 3713 00fe 03       		.uleb128 0x3
 3714 00ff 0E       		.uleb128 0xe
 3715 0100 0B       		.uleb128 0xb
 3716 0101 0B       		.uleb128 0xb
 3717 0102 3A       		.uleb128 0x3a
 3718 0103 0B       		.uleb128 0xb
 3719 0104 3B       		.uleb128 0x3b
 3720 0105 0B       		.uleb128 0xb
 3721 0106 39       		.uleb128 0x39
 3722 0107 0B       		.uleb128 0xb
 3723 0108 01       		.uleb128 0x1
 3724 0109 13       		.uleb128 0x13
 3725 010a 00       		.byte	0
 3726 010b 00       		.byte	0
 3727 010c 15       		.uleb128 0x15
 3728 010d 15       		.uleb128 0x15
 3729 010e 01       		.byte	0x1
 3730 010f 27       		.uleb128 0x27
 3731 0110 0C       		.uleb128 0xc
 3732 0111 01       		.uleb128 0x1
 3733 0112 13       		.uleb128 0x13
 3734 0113 00       		.byte	0
 3735 0114 00       		.byte	0
 3736 0115 16       		.uleb128 0x16
 3737 0116 05       		.uleb128 0x5
 3738 0117 00       		.byte	0
 3739 0118 49       		.uleb128 0x49
 3740 0119 13       		.uleb128 0x13
 3741 011a 00       		.byte	0
 3742 011b 00       		.byte	0
 3743 011c 17       		.uleb128 0x17
 3744 011d 0F       		.uleb128 0xf
 3745 011e 00       		.byte	0
 3746 011f 0B       		.uleb128 0xb
 3747 0120 0B       		.uleb128 0xb
 3748 0121 49       		.uleb128 0x49
 3749 0122 13       		.uleb128 0x13
 3750 0123 00       		.byte	0
 3751 0124 00       		.byte	0
 3752 0125 18       		.uleb128 0x18
 3753 0126 2E       		.uleb128 0x2e
 3754 0127 01       		.byte	0x1
 3755 0128 3F       		.uleb128 0x3f
 3756 0129 0C       		.uleb128 0xc
 3757 012a 03       		.uleb128 0x3
 3758 012b 0E       		.uleb128 0xe
 3759 012c 3A       		.uleb128 0x3a
 3760 012d 0B       		.uleb128 0xb
 3761 012e 3B       		.uleb128 0x3b
 3762 012f 05       		.uleb128 0x5
ARM GAS  C:\Users\nicx5\AppData\Local\Temp\ccq4ftZ0.s 			page 67


 3763 0130 39       		.uleb128 0x39
 3764 0131 0B       		.uleb128 0xb
 3765 0132 27       		.uleb128 0x27
 3766 0133 0C       		.uleb128 0xc
 3767 0134 49       		.uleb128 0x49
 3768 0135 13       		.uleb128 0x13
 3769 0136 3C       		.uleb128 0x3c
 3770 0137 0C       		.uleb128 0xc
 3771 0138 01       		.uleb128 0x1
 3772 0139 13       		.uleb128 0x13
 3773 013a 00       		.byte	0
 3774 013b 00       		.byte	0
 3775 013c 19       		.uleb128 0x19
 3776 013d 2E       		.uleb128 0x2e
 3777 013e 00       		.byte	0
 3778 013f 3F       		.uleb128 0x3f
 3779 0140 0C       		.uleb128 0xc
 3780 0141 03       		.uleb128 0x3
 3781 0142 0E       		.uleb128 0xe
 3782 0143 3A       		.uleb128 0x3a
 3783 0144 0B       		.uleb128 0xb
 3784 0145 3B       		.uleb128 0x3b
 3785 0146 05       		.uleb128 0x5
 3786 0147 39       		.uleb128 0x39
 3787 0148 0B       		.uleb128 0xb
 3788 0149 27       		.uleb128 0x27
 3789 014a 0C       		.uleb128 0xc
 3790 014b 49       		.uleb128 0x49
 3791 014c 13       		.uleb128 0x13
 3792 014d 3C       		.uleb128 0x3c
 3793 014e 0C       		.uleb128 0xc
 3794 014f 00       		.byte	0
 3795 0150 00       		.byte	0
 3796 0151 1A       		.uleb128 0x1a
 3797 0152 2E       		.uleb128 0x2e
 3798 0153 01       		.byte	0x1
 3799 0154 3F       		.uleb128 0x3f
 3800 0155 0C       		.uleb128 0xc
 3801 0156 03       		.uleb128 0x3
 3802 0157 0E       		.uleb128 0xe
 3803 0158 3A       		.uleb128 0x3a
 3804 0159 0B       		.uleb128 0xb
 3805 015a 3B       		.uleb128 0x3b
 3806 015b 05       		.uleb128 0x5
 3807 015c 39       		.uleb128 0x39
 3808 015d 0B       		.uleb128 0xb
 3809 015e 27       		.uleb128 0x27
 3810 015f 0C       		.uleb128 0xc
 3811 0160 3C       		.uleb128 0x3c
 3812 0161 0C       		.uleb128 0xc
 3813 0162 01       		.uleb128 0x1
 3814 0163 13       		.uleb128 0x13
 3815 0164 00       		.byte	0
 3816 0165 00       		.byte	0
 3817 0166 1B       		.uleb128 0x1b
 3818 0167 2E       		.uleb128 0x2e
 3819 0168 01       		.byte	0x1
ARM GAS  C:\Users\nicx5\AppData\Local\Temp\ccq4ftZ0.s 			page 68


 3820 0169 3F       		.uleb128 0x3f
 3821 016a 0C       		.uleb128 0xc
 3822 016b 03       		.uleb128 0x3
 3823 016c 0E       		.uleb128 0xe
 3824 016d 3A       		.uleb128 0x3a
 3825 016e 0B       		.uleb128 0xb
 3826 016f 3B       		.uleb128 0x3b
 3827 0170 05       		.uleb128 0x5
 3828 0171 39       		.uleb128 0x39
 3829 0172 0B       		.uleb128 0xb
 3830 0173 27       		.uleb128 0x27
 3831 0174 0C       		.uleb128 0xc
 3832 0175 01       		.uleb128 0x1
 3833 0176 13       		.uleb128 0x13
 3834 0177 00       		.byte	0
 3835 0178 00       		.byte	0
 3836 0179 1C       		.uleb128 0x1c
 3837 017a 05       		.uleb128 0x5
 3838 017b 00       		.byte	0
 3839 017c 03       		.uleb128 0x3
 3840 017d 0E       		.uleb128 0xe
 3841 017e 3A       		.uleb128 0x3a
 3842 017f 0B       		.uleb128 0xb
 3843 0180 3B       		.uleb128 0x3b
 3844 0181 05       		.uleb128 0x5
 3845 0182 39       		.uleb128 0x39
 3846 0183 0B       		.uleb128 0xb
 3847 0184 49       		.uleb128 0x49
 3848 0185 13       		.uleb128 0x13
 3849 0186 00       		.byte	0
 3850 0187 00       		.byte	0
 3851 0188 1D       		.uleb128 0x1d
 3852 0189 34       		.uleb128 0x34
 3853 018a 00       		.byte	0
 3854 018b 03       		.uleb128 0x3
 3855 018c 0E       		.uleb128 0xe
 3856 018d 3A       		.uleb128 0x3a
 3857 018e 0B       		.uleb128 0xb
 3858 018f 3B       		.uleb128 0x3b
 3859 0190 05       		.uleb128 0x5
 3860 0191 39       		.uleb128 0x39
 3861 0192 0B       		.uleb128 0xb
 3862 0193 49       		.uleb128 0x49
 3863 0194 13       		.uleb128 0x13
 3864 0195 00       		.byte	0
 3865 0196 00       		.byte	0
 3866 0197 1E       		.uleb128 0x1e
 3867 0198 2E       		.uleb128 0x2e
 3868 0199 01       		.byte	0x1
 3869 019a 3F       		.uleb128 0x3f
 3870 019b 0C       		.uleb128 0xc
 3871 019c 03       		.uleb128 0x3
 3872 019d 0E       		.uleb128 0xe
 3873 019e 3A       		.uleb128 0x3a
 3874 019f 0B       		.uleb128 0xb
 3875 01a0 3B       		.uleb128 0x3b
 3876 01a1 05       		.uleb128 0x5
ARM GAS  C:\Users\nicx5\AppData\Local\Temp\ccq4ftZ0.s 			page 69


 3877 01a2 39       		.uleb128 0x39
 3878 01a3 0B       		.uleb128 0xb
 3879 01a4 27       		.uleb128 0x27
 3880 01a5 0C       		.uleb128 0xc
 3881 01a6 49       		.uleb128 0x49
 3882 01a7 13       		.uleb128 0x13
 3883 01a8 01       		.uleb128 0x1
 3884 01a9 13       		.uleb128 0x13
 3885 01aa 00       		.byte	0
 3886 01ab 00       		.byte	0
 3887 01ac 1F       		.uleb128 0x1f
 3888 01ad 0B       		.uleb128 0xb
 3889 01ae 01       		.byte	0x1
 3890 01af 00       		.byte	0
 3891 01b0 00       		.byte	0
 3892 01b1 20       		.uleb128 0x20
 3893 01b2 2E       		.uleb128 0x2e
 3894 01b3 01       		.byte	0x1
 3895 01b4 03       		.uleb128 0x3
 3896 01b5 0E       		.uleb128 0xe
 3897 01b6 3A       		.uleb128 0x3a
 3898 01b7 0B       		.uleb128 0xb
 3899 01b8 3B       		.uleb128 0x3b
 3900 01b9 05       		.uleb128 0x5
 3901 01ba 39       		.uleb128 0x39
 3902 01bb 0B       		.uleb128 0xb
 3903 01bc 27       		.uleb128 0x27
 3904 01bd 0C       		.uleb128 0xc
 3905 01be 01       		.uleb128 0x1
 3906 01bf 13       		.uleb128 0x13
 3907 01c0 00       		.byte	0
 3908 01c1 00       		.byte	0
 3909 01c2 21       		.uleb128 0x21
 3910 01c3 2E       		.uleb128 0x2e
 3911 01c4 01       		.byte	0x1
 3912 01c5 03       		.uleb128 0x3
 3913 01c6 0E       		.uleb128 0xe
 3914 01c7 3A       		.uleb128 0x3a
 3915 01c8 0B       		.uleb128 0xb
 3916 01c9 3B       		.uleb128 0x3b
 3917 01ca 05       		.uleb128 0x5
 3918 01cb 39       		.uleb128 0x39
 3919 01cc 0B       		.uleb128 0xb
 3920 01cd 27       		.uleb128 0x27
 3921 01ce 0C       		.uleb128 0xc
 3922 01cf 49       		.uleb128 0x49
 3923 01d0 13       		.uleb128 0x13
 3924 01d1 01       		.uleb128 0x1
 3925 01d2 13       		.uleb128 0x13
 3926 01d3 00       		.byte	0
 3927 01d4 00       		.byte	0
 3928 01d5 22       		.uleb128 0x22
 3929 01d6 2E       		.uleb128 0x2e
 3930 01d7 01       		.byte	0x1
 3931 01d8 03       		.uleb128 0x3
 3932 01d9 0E       		.uleb128 0xe
 3933 01da 3A       		.uleb128 0x3a
ARM GAS  C:\Users\nicx5\AppData\Local\Temp\ccq4ftZ0.s 			page 70


 3934 01db 0B       		.uleb128 0xb
 3935 01dc 3B       		.uleb128 0x3b
 3936 01dd 05       		.uleb128 0x5
 3937 01de 39       		.uleb128 0x39
 3938 01df 0B       		.uleb128 0xb
 3939 01e0 27       		.uleb128 0x27
 3940 01e1 0C       		.uleb128 0xc
 3941 01e2 49       		.uleb128 0x49
 3942 01e3 13       		.uleb128 0x13
 3943 01e4 00       		.byte	0
 3944 01e5 00       		.byte	0
 3945 01e6 00       		.byte	0
 3946              		.section	.gnu.debuglto_.debug_line,"e",%progbits
 3947              	.Ldebug_line0:
 3948 0000 49020000 		.4byte	.LELT0-.LSLT0
 3949              	.LSLT0:
 3950 0004 0200     		.2byte	0x2
 3951 0006 43020000 		.4byte	.LELTP0-.LASLTP0
 3952              	.LASLTP0:
 3953 000a 01       		.byte	0x1
 3954 000b 01       		.byte	0x1
 3955 000c F6       		.byte	0xf6
 3956 000d F2       		.byte	0xf2
 3957 000e 0D       		.byte	0xd
 3958 000f 00       		.byte	0
 3959 0010 01       		.byte	0x1
 3960 0011 01       		.byte	0x1
 3961 0012 01       		.byte	0x1
 3962 0013 01       		.byte	0x1
 3963 0014 00       		.byte	0
 3964 0015 00       		.byte	0
 3965 0016 00       		.byte	0
 3966 0017 01       		.byte	0x1
 3967 0018 00       		.byte	0
 3968 0019 00       		.byte	0
 3969 001a 01       		.byte	0x1
 3970 001b 443A2F50 		.ascii	"D:/Program Files/msys64/mingw64/arm-none-eabi/inclu"
 3970      726F6772 
 3970      616D2046 
 3970      696C6573 
 3970      2F6D7379 
 3971 004e 64652F6D 		.ascii	"de/machine"
 3971      61636869 
 3971      6E65
 3972 0058 00       		.byte	0
 3973 0059 443A2F50 		.ascii	"D:/Program Files/msys64/mingw64/arm-none-eabi/inclu"
 3973      726F6772 
 3973      616D2046 
 3973      696C6573 
 3973      2F6D7379 
 3974 008c 64652F73 		.ascii	"de/sys"
 3974      7973
 3975 0092 00       		.byte	0
 3976 0093 44726976 		.ascii	"Drivers/CMSIS/Device/ST/STM32H7xx/Include"
 3976      6572732F 
 3976      434D5349 
 3976      532F4465 
ARM GAS  C:\Users\nicx5\AppData\Local\Temp\ccq4ftZ0.s 			page 71


 3976      76696365 
 3977 00bc 00       		.byte	0
 3978 00bd 44726976 		.ascii	"Drivers/CMSIS/Include"
 3978      6572732F 
 3978      434D5349 
 3978      532F496E 
 3978      636C7564 
 3979 00d2 00       		.byte	0
 3980 00d3 44726976 		.ascii	"Drivers/STM32H7xx_HAL_Driver/Inc"
 3980      6572732F 
 3980      53544D33 
 3980      32483778 
 3980      785F4841 
 3981 00f3 00       		.byte	0
 3982 00f4 44726976 		.ascii	"Drivers/STM32H7xx_HAL_Driver/Src"
 3982      6572732F 
 3982      53544D33 
 3982      32483778 
 3982      785F4841 
 3983 0114 00       		.byte	0
 3984 0115 00       		.byte	0
 3985 0116 5F646566 		.ascii	"_default_types.h\000"
 3985      61756C74 
 3985      5F747970 
 3985      65732E68 
 3985      00
 3986 0127 01       		.uleb128 0x1
 3987 0128 00       		.uleb128 0
 3988 0129 00       		.uleb128 0
 3989 012a 5F737464 		.ascii	"_stdint.h\000"
 3989      696E742E 
 3989      6800
 3990 0134 02       		.uleb128 0x2
 3991 0135 00       		.uleb128 0
 3992 0136 00       		.uleb128 0
 3993 0137 73746D33 		.ascii	"stm32h750xx.h\000"
 3993      32683735 
 3993      3078782E 
 3993      6800
 3994 0145 03       		.uleb128 0x3
 3995 0146 00       		.uleb128 0
 3996 0147 00       		.uleb128 0
 3997 0148 73746D33 		.ascii	"stm32h7xx.h\000"
 3997      32683778 
 3997      782E6800 
 3998 0154 03       		.uleb128 0x3
 3999 0155 00       		.uleb128 0
 4000 0156 00       		.uleb128 0
 4001 0157 73746D33 		.ascii	"stm32h7xx_hal_def.h\000"
 4001      32683778 
 4001      785F6861 
 4001      6C5F6465 
 4001      662E6800 
 4002 016b 05       		.uleb128 0x5
 4003 016c 00       		.uleb128 0
 4004 016d 00       		.uleb128 0
 4005 016e 73746D33 		.ascii	"stm32h7xx_hal_dma.h\000"
ARM GAS  C:\Users\nicx5\AppData\Local\Temp\ccq4ftZ0.s 			page 72


 4005      32683778 
 4005      785F6861 
 4005      6C5F646D 
 4005      612E6800 
 4006 0182 05       		.uleb128 0x5
 4007 0183 00       		.uleb128 0
 4008 0184 00       		.uleb128 0
 4009 0185 73746D33 		.ascii	"stm32h7xx_hal_adc.h\000"
 4009      32683778 
 4009      785F6861 
 4009      6C5F6164 
 4009      632E6800 
 4010 0199 05       		.uleb128 0x5
 4011 019a 00       		.uleb128 0
 4012 019b 00       		.uleb128 0
 4013 019c 73746D33 		.ascii	"stm32h7xx_hal_adc_ex.h\000"
 4013      32683778 
 4013      785F6861 
 4013      6C5F6164 
 4013      635F6578 
 4014 01b3 05       		.uleb128 0x5
 4015 01b4 00       		.uleb128 0
 4016 01b5 00       		.uleb128 0
 4017 01b6 73746D33 		.ascii	"stm32h7xx_hal_rcc_ex.h\000"
 4017      32683778 
 4017      785F6861 
 4017      6C5F7263 
 4017      635F6578 
 4018 01cd 05       		.uleb128 0x5
 4019 01ce 00       		.uleb128 0
 4020 01cf 00       		.uleb128 0
 4021 01d0 73746D33 		.ascii	"stm32h7xx_hal_rcc.h\000"
 4021      32683778 
 4021      785F6861 
 4021      6C5F7263 
 4021      632E6800 
 4022 01e4 05       		.uleb128 0x5
 4023 01e5 00       		.uleb128 0
 4024 01e6 00       		.uleb128 0
 4025 01e7 73746D33 		.ascii	"stm32h7xx_hal.h\000"
 4025      32683778 
 4025      785F6861 
 4025      6C2E6800 
 4026 01f7 05       		.uleb128 0x5
 4027 01f8 00       		.uleb128 0
 4028 01f9 00       		.uleb128 0
 4029 01fa 73746D33 		.ascii	"stm32h7xx_hal_adc.c\000"
 4029      32683778 
 4029      785F6861 
 4029      6C5F6164 
 4029      632E6300 
 4030 020e 06       		.uleb128 0x6
 4031 020f 00       		.uleb128 0
 4032 0210 00       		.uleb128 0
 4033 0211 73746D33 		.ascii	"stm32h7xx_ll_adc.h\000"
 4033      32683778 
 4033      785F6C6C 
ARM GAS  C:\Users\nicx5\AppData\Local\Temp\ccq4ftZ0.s 			page 73


 4033      5F616463 
 4033      2E6800
 4034 0224 05       		.uleb128 0x5
 4035 0225 00       		.uleb128 0
 4036 0226 00       		.uleb128 0
 4037 0227 636D7369 		.ascii	"cmsis_gcc.h\000"
 4037      735F6763 
 4037      632E6800 
 4038 0233 04       		.uleb128 0x4
 4039 0234 00       		.uleb128 0
 4040 0235 00       		.uleb128 0
 4041 0236 73797374 		.ascii	"system_stm32h7xx.h\000"
 4041      656D5F73 
 4041      746D3332 
 4041      68377878 
 4041      2E6800
 4042 0249 03       		.uleb128 0x3
 4043 024a 00       		.uleb128 0
 4044 024b 00       		.uleb128 0
 4045 024c 00       		.byte	0
 4046              	.LELTP0:
 4047              	.LELT0:
 4048              		.section	.gnu.debuglto_.debug_str,"eMS",%progbits,1
 4049              	.LASF95:
 4050 0000 4649464F 		.ascii	"FIFOThreshold\000"
 4050      54687265 
 4050      73686F6C 
 4050      6400
 4051              	.LASF232:
 4052 000e 54696D65 		.ascii	"Timeout\000"
 4052      6F757400 
 4053              	.LASF54:
 4054 0016 52455345 		.ascii	"RESERVED\000"
 4054      52564544 
 4054      00
 4055              	.LASF24:
 4056 001f 53515231 		.ascii	"SQR1\000"
 4056      00
 4057              	.LASF25:
 4058 0024 53515232 		.ascii	"SQR2\000"
 4058      00
 4059              	.LASF26:
 4060 0029 53515233 		.ascii	"SQR3\000"
 4060      00
 4061              	.LASF27:
 4062 002e 53515234 		.ascii	"SQR4\000"
 4062      00
 4063              	.LASF65:
 4064 0033 444D414D 		.ascii	"DMAMUX_ChannelStatus_TypeDef\000"
 4064      55585F43 
 4064      68616E6E 
 4064      656C5374 
 4064      61747573 
 4065              	.LASF274:
 4066 0050 4C4C5F41 		.ascii	"LL_ADC_SetChannelSamplingTime\000"
 4066      44435F53 
 4066      65744368 
ARM GAS  C:\Users\nicx5\AppData\Local\Temp\ccq4ftZ0.s 			page 74


 4066      616E6E65 
 4066      6C53616D 
 4067              	.LASF130:
 4068 006e 4144435F 		.ascii	"ADC_OversamplingTypeDef\000"
 4068      4F766572 
 4068      73616D70 
 4068      6C696E67 
 4068      54797065 
 4069              	.LASF84:
 4070 0086 48414C5F 		.ascii	"HAL_LOCKED\000"
 4070      4C4F434B 
 4070      454400
 4071              	.LASF107:
 4072 0091 4C6F636B 		.ascii	"Lock\000"
 4072      00
 4073              	.LASF256:
 4074 0096 4C4C5F41 		.ascii	"LL_ADC_REG_StopConversion\000"
 4074      44435F52 
 4074      45475F53 
 4074      746F7043 
 4074      6F6E7665 
 4075              	.LASF180:
 4076 00b0 4144435F 		.ascii	"ADC_ConfigureBoostMode\000"
 4076      436F6E66 
 4076      69677572 
 4076      65426F6F 
 4076      73744D6F 
 4077              	.LASF276:
 4078 00c7 4C4C5F41 		.ascii	"LL_ADC_REG_SetDataTransferMode\000"
 4078      44435F52 
 4078      45475F53 
 4078      65744461 
 4078      74615472 
 4079              	.LASF212:
 4080 00e6 48414C5F 		.ascii	"HAL_ADC_LevelOutOfWindowCallback\000"
 4080      4144435F 
 4080      4C657665 
 4080      6C4F7574 
 4080      4F665769 
 4081              	.LASF11:
 4082 0107 756E7369 		.ascii	"unsigned int\000"
 4082      676E6564 
 4082      20696E74 
 4082      00
 4083              	.LASF208:
 4084 0114 746D704F 		.ascii	"tmpOffsetShifted\000"
 4084      66667365 
 4084      74536869 
 4084      66746564 
 4084      00
 4085              	.LASF89:
 4086 0125 4D656D49 		.ascii	"MemInc\000"
 4086      6E6300
 4087              	.LASF221:
 4088 012c 746D705F 		.ascii	"tmp_cfgr\000"
 4088      63666772 
 4088      00
ARM GAS  C:\Users\nicx5\AppData\Local\Temp\ccq4ftZ0.s 			page 75


 4089              	.LASF73:
 4090 0135 46756E63 		.ascii	"FunctionalState\000"
 4090      74696F6E 
 4090      616C5374 
 4090      61746500 
 4091              	.LASF205:
 4092 0145 746D7041 		.ascii	"tmpAWDLowThresholdShifted\000"
 4092      57444C6F 
 4092      77546872 
 4092      6573686F 
 4092      6C645368 
 4093              	.LASF80:
 4094 015f 48414C5F 		.ascii	"HAL_BUSY\000"
 4094      42555359 
 4094      00
 4095              	.LASF147:
 4096 0168 4144435F 		.ascii	"ADC_InitTypeDef\000"
 4096      496E6974 
 4096      54797065 
 4096      44656600 
 4097              	.LASF179:
 4098 0178 48414C5F 		.ascii	"HAL_GetREVID\000"
 4098      47657452 
 4098      45564944 
 4098      00
 4099              	.LASF231:
 4100 0185 4576656E 		.ascii	"EventType\000"
 4100      74547970 
 4100      6500
 4101              	.LASF139:
 4102 018f 4E62724F 		.ascii	"NbrOfDiscConversion\000"
 4102      66446973 
 4102      63436F6E 
 4102      76657273 
 4102      696F6E00 
 4103              	.LASF42:
 4104 01a3 41574432 		.ascii	"AWD2CR\000"
 4104      435200
 4105              	.LASF263:
 4106 01aa 4C4C5F41 		.ascii	"LL_ADC_EnableInternalRegulator\000"
 4106      44435F45 
 4106      6E61626C 
 4106      65496E74 
 4106      65726E61 
 4107              	.LASF171:
 4108 01c9 48414C5F 		.ascii	"HAL_ADCEx_LevelOutOfWindow2Callback\000"
 4108      41444345 
 4108      785F4C65 
 4108      76656C4F 
 4108      75744F66 
 4109              	.LASF93:
 4110 01ed 5072696F 		.ascii	"Priority\000"
 4110      72697479 
 4110      00
 4111              	.LASF0:
 4112 01f6 73686F72 		.ascii	"short int\000"
 4112      7420696E 
ARM GAS  C:\Users\nicx5\AppData\Local\Temp\ccq4ftZ0.s 			page 76


 4112      7400
 4113              	.LASF272:
 4114 0200 70726567 		.ascii	"preg\000"
 4114      00
 4115              	.LASF144:
 4116 0205 4C656674 		.ascii	"LeftBitShift\000"
 4116      42697453 
 4116      68696674 
 4116      00
 4117              	.LASF202:
 4118 0212 416E616C 		.ascii	"AnalogWDGConfig\000"
 4118      6F675744 
 4118      47436F6E 
 4118      66696700 
 4119              	.LASF108:
 4120 0222 53746174 		.ascii	"State\000"
 4120      6500
 4121              	.LASF59:
 4122 0228 41504231 		.ascii	"APB1LFZ1\000"
 4122      4C465A31 
 4122      00
 4123              	.LASF166:
 4124 0231 444D415F 		.ascii	"DMA_Handle\000"
 4124      48616E64 
 4124      6C6500
 4125              	.LASF295:
 4126 023c 474E5520 		.ascii	"GNU C17 13.3.0 -mcpu=cortex-m7 -mthumb -mfpu=fpv5-d"
 4126      43313720 
 4126      31332E33 
 4126      2E30202D 
 4126      6D637075 
 4127 026f 3136202D 		.ascii	"16 -mfloat-abi=hard -march=armv7e-m+fp.dp -g -gdwar"
 4127      6D666C6F 
 4127      61742D61 
 4127      62693D68 
 4127      61726420 
 4128 02a2 662D3220 		.ascii	"f-2 -Os -fdata-sections -ffunction-sections -flto -"
 4128      2D4F7320 
 4128      2D666461 
 4128      74612D73 
 4128      65637469 
 4129 02d5 666D6572 		.ascii	"fmerge-constants -fno-unwind-tables -fno-asynchrono"
 4129      67652D63 
 4129      6F6E7374 
 4129      616E7473 
 4129      202D666E 
 4130 0308 75732D75 		.ascii	"us-unwind-tables\000"
 4130      6E77696E 
 4130      642D7461 
 4130      626C6573 
 4130      00
 4131              	.LASF226:
 4132 0319 70446174 		.ascii	"pData\000"
 4132      6100
 4133              	.LASF270:
 4134 031f 41574479 		.ascii	"AWDy\000"
 4134      00
ARM GAS  C:\Users\nicx5\AppData\Local\Temp\ccq4ftZ0.s 			page 77


 4135              	.LASF63:
 4136 0324 4442474D 		.ascii	"DBGMCU_TypeDef\000"
 4136      43555F54 
 4136      79706544 
 4136      656600
 4137              	.LASF20:
 4138 0333 4C545231 		.ascii	"LTR1\000"
 4138      00
 4139              	.LASF46:
 4140 0338 4C545232 		.ascii	"LTR2\000"
 4140      00
 4141              	.LASF48:
 4142 033d 4C545233 		.ascii	"LTR3\000"
 4142      00
 4143              	.LASF255:
 4144 0342 4C4C5F41 		.ascii	"LL_ADC_REG_IsConversionOngoing\000"
 4144      44435F52 
 4144      45475F49 
 4144      73436F6E 
 4144      76657273 
 4145              	.LASF50:
 4146 0361 44494653 		.ascii	"DIFSEL\000"
 4146      454C00
 4147              	.LASF81:
 4148 0368 48414C5F 		.ascii	"HAL_TIMEOUT\000"
 4148      54494D45 
 4148      4F555400 
 4149              	.LASF192:
 4150 0374 4144435F 		.ascii	"ADC_ConversionStop\000"
 4150      436F6E76 
 4150      65727369 
 4150      6F6E5374 
 4150      6F7000
 4151              	.LASF229:
 4152 0387 48414C5F 		.ascii	"HAL_ADC_Start_IT\000"
 4152      4144435F 
 4152      53746172 
 4152      745F4954 
 4152      00
 4153              	.LASF178:
 4154 0398 48414C5F 		.ascii	"HAL_GetTick\000"
 4154      47657454 
 4154      69636B00 
 4155              	.LASF156:
 4156 03a4 4144435F 		.ascii	"ADC_ChannelConfTypeDef\000"
 4156      4368616E 
 4156      6E656C43 
 4156      6F6E6654 
 4156      79706544 
 4157              	.LASF146:
 4158 03bb 4F766572 		.ascii	"Oversampling\000"
 4158      73616D70 
 4158      6C696E67 
 4158      00
 4159              	.LASF123:
 4160 03c8 444D416D 		.ascii	"DMAmuxRequestGenStatus\000"
 4160      75785265 
ARM GAS  C:\Users\nicx5\AppData\Local\Temp\ccq4ftZ0.s 			page 78


 4160      71756573 
 4160      7447656E 
 4160      53746174 
 4161              	.LASF176:
 4162 03df 48414C5F 		.ascii	"HAL_DMA_Start_IT\000"
 4162      444D415F 
 4162      53746172 
 4162      745F4954 
 4162      00
 4163              	.LASF110:
 4164 03f0 58666572 		.ascii	"XferCpltCallback\000"
 4164      43706C74 
 4164      43616C6C 
 4164      6261636B 
 4164      00
 4165              	.LASF138:
 4166 0401 44697363 		.ascii	"DiscontinuousConvMode\000"
 4166      6F6E7469 
 4166      6E756F75 
 4166      73436F6E 
 4166      764D6F64 
 4167              	.LASF13:
 4168 0417 75696E74 		.ascii	"uint32_t\000"
 4168      33325F74 
 4168      00
 4169              	.LASF141:
 4170 0420 45787465 		.ascii	"ExternalTrigConvEdge\000"
 4170      726E616C 
 4170      54726967 
 4170      436F6E76 
 4170      45646765 
 4171              	.LASF273:
 4172 0435 4C4C5F41 		.ascii	"LL_ADC_SetChannelSingleDiff\000"
 4172      44435F53 
 4172      65744368 
 4172      616E6E65 
 4172      6C53696E 
 4173              	.LASF76:
 4174 0451 666C6F61 		.ascii	"float\000"
 4174      7400
 4175              	.LASF127:
 4176 0457 52696768 		.ascii	"RightBitShift\000"
 4176      74426974 
 4176      53686966 
 4176      7400
 4177              	.LASF162:
 4178 0465 4144435F 		.ascii	"ADC_AnalogWDGConfTypeDef\000"
 4178      416E616C 
 4178      6F675744 
 4178      47436F6E 
 4178      66547970 
 4179              	.LASF293:
 4180 047e 5F5F5242 		.ascii	"__RBIT\000"
 4180      495400
 4181              	.LASF294:
 4182 0485 72657375 		.ascii	"result\000"
 4182      6C7400
ARM GAS  C:\Users\nicx5\AppData\Local\Temp\ccq4ftZ0.s 			page 79


 4183              	.LASF79:
 4184 048c 48414C5F 		.ascii	"HAL_ERROR\000"
 4184      4552524F 
 4184      5200
 4185              	.LASF10:
 4186 0496 6C6F6E67 		.ascii	"long long unsigned int\000"
 4186      206C6F6E 
 4186      6720756E 
 4186      7369676E 
 4186      65642069 
 4187              	.LASF137:
 4188 04ad 4E62724F 		.ascii	"NbrOfConversion\000"
 4188      66436F6E 
 4188      76657273 
 4188      696F6E00 
 4189              	.LASF19:
 4190 04bd 50435345 		.ascii	"PCSEL\000"
 4190      4C00
 4191              	.LASF266:
 4192 04c3 4C4C5F41 		.ascii	"LL_ADC_GetMultiDMATransfer\000"
 4192      44435F47 
 4192      65744D75 
 4192      6C746944 
 4192      4D415472 
 4193              	.LASF285:
 4194 04de 4F666673 		.ascii	"OffsetLevel\000"
 4194      65744C65 
 4194      76656C00 
 4195              	.LASF225:
 4196 04ea 48414C5F 		.ascii	"HAL_ADC_Start_DMA\000"
 4196      4144435F 
 4196      53746172 
 4196      745F444D 
 4196      4100
 4197              	.LASF217:
 4198 04fc 746D705F 		.ascii	"tmp_isr\000"
 4198      69737200 
 4199              	.LASF189:
 4200 0504 746D705F 		.ascii	"tmp_adc_is_disable_on_going\000"
 4200      6164635F 
 4200      69735F64 
 4200      69736162 
 4200      6C655F6F 
 4201              	.LASF240:
 4202 0520 48414C5F 		.ascii	"HAL_ADC_Init\000"
 4202      4144435F 
 4202      496E6974 
 4202      00
 4203              	.LASF78:
 4204 052d 48414C5F 		.ascii	"HAL_OK\000"
 4204      4F4B00
 4205              	.LASF238:
 4206 0534 48414C5F 		.ascii	"HAL_ADC_MspInit\000"
 4206      4144435F 
 4206      4D737049 
 4206      6E697400 
 4207              	.LASF109:
ARM GAS  C:\Users\nicx5\AppData\Local\Temp\ccq4ftZ0.s 			page 80


 4208 0544 50617265 		.ascii	"Parent\000"
 4208      6E7400
 4209              	.LASF157:
 4210 054b 57617463 		.ascii	"WatchdogNumber\000"
 4210      68646F67 
 4210      4E756D62 
 4210      657200
 4211              	.LASF292:
 4212 055a 76616C75 		.ascii	"value\000"
 4212      6500
 4213              	.LASF164:
 4214 0560 4368616E 		.ascii	"ChannelCount\000"
 4214      6E656C43 
 4214      6F756E74 
 4214      00
 4215              	.LASF216:
 4216 056d 6F766572 		.ascii	"overrun_error\000"
 4216      72756E5F 
 4216      6572726F 
 4216      7200
 4217              	.LASF150:
 4218 057b 53616D70 		.ascii	"SamplingTime\000"
 4218      6C696E67 
 4218      54696D65 
 4218      00
 4219              	.LASF168:
 4220 0588 4144435F 		.ascii	"ADC_HandleTypeDef\000"
 4220      48616E64 
 4220      6C655479 
 4220      70654465 
 4220      6600
 4221              	.LASF291:
 4222 059a 5F5F434C 		.ascii	"__CLZ\000"
 4222      5A00
 4223              	.LASF262:
 4224 05a0 4C4C5F41 		.ascii	"LL_ADC_IsInternalRegulatorEnabled\000"
 4224      44435F49 
 4224      73496E74 
 4224      65726E61 
 4224      6C526567 
 4225              	.LASF155:
 4226 05c2 4F666673 		.ascii	"OffsetSignedSaturation\000"
 4226      65745369 
 4226      676E6564 
 4226      53617475 
 4226      72617469 
 4227              	.LASF188:
 4228 05d9 7469636B 		.ascii	"tickstart\000"
 4228      73746172 
 4228      7400
 4229              	.LASF219:
 4230 05e3 746D705F 		.ascii	"tmp_adc_inj_is_trigger_source_sw_start\000"
 4230      6164635F 
 4230      696E6A5F 
 4230      69735F74 
 4230      72696767 
 4231              	.LASF227:
ARM GAS  C:\Users\nicx5\AppData\Local\Temp\ccq4ftZ0.s 			page 81


 4232 060a 4C656E67 		.ascii	"Length\000"
 4232      746800
 4233              	.LASF230:
 4234 0611 48414C5F 		.ascii	"HAL_ADC_PollForEvent\000"
 4234      4144435F 
 4234      506F6C6C 
 4234      466F7245 
 4234      76656E74 
 4235              	.LASF241:
 4236 0626 746D7043 		.ascii	"tmpCFGR\000"
 4236      46475200 
 4237              	.LASF58:
 4238 062e 41504233 		.ascii	"APB3FZ1\000"
 4238      465A3100 
 4239              	.LASF90:
 4240 0636 50657269 		.ascii	"PeriphDataAlignment\000"
 4240      70684461 
 4240      7461416C 
 4240      69676E6D 
 4240      656E7400 
 4241              	.LASF169:
 4242 064a 48414C5F 		.ascii	"HAL_ADCEx_InjectedQueueOverflowCallback\000"
 4242      41444345 
 4242      785F496E 
 4242      6A656374 
 4242      65645175 
 4243              	.LASF104:
 4244 0672 48414C5F 		.ascii	"HAL_DMA_StateTypeDef\000"
 4244      444D415F 
 4244      53746174 
 4244      65547970 
 4244      65446566 
 4245              	.LASF32:
 4246 0687 4F465231 		.ascii	"OFR1\000"
 4246      00
 4247              	.LASF33:
 4248 068c 4F465232 		.ascii	"OFR2\000"
 4248      00
 4249              	.LASF34:
 4250 0691 4F465233 		.ascii	"OFR3\000"
 4250      00
 4251              	.LASF35:
 4252 0696 4F465234 		.ascii	"OFR4\000"
 4252      00
 4253              	.LASF280:
 4254 069b 4C4C5F41 		.ascii	"LL_ADC_SetOffsetSignedSaturation\000"
 4254      44435F53 
 4254      65744F66 
 4254      66736574 
 4254      5369676E 
 4255              	.LASF114:
 4256 06bc 58666572 		.ascii	"XferErrorCallback\000"
 4256      4572726F 
 4256      7243616C 
 4256      6C626163 
 4256      6B00
 4257              	.LASF126:
ARM GAS  C:\Users\nicx5\AppData\Local\Temp\ccq4ftZ0.s 			page 82


 4258 06ce 52617469 		.ascii	"Ratio\000"
 4258      6F00
 4259              	.LASF52:
 4260 06d4 43414C46 		.ascii	"CALFACT2\000"
 4260      41435432 
 4260      00
 4261              	.LASF151:
 4262 06dd 53696E67 		.ascii	"SingleDiff\000"
 4262      6C654469 
 4262      666600
 4263              	.LASF218:
 4264 06e8 746D705F 		.ascii	"tmp_ier\000"
 4264      69657200 
 4265              	.LASF9:
 4266 06f0 5F5F7569 		.ascii	"__uint64_t\000"
 4266      6E743634 
 4266      5F7400
 4267              	.LASF128:
 4268 06fb 54726967 		.ascii	"TriggeredMode\000"
 4268      67657265 
 4268      644D6F64 
 4268      6500
 4269              	.LASF210:
 4270 0709 77616974 		.ascii	"wait_loop_index\000"
 4270      5F6C6F6F 
 4270      705F696E 
 4270      64657800 
 4271              	.LASF83:
 4272 0719 48414C5F 		.ascii	"HAL_UNLOCKED\000"
 4272      554E4C4F 
 4272      434B4544 
 4272      00
 4273              	.LASF125:
 4274 0726 444D415F 		.ascii	"DMA_HandleTypeDef\000"
 4274      48616E64 
 4274      6C655479 
 4274      70654465 
 4274      6600
 4275              	.LASF265:
 4276 0738 4C4C5F41 		.ascii	"LL_ADC_DisableDeepPowerDown\000"
 4276      44435F44 
 4276      69736162 
 4276      6C654465 
 4276      6570506F 
 4277              	.LASF184:
 4278 0754 66726571 		.ascii	"freq\000"
 4278      00
 4279              	.LASF287:
 4280 0759 4C4C5F41 		.ascii	"LL_ADC_SetCommonPathInternalCh\000"
 4280      44435F53 
 4280      6574436F 
 4280      6D6D6F6E 
 4280      50617468 
 4281              	.LASF167:
 4282 0778 496E6A65 		.ascii	"InjectionConfig\000"
 4282      6374696F 
 4282      6E436F6E 
ARM GAS  C:\Users\nicx5\AppData\Local\Temp\ccq4ftZ0.s 			page 83


 4282      66696700 
 4283              	.LASF235:
 4284 0788 48414C5F 		.ascii	"HAL_ADC_Stop\000"
 4284      4144435F 
 4284      53746F70 
 4284      00
 4285              	.LASF8:
 4286 0795 6C6F6E67 		.ascii	"long long int\000"
 4286      206C6F6E 
 4286      6720696E 
 4286      7400
 4287              	.LASF145:
 4288 07a3 4F766572 		.ascii	"OversamplingMode\000"
 4288      73616D70 
 4288      6C696E67 
 4288      4D6F6465 
 4288      00
 4289              	.LASF194:
 4290 07b4 436F6E76 		.ascii	"Conversion_Timeout_CPU_cycles\000"
 4290      65727369 
 4290      6F6E5F54 
 4290      696D656F 
 4290      75745F43 
 4291              	.LASF207:
 4292 07d2 73436F6E 		.ascii	"sConfig\000"
 4292      66696700 
 4293              	.LASF75:
 4294 07da 63686172 		.ascii	"char\000"
 4294      00
 4295              	.LASF198:
 4296 07df 746D705F 		.ascii	"tmp_adc_is_conversion_on_going_injected\000"
 4296      6164635F 
 4296      69735F63 
 4296      6F6E7665 
 4296      7273696F 
 4297              	.LASF186:
 4298 0807 4144435F 		.ascii	"ADC_DMAConvCplt\000"
 4298      444D4143 
 4298      6F6E7643 
 4298      706C7400 
 4299              	.LASF71:
 4300 0817 44495341 		.ascii	"DISABLE\000"
 4300      424C4500 
 4301              	.LASF239:
 4302 081f 48414C5F 		.ascii	"HAL_ADC_DeInit\000"
 4302      4144435F 
 4302      4465496E 
 4302      697400
 4303              	.LASF200:
 4304 082e 48414C5F 		.ascii	"HAL_ADC_GetState\000"
 4304      4144435F 
 4304      47657453 
 4304      74617465 
 4304      00
 4305              	.LASF172:
 4306 083f 48414C5F 		.ascii	"HAL_ADCEx_InjectedConvCpltCallback\000"
 4306      41444345 
ARM GAS  C:\Users\nicx5\AppData\Local\Temp\ccq4ftZ0.s 			page 84


 4306      785F496E 
 4306      6A656374 
 4306      6564436F 
 4307              	.LASF102:
 4308 0862 48414C5F 		.ascii	"HAL_DMA_STATE_ERROR\000"
 4308      444D415F 
 4308      53544154 
 4308      455F4552 
 4308      524F5200 
 4309              	.LASF278:
 4310 0876 4C4C5F41 		.ascii	"LL_ADC_REG_SetSequencerRanks\000"
 4310      44435F52 
 4310      45475F53 
 4310      65745365 
 4310      7175656E 
 4311              	.LASF283:
 4312 0893 52696774 		.ascii	"RigthShift\000"
 4312      68536869 
 4312      667400
 4313              	.LASF296:
 4314 089e 44726976 		.ascii	"Drivers/STM32H7xx_HAL_Driver/Src/stm32h7xx_hal_adc."
 4314      6572732F 
 4314      53544D33 
 4314      32483778 
 4314      785F4841 
 4315 08d1 6300     		.ascii	"c\000"
 4316              	.LASF279:
 4317 08d3 4C4C5F41 		.ascii	"LL_ADC_REG_IsTriggerSourceSWStart\000"
 4317      44435F52 
 4317      45475F49 
 4317      73547269 
 4317      67676572 
 4318              	.LASF12:
 4319 08f5 75696E74 		.ascii	"uint8_t\000"
 4319      385F7400 
 4320              	.LASF51:
 4321 08fd 43414C46 		.ascii	"CALFACT\000"
 4321      41435400 
 4322              	.LASF284:
 4323 0905 4C4C5F41 		.ascii	"LL_ADC_SetOffset\000"
 4323      44435F53 
 4323      65744F66 
 4323      66736574 
 4323      00
 4324              	.LASF290:
 4325 0916 436F6D6D 		.ascii	"CommonClock\000"
 4325      6F6E436C 
 4325      6F636B00 
 4326              	.LASF195:
 4327 0922 636F6E76 		.ascii	"conversion_group_reassigned\000"
 4327      65727369 
 4327      6F6E5F67 
 4327      726F7570 
 4327      5F726561 
 4328              	.LASF214:
 4329 093e 48414C5F 		.ascii	"HAL_ADC_ConvCpltCallback\000"
 4329      4144435F 
ARM GAS  C:\Users\nicx5\AppData\Local\Temp\ccq4ftZ0.s 			page 85


 4329      436F6E76 
 4329      43706C74 
 4329      43616C6C 
 4330              	.LASF183:
 4331 0957 68646D61 		.ascii	"hdma\000"
 4331      00
 4332              	.LASF299:
 4333 095c 5F5F444D 		.ascii	"__DMA_HandleTypeDef\000"
 4333      415F4861 
 4333      6E646C65 
 4333      54797065 
 4333      44656600 
 4334              	.LASF236:
 4335 0970 48414C5F 		.ascii	"HAL_ADC_Start\000"
 4335      4144435F 
 4335      53746172 
 4335      7400
 4336              	.LASF254:
 4337 097e 4C4C5F41 		.ascii	"LL_ADC_INJ_IsConversionOngoing\000"
 4337      44435F49 
 4337      4E4A5F49 
 4337      73436F6E 
 4337      76657273 
 4338              	.LASF53:
 4339 099d 4144435F 		.ascii	"ADC_TypeDef\000"
 4339      54797065 
 4339      44656600 
 4340              	.LASF165:
 4341 09a9 4144435F 		.ascii	"ADC_InjectionConfigTypeDef\000"
 4341      496E6A65 
 4341      6374696F 
 4341      6E436F6E 
 4341      66696754 
 4342              	.LASF57:
 4343 09c4 4944434F 		.ascii	"IDCODE\000"
 4343      444500
 4344              	.LASF43:
 4345 09cb 41574433 		.ascii	"AWD3CR\000"
 4345      435200
 4346              	.LASF112:
 4347 09d2 58666572 		.ascii	"XferM1CpltCallback\000"
 4347      4D314370 
 4347      6C744361 
 4347      6C6C6261 
 4347      636B00
 4348              	.LASF66:
 4349 09e5 52474352 		.ascii	"RGCR\000"
 4349      00
 4350              	.LASF124:
 4351 09ea 444D416D 		.ascii	"DMAmuxRequestGenStatusMask\000"
 4351      75785265 
 4351      71756573 
 4351      7447656E 
 4351      53746174 
 4352              	.LASF159:
 4353 0a05 49544D6F 		.ascii	"ITMode\000"
 4353      646500
ARM GAS  C:\Users\nicx5\AppData\Local\Temp\ccq4ftZ0.s 			page 86


 4354              	.LASF86:
 4355 0a0c 52657175 		.ascii	"Request\000"
 4355      65737400 
 4356              	.LASF170:
 4357 0a14 48414C5F 		.ascii	"HAL_ADCEx_LevelOutOfWindow3Callback\000"
 4357      41444345 
 4357      785F4C65 
 4357      76656C4F 
 4357      75744F66 
 4358              	.LASF115:
 4359 0a38 58666572 		.ascii	"XferAbortCallback\000"
 4359      41626F72 
 4359      7443616C 
 4359      6C626163 
 4359      6B00
 4360              	.LASF143:
 4361 0a4a 4F766572 		.ascii	"Overrun\000"
 4361      72756E00 
 4362              	.LASF181:
 4363 0a52 4144435F 		.ascii	"ADC_DMAError\000"
 4363      444D4145 
 4363      72726F72 
 4363      00
 4364              	.LASF161:
 4365 0a5f 4C6F7754 		.ascii	"LowThreshold\000"
 4365      68726573 
 4365      686F6C64 
 4365      00
 4366              	.LASF288:
 4367 0a6c 50617468 		.ascii	"PathInternal\000"
 4367      496E7465 
 4367      726E616C 
 4367      00
 4368              	.LASF243:
 4369 0a79 41444378 		.ascii	"ADCx\000"
 4369      00
 4370              	.LASF133:
 4371 0a7e 5363616E 		.ascii	"ScanConvMode\000"
 4371      436F6E76 
 4371      4D6F6465 
 4371      00
 4372              	.LASF74:
 4373 0a8b 6C6F6E67 		.ascii	"long double\000"
 4373      20646F75 
 4373      626C6500 
 4374              	.LASF68:
 4375 0a97 52475352 		.ascii	"RGSR\000"
 4375      00
 4376              	.LASF269:
 4377 0a9c 4C4C5F41 		.ascii	"LL_ADC_SetAnalogWDMonitChannels\000"
 4377      44435F53 
 4377      6574416E 
 4377      616C6F67 
 4377      57444D6F 
 4378              	.LASF120:
 4379 0abc 444D416D 		.ascii	"DMAmuxChannelStatus\000"
 4379      75784368 
ARM GAS  C:\Users\nicx5\AppData\Local\Temp\ccq4ftZ0.s 			page 87


 4379      616E6E65 
 4379      6C537461 
 4379      74757300 
 4380              	.LASF30:
 4381 0ad0 4A535152 		.ascii	"JSQR\000"
 4381      00
 4382              	.LASF70:
 4383 0ad5 444D414D 		.ascii	"DMAMUX_RequestGenStatus_TypeDef\000"
 4383      55585F52 
 4383      65717565 
 4383      73744765 
 4383      6E537461 
 4384              	.LASF199:
 4385 0af5 48414C5F 		.ascii	"HAL_ADC_GetError\000"
 4385      4144435F 
 4385      47657445 
 4385      72726F72 
 4385      00
 4386              	.LASF16:
 4387 0b06 43464752 		.ascii	"CFGR2\000"
 4387      3200
 4388              	.LASF69:
 4389 0b0c 52474346 		.ascii	"RGCFR\000"
 4389      5200
 4390              	.LASF82:
 4391 0b12 48414C5F 		.ascii	"HAL_StatusTypeDef\000"
 4391      53746174 
 4391      75735479 
 4391      70654465 
 4391      6600
 4392              	.LASF116:
 4393 0b24 4572726F 		.ascii	"ErrorCode\000"
 4393      72436F64 
 4393      6500
 4394              	.LASF191:
 4395 0b2e 746D705F 		.ascii	"tmp_multimode_config\000"
 4395      6D756C74 
 4395      696D6F64 
 4395      655F636F 
 4395      6E666967 
 4396              	.LASF94:
 4397 0b43 4649464F 		.ascii	"FIFOMode\000"
 4397      4D6F6465 
 4397      00
 4398              	.LASF142:
 4399 0b4c 436F6E76 		.ascii	"ConversionDataManagement\000"
 4399      65727369 
 4399      6F6E4461 
 4399      74614D61 
 4399      6E616765 
 4400              	.LASF97:
 4401 0b65 50657269 		.ascii	"PeriphBurst\000"
 4401      70684275 
 4401      72737400 
 4402              	.LASF17:
 4403 0b71 534D5052 		.ascii	"SMPR1\000"
 4403      3100
ARM GAS  C:\Users\nicx5\AppData\Local\Temp\ccq4ftZ0.s 			page 88


 4404              	.LASF18:
 4405 0b77 534D5052 		.ascii	"SMPR2\000"
 4405      3200
 4406              	.LASF203:
 4407 0b7d 746D705F 		.ascii	"tmp_hal_status\000"
 4407      68616C5F 
 4407      73746174 
 4407      757300
 4408              	.LASF297:
 4409 0b8c 453A5C57 		.ascii	"E:\\Works\\STM32\\HBox\000"
 4409      6F726B73 
 4409      5C53544D 
 4409      33325C48 
 4409      426F7800 
 4410              	.LASF55:
 4411 0ba0 43445232 		.ascii	"CDR2\000"
 4411      00
 4412              	.LASF264:
 4413 0ba5 4C4C5F41 		.ascii	"LL_ADC_IsDeepPowerDownEnabled\000"
 4413      44435F49 
 4413      73446565 
 4413      70506F77 
 4413      6572446F 
 4414              	.LASF298:
 4415 0bc3 53797374 		.ascii	"SystemCoreClock\000"
 4415      656D436F 
 4415      7265436C 
 4415      6F636B00 
 4416              	.LASF117:
 4417 0bd3 53747265 		.ascii	"StreamBaseAddress\000"
 4417      616D4261 
 4417      73654164 
 4417      64726573 
 4417      7300
 4418              	.LASF257:
 4419 0be5 4C4C5F41 		.ascii	"LL_ADC_REG_StartConversion\000"
 4419      44435F52 
 4419      45475F53 
 4419      74617274 
 4419      436F6E76 
 4420              	.LASF201:
 4421 0c00 48414C5F 		.ascii	"HAL_ADC_AnalogWDGConfig\000"
 4421      4144435F 
 4421      416E616C 
 4421      6F675744 
 4421      47436F6E 
 4422              	.LASF2:
 4423 0c18 756E7369 		.ascii	"unsigned char\000"
 4423      676E6564 
 4423      20636861 
 4423      7200
 4424              	.LASF67:
 4425 0c26 444D414D 		.ascii	"DMAMUX_RequestGen_TypeDef\000"
 4425      55585F52 
 4425      65717565 
 4425      73744765 
 4425      6E5F5479 
ARM GAS  C:\Users\nicx5\AppData\Local\Temp\ccq4ftZ0.s 			page 89


 4426              	.LASF289:
 4427 0c40 4C4C5F41 		.ascii	"LL_ADC_SetCommonClock\000"
 4427      44435F53 
 4427      6574436F 
 4427      6D6D6F6E 
 4427      436C6F63 
 4428              	.LASF37:
 4429 0c56 4A445231 		.ascii	"JDR1\000"
 4429      00
 4430              	.LASF38:
 4431 0c5b 4A445232 		.ascii	"JDR2\000"
 4431      00
 4432              	.LASF39:
 4433 0c60 4A445233 		.ascii	"JDR3\000"
 4433      00
 4434              	.LASF40:
 4435 0c65 4A445234 		.ascii	"JDR4\000"
 4435      00
 4436              	.LASF64:
 4437 0c6a 444D414D 		.ascii	"DMAMUX_Channel_TypeDef\000"
 4437      55585F43 
 4437      68616E6E 
 4437      656C5F54 
 4437      79706544 
 4438              	.LASF22:
 4439 0c81 52455345 		.ascii	"RESERVED1\000"
 4439      52564544 
 4439      3100
 4440              	.LASF23:
 4441 0c8b 52455345 		.ascii	"RESERVED2\000"
 4441      52564544 
 4441      3200
 4442              	.LASF28:
 4443 0c95 52455345 		.ascii	"RESERVED3\000"
 4443      52564544 
 4443      3300
 4444              	.LASF29:
 4445 0c9f 52455345 		.ascii	"RESERVED4\000"
 4445      52564544 
 4445      3400
 4446              	.LASF31:
 4447 0ca9 52455345 		.ascii	"RESERVED5\000"
 4447      52564544 
 4447      3500
 4448              	.LASF36:
 4449 0cb3 52455345 		.ascii	"RESERVED6\000"
 4449      52564544 
 4449      3600
 4450              	.LASF149:
 4451 0cbd 52616E6B 		.ascii	"Rank\000"
 4451      00
 4452              	.LASF56:
 4453 0cc2 4144435F 		.ascii	"ADC_Common_TypeDef\000"
 4453      436F6D6D 
 4453      6F6E5F54 
 4453      79706544 
 4453      656600
ARM GAS  C:\Users\nicx5\AppData\Local\Temp\ccq4ftZ0.s 			page 90


 4454              	.LASF99:
 4455 0cd5 48414C5F 		.ascii	"HAL_DMA_STATE_RESET\000"
 4455      444D415F 
 4455      53544154 
 4455      455F5245 
 4455      53455400 
 4456              	.LASF98:
 4457 0ce9 444D415F 		.ascii	"DMA_InitTypeDef\000"
 4457      496E6974 
 4457      54797065 
 4457      44656600 
 4458              	.LASF160:
 4459 0cf9 48696768 		.ascii	"HighThreshold\000"
 4459      54687265 
 4459      73686F6C 
 4459      6400
 4460              	.LASF129:
 4461 0d07 4F766572 		.ascii	"OversamplingStopReset\000"
 4461      73616D70 
 4461      6C696E67 
 4461      53746F70 
 4461      52657365 
 4462              	.LASF4:
 4463 0d1d 6C6F6E67 		.ascii	"long int\000"
 4463      20696E74 
 4463      00
 4464              	.LASF152:
 4465 0d26 4F666673 		.ascii	"OffsetNumber\000"
 4465      65744E75 
 4465      6D626572 
 4465      00
 4466              	.LASF177:
 4467 0d33 48414C5F 		.ascii	"HAL_RCC_GetHCLKFreq\000"
 4467      5243435F 
 4467      47657448 
 4467      434C4B46 
 4467      72657100 
 4468              	.LASF220:
 4469 0d47 746D705F 		.ascii	"tmp_adc_reg_is_trigger_source_sw_start\000"
 4469      6164635F 
 4469      7265675F 
 4469      69735F74 
 4469      72696767 
 4470              	.LASF182:
 4471 0d6e 68616463 		.ascii	"hadc\000"
 4471      00
 4472              	.LASF258:
 4473 0d73 4C4C5F41 		.ascii	"LL_ADC_IsDisableOngoing\000"
 4473      44435F49 
 4473      73446973 
 4473      61626C65 
 4473      4F6E676F 
 4474              	.LASF91:
 4475 0d8b 4D656D44 		.ascii	"MemDataAlignment\000"
 4475      61746141 
 4475      6C69676E 
 4475      6D656E74 
ARM GAS  C:\Users\nicx5\AppData\Local\Temp\ccq4ftZ0.s 			page 91


 4475      00
 4476              	.LASF222:
 4477 0d9c 746D7041 		.ascii	"tmpADC_Master\000"
 4477      44435F4D 
 4477      61737465 
 4477      7200
 4478              	.LASF193:
 4479 0daa 436F6E76 		.ascii	"ConversionGroup\000"
 4479      65727369 
 4479      6F6E4772 
 4479      6F757000 
 4480              	.LASF105:
 4481 0dba 496E7374 		.ascii	"Instance\000"
 4481      616E6365 
 4481      00
 4482              	.LASF14:
 4483 0dc3 75696E74 		.ascii	"uint64_t\000"
 4483      36345F74 
 4483      00
 4484              	.LASF271:
 4485 0dcc 41574443 		.ascii	"AWDChannelGroup\000"
 4485      68616E6E 
 4485      656C4772 
 4485      6F757000 
 4486              	.LASF15:
 4487 0ddc 43464752 		.ascii	"CFGR\000"
 4487      00
 4488              	.LASF277:
 4489 0de1 44617461 		.ascii	"DataTransferMode\000"
 4489      5472616E 
 4489      73666572 
 4489      4D6F6465 
 4489      00
 4490              	.LASF61:
 4491 0df2 41504232 		.ascii	"APB2FZ1\000"
 4491      465A3100 
 4492              	.LASF121:
 4493 0dfa 444D416D 		.ascii	"DMAmuxChannelStatusMask\000"
 4493      75784368 
 4493      616E6E65 
 4493      6C537461 
 4493      7475734D 
 4494              	.LASF5:
 4495 0e12 5F5F7569 		.ascii	"__uint8_t\000"
 4495      6E74385F 
 4495      7400
 4496              	.LASF233:
 4497 0e1c 48414C5F 		.ascii	"HAL_ADC_PollForConversion\000"
 4497      4144435F 
 4497      506F6C6C 
 4497      466F7243 
 4497      6F6E7665 
 4498              	.LASF158:
 4499 0e36 57617463 		.ascii	"WatchdogMode\000"
 4499      68646F67 
 4499      4D6F6465 
 4499      00
ARM GAS  C:\Users\nicx5\AppData\Local\Temp\ccq4ftZ0.s 			page 92


 4500              	.LASF85:
 4501 0e43 48414C5F 		.ascii	"HAL_LockTypeDef\000"
 4501      4C6F636B 
 4501      54797065 
 4501      44656600 
 4502              	.LASF224:
 4503 0e53 48414C5F 		.ascii	"HAL_ADC_Stop_DMA\000"
 4503      4144435F 
 4503      53746F70 
 4503      5F444D41 
 4503      00
 4504              	.LASF286:
 4505 0e64 4C4C5F41 		.ascii	"LL_ADC_GetCommonPathInternalCh\000"
 4505      44435F47 
 4505      6574436F 
 4505      6D6D6F6E 
 4505      50617468 
 4506              	.LASF242:
 4507 0e83 746D705F 		.ascii	"tmp_adc_reg_is_conversion_on_going\000"
 4507      6164635F 
 4507      7265675F 
 4507      69735F63 
 4507      6F6E7665 
 4508              	.LASF282:
 4509 0ea6 4C4C5F41 		.ascii	"LL_ADC_SetDataRightShift\000"
 4509      44435F53 
 4509      65744461 
 4509      74615269 
 4509      67687453 
 4510              	.LASF252:
 4511 0ebf 4C4C5F41 		.ascii	"LL_ADC_ClearFlag_AWD1\000"
 4511      44435F43 
 4511      6C656172 
 4511      466C6167 
 4511      5F415744 
 4512              	.LASF251:
 4513 0ed5 4C4C5F41 		.ascii	"LL_ADC_ClearFlag_AWD2\000"
 4513      44435F43 
 4513      6C656172 
 4513      466C6167 
 4513      5F415744 
 4514              	.LASF250:
 4515 0eeb 4C4C5F41 		.ascii	"LL_ADC_ClearFlag_AWD3\000"
 4515      44435F43 
 4515      6C656172 
 4515      466C6167 
 4515      5F415744 
 4516              	.LASF148:
 4517 0f01 4368616E 		.ascii	"Channel\000"
 4517      6E656C00 
 4518              	.LASF72:
 4519 0f09 454E4142 		.ascii	"ENABLE\000"
 4519      4C4500
 4520              	.LASF7:
 4521 0f10 6C6F6E67 		.ascii	"long unsigned int\000"
 4521      20756E73 
 4521      69676E65 
ARM GAS  C:\Users\nicx5\AppData\Local\Temp\ccq4ftZ0.s 			page 93


 4521      6420696E 
 4521      7400
 4522              	.LASF204:
 4523 0f22 746D7041 		.ascii	"tmpAWDHighThresholdShifted\000"
 4523      57444869 
 4523      67685468 
 4523      72657368 
 4523      6F6C6453 
 4524              	.LASF163:
 4525 0f3d 436F6E74 		.ascii	"ContextQueue\000"
 4525      65787451 
 4525      75657565 
 4525      00
 4526              	.LASF185:
 4527 0f4a 4144435F 		.ascii	"ADC_DMAHalfConvCplt\000"
 4527      444D4148 
 4527      616C6643 
 4527      6F6E7643 
 4527      706C7400 
 4528              	.LASF234:
 4529 0f5e 746D705F 		.ascii	"tmp_Flag_End\000"
 4529      466C6167 
 4529      5F456E64 
 4529      00
 4530              	.LASF113:
 4531 0f6b 58666572 		.ascii	"XferM1HalfCpltCallback\000"
 4531      4D314861 
 4531      6C664370 
 4531      6C744361 
 4531      6C6C6261 
 4532              	.LASF101:
 4533 0f82 48414C5F 		.ascii	"HAL_DMA_STATE_BUSY\000"
 4533      444D415F 
 4533      53544154 
 4533      455F4255 
 4533      535900
 4534              	.LASF209:
 4535 0f95 746D705F 		.ascii	"tmp_config_internal_channel\000"
 4535      636F6E66 
 4535      69675F69 
 4535      6E746572 
 4535      6E616C5F 
 4536              	.LASF267:
 4537 0fb1 41444378 		.ascii	"ADCxy_COMMON\000"
 4537      795F434F 
 4537      4D4D4F4E 
 4537      00
 4538              	.LASF259:
 4539 0fbe 4C4C5F41 		.ascii	"LL_ADC_IsEnabled\000"
 4539      44435F49 
 4539      73456E61 
 4539      626C6564 
 4539      00
 4540              	.LASF87:
 4541 0fcf 44697265 		.ascii	"Direction\000"
 4541      6374696F 
 4541      6E00
ARM GAS  C:\Users\nicx5\AppData\Local\Temp\ccq4ftZ0.s 			page 94


 4542              	.LASF237:
 4543 0fd9 48414C5F 		.ascii	"HAL_ADC_MspDeInit\000"
 4543      4144435F 
 4543      4D737044 
 4543      65496E69 
 4543      7400
 4544              	.LASF253:
 4545 0feb 4C4C5F41 		.ascii	"LL_ADC_INJ_StopConversion\000"
 4545      44435F49 
 4545      4E4A5F53 
 4545      746F7043 
 4545      6F6E7665 
 4546              	.LASF119:
 4547 1005 444D416D 		.ascii	"DMAmuxChannel\000"
 4547      75784368 
 4547      616E6E65 
 4547      6C00
 4548              	.LASF140:
 4549 1013 45787465 		.ascii	"ExternalTrigConv\000"
 4549      726E616C 
 4549      54726967 
 4549      436F6E76 
 4549      00
 4550              	.LASF88:
 4551 1024 50657269 		.ascii	"PeriphInc\000"
 4551      7068496E 
 4551      6300
 4552              	.LASF60:
 4553 102e 41504231 		.ascii	"APB1HFZ1\000"
 4553      48465A31 
 4553      00
 4554              	.LASF6:
 4555 1037 5F5F7569 		.ascii	"__uint32_t\000"
 4555      6E743332 
 4555      5F7400
 4556              	.LASF197:
 4557 1042 746D705F 		.ascii	"tmp_adc_is_conversion_on_going_regular\000"
 4557      6164635F 
 4557      69735F63 
 4557      6F6E7665 
 4557      7273696F 
 4558              	.LASF211:
 4559 1069 48414C5F 		.ascii	"HAL_ADC_ErrorCallback\000"
 4559      4144435F 
 4559      4572726F 
 4559      7243616C 
 4559      6C626163 
 4560              	.LASF154:
 4561 107f 4F666673 		.ascii	"OffsetRightShift\000"
 4561      65745269 
 4561      67687453 
 4561      68696674 
 4561      00
 4562              	.LASF223:
 4563 1090 48414C5F 		.ascii	"HAL_ADC_GetValue\000"
 4563      4144435F 
 4563      47657456 
ARM GAS  C:\Users\nicx5\AppData\Local\Temp\ccq4ftZ0.s 			page 95


 4563      616C7565 
 4563      00
 4564              	.LASF174:
 4565 10a1 48414C5F 		.ascii	"HAL_RCCEx_GetPeriphCLKFreq\000"
 4565      52434345 
 4565      785F4765 
 4565      74506572 
 4565      69706843 
 4566              	.LASF21:
 4567 10bc 48545231 		.ascii	"HTR1\000"
 4567      00
 4568              	.LASF47:
 4569 10c1 48545232 		.ascii	"HTR2\000"
 4569      00
 4570              	.LASF49:
 4571 10c6 48545233 		.ascii	"HTR3\000"
 4571      00
 4572              	.LASF136:
 4573 10cb 436F6E74 		.ascii	"ContinuousConvMode\000"
 4573      696E756F 
 4573      7573436F 
 4573      6E764D6F 
 4573      646500
 4574              	.LASF281:
 4575 10de 4F666673 		.ascii	"Offsety\000"
 4575      65747900 
 4576              	.LASF132:
 4577 10e6 5265736F 		.ascii	"Resolution\000"
 4577      6C757469 
 4577      6F6E00
 4578              	.LASF106:
 4579 10f1 496E6974 		.ascii	"Init\000"
 4579      00
 4580              	.LASF118:
 4581 10f6 53747265 		.ascii	"StreamIndex\000"
 4581      616D496E 
 4581      64657800 
 4582              	.LASF196:
 4583 1102 746D705F 		.ascii	"tmp_ADC_CR_ADSTART_JADSTART\000"
 4583      4144435F 
 4583      43525F41 
 4583      44535441 
 4583      52545F4A 
 4584              	.LASF213:
 4585 111e 48414C5F 		.ascii	"HAL_ADC_ConvHalfCpltCallback\000"
 4585      4144435F 
 4585      436F6E76 
 4585      48616C66 
 4585      43706C74 
 4586              	.LASF131:
 4587 113b 436C6F63 		.ascii	"ClockPrescaler\000"
 4587      6B507265 
 4587      7363616C 
 4587      657200
 4588              	.LASF187:
 4589 114a 4144435F 		.ascii	"ADC_Disable\000"
 4589      44697361 
ARM GAS  C:\Users\nicx5\AppData\Local\Temp\ccq4ftZ0.s 			page 96


 4589      626C6500 
 4590              	.LASF246:
 4591 1156 4C4C5F41 		.ascii	"LL_ADC_DisableIT_AWD1\000"
 4591      44435F44 
 4591      69736162 
 4591      6C654954 
 4591      5F415744 
 4592              	.LASF245:
 4593 116c 4C4C5F41 		.ascii	"LL_ADC_DisableIT_AWD2\000"
 4593      44435F44 
 4593      69736162 
 4593      6C654954 
 4593      5F415744 
 4594              	.LASF244:
 4595 1182 4C4C5F41 		.ascii	"LL_ADC_DisableIT_AWD3\000"
 4595      44435F44 
 4595      69736162 
 4595      6C654954 
 4595      5F415744 
 4596              	.LASF62:
 4597 1198 41504234 		.ascii	"APB4FZ1\000"
 4597      465A3100 
 4598              	.LASF206:
 4599 11a0 48414C5F 		.ascii	"HAL_ADC_ConfigChannel\000"
 4599      4144435F 
 4599      436F6E66 
 4599      69674368 
 4599      616E6E65 
 4600              	.LASF249:
 4601 11b6 4C4C5F41 		.ascii	"LL_ADC_EnableIT_AWD1\000"
 4601      44435F45 
 4601      6E61626C 
 4601      6549545F 
 4601      41574431 
 4602              	.LASF248:
 4603 11cb 4C4C5F41 		.ascii	"LL_ADC_EnableIT_AWD2\000"
 4603      44435F45 
 4603      6E61626C 
 4603      6549545F 
 4603      41574432 
 4604              	.LASF247:
 4605 11e0 4C4C5F41 		.ascii	"LL_ADC_EnableIT_AWD3\000"
 4605      44435F45 
 4605      6E61626C 
 4605      6549545F 
 4605      41574433 
 4606              	.LASF122:
 4607 11f5 444D416D 		.ascii	"DMAmuxRequestGen\000"
 4607      75785265 
 4607      71756573 
 4607      7447656E 
 4607      00
 4608              	.LASF1:
 4609 1206 7369676E 		.ascii	"signed char\000"
 4609      65642063 
 4609      68617200 
 4610              	.LASF92:
ARM GAS  C:\Users\nicx5\AppData\Local\Temp\ccq4ftZ0.s 			page 97


 4611 1212 4D6F6465 		.ascii	"Mode\000"
 4611      00
 4612              	.LASF268:
 4613 1217 4C4C5F41 		.ascii	"LL_ADC_GetMultimode\000"
 4613      44435F47 
 4613      65744D75 
 4613      6C74696D 
 4613      6F646500 
 4614              	.LASF261:
 4615 122b 4C4C5F41 		.ascii	"LL_ADC_Enable\000"
 4615      44435F45 
 4615      6E61626C 
 4615      6500
 4616              	.LASF3:
 4617 1239 73686F72 		.ascii	"short unsigned int\000"
 4617      7420756E 
 4617      7369676E 
 4617      65642069 
 4617      6E7400
 4618              	.LASF175:
 4619 124c 48414C5F 		.ascii	"HAL_DMA_Abort\000"
 4619      444D415F 
 4619      41626F72 
 4619      7400
 4620              	.LASF173:
 4621 125a 48414C5F 		.ascii	"HAL_ADCEx_EndOfSamplingCallback\000"
 4621      41444345 
 4621      785F456E 
 4621      644F6653 
 4621      616D706C 
 4622              	.LASF111:
 4623 127a 58666572 		.ascii	"XferHalfCpltCallback\000"
 4623      48616C66 
 4623      43706C74 
 4623      43616C6C 
 4623      6261636B 
 4624              	.LASF77:
 4625 128f 646F7562 		.ascii	"double\000"
 4625      6C6500
 4626              	.LASF215:
 4627 1296 48414C5F 		.ascii	"HAL_ADC_IRQHandler\000"
 4627      4144435F 
 4627      49525148 
 4627      616E646C 
 4627      657200
 4628              	.LASF260:
 4629 12a9 4C4C5F41 		.ascii	"LL_ADC_Disable\000"
 4629      44435F44 
 4629      69736162 
 4629      6C6500
 4630              	.LASF100:
 4631 12b8 48414C5F 		.ascii	"HAL_DMA_STATE_READY\000"
 4631      444D415F 
 4631      53544154 
 4631      455F5245 
 4631      41445900 
 4632              	.LASF153:
ARM GAS  C:\Users\nicx5\AppData\Local\Temp\ccq4ftZ0.s 			page 98


 4633 12cc 4F666673 		.ascii	"Offset\000"
 4633      657400
 4634              	.LASF41:
 4635 12d3 52455345 		.ascii	"RESERVED7\000"
 4635      52564544 
 4635      3700
 4636              	.LASF44:
 4637 12dd 52455345 		.ascii	"RESERVED8\000"
 4637      52564544 
 4637      3800
 4638              	.LASF45:
 4639 12e7 52455345 		.ascii	"RESERVED9\000"
 4639      52564544 
 4639      3900
 4640              	.LASF228:
 4641 12f1 48414C5F 		.ascii	"HAL_ADC_Stop_IT\000"
 4641      4144435F 
 4641      53746F70 
 4641      5F495400 
 4642              	.LASF96:
 4643 1301 4D656D42 		.ascii	"MemBurst\000"
 4643      75727374 
 4643      00
 4644              	.LASF103:
 4645 130a 48414C5F 		.ascii	"HAL_DMA_STATE_ABORT\000"
 4645      444D415F 
 4645      53544154 
 4645      455F4142 
 4645      4F525400 
 4646              	.LASF135:
 4647 131e 4C6F7750 		.ascii	"LowPowerAutoWait\000"
 4647      6F776572 
 4647      4175746F 
 4647      57616974 
 4647      00
 4648              	.LASF275:
 4649 132f 4C4C5F41 		.ascii	"LL_ADC_INJ_IsTriggerSourceSWStart\000"
 4649      44435F49 
 4649      4E4A5F49 
 4649      73547269 
 4649      67676572 
 4650              	.LASF190:
 4651 1351 4144435F 		.ascii	"ADC_Enable\000"
 4651      456E6162 
 4651      6C6500
 4652              	.LASF134:
 4653 135c 454F4353 		.ascii	"EOCSelection\000"
 4653      656C6563 
 4653      74696F6E 
 4653      00
 4654              		.text
 4655              		.section	.gnu.lto_.profile.1f3e1af6,"e",%progbits
 4656 0000 28B52FFD 		.ascii	"(\265/\375 \010A\000\000\004\000\000\000\000\001 \000"
 4656      20084100 
 4656      00040000 
 4656      00000120 
 4656      00
ARM GAS  C:\Users\nicx5\AppData\Local\Temp\ccq4ftZ0.s 			page 99


 4657              		.text
 4658              		.section	.gnu.lto_.icf.1f3e1af6,"e",%progbits
 4659 0000 28B52FFD 		.ascii	"(\265/\375`&\013-\032\000\244\032\032\014\0003\000\300"
 4659      60260B2D 
 4659      1A00A41A 
 4659      1A0C0033 
 4659      00C0
 4660 0012 F2B6FB07 		.ascii	"\362\266\373\007\004\002\000\001\310\346\262\250\017"
 4660      04020001 
 4660      C8E6B2A8 
 4660      0F
 4661 001f 04020102 		.ascii	"\004\002\001\002\002\375\240\211\343\014\003\371\352"
 4661      02FDA089 
 4661      E30C03F9 
 4661      EA
 4662 002c 85880502 		.ascii	"\205\210\005\002\004\300\364\367\333\001\005\376\260"
 4662      04C0F4F7 
 4662      DB0105FE 
 4662      B0
 4663 0039 ADE70B06 		.ascii	"\255\347\013\006\330\331\204\360\016\007\263\306\374"
 4663      D8D984F0 
 4663      0E07B3C6 
 4663      FC
 4664 0046 E6030408 		.ascii	"\346\003\004\010\251\242\203\252\017\011\372\324\356"
 4664      A9A283AA 
 4664      0F09FAD4 
 4664      EE
 4665 0053 BC0D020A 		.ascii	"\274\015\002\012\276\312\303\354\005\013\206\305\257"
 4665      BECAC3EC 
 4665      050B86C5 
 4665      AF
 4666 0060 250CCBB2 		.ascii	"%\014\313\262\365\367\014\015\367\237\201\302\015\016"
 4666      F5F70C0D 
 4666      F79F81C2 
 4666      0D0E
 4667 006e 9CE3C4F5 		.ascii	"\234\343\304\365\016\017\236\243\376\216\007\002\020"
 4667      0E0F9EA3 
 4667      FE8E0702 
 4667      10
 4668 007b FE89D1AD 		.ascii	"\376\211\321\255\021\376\215\374\354\006\022\255\203"
 4668      11FE8DFC 
 4668      EC0612AD 
 4668      83
 4669 0088 CB8B0813 		.ascii	"\313\213\010\023\316\254\272\212\024\263\227\234\270"
 4669      CEACBA8A 
 4669      14B3979C 
 4669      B8
 4670 0095 030215ED 		.ascii	"\003\002\025\355\317\222\345\014\000\026\027\254\217"
 4670      CF92E50C 
 4670      001617AC 
 4670      8F
 4671 00a2 A8D2083A 		.ascii	"\250\322\010:\002\003\002\005\002\001\002\004\002\004"
 4671      02030205 
 4671      02010204 
 4671      0204
 4672 00b0 02060701 		.ascii	"\002\006\007\001\010\030\243\314\327\254\010<\004\031"
 4672      0818A3CC 
ARM GAS  C:\Users\nicx5\AppData\Local\Temp\ccq4ftZ0.s 			page 100


 4672      D7AC083C 
 4672      0419
 4673 00be B89192A3 		.ascii	"\270\221\222\243\012\032\033\034\321\213\323\345\011"
 4673      0A1A1B1C 
 4673      D18BD3E5 
 4673      09
 4674 00cb 02020902 		.ascii	"\002\002\011\002\012\035\036\037\354\340\314\214\005"
 4674      0A1D1E1F 
 4674      ECE0CC8C 
 4674      05
 4675 00d8 9C010504 		.ascii	"\234\001\005\004\003\003\003\004\003 \255\363\257\264"
 4675      03030304 
 4675      0320ADF3 
 4675      AFB4
 4676 00e6 0A2A0201 		.ascii	"\012*\002\001\004\013\002\004\002\014\002\012!\352\373"
 4676      040B0204 
 4676      020C020A 
 4676      21EAFB
 4677 00f5 97B30E0A 		.ascii	"\227\263\016\012\001\002\004\"\273\366\306\214\007t"
 4677      01020422 
 4677      BBF6C68C 
 4677      0774
 4678 0103 02010201 		.ascii	"\002\001\002\001\015\016\002\002\007\002\001\005\004"
 4678      0D0E0202 
 4678      07020105 
 4678      04
 4679 0110 06020424 		.ascii	"\006\002\004$\376\315\236\332\002\270\017\017\017\017"
 4679      FECD9EDA 
 4679      02B80F0F 
 4679      0F0F
 4680 011e 0F020207 		.ascii	"\017\002\002\007\017\017\006\002\004%\265\210\326\205"
 4680      0F0F0602 
 4680      0425B588 
 4680      D685
 4681 012c 0C04269E 		.ascii	"\014\004&\236\225\273\264\004'\363\214\251\353\016\""
 4681      95BBB404 
 4681      27F38CA9 
 4681      EB0E22
 4682 013b 10021001 		.ascii	"\020\002\020\001\002\003(\330\376\344\253\003 )\227"
 4682      020328D8 
 4682      FEE4AB03 
 4682      202997
 4683 014a E5ACFF08 		.ascii	"\345\254\377\0100\003\001\002\010\006\002\004*\240\200"
 4683      30030102 
 4683      08060204 
 4683      2AA080
 4684 0159 DBA50564 		.ascii	"\333\245\005d\002\002\004\006\002\004+\320\343\273\273"
 4684      02020406 
 4684      02042BD0 
 4684      E3BBBB
 4685 0168 0D362CE3 		.ascii	"\0156,\343\357\212\351\005\036\002-\362\235\233\344"
 4685      EF8AE905 
 4685      1E022DF2 
 4685      9D9BE4
 4686 0177 09860103 		.ascii	"\011\206\001\003\006\002\004.\260\356\203\266\002\000"
 4686      0602042E 
 4686      B0EE83B6 
ARM GAS  C:\Users\nicx5\AppData\Local\Temp\ccq4ftZ0.s 			page 101


 4686      0200
 4687 0185 2FBFA8AE 		.ascii	"/\277\250\256\273\016\012\0010\230\322\317\345\011\020"
 4687      BB0E0A01 
 4687      3098D2CF 
 4687      E50910
 4688 0194 0331E3EE 		.ascii	"\0031\343\356\212\332\002\036\021\0032\266\340\346\257"
 4688      8ADA021E 
 4688      110332B6 
 4688      E0E6AF
 4689 01a3 012E0333 		.ascii	"\001.\0033\242\364\221\301\016\202\001\007\003\007\004"
 4689      A2F491C1 
 4689      0E820107 
 4689      030704
 4690 01b2 03010400 		.ascii	"\003\001\004\000\200\341\250\001\306@D\250$\3110\006"
 4690      80E1A801 
 4690      C64044A8 
 4690      24C93006 
 4691 01c2 D00219AA 		.ascii	"\320\002\031\252ms\022`\362(\311\343(E\021!2B\"#QQS"
 4691      6D731260 
 4691      F228C9E3 
 4691      28451121 
 4691      32422223 
 4692 01d9 92525A03 		.ascii	"\222RZ\003\264e\016\336\247\000\3242\321\230*u\244\001"
 4692      B4650EDE 
 4692      A700D432 
 4692      D1982A75 
 4692      A401
 4693 01eb C4353FF5 		.ascii	"\3045?\365\213C\376\362ta\023\222?)g8\230\030\214\226"
 4693      8B43FEF2 
 4693      74611392 
 4693      3F296738 
 4693      98188C96 
 4694 01ff 1641B4AC 		.ascii	"\026A\264\254\004\177\204I\251\342\227d@?\330\320\227"
 4694      047F8449 
 4694      A9E29764 
 4694      403FD8D0 
 4694      97
 4695 0210 85304616 		.ascii	"\2050F\026\360\034\025\261\267\210\0315\301\221d\262"
 4695      F01C15B1 
 4695      B7881935 
 4695      C19164B2 
 4696 0220 5FF0B5BC 		.ascii	"_\360\265\274\232%9\301\342\233\256$\257\307mo\353W"
 4696      9A2539C1 
 4696      E29BAE24 
 4696      AFC76D6F 
 4696      EB57
 4697 0232 AAD2CC61 		.ascii	"\252\322\314a]0\232_y\370Q\206\247\273Tv;@4\201M\226"
 4697      5D309A5F 
 4697      79F85186 
 4697      A7BB5476 
 4697      3B403481 
 4698 0248 646F6AAA 		.ascii	"doj\252\310c\212\364\004IO\257dK2\360R\271\377\330\250"
 4698      C8638AF4 
 4698      04494FAF 
 4698      644B32F0 
 4698      52B9FFD8 
 4699 025d 5B07E6EA 		.ascii	"[\007\346\352\206\347\0065\345\325J\231\326\034tb\354"
ARM GAS  C:\Users\nicx5\AppData\Local\Temp\ccq4ftZ0.s 			page 102


 4699      86E70635 
 4699      E5D54A99 
 4699      D61C7462 
 4699      EC
 4700 026e 39834F13 		.ascii	"9\203O\023\304\200\237|\003\275\035(E;B:3\342\374\307"
 4700      C4809F7C 
 4700      03BD1D28 
 4700      453B423A 
 4700      33E2FCC7 
 4701 0282 34CBE45B 		.ascii	"4\313\344[s\233\234\367\004\363p\307\355\353&Z\273e"
 4701      739B9CF7 
 4701      04F370C7 
 4701      EDEB265A 
 4701      BB65
 4702 0294 3E0A3D18 		.ascii	">\012=\030\035~\0048\344\251!\016\335\307(^\216\225"
 4702      1D7E0438 
 4702      E4A9210E 
 4702      DDC7285E 
 4702      8E95
 4703 02a6 ABBB718D 		.ascii	"\253\273q\215\344&\351\374\030\273?FK\300O\014\345)"
 4703      E426E9FC 
 4703      18BB3F46 
 4703      4BC04F0C 
 4703      E529
 4704 02b8 7A979050 		.ascii	"z\227\220P}rl\306\014\377\362\371'\376N\200\272\232"
 4704      7D726CC6 
 4704      0CFFF2F9 
 4704      27FE4E80 
 4704      BA9A
 4705 02ca 21CA6228 		.ascii	"!\312b(P\275\274b\037\347YI\3236l\340jqI\236\024C\215"
 4705      50BDBC62 
 4705      1FE75949 
 4705      D3366CE0 
 4705      6A71499E 
 4706 02e1 C1627EB8 		.ascii	"\301b~\270k\370\371Q\236Ozw\260H\277H\353\233X\354\021"
 4706      6BF8F951 
 4706      9E4F7A77 
 4706      B048BF48 
 4706      EB9B58EC 
 4707 02f6 484B3550 		.ascii	"HK5Pu#\370\254\031\227\352)\250\265\345D7\273E\350\257"
 4707      7523F8AC 
 4707      1997EA29 
 4707      A8B5E544 
 4707      37BB45E8 
 4708 030b F9F18BEB 		.ascii	"\371\361\213\353\241\247)$\206\332\313\357\035V\250"
 4708      A1A72924 
 4708      86DACBEF 
 4708      1D56A8
 4709 031a CF307374 		.ascii	"\3170st\010\316\302\301\314\275\335)\324\307\245\312"
 4709      08CEC2C1 
 4709      CCBDDD29 
 4709      D4C7A5CA 
 4710 032a 419C4C6F 		.ascii	"A\234Lo\211!\177\333\306\235-\26167#\21663\341\347\347"
 4710      89217FDB 
 4710      C69D2DB1 
 4710      3637238E 
 4710      3633E1E7 
ARM GAS  C:\Users\nicx5\AppData\Local\Temp\ccq4ftZ0.s 			page 103


 4711 033f 7401BC17 		.ascii	"t\001\274\027\015\214\354\303\330>M*\232FC\031"
 4711      0D8CECC3 
 4711      D83E4D2A 
 4711      9A464319 
 4712              		.text
 4713              		.section	.gnu.lto_.ipa_sra.1f3e1af6,"e",%progbits
 4714 0000 28B52FFD 		.ascii	"(\265/\375`\027\002}\010\0002\012\036! I%\035\000\014"
 4714      6017027D 
 4714      0800320A 
 4714      1E212049 
 4714      251D000C 
 4715 0014 000C000C 		.ascii	"\000\014\000\014\000\014\234{\257\277\352\257\377@I"
 4715      000C9C7B 
 4715      AFBFEAAF 
 4715      FF4049
 4716 0023 0F258DC3 		.ascii	"\017%\215\303\256\017\331\267d\313-S\363\177V\277\302"
 4716      AE0FD9B7 
 4716      64CB2D53 
 4716      F37F56BF 
 4716      C2
 4717 0034 27207C60 		.ascii	"' |`\006\374\002\002{c; \320\013\000\370\267\221\250"
 4717      06FC0202 
 4717      7B633B20 
 4717      D00B00F8 
 4717      B791A8
 4718 0047 17FA2915 		.ascii	"\027\372)\025\304;\3364\312\314>\236\237\327\341\317"
 4718      C43BDE34 
 4718      CACC3E9E 
 4718      9FD7E1CF 
 4719 0057 BF0592C7 		.ascii	"\277\005\222\307\331piH\256\014\027\206\353R\313\255"
 4719      D9706948 
 4719      AE0C1786 
 4719      EB52CBAD 
 4720 0067 FC469970 		.ascii	"\374F\231pI\032!\244\324\203\216F\031\013*:1Q\"\244"
 4720      491A21A4 
 4720      D4838E46 
 4720      190B2A3A 
 4720      315122A4 
 4721 007b 1E0CEBCA 		.ascii	"\036\014\353\312\032K\376]\335)a\250\240PV\226\003\340"
 4721      1A4BFE5D 
 4721      DD2961A8 
 4721      A0505696 
 4721      03E0
 4722 008d 02211BEB 		.ascii	"\002!\033\353\020`V#Jr,\370\022\030\2442\003\"\277\220"
 4722      10605623 
 4722      4A722CF8 
 4722      1218A432 
 4722      0322BF90 
 4723 00a1 52CE8224 		.ascii	"R\316\202$\327\312\325\264\006\266\271\211\356r\274"
 4723      D7CAD5B4 
 4723      06B6B989 
 4723      EE72BC
 4724 00b0 9ADCF9FA 		.ascii	"\232\334\371\372\324\242\001U\003)\355\305\315\307O"
 4724      D4A20155 
 4724      0329EDC5 
 4724      CDC74F
 4725 00bf E1E6834A 		.ascii	"\341\346\203J\234\345\020\235IQ`\246\342Un\035\343\021"
ARM GAS  C:\Users\nicx5\AppData\Local\Temp\ccq4ftZ0.s 			page 104


 4725      9CE5109D 
 4725      495160A6 
 4725      E2556E1D 
 4725      E311
 4726 00d1 8888987C 		.ascii	"\210\210\230|\205!X\213\233\365\371\003!$\313C\272\001"
 4726      8521588B 
 4726      9BF5F903 
 4726      2124CB43 
 4726      BA01
 4727 00e3 26E3CE98 		.ascii	"&\343\316\230\033\210\226\363\204\220M\013\034V\016"
 4727      1B8896F3 
 4727      84904D0B 
 4727      1C560E
 4728 00f2 FA567402 		.ascii	"\372Vt\002\004~\031(4g\324L\257T\012\233\260536cv\\"
 4728      047E1928 
 4728      3467D44C 
 4728      AF540A9B 
 4728      B0353336 
 4729 0109 1A7B76E8 		.ascii	"\032{v\350\243p*\005\342\024Co\334\267O\177"
 4729      A3702A05 
 4729      E214436F 
 4729      DCB74F7F 
 4730              		.text
 4731              		.section	.gnu.lto_.inline.1f3e1af6,"e",%progbits
 4732 0000 28B52FFD 		.ascii	"(\265/\375`\324\031\225I\000\312Z`\023Fp\\N:\237k\227"
 4732      60D41995 
 4732      4900CA5A 
 4732      60134670 
 4732      5C4E3A9F 
 4733 0016 08FCA2FA 		.ascii	"\010\374\242\372\217\246`]\000\204\031\370\344\3650"
 4733      8FA6605D 
 4733      008419F8 
 4733      E4F530
 4734 0025 002D2D5A 		.ascii	"\000--Z\344\205\231\271Cs\330yM\310\003\363pwwW\025"
 4734      E48599B9 
 4734      4373D879 
 4734      4DC803F3 
 4734      70777757 
 4735 003a 9EFE43EC 		.ascii	"\236\376C\354\240dm\342\023\035=U\032\237;\265'\325"
 4735      A0646DE2 
 4735      131D3D55 
 4735      1A9F3BB5 
 4735      27D5
 4736 004c 81D29F20 		.ascii	"\201\322\237 B\366\226;\005\002\001$\001-\001\267\371"
 4736      42F6963B 
 4736      05020124 
 4736      012D01B7 
 4736      F9
 4737 005d 3607BB2B 		.ascii	"6\007\273+\316\033>\273\253\371Qw\350V\\\203\337\352"
 4737      CE1B3EBB 
 4737      ABF95177 
 4737      E8565C83 
 4737      DFEA
 4738 006f 5BEDB58D 		.ascii	"[\355\265\21570K\360OU\365u\017:Wd\360U4_\365]\034I"
 4738      37304BF0 
 4738      4F55F575 
 4738      0F3A5764 
ARM GAS  C:\Users\nicx5\AppData\Local\Temp\ccq4ftZ0.s 			page 105


 4738      F055345F 
 4739 0087 D4DCF0D5 		.ascii	"\324\334\360\325\253\301\373$\306Z\032\246\247\351\211"
 4739      ABC1FB24 
 4739      C65A1AA6 
 4739      A7E989
 4740 0096 E69FBF6E 		.ascii	"\346\237\277nC\226\303\210\217\346\003\273|\243\371"
 4740      4396C388 
 4740      8FE603BB 
 4740      7CA3F9
 4741 00a5 EDB3C23E 		.ascii	"\355\263\302>\202F+\356\350/\321\305\261 .\234\216\376"
 4741      82462BEE 
 4741      E82FD1C5 
 4741      B1202E9C 
 4741      8EFE
 4742 00b7 7743B149 		.ascii	"wC\261IMe\235L\373\304&\365\224\375\217\222\311d\322"
 4742      4D659D4C 
 4742      FBC426F5 
 4742      94FD8F92 
 4742      C964D2
 4743 00ca 3A99494D 		.ascii	":\231IMe-\232U\262\371\236\326\311T\352\251)\326\314"
 4743      652D9A55 
 4743      B2F99ED6 
 4743      C954EAA9 
 4743      29D6CC
 4744 00dd 7653FDBF 		.ascii	"vS\375\2778c\255\331\2560\273\247Ntk\242\223d\311is"
 4744      3863ADD9 
 4744      AE30BBA7 
 4744      4E746BA2 
 4744      9364C969 
 4745 00f2 3A5F0AF0 		.ascii	":_\012\360\237E\316y\370\003\373\036\300N)\011\011="
 4745      9F45CE79 
 4745      F803FB1E 
 4745      C04E2909 
 4745      093D
 4746 0104 322A221A 		.ascii	"2*\"\032\372/\024\324\302F\313\363?>\020\227H\2406*"
 4746      FA2F14D4 
 4746      C246CBF3 
 4746      3F3E1097 
 4746      48A0362A 
 4747 0118 85179973 		.ascii	"\205\027\231sFo\226\002\2008x\211\356mT#\035\377_\373"
 4747      466F9602 
 4747      80387889 
 4747      EE6D5423 
 4747      1DFF5FFB 
 4748 012c B7C10BF4 		.ascii	"\267\301\013\364\373\037\343\373\003/\356[a\320\355"
 4748      FB1FE3FB 
 4748      032FEE5B 
 4748      61D0ED
 4749 013b 0594E8FC 		.ascii	"\005\224\350\374\257\337o\240\371\007;\347\234O\363"
 4749      AFDF6FA0 
 4749      F9073BE7 
 4749      9C4FF3
 4750 014a F6FFA4B6 		.ascii	"\366\377\244\266\366\177\267=\276\025\366\232s\036\372"
 4750      F67FB73D 
 4750      BE15F69A 
 4750      731EFA
 4751 0159 359C4096 		.ascii	"5\234@\226\327\316\226\222\257\362\215U\036\235=N;\315"
ARM GAS  C:\Users\nicx5\AppData\Local\Temp\ccq4ftZ0.s 			page 106


 4751      D7CE9692 
 4751      AFF28D55 
 4751      1E9D3D4E 
 4751      3BCD
 4752 016b C89D3A00 		.ascii	"\310\235:\000\3368\315Zx\326=V\330L\\xy\271]\277\013"
 4752      DE38CD5A 
 4752      78D63D56 
 4752      D84C5C78 
 4752      79B95DBF 
 4753 0180 6438E348 		.ascii	"d8\343H\200\335\323\003h[\256Yg\326\212\265U\254\207"
 4753      80DDD303 
 4753      685BAE59 
 4753      67D68AB5 
 4753      55AC87
 4754 0193 64D23299 		.ascii	"d\3222\231Wj \223\251\324S6@\267\000a*u\012\3732_kE"
 4754      576A2093 
 4754      A9D45336 
 4754      40B70061 
 4754      2A750AFB 
 4755 01ab 98BBA67A 		.ascii	"\230\273\246z\321\255\324]\217ld\035\006/X\025\240X"
 4755      D1ADD45D 
 4755      8F6C641D 
 4755      062F5815 
 4755      A058
 4756 01bd 78BDF0F0 		.ascii	"x\275\360\360ZyR\235\331\250\011\363\360\364L\323\340"
 4756      5A79529D 
 4756      D9A809F3 
 4756      F0F44CD3 
 4756      E0
 4757 01ce 7D81659C 		.ascii	"}\201e\234\353pcF\230\037\267X\236\331\251\022\367\315"
 4757      EB706346 
 4757      981FB758 
 4757      9ED9A912 
 4757      F7CD
 4758 01e0 08E7D55E 		.ascii	"\010\347\325^O\200\340\300]\357\321\325@\001\002?\306"
 4758      4F80E0C0 
 4758      5DEFD1D5 
 4758      4001023F 
 4758      C6
 4759 01f1 F636D879 		.ascii	"\3666\330y\000\306o\334\273_rM\342\340c\354\273F\267"
 4759      00C66FDC 
 4759      BB5F724D 
 4759      E2E063EC 
 4759      BB46B7
 4760 0204 39220EF6 		.ascii	"9\"\016\366\036\255\263:\273\2379_\252\261\270t\331"
 4760      1EADB33A 
 4760      BB9F395F 
 4760      AAB1B874 
 4760      D9
 4761 0215 C017CB47 		.ascii	"\300\027\313GiV\263\315\271s\346Y)\337\215\363q\356"
 4761      6956B3CD 
 4761      B973E659 
 4761      29DF8DF3 
 4761      71EE
 4762 0227 DD396C6C 		.ascii	"\3359ll$\3157\316\274\261\376\231\177f\337\325\3216"
 4762      24CD37CE 
 4762      BCB1FE99 
ARM GAS  C:\Users\nicx5\AppData\Local\Temp\ccq4ftZ0.s 			page 107


 4762      7F66DFD5 
 4762      D136
 4763 0239 A44DE87D 		.ascii	"\244M\350}\346^g\241rF\004\037\347|\340\235\303\346"
 4763      E65E67A1 
 4763      7246041F 
 4763      E77CE09D 
 4763      C3E6
 4764 024b 0B4C805B 		.ascii	"\013L\200[RH\034\020Zr\3071HIm\225\022%\355\30497\025"
 4764      52481C10 
 4764      5A72C731 
 4764      48496D95 
 4764      1225EDC4 
 4765 0262 946E34CA 		.ascii	"\224n4\3121\356\316\265\\\300P\177\250\337\264E\364"
 4765      31EECEB5 
 4765      5CC0507F 
 4765      A8DFB445 
 4765      F4
 4766 0273 B6B9D762 		.ascii	"\266\271\327bWV9\325\327ld;\302pD\352\332\312\220\376"
 4766      575639D5 
 4766      D76C643B 
 4766      C27044EA 
 4766      DACA90FE 
 4767 0287 12771DFA 		.ascii	"\022w\035\372 \242(\177\233\206oO4q\256\370\343f\376"
 4767      20A2287F 
 4767      9B866F4F 
 4767      3471AEF8 
 4767      E366FE
 4768 029a C0C16DA0 		.ascii	"\300\301m\240\236\251=\316'\212\332\277\210\327F$~\332"
 4768      9EA93DCE 
 4768      278ADABF 
 4768      88D74624 
 4768      7EDA
 4769 02ac 8280EDB6 		.ascii	"\202\200\355\266\007\206\231\315\272\252vw\223\270C"
 4769      078699CD 
 4769      BAAA7677 
 4769      93B843
 4770 02bb 2C7EBACA 		.ascii	",~\272\3123;u\331\331\0265|\366Z\206\234\2221\003\275"
 4770      333B75D9 
 4770      D916357C 
 4770      F65A869C 
 4770      923103BD 
 4771 02cf 8B350705 		.ascii	"\2135\007\005\255\350\030=F\203-'f\211\030{\206\242"
 4771      ADE8183D 
 4771      46832D27 
 4771      6689187B 
 4771      86A2
 4772 02e1 680984CB 		.ascii	"h\011\204\313T3\211\206\003\353\241\206\242O-v\247\012"
 4772      54338986 
 4772      03EBA186 
 4772      A24F2D76 
 4772      A70A
 4773 02f3 0C7DBA3F 		.ascii	"\014}\272?\214N\306P\247{\034\032\325l\223\201\033\356"
 4773      8C4EC650 
 4773      A77B1C1A 
 4773      D56C9381 
 4773      1BEE
 4774 0305 319F9A0C 		.ascii	"1\237\232\014\234\013.\323B5\220\032F\316\204\016uk"
ARM GAS  C:\Users\nicx5\AppData\Local\Temp\ccq4ftZ0.s 			page 108


 4774      9C0B2ED3 
 4774      4235901A 
 4774      46CE840E 
 4774      756B
 4775 0317 94B97501 		.ascii	"\224\271u\001J\323<\342v\261:\002fQ\241\025\252\317"
 4775      4AD33CE2 
 4775      76B13A02 
 4775      6651A115 
 4775      AACF
 4776 0329 042172E1 		.ascii	"\004!r\341c\264Q_[\325\211\205\0318Fo\240\031\352\354"
 4776      63B4515F 
 4776      5BD58985 
 4776      1938466F 
 4776      A019EAEC 
 4777 033d 9D396FD5 		.ascii	"\2359o\325)c3\352c\030\226\034\234s\036V\270\252\252"
 4777      296333EA 
 4777      6318961C 
 4777      9C731E56 
 4777      B8AAAA
 4778 0350 5E6E4424 		.ascii	"^nD$t\232\351\305L\026\013\020\035\247)6\011\3715t\323"
 4778      749AE9C5 
 4778      4C160B10 
 4778      1DA72936 
 4778      09F93574 
 4779 0365 5FCE001B 		.ascii	"_\316\000\033\225\326\276i\353\026a\013\325u\3071\344"
 4779      95D6BE69 
 4779      EB16610B 
 4779      D575C731 
 4779      E4
 4780 0376 86E35E9F 		.ascii	"\206\343^\237n\232:b+\306\231D\36312\003\331i>\266\231"
 4780      6E9A3A62 
 4780      2BC69944 
 4780      F3313203 
 4780      D9693EB6 
 4781 038b D758CCE0 		.ascii	"\327X\314\340A\236\267\371Dy\267\315\010\327\033||\246"
 4781      419EB7F9 
 4781      4479B7CD 
 4781      08D71B7C 
 4781      7CA6
 4782 039d BE2E1ED7 		.ascii	"\276.\036\327\270\204\216\317\323\327i\300d\0241\217"
 4782      B8848ECF 
 4782      D3D769C0 
 4782      6414318F 
 4783 03ad D57FD396 		.ascii	"\325\177\323\226=\317\363\247T\027I\232\225\351\034"
 4783      3DCFF3A7 
 4783      5417499A 
 4783      95E91C
 4784 03bc EFF37D06 		.ascii	"\357\363}\006\333J\215\025\025\010GK\252/\026\367\324"
 4784      DB4A8D15 
 4784      1508474B 
 4784      AA2F16F7 
 4784      D4
 4785 03cd 2F0D2463 		.ascii	"/\015$chl\027\254\341\273\357~\367\312\315\212h\246"
 4785      686C17AC 
 4785      E1BBEF7E 
 4785      F7CACD8A 
 4785      68A6
ARM GAS  C:\Users\nicx5\AppData\Local\Temp\ccq4ftZ0.s 			page 109


 4786 03df BFA613AB 		.ascii	"\277\246\023\253\2333\177\252\252:4\372\243zI\22384"
 4786      9B337FAA 
 4786      AA3A34FA 
 4786      A37A4993 
 4786      3834
 4787 03f1 D6075059 		.ascii	"\326\007PYdR5\346p\236\001\007Y\031\017\014\367\213"
 4787      645235E6 
 4787      709E0107 
 4787      59190F0C 
 4787      F78B
 4788 0403 4E4E55D0 		.ascii	"NNU\320\360\306\001\321\323\307\3021\\\231\301\371\263"
 4788      F0C601D1 
 4788      D3C7C231 
 4788      5C99C1F9 
 4788      B3
 4789 0414 74454704 		.ascii	"tEG\004K\231\347\270\246U\340\0270\360\362(v\021A}\327"
 4789      4B99E7B8 
 4789      A655E017 
 4789      30F0F228 
 4789      7611417D 
 4790 0429 CB126215 		.ascii	"\313\022b\025\376yf\263\341\212\320mY\272\205\0031n"
 4790      FE7966B3 
 4790      E18AD06D 
 4790      59BA8503 
 4790      316E
 4791 043b 7B15266E 		.ascii	"{\025&n\252wV\015\264$\347+4m\365\303\202\310\241\202"
 4791      AA77560D 
 4791      B424E72B 
 4791      346DF5C3 
 4791      82C8A182 
 4792 044f 66953581 		.ascii	"f\2255\201\263o\375\"\2166P,\214S\270\\m2\210\350\027"
 4792      B36FFD22 
 4792      8E36502C 
 4792      8C53B85C 
 4792      6D3288E8 
 4793 0464 3B492307 		.ascii	";I#\007\263!E\232d\370\204#3\330rw\220OB\364\225\030"
 4793      B321459A 
 4793      64F88423 
 4793      33D87277 
 4793      904F42F4 
 4794 047a 9B15F45F 		.ascii	"\233\025\364_jk\201|\350y\013\362/\227pg\210I3\264h"
 4794      6A6B817C 
 4794      E8790BF2 
 4794      2F977067 
 4794      884933B4 
 4795 048f 6C5CECE4 		.ascii	"l\\\354\344\331\341\2413e\375\237GH\323?\025vV\0300"
 4795      D9E1A133 
 4795      65FD9F47 
 4795      48D33F15 
 4795      76561830 
 4796 04a3 69BCF477 		.ascii	"i\274\364wk\310\030R\227\364\273?\222\311d\331k.m\310"
 4796      6BC81852 
 4796      97F4BB3F 
 4796      92C964D9 
 4796      6B2E6DC8 
 4797 04b7 72D89FAA 		.ascii	"r\330\237\252\252\332a\220\011f\015\271v0\207\020lb"
 4797      AADA6190 
ARM GAS  C:\Users\nicx5\AppData\Local\Temp\ccq4ftZ0.s 			page 110


 4797      09660DB9 
 4797      76308710 
 4797      6C62
 4798 04c9 94336890 		.ascii	"\2243h\220\376\250\013\207\365\202\353\003\216\267\265"
 4798      FEA80B87 
 4798      F582EB03 
 4798      8EB7B5
 4799 04d8 2A5FCF94 		.ascii	"*_\317\224\376\327Q\314x\245\341\243G\003\202*\2502"
 4799      FED751CC 
 4799      78A5E1A3 
 4799      4703822A 
 4799      A832
 4800 04ea 134F1985 		.ascii	"\023O\031\205\230\032\031\221$I\322\001R\012\030\226"
 4800      981A1991 
 4800      2449D201 
 4800      520A1896 
 4801 04fa E55812E5 		.ascii	"\345X\022\345\032\037\022\240\343,\211\322\240R\312"
 4801      1A1F12A0 
 4801      E32C89D2 
 4801      A052CA
 4802 0509 18222222 		.ascii	"\030\"\"\"\301\210\004\022H \2420)H\322\032a\013\004"
 4802      C1880412 
 4802      4820A230 
 4802      2948D21A 
 4802      610B04
 4803 051c C26B9987 		.ascii	"\302k\231\207\267c\011Fn\036*\000\337z]B5*\350\035F"
 4803      B7630946 
 4803      6E1E2A00 
 4803      DF7A5D42 
 4803      352AE81D 
 4804 0531 F97A6EF9 		.ascii	"\371zn\371@\243ps\036\245\247Q\241\365\321-Av\265e\216"
 4804      40A37073 
 4804      1EA5A751 
 4804      A1F5D12D 
 4804      4176B565 
 4805 0546 6F10C72C 		.ascii	"o\020\307,\273u\353\343\211\026\203\376\350\310o3ex"
 4805      BB75EBE3 
 4805      891683FE 
 4805      E8C86F33 
 4805      6578
 4806 0558 9058B2EA 		.ascii	"\220X\262\352\234\257=;BY\252\305f\257J\254\204\202"
 4806      9CAF3D3B 
 4806      4259AAC5 
 4806      66AF4AAC 
 4806      8482
 4807 056a 9466FCD3 		.ascii	"\224f\374\323P\213\377U9\244>\255\347n\011\006\205\317"
 4807      508BFF55 
 4807      39A43EAD 
 4807      E76E0906 
 4807      85CF
 4808 057c D24117D9 		.ascii	"\322A\027\331\375\301q;\3223\205jX\301\024b\022\226"
 4808      FDC1713B 
 4808      D233856A 
 4808      58C11462 
 4808      1296
 4809 058e 29CF4215 		.ascii	")\317B\025je\032\243+d\274\361\356\370\337\363L\233"
 4809      6A651AA3 
ARM GAS  C:\Users\nicx5\AppData\Local\Temp\ccq4ftZ0.s 			page 111


 4809      2B64BCF1 
 4809      EEF8DFF3 
 4809      4C9B
 4810 05a0 8C7C83B1 		.ascii	"\214|\203\261\320\320\255\351\033\370\007\376\345\324"
 4810      D0D0ADE9 
 4810      1BF807FE 
 4810      E5D4
 4811 05ae 467446D0 		.ascii	"FtF\320\332\270T\202U-\033\371\233=\372^\217\205\014"
 4811      DAB85482 
 4811      552D1BF9 
 4811      9B3DFA5E 
 4811      8F850C
 4812 05c1 D08560D3 		.ascii	"\320\205`\323$\031\365\310\034\\{\375>U\313\301\314"
 4812      2419F5C8 
 4812      1C5C7BFD 
 4812      3E55CBC1 
 4812      CC
 4813 05d2 F3928AF2 		.ascii	"\363\222\212\362#XlE\371\342\272y.\335sE\306\225j\337"
 4813      23586C45 
 4813      F9E2BA79 
 4813      2EDD7345 
 4813      C6956ADF 
 4814 05e6 9E85B4DF 		.ascii	"\236\205\264\337\216\232\2102\344\224\216\354\257Of"
 4814      8E9A8832 
 4814      E4948EEC 
 4814      AF4F66
 4815 05f5 F49A5CF9 		.ascii	"\364\232\\\371\323@/hB\313\236\255\355\261s\345+\266"
 4815      D3402F68 
 4815      42CB9EAD 
 4815      EDB173E5 
 4815      2BB6
 4816 0607 11438EBF 		.ascii	"\021C\216\277\3521[\240!\313a\203\222Y\324\207\337e"
 4816      EA315BA0 
 4816      21CB6183 
 4816      9259D487 
 4816      DF65
 4817 0619 29894F33 		.ascii	")\211O3\362\337\346\0246U\274C\367t\021\235\030\341"
 4817      F2DFE614 
 4817      3655BC43 
 4817      F774119D 
 4817      18E1
 4818 062b B0D32430 		.ascii	"\260\323$0\362\346\006\223\001\224QaJOw\016\301\335"
 4818      F2E60693 
 4818      01945161 
 4818      4A4F770E 
 4818      C1DD
 4819 063d F81B2312 		.ascii	"\370\033#\022\231\271D\010mz\361U\371 d\315`\327\372"
 4819      99B94408 
 4819      6D7AF155 
 4819      F92064CD 
 4819      60D7FA
 4820 0650 8EE87221 		.ascii	"\216\350r!\322\304\222\337\217\320\236\3302\353\344"
 4820      D2C492DF 
 4820      8FD09ED8 
 4820      32EBE4
 4821 065f B6039F15 		.ascii	"\266\003\237\025M\274(\213g\272\006.3\262\224\215\266"
 4821      4DBC288B 
ARM GAS  C:\Users\nicx5\AppData\Local\Temp\ccq4ftZ0.s 			page 112


 4821      67BA062E 
 4821      33B2948D 
 4821      B6
 4822 0670 4E18C254 		.ascii	"N\030\302T\013\007g\210m\227\300\233\3064\374\"Q\321"
 4822      0B076788 
 4822      6D97C09B 
 4822      C634FC22 
 4822      51D1
 4823 0682 B1409A72 		.ascii	"\261@\232rA\016hW\210r\230!%\257\303\231(~\302\224\031"
 4823      410E6857 
 4823      88729821 
 4823      25AFC399 
 4823      287EC294 
 4824 0697 18B38680 		.ascii	"\030\263\206\200c\0302\371\002\332\275\012P\177\342"
 4824      631832F9 
 4824      02DABD0A 
 4824      507FE2
 4825 06a6 F19C6026 		.ascii	"\361\234`&\020\3664r\023\017\220k\240O|\275R\\\244U"
 4825      10F63472 
 4825      130F906B 
 4825      A04F7CBD 
 4825      525CA455 
 4826 06ba E17782C1 		.ascii	"\341w\202\301UA-\277T\277G\242\223\336:\347L8\024\203"
 4826      55412DBF 
 4826      54BF47A2 
 4826      93DE3AE7 
 4826      4C381483 
 4827 06ce 94D1E75C 		.ascii	"\224\321\347\\\005\211\363\303<\332*8Bv\362\002\016"
 4827      0589F3C3 
 4827      3CDA2A38 
 4827      4276F202 
 4827      0E
 4828 06df F270A5AD 		.ascii	"\362p\245\255\227\346<\032\234\312\377\237\376<^\342"
 4828      97E63C1A 
 4828      9CCAFF9F 
 4828      FE3C5EE2 
 4829 06ef 1170A40B 		.ascii	"\021p\244\013\267\356(\364\0166\326VVz\331]\014\015"
 4829      B7EE28F4 
 4829      0E36D656 
 4829      567AD95D 
 4829      0C0D
 4830 0701 6D2AAD96 		.ascii	"m*\255\226\206Qo\033\364+x7\362\253B\354w\012h6\220"
 4830      86516F1B 
 4830      F42B7837 
 4830      F2AB42EC 
 4830      770A6836 
 4831 0716 277F265E 		.ascii	"'\177&^\343K\177\311\227\255[\013\213k\244\213e\214"
 4831      E34B7FC9 
 4831      97AD5B0B 
 4831      8B6BA48B 
 4831      658C
 4832 0728 9AEF953B 		.ascii	"\232\357\225;\036E\357\330\334\212\366\376\336\343\311"
 4832      1E45EFD8 
 4832      DC8AF6FE 
 4832      DEE3C9
 4833 0737 4053AD9A 		.ascii	"@S\255\232\325lP<\227\277\0350F~\021\003\021\032S\007"
 4833      D56C503C 
ARM GAS  C:\Users\nicx5\AppData\Local\Temp\ccq4ftZ0.s 			page 113


 4833      97BF1D30 
 4833      467E1103 
 4833      111A5307 
 4834 074b 6AA96AF6 		.ascii	"j\251j\366'\236u\212a\216\014\335\300a\345\250,>PZ\032"
 4834      279E758A 
 4834      618E0CDD 
 4834      C061E5A8 
 4834      2C3E505A 
 4835 0760 DC881039 		.ascii	"\334\210\0209(\357+\222\243ZgY&\365\300\3335\020\210"
 4835      28EF2B92 
 4835      A35A6759 
 4835      26F5C0DB 
 4835      351088
 4836 0773 F21A6A4D 		.ascii	"\362\032jM\273\030\004\370\\\2530g\311\037\301\303\307"
 4836      BB1804F8 
 4836      5CAB3067 
 4836      C91FC1C3 
 4836      C7
 4837 0784 0200ACD0 		.ascii	"\002\000\254\320l\010\260\365\367\361\023\331\000\220"
 4837      6C08B0F5 
 4837      F7F113D9 
 4837      0090
 4838 0792 FAE0BE22 		.ascii	"\372\340\276\"\2240/\004\3543\273?\006\271\037\3517"
 4838      94302F04 
 4838      EC33BB3F 
 4838      06B91FE9 
 4838      37
 4839 07a3 DB9A6BA2 		.ascii	"\333\232k\242\351\333\007l\311D\0323\344\211H\342$\372"
 4839      E9DB076C 
 4839      C9441A33 
 4839      E48948E2 
 4839      24FA
 4840 07b5 FB0E1995 		.ascii	"\373\016\031\225\321\317\232Z62\216\255\317\233'\301"
 4840      D1CF9A5A 
 4840      36328EAD 
 4840      CF9B27C1 
 4841 07c5 EDDF9759 		.ascii	"\355\337\227Y\027\333G)\352\337F"
 4841      17DB4729 
 4841      EADF46
 4842 07d0 36F90194 		.ascii	"6\371\001\224J\234Y(\"\340z>\3075\013X\031\255IV\266"
 4842      4A9C5928 
 4842      22E07A3E 
 4842      C7350B58 
 4842      19AD4956 
 4843 07e5 0B55D964 		.ascii	"\013U\331d^?\245\326c\331\202HL\350~\201\373l\261\\"
 4843      5E3FA5D6 
 4843      63D98248 
 4843      4CE87E81 
 4843      FB6CB15C 
 4844 07f9 14E88FE8 		.ascii	"\024\350\217\350&6{\333Q\225\331\202K\202\225\262\034"
 4844      26367BDB 
 4844      5195D982 
 4844      4B8295B2 
 4844      1C
 4845 080a 033D019F 		.ascii	"\003=\001\237%\\#\216\353n\214\377\035\011\220g\363"
 4845      255C238E 
 4845      EB6E8CFF 
ARM GAS  C:\Users\nicx5\AppData\Local\Temp\ccq4ftZ0.s 			page 114


 4845      1D099067 
 4845      F3
 4846 081b 64DD8333 		.ascii	"d\335\2033EBl\207TT\316\031V\231\036\251\275\325\267"
 4846      45426C87 
 4846      5454CE19 
 4846      56991EA9 
 4846      BDD5B7
 4847 082e CF3BFFF6 		.ascii	"\317;\377\366\340\316\345\261\"\000\327\361\343\331"
 4847      E0CEE5B1 
 4847      2200D7F1 
 4847      E3D9
 4848 083c 613617EA 		.ascii	"a6\027\352t9\034/h|&\003\316\236\231\320C\0068f]\366"
 4848      74391C2F 
 4848      687C2603 
 4848      CE9E99D0 
 4848      43063866 
 4849 0852 1FEADBF0 		.ascii	"\037\352\333\360Y\320\013V\216\005t\336\303\037\013"
 4849      59D00B56 
 4849      8E0574DE 
 4849      C31F0B
 4850 0861 AFBC0BD2 		.ascii	"\257\274\013\322jYB\3678,\347S\011\233\022@\225\254"
 4850      6A5942F7 
 4850      382CE753 
 4850      099B1240 
 4850      95AC
 4851 0873 0195520C 		.ascii	"\001\225R\014dd]\243\310\007\306;\003D9\003\325\203"
 4851      64645DA3 
 4851      C807C63B 
 4851      03443903 
 4851      D583
 4852 0885 66DFB95C 		.ascii	"f\337\271\\\376-V\347\020\266\024\020\015(\012\211="
 4852      FE2D56E7 
 4852      10B61410 
 4852      0D280A89 
 4852      3D
 4853 0896 D72E3224 		.ascii	"\327.2$%a\247\222|\250\317\205\266-\355\321\340\311"
 4853      2561A792 
 4853      7CA8CF85 
 4853      B62DEDD1 
 4853      E0C9
 4854 08a8 50B3E4F8 		.ascii	"P\263\344\370>!\361\313\034\227\253\3024'U\3130\250"
 4854      3E21F1CB 
 4854      1C97ABC2 
 4854      342755CB 
 4854      30A8
 4855 08ba C9AC97B7 		.ascii	"\311\254\227\267\251,\3746\305=\312\256\250\273\223"
 4855      A92CFC36 
 4855      C53DCAAE 
 4855      A8BB93
 4856 08c9 F27E89CA 		.ascii	"\362~\211\312m\024\213\271\236\240\310\377E\316\251"
 4856      6D148BB9 
 4856      9EA0C8FF 
 4856      45CEA9
 4857 08d8 3299F113 		.ascii	"2\231\361\023\247J\276\250\012\030H\"\0271\341\305y"
 4857      A74ABEA8 
 4857      0A184822 
 4857      1731E1C5 
ARM GAS  C:\Users\nicx5\AppData\Local\Temp\ccq4ftZ0.s 			page 115


 4857      79
 4858 08e9 F1C4B651 		.ascii	"\361\304\266QV\304~\024gu\326OZZ\241\316\3641\346z "
 4858      56C47E14 
 4858      6775D64F 
 4858      5A5AA1CE 
 4858      F431E67A 
 4859 08fe D4FB3740 		.ascii	"\324\3737@\\\243\230\242\310\206\205\336\376\214\243"
 4859      5CA398A2 
 4859      C88685DE 
 4859      FE8CA3
 4860 090d 704BCF9B 		.ascii	"pK\317\233\000q\373\316\311\017>\202]\314\363I\362\342"
 4860      0071FBCE 
 4860      C90F3E82 
 4860      5DCCF349 
 4860      F2E2
 4861 091f 67101D91 		.ascii	"g\020\035\221\233(Sk\204d\345\230S\370\001!\205\322"
 4861      9B28536B 
 4861      8464E598 
 4861      53F80121 
 4861      85D2
 4862 0931 3917593E 		.ascii	"9\027Y>\356p\244\236\216.\020"
 4862      EE70A49E 
 4862      8E2E10
 4863              		.text
 4864              		.section	.gnu.lto_.jmpfuncs.1f3e1af6,"e",%progbits
 4865 0000 28B52FFD 		.ascii	"(\265/\375`\304\013\315\022\0006\322<6`U\223\306TK\324"
 4865      60C40BCD 
 4865      120036D2 
 4865      3C366055 
 4865      93C6544B 
 4866 0015 AA2008E8 		.ascii	"\252 \010\3504G\244G\333\254A\020\204:\202\312\257a"
 4866      3447A447 
 4866      DBAC4110 
 4866      843A82CA 
 4866      AF61
 4867 0027 18868183 		.ascii	"\030\206\201\203\347\250|\375\277)\314u(<\327\337\327"
 4867      E7A87CFD 
 4867      BF29CC75 
 4867      283CD7DF 
 4867      D7
 4868 0038 DFBE912D 		.ascii	"\337\276\221-\245)\261m\345\226I\006,\000.\000-\000"
 4868      A529B16D 
 4868      E5964906 
 4868      2C002E00 
 4868      2D00
 4869 004a F9341FF5 		.ascii	"\3714\037\365\231I\320D|\204\003\003L\301\205\262T&"
 4869      9949D044 
 4869      7C840303 
 4869      4CC185B2 
 4869      5426
 4870 005c 82CCD79E 		.ascii	"\202\314\327\2362 M\234D3\261}K\220\277\215\311\227"
 4870      32204D9C 
 4870      4433B17D 
 4870      4B90BF8D 
 4870      C997
 4871 006e F9CEFE15 		.ascii	"\371\316\376\02598y\002\236\363\221\004\023\3016+\211"
 4871      39387902 
ARM GAS  C:\Users\nicx5\AppData\Local\Temp\ccq4ftZ0.s 			page 116


 4871      9EF39104 
 4871      13C1362B 
 4871      89
 4872 007f 1312D51B 		.ascii	"\023\022\325\033\237\336\276\302\247\251\021\020\017"
 4872      9FDEBEC2 
 4872      A7A91110 
 4872      0F
 4873 008c 48716860 		.ascii	"Hqh`\320\005DU@\354\270\357\270\234\312\262,[1\\\261"
 4873      D0054455 
 4873      40ECB8EF 
 4873      B89CCAB2 
 4873      2C5B315C 
 4874 00a1 11131394 		.ascii	"\021\023\023\224\002\327\240-\273+\272T%i\272\262l\272"
 4874      02D7A02D 
 4874      BB2BBA54 
 4874      2569BAB2 
 4874      6CBA
 4875 00b3 0EED26A2 		.ascii	"\016\355&\242\335uHQ\244t\235K\273{\331-\207\227u\316"
 4875      DD754851 
 4875      A4749D4B 
 4875      BB7BD92D 
 4875      879775CE 
 4876 00c7 726FB9DC 		.ascii	"ro\271\334a\272!\241G>\370A\016V\273\325\356\032\227"
 4876      61BA21A1 
 4876      473EF841 
 4876      0E56BBD5 
 4876      EE1A97
 4877 00da 891FE9D1 		.ascii	"\211\037\351\321\361\200q3\007\200\000\217>gk[N74\236"
 4877      F1807133 
 4877      0780008F 
 4877      3E676B5B 
 4877      4E37349E 
 4878 00ee 0E7A01E7 		.ascii	"\016z\001\347xf\223\201\241\261\360\302B+r\320\216@"
 4878      78669381 
 4878      A1B1F0C2 
 4878      422B72D0 
 4878      8E40
 4879 0100 80A1A861 		.ascii	"\200\241\250aeE3\211v\266\003p\002\221*+\316\001\022"
 4879      65453389 
 4879      76B60370 
 4879      02912A2B 
 4879      CE0112
 4880 0113 00E1C80C 		.ascii	"\000\341\310\014\203Q\010\203P\020\313\031d\214\200"
 4880      83510883 
 4880      5010CB19 
 4880      648C80
 4881 0122 18820443 		.ascii	"\030\202\004C\"\031\262hF\2336\032\012Rv\231\001\361"
 4881      2219B268 
 4881      469B361A 
 4881      0A527699 
 4881      01F1
 4882 0134 7E31CD7D 		.ascii	"~1\315}+E\374_\203y'\324\300d\277\337\274\207>\012H"
 4882      2B45FC5F 
 4882      837927D4 
 4882      C064BFDF 
 4882      BC873E0A 
 4883 0149 AACED9AC 		.ascii	"\252\316\331\254\002\356\256\212]+\224\317\016Q\311"
ARM GAS  C:\Users\nicx5\AppData\Local\Temp\ccq4ftZ0.s 			page 117


 4883      02EEAE8A 
 4883      5D2B94CF 
 4883      0E51C9
 4884 0158 871234BA 		.ascii	"\207\0224\272x\272;\316\324\226\000\376\242.\301G\304"
 4884      78BA3BCE 
 4884      D49600FE 
 4884      A22EC147 
 4884      C4
 4885 0169 EDE14F74 		.ascii	"\355\341Ot\277B\237\342\264^\204BD\2530\202\304:\037"
 4885      BF429FE2 
 4885      B45E8442 
 4885      44AB3082 
 4885      C43A1F
 4886 017c 5082242E 		.ascii	"P\202$.\262t'\304\267\371@r\001\276!\001OT\310\214\207"
 4886      B27427C4 
 4886      B7F94072 
 4886      01BE2101 
 4886      4F54C88C 
 4887 0191 8862A698 		.ascii	"\210b\246\230\2403,pJ\320\276\314sW\302\012\276#Qx\355"
 4887      A0332C70 
 4887      4AD0BECC 
 4887      7357C20A 
 4887      BE235178 
 4888 01a6 F3223889 		.ascii	"\363\"8\211\366a\255\2001\334\3336\216s\2724;\320N\265"
 4888      F661AD80 
 4888      31DCDB36 
 4888      8E73BA34 
 4888      3BD04EB5 
 4889 01ba 259C0A9D 		.ascii	"%\234\012\235?\030\352\332&\206,\262\222N\377\002\355"
 4889      3F18EADA 
 4889      26862CB2 
 4889      924EFF02 
 4889      ED
 4890 01cb 47B3B586 		.ascii	"G\263\265\206\025\303NA\211\261\300\244)\322Ix\230`"
 4890      15C34E41 
 4890      89B1C0A4 
 4890      29D24978 
 4890      9860
 4891 01dd 24C1F22F 		.ascii	"$\301\362/\276_\210>\010\304{\320\266\362\335\002\010"
 4891      BE5F883E 
 4891      08C47BD0 
 4891      B6F2DD02 
 4891      08
 4892 01ee 800B830A 		.ascii	"\200\013\203\012\370\355\021\017~k,\276\212\015n\024"
 4892      F8ED110F 
 4892      7E6B2CBE 
 4892      8A0D6E14 
 4893 01fe 116B5174 		.ascii	"\021kQt*\371: :\234Lm\272>\335\007\346\315\007?\200"
 4893      2AF93A20 
 4893      3A9C4C6D 
 4893      BA3EDD07 
 4893      E6CD073F 
 4894 0213 06C5DDB9 		.ascii	"\006\305\335\2719\336O\364\272\036\203f@\207r\311\221"
 4894      39DE4FF4 
 4894      BA1E8366 
 4894      408772C9 
 4894      91
ARM GAS  C:\Users\nicx5\AppData\Local\Temp\ccq4ftZ0.s 			page 118


 4895 0224 9C5A3D35 		.ascii	"\234Z=5\333\220$\356\241\270\252f\031\213\356\212+\324"
 4895      DB9024EE 
 4895      A1B8AA66 
 4895      198BEE8A 
 4895      2BD4
 4896 0236 5009E228 		.ascii	"P\011\342(GS\225\033\363\227\0371ZtK\251\251\015\017"
 4896      4753951B 
 4896      F3971F31 
 4896      5A744BA9 
 4896      A90D0F
 4897 0249 CAFF0B13 		.ascii	"\312\377\013\023;\325\205\324\370\225\236P\316\316\314"
 4897      3BD585D4 
 4897      F8959E50 
 4897      CECECC
 4898 0258 2574524D 		.ascii	"%tRM\252\017UW\343\033\005"
 4898      AA0F5557 
 4898      E31B05
 4899              		.text
 4900              		.section	.gnu.lto_.pureconst.1f3e1af6,"e",%progbits
 4901 0000 28B52FFD 		.ascii	"(\265/\375 \236\255\003\000\342I\034#Pe\245103S!\321"
 4901      209EAD03 
 4901      00E2491C 
 4901      235065A5 
 4901      31303353 
 4902 0016 99999999 		.ascii	"\231\231\231\231\231\231\231Y=a\240\377C\321\313[\034"
 4902      99999959 
 4902      3D61A0FF 
 4902      43D1CB5B 
 4902      1C
 4903 0027 6A71A8C5 		.ascii	"jq\250\305\241#\025\355\016\216\271\200\0078\200\267"
 4903      A12315ED 
 4903      0E8EB980 
 4903      073880B7 
 4904 0037 3C96AF5C 		.ascii	"<\226\257\\\345)G\371\311M^r\222\217\256Lte!\007\371"
 4904      E52947F9 
 4904      C94D5E72 
 4904      928FAE4C 
 4904      74652107 
 4905 004c C73D5EC7 		.ascii	"\307=^\307\3438\260\3614^\3061~q\213W\361(>q\211G\034"
 4905      E338B0F1 
 4905      345EC631 
 4905      7E718B57 
 4905      F1283E71 
 4906 0063 E20F7778 		.ascii	"\342\017wx\303\031\276p\205'\034\341\0077x\301/\327"
 4906      C319BE70 
 4906      85271CE1 
 4906      073778C1 
 4906      2FD7
 4907 0075 093E7081 		.ascii	"\011>p\2017\254\265v\000"
 4907      37ACB576 
 4907      00
 4908              		.text
 4909              		.section	.gnu.lto_.ipa_modref.1f3e1af6,"e",%progbits
 4910 0000 28B52FFD 		.ascii	"(\265/\375`\366\011-\027\000&\027E2`K\222t05\3165\014"
 4910      60F6092D 
 4910      17002617 
 4910      4532604B 
ARM GAS  C:\Users\nicx5\AppData\Local\Temp\ccq4ftZ0.s 			page 119


 4910      92743035 
 4911 0017 6B48024E 		.ascii	"kH\002N\220$\2611\004A\330\016\222d\365\3234M\3234\203"
 4911      9024B131 
 4911      0441D80E 
 4911      9264F5D3 
 4911      344DD334 
 4912 002c FD4FACFD 		.ascii	"\375O\254\375\337\266\026\010\037\015\005\202E\355\223"
 4912      DFB61608 
 4912      1F0D0582 
 4912      45ED93
 4913 003b BF1B2152 		.ascii	"\277\033!R\246;\0004\0003\000\267\352\247\352w\210<"
 4913      A63B0034 
 4913      003300B7 
 4913      EAA7EA77 
 4913      883C
 4914 004d 8AE04069 		.ascii	"\212\340@i\000\242\000C`\031  \300\002\300Qi\017\353"
 4914      00A20043 
 4914      60192020 
 4914      C002C051 
 4914      690FEB
 4915 0060 185B2C16 		.ascii	"\030[,\026\220\343p*i\324\375\214\0359I\204\351R\217"
 4915      90E3702A 
 4915      69D4FD8C 
 4915      1D394984 
 4915      E9528F
 4916 0073 314273EE 		.ascii	"1Bs\356$\036\233\362eQW\254l\010\216\366F\323\337\215"
 4916      241E9BF2 
 4916      655157AC 
 4916      6C088EF6 
 4916      46D3DF8D 
 4917 0087 CAD190F8 		.ascii	"\312\321\220\370\324\226\362F!\030\301x\356\231\201"
 4917      D496F246 
 4917      2118C178 
 4917      EE9981
 4918 0096 4E632CDD 		.ascii	"Nc,\335X\002i\322\217\324\334k%P\177\332\247DyD\347"
 4918      580269D2 
 4918      8FD4DC6B 
 4918      25507FDA 
 4918      A7447944 
 4919 00ab 64742D6A 		.ascii	"dt-jH s\246\214\005l\260,\204\024\347\243\014\332\202"
 4919      482073A6 
 4919      8C056CB0 
 4919      2C8414E7 
 4919      A30CDA82 
 4920 00bf 55840ABE 		.ascii	"U\204\012\276\273\263\326\321$\217JQ\225\340\233\321"
 4920      BBB3D6D1 
 4920      248F4A51 
 4920      95E09BD1 
 4921 00cf F4874C39 		.ascii	"\364\207L9\303\230\350\262\330&\033{\262\2632\014\217"
 4921      C398E8B2 
 4921      D8261B7B 
 4921      B2B3320C 
 4921      8F
 4922 00e0 5274E229 		.ascii	"Rt\342)W:;\003\177C\232\264\026\243\305tc)j\254P\304"
 4922      573A3B03 
 4922      7F439AB4 
 4922      16A3C574 
ARM GAS  C:\Users\nicx5\AppData\Local\Temp\ccq4ftZ0.s 			page 120


 4922      63296AAC 
 4923 00f6 D85CCD54 		.ascii	"\330\\\315TU\034\031s\241\321(\312\302M\025\216\024"
 4923      551C1973 
 4923      A1D128CA 
 4923      C24D158E 
 4923      14
 4924 0107 9E7010A1 		.ascii	"\236p\020\241\004\022%\011w\033\341v\334\252$\011\002"
 4924      04122509 
 4924      771BE176 
 4924      DCAA2409 
 4924      02
 4925 0118 A333EA41 		.ascii	"\2433\352Asp\337\036\001\200\335\250\201UeC\223\354"
 4925      7370DF1E 
 4925      0180DDA8 
 4925      81556543 
 4925      93EC
 4926 012a 1C600219 		.ascii	"\034`\002\031\2312\243\007\022 C\031F\323$c\206\030"
 4926      9932A307 
 4926      12204319 
 4926      46D32463 
 4926      8618
 4927 013c 62CC88C8 		.ascii	"b\314\210\310\004BA\202\202\026$\205\016\362\337Q+@"
 4927      04424182 
 4927      82162485 
 4927      0EF2DF51 
 4927      2B40
 4928 014e 02AE2970 		.ascii	"\002\256)p\341\331f\302\\$\367I\025\015Y\255\224\240"
 4928      E1D966C2 
 4928      5C24F749 
 4928      150D59AD 
 4928      94A0
 4929 0160 7020323C 		.ascii	"p 2<\207\355|dxH\355r\020y\364\025\021\035\316o\255"
 4929      87ED7C64 
 4929      7848ED72 
 4929      1079F415 
 4929      111DCE6F 
 4930 0175 4E9B8424 		.ascii	"N\233\204$\245P.(\022i\002\1774\361\204\266jr\315\301"
 4930      A5502E28 
 4930      1269027F 
 4930      34F184B6 
 4930      6A72CDC1 
 4931 0189 004BAA96 		.ascii	"\000K\252\226\001\304!D\231\216\361\037Q\000:/_\302"
 4931      01C42144 
 4931      998EF11F 
 4931      51003A2F 
 4931      5FC2
 4932 019b 12362883 		.ascii	"\0226(\203h\"\274n\207x$\367M\304\235^\362o\025m\346"
 4932      6822BC6E 
 4932      877824F7 
 4932      4DC49D5E 
 4932      F26F156D 
 4933 01b0 C4F6A178 		.ascii	"\304\366\241x\032]\321\247U\276\220\177m\377\3720(\240"
 4933      1A5DD1A7 
 4933      55BE907F 
 4933      6DFFFA30 
 4933      28A0
 4934 01c2 40132E27 		.ascii	"@\023.'\011P,\224\372C\232ez\246~\343\352\022F\001}"
ARM GAS  C:\Users\nicx5\AppData\Local\Temp\ccq4ftZ0.s 			page 121


 4934      09502C94 
 4934      FA439A65 
 4934      7AA67EE3 
 4934      EA124601 
 4935 01d7 09994243 		.ascii	"\011\231BC\"\252\347\274\005G\015\011\213\355\234\255"
 4935      22AAE7BC 
 4935      05470D09 
 4935      8BED9CAD 
 4936 01e7 06108FB0 		.ascii	"\006\020\217\2602\231\011N\\6d\304[5\211\314\320\355"
 4936      3299094E 
 4936      5C3664C4 
 4936      5B3589CC 
 4936      D0ED
 4937 01f9 AC8B432A 		.ascii	"\254\213C*\326\376\"p\005\013\210\331\352\304\000\366"
 4937      D6FE2270 
 4937      050B88D9 
 4937      EAC400F6 
 4938 0209 BB1416AA 		.ascii	"\273\024\026\252\001\256\243\253\020\006\016-%\0145"
 4938      01AEA3AB 
 4938      10060E2D 
 4938      250C35
 4939 0218 50142B46 		.ascii	"P\024+F\255m]\366\360\316\232\032\225\027v\345\016?"
 4939      AD6D5DF6 
 4939      F0CE9A1A 
 4939      951776E5 
 4939      0E3F
 4940 022a FF5279B6 		.ascii	"\377Ry\266L\270\267r/gL\234\027nBE\367\231\230\320+"
 4940      4CB8B772 
 4940      2F674C9C 
 4940      176E4245 
 4940      F79998D0 
 4941 023f 8FB82832 		.ascii	"\217\270(2\333\021c*\315jhB\013m\027\031\352\024\036"
 4941      DB11632A 
 4941      CD6A6842 
 4941      0B6D1719 
 4941      EA141E
 4942 0252 75B9B369 		.ascii	"u\271\263i\\\002s\362MQ\347\217_p7cu\230\240\226\216"
 4942      5C0273F2 
 4942      4D51E78F 
 4942      5F703763 
 4942      7598A096 
 4943 0267 7BE4816E 		.ascii	"{\344\201n\021\255\271\324\2365\015`\272\241\370\236"
 4943      11ADB9D4 
 4943      9E350D60 
 4943      BAA1F89E 
 4944 0277 8E5090D6 		.ascii	"\216P\220\326\201\242o\015\334\032\202\257\011\276\012"
 4944      81A26F0D 
 4944      DC1A82AF 
 4944      09BE0A
 4945 0286 1A06174F 		.ascii	"\032\006\027Og\357\311Z\012\214\205\234jm6\323\260\010"
 4945      67EFC95A 
 4945      0A8C859C 
 4945      6A6D36D3 
 4945      B008
 4946 0298 BDCD7BF7 		.ascii	"\275\315{\367*:t\324\375,.\001\262\017'\303\231\267"
 4946      2A3A74D4 
 4946      FD2C2E01 
ARM GAS  C:\Users\nicx5\AppData\Local\Temp\ccq4ftZ0.s 			page 122


 4946      B20F27C3 
 4946      99B7
 4947 02aa 19D8768C 		.ascii	"\031\330v\214\257\226_\207\257U\201S\000\"\364\3565"
 4947      AF965F87 
 4947      AF558153 
 4947      0022F4EE 
 4947      35
 4948 02bb FA5AA615 		.ascii	"\372Z\246\025\270//\267*C\256\013\3134A\027\346\352"
 4948      B82F2FB7 
 4948      2A43AE0B 
 4948      CB344117 
 4948      E6EA
 4949 02cd D98ADF7A 		.ascii	"\331\212\337z+<\254\245\035\216\246H\272\"4\031\021"
 4949      2B3CACA5 
 4949      1D8EA648 
 4949      BA223419 
 4949      11
 4950 02de C44910C6 		.ascii	"\304I\020\306BKp\257\000&5\020\317\335\335\314\313"
 4950      424B70AF 
 4950      00263510 
 4950      CFDDDDCC 
 4950      CB
 4951              		.text
 4952              		.section	.gnu.lto_.lto.1f3e1af6,"e",%progbits
 4953 0000 0D000100 		.ascii	"\015\000\001\000\001\000\001\000"
 4953      01000100 
 4954              		.text
 4955              		.section	.gnu.lto_LL_ADC_SetOffset.161.1f3e1af6,"e",%progbits
 4956 0000 28B52FFD 		.ascii	"(\265/\375`\007\002=\022\000\226\241yH\320\362&\035"
 4956      6007023D 
 4956      120096A1 
 4956      7948D0F2 
 4956      261D
 4957 0012 A2415F98 		.ascii	"\242A_\230\035\210\336\016=\026\020a\260\367\272<4\301"
 4957      1D88DE0E 
 4957      3D161061 
 4957      B0F7BA3C 
 4957      34C1
 4958 0024 B9B84C24 		.ascii	"\271\270L$\020#\"\245\337\030\237\355\2309\352.\266"
 4958      102322A5 
 4958      DF189FED 
 4958      9839EA2E 
 4958      B6
 4959 0035 E23141CB 		.ascii	"\3421A\313\371L\025\375\311\335U`@^\022\343\370QW@{"
 4959      F94C15FD 
 4959      C9DD5560 
 4959      405E12E3 
 4959      F8515740 
 4960 004a 84A11249 		.ascii	"\204\241\022In?\010!{\313\235Rb\000[\000c\000\323Vy"
 4960      6E3F0821 
 4960      7BCB9D52 
 4960      62005B00 
 4960      6300D356 
 4961 005f E2E58C6C 		.ascii	"\342\345\214lL\273)\022J5\261\251\204<\331\241\240\""
 4961      4CBB2912 
 4961      4A35B1A9 
 4961      843CD9A1 
ARM GAS  C:\Users\nicx5\AppData\Local\Temp\ccq4ftZ0.s 			page 123


 4961      A022
 4962 0071 9EF053C5 		.ascii	"\236\360S\305E\315\243}\032\257a;\323\217\005\354\006"
 4962      45CDA37D 
 4962      1AAF613B 
 4962      D38F05EC 
 4962      06
 4963 0082 9182DADD 		.ascii	"\221\202\332\335)0M\370y\362\002\337\247\374\200\357"
 4963      29304DF8 
 4963      79F202DF 
 4963      A7FC80EF 
 4964 0092 D336DB4A 		.ascii	"\3236\333J\027jo\024\226\242T\340\000\262\273-M\272"
 4964      176A6F14 
 4964      96A254E0 
 4964      00B2BB2D 
 4964      4DBA
 4965 00a4 EDD1E6DF 		.ascii	"\355\321\346\337\351&:\"\240G0\302\356:\352\210N\334"
 4965      E9263A22 
 4965      A04730C2 
 4965      EE3AEA88 
 4965      4EDC
 4966 00b6 7ADB086C 		.ascii	"z\333\010l\017\331q&\033\257\274\003\212\032\303\227"
 4966      0FD97126 
 4966      1BAFBC03 
 4966      8A1AC397 
 4967 00c6 AB48F679 		.ascii	"\253H\366y\177\311w?\311{\367\310\233~\326\231~\000"
 4967      7FC9773F 
 4967      C97BF7C8 
 4967      9B7ED699 
 4967      7E00
 4968 00d8 325A4446 		.ascii	"2ZDF\2072\032\224\321\237\214\2362Z\312h\225\321Q\243"
 4968      87321A94 
 4968      D19F8C9E 
 4968      325ACA68 
 4968      95D151A3 
 4969 00ec 6F12408A 		.ascii	"o\022@\212\007\317\012\202\211\335\026W@\226j\352Pz"
 4969      07CF0A82 
 4969      89DD1657 
 4969      40966AEA 
 4969      507A
 4970 00fe EFB77F27 		.ascii	"\357\267\177'\263T\242j\354^-\356\213\325\252\035KS"
 4970      B354A26A 
 4970      EC5E2DEE 
 4970      8BD5AA1D 
 4970      4B53
 4971 0110 3E767709 		.ascii	">vw\011>}\241\360\001\"%\012j\250\317\241\000\251H\024"
 4971      3E7DA1F0 
 4971      0122250A 
 4971      6AA8CFA1 
 4971      00A94814 
 4972 0124 0C17E59B 		.ascii	"\014\027\345\233\372\351s+p9t\236\344\327\276\317\251"
 4972      FAE9732B 
 4972      7039749E 
 4972      E4D7BECF 
 4972      A9
 4973 0135 1762C153 		.ascii	"\027b\301S\2343X\035\215\350{?\271\305+K\035\321\011"
 4973      9C33581D 
 4973      8DE87B3F 
ARM GAS  C:\Users\nicx5\AppData\Local\Temp\ccq4ftZ0.s 			page 124


 4973      B9C52B4B 
 4973      1DD109
 4974 0148 4335AAD4 		.ascii	"C5\252\324\007\031\305\243|,U}\220\020\234\342|\215"
 4974      0719C5A3 
 4974      7C2C557D 
 4974      90109CE2 
 4974      7C8D
 4975 015a FADC10FF 		.ascii	"\372\334\020\377\251\246\263E\374\306,\334=j\261\341"
 4975      A9A6B345 
 4975      FCC62CDC 
 4975      3D6AB1E1 
 4976 016a 614498F4 		.ascii	"aD\230\364\363}^\301\024\272\242\233\342\334\322cFU"
 4976      F37D5EC1 
 4976      14BAA29B 
 4976      E2DCD263 
 4976      4655
 4977 017c 1C5EB210 		.ascii	"\034^\262\0202\366\362y\321\260b\257\235\035\027\014"
 4977      32F6F279 
 4977      D1B062AF 
 4977      9D1D170C 
 4978 018c 06ACF5BC 		.ascii	"\006\254\365\274f::\026@\257,h\340\302q\200\343\222"
 4978      663A3A16 
 4978      40AF2C68 
 4978      E0C27180 
 4978      E392
 4979 019e 92E3821D 		.ascii	"\222\343\202\035\240\301\304\274H\303Rr6\270nb1\330"
 4979      A0C1C4BC 
 4979      48C35272 
 4979      36B86E62 
 4979      31D8
 4980 01b0 0A0B889E 		.ascii	"\012\013\210\236Y+gg\246uC\363\"sC\243\271\310\264f"
 4980      592B6767 
 4980      A67543F3 
 4980      227343A3 
 4980      B9C8B466 
 4981 01c4 B2974F07 		.ascii	"\262\227O\007Y\014\003\323x$\310\330\254\260T\300p\301"
 4981      590C03D3 
 4981      7824C8D8 
 4981      ACB054C0 
 4981      70C1
 4982 01d6 66F641C6 		.ascii	"f\366A\306\243\301\346\301\004\002\266w{\251H6`%\203"
 4982      A3C1E6C1 
 4982      0402B677 
 4982      7BA94836 
 4982      602583
 4983 01e9 EAA6398B 		.ascii	"\352\2469\213\350u?x\372i* \220\202\221T\266\001\214"
 4983      E8753F78 
 4983      FA692A20 
 4983      90829154 
 4983      B6018C
 4984 01fc C3B50363 		.ascii	"\303\265\003c+kg:\262\347\221\314\272\2015\253D\206"
 4984      2B6B673A 
 4984      B2E791CC 
 4984      BA8135AB 
 4984      4486
 4985 020e 3141160C 		.ascii	"1A\026\014\367\274\360x\030\011\343\015$\342\260\026"
 4985      F7BCF078 
ARM GAS  C:\Users\nicx5\AppData\Local\Temp\ccq4ftZ0.s 			page 125


 4985      1809E30D 
 4985      24E2B016 
 4986 021e 8DE12196 		.ascii	"\215\341!\226b\016A\264[\220\355\022\264\321\232\330"
 4986      620E41B4 
 4986      5B90ED12 
 4986      B4D19AD8 
 4987 022e 05B6EDA8 		.ascii	"\005\266\355\250\315jK\031\307GWr\200\344Lp\221a\004"
 4987      CD6A4B19 
 4987      C7475772 
 4987      80E44C70 
 4987      916104
 4988 0241 C11C8331 		.ascii	"\301\034\2031\2020P\370\305L\211//ZH\006"
 4988      823050F8 
 4988      C54C892F 
 4988      2F5A4806 
 4989              		.text
 4990              		.section	.gnu.lto_LL_ADC_SetDataRightShift.164.1f3e1af6,"e",%progbits
 4991 0000 28B52FFD 		.ascii	"(\265/\375`2\001\015\016\000\206\231`G\340\262(\035"
 4991      6032010D 
 4991      0E008699 
 4991      6047E0B2 
 4991      281D
 4992 0012 D29A911C 		.ascii	"\322\232\221\034\240\334\311\203\021)\343\230\252Ev"
 4992      A0DCC983 
 4992      1129E398 
 4992      AA4576
 4993 0021 0165E421 		.ascii	"\001e\344!\000\206H\203r\270\306\026f\3539g}&\335\265"
 4993      00864883 
 4993      72B8C616 
 4993      66EB3967 
 4993      7D26DDB5 
 4994 0035 F348D15F 		.ascii	"\363H\321_nA\207yae\373\223\302\014\217t\016\263L\342"
 4994      6E418779 
 4994      6165FB93 
 4994      C20C8F74 
 4994      0EB34CE2 
 4995 0049 C0E8FFCF 		.ascii	"\300\350\377\3173Q\362\311&r\247\024F\000G\000K\000"
 4995      3351F2C9 
 4995      2672A714 
 4995      46004700 
 4995      4B00
 4996 005b F663DCA6 		.ascii	"\366c\334\246\365\233\030\023\330\355\261\341\354\216"
 4996      F59B1813 
 4996      D8EDB1E1 
 4996      EC8E
 4997 0069 0CACE27D 		.ascii	"\014\254\342}\206\374@\367\311\275@\367\351\226\255"
 4997      86FC40F7 
 4997      C9BD40F7 
 4997      E996AD
 4998 0078 A38BB32F 		.ascii	"\243\213\263/\01469T\334\260\355\356\2475o]\266\374"
 4998      0C363954 
 4998      DCB0EDEE 
 4998      A7356F5D 
 4998      B6FC
 4999 008a CBF880D9 		.ascii	"\313\370\200\331\214\353\3623aw-g3(n\275\355\005\266"
 4999      8CEBF233 
 4999      61772D67 
ARM GAS  C:\Users\nicx5\AppData\Local\Temp\ccq4ftZ0.s 			page 126


 4999      33286EBD 
 4999      ED05B6
 5000 009d 5DF65F01 		.ascii	"]\366_\001+o\036]R]\370\334*\215\375\361\007\235\366"
 5000      2B6F1E5D 
 5000      525DF8DC 
 5000      2A8DFDF1 
 5000      079DF6
 5001 00b0 7BBFF93F 		.ascii	"{\277\371?*=U\232SiUi\251\322\017\005\350a\243\266#"
 5001      2A3D559A 
 5001      53695569 
 5001      A9D20F05 
 5001      E861A3B6 
 5002 00c5 616797C5 		.ascii	"ag\227\305\315\2669\023\307\013\333\017\331\015b\343"
 5002      CDB63913 
 5002      C70BDB0F 
 5002      D90D62E3 
 5003 00d5 0F989E15 		.ascii	"\017\230\236\025I;\301\205\254L\014\206\312\373$\321"
 5003      493BC185 
 5003      AC4C0C86 
 5003      CAFB24D1 
 5004 00e5 59B90CE7 		.ascii	"Y\271\014\347Vi\214\200\207G\316Ke\236Z\3433\0375\205"
 5004      56698C80 
 5004      8747CE4B 
 5004      659E5AE3 
 5004      331F3585 
 5005 00f9 E9D4CB52 		.ascii	"\351\324\313R\250\202\224\323\307\200(\270H\347\251"
 5005      A88294D3 
 5005      C78028B8 
 5005      48E7A9
 5006 0108 0AB80591 		.ascii	"\012\270\005\221\271]\244\273J\275l\005La\266\303\323"
 5006      B95DA4BB 
 5006      4ABD6C05 
 5006      4C61B6C3 
 5006      D3
 5007 0119 20E1EDB6 		.ascii	" \341\355\2660\361g\214\200\361j>\375\230\356\363\012"
 5007      30F1678C 
 5007      80F16A3E 
 5007      FD98EEF3 
 5007      0A
 5008 012a A2D51466 		.ascii	"\242\325\024f\023\036\035;\002\"*\005\262\200\342\207"
 5008      131E1D3B 
 5008      02222A05 
 5008      B280E287 
 5009 013a D4060026 		.ascii	"\324\006\000&D\227\020\205\322\360\261\210\344\201\251"
 5009      44971085 
 5009      D2F0B188 
 5009      E481A9
 5010 0149 0542CBC9 		.ascii	"\005B\313\311\310\311\004&`UHA\341\014\216\234<\230"
 5010      C8C90426 
 5010      60554841 
 5010      E10C8E9C 
 5010      3C98
 5011 015b 4A2F2FA0 		.ascii	"J//\240\250$\204\030~'\021\027\276\222\012\312\250\304"
 5011      A8248418 
 5011      7E271117 
 5011      BE920ACA 
 5011      A8C4
ARM GAS  C:\Users\nicx5\AppData\Local\Temp\ccq4ftZ0.s 			page 127


 5012 016d 629D8CBE 		.ascii	"b\235\214\276p\345R\"\265Jq`\226\212\302\210$*\311\300"
 5012      70E55222 
 5012      B54A7160 
 5012      968AC288 
 5012      242AC9C0 
 5013 0181 81851482 		.ascii	"\201\205\024\202X\251:\220\"X0`{\334\031\000=\007\006"
 5013      58A93A90 
 5013      22583060 
 5013      7BDC1900 
 5013      3D0706
 5014 0194 B6F2B433 		.ascii	"\266\362\2643\347H\337\034!<k8\233`\011/\262hL\024\230"
 5014      E748DF1C 
 5014      213C6B38 
 5014      9B60092F 
 5014      B2684C14 
 5015 01a9 71640643 		.ascii	"qd\006C\033z\033\3200Z\263\033m\001\342a(0\014\014\001"
 5015      1B7A1BD0 
 5015      305AB31B 
 5015      6D01E261 
 5015      28300C0C 
 5016 01be 734118A0 		.ascii	"sA\030\240\360\0135%\334\345E;\311"
 5016      F00B3525 
 5016      DCE5453B 
 5016      C9
 5017              		.text
 5018              		.section	.gnu.lto_LL_ADC_SetOffsetSignedSaturation.166.1f3e1af6,"e",%progbits
 5019 0000 28B52FFD 		.ascii	"(\265/\375`\317\001\245\021\000f\341xI\300\322Q:\341"
 5019      60CF01A5 
 5019      110066E1 
 5019      7849C0D2 
 5019      513AE1
 5020 0013 70A8189A 		.ascii	"p\250\030\232)Jp\231\024p\225\371\315\017\244q\0378"
 5020      294A7099 
 5020      147095F9 
 5020      CD0FA471 
 5020      1F38
 5021 0025 408C1136 		.ascii	"@\214\0216\011OD\311\367T\261q\274\233\310\325\323\013"
 5021      094F44C9 
 5021      F754B171 
 5021      BC9BC8D5 
 5021      D30B
 5022 0037 D9613F38 		.ascii	"\331a?8\"_\026\002\251\312f\342\017c\274\275\225\227"
 5022      225F1602 
 5022      A9CA66E2 
 5022      0F63BCBD 
 5022      9597
 5023 0049 55D46930 		.ascii	"U\324i0y\237\375\203\020\262\267\334)\005a\000\\\000"
 5023      799FFD83 
 5023      10B2B7DC 
 5023      29056100 
 5023      5C00
 5024 005b 5F00D41F 		.ascii	"_\000\324\037\021\236~\304^%\355rB \212Z\362(\204S,"
 5024      119E7EC4 
 5024      5E25ED72 
 5024      42208A5A 
 5024      F2288453 
 5025 0070 3C5DB168 		.ascii	"<]\261h]\332\217q\031\267\033\355L\223J\242'\250\251"
ARM GAS  C:\Users\nicx5\AppData\Local\Temp\ccq4ftZ0.s 			page 128


 5025      5DDA8F71 
 5025      19B71BED 
 5025      4C934AA2 
 5025      27A8A9
 5026 0083 D65D02BB 		.ascii	"\326]\002\273\204\247&'\360\235\316\013\370N}\263wl"
 5026      84A72627 
 5026      F09DCE0B 
 5026      F84E7DB3 
 5026      776C
 5027 0095 6DAA380A 		.ascii	"m\2528\012H%N0\005\251\265\252\226\350\267\313\233\377"
 5027      48254E30 
 5027      05A9B5AA 
 5027      96E8B7CB 
 5027      9BFF
 5028 00a7 A407D0F9 		.ascii	"\244\007\320\371\360\\\202\017j\255\226:\237\237{o\373"
 5028      F05C820F 
 5028      6AAD963A 
 5028      9F9F7B6F 
 5028      FB
 5029 00b8 80ED1F5B 		.ascii	"\200\355\037[\226\004+\372K\227N\275(\250*G\357x\344"
 5029      96042BFA 
 5029      4B974EBD 
 5029      28A82A47 
 5029      EF78E4
 5030 00cb B6F067DD 		.ascii	"\266\360g\335!\373\273\237\344\274;\365\243_\344F\177"
 5030      21FBBB9F 
 5030      E4BC3BF5 
 5030      A35FE446 
 5030      7F
 5031 00dc 38A5C129 		.ascii	"8\245\301)\375Mi:\245\347\224\336)-W\372%\000\206D)"
 5031      FD4D693A 
 5031      A5E794DE 
 5031      292D57FA 
 5031      25008644 
 5032 00f1 F560B9A8 		.ascii	"\365`\271\2505\305\030\244>\321\034/\316\373\355\257"
 5032      35C518A4 
 5032      3ED11C2F 
 5032      CEFBEDAF 
 5033 0101 6EB47C25 		.ascii	"n\264|%\177\311#+\034-\233g\223uE](\035HE>j\335!x{\335"
 5033      7FC9232B 
 5033      1C2D9B67 
 5033      9375455D 
 5033      281D4845 
 5034 011c 0F92FD16 		.ascii	"\017\222\375\026\334\347L\200\3438\216?\371\350~\373"
 5034      DCE74C80 
 5034      E3388E3F 
 5034      F9E87EFB 
 5035 012c 5C90C8A4 		.ascii	"\\\220\310\244\341D\276\355;\245{\021BJ+\032C\217Gj"
 5035      E144BEED 
 5035      3BA57B11 
 5035      424A2B1A 
 5035      438F476A 
 5036 0140 CFBB094E 		.ascii	"\317\273\011N\216\236\233Z:cW\356\334\367\240\020W\264"
 5036      8E9E9B5A 
 5036      3A6357EE 
 5036      DCF7A010 
 5036      57B4
ARM GAS  C:\Users\nicx5\AppData\Local\Temp\ccq4ftZ0.s 			page 129


 5037 0152 FCC927B2 		.ascii	"\374\311'\262\273\357\021\"\256\334\347z\276\015\233"
 5037      BBEF1122 
 5037      AEDCE77A 
 5037      BE0D9B
 5038 0161 CEF6F01A 		.ascii	"\316\366\360\032\263\260V\025\014h\300tB\242S\177\347"
 5038      B3B05615 
 5038      0C68C074 
 5038      42A2537F 
 5038      E7
 5039 0172 3BFD8230 		.ascii	";\375\2020t@\2706/Y\207\011\213\341\320\\2\035\232\353"
 5039      7440B836 
 5039      2F598709 
 5039      8BE1D05C 
 5039      321D9AEB 
 5040 0186 85E605B3 		.ascii	"\205\346\005\263\301y)`\243\275f55\026@\263V\013\\2"
 5040      C1792960 
 5040      A3BD6635 
 5040      351640B3 
 5040      560B5C32 
 5041 019a 0D645450 		.ascii	"\015dTPf\\7\006j\021XV\246oPfh\\1997\254\024\016\264"
 5041      665C3706 
 5041      6A115856 
 5041      A66F5066 
 5041      685C3139 
 5042 01b4 996A0636 		.ascii	"\231j\0066A\025\343\262\322\022S\253\251\264\250f\262"
 5042      4115E3B2 
 5042      D21253AB 
 5042      A9B4A866 
 5042      B2
 5043 01c5 D7071C19 		.ascii	"\327\007\034\031\213\002\327b\020Z`X)\025.\274\300\314"
 5043      8B02D762 
 5043      105A6058 
 5043      29152EBC 
 5043      C0CC
 5044 01d7 36C86219 		.ascii	"6\310b\031`\034H\030`{W?\353\016\371I\227@= O\270\315"
 5044      601C4818 
 5044      607B573F 
 5044      EB0EF949 
 5044      97403D20 
 5045 01ee 190C2120 		.ascii	"\031\014! \200\202\221d\266\001\366`\375\300\334\312"
 5045      80829164 
 5045      B601F660 
 5045      FDC0DCCA 
 5046 01fe DB998FF4 		.ascii	"\333\231\217\364\331\021\031YK\266V\231\353\205d\014"
 5046      D9111959 
 5046      4BB65699 
 5046      EB85640C 
 5047 020e 20F69A16 		.ascii	" \366\232\026\333\005@\200\224\007\013\011x\211\274"
 5047      DB054080 
 5047      94070B09 
 5047      7889BC
 5048 021d 5F823312 		.ascii	"_\2023\022\246d_\177\254CI0\275 \214s\237&\276\3700"
 5048      A6645F7F 
 5048      AC434930 
 5048      BD208C73 
 5048      9F26BEF8 
 5049 0232 0647B5AE 		.ascii	"\006G\265\256\270\360)\301\345E\233\311"
ARM GAS  C:\Users\nicx5\AppData\Local\Temp\ccq4ftZ0.s 			page 130


 5049      B8F029C1 
 5049      E5459BC9 
 5050              		.text
 5051              		.section	.gnu.lto_LL_ADC_REG_IsTriggerSourceSWStart.170.1f3e1af6,"e",%progbits
 5052 0000 28B52FFD 		.ascii	"(\265/\375`\342\000\315\014\000\026XZE\360\262&\035"
 5052      60E200CD 
 5052      0C001658 
 5052      5A45F0B2 
 5052      261D
 5053 0012 68596E8C 		.ascii	"hYn\214\014\204\217Y\242\330\364\207\321\032(\017v5"
 5053      0C848F59 
 5053      A2D8F487 
 5053      D11A280F 
 5053      7635
 5054 0024 4CBC9ED7 		.ascii	"L\274\236\327{\004\321E\260!\260.\326@\355L\370\005"
 5054      7B04D145 
 5054      B021B02E 
 5054      D640ED4C 
 5054      F805
 5055 0036 D3A81EB1 		.ascii	"\323\250\036\261\350\375\303\276lE\373\0263 \207/zG"
 5055      E8FDC3BE 
 5055      6C45FB16 
 5055      3320872F 
 5055      7A47
 5056 0048 1025B7FD 		.ascii	"\020%\267\375\337\354\336[\312\224\002E\000C\000C\000"
 5056      DFECDE5B 
 5056      CA940245 
 5056      00430043 
 5056      00
 5057 0059 9BC8F6BC 		.ascii	"\233\310\366\274\270\026 ?L\334\360\331\3550\321\017"
 5057      B816203F 
 5057      4CDCF0D9 
 5057      ED30D10F 
 5058 0069 C4C3F702 		.ascii	"\304\303\367\002\361Pw\276\375in>(\205@\217\0350X\334"
 5058      F15077BE 
 5058      FD696E3E 
 5058      2885408F 
 5058      1D3058DC 
 5059 007d B4587F25 		.ascii	"\264X\177%\256\002Z\334\023\355\356g<qZ5\231\240\224"
 5059      AE025ADC 
 5059      13EDEE67 
 5059      3C715A35 
 5059      99A094
 5060 0090 DD75DEB4 		.ascii	"\335u\336\264H\334\360\266)\330\206\261O\022\001Vl\376"
 5060      48DCF0B6 
 5060      29D886B1 
 5060      4F120156 
 5060      6CFE
 5061 00a2 B863A5EA 		.ascii	"\270c\245\352\370o\325e\377\365C\247U\323\251\351\307"
 5061      F86FD565 
 5061      FFF543A7 
 5061      55D3A9E9 
 5061      C7
 5062 00b3 013A72F0 		.ascii	"\001:r\360\010\031\265\330E\361\343\263< \016\027\266"
 5062      0819B5D8 
 5062      45F1E3B3 
 5062      3C200E17 
ARM GAS  C:\Users\nicx5\AppData\Local\Temp\ccq4ftZ0.s 			page 131


 5062      B6
 5063 00c4 696C00B6 		.ascii	"il\000\266\011\216\205\314\277f\236hsF\274\350\331\355"
 5063      098E85CC 
 5063      BF669E68 
 5063      7346BCE8 
 5063      D9ED
 5064 00d6 14982574 		.ascii	"\024\230%th\333\217q\0314\0161\313\177\213\2529\266"
 5064      68DB8F71 
 5064      19340E31 
 5064      CB7F8BAA 
 5064      39B6
 5065 00e8 5511A410 		.ascii	"U\021\244\020\2416OurwY\252.\373%1u$\210\015\03759\304"
 5065      A1364F75 
 5065      727759AA 
 5065      2EFB2531 
 5065      7524880D 
 5066 0100 09F625F1 		.ascii	"\011\366%\361\232z\233\023\234r\266\265w\037B\273*\032"
 5066      9A7A9B13 
 5066      9C72B6B5 
 5066      771F42BB 
 5066      2A1A
 5067 0112 F8356442 		.ascii	"\3705dB\204v\016\375\231xx\035q\321\340Q\316\001\316"
 5067      84760EFD 
 5067      9978781D 
 5067      71D1E051 
 5067      CE01CE
 5068 0125 4C189C5C 		.ascii	"L\030\234\\\034\270\240\214P\247\024\311*\302\212\312"
 5068      1CB8A08C 
 5068      50A714C9 
 5068      2AC28ACA 
 5069 0135 736A84D2 		.ascii	"sj\204\322p2\275\274\244\262\023\0172\032\206\202\231"
 5069      7032BDBC 
 5069      A4B2130F 
 5069      321A8682 
 5069      99
 5070 0146 80995854 		.ascii	"\200\231XTH\246\325\012\205\204i\252\015 8\250V\026"
 5070      48A6D50A 
 5070      858469AA 
 5070      0D2038A8 
 5070      5616
 5071 0158 78150381 		.ascii	"x\025\003\201T\312N*`h)i\035T1\031J\017$\030\260\335"
 5071      54CA4E2A 
 5071      60682969 
 5071      1D543119 
 5071      4A0F2418 
 5072 016e EDDFAACB 		.ascii	"\355\337\252\313\027\324\337\002\021\000=\007\006\266"
 5072      17D4DF02 
 5072      11003D07 
 5072      06B6
 5073 017c F2B433E7 		.ascii	"\362\2643\347H\337\034\341E\233U,\347\341\220\207\320"
 5073      48DF1CE1 
 5073      459B552C 
 5073      E7E19087 
 5073      D0
 5074 018d E24CC0AD 		.ascii	"\342L\300\255\331\017\232x\240\012j\374\314&\251\321"
 5074      D90F9A78 
 5074      A00A6AFC 
ARM GAS  C:\Users\nicx5\AppData\Local\Temp\ccq4ftZ0.s 			page 132


 5074      CC26A9D1 
 5075 019d 8BAAB15D 		.ascii	"\213\252\261]\245\014"
 5075      A50C
 5076              		.text
 5077              		.section	.gnu.lto_LL_ADC_REG_SetSequencerRanks.177.1f3e1af6,"e",%progbits
 5078 0000 28B52FFD 		.ascii	"(\265/\375`9\0025\023\000Fd\200I\260\324Q:\343B\377"
 5078      60390235 
 5078      13004664 
 5078      8049B0D4 
 5078      513AE342 
 5079 0015 42C893E6 		.ascii	"B\310\223\346!\3556?\236\021\350\317\201S\376H2\323"
 5079      21ED363F 
 5079      9E11E8CF 
 5079      8153FE48 
 5079      32D3
 5080 0027 4423EC93 		.ascii	"D#\354\2235`\216\367\337\342K\271Zax;g\246J\2544\357"
 5080      35608EF7 
 5080      DFE24BB9 
 5080      5A61783B 
 5080      67A64AAC 
 5081 003d 62D60E13 		.ascii	"b\326\016\023\264\374+\344\256\000\373\376\313\214\375"
 5081      B4FC2BE4 
 5081      AE00FBFE 
 5081      CB8CFD
 5082 004c 8FE3C11F 		.ascii	"\217\343\301\037\201|B\266\224)\005k\000`\000g\000\255"
 5082      817C42B6 
 5082      9429056B 
 5082      00600067 
 5082      00AD
 5083 005e 12BC6984 		.ascii	"\022\274i\204\340\304\214\"$s\362\022\3743\211\360\237"
 5083      E0C48C22 
 5083      2473F212 
 5083      FC3389F0 
 5083      9F
 5084 006f 2D0EE145 		.ascii	"-\016\341E\375\000\261\321\245\021K>\341?1\207\315\325"
 5084      FD00B1D1 
 5084      A5114B3E 
 5084      E13F3187 
 5084      CDD5
 5085 0081 BE8DDFB0 		.ascii	"\276\215\337\260])H\266f\212\234\212\037s\362\024\270"
 5085      5D2948B6 
 5085      668A9C8A 
 5085      1F73F214 
 5085      B8
 5086 0092 26FCD7BA 		.ascii	"&\374\327\272\000\360\237|\000\360\237m\366\021\227"
 5086      00F09F7C 
 5086      00F09F6D 
 5086      F61197
 5087 00a1 71CE2316 		.ascii	"q\316#\026\222\224\213\036PsNq\223n\273\332\3743]e\034"
 5087      92948B1E 
 5087      50734E71 
 5087      936EBBDA 
 5087      FC335D65 
 5088 00b6 12BAAA20 		.ascii	"\022\272\252 \3149\255\343\320\212{o\373\200\355i\353"
 5088      CC39ADE3 
 5088      D08A7B6F 
 5088      FB80ED69 
ARM GAS  C:\Users\nicx5\AppData\Local\Temp\ccq4ftZ0.s 			page 133


 5088      EB
 5089 00c7 18638BDB 		.ascii	"\030c\213\333\342\014\356\234j\020\231:e\236\220.\222"
 5089      E20CEE9C 
 5089      6A10993A 
 5089      659E902E 
 5089      92
 5090 00d8 2FE71ED9 		.ascii	"/\347\036\331\347\375,\357\335+_\372U\256\364\003\220"
 5090      E7FD2CEF 
 5090      DD2B5FFA 
 5090      55AEF403 
 5090      90
 5091 00e9 EA14A946 		.ascii	"\352\024\251F\221\352\023\251fI\365J\252M\244\272D\252"
 5091      91EA13A9 
 5091      6649F54A 
 5091      AA4DA4BA 
 5091      44AA
 5092 00fb 43A95649 		.ascii	"C\251VI5(\325\237TK\251^\251\326U\177\000H$d\027c|\241"
 5092      3528D59F 
 5092      544BA95E 
 5092      A9D6557F 
 5092      00482464 
 5093 0113 98F3C514 		.ascii	"\230\363\305\024\324|\372\202\320x\357\267\177&\257"
 5093      D47CFA82 
 5093      D078EFB7 
 5093      7F26AF
 5094 0122 44233676 		.ascii	"D#6v\017(w\201,\3132Y\325\256J\326d\257+\272\355\233"
 5094      0F287781 
 5094      2CCB3259 
 5094      D5AE4AD6 
 5094      64AF2BBA 
 5095 0138 5E6220F4 		.ascii	"^b \364\221\341I>\020\370O\2657Q\324\303\261\262\357"
 5095      91E1493E 
 5095      10F84FB5 
 5095      3751D4C3 
 5095      B1B2EF
 5096 014b BD75D329 		.ascii	"\275u\323)\203\273\262\237\214ou\301}\316\210u\027("
 5096      83BBB29F 
 5096      8C6F75C1 
 5096      7DCE8875 
 5096      1728
 5097 015d F7DBEB76 		.ascii	"\367\333\353vz\027\270+\367\271\250\360.Pew\237\223"
 5097      7A17B82B 
 5097      F7B9A8F0 
 5097      2E506577 
 5097      9F93
 5098 016f C22DCE5F 		.ascii	"\302-\316_\335\353\244|\036@\243\015\342;h\341\2340"
 5098      DDEBA47C 
 5098      1E40A30D 
 5098      E23B68E1 
 5098      9C30
 5099 0181 1AE8D010 		.ascii	"\032\350\320\020\"L\372\347\007\201\377\276*\242\034"
 5099      224CFAE7 
 5099      0781FFBE 
 5099      2AA21C
 5100 0190 76661F64 		.ascii	"vf\037d\317\216L\006\213\311\250xd\260\012\322/\027"
 5100      CF8E4C06 
 5100      8BC9A878 
ARM GAS  C:\Users\nicx5\AppData\Local\Temp\ccq4ftZ0.s 			page 134


 5100      64B00AD2 
 5100      2F17
 5101 01a2 06B01C07 		.ascii	"\006\260\034\00790-:\260X\201\232\314L\214t\254Eg\003"
 5101      39302D3A 
 5101      B058819A 
 5101      CC4C8C74 
 5101      AC456703 
 5102 01b6 0CA7A727 		.ascii	"\014\247\247'\366z\361\360C\023ud\023D\234\232\030\032"
 5102      F67AF1F0 
 5102      43137564 
 5102      13449C9A 
 5102      181A
 5103 01c8 9C5A0D86 		.ascii	"\234Z\015\206F\244\315vDt\230\315,p\315'\002\315\315"
 5103      46A4CD76 
 5103      447498CD 
 5103      2C70CD27 
 5103      02CDCD
 5104 01db EB85C205 		.ascii	"\353\205\302\005\01374\236\231\017\206\233\007\022X"
 5104      0B37349E 
 5104      990F869B 
 5104      071258
 5105 01ea 6CF3E6E5 		.ascii	"l\363\346\345\334#\353\316\251\310\323muN\331\217Iz"
 5105      DC23EBCE 
 5105      A9C8D36D 
 5105      754ED98F 
 5105      497A
 5106 01fc 8B33CAAE 		.ascii	"\2133\312\2566e\257c\201;Y\2247\235\265'\004\002+ \240"
 5106      3665AF63 
 5106      813B5994 
 5106      379DB527 
 5106      04022B20 
 5107 0211 82119BEA 		.ascii	"\202\021\233\352\001m`\334\312\26037\322'G4\322\032"
 5107      016D60DC 
 5107      CAB03337 
 5107      D2274734 
 5107      D21A
 5108 0223 5A3A5003 		.ascii	"Z:P\003\005\327\345$\340\034\353\260WO\3642q\002AA\314"
 5108      05D7E524 
 5108      E01CEBB0 
 5108      574FF432 
 5108      71024141 
 5109 0238 DE097603 		.ascii	"\336\011v\003\001\004ct\325\2716\271\013i\216\341\013"
 5109      01046374 
 5109      D5B936B9 
 5109      0B698EE1 
 5109      0B
 5110 0249 4F32DA75 		.ascii	"O2\332u\220\305%X#\202%\353\332c\356\217a<\273\362S"
 5110      90C52558 
 5110      238225EB 
 5110      DA63EE8F 
 5110      613CBBF2 
 5111 025e 8237E2B8 		.ascii	"\2027\342\270\303\010\356jz\305\305M\011//\332L\006"
 5111      C308EE6A 
 5111      7AC5C54D 
 5111      092F2FDA 
 5111      4C06
 5112              		.text
ARM GAS  C:\Users\nicx5\AppData\Local\Temp\ccq4ftZ0.s 			page 135


 5113              		.section	.gnu.lto_LL_ADC_INJ_IsTriggerSourceSWStart.187.1f3e1af6,"e",%progbits
 5114 0000 28B52FFD 		.ascii	"(\265/\375`\345\000\325\014\000\346\327YE\340\224(\035"
 5114      60E500D5 
 5114      0C00E6D7 
 5114      5945E094 
 5114      281D
 5115 0012 407106CB 		.ascii	"@q\006\313\0360\202\020\241\012W\314\022j\005\017A>"
 5115      1E308210 
 5115      A10A57CC 
 5115      126A050F 
 5115      413E
 5116 0024 059F98DF 		.ascii	"\005\237\230\337_\215\222yt|,\362_\003v\015<\373h\366"
 5116      5F8D9279 
 5116      747C2CF2 
 5116      5F03760D 
 5116      3CFB68F6 
 5117 0038 2E3087C9 		.ascii	".0\207\311\317\017\276a\272\246\227 \204\011\233!\212"
 5117      CF0FBE61 
 5117      BAA69720 
 5117      84099B21 
 5117      8A
 5118 0049 D0914FDC 		.ascii	"\320\221O\334\332\336[\312\224\002E\000A\000C\000&\\"
 5118      DADE5BCA 
 5118      94024500 
 5118      41004300 
 5118      265C
 5119 005b ADEE0640 		.ascii	"\255\356\006@\021\032)|\344\354v\331\347\005\342\341"
 5119      111A297C 
 5119      E4EC76D9 
 5119      E705E2E1 
 5120 006b FB8078A8 		.ascii	"\373\200x\2506\347\37649\277\203\262\202\007\021\033"
 5120      36E7FE34 
 5120      39BF83B2 
 5120      8207111B 
 5121 007b 415CAFD5 		.ascii	"A\\\257\325\037\212\253\200\027\353}v\3677\236$^2\231"
 5121      1F8AAB80 
 5121      17EB7D76 
 5121      F7379E24 
 5121      5E3299
 5122 008e 1D94DD75 		.ascii	"\035\224\335u\272^'nx\333#\333-\366\021\0041w\253\324"
 5122      BA5E276E 
 5122      78DB23DB 
 5122      2DF61104 
 5122      3177ABD4 
 5123 00a2 1AFFADC2 		.ascii	"\032\377\255\302\354\343\374\320i\325tj\3721\316\020"
 5123      ECE3FCD0 
 5123      69D5746A 
 5123      FA31CE10 
 5124 00b2 42034345 		.ascii	"B\003CE\250\304.\213X\316\016\201@b\330\216\261IlP\254"
 5124      A8C42E8B 
 5124      58CE0E81 
 5124      4062D88E 
 5124      B1496C50 
 5125 00c7 42E67160 		.ascii	"B\346q`\336ggF\310\370\261\333%\360\310sh\333\257\361"
 5125      DE676746 
 5125      C8F8B1DB 
 5125      25F0C873 
ARM GAS  C:\Users\nicx5\AppData\Local\Temp\ccq4ftZ0.s 			page 136


 5125      68DBAFF1 
 5126 00db 9B18730F 		.ascii	"\233\030s\017Q\313\237\213\2523\266U\015\264\020\241"
 5126      51CB9F8B 
 5126      AA33B655 
 5126      0DB410A1 
 5127 00eb ADA735B9 		.ascii	"\255\2475\271\273+5\211\251%=v\030\221\311#\326\275"
 5127      BB2B3589 
 5127      A9253D76 
 5127      1891C923 
 5127      D6BD
 5128 00fd 49BCA6BE 		.ascii	"I\274\246\276E\303R\226\355\355\335\007\317\256\213"
 5128      45C35296 
 5128      EDEDDD07 
 5128      CFAE8B
 5129 010c 067E8E97 		.ascii	"\006~\216\227\020\036\233C\037&\036^\017\300p\350P\226"
 5129      101E9B43 
 5129      1F261E5E 
 5129      0FC070E8 
 5129      5096
 5130 011e 03BCD80C 		.ascii	"\003\274\330\014\326\02400\2558X\011\201N&T\211*\202"
 5130      D6143030 
 5130      AD385809 
 5130      814E2654 
 5130      892A82
 5131 0131 4ACA330A 		.ascii	"J\3123\012t\322`*\261\260\240\264\023\017/[vj\231\220"
 5131      74D2602A 
 5131      B1B0A0B4 
 5131      130F2F5B 
 5131      766A9990 
 5132 0145 954629A2 		.ascii	"\225F)\242\222J\025\022e[j\003\010\016)\225\005V\271"
 5132      924A1512 
 5132      655B6A03 
 5132      080E2995 
 5132      0556B9
 5133 0158 401091B4 		.ascii	"@\020\221\264\023\012\030.\220\266\016)\227\014\244"
 5133      130A182E 
 5133      90B60E29 
 5133      970CA4
 5134 0167 071208D8 		.ascii	"\007\022\010\330\356\366o\025f\013\352s\001\022\000"
 5134      EEF66F15 
 5134      660BEA73 
 5134      011200
 5135 0176 3D0706B6 		.ascii	"=\007\006\266\362\2643\347H\337\034\341E\233U,\347a"
 5135      F2B433E7 
 5135      48DF1CE1 
 5135      459B552C 
 5135      E761
 5136 0188 008AB18A 		.ascii	"\000\212\261\212\373\323\206\215\305\255\331 \232(\241"
 5136      FBD3868D 
 5136      C5ADD920 
 5136      9A28A1
 5137 0197 0A7AFCCC 		.ascii	"\012z\374\314F\251\334\213\252\261]\245\014"
 5137      46A9DC8B 
 5137      AAB15DA5 
 5137      0C
 5138              		.text
 5139              		.section	.gnu.lto_LL_ADC_SetChannelSamplingTime.201.1f3e1af6,"e",%progbits
ARM GAS  C:\Users\nicx5\AppData\Local\Temp\ccq4ftZ0.s 			page 137


 5140 0000 28B52FFD 		.ascii	"(\265/\375`1\002M\023\000\026\344\200I\320\360(\035"
 5140      6031024D 
 5140      130016E4 
 5140      8049D0F0 
 5140      281D
 5141 0012 6A6CAB2E 		.ascii	"jl\253.\037\367\264s\003P\017u\361W%9]\271\247Is\004"
 5141      1FF7B473 
 5141      03500F75 
 5141      F1572539 
 5141      5DB9A749 
 5142 0028 8C7D76B7 		.ascii	"\214}v\267\021n\221\321\366\237*\310\315J\333\306\252"
 5142      116E91D1 
 5142      F69F2AC8 
 5142      CD4ADBC6 
 5142      AA
 5143 0039 B5B2BD40 		.ascii	"\265\262\275@\3325\013\024\260_\214\2717\276\336\343"
 5143      DA350B14 
 5143      B05F8CB9 
 5143      37BEDEE3 
 5144 0049 001FD025 		.ascii	"\000\037\320%z4sC\023\262\311\226;\245k\000d\000h\000"
 5144      7A347343 
 5144      13B2C996 
 5144      3BA56B00 
 5144      64006800 
 5145 005d C02A54E0 		.ascii	"\300*T\340C\221P\216Z\201\006\036\372=\343C\333\265"
 5145      4391508E 
 5145      5A81061E 
 5145      FA3DE343 
 5145      DBB5
 5146 006f 04EC0169 		.ascii	"\004\354\001iHr\221G\034\224n\306\207.\025.\227\366"
 5146      48729147 
 5146      1C946EC6 
 5146      872E152E 
 5146      97F6
 5147 0081 579C85EE 		.ascii	"W\234\205\356F:\223UA\360~\224j\005\036p\313\370\220"
 5147      463A9355 
 5147      41F07E94 
 5147      6A051E70 
 5147      CBF890
 5148 0094 F512FA70 		.ascii	"\365\022\372p~\204>\264\316\306a\342\253uHU\3643\002"
 5148      7E843EB4 
 5148      CEC661E2 
 5148      AB754855 
 5148      F43302
 5149 00a7 8653ADF5 		.ascii	"\206S\255\365\265D\327]\352\374#}\345\363\331\271\024"
 5149      B544D75D 
 5149      EAFC237D 
 5149      E5F3D9B9 
 5149      14
 5150 00b8 1BD45A2D 		.ascii	"\033\324Z-}>?\367\3366\001\333\035l\271!b\010\237\010"
 5150      7D3E3FF7 
 5150      DE3601DB 
 5150      1D6CB921 
 5150      62089F08 
 5151 00cc 9EDD99FE 		.ascii	"\236\335\231\376\232Z\330\250\362\311\300\035\271(\374"
 5151      9A5AD8A8 
 5151      F2C9C01D 
ARM GAS  C:\Users\nicx5\AppData\Local\Temp\ccq4ftZ0.s 			page 138


 5151      B928FC
 5152 00db 5977C83E 		.ascii	"Yw\310>\360\037y\360^\375\350\027\271\321\017`J\207"
 5152      F01F79F0 
 5152      5EFDE817 
 5152      B9D10F60 
 5152      4A87
 5153 00ed 4C69D594 		.ascii	"Li\325\224NMi\324\224\006\231\322\037Sz\234\322\342"
 5153      4E4D69D4 
 5153      940699D2 
 5153      1F537A9C 
 5153      D2E2
 5154 00ff 94A6533A 		.ascii	"\224\246S:\234\322sJ\357\224\226+\375\022:\203F\220"
 5154      9CD2734A 
 5154      EF94962B 
 5154      FD123A83 
 5154      4690
 5155 0111 0922988C 		.ascii	"\011\"\230\214ZI<9U\246p)\305\203\277\375#\031\345\252"
 5155      5A493C39 
 5155      55A67029 
 5155      C583BFFD 
 5155      2319E5AA 
 5156 0125 E1620773 		.ascii	"\341b\007sX=\001\273\221U\241V\334\024\310\242\366\275"
 5156      583D01BB 
 5156      9155A156 
 5156      DC14C8A2 
 5156      F6BD
 5157 0137 DFC78A6F 		.ascii	"\337\307\212oQ\220\001o\321q?H\306\030\261\023\3719"
 5157      5190016F 
 5157      D1713F48 
 5157      C618B113 
 5157      F939
 5158 0149 F4A1B8F7 		.ascii	"\364\241\270\367\360\013\336X\355\203g\361\310'\323"
 5158      F00BDE58 
 5158      ED8367F1 
 5158      C827D3
 5159 0158 5D6D7822 		.ascii	"]mx\"\\\271t\317\023\232o\321\271\341\276\027$\337\242"
 5159      5CB974CF 
 5159      139A6FD1 
 5159      B9E1BE17 
 5159      24DFA2
 5160 016b BB73CFE3 		.ascii	"\273s\317\343\021\340-*\262\273\347\365\330\355\316"
 5160      11E02D2A 
 5160      B2BBE7F5 
 5160      D8EDCE
 5161 017a 5FB9EFF5 		.ascii	"_\271\357\365\360_\344\370l\013w\201\033k-\241 i\002"
 5161      F05FE4F8 
 5161      6C0B7781 
 5161      1B6B2DA1 
 5161      206902
 5162 018d 86914887 		.ascii	"\206\221H\207>\374\0064\263\033\316\234\331\324\300"
 5162      3EFC0634 
 5162      B31BCE9C 
 5162      D9D4C0
 5163 019c D0D86A6A 		.ascii	"\320\330jj86\262\227Tmf\263\311h*\242a&\011d2\013dP"
 5163      3836B297 
 5163      546D66B3 
 5163      C9682AA2 
ARM GAS  C:\Users\nicx5\AppData\Local\Temp\ccq4ftZ0.s 			page 139


 5163      61260964 
 5164 01b4 5C33329A 		.ascii	"\\32\232\200\234\312J\3124\3155CA\026S\253\321`'6\027"
 5164      809CCA4A 
 5164      CA34CD35 
 5164      43411653 
 5164      ABD16027 
 5165 01ca 70AF191B 		.ascii	"p\257\031\033\204WLK\012KL.\207\302\362\302\335f\031"
 5165      84574C4B 
 5165      0A4B4C2E 
 5165      87C2F2C2 
 5165      DD6619
 5166 01dd 6A6E2B08 		.ascii	"jn+\010\234\273q\300\022\203\235D\200y\211\341*\334"
 5166      9CBB71C0 
 5166      12839D44 
 5166      807989E1 
 5166      2ADC
 5167 01ef 6E24C418 		.ascii	"n$\304\030< \261\015\254\237u\207,\177M:\230x\266\347"
 5167      3C20B10D 
 5167      AC9F7587 
 5167      2C7F4D3A 
 5167      9878B6E7 
 5168 0203 90BD6F47 		.ascii	"\220\275oGpwVmjC\366=\240- \240\202\021\253\362m`\334"
 5168      7077566D 
 5168      6A43F63D 
 5168      A02D20A0 
 5168      8211ABF2 
 5169 021a CAB03337 		.ascii	"\312\26037\322'G\032\322\032\2664=\003\350\353X\247"
 5169      D227471A 
 5169      D21AB634 
 5169      3D03E8EB 
 5169      58A7
 5170 022c 670EBB1D 		.ascii	"g\016\273\035&UX\301\000\016;\011\030\207c[\315\006"
 5170      265558C1 
 5170      000E3B09 
 5170      1887635B 
 5170      CD06
 5171 023e 2C18A3AB 		.ascii	",\030\243\253\315\265\371]\210s\016\257\360D\321\356"
 5171      CDB5F95D 
 5171      88730EAF 
 5171      F044D1EE 
 5172 024e 41369700 		.ascii	"A6\227\000\214\272d\267`\263\243=\253\362(\316\247W"
 5172      8CBA64B7 
 5172      60B3A33D 
 5172      ABF228CE 
 5172      A757
 5173 0260 82427213 		.ascii	"\202Br\023\\|\230\301\255\206+.|J\374\362\242\025d"
 5173      5C7C98C1 
 5173      AD862B2E 
 5173      7C4AFCF2 
 5173      A21564
 5174              		.text
 5175              		.section	.gnu.lto_LL_ADC_SetChannelSingleDiff.203.1f3e1af6,"e",%progbits
 5176 0000 28B52FFD 		.ascii	"(\265/\375`e\001\365\016\000\306[fG\340\222*\035S~8"
 5176      606501F5 
 5176      0E00C65B 
 5176      6647E092 
 5176      2A1D537E 
ARM GAS  C:\Users\nicx5\AppData\Local\Temp\ccq4ftZ0.s 			page 140


 5177 0015 38E33E63 		.ascii	"8\343>cBc\010\200\335\252\2728\015\345\215D\026\363"
 5177      42630880 
 5177      DDAABA38 
 5177      0DE58D44 
 5177      16F3
 5178 0027 CDC7F188 		.ascii	"\315\307\361\210\000\232\375\325\234S\200\306\361\256"
 5178      009AFDD5 
 5178      9C5380C6 
 5178      F1AE
 5179 0035 19AFBAEC 		.ascii	"\031\257\272\354\264\275\216\0316\025\361!\233\236["
 5179      B4BD8E19 
 5179      3615F121 
 5179      9B9E5B
 5180 0044 A9DD74BE 		.ascii	"\251\335t\276\304`3\250E\207&do\"wJ\001M\000N\000M\000"
 5180      C46033A8 
 5180      45872664 
 5180      6F22774A 
 5180      014D004E 
 5181 005b 2DF0F233 		.ascii	"-\360\3623cy\264\017\3437\261\343b<`7\310\016\216]\235"
 5181      6379B40F 
 5181      E337B1E3 
 5181      623C6037 
 5181      C80E8E5D 
 5182 0070 02AF8097 		.ascii	"\002\257\200\227$70/\275\023\230\227\216\331>Lj\273"
 5182      2437302F 
 5182      BD139897 
 5182      8ED93E4C 
 5182      6ABB
 5183 0082 3700373A 		.ascii	"7\0007:L\334\310\331]\220\332<\366\030\363\037\343\002"
 5183      4CDCC8D9 
 5183      5D90DA3C 
 5183      F618F31F 
 5183      E302
 5184 0094 6A34B2C7 		.ascii	"j4\262\307O\302\356:\326hH\334z\333\011l\313\354\277"
 5184      4FC2EE3A 
 5184      D66848DC 
 5184      7ADB096C 
 5184      CBECBF
 5185 00a7 08369D1E 		.ascii	"\0106\235\036<6\356\254\223Ee\341{\2537\373\272\177"
 5185      3C36EEAC 
 5185      934565E1 
 5185      7BAB37FB 
 5185      BA7F
 5186 00b9 E4B9DF73 		.ascii	"\344\271\337s\334/\242\321\240F\177\032=5Zj\264\247"
 5186      DC2FA2D1 
 5186      A0467F1A 
 5186      3D355A6A 
 5186      B4A7
 5187 00cb D1AAD151 		.ascii	"\321\252\321Q\243\037`\356@Q\263\242\005\004\021\273"
 5187      A31F60EE 
 5187      4051B3A2 
 5187      050411BB 
 5188 00db 2976398B 		.ascii	")v9\213#s\270\260}\217\3759\241\013G\300\314\260\304"
 5188      2373B8B0 
 5188      7D8FFD39 
 5188      A10B47C0 
 5188      CCB0C4
ARM GAS  C:\Users\nicx5\AppData\Local\Temp\ccq4ftZ0.s 			page 141


 5189 00ee 5C088F64 		.ascii	"\\\010\217dgdp\001@pf\032\032T\033\257\375\370\324S"
 5189      67647001 
 5189      4070661A 
 5189      1A541BAF 
 5189      FDF8D453 
 5190 0102 501F96F0 		.ascii	"P\037\226\360\350\324O\352k|\352ev\016\274d\216\250"
 5190      E8D44FEA 
 5190      6B7CEA65 
 5190      760EBC64 
 5190      8EA8
 5191 0114 54BD7A51 		.ascii	"T\275zQU\037\332fJs\204\335\356%\323\243Q\037\326\320"
 5191      551FDA66 
 5191      4A7384DD 
 5191      EE25D3A3 
 5191      511FD6D0 
 5192 0128 9466FB75 		.ascii	"\224f\373u\032\037\300]\025\015\374\031\033`@\233K?"
 5192      1A1FC05D 
 5192      150DFC19 
 5192      1B60409B 
 5192      4B3F
 5193 013a 665E5E43 		.ascii	"f^^Cr2\224\346\031//*\021j\245\201\245j\021Y\241X,S"
 5193      723294E6 
 5193      192F2F2A 
 5193      116AA581 
 5193      A56A1159 
 5194 0152 4AE573C8 		.ascii	"J\345s\310\204\201\311\305\201\013\312\347dJ!\200\251"
 5194      8481C9C5 
 5194      810BCAE7 
 5194      644A2180 
 5194      A9
 5195 0163 88523CA7 		.ascii	"\210R<\247>\247\014\246\322j\225\012\235t\360\360\002"
 5195      3EA70CA6 
 5195      D26A950A 
 5195      9D74F0F0 
 5195      02
 5196 0174 9D581540 		.ascii	"\235X\025@\245\225\224Q\011\006C\031\201^.\024\010\225"
 5196      A5959451 
 5196      09064319 
 5196      815E2E14 
 5196      0895
 5197 0186 4BB4C0B0 		.ascii	"K\264\300\260\326\204\021)tb\341B\013\351\305\301\325"
 5197      D6841129 
 5197      7462E142 
 5197      0BE9C5C1 
 5197      D5
 5198 0197 C2407A40 		.ascii	"\302@z@\241\200m\335\336[\2759\332t\002\033\000=\007"
 5198      A1806DDD 
 5198      DE5BBD39 
 5198      DA74021B 
 5198      003D07
 5199 01aa 06B6F2B4 		.ascii	"\006\266\362\2643\347H\337\034I=k8\243`\011\201\345"
 5199      33E748DF 
 5199      1C493D6B 
 5199      38A36009 
 5199      81E5
 5200 01bc 48983830 		.ascii	"H\23080\203\006\212\220\314``\022\335\037*P\320\220"
 5200      83068A90 
ARM GAS  C:\Users\nicx5\AppData\Local\Temp\ccq4ftZ0.s 			page 142


 5200      CC606012 
 5200      DD1F2A50 
 5200      D090
 5201 01ce 5BB34ADD 		.ascii	"[\263J\335\302\301\303x\300\004\270\010\206\201\340"
 5201      C2C1C378 
 5201      C004B808 
 5201      8681E0
 5202 01dd 4089176A 		.ascii	"@\211\027jt\270\313\213v\222\001"
 5202      74B8CB8B 
 5202      769201
 5203              		.text
 5204              		.section	.gnu.lto_LL_ADC_SetAnalogWDMonitChannels.205.1f3e1af6,"e",%progbits
 5205 0000 28B52FFD 		.ascii	"(\265/\375`F\002\255\023\000\006%\204J\300\322Q:\342"
 5205      604602AD 
 5205      13000625 
 5205      844AC0D2 
 5205      513AE2
 5206 0013 14CFC2C9 		.ascii	"\024\317\302\311\227B\024\\B\244\240\271,\024\027\021"
 5206      9742145C 
 5206      42A4A0B9 
 5206      2C141711 
 5207 0023 F401696E 		.ascii	"\364\001in''\013\270\362\015\237'\035\341\343uM\241"
 5207      27270BB8 
 5207      F20D9F27 
 5207      1DE1E375 
 5207      4DA1
 5208 0035 0395BC2B 		.ascii	"\003\225\274+W\345\232v\230\011\003 \242\003t;+^F\351"
 5208      57E59A76 
 5208      98090320 
 5208      A203743B 
 5208      2B5E46E9 
 5209 0049 E8090A0A 		.ascii	"\350\011\012\0127\277\345\333\361\244\021\262\345N)"
 5209      37BFE5DB 
 5209      F1A411B2 
 5209      E54E29
 5210 0058 6E006400 		.ascii	"n\000d\000k\000<XOY\213\020\214x\332\361\243\3262\301"
 5210      6B003C58 
 5210      4F598B10 
 5210      8C78DAF1 
 5210      A3D632C1 
 5211 006c 45BF87BC 		.ascii	"E\277\207\274h\313r\224@ \034&\227\251\004B\007\216"
 5211      68CB7294 
 5211      40201C26 
 5211      97A90442 
 5211      078E
 5212 007e BC287BE1 		.ascii	"\274({\341\362i\037\3510zO\322\241\260\352\363\013\272"
 5212      F2691FE9 
 5212      307A4FD2 
 5212      A1B0EAF3 
 5212      0BBA
 5213 0090 516B2973 		.ascii	"Qk)s\013y\021v\001\343E\372\000\343E\367l\037'\301Z"
 5213      0B791176 
 5213      01E345FA 
 5213      00E345F7 
 5213      6C1F27C1 
 5214 00a5 8D584F49 		.ascii	"\215XOI&jD\325Zg{\364\336g\317\377\322]\301\237\235"
 5214      266A44D5 
ARM GAS  C:\Users\nicx5\AppData\Local\Temp\ccq4ftZ0.s 			page 143


 5214      5A677BF4 
 5214      DE67CFFF 
 5214      D25DC19F 
 5215 00ba CFD4835A 		.ascii	"\317\324\203Z\253g\360\007\350\336\333.`;\204=}\002"
 5215      AB67F007 
 5215      E8DEDB2E 
 5215      603B843D 
 5215      7D02
 5216 00cc DF548960 		.ascii	"\337T\211`\020\317\372<\0225\265\340Q\347\320\345\316"
 5216      10CFFA3C 
 5216      1235B5E0 
 5216      51E7D0E5 
 5216      CE
 5217 00dd DC153EAD 		.ascii	"\334\025>\255kd\277\374_\027\336%W\372]O\372\001\320"
 5217      6B64BFFC 
 5217      5F17DE25 
 5217      57FA5D4F 
 5217      FA01D0
 5218 00f0 E9169D26 		.ascii	"\351\026\235&\241\323,:=B\247WtZ\204N\253\3504I\247"
 5218      A1D32C3A 
 5218      3D42A757 
 5218      745A844E 
 5218      ABE83449 
 5219 0105 53747AA4 		.ascii	"Stz\244\323\"\235\246tz\351\364\334\351\017\030\203"
 5219      D3229DA6 
 5219      747AE9F4 
 5219      DCE90F18 
 5219      83
 5220 0116 2009A540 		.ascii	" \011\245@:\000U\353\211aTu\022q\260\270\360\267\377"
 5220      3A0055EB 
 5220      89615475 
 5220      1271B0B8 
 5220      F0B7FF
 5221 0129 25AF644E 		.ascii	"%\257dN.\2660+\262\254\325\216\354\201C)(\031\303\341"
 5221      2EB6302B 
 5221      B2ACD58E 
 5221      EC814329 
 5221      2819C3E1 
 5222 013d CAB771E1 		.ascii	"\312\267q\341G>o\274(\262\0271$\214Q\262\027\036\306"
 5222      473E6FBC 
 5222      28B21731 
 5222      248C51B2 
 5222      171EC6
 5223 0150 3387566D 		.ascii	"3\207Vm\311\212*\310\235\253\232\217\215\251%\367?!"
 5223      C98A2AC8 
 5223      9DAB9A8F 
 5223      8DA925F7 
 5223      3F21
 5224 0162 BEA59BDA 		.ascii	"\276\245\233\332\377\212\014<6\212;\356\177..\356c\343"
 5224      FF8A0C3C 
 5224      368A3BEE 
 5224      7F2E2EEE 
 5224      63E3
 5225 0174 2EDD0385 		.ascii	".\335\003\205^\217\215\256\335\375o\210o}\376\316=p"
 5225      5E8F8DAE 
 5225      DDFD6F88 
 5225      6F7DFECE 
ARM GAS  C:\Users\nicx5\AppData\Local\Temp\ccq4ftZ0.s 			page 144


 5225      3D70
 5226 0186 884F8317 		.ascii	"\210O\203\027\264=\234IG\326\212\202\301\014\0149\344"
 5226      B43D9C49 
 5226      47D68A82 
 5226      C10C0C39 
 5226      E4
 5227 0197 91CE7831 		.ascii	"\221\316x1\032hr7\364&\007\227\223PCccc\273\255\324"
 5227      1A687237 
 5227      F4260797 
 5227      93504363 
 5227      6363BBAD 
 5228 01ac 5E682D5E 		.ascii	"^h-^\355\205F\215r\262\300&\323@F\305d\306v#\260[\251"
 5228      ED85468D 
 5228      72B2C026 
 5228      D34046C5 
 5228      64C67623 
 5229 01c3 D1A86F26 		.ascii	"\321\250o&3\031l1557\224\224\0168\272\331\214\315\204"
 5229      33196C31 
 5229      35353794 
 5229      940E38BA 
 5229      D98CCD84 
 5230 01d7 594C0B8D 		.ascii	"YL\013\215%f\267Sa\231\351r4\0376\344j\012\274\303A"
 5230      2566B753 
 5230      6199E972 
 5230      341F36E4 
 5230      6A0ABCC3 
 5231 01ec 60814149 		.ascii	"`\201AI\241`\241\002\214\216C\016\367\002\343 \302\313"
 5231      A160A102 
 5231      8C8E430E 
 5231      F702E320 
 5231      C2CB
 5232 01fe 76594FEB 		.ascii	"vYO\353\032y\0225\365p\342Y\240[\373 \020\341\372L\262"
 5232      1A791235 
 5232      F570E259 
 5232      A05BFB20 
 5232      10E1FA4C 
 5233 0213 AC6DED81 		.ascii	"\254m\355\201$^\353Z\222\221, \240\202\221\243\362m"
 5233      245EEB5A 
 5233      92912C20 
 5233      A08291A3 
 5233      F26D
 5234 0225 60DCCADB 		.ascii	"`\334\312\333\231\030\351\223#\036i\015[Jk\200\341\301"
 5234      9918E993 
 5234      231E690D 
 5234      5B4A6B80 
 5234      E1C1
 5235 0237 C90BA5FD 		.ascii	"\311\013\245\375$t\320\313$Pv\373\352\3472\366\256\231"
 5235      2474D0CB 
 5235      245076FB 
 5235      EAE732F6 
 5235      AE99
 5236 0249 D1670426 		.ascii	"\321g\004&\221\026\005/\034\301BWH\236d\264K\220\315"
 5236      9116052F 
 5236      1CC14257 
 5236      489E64B4 
 5236      4B90CD
 5237 025c 2538A3B0 		.ascii	"%8\243\260\330\255H\354h\317\272@\212\363\351\225\240"
ARM GAS  C:\Users\nicx5\AppData\Local\Temp\ccq4ftZ0.s 			page 145


 5237      D8AD48EC 
 5237      68CFBA40 
 5237      8AF3E995 
 5237      A0
 5238 026d 90DC0417 		.ascii	"\220\334\004\027\037fp\253\341\025\027<%\274\274h!\031"
 5238      1F6670AB 
 5238      E115173C 
 5238      25BCBC68 
 5238      2119
 5239              		.text
 5240              		.section	.gnu.lto_LL_ADC_IsDeepPowerDownEnabled.226.1f3e1af6,"e",%progbits
 5241 0000 28B52FFD 		.ascii	"(\265/\375`\350\000\345\014\000\206\027YE\360\222(\035"
 5241      60E800E5 
 5241      0C008617 
 5241      5945F092 
 5241      281D
 5242 0012 380EB630 		.ascii	"8\016\2660\266\322\033!xd\217\015#\300\30221S\250\252"
 5242      B6D21B21 
 5242      78648F0D 
 5242      23C0C232 
 5242      3153A8AA 
 5243 0026 F76B7D18 		.ascii	"\367k}\030\246>\364|$\250R\014V\214\344&\311\366\375"
 5243      A63EF47C 
 5243      24A8520C 
 5243      568CE426 
 5243      C9F6FD
 5244 0039 925DEE26 		.ascii	"\222]\356&{\364\257#\003\030\334(W\240\356<]uo\316\266"
 5244      7BF4AF23 
 5244      0318DC28 
 5244      57A0EE3C 
 5244      5D756FCE 
 5245 004e BDB79429 		.ascii	"\275\267\224)\005B\000A\000C\000\255\316\006\224\023"
 5245      05420041 
 5245      004300AD 
 5245      CE069413 
 5246 005e 43B14367 		.ascii	"C\261Cg\267\313B\037\020\017\337\003\304C\2559\367\247"
 5246      B7CB421F 
 5246      100FDF03 
 5246      C443AD39 
 5246      F7A7
 5247 0070 C9F99E93 		.ascii	"\311\371\236\223\0241 =`\270^\253\277\023W\320\213\365"
 5247      1431203D 
 5247      60B85EAB 
 5247      BF1357D0 
 5247      8BF5
 5248 0082 42BB7B1B 		.ascii	"B\273{\033O\022\257\230L\317\311\356:]/\0237\274\355"
 5248      4F12AF98 
 5248      4CCFC9EE 
 5248      3A5D2F13 
 5248      37BCED
 5249 0095 916D16FB 		.ascii	"\221m\026\373\010\002\2514\376[\205\331\277\371\241"
 5249      0802A934 
 5249      FE5B85D9 
 5249      BFF9A1
 5250 00a4 D3AAE9D4 		.ascii	"\323\252\351\324\364\243gF\316\314\013\036&1vW\354\350"
 5250      F4A36746 
 5250      CECC0B1E 
ARM GAS  C:\Users\nicx5\AppData\Local\Temp\ccq4ftZ0.s 			page 146


 5250      26317657 
 5250      ECE8
 5251 00b6 AC0F8823 		.ascii	"\254\017\210#\3036\214\035b'\250Q!\3637//\2642#T\304"
 5251      C3368C1D 
 5251      6227A851 
 5251      21F3372F 
 5251      2FB43223 
 5252 00cc 763B051E 		.ascii	"v;\005\036}\016m\3734n\003c\356%\\\001Z\376\\T\225\261"
 5252      7D0E6DFB 
 5252      346E0363 
 5252      EE255C01 
 5252      5AFE5C54 
 5253 00e2 AD4A8085 		.ascii	"\255J\200\205\010m=\245Y\251HL-\200\243\343GL\006q\256"
 5253      086D3DA5 
 5253      59A9484C 
 5253      2D80A3E3 
 5253      474C0671 
 5254 00f7 48BCA6BE 		.ascii	"H\274\246\2765\303R\226\355\355\335\207\317n\013\007"
 5254      35C35296 
 5254      EDEDDD87 
 5254      CF6E0B07 
 5255 0107 3E0E9710 		.ascii	">\016\227\020\237\232C\377%\036^\015\300n\344P\226\001"
 5255      9F9A43FF 
 5255      251E5E0D 
 5255      C06EE450 
 5255      9601
 5256 0119 B8D8DC71 		.ascii	"\270\330\334q\267\012\326\02640\251<P)\0319\231P\007"
 5256      B70AD616 
 5256      3430A93C 
 5256      50291939 
 5256      995007
 5257 012c 54115250 		.ascii	"T\021RP\236Q#'\015\246\322\312\012J#\361\340\262e'\226"
 5257      9E512327 
 5257      0DA6D2CA 
 5257      0A4A23F1 
 5257      E0B26527 
 5258 0141 09596984 		.ascii	"\011Yi\204\"*\251T%\242lKm\000\301!\225\302\300\252"
 5258      222AA954 
 5258      25A26C4B 
 5258      6D00C121 
 5258      95C2C0AA 
 5259 0155 16082292 		.ascii	"\026\010\"\222FB\001\303\005\322\326!\325\222\201d\""
 5259      464201C3 
 5259      05D2D621 
 5259      D5928164 
 5259      22
 5260 0166 4180ED6E 		.ascii	"A\200\355n\377\024f\013\352s1\024\000=\007\006\266\362"
 5260      FF14660B 
 5260      EA733114 
 5260      003D0706 
 5260      B6F2
 5261 0178 B433E7C8 		.ascii	"\2643\347\310\336\034\001\302\226[T\017\261Y\037\303"
 5261      DE1C01C2 
 5261      965B540F 
 5261      B1591FC3 
 5262 0188 152DD8BD 		.ascii	"\025-\330\275V\026]g\330\254\321\302=\242Y\001\031;"
 5262      56165D67 
ARM GAS  C:\Users\nicx5\AppData\Local\Temp\ccq4ftZ0.s 			page 147


 5262      D8ACD1C2 
 5262      3DA25901 
 5262      193B
 5263 019a 8F9F392A 		.ascii	"\217\2379*\225QQ5\266\253\224\001"
 5263      95515135 
 5263      B6AB9401 
 5264              		.text
 5265              		.section	.gnu.lto_LL_ADC_EnableInternalRegulator.227.1f3e1af6,"e",%progbits
 5266 0000 28B52FFD 		.ascii	"(\265/\375`\274\000\245\013\0006\325PA\020S5\034\000"
 5266      60BC00A5 
 5266      0B0036D5 
 5266      50411053 
 5266      351C00
 5267 0013 408A1FC1 		.ascii	"@\212\037\301\250A#+\0126x=\265@\025\220l\003BI\026"
 5267      A841232B 
 5267      0A36783D 
 5267      B5401590 
 5267      6C034249 
 5268 0028 E12E13A2 		.ascii	"\341.\023\242\351oo\272\362o\277\255e\377\347\0021\321"
 5268      E96F6FBA 
 5268      F26FBFAD 
 5268      65FFE702 
 5268      31D1
 5269 003a 6A75DB80 		.ascii	"ju\333\200[\373\373\237U\310\232\000\031\321\023\277"
 5269      5BFBFB9F 
 5269      55C89A00 
 5269      19D113BF 
 5270 004a EDBDA54C 		.ascii	"\355\275\245L)9\000<\000<\000\273b\002\213,\337./\300"
 5270      2939003C 
 5270      003C00BB 
 5270      62028B2C 
 5270      DF2E2FC0 
 5271 005e 7DD33E80 		.ascii	"}\323>\200\373\346\317\346\261\011wg\001|\234@a#ew;"
 5271      FBE6CFE6 
 5271      B1097767 
 5271      017C9C40 
 5271      61236577 
 5272 0073 2DF9F7FC 		.ascii	"-\371\367\374\374\307\270\200P\006{V\036\354\2563\224"
 5272      FCC7B880 
 5272      50067B56 
 5272      1EECAE33 
 5272      94
 5273 0084 99B8F5B6 		.ascii	"\231\270\365\2661\266U\366\017\004':vl\216\026a\251"
 5273      31B655F6 
 5273      0F04273A 
 5273      766C8E16 
 5273      61A9
 5274 0096 2C7C6D75 		.ascii	",|muf\337\344\3372\255\231\316L\277Rq1\"\262\"\007\206"
 5274      66DFE4DF 
 5274      32AD99CE 
 5274      4CBF5271 
 5274      3122B222 
 5275 00ac C46E8A31 		.ascii	"\304n\2121eQ6\034-l\037\200\215`\244\302\323\376\213"
 5275      6551361C 
 5275      2D6C1F80 
 5275      8D60A4C2 
 5275      D3FE8B
ARM GAS  C:\Users\nicx5\AppData\Local\Temp\ccq4ftZ0.s 			page 148


 5276 00bf C3F86EF2 		.ascii	"\303\370n\362\322.[bD\310\215\232\316\234$'=PDh\314"
 5276      D22E5B62 
 5276      44C88D9A 
 5276      CE9C2427 
 5276      3D504468 
 5277 00d4 AA351EFE 		.ascii	"\2525\036\376\370f\270T\325\307B\300q\034\305g\270k"
 5277      F866B854 
 5277      D5C742C0 
 5277      711CC567 
 5277      B86B
 5278 00e6 EA6322A0 		.ascii	"\352c\"\240\202\266=\\\004a\331U\301\300\237\341\012"
 5278      82B63D5C 
 5278      0461D955 
 5278      C1C09FE1 
 5278      0A
 5279 00f7 6129F9E6 		.ascii	"a)\371\346\277\270oW\020\0314\0244G\022\346l\026\224"
 5279      BFB86F57 
 5279      10193414 
 5279      344712E6 
 5279      6C1694
 5280 010a 4C0D4C1E 		.ascii	"L\015L\036\315\251\2042\340E\000}4\2434\247\014%R*\205"
 5280      CDA98432 
 5280      E045007D 
 5280      34A334A7 
 5280      0C25522A 
 5281 011f E2743AB8 		.ascii	"\342t:\270Z\335I5\241#\211>!\222\347yB]\213\245\341"
 5281      5ADD4935 
 5281      A123893E 
 5281      2192E779 
 5281      425D8BA5 
 5282 0134 C3061648 		.ascii	"\303\006\026H\201\275\025\204\320\210\323\241p\301\302"
 5282      81BD1584 
 5282      D088D3A1 
 5282      70C1C2
 5283 0143 A8C581B5 		.ascii	"\250\305\201\265\3020r \201\200mq\037\022\000=\007\006"
 5283      C2307220 
 5283      81806D71 
 5283      1F12003D 
 5283      0706
 5284 0155 B6F2B433 		.ascii	"\266\362\2643\347\310\336<\242U7\334RX\005\0229\236"
 5284      E7C8DE3C 
 5284      A25537DC 
 5284      52580512 
 5284      399E
 5285 0167 1018AB40 		.ascii	"\020\030\253@\343\032\017\234\011\2565\206\031\023\212"
 5285      E31A0F9C 
 5285      09AE3586 
 5285      19138A
 5286 0176 B51A1DEE 		.ascii	"\265\032\035\356\362\242\235d"
 5286      F2A29D64 
 5287              		.text
 5288              		.section	.gnu.lto_LL_ADC_IsInternalRegulatorEnabled.229.1f3e1af6,"e",%progbits
 5289 0000 28B52FFD 		.ascii	"(\265/\375`\350\000\315\014\000\306\027YD\000\223\223"
 5289      60E800CD 
 5289      0C00C617 
 5289      59440093 
 5289      93
ARM GAS  C:\Users\nicx5\AppData\Local\Temp\ccq4ftZ0.s 			page 149


 5290 0011 0E495324 		.ascii	"\016IS$\0114\325\000\266\035\350!\177h>{\036\344C\006"
 5290      0934D500 
 5290      B61DE821 
 5290      7F683E7B 
 5290      1EE44306 
 5291 0025 B7A25C47 		.ascii	"\267\242\\G,\006\247YC\021\026\016\203b\350\300t0\306"
 5291      2C06A759 
 5291      4311160E 
 5291      8362E8C0 
 5291      7430C6
 5292 0038 0A5EBE98 		.ascii	"\012^\276\230\2308\343\323S\346\030p>\201\261\232c\033"
 5292      9838E3D3 
 5292      53E61870 
 5292      3E81B19A 
 5292      631B
 5293 004a F8C96CDB 		.ascii	"\370\311l\333{K\231RC\000A\000B\000\254U\207#\002d&"
 5293      7B4B9952 
 5293      43004100 
 5293      4200AC55 
 5293      87230264 
 5294 005f 058E9DDD 		.ascii	"\005\216\235\335\016\003\235@<|\027\020\017\325\346"
 5294      0E039D40 
 5294      3C7C1710 
 5294      0FD5E6
 5295 006e DC9F26E7 		.ascii	"\334\237&\347{NT\350\004\021r\303j\245\376P\\EZ\252"
 5295      7B4E54E8 
 5295      041172C3 
 5295      6AA5FE50 
 5295      5C455AAA 
 5296 0082 07DADDCF 		.ascii	"\007\332\335\317x\232h\305dzNv\327\311j\315\334\360"
 5296      789A68C5 
 5296      647A4E76 
 5296      D7C96ACD 
 5296      DCF0
 5297 0094 B645B659 		.ascii	"\266E\266Y\354'\010]*\265\306\177\253.\3739?tZ5\235"
 5297      EC27085D 
 5297      2AB5C67F 
 5297      AB2EFB39 
 5297      3F745A35 
 5298 00a9 9A7EF4DC 		.ascii	"\232~\364\334\344\240y\321#\323\261\273\342\265\263"
 5298      E4A079D1 
 5298      23D3B1BB 
 5298      E2B5B3
 5299 00b8 3A90070C 		.ascii	":\220\007\014\33306\000[\301\353B\346s^\036heJ\304\330"
 5299      DB303600 
 5299      5BC1EB42 
 5299      E6735E1E 
 5299      68654AC4 
 5300 00cd B1DB2DB0 		.ascii	"\261\333-\260\350sh\333\227q\034\030s?\021\371sQU\306"
 5300      E87368DB 
 5300      97711C18 
 5300      733F11F9 
 5300      735155C6 
 5301 00e1 B66A0116 		.ascii	"\266j\001\026$t\365\264&w7\245#1\325\200\217\033?br"
 5301      2474F5B4 
 5301      267737A5 
 5301      2331D580 
ARM GAS  C:\Users\nicx5\AppData\Local\Temp\ccq4ftZ0.s 			page 150


 5301      8F1B3F62 
 5302 00f6 88BF23F1 		.ascii	"\210\277#\361\232\372\025\215JU\266\265w!>\273-\036"
 5302      9AFA158D 
 5302      4A55B6B5 
 5302      77213EBB 
 5302      2D1E
 5303 0108 F8355C46 		.ascii	"\3705\\F|l\016\375\227xx=\340\242aCU\016\340b\363\345"
 5303      7C6C0EFD 
 5303      9778783D 
 5303      E0A26143 
 5303      550EE062 
 5304 011e CE183828 		.ascii	"\316\0308(\251@P1!1\225N\010\266\011)(\317'\022\023"
 5304      A9405031 
 5304      2131954E 
 5304      08B60929 
 5304      28CF2712 
 5305 0133 87126965 		.ascii	"\207\022ie\345\224\225\200p\3210\023K\005\214$B\011"
 5305      E5949580 
 5305      70D13013 
 5305      4B058C24 
 5305      4209
 5306 0145 91B6CD24 		.ascii	"\221\266\315$\204i\250\016\"<\240R\032xk\221\020\032"
 5306      8469A80E 
 5306      223CA052 
 5306      1A786B91 
 5306      101A
 5307 0157 65251634 		.ascii	"e%\0264d\030i\037P-\033F\021(\014\260\335\355\237\272"
 5307      6418691F 
 5307      502D1B46 
 5307      11280CB0 
 5307      DDED9FBA 
 5308 016b 8C417D2E 		.ascii	"\214A}.f\001\023\000=\007\006\266\362\2643\347\310\336"
 5308      66011300 
 5308      3D0706B6 
 5308      F2B433E7 
 5308      C8DE
 5309 017d 1C01C296 		.ascii	"\034\001\302\226[T\027\242\301\212\266\356^+\213\256"
 5309      5B5417A2 
 5309      C18AB6EE 
 5309      5E2B8BAE 
 5310 018d 336CD668 		.ascii	"3l\326h\341\006\321X\011\225\325\343g6J\345^T\215\355"
 5310      E106D158 
 5310      0995D5E3 
 5310      67364AE5 
 5310      5E548DED 
 5311 01a1 2A65     		.ascii	"*e"
 5312              		.text
 5313              		.section	.gnu.lto_LL_ADC_Enable.230.1f3e1af6,"e",%progbits
 5314 0000 28B52FFD 		.ascii	"(\265/\375`\270\000\215\013\000F\225P@\020S5\034\005"
 5314      60B8008D 
 5314      0B004695 
 5314      50401053 
 5314      351C05
 5315 0013 0066FD23 		.ascii	"\000f\375#\014\240O\000\210\"@^O-P\005$\333@}@:\021"
 5315      0CA04F00 
 5315      8822405E 
 5315      4F2D5005 
ARM GAS  C:\Users\nicx5\AppData\Local\Temp\ccq4ftZ0.s 			page 151


 5315      24DB407D 
 5316 002a 414DEC4D 		.ascii	"AM\354MW\376\355\267\265\354\377\\ &Z\255n\033\344\326"
 5316      57FEEDB7 
 5316      B5ECFF5C 
 5316      20265AAD 
 5316      6E1BE4D6 
 5317 003e FEFE1B17 		.ascii	"\376\376\033\027\210\"P)j\242\277\367\336R\246\0249"
 5317      88225029 
 5317      6AA2BFF7 
 5317      DE52A614 
 5317      39
 5318 004f 003B003C 		.ascii	"\000;\000<\000\273\"\003{(\337\022\334\000\367M;\001"
 5318      00BB2203 
 5318      7B28DF12 
 5318      DC00F74D 
 5318      3B01
 5319 0061 EE9B419B 		.ascii	"\356\233A\233\307%\334\225\005\370\241#\305\015\223"
 5319      C725DC95 
 5319      05F8A123 
 5319      C50D93
 5320 0070 DDF554E4 		.ascii	"\335\365T\344\340\023\364/\343\002\302\027\353\331M"
 5320      E013F42F 
 5320      E302C217 
 5320      EBD94D
 5321 007f D85D67F8 		.ascii	"\330]g\370:q\353m+\260m\262\177 \263\036;6G\213\254"
 5321      3A71EB6D 
 5321      2BB06DB2 
 5321      7F20B31E 
 5321      3B36478B 
 5322 0094 D416BEB6 		.ascii	"\324\026\276\266*\263?\362o\231\326Lg\246\337u/\202"
 5322      2AB33FF2 
 5322      6F99D64C 
 5322      67A6DF75 
 5322      2F82
 5323 00a6 C058E490 		.ascii	"\300X\344\220\340cW\305h\262%\033\211\013\333\007`/"
 5323      E06357C5 
 5323      68B2251B 
 5323      890BDB07 
 5323      602F
 5324 00b8 986578DA 		.ascii	"\230ex\332\207\361\030\340GV\036\260{B\202#\2532glv"
 5324      87F118E0 
 5324      47561EB0 
 5324      7B428223 
 5324      AB32676C 
 5325 00cd 5262425D 		.ascii	"RbB]V\265\361\020\310_\341RU\357B\321\215\343(\276\302"
 5325      56B5F110 
 5325      C85FE152 
 5325      55EF42D1 
 5325      8DE328BE 
 5326 00e2 5D53EF82 		.ascii	"]S\357\202\265\264e[\304E\022\224\335\025\017|\032\252"
 5326      B5B4655B 
 5326      C4451294 
 5326      DD150F7C 
 5326      1AAA
 5327 00f4 1214916F 		.ascii	"\022\024\221o\376\212\373v\015\231QC[\346b\001\306\\"
 5327      FE8AFB76 
 5327      0D995143 
ARM GAS  C:\Users\nicx5\AppData\Local\Temp\ccq4ftZ0.s 			page 152


 5327      5BE66201 
 5327      C65C
 5328 0106 1C844410 		.ascii	"\034\204D\020D\032\313(DB\360U\340l4\223,\243\016!P"
 5328      441ACB28 
 5328      4442F055 
 5328      E06C3493 
 5328      2CA30E21 
 5329 011b A944C264 		.ascii	"\251D\302dB\250R\336\310t\301\003y6\035\320\367i:^\012"
 5329      42A852DE 
 5329      C874C103 
 5329      79361DD0 
 5329      F7693A5E 
 5330 0130 E561C407 		.ascii	"\345a\304\007\024\247\201\277\023\205\316\007\223\301"
 5330      14A781BF 
 5330      1385CE07 
 5330      93C1
 5331 013e B041C327 		.ascii	"\260A\303'\005\002u\342\360\211`\241\200mq\257\005\021"
 5331      050275E2 
 5331      F08960A1 
 5331      806D71AF 
 5331      0511
 5332 0150 003D0706 		.ascii	"\000=\007\006\266\362\2643\347H\337\034Y\2615\234Q\260"
 5332      B6F2B433 
 5332      E748DF1C 
 5332      59B1359C 
 5332      51B0
 5333 0162 04113996 		.ascii	"\004\0219\226\020\2366\361\300\275\340Zc\2301\241X\253"
 5333      109E36F1 
 5333      C0BDE05A 
 5333      639831A1 
 5333      58AB
 5334 0174 D1E12E2F 		.ascii	"\321\341./\332I\006"
 5334      DA4906
 5335              		.text
 5336              		.section	.gnu.lto_LL_ADC_Disable.231.1f3e1af6,"e",%progbits
 5337 0000 28B52FFD 		.ascii	"(\265/\375`\270\000\205\013\000\206\025QA\020S5\034"
 5337      60B80085 
 5337      0B008615 
 5337      51411053 
 5337      351C
 5338 0012 0A9402AD 		.ascii	"\012\224\002\255\320\017\250\310V\024\370\350\365\354"
 5338      D00FA8C8 
 5338      5614F8E8 
 5338      F5EC
 5339 0020 22AA0868 		.ascii	"\"\252\010hX\032\220^%\020\021\324\304\336t\345\337"
 5339      581A905E 
 5339      251011D4 
 5339      C4DE74E5 
 5339      DF
 5340 0031 7E5BCBFE 		.ascii	"~[\313\376\317\005b\242\325\352\266\001\267\366\367"
 5340      CF0562A2 
 5340      D5EAB601 
 5340      B7F6F7
 5341 0040 DF788828 		.ascii	"\337x\210(\002\225\242&\372{\357-eJ\001:\000:\000=\000"
 5341      0295A226 
 5341      FA7BEF2D 
 5341      654A013A 
ARM GAS  C:\Users\nicx5\AppData\Local\Temp\ccq4ftZ0.s 			page 153


 5341      003A003D 
 5342 0055 3976C506 		.ascii	"9v\305\006\376T\256%\270\201\355Zv\002\3335\1776\020"
 5342      FE54AE25 
 5342      B881ED5A 
 5342      7602DB35 
 5342      7F3610
 5343 0068 0CB81B06 		.ascii	"\014\270\033\006@q\221\002G\312\356vZ\362\357\371\371"
 5343      40719102 
 5343      47CAEE76 
 5343      5AF2EFF9 
 5343      F9
 5344 0079 97710120 		.ascii	"\227q\001 \254\365\344&\354\256\023\204\235\270\365"
 5344      ACF5E426 
 5344      ECAE1384 
 5344      9DB8F5
 5345 0088 B615D83E 		.ascii	"\266\025\330>\331?\020=6G\213\255T\022?\333\335\265"
 5345      D93F103D 
 5345      36478BAD 
 5345      54123FDB 
 5345      DDB5
 5346 009a 86F64D7E 		.ascii	"\206\366M~-\323\232\351\314\3649\356\005I\214\005\217"
 5346      2DD39AE9 
 5346      CCF439EE 
 5346      05498C05 
 5346      8F
 5347 00ab 05417655 		.ascii	"\005AvU\214){\242\351ha\373\000l\00662<\355\303x\214"
 5347      8C297BA2 
 5347      E96861FB 
 5347      006C0636 
 5347      323CEDC3 
 5348 00c1 EF262C0F 		.ascii	"\357&,\017\330\025\262#\032:G~\204'&\364e\325\033\007"
 5348      D815B223 
 5348      1A3A477E 
 5348      842726F4 
 5348      65D51B07 
 5349 00d5 51F2962D 		.ascii	"Q\362\226-U\365/\024\3348\216\342-\3335\365\257\230"
 5349      55F52F14 
 5349      DC388EE2 
 5349      2DDB35F5 
 5349      AF98
 5350 00e7 4B5DB645 		.ascii	"K]\266E\\$Q\331]\001\301\247\261*Q)\271\346\263\266"
 5350      5C2451D9 
 5350      5D01C1A7 
 5350      B12A5129 
 5350      B9E6B3B6 
 5351 00fb 6B579119 		.ascii	"kW\221\0315\324\345m\304\307\220\316`\036\210F\021F"
 5351      35D4E56D 
 5351      C4C790CE 
 5351      601E8846 
 5351      1146
 5352 010d 9B0B4954 		.ascii	"\233\013ITB\340U\350p2\227.\244\016\242\220\311T\312"
 5352      42E055E8 
 5352      7032972E 
 5352      A40EA290 
 5352      C954CA
 5353 0120 6842AC54 		.ascii	"hB\254T\035\351t\241\013}8\236\220\347m<\235*\345a\304"
 5353      1DE974A1 
ARM GAS  C:\Users\nicx5\AppData\Local\Temp\ccq4ftZ0.s 			page 154


 5353      0B7D389E 
 5353      90E76D3C 
 5353      9D2AE561 
 5354 0135 8754C781 		.ascii	"\207T\307\201=\024\005\017(\243\301\260A\003H\005\""
 5354      3D14050F 
 5354      28A3C1B0 
 5354      41034805 
 5354      22
 5355 0146 85E20092 		.ascii	"\205\342\000\222`\241\200mq\237m\020\000=\007\006\266"
 5355      60A1806D 
 5355      719F6D10 
 5355      003D0706 
 5355      B6
 5356 0157 F2B433E7 		.ascii	"\362\2643\347H\337\034Y\2615\234Q\260\004\0219\226\020"
 5356      48DF1C59 
 5356      B1359C51 
 5356      B0041139 
 5356      9610
 5357 0169 9E36F1C0 		.ascii	"\2366\361\300\275\340\256e@k5%\334\345E;\311"
 5357      BDE0AE65 
 5357      406B3525 
 5357      DCE5453B 
 5357      C9
 5358              		.text
 5359              		.section	.gnu.lto_LL_ADC_IsEnabled.232.1f3e1af6,"e",%progbits
 5360 0000 28B52FFD 		.ascii	"(\265/\375`\344\000\275\014\000\326\027YD\000\223\223"
 5360      60E400BD 
 5360      0C00D617 
 5360      59440093 
 5360      93
 5361 0011 0ED9F628 		.ascii	"\016\331\366(\201\325\373_\362\237\212\036\362\207\264"
 5361      81D5FB5F 
 5361      F29F8A1E 
 5361      F287B4
 5362 0020 D37A103F 		.ascii	"\323z\020?b\\\244\244\006\030\274\337\276\241\010\013"
 5362      625CA4A4 
 5362      0618BCDF 
 5362      BEA1080B 
 5363 0030 87413174 		.ascii	"\207A1t`:\030c\005/_LL\234\361\351)s\0148\237@\263\026"
 5363      603A1863 
 5363      052F5F4C 
 5363      4C9CF1E9 
 5363      29730C38 
 5364 0048 F69F78DF 		.ascii	"\366\237x\337Z\333{K\231RD\000A\000C\000(X\253\316\006"
 5364      5ADB7B4B 
 5364      99524400 
 5364      41004300 
 5364      2858ABCE 
 5365 005d 0444880C 		.ascii	"\004D\210\014\016\235\335\016\023y\201x\370> \036*\315"
 5365      0E9DDD0E 
 5365      13798178 
 5365      F83E201E 
 5365      2ACD
 5366 006f B93F4DCE 		.ascii	"\271?M\316\367\234\270prdrX\255\324\237\212+\250\245"
 5366      F79CB870 
 5366      72647258 
 5366      ADD49F8A 
ARM GAS  C:\Users\nicx5\AppData\Local\Temp\ccq4ftZ0.s 			page 155


 5366      2BA8A5
 5367 0082 7A22BB7B 		.ascii	"z\"\273{\031O\023\255\230L\317\311\356:Y\255\0247\274"
 5367      194F13AD 
 5367      984CCFC9 
 5367      EE3A59AD 
 5367      1437BC
 5368 0095 6D916D16 		.ascii	"m\221m\026\373\012\002;\356R\2513\376[}\331\277\371"
 5368      FB0A023B 
 5368      EE52A933 
 5368      FE5B7DD9 
 5368      BFF9
 5369 00a7 A1D3AAE9 		.ascii	"\241\323\252\351\324\364\243\247\346\206\353\005\017"
 5369      D4F4A3A7 
 5369      E686EB05 
 5369      0F
 5370 00b4 2CC7EE8A 		.ascii	",\307\356\212\035\235\305\201;b\330\206\261\001\330"
 5370      1D9DC581 
 5370      3B62D886 
 5370      B101D8
 5371 00c3 0B6060C8 		.ascii	"\013``\310\374\315\213\005\354\006\371\241c\267c`\321"
 5371      FCCD8B05 
 5371      EC06F9A1 
 5371      63B76360 
 5371      D1
 5372 00d4 E7D0B65F 		.ascii	"\347\320\266_s\033\030s\017\\\314\362\347\242\352\011"
 5372      731B1873 
 5372      0F5CCCF2 
 5372      E7A2EA09 
 5373 00e4 DBAA0658 		.ascii	"\333\252\006X\224\320\325\323\231\334\335\224\216\304"
 5373      94D0D5D3 
 5373      99DCDD94 
 5373      8EC4
 5374 00f2 D4033D6C 		.ascii	"\324\003=l\370\210\311!\376G\3425\365+\227JU\266\265"
 5374      F888C921 
 5374      FE47E235 
 5374      F52B974A 
 5374      55B6B5
 5375 0105 77223EBB 		.ascii	"w\">\273- \3704\\H|h\016\375\227xxE\360\232QCU\016\340"
 5375      2D20F834 
 5375      5C487C68 
 5375      0EFD9778 
 5375      7845F09A 
 5376 011e 6233CE1A 		.ascii	"b3\316\032<(\251DP1!1\225N\0116\012)(\317'\022S\207"
 5376      3C28A944 
 5376      50312131 
 5376      954E0936 
 5376      0A2928CF 
 5377 0136 126965E5 		.ascii	"\022ie\345\224\225\204p\3210\023\213\005\214$B\011\221"
 5377      94958470 
 5377      D130138B 
 5377      058C2442 
 5377      0991
 5378 0148 B6CD2484 		.ascii	"\266\315$\204i(\017#>\240R\034xk\231\020\032e%\0276"
 5378      69280F23 
 5378      3EA0521C 
 5378      786B9910 
 5378      1A652517 
ARM GAS  C:\Users\nicx5\AppData\Local\Temp\ccq4ftZ0.s 			page 156


 5379 015d 68186920 		.ascii	"h\030i P-\034F\022*\020\260\335\355\337\352\313\031"
 5379      502D1C46 
 5379      122A10B0 
 5379      DDEDDFEA 
 5379      CB19
 5380 016f D40F1200 		.ascii	"\324\017\022\000=\007\006\266\362\2643\347H\337\034"
 5380      3D0706B6 
 5380      F2B433E7 
 5380      48DF1C
 5381 017e C1459B53 		.ascii	"\301E\233S,\327a\300\211\261x\373\323\206\215\305\255"
 5381      2CD761C0 
 5381      89B178FB 
 5381      D3868DC5 
 5381      AD
 5382 018f D9235A14 		.ascii	"\331#Z\024\220\011\363\370\231\243R\031\025Uc\273J\031"
 5382      9009F3F8 
 5382      99A35219 
 5382      155563BB 
 5382      4A19
 5383              		.text
 5384              		.section	.gnu.lto_LL_ADC_IsDisableOngoing.233.1f3e1af6,"e",%progbits
 5385 0000 28B52FFD 		.ascii	"(\265/\375`\344\000\305\014\000\026\330YD\000\223\223"
 5385      60E400C5 
 5385      0C0016D8 
 5385      59440093 
 5385      93
 5386 0011 0E689F5D 		.ascii	"\016h\237](@\351\200\026\005z\310\037\322\036@\200\343"
 5386      2840E980 
 5386      16057AC8 
 5386      1FD21E40 
 5386      80E3
 5387 0023 7589C242 		.ascii	"u\211\302B*\206\217\343\346-\212\260p\030\024C\007\246"
 5387      2A868FE3 
 5387      E62D8AB0 
 5387      70181443 
 5387      07A6
 5388 0035 833156F0 		.ascii	"\2031V\360\362\305\304\304\031\237\236\"\326\001\347"
 5388      F2C5C4C4 
 5388      199F9E22 
 5388      D601E7
 5389 0044 1368D6C2 		.ascii	"\023h\326\302\376\023\357[k{o)S\012E\000A\000D\000?"
 5389      FE13EF5B 
 5389      6B7B6F29 
 5389      530A4500 
 5389      41004400 
 5390 0059 C15A7537 		.ascii	"\301Zu7\240!4T\350\310\331\355\260\221\027\210\207\357"
 5390      A0213454 
 5390      E8C8D9ED 
 5390      B0911788 
 5390      87EF
 5391 006b 03E2A1D6 		.ascii	"\003\342\241\326\234\373\323\344|O\212+\010\221\025"
 5391      9CFBD3E4 
 5391      7C4F8A2B 
 5391      089115
 5392 007a 3158ADD4 		.ascii	"1X\255\324_\212+\250\245z#\273\373\032\317\022\255\231"
 5392      5F8A2BA8 
 5392      A57A23BB 
ARM GAS  C:\Users\nicx5\AppData\Local\Temp\ccq4ftZ0.s 			page 157


 5392      FB1ACF12 
 5392      AD99
 5393 008c 4C4FCAEE 		.ascii	"LO\312\356:Y-\0247\274m\221m\027\373\012\002]*\225\306"
 5393      3A592D14 
 5393      37BC6D91 
 5393      6D17FB0A 
 5393      025D2A95 
 5394 00a1 7FBBBBD6 		.ascii	"\177\273\273\326\227}\234\037:\255\232NM?zlz\270`\370"
 5394      977D9C1F 
 5394      3AAD9A4E 
 5394      4D3F7A6C 
 5394      7AB860F8 
 5395 00b5 3891B1CB 		.ascii	"8\221\261\313b'g\177@\0363l\313\330\000\354\005\253"
 5395      6227677F 
 5395      401E336C 
 5395      CBD800EC 
 5395      05AB
 5396 00c7 0B99C789 		.ascii	"\013\231\307\211\261\200\335\":;v;\006\026}\016m\373"
 5396      B180DD22 
 5396      3A3B763B 
 5396      06167D0E 
 5396      6DFB
 5397 00d9 36BF9131 		.ascii	"6\277\2211\0271\313\237\213\252&l\253\032hABWOirwSJ"
 5397      1731CB9F 
 5397      8BAA266C 
 5397      AB1A6841 
 5397      42574F69 
 5398 00f1 12530F08 		.ascii	"\022S\017\010\311\001d&u\234'\211\327\324\257\\*U\331"
 5398      C9016426 
 5398      759C2789 
 5398      D7D4AF5C 
 5398      2A55D9
 5399 0104 D6DE85F8 		.ascii	"\326\336\205\370\354\2728\361o\300\214\370\324\034\372"
 5399      ECBA38F1 
 5399      6FC08CF8 
 5399      D41CFA
 5400 0113 31F1F08A 		.ascii	"1\361\360\212\340e\003\207\252\034\340\305\346\216\003"
 5400      E0650387 
 5400      AA1CE0C5 
 5400      E68E03
 5401 0122 CE1A3C28 		.ascii	"\316\032<(\261@`A)1\225N\011\266\011+*\317\247\022\023"
 5401      B1406041 
 5401      2931954E 
 5401      09B6092B 
 5401      2ACFA712 
 5402 0137 8712A9A5 		.ascii	"\207\022\251\245\345\224\231\200\200\3210\223K\005\214"
 5402      E5949980 
 5402      80D13093 
 5402      4B058C
 5403 0146 24520991 		.ascii	"$R\011\221\266\015%\204i\250\016\"<\240V\034x{\221\020"
 5403      B60D2584 
 5403      69A80E22 
 5403      3CA0561C 
 5403      787B9110 
 5404 015a 1A652616 		.ascii	"\032e&\0264d\030i\037P/\033F\021(\020\260\335\355\337"
 5404      34641869 
 5404      1F502F1B 
ARM GAS  C:\Users\nicx5\AppData\Local\Temp\ccq4ftZ0.s 			page 158


 5404      46112810 
 5404      B0DDEDDF 
 5405 016e EACB18D4 		.ascii	"\352\313\030\324\347\002\021\000=\007\006\266\362\264"
 5405      E7021100 
 5405      3D0706B6 
 5405      F2B4
 5406 017c 33E748DF 		.ascii	"3\347H\337\034\301E\233S,\327a\300\211\261x\373\323"
 5406      1CC1459B 
 5406      532CD761 
 5406      C089B178 
 5406      FBD3
 5407 018e 868DC5D3 		.ascii	"\206\215\305\3232;TA\217\237\331(\225{Q5\266\253\224"
 5407      323B5441 
 5407      8F9FD928 
 5407      957B5135 
 5407      B6AB94
 5408 01a1 01       		.ascii	"\001"
 5409              		.text
 5410              		.section	.gnu.lto_LL_ADC_REG_StartConversion.236.1f3e1af6,"e",%progbits
 5411 0000 28B52FFD 		.ascii	"(\265/\375`\270\000\215\013\000\206UQA\020S5\034\230"
 5411      60B8008D 
 5411      0B008655 
 5411      51411053 
 5411      351C98
 5412 0013 B1264844 		.ascii	"\261&HD\305\300\011lY\260\301C\003\213DE9H\032\324G"
 5412      C5C0096C 
 5412      59B0C143 
 5412      038B4445 
 5412      39481AD4 
 5413 0028 543722A8 		.ascii	"T7\"\250\211\275\351\312\277\375\266\226\375\237\013"
 5413      89BDE9CA 
 5413      BFFDB696 
 5413      FD9F0B
 5414 0037 C444ABD5 		.ascii	"\304D\253\325\355\014\334\332\337\177\265\002Q\004*"
 5414      ED0CDCDA 
 5414      DF7FB502 
 5414      51042A
 5415 0046 454DF4F7 		.ascii	"EM\364\367\336[\312\224\002:\000:\000>\0009vE\006\376"
 5415      DE5BCA94 
 5415      023A003A 
 5415      003E0039 
 5415      764506FE 
 5416 005a 54AE25B8 		.ascii	"T\256%\270\201\355Zv\002\3335\177\266\017\014\270\033"
 5416      81ED5A76 
 5416      02DB357F 
 5416      B60F0CB8 
 5416      1B
 5417 006b 06002244 		.ascii	"\006\000\"D\305\215\224\335\355\224\344\337\363\363"
 5417      C58D94DD 
 5417      ED94E4DF 
 5417      F3F3
 5418 0079 6F720120 		.ascii	"or\001 \254\365\344&\354\256\023\204\241\270\365\266"
 5418      ACF5E426 
 5418      ECAE1384 
 5418      A1B8F5B6 
 5419 0089 15D83ED9 		.ascii	"\025\330>\331?\020<6G\213\255T\027~\266\273k\015\355"
 5419      3F103C36 
ARM GAS  C:\Users\nicx5\AppData\Local\Temp\ccq4ftZ0.s 			page 159


 5419      478BAD54 
 5419      177EB6BB 
 5419      6B0DED
 5420 009c 97FC5AA6 		.ascii	"\227\374Z\2465\323\231\351s\234\311\211X\213\035\022"
 5420      35D399E9 
 5420      739CC989 
 5420      588B1D12 
 5421 00ac 70ECAE18 		.ascii	"p\354\256\030S\366D\323\361\302\366\001\330\013zdx\332"
 5421      53F644D3 
 5421      F1C2F601 
 5421      D80B7A64 
 5421      78DA
 5422 00be 8F7119DF 		.ascii	"\217q\031\337KX\036\260\033dH\032:GP`\234\230\320\227"
 5422      4B581EB0 
 5422      1B64481A 
 5422      3A475060 
 5422      9C98D097 
 5423 00d2 556D1CFC 		.ascii	"Um\034\374\221\335\262\245\252\376\225\202\033\307Q"
 5423      91DDB2A5 
 5423      AAFE9582 
 5423      1BC751
 5424 00e1 BC65BBA6 		.ascii	"\274e\273\246\376\025s\251\313\266\210\213$*\273,\036"
 5424      FE1573A9 
 5424      CBB6888B 
 5424      242ABB2C 
 5424      1E
 5425 00f2 F8345625 		.ascii	"\3704V%*$\327|\326v\355*2\243\206\272\274\215\240\204"
 5425      2A24D77C 
 5425      D676ED2A 
 5425      32A386BA 
 5425      BC8DA084 
 5426 0106 01CE601C 		.ascii	"\001\316`\034\210F\020F\233\013ITB\340U\350p2\227.\244"
 5426      88461046 
 5426      9B0B4954 
 5426      42E055E8 
 5426      7032972E 
 5427 011b 0EA290C9 		.ascii	"\016\242\220\311T\312hB\254T\035\351t\241\013}8\236"
 5427      54CA6842 
 5427      AC541DE9 
 5427      74A10B7D 
 5427      389E
 5428 012d 90E76D3C 		.ascii	"\220\347m<\235*\345a\304\207T\247\201=\024\005\017("
 5428      9D2AE561 
 5428      C48754A7 
 5428      813D1405 
 5428      0F28
 5429 013f A3C1B041 		.ascii	"\243\301\260A\003H\005\"\205\342\000\212`\241\200mq"
 5429      03480522 
 5429      85E2008A 
 5429      60A1806D 
 5429      71
 5430 0150 9F6D1000 		.ascii	"\237m\020\000=\007\006\266\362\2643\347H\337\034Y\261"
 5430      3D0706B6 
 5430      F2B433E7 
 5430      48DF1C59 
 5430      B1
 5431 0161 359C51B0 		.ascii	"5\234Q\260\004\0219\226\020\2366\361\300\275\340\256"
ARM GAS  C:\Users\nicx5\AppData\Local\Temp\ccq4ftZ0.s 			page 160


 5431      04113996 
 5431      109E36F1 
 5431      C0BDE0AE 
 5432 0171 65406B35 		.ascii	"e@k5%\334\345E;\311"
 5432      25DCE545 
 5432      3BC9
 5433              		.text
 5434              		.section	.gnu.lto_LL_ADC_REG_StopConversion.237.1f3e1af6,"e",%progbits
 5435 0000 28B52FFD 		.ascii	"(\265/\375`\270\000\245\013\000FUQB\020q5\034\000X\021"
 5435      60B800A5 
 5435      0B004655 
 5435      51421071 
 5435      351C0058 
 5436 0015 33419712 		.ascii	"3A\227\022\200\"!\304\031\273\001p\240\016\262\331\016"
 5436      802221C4 
 5436      19BB0170 
 5436      A00EB2D9 
 5436      0E
 5437 0026 5C470E56 		.ascii	"\\G\016V\033:\232\275\363=\262)\306*\177\"!\246\214"
 5437      1B3A9ABD 
 5437      F33DB229 
 5437      C62A7F22 
 5437      21A68C
 5438 0039 5095861C 		.ascii	"P\225\206\034\204\272\237\235S\011\314\236\011\213\305"
 5438      84BA9F9D 
 5438      5309CC9E 
 5438      098BC5
 5439 0048 23FA7BEF 		.ascii	"#\372{\357-eJ\0019\000;\000=\000\273\"\003\203*\337"
 5439      2D654A01 
 5439      39003B00 
 5439      3D00BB22 
 5439      03832ADF 
 5440 005c 14FC00F7 		.ascii	"\024\374\000\367M{\001\356\233A;G&\334\235\005H)AA\202"
 5440      4D7B01EE 
 5440      9B413B47 
 5440      26DC9D05 
 5440      48294141 
 5441 0071 B2BB9E82 		.ascii	"\262\273\236\202\034|\202\376G> \214\271\236\235\204"
 5441      1C7C82FE 
 5441      473E208C 
 5441      B99E9D84 
 5442 0081 DD758631 		.ascii	"\335u\2061\023\267\336\366\002\333(\373\010\002'!76"
 5442      13B7DEF6 
 5442      02DB28FB 
 5442      08022721 
 5442      3736
 5443 0093 478BAE54 		.ascii	"G\213\256T\026\276\266:\263/\362o\231\326Lg\246\337"
 5443      16BEB63A 
 5443      B32FF26F 
 5443      99D64C67 
 5443      A6DF
 5444 00a5 752321B2 		.ascii	"u#!\262\0256.4vS\214(k\262\225\264\260}\000\366\205"
 5444      15362E34 
 5444      76538C28 
 5444      6BB295B4 
 5444      B07D00F6 
 5445 00ba 04C3D3BE 		.ascii	"\004\303\323\276\213\277\000/\3222\201\335\035)5\002"
ARM GAS  C:\Users\nicx5\AppData\Local\Temp\ccq4ftZ0.s 			page 161


 5445      8BBF002F 
 5445      D23281DD 
 5445      1D293502 
 5446 00ca AB33E7C7 		.ascii	"\2533\347\307\011\016\223\022\012\263\352\214\207:\004"
 5446      090E9312 
 5446      0AB3EA8C 
 5446      873A04
 5447 00d9 DCC2A5AA 		.ascii	"\334\302\245\252\036v\242\033\307Q\274\205\273\246\036"
 5447      1E76A21B 
 5447      C751BC85 
 5447      BBA61E
 5448 00e8 267BE9CB 		.ascii	"&{\351\313v\210\213#*\273*\036\3701X$* \337\374\026"
 5448      76888B23 
 5448      2ABB2A1E 
 5448      F8315824 
 5448      2A20DFFC 
 5449 00fd F7EDEA01 		.ascii	"\367\355\352\001C\206\276\314}\004\326d\034\214H\020"
 5449      4386BECC 
 5449      7D04D664 
 5449      1C8C4810 
 5450 010d 481C4C69 		.ascii	"H\034LidJ\360Q\360t4\2330%\016#\321\351d\322l@\260V"
 5450      644AF051 
 5450      F074349B 
 5450      30250E23 
 5450      D1E964D2 
 5451 0125 5E0965C1 		.ascii	"^\011e\301\023\201:\037\321\367q>\336J\325A\204\007"
 5451      13813A1F 
 5451      D1F7713E 
 5451      DE4AD541 
 5451      8407
 5452 0137 95A781BF 		.ascii	"\225\247\201\277\324\204OH\263\271\240!Ch\365A\225\332"
 5452      D4844F48 
 5452      B3B9A021 
 5452      4368F541 
 5452      95DA
 5453 0149 108A50C1 		.ascii	"\020\212P\301\200mq\257\005\021\000=\007\006\266\362"
 5453      806D71AF 
 5453      0511003D 
 5453      0706B6F2 
 5454 0159 B433E748 		.ascii	"\2643\347H\337\034Y\2615\234Q\260\004\0219\226\020\236"
 5454      DF1C59B1 
 5454      359C51B0 
 5454      04113996 
 5454      109E
 5455 016b 36F1C0BD 		.ascii	"6\361\300\275\340Zc\2301\241X\253\321\341./\332I\006"
 5455      E05A6398 
 5455      31A158AB 
 5455      D1E12E2F 
 5455      DA4906
 5456              		.text
 5457              		.section	.gnu.lto_LL_ADC_REG_IsConversionOngoing.238.1f3e1af6,"e",%progbits
 5458 0000 28B52FFD 		.ascii	"(\265/\375`\344\000\275\014\000\326\027YD\360\262&\035"
 5458      60E400BD 
 5458      0C00D617 
 5458      5944F0B2 
 5458      261D
 5459 0012 605E0F37 		.ascii	"`^\0177\022\227/\235\233\333c\203\011Z~?-M7\335+n\365"
ARM GAS  C:\Users\nicx5\AppData\Local\Temp\ccq4ftZ0.s 			page 162


 5459      12972F9D 
 5459      9BDB6383 
 5459      095A7E3F 
 5459      2D4D37DD 
 5460 0029 1DC7BD79 		.ascii	"\035\307\275y\213\3002\255\242Zb\302/\230F\365\210\016"
 5460      8BC032AD 
 5460      A25A62C2 
 5460      2F9846F5 
 5460      880E
 5461 003b 7727FBB2 		.ascii	"w'\373\262\025\355[L\030\212/b\221c\207\356\220\333"
 5461      15ED5B4C 
 5461      188A2F62 
 5461      916387EE 
 5461      90DB
 5462 004d B6F79632 		.ascii	"\266\367\2262\245D\000A\000C\000&Z\254\356&\304\207"
 5462      A5440041 
 5462      00430026 
 5462      5AACEE26 
 5462      C487
 5463 005f 0C0A1B3C 		.ascii	"\014\012\033<\273\035\026\372\200x\370\036 \036j\315"
 5463      BB1D16FA 
 5463      8078F81E 
 5463      201E6ACD 
 5464 006f B93F4DCE 		.ascii	"\271?M\316\377\230\244\320\351\221\003F\313\245\372"
 5464      FF98A4D0 
 5464      E9910346 
 5464      CBA5FA
 5465 007e 3B710D71 		.ascii	";q\015q\255^hw\237\363,\341\202\311\374\230\354\256"
 5465      AD5E6877 
 5465      9FF32CE1 
 5465      82C9FC98 
 5465      ECAE
 5466 0090 B3E592B9 		.ascii	"\263\345\222\271\341m\217l\257\330G\020=\356T\2514\376"
 5466      E16D8F6C 
 5466      AFD84710 
 5466      3DEE54A9 
 5466      34FE
 5467 00a2 5B7DD9C7 		.ascii	"[}\331\307\371\241\323\252\351\324\364\343'\347\306"
 5467      F9A1D3AA 
 5467      E9D4F4E3 
 5467      27E7C6
 5468 00b1 CC0B1D19 		.ascii	"\314\013\035\031\216\335\025=<\273\003\356\330\330~"
 5468      8EDD153D 
 5468      3CBB03EE 
 5468      D8D87E
 5469 00c0 B141EC04 		.ascii	"\261A\354\0046\0262\217\343\362B\033CB\205\316n\247"
 5469      3616328F 
 5469      E3F2421B 
 5469      434285CE 
 5469      6EA7
 5470 00d2 C023D0A1 		.ascii	"\300#\320\241m?\306o^\314=\\\314\362\347\242j\214mU"
 5470      6D3FC66F 
 5470      5ECC3D5C 
 5470      CCF2E7A2 
 5470      6A8C6D55 
 5471 00e6 022C4628 		.ascii	"\002,F(\353)M\356\256JEbj\201\235\032<`\362\207\337"
 5471      EB294DEE 
ARM GAS  C:\Users\nicx5\AppData\Local\Temp\ccq4ftZ0.s 			page 163


 5471      AE4A4562 
 5471      6A819D1A 
 5471      3C60F287 
 5472 00fb 45E235F5 		.ascii	"E\3425\365\254\231\225\256lk\357@\200v[8\360g\264\210"
 5472      AC9995AE 
 5472      6C6BEF40 
 5472      80765B38 
 5472      F067B488 
 5473 010f 00D51CFA 		.ascii	"\000\325\034\372.\361\360j\340%\203\206\256\014\300"
 5473      2EF1F06A 
 5473      E0258386 
 5473      AE0CC0
 5474 011e C566CE16 		.ascii	"\305f\316\02640\245<H)\0319\231P\0076\011('\317\250"
 5474      3430A53C 
 5474      48291939 
 5474      99500736 
 5474      092827CF 
 5475 0133 91D30653 		.ascii	"\221\323\006SIE\005\225\221|h\321\260\323\012\005\254"
 5475      49450595 
 5475      917C68D1 
 5475      B0D30A05 
 5475      AC
 5476 0144 343A1195 		.ascii	"4:\021\225\266\255D\204i)\016!:\244P\030xc\211 \"e$"
 5476      B6AD4484 
 5476      69290E21 
 5476      3AA45018 
 5476      78638920 
 5477 015b 15326020 		.ascii	"\0252` i\036R,\032H\020&\010\260\335\355\337\352\313"
 5477      691E522C 
 5477      1A481026 
 5477      08B0DDED 
 5477      DFEACB
 5478 016e 17D40F12 		.ascii	"\027\324\017\022\000=\007\006\266\362\2643\347H\337"
 5478      003D0706 
 5478      B6F2B433 
 5478      E748DF
 5479 017d 1CC1459B 		.ascii	"\034\301E\233S,\327a\300\211\261x\373\323\206\215\305"
 5479      532CD761 
 5479      C089B178 
 5479      FBD3868D 
 5479      C5
 5480 018e ADD9235A 		.ascii	"\255\331#Z\024\220\011\363\370\231\243R\031\025Uc\273"
 5480      149009F3 
 5480      F899A352 
 5480      19155563 
 5480      BB
 5481 019f 4A19     		.ascii	"J\031"
 5482              		.text
 5483              		.section	.gnu.lto_LL_ADC_INJ_StopConversion.248.1f3e1af6,"e",%progbits
 5484 0000 28B52FFD 		.ascii	"(\265/\375`\270\000\225\013\000F\325P@\020S5\034\300"
 5484      60B80095 
 5484      0B0046D5 
 5484      50401053 
 5484      351CC0
 5485 0013 28F1CA92 		.ascii	"(\361\312\222\003\244\302\007A\260\341\210\033\020>"
 5485      03A4C207 
 5485      41B0E188 
ARM GAS  C:\Users\nicx5\AppData\Local\Temp\ccq4ftZ0.s 			page 164


 5485      1B103E
 5486 0022 F60C54A9 		.ascii	"\366\014T\251x/\201\336\250n\366\246+\377\366\333Z\366"
 5486      782F81DE 
 5486      A86EF6A6 
 5486      2BFFF6DB 
 5486      5AF6
 5487 0034 7F2E1013 		.ascii	"\177.\020\023\255V\267\015\270\265\277\377\306\013\234"
 5487      AD56B70D 
 5487      B8B5BFFF 
 5487      C60B9C
 5488 0043 22509948 		.ascii	"\"P\231H\375\367\336[\312\224\0029\000;\000=\000\273"
 5488      FDF7DE5B 
 5488      CA940239 
 5488      003B003D 
 5488      00BB
 5489 0055 62037F28 		.ascii	"b\003\177(\337*?\300}\323^\200\373f\320\016\202\011"
 5489      DF2A3FC0 
 5489      7DD35E80 
 5489      FB66D00E 
 5489      8209
 5490 0067 7765025C 		.ascii	"we\002\\\364P\221\343dw=%9\370\004\375\323\370\200\020"
 5490      F45091E3 
 5490      64773D25 
 5490      39F804FD 
 5490      D3F88010 
 5491 007b D67A7613 		.ascii	"\326zv\023v\327\031\302P\334z\333\012l\237\354#\010"
 5491      76D719C2 
 5491      50DC7ADB 
 5491      0A6C9FEC 
 5491      2308
 5492 008d 253F7C6C 		.ascii	"%?|l\216\026[\251/|mUf\177\366o\231\326Lg\246\337u<"
 5492      8E165BA9 
 5492      2F7C6D55 
 5492      667FF66F 
 5492      99D64C67 
 5493 00a5 66B11640 		.ascii	"f\261\026@\030\300\330]1\236\254\311\266#\206\355\007"
 5493      18C0D85D 
 5493      319EACC9 
 5493      B62386ED 
 5493      07
 5494 00b6 B0179CC8 		.ascii	"\260\027\234\310\360\264/\3433\300\317X&\260K\244\210"
 5494      F0B42FE3 
 5494      33C0CF58 
 5494      26B04BA4 
 5494      88
 5495 00c7 8EAB32E7 		.ascii	"\216\2532\347H\211\020\023\023\372\262*\216\207C*\267"
 5495      48891013 
 5495      13FAB22A 
 5495      8E87432A 
 5495      B7
 5496 00d8 70A9AA7F 		.ascii	"p\251\252\177\245\350\306q\024o\341\256\251\177\305"
 5496      A5E8C671 
 5496      146FE1AE 
 5496      A97FC5
 5497 00e7 5CEAB22D 		.ascii	"\\\352\262-\342\"\011\312.\013\010\276\215U\011\012"
 5497      E22209CA 
 5497      2E0B08BE 
ARM GAS  C:\Users\nicx5\AppData\Local\Temp\ccq4ftZ0.s 			page 165


 5497      8D55090A 
 5498 00f7 C9379FC5 		.ascii	"\3117\237\305}\273\002\250qC]\346F\002\316`\036\210"
 5498      7DBB02A8 
 5498      71435DE6 
 5498      4602CE60 
 5498      1E88
 5499 0109 4611469B 		.ascii	"F\021F\233\013ITJ\360U\350p4\227.\244\016\242\220\311"
 5499      0B49544A 
 5499      F055E870 
 5499      34972EA4 
 5499      0EA290C9 
 5500 011d 54CA6842 		.ascii	"T\312hB\254T\036\351t\301\013}8\236\320\367m<\236*\345"
 5500      AC541EE9 
 5500      74C10B7D 
 5500      389ED0F7 
 5500      6D3C9E2A 
 5501 0132 61C48754 		.ascii	"a\304\207T\307\201?\024\005\017(\243\301\260A\003H\005"
 5501      C7813F14 
 5501      050F28A3 
 5501      C1B04103 
 5501      4805
 5502 0144 2285E200 		.ascii	"\"\205\342\000\222`\301\200mq\257\005\021\000=\007\006"
 5502      9260C180 
 5502      6D71AF05 
 5502      11003D07 
 5502      06
 5503 0155 B6F2B433 		.ascii	"\266\362\2643\347H\337\034Y\2615\234Q\260\004\0219\226"
 5503      E748DF1C 
 5503      59B1359C 
 5503      51B00411 
 5503      3996
 5504 0167 109E36F1 		.ascii	"\020\2366\361\300\275\340Zc\2301\241X\253\321\341./"
 5504      C0BDE05A 
 5504      639831A1 
 5504      58ABD1E1 
 5504      2E2F
 5505 0179 DA4906   		.ascii	"\332I\006"
 5506              		.text
 5507              		.section	.gnu.lto_LL_ADC_INJ_IsConversionOngoing.249.1f3e1af6,"e",%progbits
 5508 0000 28B52FFD 		.ascii	"(\265/\375`\344\000\325\014\000\326\327YE\340\224(\035"
 5508      60E400D5 
 5508      0C00D6D7 
 5508      5945E094 
 5508      281D
 5509 0012 68C38905 		.ascii	"h\303\211\005\002\3114\241\020&n1K\210g\000@5\317\243"
 5509      02C934A1 
 5509      10266E31 
 5509      4B886700 
 5509      4035CFA3 
 5510 0026 8817DAD4 		.ascii	"\210\027\332\324\031&\260\321\260\310\177\015\216\026"
 5510      1926B0D1 
 5510      B0C87F0D 
 5510      8E16
 5511 0034 3B6ED1EC 		.ascii	";n\321\354]`\016\223\237\037|\303t;?E\204-p_\337\015"
 5511      5D600E93 
 5511      9F1F7CC3 
 5511      743B3F45 
ARM GAS  C:\Users\nicx5\AppData\Local\Temp\ccq4ftZ0.s 			page 166


 5511      842D705F 
 5512 004a 96A22076 		.ascii	"\226\242 v\357-eJ\001D\000B\000C\000)\\\255\256f\000"
 5512      EF2D654A 
 5512      01440042 
 5512      00430029 
 5512      5CADAE66 
 5513 005f 0D180B1E 		.ascii	"\015\030\013\0368\273\235\346\271\201x\370N \036\352"
 5513      38BB9DE6 
 5513      B98178F8 
 5513      4E201EEA 
 5514 006f CCB93F4D 		.ascii	"\314\271?M\316\357\230\264\2701B#\304\365Z\375\255\270"
 5514      CEEF98B4 
 5514      B8314223 
 5514      C4F55AFD 
 5514      ADB8
 5515 0081 0A78B19E 		.ascii	"\012x\261\236gw\177\343\211\342\005\223\3311\331]\247"
 5515      67777FE3 
 5515      89E20593 
 5515      D931D95D 
 5515      A7
 5516 0092 EBA5E286 		.ascii	"\353\245\342\206\267-\262\275b\177A9\356V\2512\376["
 5516      B72DB2BD 
 5516      627F4139 
 5516      EE56A932 
 5516      FE5B
 5517 00a4 8DD9B7F9 		.ascii	"\215\331\267\371\241\323\252\351\324\364c\007H\017\330"
 5517      A1D3AAE9 
 5517      D4F46307 
 5517      480FD8
 5518 00b3 8C21A01A 		.ascii	"\214!\240\032\273/rp\366\006\376\260a\373\305\006`3"
 5518      BB2F7270 
 5518      F606FEB0 
 5518      61FBC506 
 5518      6033
 5519 00c5 289221F3 		.ascii	"(\222!\3636.\317\2631'\\\370\330\355\032X\224\035\332"
 5519      362ECFB3 
 5519      31275CF8 
 5519      D8ED1A58 
 5519      941DDA
 5520 00d8 F6695EF3 		.ascii	"\366i^\363b\356\001\\\334\362\347\242j\214m\325\003"
 5520      62EE015C 
 5520      DCF2E7A2 
 5520      6A8C6DD5 
 5520      03
 5521 00e9 304C68EB 		.ascii	"0Lh\353\251L\356\356J?1\025A\220\035D`\362\210\263\177"
 5521      A94CEEEE 
 5521      4A3F3115 
 5521      41901D44 
 5521      60F288B3 
 5522 00fe E235F52D 		.ascii	"\3425\365-\030KY\266S\357Fd\2731\"\3709ZJd3\207\276"
 5522      184B59B6 
 5522      53EF4664 
 5522      BB3122F8 
 5522      395A4A64 
 5523 0115 4B3CBC26 		.ascii	"K<\274&\210\341\320\241,\007\220\261\031\336\034@(\245"
 5523      88E1D0A1 
 5523      2C0790B1 
ARM GAS  C:\Users\nicx5\AppData\Local\Temp\ccq4ftZ0.s 			page 167


 5523      19DE1C40 
 5523      28A5
 5524 0127 48482921 		.ascii	"HH)!1\225N\012T\025PN\236O$&\017%\222\212\312i\003\211"
 5524      31954E0A 
 5524      5415504E 
 5524      9E4F2426 
 5524      0F25928A 
 5525 013f 684969A6 		.ascii	"hIi\246\225\013\032It\022\"\251T%!-\205\372@\002\004"
 5525      950B1A49 
 5525      741222A9 
 5525      5425212D 
 5525      85FA4002 
 5526 0154 0AE58155 		.ascii	"\012\345\201U,\024B\243\015\204\201\303\206Q*\004\212"
 5526      2C1442A3 
 5526      0D8481C3 
 5526      86512A04 
 5526      8A
 5527 0165 A5C36882 		.ascii	"\245\303h\202\205\002\266\273\375[\215Y\203\372\001"
 5527      8502B6BB 
 5527      FD5B8D59 
 5527      83FA01
 5528 0174 12003D07 		.ascii	"\022\000=\007\006\266\362\2643\347H\337\034\301E\233"
 5528      06B6F2B4 
 5528      33E748DF 
 5528      1CC1459B 
 5529 0184 532CD761 		.ascii	"S,\327a\300\211\261x\373\323\206\215\305\255\331#Z\024"
 5529      C089B178 
 5529      FBD3868D 
 5529      C5ADD923 
 5529      5A14
 5530 0196 9009F3F8 		.ascii	"\220\011\363\370\231\243R\031\025Uc\273J\031"
 5530      99A35219 
 5530      155563BB 
 5530      4A19
 5531              		.text
 5532              		.section	.gnu.lto_HAL_ADC_Init.335.1f3e1af6,"e",%progbits
 5533 0000 28B52FFD 		.ascii	"(\265/\375`\330\036\305\177\000\012\310p,G \014\333"
 5533      60D81EC5 
 5533      7F000AC8 
 5533      702C4720 
 5533      0CDB
 5534 0012 E973CC6F 		.ascii	"\351s\314o\364\036\347\202\351\331~9hLf\232\335\376"
 5534      F41EE782 
 5534      E9D97E39 
 5534      684C669A 
 5534      DDFE
 5535 0024 3D205049 		.ascii	"= PI\300U\320\325\200<\262\276n\304\210\015\335\200"
 5535      C055D0D5 
 5535      803CB2BE 
 5535      6EC4880D 
 5535      DD80
 5536 0036 813445A8 		.ascii	"\2014E\250lr&P&\371\304CR\371\000\311Ib\177\021L\375"
 5536      6C722650 
 5536      26F9C443 
 5536      52F900C9 
 5536      49627F11 
 5537 004c C4AF6827 		.ascii	"\304\257h'\301%-\245\224\002\272\002k\002\272\002\316"
ARM GAS  C:\Users\nicx5\AppData\Local\Temp\ccq4ftZ0.s 			page 168


 5537      C1252DA5 
 5537      9402BA02 
 5537      6B02BA02 
 5537      CE
 5538 005d 4CD7F9C2 		.ascii	"L\327\371\302u^\272\316J\3279\351:[\270\316H\327\371"
 5538      755EBACE 
 5538      4AD739E9 
 5538      3A5BB8CE 
 5538      48D7F9
 5539 0070 E83A1B5D 		.ascii	"\350:\033]\347\242\353Lt\235\207\2563\363:\013]\347"
 5539      E7A2EB4C 
 5539      749D87AE 
 5539      33F33A0B 
 5539      5DE7
 5540 0082 7B9D97D7 		.ascii	"{\235\227\3279\350:\263\327Yy\235\223K\347\277\316\336"
 5540      39E83AB3 
 5540      D759799D 
 5540      934BE7BF 
 5540      CEDE
 5541 0094 754E2A38 		.ascii	"uN*8\231\"\002J\333^\211\364\323\276Q\026~ik\367\265"
 5541      9922024A 
 5541      DB5E89F4 
 5541      D3BE5116 
 5541      7E696BF7 
 5542 00a9 DBAFFB4C 		.ascii	"\333\257\373L\367_7`\263\314\315=B\257)\202\330_H84"
 5542      F75F3760 
 5542      B3CCCD3D 
 5542      42AF2982 
 5542      D85F4838 
 5543 00be 7C56216A 		.ascii	"|V!j-\275\017\213\264\3413\262\350\2046\304\021\212"
 5543      2DBD0F8B 
 5543      B4E133B2 
 5543      E88436C4 
 5543      118A
 5544 00d0 3033BB90 		.ascii	"03\273\220\231\311HZ\220;M\213\360\003Lc^\333\266L5"
 5544      99C9485A 
 5544      903B4D8B 
 5544      F0034C63 
 5544      5EDBB64C 
 5545 00e5 845040AD 		.ascii	"\204P@\255\367VC\010u\263\000\015\367`\010bM&\327\366"
 5545      F7564308 
 5545      75B3000D 
 5545      F7600862 
 5545      4D26D7F6 
 5546 00f9 ADBB18E6 		.ascii	"\255\273\030\346\331\363sUF\213\365\036D\322!\210\335"
 5546      D9F37355 
 5546      468BF51E 
 5546      44D22188 
 5546      DD
 5547 010a B6DD9BBE 		.ascii	"\266\335\233\276\240\3636\227\347\247\225\354gK4H\230"
 5547      A0F33697 
 5547      E7A795EC 
 5547      674B3448 
 5547      98
 5548 011b 99AD74E6 		.ascii	"\231\255t\346\014\270\373\332\2036\323\0374\010\035"
 5548      0CB8FBDA 
 5548      8336D31F 
ARM GAS  C:\Users\nicx5\AppData\Local\Temp\ccq4ftZ0.s 			page 169


 5548      34081D
 5549 012a C8CCA829 		.ascii	"\310\314\250)Z\015\030=j\3378Ma\243\347\021\313\037"
 5549      5A0D183D 
 5549      6ADF384D 
 5549      61A3E711 
 5549      CB1F
 5550 013c 1F3D7667 		.ascii	"\037=vg\3728\022\362\371U\320\306\306\217c\333\302\351"
 5550      FA3812F2 
 5550      F955D0C6 
 5550      C68F63DB 
 5550      C2E9
 5551 014e 13BC429B 		.ascii	"\023\274B\233L\232m\232\333\243]O\227\255\214B\324b"
 5551      4C9A6D9A 
 5551      DBA35D4F 
 5551      97AD8C42 
 5551      D462
 5552 0160 B6428FC6 		.ascii	"\266B\217\306\3406@q\203tl\333+U+y\202e\324\231\226"
 5552      E0364071 
 5552      83746CDB 
 5552      2B552B79 
 5552      8265D499 
 5553 0175 3B7393E9 		.ascii	";s\223\3512\031\364\336\005l\241m\377\034\252i\333\253"
 5553      3219F4DE 
 5553      056CA16D 
 5553      FF1CAA69 
 5553      DBAB
 5554 0187 15D358B6 		.ascii	"\025\323X\266\262\331Kl+\223\235\304\266\362\012+\003"
 5554      B2D94B6C 
 5554      2B939DC4 
 5554      B6F20A2B 
 5554      03
 5555 0198 8E622093 		.ascii	"\216b \223^\227\330\270\331\000\215\237\266\275\216"
 5555      5E97D8B8 
 5555      D9008D9F 
 5555      B6BD8E
 5556 01a7 F83A667A 		.ascii	"\370:fz\264\255\252\250\246\244\234Q!@|\360\320\001"
 5556      B4ADAAA8 
 5556      A6A49C51 
 5556      21407CF0 
 5556      D001
 5557 01b9 AAC961C3 		.ascii	"\252\311a\303\223S\223\206\014\030\230.,)%Y@:2*\"\032"
 5557      93539386 
 5557      0C18982E 
 5557      2C292559 
 5557      403A322A 
 5558 01cf 620ADD65 		.ascii	"b\012\335e\020\253L\276G\271\205\326\226\264U\224\256"
 5558      10AB4CBE 
 5558      47B985D6 
 5558      96B45594 
 5558      AE
 5559 01e0 0AECA6DB 		.ascii	"\012\354\246\3333&\217\034[\233\246\232*\241\245\330"
 5559      33268F1C 
 5559      5B9BA69A 
 5559      2AA1A5D8 
 5560 01f0 90E0CE35 		.ascii	"\220\340\3165\035\025\"\250\205\034\033a\203H3\350\037"
 5560      1D1522A8 
 5560      851C1B61 
ARM GAS  C:\Users\nicx5\AppData\Local\Temp\ccq4ftZ0.s 			page 170


 5560      834833E8 
 5560      1F
 5561 0201 D684E01E 		.ascii	"\326\204\340\036\326\240\361\016\202\015%\030\350M\300"
 5561      D6A0F10E 
 5561      820D2518 
 5561      E84DC0
 5562 0210 E600D8E7 		.ascii	"\346\000\330\347\033\236\224\312\360\362\354\375\221"
 5562      1B9E94CA 
 5562      F0F2ECFD 
 5562      91
 5563 021d 63B3B653 		.ascii	"c\263\266Sr\352-\261m\011\016\226;\035Fm\317\233\370"
 5563      72EA2DB1 
 5563      6D090E96 
 5563      3B1D466D 
 5563      CF9BF8
 5564 0230 CAB886A0 		.ascii	"\312\270\206\240\026\205\335ht\306\314\345\375\221c"
 5564      1685DD68 
 5564      74C6CCE5 
 5564      FD9163
 5565 023f 23D319F4 		.ascii	"#\323\031\364\032\203\036S\262j\216\230/\311$*!\344"
 5565      1A831E53 
 5565      B26A8E98 
 5565      2FC9242A 
 5565      21E4
 5566 0251 F905325E 		.ascii	"\371\0052^|I\251\251N\234)y\344\330\272tR\262\003\007"
 5566      7C49A9A9 
 5566      4E9C2979 
 5566      E4D8BA74 
 5566      52B20307 
 5567 0265 71685A51 		.ascii	"qhZQ\255.\371\024\307\315\235\205\244\211;kn\255\250"
 5567      AD2EF914 
 5567      C7CD9D85 
 5567      A4893B6B 
 5567      6EADA8
 5568 0278 564D32A3 		.ascii	"VM2\2434\316\3510j\\\034\211\014\325\217\022\303\250"
 5568      34CEE930 
 5568      6A5C1C89 
 5568      0CD58F12 
 5568      C3A8
 5569 028a D1B951E2 		.ascii	"\321\271Q\342\025/\222c{k\242\267d3\214\232\025\037"
 5569      152F9263 
 5569      7B6BA2B7 
 5569      64338C9A 
 5569      151F
 5570 029c 4A0691A5 		.ascii	"J\006\221\245yI\361\350X\350\346L(-lUZ\010,rm\357\217"
 5570      7949F1E8 
 5570      58E8E64C 
 5570      282D6C55 
 5570      5A082C72 
 5571 02b3 1C5B95BE 		.ascii	"\034[\225\276\255\250\306\001T\0305*\276\014j\261\246"
 5571      ADA8C601 
 5571      5418352A 
 5571      BE0C6AB1 
 5571      A6
 5572 02c4 1BCA0976 		.ascii	"\033\312\011vsyzrl\323\016RT\233&\233m\333\2329;\245"
 5572      73797A72 
 5572      6CD30E52 
ARM GAS  C:\Users\nicx5\AppData\Local\Temp\ccq4ftZ0.s 			page 171


 5572      549B269B 
 5572      6DDB9A39 
 5573 02da 95C92947 		.ascii	"\225\311)G\021\372\024\255\225%\227\322\274\240\221"
 5573      11FA14AD 
 5573      952597D2 
 5573      BCA091
 5574 02e9 79B2C7DA 		.ascii	"y\262\307\332\364'Mt\320d\260h\215I\222\031\250\202"
 5574      F4274D74 
 5574      D064B068 
 5574      8D499219 
 5574      A882
 5575 02fb 980E6CD7 		.ascii	"\230\016l\327`M\352\036\324\242m[v\2645\266f\021\315"
 5575      604DEA1E 
 5575      D4A26D5B 
 5575      76B435B6 
 5575      6611CD
 5576 030e FC31987B 		.ascii	"\3741\230{\007s\323T\2554D\323\323N6\350\227O\302\260"
 5576      0773D354 
 5576      AD3444D3 
 5576      D34E36E8 
 5576      974FC2B0 
 5577 0322 EC6DC8ED 		.ascii	"\354m\310\355\332N\226\375\240\35722\334zz\017\224\273"
 5577      DA4E96FD 
 5577      A0EF3232 
 5577      DC7A7A0F 
 5577      94BB
 5578 0334 8E5D6479 		.ascii	"\216]dy\243e\261\255d\377\365\250S\026o\236b\314\350"
 5578      A365B1AD 
 5578      64FFF5A8 
 5578      53166F9E 
 5578      62CCE8
 5579 0347 FB72958C 		.ascii	"\373r\225\214\010(\377\011\356\373\342\226_\345\346"
 5579      0828FF09 
 5579      EEFBE296 
 5579      5FE5E6
 5580 0356 D247EE8F 		.ascii	"\322G\356\217\343\230\226ol4=\312\310\310\310\353\334"
 5580      E398966F 
 5580      6C343DCA 
 5580      C8C8C8EB 
 5580      DC
 5581 0367 B7966FB3 		.ascii	"\267\226o\263\251\224i\364\011v\222\324\340\256{\262"
 5581      A99469F4 
 5581      097692D4 
 5581      E0AE7BB2 
 5582 0377 ADECB9BF 		.ascii	"\255\354\271\277\326^\323!\254\034\362%\023\255\034"
 5582      D65ED321 
 5582      AC1CF225 
 5582      13AD1C
 5583 0386 D209E6D9 		.ascii	"\322\011\346\331\363}\330M\245\225\016\033V\015\271"
 5583      F37DD84D 
 5583      A5950E1B 
 5583      560DB9
 5584 0395 04B56227 		.ascii	"\004\265b'\277;0c\207\311\377\231o\340\360FK>s\216\246"
 5584      BF3B3063 
 5584      87C9FF99 
 5584      6FE0F046 
 5584      4B3E738E 
ARM GAS  C:\Users\nicx5\AppData\Local\Temp\ccq4ftZ0.s 			page 172


 5585 03aa F30CA2D3 		.ascii	"\363\014\242\323\361\037D\265\276U\217\375\352\016\226"
 5585      F11F44B5 
 5585      BE558FFD 
 5585      EA0E96
 5586 03b9 5947CBD9 		.ascii	"YG\313\331\261l\3336\003\235\223\216\317\330K\231\000"
 5586      B16CDB36 
 5586      039D938E 
 5586      CFD84B99 
 5586      00
 5587 03ca 3A28CBDC 		.ascii	":(\313\334\243\341,\371\254\200<r\014\236\231\253\313"
 5587      A3E12CF9 
 5587      AC803C72 
 5587      0C9E99AB 
 5587      CB
 5588 03db 1B8D9B4C 		.ascii	"\033\215\233L\236\214\225|xR\320=:*+`\235\331\253\333"
 5588      9E8C957C 
 5588      7852D03D 
 5588      3A2A2B60 
 5588      9DD9ABDB 
 5589 03ef 54B06CDB 		.ascii	"T\260l\333\270\023\334\211J\312\200,\353Z\351\337D\265"
 5589      B813DC89 
 5589      4ACA802C 
 5589      EB5AE9DF 
 5589      44B5
 5590 0401 0E60F77B 		.ascii	"\016`\367{qAxx\354\350\262\240\200\203\364\303\307\361"
 5590      71417878 
 5590      ECE8B2A0 
 5590      8083F4C3 
 5590      C7F1
 5591 0413 4E1D3927 		.ascii	"N\0359'\336t\300W5\254\036&\277{\014\225<\302\377*3"
 5591      DE74C057 
 5591      35AC1E26 
 5591      BF7B0C95 
 5591      3CC2FF2A 
 5592 0428 5FC062F0 		.ascii	"_\300b\360Wf\030\231x >\221\305O\012N\266\375Z\212\216"
 5592      57661899 
 5592      78203E91 
 5592      C54F0A4E 
 5592      B6FD5A8A 
 5593 043d 8FDF4B19 		.ascii	"\217\337K\031\313\021\353\316\3371rG\331\006\354\276"
 5593      CB11EBCE 
 5593      DF317247 
 5593      D906ECBE 
 5594 044d 831BF348 		.ascii	"\203\033\363H\356\300N\272[Tl=\222\257R\377*w\253\351"
 5594      EEC04EBA 
 5594      5B546C3D 
 5594      92AF52FF 
 5594      2A77ABE9 
 5595 0461 D2C78C9F 		.ascii	"\322\307\214\237\312L\245\333\242\345:\367\\\225\266"
 5595      CA4CA5DB 
 5595      A2E53AF7 
 5595      5C95B6
 5596 0470 36B75B5F 		.ascii	"6\267[_\233{*\245-J\2631\235[\215\351\334O\372Ls\237"
 5596      9B7B2AA5 
 5596      2D4AB331 
 5596      9D5B8DE9 
 5596      DC4FFA4C 
ARM GAS  C:\Users\nicx5\AppData\Local\Temp\ccq4ftZ0.s 			page 173


 5597 0486 F55E3706 		.ascii	"\365^7\006\254s\030\323\031\214\235\211\364_\363\220"
 5597      AC7318D3 
 5597      198C9D89 
 5597      F45FF390 
 5598 0496 FE6B16D2 		.ascii	"\376k\026\322\177\315_\015\330\034\344:\003\271\316"
 5598      7FCD5F0D 
 5598      D81CE43A 
 5598      03B9CE
 5599 04a5 125C67AF 		.ascii	"\022\\g\257\353\374\343:w]g\037\327\231k\351\034\301"
 5599      EBFCE33A 
 5599      775D671F 
 5599      D7996BE9 
 5599      1CC1
 5600 04b7 75DEBACE 		.ascii	"u\336\272\316\020\\\347\036\327\231\307u\336\261t~\340"
 5600      105CE71E 
 5600      D799C775 
 5600      DEB1747E 
 5600      E0
 5601 04c8 3AEBB8CE 		.ascii	":\353\270\316\016\\\347\034\327\271\201\353\214\343"
 5601      0E5CE71C 
 5601      D7B981EB 
 5601      8CE3
 5602 04d6 3A33709D 		.ascii	":3p\235o\\g\255\353l\343:/p\235k\\g\005\2563\215\353"
 5602      6F5C67AD 
 5602      EB6CE33A 
 5602      2F709D6B 
 5602      5C6705AE 
 5603 04ed 9CC07546 		.ascii	"\234\300uF\340:\037p\235g\\g\031\3279\306u6@\310\271"
 5603      E03A1F70 
 5603      9D675C67 
 5603      19D739C6 
 5603      753640C8 
 5604 0502 80EB0CE3 		.ascii	"\200\353\014\343:g]\347\027\327\331\305unq\235Y\010"
 5604      3A675DE7 
 5604      17D7D9C5 
 5604      756E719D 
 5604      5908
 5605 0514 3913709D 		.ascii	"9\023p\235W\\\347\001\256\263\000K\347\000\256\263\212"
 5605      575CE701 
 5605      AEB3004B 
 5605      E700AEB3 
 5605      8A
 5606 0525 EB9CE23A 		.ascii	"\353\234\342:\243\270\316'\2563\326u6q\235K\0109_]g"
 5606      A3B8CE27 
 5606      AE33D675 
 5606      36719D4B 
 5606      08395F5D 
 5607 053a 12D71900 		.ascii	"\022\327\031\000!\347\021\327Y\304u\266\272\316U\327"
 5607      21E711D7 
 5607      59C475B6 
 5607      BACE55D7 
 5608 054a 99EA3A4F 		.ascii	"\231\352:O]g)!g\347u\216\272\316!\2563\010!\347\017"
 5608      5D672921 
 5608      67E7758E 
 5608      BACE21AE 
 5608      330821E7 
 5609 055f D7D9C375 		.ascii	"\327\331\303u\356p\235\241\256s\363:s\020r\336p\235"
ARM GAS  C:\Users\nicx5\AppData\Local\Temp\ccq4ftZ0.s 			page 174


 5609      EE709DA1 
 5609      AE73F33A 
 5609      731072DE 
 5609      709D
 5610 0571 9FAEB3D3 		.ascii	"\237\256\263\323un\272\316\032\256s\206\353\214\341"
 5610      756EBACE 
 5610      1AAE7386 
 5610      EB8CE1
 5611 0580 064E2728 		.ascii	"\006N'(4:5\333\177}\032S\331\253o?k\224J\305\367t\365"
 5611      343A35DB 
 5611      7F7D1A53 
 5611      D9AB6F3F 
 5611      6B944AC5 
 5612 0597 545411D2 		.ascii	"TT\021\322\000\372\372\376\333\020\205\304\213\370\216"
 5612      00FAFAFE 
 5612      DB1085C4 
 5612      8BF88E
 5613 05a6 F24A657A 		.ascii	"\362Jez^\032\200'1\342\001(Cf\004\033\253\257z\021e"
 5613      5E1A8027 
 5613      31E20128 
 5613      4366041B 
 5613      ABAF7A11 
 5614 05bb CCF2F0AC 		.ascii	"\314\362\360\254H\320\243\372\251\257\322\273\033C\265"
 5614      48D0A3FA 
 5614      A9AFD2BB 
 5614      1B43B5
 5615 05ca 46CF3AB6 		.ascii	"F\317:\266\245\245~\312\371Ra\3008\323\3601})\341\361"
 5615      A5A57ECA 
 5615      F95261C0 
 5615      38D3F031 
 5615      7D29E1F1 
 5616 05de E9AB6CDF 		.ascii	"\351\253l\337\177C\355d\243\276\331^\251\014O\205\020"
 5616      7F43ED64 
 5616      A3BED95E 
 5616      A90C4F85 
 5616      10
 5617 05ef EFE1A3BE 		.ascii	"\357\341\243\276\335\224\351m`\326&\005\361!><\010,"
 5617      DD94E96D 
 5617      60D62605 
 5617      F1213E3C 
 5617      082C
 5618 0601 DE254A5D 		.ascii	"\336%J]\326-?|\327\211\021\354\360\036\236\325\223\232"
 5618      D62D3F7C 
 5618      D78911EC 
 5618      F01E9ED5 
 5618      939A
 5619 0613 B5417DF3 		.ascii	"\265A}\363;|'\376\341\251`\326&\235\363*t\005\035u\004"
 5619      3B7C27FE 
 5619      E1A960D6 
 5619      269DF32A 
 5619      74051D75 
 5620 0628 D4371F31 		.ascii	"\3247\0371\200zV\242\3466,\207o~\227Anx\016\337f\201"
 5620      807A56A2 
 5620      E6362C87 
 5620      6F7E9741 
 5620      6E780EDF 
 5621 063e C65EBAC5 		.ascii	"\306^\272\305\265D\251\313\271\015OUd0R\016\034\253"
ARM GAS  C:\Users\nicx5\AppData\Local\Temp\ccq4ftZ0.s 			page 175


 5621      B544A9CB 
 5621      B90D4F55 
 5621      6430520E 
 5621      1CAB
 5622 0650 D357F9A8 		.ascii	"\323W\371\250\241\354\323+5F\271\270\034\364\247qhO"
 5622      A1ECD32B 
 5622      3546B9B8 
 5622      1CF4A771 
 5622      684F
 5623 0662 FF536AD3 		.ascii	"\377Sj\323W\271)m(\353\344F\312\231\243_\242`\274\321"
 5623      57B9296D 
 5623      28EBE446 
 5623      CA99A35F 
 5623      A260BCD1 
 5624 0676 9CFE0B4E 		.ascii	"\234\376\013N\372dlcp\217\0066&\345\365\314\010\206"
 5624      FA646C63 
 5624      708F0636 
 5624      26E5F5CC 
 5624      0886
 5625 0688 64DBE4AF 		.ascii	"d\333\344\257m16\254;\260\253\2508)\343\267\202\343"
 5625      6D3136AC 
 5625      3BB0ABA8 
 5625      3829E3B7 
 5625      82E3
 5626 069a 18F5AB34 		.ascii	"\030\365\2534\3357}S\003I##\267|\323\025rT\214O}\003"
 5626      DD377D53 
 5626      03492323 
 5626      B77CD315 
 5626      72548C4F 
 5627 06b0 2572D13B 		.ascii	"%r\321;\261-\205\355wi\026E\350$\331b\232=\301={\232"
 5627      B12D85ED 
 5627      77691645 
 5627      E824D962 
 5627      9A3DC13D 
 5628 06c6 BED5847D 		.ascii	"\276\325\204}\017\266\006\2701\216\342\271\024h\006"
 5628      0FB606B8 
 5628      318EE2B9 
 5628      146806
 5629 06d5 3AE6A89E 		.ascii	":\346\250\236\267E\313\264\362\255\324i\372!*\214\326"
 5629      B745CBB4 
 5629      F2ADD469 
 5629      FA212A8C 
 5629      D6
 5630 06e6 B19766F8 		.ascii	"\261\227f\370\352\367\243\011\204\202\341\251O\372\337"
 5630      EAF7A309 
 5630      8482E1A9 
 5630      4FFADF
 5631 06f5 43A0641F 		.ascii	"C\240d\0379]\230\276\312\356\244\377\263\030\177\015"
 5631      395D98BE 
 5631      CAEEA4FF 
 5631      B3187F0D 
 5632 0705 843217BE 		.ascii	"\2042\027\276\312WJ\375\344\217P \223\324j\017\366i"
 5632      CA574AFD 
 5632      E48F5020 
 5632      93D46A0F 
 5632      F669
 5633 0717 CC5F2CD8 		.ascii	"\314_,\330s\035\232Y\322\360\375\344\223xm\314\012\225"
ARM GAS  C:\Users\nicx5\AppData\Local\Temp\ccq4ftZ0.s 			page 176


 5633      731D9A59 
 5633      D2F0FDE4 
 5633      93786DCC 
 5633      0A95
 5634 0729 D7B3AB86 		.ascii	"\327\263\253\206o\242\300VY3\250\364\325\014\337j\217"
 5634      6FA2C056 
 5634      5933A8F4 
 5634      D50CDF6A 
 5634      8F
 5635 073a C2D0AC10 		.ascii	"\302\320\254\020\3033}\206\227z\202\341Y&w'\315\364"
 5635      C3337D86 
 5635      977A82E1 
 5635      59267727 
 5635      CDF4
 5636 074c 45418D7F 		.ascii	"EA\215\177iI~Pn\230j\240H-|\225\223m\223k\333O\366\277"
 5636      69497E50 
 5636      6E986AA0 
 5636      482D7C95 
 5636      936D936B 
 5637 0764 C94E91BF 		.ascii	"\311N\221\277/Eho\211H\027\036\351\217\357\302{\375"
 5637      2F45686F 
 5637      8948171E 
 5637      E98FEFC2 
 5637      7BFD
 5638 0776 65597234 		.ascii	"eYr4o'\253\364K\200\000\265\223Mz\245\357\262\244\277"
 5638      6F27ABF4 
 5638      4B8000B5 
 5638      934D7AA5 
 5638      EFB2A4BF 
 5639 078a 561B1FC0 		.ascii	"V\033\037\300qj\343\313;\212\203\026\307\350\253\\\345"
 5639      716AE3CB 
 5639      3B8A8316 
 5639      C7E8AB5C 
 5639      E5
 5640 079b 444B1A22 		.ascii	"DK\032\"_\322~\202\027/CMB\007\37146m\241\037\033\351"
 5640      5FD27E82 
 5640      172F434D 
 5640      4207F934 
 5640      366DA11F 
 5641 07b1 2DBCD2D0 		.ascii	"-\274\322\320l\352\345L\220\376\211j%\361A\027\305\366"
 5641      6CEAE54C 
 5641      90FE896A 
 5641      25F14117 
 5641      C5F6
 5642 07c3 ECFB4C37 		.ascii	"\354\373L7\231\242}8\316\336\341\300\201"
 5642      99A27D38 
 5642      CEDEE1C0 
 5642      81
 5643 07d0 F9602EC8 		.ascii	"\371`.\310\267\030+\372*\030\270>S\347\350\231{x\333"
 5643      B7182BFA 
 5643      2A18B83E 
 5643      53E7E899 
 5643      7B78DB
 5644 07e3 29B4D11F 		.ascii	")\264\321\037\0052:\363\246\350!\217\332\311\022}\321"
 5644      05323AF3 
 5644      A6E8218F 
 5644      DAC9127D 
ARM GAS  C:\Users\nicx5\AppData\Local\Temp\ccq4ftZ0.s 			page 177


 5644      D1
 5645 07f4 B7599BF4 		.ascii	"\267Y\233\364\245\177\210\376Zm\234\301#\032\032\"q"
 5645      A57F88FE 
 5645      5A6D9CC1 
 5645      231A1A22 
 5645      71
 5646 0805 863AE4A6 		.ascii	"\206:\344\246\231\237e\207\211\007b\376\235\366-&[\241"
 5646      999F6587 
 5646      890762FE 
 5646      9DF62D26 
 5646      5BA1
 5647 0817 47D36314 		.ascii	"G\323c\024\031\031\031\331P\366\276\320w\331\233\324"
 5647      191919D9 
 5647      50F6BED0 
 5647      77D99BD4 
 5648 0827 AFEF8BA0 		.ascii	"\257\357\213\240N\203\372\360<\010\210djB\312\276\305"
 5648      4E83FAF0 
 5648      3C088864 
 5648      6A42CABE 
 5648      C5
 5649 0838 E5B75F49 		.ascii	"\345\267_I\262`\270H\016\351z\022\311\012{\202\201="
 5649      B260B848 
 5649      0EE97A12 
 5649      C90A7B82 
 5649      813D
 5650 084a B3981C84 		.ascii	"\263\230\034\204H\330\014\023\012\324\240A\243F\326"
 5650      48D80C13 
 5650      0AD4A041 
 5650      A346D6
 5651 0859 16344916 		.ascii	"\0264I\026\014\027CbH\216p\035\021+\322\212a@\326\004"
 5651      0C174362 
 5651      488E701D 
 5651      112BD28A 
 5651      6140D604 
 5652 086d 60478280 		.ascii	"`G\202\200x\031\351\220\304\353G\330\327\326\004\317"
 5652      7819E990 
 5652      C4EB47D8 
 5652      D7D604CF 
 5653 087d 2791AD23 		.ascii	"'\221\255#_\\\025\030\031\341\"\202\004\210\227\221"
 5653      5F5C1518 
 5653      19E12282 
 5653      04889791 
 5654 088d 103FBC8E 		.ascii	"\020?\274\216ty\011\011\373\332\002\022\366\365\004"
 5654      74790909 
 5654      FBDA0212 
 5654      F6F504
 5655 089c B215F6DC 		.ascii	"\262\025\366\334\012{~\205=\273\266\304\276\266&\000"
 5655      0A7B7E85 
 5655      3DBBB6C4 
 5655      BEB62600 
 5656 08ac 3B12C557 		.ascii	";\022\305W\000`q\371P\341\003\205\210\247\256\037\\"
 5656      006071F9 
 5656      50E10385 
 5656      88A7AE1F 
 5656      5C
 5657 08bd 4192DC25 		.ascii	"A\222\334%\242\353\007\327\026\021\256 A\256J\200\035"
 5657      A2EB07D7 
ARM GAS  C:\Users\nicx5\AppData\Local\Temp\ccq4ftZ0.s 			page 178


 5657      1611AE20 
 5657      41AE4A80 
 5657      1D
 5658 08ce 111BD165 		.ascii	"\021\033\321e\344\306\210\255\004\\\310\330J\222\004"
 5658      E4C688AD 
 5658      045CC8D8 
 5658      4A9204
 5659 08dd 858C1162 		.ascii	"\205\214\021bF\274(\3702\002\003\213\223<_\310\340q"
 5659      46BC28F8 
 5659      3202038B 
 5659      933C5FC8 
 5659      E071
 5660 08ef 55820603 		.ascii	"U\202\006\0037x\210\0151\362\314\301#\200\002\224\230"
 5660      3778880D 
 5660      31F2CCC1 
 5660      23800294 
 5660      98
 5661 0900 F93AD6A4 		.ascii	"\371:\326\244\223TA\276\003\033)N\230\306\367%M\204"
 5661      935441BE 
 5661      031B294E 
 5661      98C6F725 
 5661      4D84
 5662 0912 C8FB9B31 		.ascii	"\310\373\23317`\023\253\257.i:Y\200<\026\011\036H\234"
 5662      376013AB 
 5662      AF2E693A 
 5662      59803C16 
 5662      091E489C 
 5663 0926 047320A1 		.ascii	"\004s \241\\\361\274U}\365\312\217\367\352\372\037\317"
 5663      5CF1BC55 
 5663      7DF5CA8F 
 5663      F7EAFA1F 
 5663      CF
 5664 0937 41D71C46 		.ascii	"A\327\034F*\037n\326Ok\256\3671\265rM\211\340o\317\031"
 5664      2A1F6ED6 
 5664      4F6BAEF7 
 5664      31B5724D 
 5664      89E06FCF 
 5665 094c 6341F071 		.ascii	"cA\360qoj\353\333 x\036\277\325\343!P\262\302\263\255"
 5665      6F6AEBDB 
 5665      20781EBF 
 5665      D5E32150 
 5665      B2C2B3AD 
 5666 0960 F5706C27 		.ascii	"\365pl'\273\343y(\001\364P\224\010\356x'\317\007\376"
 5666      BBE37928 
 5666      01F45094 
 5666      08EE7827 
 5666      CF07FE
 5667 0973 CE91FA2A 		.ascii	"\316\221\372*wCY\035\337~J\"\377\014\372Mt\330X\374"
 5667      7743591D 
 5667      DF7E4A22 
 5667      FF0CFA4D 
 5667      74D858FC 
 5668 0987 A3D83A97 		.ascii	"\243\330:\227,fq`\355\311r|\003\357\300\267\364\245"
 5668      2C667160 
 5668      EDC9727C 
 5668      03EFC0B7 
 5668      F4A5
ARM GAS  C:\Users\nicx5\AppData\Local\Temp\ccq4ftZ0.s 			page 179


 5669 0999 D01FCB81 		.ascii	"\320\037\313\201\343\033\210\304!\007N\024\003\017("
 5669      E31B88C4 
 5669      21074E14 
 5669      030F28
 5670 09a8 503BD91B 		.ascii	"P;\331\033\317\300\343\0159v\212m\262\320\015a\010\255"
 5670      CFC0E30D 
 5670      39768A6D 
 5670      B2D00D61 
 5670      08AD
 5671 09ba F763E3B5 		.ascii	"\367c\343\265\026\370\030o\243\306+\360\013\220y\237"
 5671      16F8186F 
 5671      A3C62BF0 
 5671      0B90799F 
 5672 09ca 14F8D4A0 		.ascii	"\024\370\324\240\361\011\274\002f\256'\217#\015\004"
 5672      F109BC02 
 5672      66AE278F 
 5672      230D04
 5673 09d9 FE804FE0 		.ascii	"\376\200O\340\314\033\361\334A`\306\037\340fZ\306\317"
 5673      CC1BF1DC 
 5673      4160C61F 
 5673      E0665AC6 
 5673      CF
 5674 09ea D0C0ED40 		.ascii	"\320\300\355@\2378c4\255\216\214\277\326\2617R\307\267"
 5674      9F386334 
 5674      AD8E8CBF 
 5674      D6B13752 
 5674      C7B7
 5675 09fc 76B2067C 		.ascii	"v\262\006|\2145_4`\315\0048`\022\031\363\354\352\022"
 5675      8C355F34 
 5675      60CD0438 
 5675      601219F3 
 5675      ECEA12
 5676 0a0f E914D712 		.ascii	"\351\024\327\022\343<\214\235\011 \372\272\200\357\302"
 5676      E33C8C9D 
 5676      0920FABA 
 5676      80EFC2
 5677 0a1e 281E274A 		.ascii	"(\036'J\265R\344P\300[Q\255c\210v0\336d=\214@\221\220"
 5677      B552E450 
 5677      C05B51AD 
 5677      63887630 
 5677      DE643D8C 
 5678 0a35 ED645F7C 		.ascii	"\355d_|V\233\027\210T\305\266\212\213o\361]\345\215"
 5678      569B1788 
 5678      54C5B68A 
 5678      8B6FF15D 
 5678      E58D
 5679 0a47 FE4A4094 		.ascii	"\376J@\224\342%@\331\270x,\023\250\024\261\370\026\004"
 5679      E22540D9 
 5679      B8782C13 
 5679      A814B1F8 
 5679      1604
 5680 0a59 3C8B0D1C 		.ascii	"<\213\015\0341J]\036\022\360]w\347F\3570\205\017_e\267"
 5680      314A5D1E 
 5680      12F05D77 
 5680      E746EF30 
 5680      850F5F65 
 5681 0a6e 67B17089 		.ascii	"g\261p\211\343!P#TKyN6\205\374\220\236\3320\304\343"
ARM GAS  C:\Users\nicx5\AppData\Local\Temp\ccq4ftZ0.s 			page 180


 5681      E3215023 
 5681      544B794E 
 5681      3685FC90 
 5681      9EDA30C4 
 5682 0a83 F66DA5E2 		.ascii	"\366m\245\342\366\016\010\216\211!\343\364\373\032\300"
 5682      F60E088E 
 5682      8921E3F4 
 5682      FB1AC0
 5683 0a92 F4FD8FA1 		.ascii	"\364\375\217\241\234\025_8\344\007\370\025fZi;Y\001"
 5683      9C155F38 
 5683      E407F815 
 5683      665A693B 
 5683      5901
 5684 0aa4 7E802A4E 		.ascii	"~\200*Nh'\212VC\000\037|\006\360\3270nH\007)*\276\245"
 5684      68278A56 
 5684      43001F7C 
 5684      06F0D730 
 5684      6E480729 
 5685 0abb BCD15F1F 		.ascii	"\274\321_\037\236Y[\212G\361*^yg\305\321@Y\010\252H"
 5685      9E595B8A 
 5685      47F12A5E 
 5685      7967C5D1 
 5685      405908AA 
 5686 0ad0 F10D2906 		.ascii	"\361\015)\006R\317:\366\246\235\354\211G\361DdfS)\036"
 5686      52CF3AF6 
 5686      A69DEC89 
 5686      47F14464 
 5686      6653291E 
 5687 0ae4 A8AF5E71 		.ascii	"\250\257^q\362\350\205C\267='7|\275\220OS\354\023\337"
 5687      F2E88543 
 5687      B73D2737 
 5687      7CBD904F 
 5687      53EC13DF 
 5688 0af8 7E571C04 		.ascii	"~W\034\004\350\337\011\302E!\315\266\346\030\326w\333"
 5688      E8DF09C2 
 5688      4521CDB6 
 5688      E618D677 
 5688      DB
 5689 0b09 7F0A666D 		.ascii	"\177\012fmH&\036\253\304\233\210s?\250\007%~\212p\356"
 5689      48261EAB 
 5689      C49B8873 
 5689      3FA80725 
 5689      7E8A70EE 
 5690 0b1d 06FA4172 		.ascii	"\006\372Ar\370*\017\355\231\363\324Q>\202\212\2502\371"
 5690      F82A0FED 
 5690      99F3D451 
 5690      3E828AA8 
 5690      32F9
 5691 0b2f 34524AA7 		.ascii	"4RJ\247\020\221\310\210$I\222\326\022\013\020\210\""
 5691      1091C888 
 5691      244992D6 
 5691      120B1088 
 5691      22
 5692 0b40 6118B8D6 		.ascii	"a\030\270\326\003\022 T=It\216\251\021\021\221\226\246"
 5692      03122054 
 5692      3D49748E 
 5692      A9111191 
ARM GAS  C:\Users\nicx5\AppData\Local\Temp\ccq4ftZ0.s 			page 181


 5692      96A6
 5693 0b52 90610C01 		.ascii	"\220a\014\001\205I@\021(\361{\031\247\011\363\347G\367"
 5693      85494011 
 5693      28F17B19 
 5693      A709F3E7 
 5693      47F7
 5694 0b64 D06151FB 		.ascii	"\320aQ\373\2242\361\2308\272*\344\032(+\011\273\306"
 5694      9432F198 
 5694      38BA2AE4 
 5694      1A282B09 
 5694      BBC6
 5695 0b76 8831536B 		.ascii	"\2101Sk\011\367=\351\324\276V\315\0320\257\372\030F"
 5695      09F73DE9 
 5695      D4BE56CD 
 5695      1A30AFFA 
 5695      1846
 5696 0b88 A43DB5C6 		.ascii	"\244=\265\306H\242\273\227\007\321\236\364+\236\370"
 5696      48A2BB97 
 5696      07D19EF4 
 5696      2B9EF8
 5697 0b97 68DC5A75 		.ascii	"h\334Zu8\271jG\364<\022\036\313Z\207\306\332\332\312"
 5697      38B96A47 
 5697      F43C121E 
 5697      CB5A87C6 
 5697      DADACA
 5698 0baa 81E7BFCC 		.ascii	"\201\347\277\314\030\251\322L\350\367\375WU$\006\273"
 5698      18A9D24C 
 5698      E8F7FD57 
 5698      552406BB 
 5699 0bba 1825D31D 		.ascii	"\030%\323\035NsI\335\251,~\033\\=\203\227\015*\015\255"
 5699      4E7349DD 
 5699      A92C7E1B 
 5699      5C3D8397 
 5699      0D2A0DAD 
 5700 0bce 306BE35A 		.ascii	"0k\343Z\022\305VIM\013\251\331\353\365~\322\3628\243"
 5700      12C55649 
 5700      4D0BA9D9 
 5700      EBF57ED2 
 5700      F238A3
 5701 0be1 CD101521 		.ascii	"\315\020\025!Z\254s\217|\335\311]\314g@\340\036')G\361"
 5701      5AAC738F 
 5701      7CDDC95D 
 5701      CC6740E0 
 5701      1E272947 
 5702 0bf6 BFEE6F51 		.ascii	"\277\356oQ\022/\023\311\014k\220\211m\214f\305,\011"
 5702      122F13C9 
 5702      0C6B9089 
 5702      6D8C66C5 
 5702      2C09
 5703 0c08 4F7E879B 		.ascii	"O~\207\233c\253\300\366;}0\275\246\013\006\2113\274"
 5703      63ABC0F6 
 5703      3B7D30BD 
 5703      A60B0689 
 5703      33BC
 5704 0c1a E8FE2F9C 		.ascii	"\350\376/\234\233\244{*\327\334%\262Ct\360\250LW\243"
 5704      9BA47B2A 
 5704      D7DC25B2 
ARM GAS  C:\Users\nicx5\AppData\Local\Temp\ccq4ftZ0.s 			page 182


 5704      4374F0A8 
 5704      4C57A3
 5705 0c2d 54E6756F 		.ascii	"T\346uo!\253\274\264GD\370\266\373\004\017\001\342."
 5705      21ABBCB4 
 5705      4744F8B6 
 5705      FB040F01 
 5705      E22E
 5706 0c3f AEC546E4 		.ascii	"\256\305F\344\315\202\030*\360j\374y\263\276\272zX\301"
 5706      CD82182A 
 5706      F06AFC79 
 5706      B3BEBA7A 
 5706      58C1
 5707 0c51 2BE361DF 		.ascii	"+\343a\3377\260I\232\362C\256\226c\274\313/fr\350\247"
 5707      37B0499A 
 5707      F243AE96 
 5707      63BCCB2F 
 5707      6672E8A7 
 5708 0c65 FE65CA7D 		.ascii	"\376e\312}\343\021\017\216\201\\\273}Y\266\352\321\263"
 5708      E3110F8E 
 5708      815CBB7D 
 5708      59B6EAD1 
 5708      B3
 5709 0c76 3DC706F8 		.ascii	"=\307\006\370\214l\233)4\314\\\223i7\\-\035\227\303"
 5709      8C6C9B29 
 5709      34CC5C93 
 5709      69375C2D 
 5709      1D97C3
 5710 0c89 429D5D24 		.ascii	"B\235]$\\#y_\204\201&$\035\012gE\206u\235\377\017\032"
 5710      5C23795F 
 5710      84812624 
 5710      1D0A6745 
 5710      86759DFF 
 5711 0c9f 1AB88665 		.ascii	"\032\270\206e\351|\243E\2307\234\221[\224!\220\177t"
 5711      E97CA345 
 5711      98379C91 
 5711      5B942190 
 5711      7F74
 5712 0cb1 3C1EC08F 		.ascii	"<\036\300\217\004\012O\231\3654\034R\021\247'\213+\254"
 5712      040A4F99 
 5712      F5341C52 
 5712      11A7278B 
 5712      2BAC
 5713 0cc3 7969A999 		.ascii	"yi\251\231\371x/\252F\220\367\022p^ r\242\355\213\310"
 5713      F9782FAA 
 5713      4690F712 
 5713      705E2072 
 5713      A2ED8BC8 
 5714 0cd7 576ECDD9 		.ascii	"Wn\315\331\372\205\215\253\3677e\212\317.\372\\\247"
 5714      FA858DAB 
 5714      F737658A 
 5714      CF2EFA5C 
 5714      A7
 5715 0ce8 E13E2BF8 		.ascii	"\341>+\370\217*\015sz\245\377\013\366Eq\205\262\337"
 5715      8F2A0D73 
 5715      7AA5FF0B 
 5715      F6457185 
 5715      B2DF
ARM GAS  C:\Users\nicx5\AppData\Local\Temp\ccq4ftZ0.s 			page 183


 5716 0cfa BDA27586 		.ascii	"\275\242u\206\271\014\236\275\372\274\026\000\316\320"
 5716      B90C9EBD 
 5716      FABC1600 
 5716      CED0
 5717 0d08 A5317D71 		.ascii	"\2451}qVL\354\327)\206\025IC\321m\331\300\321/\234\352"
 5717      564CECD7 
 5717      29861549 
 5717      43D16DD9 
 5717      C0D12F9C 
 5718 0d1d 0907B630 		.ascii	"\011\007\2660\275IG\220\263b$\311B\314\265\330e\342"
 5718      BD494790 
 5718      B36224C9 
 5718      42CCB5D8 
 5718      65E2
 5719 0d2f A70ADE56 		.ascii	"\247\012\336V8\325\020\253&6\001\224\214\317\200\345"
 5719      38D510AB 
 5719      26360194 
 5719      8CCF80E5 
 5720 0d3f 8764170F 		.ascii	"\207d\027\017j]\\N6\346\326\227&\362\020\342\001H\340"
 5720      6A5D5C4E 
 5720      36E6D697 
 5720      26F210E2 
 5720      0148E0
 5721 0d52 C659E976 		.ascii	"\306Y\351v\251\036\177.L#\270xI\306\245w\245\240J\011"
 5721      A91E7F2E 
 5721      4C23B878 
 5721      49C6A577 
 5721      A5A04A09 
 5722 0d66 8F92D9F0 		.ascii	"\217\222\331\360M\323\377\302-\365|\306$\017w\341X\262"
 5722      4DD3FFC2 
 5722      2DF57CC6 
 5722      240F77E1 
 5722      58B2
 5723 0d78 06285F4F 		.ascii	"\006(_O$1\254\366\272,h\013C\252H\376\330\366\274k\201"
 5723      2431ACF6 
 5723      BA2C680B 
 5723      43AA48FE 
 5723      D8F6BC6B 
 5724 0d8d 6AF75BE0 		.ascii	"j\367[\340[\027NF\027\364\350\205T\305u\313\261}\005"
 5724      5B174E46 
 5724      17F4E885 
 5724      54C575CB 
 5724      B17D05
 5725 0da0 2C32920E 		.ascii	",2\222\016\274\2000\277H+G\345Q\374:\313O\023\001\223"
 5725      BC8030BF 
 5725      482B47E5 
 5725      51FC3ACB 
 5725      4F130193 
 5726 0db4 031BE16D 		.ascii	"\003\033\341m[\341P\253\301\225\351S6\006s\321\374\355"
 5726      5BE150AB 
 5726      C195E953 
 5726      360673D1 
 5726      FCED
 5727 0dc6 F63A0E76 		.ascii	"\366:\016v\373Z:\236\312\271$\2208.q9\3615\326\032j"
 5727      FB5A3A9E 
 5727      CAB92490 
 5727      382E7139 
ARM GAS  C:\Users\nicx5\AppData\Local\Temp\ccq4ftZ0.s 			page 184


 5727      F135D61A 
 5728 0ddb BECAD3E4 		.ascii	"\276\312\323\344\306xI;j\001\007\023EG\342\244mw\011"
 5728      C678493B 
 5728      6A010713 
 5728      4547E2A4 
 5728      6D7709
 5729 0dee 8BC73C63 		.ascii	"\213\307<c\006`V\245\005\357\273\032\015zy\217\372!"
 5729      066056A5 
 5729      05EFBB1A 
 5729      0D7A798F 
 5729      FA21
 5730 0e00 5A12ED04 		.ascii	"Z\022\355\004\344>E8\177\310Km/d\340c9\212G\250\222"
 5730      E43E4538 
 5730      7FC84B6D 
 5730      2F64E063 
 5730      398A47A8 
 5731 0e15 88BFB8CF 		.ascii	"\210\277\270\317\310\001\354;\225\270\222-\020\001D"
 5731      C801EC3B 
 5731      95B8922D 
 5731      100144
 5732 0e24 1F8E20BD 		.ascii	"\037\216 \275\023j\012Q\315\253\000\017\225i\301\004"
 5732      136A0A51 
 5732      CDAB000F 
 5732      9569C104 
 5733 0e34 E919D782 		.ascii	"\351\031\327\202\027k\002\252\334?\250\011\201i\377"
 5733      176B02AA 
 5733      DC3FA809 
 5733      8169FF
 5734 0e43 B18D7E8D 		.ascii	"\261\215~\215W%\345\230z;\250\014\211\010\003\227\033"
 5734      5725E598 
 5734      7A3BA80C 
 5734      89080397 
 5734      1B
 5735 0e54 4AECFDC2 		.ascii	"J\354\375\302\307ljp^\317\252B\264\276\274\263\230w"
 5735      C76C6A70 
 5735      5ECFAA42 
 5735      B4BEBCB3 
 5735      9877
 5736 0e66 AF51249C 		.ascii	"\257Q$\234(\352\026\014\307\257J6K\356\367\200\322\025"
 5736      28EA160C 
 5736      C7AF4A36 
 5736      4BEEF780 
 5736      D215
 5737 0e78 BAD582D8 		.ascii	"\272\325\202\330h\320\227\007k\223\251{$%\252\354lp"
 5737      68D09707 
 5737      6B93A97B 
 5737      2425AAEC 
 5737      6C70
 5738 0e8a A1AB0C74 		.ascii	"\241\253\014t\002]\002\263\213\021S\3234\314&f\332\224"
 5738      025D02B3 
 5738      8B1153D3 
 5738      34CC2666 
 5738      DA94
 5739 0e9c 1B82F922 		.ascii	"\033\202\371\"\210\264\373P\004%\364v\203\021*\340J"
 5739      88B4FB50 
 5739      0425F476 
 5739      83112AE0 
ARM GAS  C:\Users\nicx5\AppData\Local\Temp\ccq4ftZ0.s 			page 185


 5739      4A
 5740 0ead 9B95840A 		.ascii	"\233\225\204\012$D\332\376\034^\252\321\024\000\013"
 5740      2444DAFE 
 5740      1C5EAAD1 
 5740      14000B
 5741 0ebc 088B2BCC 		.ascii	"\010\213+\314\341&\235\274\334\303\265\340\310C\240"
 5741      E1269DBC 
 5741      DCC3B5E0 
 5741      C843A0
 5742 0ecb 4D219809 		.ascii	"M!\230\011\027&\205\274\264zmw\236\013A\240t 9@\236"
 5742      172685BC 
 5742      B47A6D77 
 5742      9E0B41A0 
 5742      74203940 
 5743 0ee0 EAD1F941 		.ascii	"\352\321\371A\362/$\240\314\342\002\012m\367\271\022"
 5743      F22F24A0 
 5743      CCE2020A 
 5743      6DF7B912 
 5744 0ef0 5A784262 		.ascii	"ZxBb\363\026\220\341_\027\303\372\177d\247\240\254\034"
 5744      F31690E1 
 5744      5F17C3FA 
 5744      7F64A7A0 
 5744      AC1C
 5745 0f02 84D8942C 		.ascii	"\204\330\224,\2579L\306\322\006i\337\341Q\301\241\236"
 5745      AF394CC6 
 5745      D20669DF 
 5745      E151C1A1 
 5745      9E
 5746 0f13 3731E489 		.ascii	"71\344\211wo\035$\037eD\334\374\233\232\002VX\220\310"
 5746      776F1D24 
 5746      1F6544DC 
 5746      FC9B9A02 
 5746      565890C8 
 5747 0f27 BF10DC4E 		.ascii	"\277\020\334N\372\276\267\374\227\263\203J\363,\300"
 5747      FABEB7FC 
 5747      97B3834A 
 5747      F32CC0
 5748 0f36 F9A9A33B 		.ascii	"\371\251\243;\016)\034F\023\226S\330\031J\374\017\352"
 5748      0E291C46 
 5748      139653D8 
 5748      194AFC0F 
 5748      EA
 5749 0f47 B1DAD536 		.ascii	"\261\332\3256;\315\211\021w\036\203g\374\203j\334,\206"
 5749      3BCD8911 
 5749      771E8367 
 5749      FC836ADC 
 5749      2C86
 5750 0f59 7873B923 		.ascii	"xs\271#yK\303\225'4\011\"\375\311\307\223\240N\031k"
 5750      794BC395 
 5750      27340922 
 5750      FDC9C793 
 5750      A04E196B 
 5751 0f6d 21BFC5AD 		.ascii	"!\277\305\255g\316\330\011p^v\334&bRR\262hB\365\206"
 5751      67CED809 
 5751      705E76DC 
 5751      26625252 
 5751      B26842F5 
ARM GAS  C:\Users\nicx5\AppData\Local\Temp\ccq4ftZ0.s 			page 186


 5752 0f82 AE7AD6CA 		.ascii	"\256z\326\312\340r\010\366\007M\000t\2051\026\371\030"
 5752      E07208F6 
 5752      074D0074 
 5752      853116F9 
 5752      18
 5753 0f93 F4C6437A 		.ascii	"\364\306Cz\264\302\256\222\012J\312\266l"
 5753      B4C2AE92 
 5753      0A4ACAB6 
 5753      6C
 5754 0fa0 822D5AD7 		.ascii	"\202-Z\327\275\244/\016.\317?}\315\331\244\011l\345"
 5754      BDA42F0E 
 5754      2ECF3F7D 
 5754      CDD9A409 
 5754      6CE5
 5755 0fb2 06579D05 		.ascii	"\006W\235\005\020\016Enn\021\316U8\342E\207\210\253"
 5755      100E456E 
 5755      6E11CE55 
 5755      38E24587 
 5755      88AB
 5756 0fc4 55B1F006 		.ascii	"U\261\360\006J\216\376\324\001j\261\\\260'j\234<\317"
 5756      4A8EFED4 
 5756      016AB15C 
 5756      B0276A9C 
 5756      3CCF
 5757 0fd6 F182359D 		.ascii	"\361\2025\235\356\374\000\260\333KL\360t\257\364Z\227"
 5757      EEFC00B0 
 5757      DB4B4CF0 
 5757      74AFF45A 
 5757      97
 5758 0fe7 EFC42B60 		.ascii	"\357\304+`\004\367sa;\352o(\273\270\307\234\017@\031"
 5758      04F77361 
 5758      3BEA6F28 
 5758      BBB8C79C 
 5758      0F4019
 5759 0ffa 63EA2857 		.ascii	"c\352(Wd\022\322\006"
 5759      6412D206 
 5760              		.text
 5761              		.section	.gnu.lto_HAL_ADC_DeInit.336.1f3e1af6,"e",%progbits
 5762 0000 28B52FFD 		.ascii	"(\265/\375`\370\000u\015\000\006\231^F\340\322&\035"
 5762      60F80075 
 5762      0D000699 
 5762      5E46E0D2 
 5762      261D
 5763 0012 A25EA6CD 		.ascii	"\242^\246\315\3302\377\240\343dD\0306\012\177\023\030"
 5763      D832FFA0 
 5763      E3644418 
 5763      360A7F13 
 5763      18
 5764 0023 F2B393C7 		.ascii	"\362\263\223\307|\030D\022+\367\027\207\244,\033\217"
 5764      7C184412 
 5764      2BF71787 
 5764      A42C1B8F 
 5765 0033 565F4719 		.ascii	"V_G\031\242\226X\267\345V\352o\357MB+c\314\036\307u"
 5765      A29658B7 
 5765      E556EA6F 
 5765      EF4D422B 
 5765      63CC1EC7 
ARM GAS  C:\Users\nicx5\AppData\Local\Temp\ccq4ftZ0.s 			page 187


 5766 0048 1000163D 		.ascii	"\020\000\026=\017\276!\262\267\224)\005G\000J\000C\000"
 5766      0FBE21B2 
 5766      B7942905 
 5766      47004A00 
 5766      4300
 5767 005a 8FF026D9 		.ascii	"\217\360&\331\243mk'\230;]!\037\234\010F+D\3248\332"
 5767      A36D6B27 
 5767      983B5D21 
 5767      1F9C0846 
 5767      2B44D438 
 5768 006f F54C7AE2 		.ascii	"\365Lz\342\335\241f\347\223\304n\016I!\256\360\300\016"
 5768      DDA166E7 
 5768      93C46E0E 
 5768      4921AEF0 
 5768      C00E
 5769 0081 0D1D25B1 		.ascii	"\015\035%\261\014\320d\210\205\211\003=9\304r2GVv\327"
 5769      0CD06488 
 5769      8589033D 
 5769      39C47232 
 5769      475676D7 
 5770 0095 A9130371 		.ascii	"\251\023\003q\307\333f\261\215\301\376I\351\217\304"
 5770      C7DB66B1 
 5770      8DC1FE49 
 5770      E98FC4
 5771 00a4 9D184124 		.ascii	"\235\030A$J@vK|G\273#\336Ha\373\366=\030\200\022\221"
 5771      4A40764B 
 5771      7C47BB23 
 5771      DE4861FB 
 5771      F63D1880 
 5772 00ba 8B7DA0C3 		.ascii	"\213}\240\303\350r;\254\006\021\031\371\004\331\365"
 5772      E8723BAC 
 5772      061119F9 
 5772      04D9F5
 5773 00c9 0C3C9A86 		.ascii	"\014<\232\206\364h\227r\270d\376\205\337\342.`\377\261"
 5773      F4689772 
 5773      B864FE85 
 5773      DFE22E60 
 5773      FFB1
 5774 00db 7180DD21 		.ascii	"q\200\335!8\204v\275\023\267\220\036\013|@\026\371w"
 5774      388476BD 
 5774      13B7901E 
 5774      0B7C4016 
 5774      F977
 5775 00ed 19D40FB6 		.ascii	"\031\324\017\266\241z\005G7\300\335]\230eT\273\346B"
 5775      A17A0547 
 5775      37C0DD5D 
 5775      986554BB 
 5775      E642
 5776 00ff 5EE70A55 		.ascii	"^\347\012UC\362\230acH\265\307\266M\026U\223\341#'\213"
 5776      43F29861 
 5776      6348B5C7 
 5776      B64D1655 
 5776      93E12327 
 5777 0114 F8454454 		.ascii	"\370EDT\024\011\351\261\371\331\273I\355\361\365\373"
 5777      1409E9B1 
 5777      F9D9BB49 
 5777      EDF1F5FB 
ARM GAS  C:\Users\nicx5\AppData\Local\Temp\ccq4ftZ0.s 			page 188


 5778 0124 BECFCA63 		.ascii	"\276\317\312c\377\347\217NC\015\\\215ksq42\256\022k"
 5778      FFE78F4E 
 5778      430D5C8D 
 5778      6B737134 
 5778      32AE126B 
 5779 0138 084E1B4C 		.ascii	"\010N\033L\002\030\025\024\002\253\230\215\005\275B"
 5779      02181514 
 5779      02AB988D 
 5779      05BD42
 5780 0147 59C56CAA 		.ascii	"Y\305l\252\012\033\213\245\245\310\2708\323\252\365"
 5780      0A1B8BA5 
 5780      A5C8B838 
 5780      D3AAF5
 5781 0156 62523960 		.ascii	"bR9`A\251^/\025\224\211kI\2600\241\305\340\344\327\314"
 5781      41A95E2F 
 5781      1594896B 
 5781      49B030A1 
 5781      C5E0E4D7 
 5782 016b 02544A4B 		.ascii	"\002TJKiy\360\222\342(\264f \244\0244\020`\333\333+"
 5782      6979F092 
 5782      E228B466 
 5782      20A41434 
 5782      1060DBDB 
 5783 0180 CF758487 		.ascii	"\317u\204\207\037(\002\023\000U\011J\317\\<\203\317"
 5783      1F280213 
 5783      0055094A 
 5783      CF5C3C83 
 5783      CF
 5784 0191 396737EF 		.ascii	"9g7\357{j\206N`\"\216\006\242\020\352\026U\363\270`"
 5784      7B6A864E 
 5784      60228E06 
 5784      A210EA16 
 5784      55F3B860 
 5785 01a5 FA6A8036 		.ascii	"\372j\2006\013]\013B\226q\012\005;M\265G\003S{"
 5785      0B5D0B42 
 5785      96710A05 
 5785      3B4DB547 
 5785      03537B
 5786              		.text
 5787              		.section	.gnu.lto_HAL_ADC_MspInit.337.1f3e1af6,"e",%progbits
 5788 0000 28B52FFD 		.ascii	"(\265/\375`<\000u\010\000\302\317;:0\217\323\001\032"
 5788      603C0075 
 5788      0800C2CF 
 5788      3B3A308F 
 5788      D3011A
 5789 0013 003E94D4 		.ascii	"\000>\224\324\023\216\343\325\020\011\226\224D+\211"
 5789      138EE3D5 
 5789      10099694 
 5789      442B89
 5790 0022 84537248 		.ascii	"\204SrH~\374H\353`\000\324\226Pk\204\2034\3449i{\211"
 5790      7EFC48EB 
 5790      6000D496 
 5790      506B8483 
 5790      34E43969 
 5791 0038 C7227215 		.ascii	"\307\"r\025\245J\3222\272\244\272c#{\313\024\346\026"
 5791      A54AD232 
 5791      BAA4BA63 
ARM GAS  C:\Users\nicx5\AppData\Local\Temp\ccq4ftZ0.s 			page 189


 5791      237BCB14 
 5791      E616
 5792 004a 3E208981 		.ascii	"> \211\201\004\352\034\204%P\314\034v\302\022\370e\200"
 5792      04EA1C84 
 5792      2550CC1C 
 5792      76C212F8 
 5792      6580
 5793 005c A2C87934 		.ascii	"\242\310y46\312-$G\333'\021\352>\323\004u[IZp\\\220"
 5793      36CA2D24 
 5793      47DB2711 
 5793      EA3ED304 
 5793      755B495A 
 5794 0073 101F9BE3 		.ascii	"\020\037\233\343C\347q\036\021\305\310+1\310\261\302"
 5794      43E7711E 
 5794      11C5C82B 
 5794      31C8B1C2 
 5795 0083 6B8828B0 		.ascii	"k\210(\260\315\372f\257*oZ2/\217\372a\256\005\363r:"
 5795      CDFA66AF 
 5795      2A6F5A32 
 5795      2F8FFA61 
 5795      AE05F372 
 5796 0098 63968956 		.ascii	"c\226\211V\023o\366\377\256*\233j#1\026\025\007\344"
 5796      136FF6FF 
 5796      AE2A9B6A 
 5796      23311615 
 5796      07E4
 5797 00aa 279981FD 		.ascii	"'\231\201\375\245\271\240\330^\001\233\263\232Xj\357"
 5797      A5B9A0D8 
 5797      5E019BB3 
 5797      9A586AEF 
 5798 00ba 6A53CE55 		.ascii	"jS\316U\351\360\346\217\271\\?K\301\242\200\325\020"
 5798      E9F0E68F 
 5798      B95C3F4B 
 5798      C1A280D5 
 5798      10
 5799 00cb D640B35A 		.ascii	"\326@\263Z\266\004\232\325|\3321\365\256\233B%)\221"
 5799      B6049AD5 
 5799      7CDA31F5 
 5799      AE9B4225 
 5799      2991
 5800 00dd 16D8FFAD 		.ascii	"\026\330\377\255\236\354\271\364\364\356\312\016\234"
 5800      9EECB9F4 
 5800      F4EECA0E 
 5800      9C
 5801 00ea 50A6A500 		.ascii	"P\246\245\000\016\377MO\250\220u]\333\011\266G\333\251"
 5801      0EFF4D4F 
 5801      A890755D 
 5801      DB09B647 
 5801      DBA9
 5802 00fc 0A007AE6 		.ascii	"\012\000z\346\342\031|\3169\276\2717z\206\343lh\313"
 5802      E2197CCE 
 5802      39BEB937 
 5802      7A86E36C 
 5802      68CB
 5803 010e 20D66A74 		.ascii	" \326jt\270\313\213v\222\001"
 5803      B8CB8B76 
 5803      9201
ARM GAS  C:\Users\nicx5\AppData\Local\Temp\ccq4ftZ0.s 			page 190


 5804              		.text
 5805              		.section	.gnu.lto_HAL_ADC_MspDeInit.338.1f3e1af6,"e",%progbits
 5806 0000 28B52FFD 		.ascii	"(\265/\375`<\000\205\010\000\302O<:0q\323\001\000\327"
 5806      603C0085 
 5806      0800C24F 
 5806      3C3A3071 
 5806      D30100D7 
 5807 0014 25887A1D 		.ascii	"%\210z\035C\206;\031\375\250\216\021y\205\260\207\262"
 5807      43863B19 
 5807      FDA88E11 
 5807      7985B087 
 5807      B2
 5808 0025 2E8FD02F 		.ascii	".\217\320/\364'f\200\332\315\255S\0170\372\303;!\361"
 5808      F4276680 
 5808      DACDAD53 
 5808      0F30FAC3 
 5808      3B21F1
 5809 0038 8BEC478E 		.ascii	"\213\354G\216\223\310\207\033\264\376\211e\255\355-"
 5809      93C8871B 
 5809      B4FE8965 
 5809      ADED2D
 5810 0047 53EE1844 		.ascii	"S\356\030D\341\251\3414\332\016DT8f\0267\021\025\202"
 5810      E1A9E134 
 5810      DA0E4454 
 5810      38661637 
 5810      111582
 5811 005a 1AE13876 		.ascii	"\032\3418v\241\015\016\223\023K\023\007N\220<0\225\032"
 5811      A10D0E93 
 5811      134B1307 
 5811      4E903C30 
 5811      951A
 5812 006c 799C595E 		.ascii	"y\234Y^t`\224\021\"\247H\010\357\353B\245\012\323gf"
 5812      74609411 
 5812      22A74808 
 5812      EFEB42A5 
 5812      0AD36766 
 5813 0080 94A4C5E7 		.ascii	"\224\244\305\347 Q`\333\365\315^[\006\325\234\300>*"
 5813      205160DB 
 5813      F5CD5E5B 
 5813      06D59CC0 
 5813      3E2A
 5814 0092 883B1A1D 		.ascii	"\210;\032\035\234\323\036\273T\264\246x\263\377wm\331"
 5814      9CD31EBB 
 5814      54B4A678 
 5814      B3FF776D 
 5814      D9
 5815 00a3 541B8991 		.ascii	"T\033\211\221im+\277IO\3540\315\206\305\366\012\330"
 5815      696D2BBF 
 5815      494FEC30 
 5815      CD86C5F6 
 5815      0AD8
 5816 00b5 0A24144B 		.ascii	"\012$\024K\355mY\227s_<\014\372yn^\277k\301\245\200"
 5816      ED6D5997 
 5816      735F3C0C 
 5816      FA796E5E 
 5816      BF6BC1A5 
 5817 00ca D510D6E0 		.ascii	"\325\020\326\340\263Z\266\004\237\325|\3329\365\257"
ARM GAS  C:\Users\nicx5\AppData\Local\Temp\ccq4ftZ0.s 			page 191


 5817      B35AB604 
 5817      9FD57CDA 
 5817      39F5AF
 5818 00d9 AB48283B 		.ascii	"\253H(;\"3\261\377\\U\331s\351\351]\230\035X\261TK\001"
 5818      2233B1FF 
 5818      5C55D973 
 5818      E9E95D98 
 5818      1D58B154 
 5819 00ef 1EFE9BAE 		.ascii	"\036\376\233\256X!\353\272\266\023l\223\266K\002\012"
 5819      5821EBBA 
 5819      B6136C93 
 5819      B64B020A 
 5820 00ff 007AE6E2 		.ascii	"\000z\346\342\031|\3169\276\2717z\206\343lh\313 \326"
 5820      197CCE39 
 5820      BEB9377A 
 5820      86E36C68 
 5820      CB20D6
 5821 0112 6A74B8CB 		.ascii	"jt\270\313\213v\222\001"
 5821      8B769201 
 5822              		.text
 5823              		.section	.gnu.lto_HAL_ADC_Start.339.1f3e1af6,"e",%progbits
 5824 0000 28B52FFD 		.ascii	"(\265/\375`\006\014\265:\000z`T\025?@\244N\007\323\022"
 5824      60060CB5 
 5824      3A007A60 
 5824      54153F40 
 5824      A44E07D3 
 5825 0015 4F118344 		.ascii	"O\021\203D+\252o\266\217\346\226\324\324$\324\312//"
 5825      2BAA6FB6 
 5825      8FE696D4 
 5825      D424D4CA 
 5825      2F2F
 5826 0027 21328CCE 		.ascii	"!2\214\316\376c\011\026\333\364\215\372\354eF\037}\225"
 5826      FE630916 
 5826      DBF48DFA 
 5826      EC65461F 
 5826      7D95
 5827 0039 65838DED 		.ascii	"e\203\215\355\247D\001\222b\333\335\215\0306!I\366\336"
 5827      A7440192 
 5827      62DBDD8D 
 5827      18362149 
 5827      F6DE
 5828 004b 29A51446 		.ascii	")\245\024F\001)\001B\001{wG\240\210t\226L\0313\262\325"
 5828      01290142 
 5828      017B7747 
 5828      A0887496 
 5828      4C1933B2 
 5829 0060 66F6C1CD 		.ascii	"f\366\301\315\327b\272\217\221\010\000\271\332i\346"
 5829      D762BA8F 
 5829      910800B9 
 5829      DA69E6
 5830 006f 77C87DA7 		.ascii	"w\310}\247\237.w\210\330V\021\0206u<\007u\021\324k\266"
 5830      9F2E7788 
 5830      D8561110 
 5830      36753C07 
 5830      7511D46B 
 5831 0084 D504978B 		.ascii	"\325\004\227\213y\217\207\337(\367\377\376\272\020\022"
 5831      798F87DF 
ARM GAS  C:\Users\nicx5\AppData\Local\Temp\ccq4ftZ0.s 			page 192


 5831      28F7FFFE 
 5831      BA1012
 5832 0093 746F9341 		.ascii	"to\223A\253|\303\"\230\303\345\316\334^\372\213\217"
 5832      AB7CC322 
 5832      98C3E5CE 
 5832      DC5EFA8B 
 5832      8F
 5833 00a4 06D38395 		.ascii	"\006\323\203\225\3565$\207\315\275M\007\274e[\225j\345"
 5833      EE352487 
 5833      CDBD4D07 
 5833      BC655B95 
 5833      6AE5
 5834 00b6 DA6ADA4B 		.ascii	"\332j\332Kk\253\314\314U\022|\260\331_6yh)\272\320\211"
 5834      6BABCCCC 
 5834      55127CB0 
 5834      D95F3679 
 5834      6829BAD0 
 5835 00cb F343BCB7 		.ascii	"\363C\274\267\371\340\355\332\254\241\236\234\232\224"
 5835      F9E0EDDA 
 5835      ACA19E9C 
 5835      9A94
 5836 00d9 4C4B4A49 		.ascii	"LKJIHGI\243\"\344\321h\213\253\232\276\233q\037\341"
 5836      484749A3 
 5836      22E4D168 
 5836      8BAB9ABE 
 5836      9B711FE1 
 5837 00ed CE1A4AAF 		.ascii	"\316\032J\257\237\234\252\\\361\246\"\026\232^+\213"
 5837      9F9CAA5C 
 5837      F1A62216 
 5837      9A5E2B8B 
 5838 00fd 584968F6 		.ascii	"XIh\366\346\006\321-\2534\223]/\331Qq%*\356\313\364"
 5838      E606D12D 
 5838      AB34935D 
 5838      2FD95171 
 5838      252AEECB 
 5839 0112 A43AA623 		.ascii	"\244:\246#\035M\351d\223\276.p\367\306\304\215\012\320"
 5839      1D4DE964 
 5839      93BE2E70 
 5839      F7C6C48D 
 5839      0AD0
 5840 0124 2D9774D1 		.ascii	"-\227t\321\022\344\363M\311\335\333\234\037\213Xt\313"
 5840      12E4F34D 
 5840      C9DDDB9C 
 5840      1F8B5874 
 5840      CB
 5841 0135 246D7CBE 		.ascii	"$m|\276%\351\27379\267\317\267\274T\352\336\333woH\274"
 5841      25E9BB37 
 5841      39B7CFB7 
 5841      BC54EADE 
 5841      DB776F48 
 5842 014a 98465893 		.ascii	"\230FX\223\347\226\204cK\223Y\314\014\352\2737=_\323"
 5842      E7968463 
 5842      4B9359CC 
 5842      0CEABB37 
 5842      3D5FD3
 5843 015d 263C3935 		.ascii	"&<95\375|\323K\027\244\001\304\373\341\2525\322\351"
 5843      FD7CD34B 
ARM GAS  C:\Users\nicx5\AppData\Local\Temp\ccq4ftZ0.s 			page 193


 5843      17A401C4 
 5843      FBE1AA35 
 5843      D2E9
 5844 016f 1A124ECD 		.ascii	"\032\022N\315?m\000\210\227$\011\227\226.\311\245\001"
 5844      3F6D0088 
 5844      97240997 
 5844      962EC9A5 
 5844      01
 5845 0180 ECBE7621 		.ascii	"\354\276v!pj\356E\254{/{\033\334\262\031@3w\030f\326"
 5845      706AEE45 
 5845      AC7B2F7B 
 5845      1BDCB219 
 5845      40337718 
 5846 0196 C37C5411 		.ascii	"\303|T\021\202\320<\312\004\232\307j\365W\377R\330\220"
 5846      82D03CCA 
 5846      049AC76A 
 5846      F557FF52 
 5846      D890
 5847 01a8 A4F157B7 		.ascii	"\244\361W\267ya\357}2\201\233\315\207\030<\266\266j"
 5847      7961EF7D 
 5847      32819BCD 
 5847      87183CB6 
 5847      B66A
 5848 01ba F50EEAF6 		.ascii	"\365\016\352\366\234\237\306\215\246\023\314A\001\235"
 5848      9C9FC68D 
 5848      A613CC41 
 5848      019D
 5849 01c8 69ACC239 		.ascii	"i\254\3029\350\236*\210\010\001|\233i\306BS\237\331"
 5849      E89E2A88 
 5849      08017C9B 
 5849      69C64253 
 5849      9FD9
 5850 01da ED6B6E56 		.ascii	"\355knV~\244_\347L\220\350\200xrl\376\231\234^ \315"
 5850      7EA45FE7 
 5850      4C90E880 
 5850      78726CFE 
 5850      999C5E20 
 5851 01ef DB38D6FE 		.ascii	"\3338\326\376\224N\237\0375Od\346\031\235\006\207\275"
 5851      944E9F1F 
 5851      354F64E6 
 5851      199D0687 
 5851      BD
 5852 0200 F74EE0F6 		.ascii	"\367N\340\3663\313\243a\355z\254\255\366\207\325\355"
 5852      33CBA361 
 5852      ED7AACAD 
 5852      F687D5ED 
 5853 0210 A17D1AFB 		.ascii	"\241}\032\373\340\036\037\314s7\030\346y=\312\3154\177"
 5853      E01E1FCC 
 5853      733718E6 
 5853      793DCACD 
 5853      347F
 5854 0222 26F747A3 		.ascii	"&\367G\243\321(\177\035\263u\276\262\316V\355lV\320"
 5854      D1287F1D 
 5854      B375BEB2 
 5854      CE56ED6C 
 5854      56D0
 5855 0234 60BA0F14 		.ascii	"`\272\017\024\235\243\3309\300\352\014\300:CY\347'\353"
ARM GAS  C:\Users\nicx5\AppData\Local\Temp\ccq4ftZ0.s 			page 194


 5855      9DA3D839 
 5855      C0EA0CC0 
 5855      3A4359E7 
 5855      27EB
 5856 0246 EC649D9B 		.ascii	"\354d\235\233\254\263\322:3Y\347%\353\254d\235\223\254"
 5856      ACB3D23A 
 5856      3359E725 
 5856      EBAC649D 
 5856      93AC
 5857 0258 3392753E 		.ascii	"3\222u>\262\316I\353ld\235\213\2543\322:\037\255\263"
 5857      B2CE49EB 
 5857      6C649D8B 
 5857      AC33D23A 
 5857      1FADB3
 5858 026b D13ADBA2 		.ascii	"\321:\333\242s\321:\257\326Y\265\316\251\321\371\255"
 5858      73D13AAF 
 5858      D659B5CE 
 5858      A9D1F9AD 
 5859 027b B3179D5B 		.ascii	"\263\027\235[\202\012\235\343\254ra\315\275M\242\210"
 5859      820A9DE3 
 5859      AC7261CD 
 5859      BD4DA288 
 5860 028b 378FEAE6 		.ascii	"7\217\352\346J;\233\233L\243aFrY\217\341>\343vu\014"
 5860      4A3B9B9B 
 5860      4CA36146 
 5860      72598FE1 
 5860      3EE37675 
 5861 02a0 E5DD7B91 		.ascii	"\345\335{\221m\246\314\230\224Z\3632Q\372\205i\003\006"
 5861      6DA6CC98 
 5861      945AF332 
 5861      51FA8569 
 5861      0306
 5862 02b2 D1C112AE 		.ascii	"\321\301\022\256\325\333LY\227\031\353\267\313\326\327"
 5862      D5DB4C59 
 5862      9719EBB7 
 5862      CBD6D7
 5863 02c1 960CDC83 		.ascii	"\226\014\334\203-\330\315\204\005\275\355.h\365\352"
 5863      2DD8CD84 
 5863      05BDED2E 
 5863      68F5EA
 5864 02d0 196BEDD1 		.ascii	"\031k\355\321\226I\317d/\264\347i\340\256X\021\255\360"
 5864      9649CF64 
 5864      2FB4E769 
 5864      E0AE5811 
 5864      ADF0
 5865 02e2 4368544F 		.ascii	"ChTO\255\314 \032\261\320\215-\034\353\241\037\244g"
 5865      ADCC201A 
 5865      B1D08D2D 
 5865      1CEBA11F 
 5865      A467
 5866 02f4 1A5AE7A1 		.ascii	"\032Z\347\241\226#\243'\214F\015\365\324Z\364F#ZP\321"
 5866      9623A327 
 5866      8C460DF5 
 5866      D45AF446 
 5866      235A50D1 
 5867 0308 E1136EF2 		.ascii	"\341\023n\362\2359\224\234Z\221\337n\372\002\245\216"
 5867      9D39949C 
ARM GAS  C:\Users\nicx5\AppData\Local\Temp\ccq4ftZ0.s 			page 195


 5867      5A91DF6E 
 5867      FA02A58E 
 5868 0318 8F143C7E 		.ascii	"\217\024<~\200:CC#c _4\332S\253}c\037\373K\303\277'"
 5868      803A4343 
 5868      2363205F 
 5868      34DA53AB 
 5868      7D631FFB 
 5869 0330 BF116412 		.ascii	"\277\021d\022X\004\247\257~\345\0238\210|&s\331V\323"
 5869      5804A7AF 
 5869      7EE51338 
 5869      887C2673 
 5869      D956D3
 5870 0343 1C92188B 		.ascii	"\034\222\030\213\037\365nQ_\374\2548\307g2\035)\200"
 5870      1FF56E51 
 5870      5FFCAC38 
 5870      C767321D 
 5870      2980
 5871 0355 70C6AFEB 		.ascii	"p\306\257\3535]|\255@>\305\217\252\333C3\304\262\276"
 5871      355D7CAD 
 5871      403EC58F 
 5871      AADB4333 
 5871      C4B2BE
 5872 0368 9E6E23E4 		.ascii	"\236n#\344\274=\265\252\277~\263\0259\212F\377\022{"
 5872      BC3DB5AA 
 5872      BF7EB315 
 5872      398A46FF 
 5872      127B
 5873 037a 6A4D5FFD 		.ascii	"jM_\375f&\321x\3227\212\025\032>\373F\341\010\3553\331"
 5873      6626D178 
 5873      D2378A15 
 5873      1A3EFB46 
 5873      E108ED33 
 5874 038f 6CE52AFC 		.ascii	"l\345*\374S\360\355l\362\003\317|\002\205w\233\202o"
 5874      53F0ED6C 
 5874      F203CF7C 
 5874      0285779B 
 5874      826F
 5875 03a1 BD422ECF 		.ascii	"\275B.\317#]\317\351:\035l\341\221\356,\021\012`\361"
 5875      235DCFE9 
 5875      3A1D6CE1 
 5875      91EE2C11 
 5875      0A60F1
 5876 03b4 99BD62FD 		.ascii	"\231\275b\375\327J\321rV\374\033\015p\025R\3614\200"
 5876      D74AD172 
 5876      56FC1B0D 
 5876      701552F1 
 5876      3480
 5877 03c6 7848D6E5 		.ascii	"xH\326\345\253\315 \253\337\221\304\2754\275@\312\334"
 5877      ABCD20AB 
 5877      DF91C4BD 
 5877      34BD40CA 
 5877      DC
 5878 03d7 1E5B01BC 		.ascii	"\036[\001\274[\363X\375\233K\222\3673wyy\267\371\013"
 5878      5BF358FD 
 5878      9B4B92F7 
 5878      33777979 
 5878      B7F90B
ARM GAS  C:\Users\nicx5\AppData\Local\Temp\ccq4ftZ0.s 			page 196


 5879 03ea 70A2F66B 		.ascii	"p\242\366k\354\203\320\252A\302\347\325\367^K\241y\264"
 5879      EC83D0AA 
 5879      41C2E7D5 
 5879      F75E4BA1 
 5879      79B4
 5880 03fc BBAF1BF8 		.ascii	"\273\257\033\370\035I\244C\024,\203\352\313\205WW\215"
 5880      1D49A443 
 5880      142C83EA 
 5880      CB855757 
 5880      8D
 5881 040d 1A363C5C 		.ascii	"\0326<\\\211\030\261\2655B\253\213\307\016\255\014Y"
 5881      8918B1B5 
 5881      3542AB8B 
 5881      C70EAD0C 
 5881      59
 5882 041e 45636564 		.ascii	"Eced^dcI\261\027dc^[]Z\031\262n\200\221\031\305\230"
 5882      5E646349 
 5882      B1176463 
 5882      5E5B5D5A 
 5882      19B26E80 
 5883 0436 01C346D8 		.ascii	"\001\303F\330W\327\013\027a`3\310j\224\201u\335\000"
 5883      57D70B17 
 5883      616033C8 
 5883      6A948175 
 5883      DD00
 5884 0448 2363E22A 		.ascii	"#c\342*\010\022\274ZThA\201J\300\227\013/\031)\177Q"
 5884      0812BC5A 
 5884      54684181 
 5884      4AC0970B 
 5884      2F19297F 
 5885 045d 7DB9F0EA 		.ascii	"}\271\360\352\252\341%CF\225\025\030\331\330\203/\261"
 5885      AAE12543 
 5885      46951518 
 5885      D9D8832F 
 5885      B1
 5886 046e 120FBA42 		.ascii	"\022\017\272Bdu\350\332\261\203B\207\007cb/r\314\020"
 5886      6475E8DA 
 5886      B1834287 
 5886      0763622F 
 5886      72CC10
 5887 0481 CB208177 		.ascii	"\313 \201w\204a\350\300\242\312j\313D\011\026c4\304"
 5887      8461E8C0 
 5887      A2CA6ACB 
 5887      44091663 
 5887      34C4
 5888 0493 C250B0B0 		.ascii	"\302P\260\260\240\201\211\231\233h\375u\254\214\243"
 5888      A0818999 
 5888      9B68FD75 
 5888      AC8CA3
 5889 04a2 BBB3FA5C 		.ascii	"\273\263\372\\\373\223\202\247\212\203\262\247l;m$\216"
 5889      FB9382A7 
 5889      8A83B2A7 
 5889      6C3B6D24 
 5889      8E
 5890 04b3 EE8EEA6D 		.ascii	"\356\216\352m\266\006\010\360\376l\314\355L\241\236"
 5890      B60608F0 
 5890      FE6CCCED 
ARM GAS  C:\Users\nicx5\AppData\Local\Temp\ccq4ftZ0.s 			page 197


 5890      4CA19E
 5891 04c2 096DE614 		.ascii	"\011m\346\024\256D,\021\237'(\271\247\207\362\266v\372"
 5891      AE442C11 
 5891      9F2728B9 
 5891      A787F2B6 
 5891      76FA
 5892 04d4 A738A744 		.ascii	"\2478\247DR\232\320\350\215qjr\266V~\223\0213>{\257"
 5892      529AD0E8 
 5892      8D716A72 
 5892      B6567E93 
 5892      11333E7B 
 5893 04e9 9409EC45 		.ascii	"\224\011\354E6d\351X[UF\277\233]\200\317\211C\021\231"
 5893      3664E958 
 5893      5B5546BF 
 5893      9B5D80CF 
 5893      89431199 
 5894 04fd 96DCBC4B 		.ascii	"\226\334\274K\317\344\266\364F%\250`\242f\254\263?s"
 5894      CFE4B6F4 
 5894      4625A860 
 5894      A266ACB3 
 5894      3F73
 5895 050f B0240CD2 		.ascii	"\260$\014\322\324\205\312\001^|f\015\034\274\333X\352"
 5895      D485CA01 
 5895      5E7C660D 
 5895      1CBCDB58 
 5895      EA
 5896 0520 97503D26 		.ascii	"\227P=&%\037\322\200:\351\225\242M\220>\211\204\007"
 5896      251FD280 
 5896      3AE995A2 
 5896      4D903E89 
 5896      8407
 5897 0532 41BA83D6 		.ascii	"A\272\203\326-8t\333\262\364L\356@}\364\375\354\013"
 5897      2D3874DB 
 5897      B2F44CEE 
 5897      407DF4FD 
 5897      EC0B
 5898 0544 44BA37F9 		.ascii	"D\2727\371G\036\374G\362\005\364u\232\266\204ByF\273"
 5898      471EFC47 
 5898      F205F475 
 5898      9AB68442 
 5898      7946BB
 5899 0557 FFEC8F92 		.ascii	"\377\354\217\222\232\321\321\324\236Z\375\006\200\361"
 5899      9AD1D1D4 
 5899      9E5AFD06 
 5899      80F1
 5900 0565 A8912847 		.ascii	"\250\221(G\021RfFD$\310\004I\222t`\002\221\241\262\352"
 5900      11526646 
 5900      4424C804 
 5900      49927460 
 5900      0291A1B2 
 5901 057a 0611F038 		.ascii	"\006\021\3608\211\034\032\031\011\222\202\224\244R\350"
 5901      891C1A19 
 5901      09928294 
 5901      A452E8
 5902 0589 44864D5F 		.ascii	"D\206M_\214jmL\240:\2208\2743\250\357\342\024C4M!\201"
 5902      8C6A6D4C 
 5902      A03A9038 
ARM GAS  C:\Users\nicx5\AppData\Local\Temp\ccq4ftZ0.s 			page 198


 5902      BC33A8EF 
 5902      E2144334 
 5903 05a0 118B557D 		.ascii	"\021\213U}s\0117\345~\355q74_\215\354)\0374\020\216"
 5903      730937E5 
 5903      7EED7137 
 5903      345F8DEC 
 5903      291F3410 
 5904 05b5 FE566A2A 		.ascii	"\376Vj*\002\247\326\305\375\240\211\321bcL\\r\271a\340"
 5904      02A7D6C5 
 5904      FDA089D1 
 5904      62634C5C 
 5904      72B961E0 
 5905 05c9 8CCE637A 		.ascii	"\214\316cz\243$\360\241\003\277U\\\010\020%\036\363"
 5905      A324F0A1 
 5905      03BF555C 
 5905      0810251E 
 5905      F3
 5906 05da B9D43681 		.ascii	"\271\3246\201\232\002S\026\300!\261:\370\330\344e\206"
 5906      9A025316 
 5906      C021B13A 
 5906      F8D8E465 
 5906      86
 5907 05eb 5BCA3E93 		.ascii	"[\312>\223)a_\017\213\275H{=\022i\200\023\2227\340c"
 5907      29615F0F 
 5907      8BBD487B 
 5907      3D126980 
 5907      139237E0 
 5908 0600 49A8BE70 		.ascii	"I\250\276p\015,.\330\220\034\262}\331)?\212<\267\360"
 5908      0D2C2ED8 
 5908      901CB27D 
 5908      D9293F8A 
 5908      3CB7F0
 5909 0613 8D654FE8 		.ascii	"\215eO\350\206#\024v\324\003\343\000E\273q\267W\320"
 5909      86231476 
 5909      D403E300 
 5909      45BB71B7 
 5909      57D0
 5910 0625 9C1B5C4A 		.ascii	"\234\033\\JA\246]\301\"\2130\001z\377\2473\313\205\203"
 5910      41A65DC1 
 5910      228B3001 
 5910      7AFFA733 
 5910      CB8583
 5911 0638 2E61F5A1 		.ascii	".a\365\241\345\036f\254{\312=D\322\266\314B\000\261"
 5911      E51E66AC 
 5911      7BCA3D44 
 5911      D2B6CC42 
 5911      00B1
 5912 064a 6F6A6A49 		.ascii	"ojjI\321h\007pup\2065<\002\362o?@\276^\256\021\322*"
 5912      D1680770 
 5912      75708635 
 5912      3C02F26F 
 5912      3F40BE5E 
 5913 0662 76FC0C98 		.ascii	"v\374\014\230|(\373\351\016/3$\344p\027\334\031\006"
 5913      7C28FBE9 
 5913      0E2F3324 
 5913      E47017DC 
 5913      1906
ARM GAS  C:\Users\nicx5\AppData\Local\Temp\ccq4ftZ0.s 			page 199


 5914 0674 8E7F6709 		.ascii	"\216\177g\011q\367\015\250\224\021<\265\200\033\340"
 5914      71F70DA8 
 5914      94113CB5 
 5914      801BE0
 5915 0683 20DC6497 		.ascii	" \334d\2277\356e\251\300\366\013\241T\317f\330/Pex}"
 5915      37EE65A9 
 5915      C0F60BA1 
 5915      54CF66D8 
 5915      2F506578 
 5916 0698 9BCBD8F4 		.ascii	"\233\313\330\364A\015nw\261w\003\"O_O1\205\330\3732"
 5916      410D6E77 
 5916      B1770322 
 5916      4F5F4F31 
 5916      85D8FB32 
 5917 06ac 6D4F2A4F 		.ascii	"mO*O\276@\306\210\266\305\357\023\012\237\350\333Y\236"
 5917      BE40C688 
 5917      B6C5EF13 
 5917      0A9FE8DB 
 5917      599E
 5918 06be 6E4A9019 		.ascii	"nJ\220\031\264l\210Tiq\231M\015\320Z\203\216.N\013\262"
 5918      B46C8854 
 5918      6971994D 
 5918      0DD05A83 
 5918      8E2E4E0B 
 5919 06d3 81A41972 		.ascii	"\201\244\031r$\331h\312zG\0114\364Pq\372@\375\210B\306"
 5919      24D968CA 
 5919      7A470934 
 5919      F45071FA 
 5919      40FD8842 
 5920 06e8 C453F1C6 		.ascii	"\304S\361\306&\\\3716]%?\264\354h\331\016JS\310e\020"
 5920      265CF936 
 5920      5D253FB4 
 5920      EC68D90E 
 5920      4A53C865 
 5921 06fd B90D3255 		.ascii	"\271\0152UU\264+\313\257q\312\217\003\324AP\245\316"
 5921      55B42BCB 
 5921      AF71CA8F 
 5921      03D44150 
 5921      A5CE
 5922 070f 8ADC6E13 		.ascii	"\212\334n\0234s0>\343\031\016\242\0134u\375\010\255"
 5922      3473303E 
 5922      E3190EA2 
 5922      0B3475FD 
 5922      08AD
 5923 0721 DA374B67 		.ascii	"\3327Kg0]}\3429d\227\3448\000\011\207\2246g\032]\327"
 5923      305D7DE2 
 5923      396497E4 
 5923      38000987 
 5923      9436671A 
 5924 0737 4B280331 		.ascii	"K(\0031od\342+\213\237\255\306\2129\2362\224MI8\314"
 5924      6F64E22B 
 5924      8B9FADC6 
 5924      8A399E32 
 5924      944D4938 
 5925 074c 97D567EA 		.ascii	"\227\325g\352\342H\276\032]\023O\235x\326?\340X\225"
 5925      E248BE1A 
 5925      5D134F9D 
ARM GAS  C:\Users\nicx5\AppData\Local\Temp\ccq4ftZ0.s 			page 200


 5925      78D63FE0 
 5925      5895
 5926 075e 11FE     		.ascii	"\021\376"
 5927              		.text
 5928              		.section	.gnu.lto_HAL_ADC_Stop.340.1f3e1af6,"e",%progbits
 5929 0000 28B52FFD 		.ascii	"(\265/\375`\024\003%\027\000\226\251\225K\240\324U:"
 5929      60140325 
 5929      170096A9 
 5929      954BA0D4 
 5929      553A
 5930 0012 3034CD9C 		.ascii	"04\315\234\2470\245\211\327\343\214\243\210\025\351"
 5930      A730A589 
 5930      D7E38CA3 
 5930      8815E9
 5931 0021 4A8DA8A6 		.ascii	"J\215\250\2460\230?\317\032$1\2264\331\340\233\262\346"
 5931      30983FCF 
 5931      1A243196 
 5931      34D9E09B 
 5931      B2E6
 5932 0033 0FDA395F 		.ascii	"\017\3329_\322\374N+\203\222\323\203`p\333\220\206\301"
 5932      D2FC4E2B 
 5932      8392D383 
 5932      6070DB90 
 5932      86C1
 5933 0045 7F029DF4 		.ascii	"\177\002\235\364M\001o!\355\020\017F\335\210\244m\262"
 5933      4D016F21 
 5933      ED100F46 
 5933      DD88A46D 
 5933      B2
 5934 0056 E54E3281 		.ascii	"\345N2\201\000x\000\177\0003\2242\337\305_\004=\012"
 5934      0078007F 
 5934      00339432 
 5934      DFC55F04 
 5934      3D0A
 5935 0068 884FEE35 		.ascii	"\210O\3565r\303\352^\"\002\226)O\246\034\305\236\254"
 5935      72C3EA5E 
 5935      22029629 
 5935      4FA61CC5 
 5935      9EAC
 5936 007a 0F604F32 		.ascii	"\017`O23\313^\202\030\327\327*\230\2630\214\372U\025"
 5936      33CB5E82 
 5936      18D7D72A 
 5936      98B3308C 
 5936      FA5515
 5937 008d B99718EB 		.ascii	"\271\227\030\353\246\343\316\262dm\212\343\013\235\365"
 5937      A6E3CEB2 
 5937      646D8AE3 
 5937      0B9DF5
 5938 009c E12F62C4 		.ascii	"\341/b\304\021\221\236\357wK\342d\312\275\327\304\267"
 5938      11919EEF 
 5938      774BE264 
 5938      CABDD7C4 
 5938      B7
 5939 00ad A3B516F0 		.ascii	"\243\265\026\360Qc\310\313\367\241\242\0249\365L|C\264"
 5939      5163C8CB 
 5939      F7A1A214 
 5939      39F54C7C 
ARM GAS  C:\Users\nicx5\AppData\Local\Temp\ccq4ftZ0.s 			page 201


 5939      43B4
 5940 00bf AB8219C1 		.ascii	"\253\202\031\301\242\227OW_P1~|x\032\302\307\243\224"
 5940      A2974F57 
 5940      5F50317E 
 5940      7C781AC2 
 5940      C7A394
 5941 00d2 1573EF65 		.ascii	"\025s\357e\332\363\031\235\313\263\007\346\006\020@"
 5941      DAF3199D 
 5941      CBB307E6 
 5941      061040
 5942 00e1 FE4DFB86 		.ascii	"\376M\373\206\300c\210\036\231\231\303\213fy\357]\300"
 5942      C063881E 
 5942      9999C38B 
 5942      6679EF5D 
 5942      C0
 5943 00f2 97CAE053 		.ascii	"\227\312\340S6\235\344\003\331\223\357\022a\256u\254"
 5943      369DE403 
 5943      D993EF12 
 5943      61AE75AC 
 5944 0102 12A46793 		.ascii	"\022\244g\223\212S\351\352\322\223\211B\264\201\374"
 5944      8A53E9EA 
 5944      D2938942 
 5944      B481FC
 5945 0111 7A9B8919 		.ascii	"z\233\211\031\346z\324\337b\312\366\3023Y)\327J\271"
 5945      E67AD4DF 
 5945      62CAF6C2 
 5945      335929D7 
 5945      4AB9
 5946 0123 2B65DA94 		.ascii	"+e\332\224\177\302\352I\025\237`z\334{\342,ru\2206\236"
 5946      7FC2EA49 
 5946      159F607A 
 5946      DC7BE22C 
 5946      72759036 
 5947 0138 2EFC99CF 		.ascii	".\374\231\317\314A\374!\233\254\004g.\304\321Kt\273"
 5947      CC41FC21 
 5947      9BAC0467 
 5947      2EC4D14B 
 5947      74BB
 5948 014a C86368E5 		.ascii	"\310ch\345\343^\242\201\223\334S\256\244\010d\307\344"
 5948      E35EA281 
 5948      93DC53AE 
 5948      A40864C7 
 5948      E4
 5949 015b 6C6D1AEF 		.ascii	"lm\032\357\001\371Ylw\355\363\220`\347\211\343x\026"
 5949      01F9596C 
 5949      77EDF390 
 5949      60E789E3 
 5949      7816
 5950 016d 4BBBFBBC 		.ascii	"K\273\373\274\022\272\32613\355U\265\362^%\332%\302"
 5950      12BAD631 
 5950      33ED55B5 
 5950      F25E25DA 
 5950      25C2
 5951 017f 62EBD834 		.ascii	"b\353\3304\262`)\241\014\020\344\251\016\353\027i\214"
 5951      B26029A1 
 5951      0C10E4A9 
 5951      0EEB1769 
ARM GAS  C:\Users\nicx5\AppData\Local\Temp\ccq4ftZ0.s 			page 202


 5951      8C
 5952 0190 4C3017C5 		.ascii	"L0\027\305\240C\337\203\365[$\015\365\216g\316$W\317"
 5952      A043DF83 
 5952      F55B240D 
 5952      F58E67CE 
 5952      2457CF
 5953 01a3 254132AA 		.ascii	"%A2\252\015d\234u\265lJv\376p\365\205O\311\321>\213"
 5953      0D649C75 
 5953      B56C4A76 
 5953      FE70F585 
 5953      4FC9D13E 
 5954 01b8 6D35F30E 		.ascii	"m5\363\016\017}\317\325\207J\332\365\216\351\271\243"
 5954      0F7DCFD5 
 5954      874ADAF5 
 5954      8EE9B9A3 
 5955 01c8 B5347518 		.ascii	"\2654u\030\263RHk\251\211\202\020\215t\007\246\317\215"
 5955      B352486B 
 5955      A9898210 
 5955      8D7407A6 
 5955      CF8D
 5956 01da 76337B76 		.ascii	"v3{vn/\226%x\241\3350\270\201i!P\303\241\345T\256\265"
 5956      6E2F9625 
 5956      78A1DD30 
 5956      B8816921 
 5956      50C3A1E5 
 5957 01f1 D4706836 		.ascii	"\324ph6\033h992\227\235\233\031\253\331hb6\023\034\314"
 5957      1B683939 
 5957      32979D9B 
 5957      19ABD968 
 5957      6236131C 
 5958 0206 6C7E7E60 		.ascii	"l~~`f1\323v\241\203\216-\302\013\377\360<\230\325\310"
 5958      6631D376 
 5958      A1838E2D 
 5958      C20BFFF0 
 5958      3C98D5C8 
 5959 021a 5C6428D0 		.ascii	"\\d(\320\324\230\032l<\025j\032H\020\300\314\304\373"
 5959      D4981A6C 
 5959      3C156A1A 
 5959      4810C0CC 
 5959      C4FB
 5960 022c 7A9B8907 		.ascii	"z\233\211\007\230@q\264d\037\375\216\344\240\3648k\331"
 5960      984071B4 
 5960      641FFD8E 
 5960      E4A0F438 
 5960      6BD9
 5961 023e 36C7E49A 		.ascii	"6\307\344\232\307j S\362To\371\235=*\254\017\374\216"
 5961      C76A2053 
 5961      F2546FF9 
 5961      9D3D2AAC 
 5961      0FFC8E
 5962 0251 4EED6AB2 		.ascii	"N\355j\262\213\230\333\210\344J\205o\332\032\245\312"
 5962      8B98DB88 
 5962      E44A856F 
 5962      DA1AA5CA 
 5963 0261 0A633C20 		.ascii	"\012c< p\002\241\242\224\007U\202\322\316\305\016>="
 5963      7002A1A2 
 5963      94075582 
ARM GAS  C:\Users\nicx5\AppData\Local\Temp\ccq4ftZ0.s 			page 203


 5963      D2CEC50E 
 5963      3E3D
 5964 0273 C767EE21 		.ascii	"\307g\356!\310\220\015C0[\216\012\251\007\306\265\006"
 5964      C8900D43 
 5964      305B8E0A 
 5964      A907C6B5 
 5964      06
 5965 0284 198E06CB 		.ascii	"\031\216\006\313\322\021\261\215\340\373\007\033+ \306"
 5965      D211B18D 
 5965      E0FB071B 
 5965      2B20C6
 5966 0293 867C0D4B 		.ascii	"\206|\015K\020\347(\026>3p\016\223\276W\346\0148\266"
 5966      10E72816 
 5966      3E33700E 
 5966      93BE57E6 
 5966      0C38B6
 5967 02a6 EBA09884 		.ascii	"\353\240\230\204\015?Y2\320\367sM\275\035\254\361Gi"
 5967      0D3F5932 
 5967      D0F7734D 
 5967      BD1DACF1 
 5967      4769
 5968 02b8 815FCBCA 		.ascii	"\201_\313\312\346\016%^\262\330L\236\024jN\0076\314"
 5968      E60E255E 
 5968      B2D84C9E 
 5968      146A4E07 
 5968      36CC
 5969 02ca 88E5E66F 		.ascii	"\210\345\346o\000\304\205z404\302\355\210\330\036\017"
 5969      00C4857A 
 5969      343034C2 
 5969      ED88D81E 
 5969      0F
 5970 02db 5244306D 		.ascii	"RD0m\014\326\260}\177\262\232\375\300\327\262\360A\025"
 5970      0CD6B07D 
 5970      7FB29AFD 
 5970      C0D7B2F0 
 5970      4115
 5971 02ed 01       		.ascii	"\001"
 5972              		.text
 5973              		.section	.gnu.lto_HAL_ADC_PollForConversion.341.1f3e1af6,"e",%progbits
 5974 0000 28B52FFD 		.ascii	"(\265/\375`\330\021\275R\000\372\203\300\035N0\024\352"
 5974      60D811BD 
 5974      5200FA83 
 5974      C01D4E30 
 5974      14EA
 5975 0012 749A3FF9 		.ascii	"t\232?\371\374X\262\234\364y\324\326\035\023x\211\330"
 5975      FC58B29C 
 5975      F479D4D6 
 5975      1D137889 
 5975      D8
 5976 0023 CDD996AE 		.ascii	"\315\331\226\256\036\301\322\220Y\004\265\371\000\371"
 5976      1EC1D290 
 5976      5904B5F9 
 5976      00F9
 5977 0031 A059ADA5 		.ascii	"\240Y\255\245qa\217xu\206\231M\327\252\015\011e\302"
 5977      71618F78 
 5977      7586994D 
 5977      D7AA0D09 
ARM GAS  C:\Users\nicx5\AppData\Local\Temp\ccq4ftZ0.s 			page 204


 5977      65C2
 5978 0043 273CC40A 		.ascii	"'<\304\012\213\215d\344\331h#r\2643\253\252\252\242"
 5978      8B8D64E4 
 5978      D9682372 
 5978      B433ABAA 
 5978      AAA2
 5979 0055 B1DD6DEF 		.ascii	"\261\335m\357\235RJ\001\317\001\235\001\303\001\311"
 5979      9D524A01 
 5979      CF019D01 
 5979      C301C9
 5980 0064 2358DE55 		.ascii	"#X\336U\273\201\336\020b\207%\200+.Vo\277\256\356K6"
 5980      BB81DE10 
 5980      62872580 
 5980      2B2E566F 
 5980      BFAEEE4B 
 5981 0079 F38E0DB9 		.ascii	"\363\216\015\271a\024Dk:\301\022\204=\322\305\\l\325"
 5981      6114446B 
 5981      3AC11284 
 5981      3DD2C55C 
 5981      6CD5
 5982 008b 9967700B 		.ascii	"\231gp\013\351!mC\027i>.\026\005\3565c\020|z\245w\257"
 5982      E9216D43 
 5982      17693E2E 
 5982      1605EE35 
 5982      63107C7A 
 5983 00a2 0905D57A 		.ascii	"\011\005\325z\350\240B\244G\016-z D\011\005}\264\011"
 5983      E8A042A4 
 5983      470E2D7A 
 5983      20440905 
 5983      7DB409
 5984 00b5 6CAB4664 		.ascii	"l\253Fd.\230\363\274\374\352\270\377\344\211\340\034"
 5984      2E98F3BC 
 5984      FCEAB8FF 
 5984      E489E01C 
 5985 00c5 957BF300 		.ascii	"\225{\363\000h\225e\260E|.\036\317\013\257\003\266\325"
 5985      689565B0 
 5985      457C2E1E 
 5985      CF0BAF03 
 5985      B6D5
 5986 00d7 223B17EE 		.ascii	"\";\027\356\314\015\244\203\314h\273\020\322\343-\023"
 5986      CC0DA483 
 5986      CC68BB10 
 5986      D2E32D13 
 5987 00e7 63DE706F 		.ascii	"c\336po\236\011\206b[=\366\315\332j\3325k\253J\004\314"
 5987      9E098662 
 5987      5B3DF6CD 
 5987      DA6ADA35 
 5987      6BAB4A04 
 5988 00fc 60E5DF1B 		.ascii	"`\345\337\033\352\226/\004\321V8\202\345\336<\024\017"
 5988      EA962F04 
 5988      D1563882 
 5988      E5DE3C14 
 5988      0F
 5989 010d C7387CF3 		.ascii	"\3078|\363\312F\"\035\031\025\021\015\011\035\203\200"
 5989      CA46221D 
 5989      1915110D 
 5989      091D8380 
ARM GAS  C:\Users\nicx5\AppData\Local\Temp\ccq4ftZ0.s 			page 205


 5990 011d 7E7C7A78 		.ascii	"~|zxvtrpnljhfd\222b\2140/E\227\226%\256j\372\256\344"
 5990      76747270 
 5990      6E6C6A68 
 5990      66649262 
 5990      8C302F45 
 5991 0139 7631A3D1 		.ascii	"v1\243\321\310%\215t\264\244\215\374\240^\344\327D}"
 5991      C8258D74 
 5991      B4A48DFC 
 5991      A05EE4D7 
 5991      447D
 5992 014b 477C48A8 		.ascii	"G|H\250g\010\2454!l;3\322G\006\322\343\335\363\240\032"
 5992      6708A534 
 5992      216C3B33 
 5992      D24706D2 
 5992      E3DDF3A0 
 5993 0160 F61C08AF 		.ascii	"\366\034\010\257\177\242L\274;\367\021j;\263\353\236"
 5993      7FA24CBC 
 5993      3BF7116A 
 5993      3BB3EB9E 
 5994 0170 20CE03C4 		.ascii	" \316\003\304w~\270\216]\235\347D\231<Xp\034bS\333\231"
 5994      777EB88E 
 5994      5D9DE744 
 5994      993C5870 
 5994      1C6253DB 
 5995 0185 5CDFB8D8 		.ascii	"\\\337\270\330Y\\\333\340\000\304\015\204mgK\272f\207"
 5995      595CDBE0 
 5995      00C40D84 
 5995      6D674BBA 
 5995      6687
 5996 0197 D3C0CD44 		.ascii	"\323\300\315D\231\3167\227\221\353\244t\305]\235\263"
 5996      99CE3797 
 5996      91EBA474 
 5996      C55D9DB3 
 5997 01a7 A34C1DD2 		.ascii	"\243L\035\322\327+\242\244}0\335<\206\017\010&a\333"
 5997      D72BA2A4 
 5997      7D30DD3C 
 5997      860F0826 
 5997      61DB
 5998 01b9 595C1B3B 		.ascii	"Y\\\033;J`\0140i\376\322\313f\027\233.\035e\342\360"
 5998      4A600C30 
 5998      69FED2CB 
 5998      66179B2E 
 5998      1D65E2F0 
 5999 01cd C1CCE1AD 		.ascii	"\301\314\341\255\013\211\322$l;\373k6-\241\326$\205"
 5999      0B89D224 
 5999      6C3BFB6B 
 5999      362DA1D6 
 5999      2485
 6000 01df 8E32D5D2 		.ascii	"\2162\325\322\233'-\014\2429q'=\216\371\232.\205ai\032"
 6000      9B272D0C 
 6000      A2397127 
 6000      3D8EF99A 
 6000      2E856169 
 6001 01f4 CDC4D217 		.ascii	"\315\304\322\027\3031(\315\327B>\230j\256\2626:\015"
 6001      C33128CD 
 6001      D7423E98 
 6001      6AAEB236 
ARM GAS  C:\Users\nicx5\AppData\Local\Temp\ccq4ftZ0.s 			page 206


 6001      3A0D
 6002 0206 2B9A81F9 		.ascii	"+\232\201\371\247\001D\221\001\207\321\354+\255\271"
 6002      A7014491 
 6002      0187D1EC 
 6002      2BADB9
 6003 0215 D117A5F9 		.ascii	"\321\027\245\371\332K0\003s'6\335{\331\311\314\316\232"
 6003      DA4B3003 
 6003      732736DD 
 6003      7BD9C9CC 
 6003      CE9A
 6004 0227 4B34B357 		.ascii	"K4\263Wa\346,\314\306&\001QE\256\034\2274\324X\317^"
 6004      61E62CCC 
 6004      C6260151 
 6004      45AE1C97 
 6004      34D458CF 
 6005 023c CD23613D 		.ascii	"\315#a=\322\244\353!M\357\010\317\333\311\325\350\313"
 6005      D2A4EB21 
 6005      4DEF08CF 
 6005      DBC9D5E8 
 6005      CB
 6006 024d D8F65AFF 		.ascii	"\330\366Z\377\225,h'^In\214A\373 \325j\217\333\275\367"
 6006      952C6827 
 6006      5E496E8C 
 6006      41FB20D5 
 6006      6A8FDBBD 
 6007 0262 3FA9C8DA 		.ascii	"?\251\310\332\322\363J\324\351;\257\217K?\354\346\353"
 6007      D2F34AD4 
 6007      E93BAF8F 
 6007      4B3FECE6 
 6007      EB
 6008 0273 008E34E9 		.ascii	"\000\2164\351\364\222\240\262\364C\016j\257\265\351"
 6008      F492A0B2 
 6008      F4430E6A 
 6008      AFB5E9
 6009 0282 9DFE5D18 		.ascii	"\235\376]\030C\373\342\251nB\305\336\313\226\202{\007"
 6009      43FBE2A9 
 6009      6E42C5DE 
 6009      CB96827B 
 6009      07
 6010 0293 E59C1527 		.ascii	"\345\234\025'\327V\233\336\204\023O\357\277\270\001"
 6010      D7569BDE 
 6010      84134FEF 
 6010      BFB801
 6011 02a2 FBA89965 		.ascii	"\373\250\231eJ\222n\252\322\314\002\345\307\220B\243"
 6011      4A926EAA 
 6011      D2CC02E5 
 6011      C79042A3 
 6012 02b2 6F24CD4D 		.ascii	"o$\315MK\365\337\272m\354\240j\351;\365\216\266\370"
 6012      4BF5DFBA 
 6012      6DECA06A 
 6012      E93BF58E 
 6012      B6F8
 6013 02c4 D4B042C3 		.ascii	"\324\260B\303\377\033\247w\204\274\333Zk\177\312d\210"
 6013      FF1BA777 
 6013      84BCDB5A 
 6013      6B7FCA64 
 6013      88
ARM GAS  C:\Users\nicx5\AppData\Local\Temp\ccq4ftZ0.s 			page 207


 6014 02d5 1060BE85 		.ascii	"\020`\276\205\231a\264\022-\366\336\233\202;P\331v\305"
 6014      9961B412 
 6014      2DF6DE9B 
 6014      823B50D9 
 6014      76C5
 6015 02e7 C285B0B6 		.ascii	"\302\205\260\266\332\257\345\304[\376\027\3773\010("
 6015      DAAFE5C4 
 6015      5BFE17FF 
 6015      330828
 6016 02f6 4EFE6927 		.ascii	"N\376i'\303\363G\364\372!\347}\371\277q#\317\200\204"
 6016      C3F347F4 
 6016      FA21E77D 
 6016      F9BF7123 
 6016      CF8084
 6017 0309 F13B995B 		.ascii	"\361;\231[\347\247\326\231E\353\354\324:75^\367\012"
 6017      E7A7D699 
 6017      45EBECD4 
 6017      3A37355E 
 6017      F70A
 6018 031b 2615BDD7 		.ascii	"&\025\275\327\254\324v\335'Xg\344\352\214\304\316G\253"
 6018      ACD476DD 
 6018      275867E4 
 6018      EA8CC4CE 
 6018      47AB
 6019 032d B3511369 		.ascii	"\263Q\023i.\352g3Q\353<\324:\037[\347\240\326\031\250"
 6019      2EEA6733 
 6019      51EB3CD4 
 6019      3A1F5BE7 
 6019      A0D619A8 
 6020 0341 75FE699D 		.ascii	"u\376i\235}Z\347\236\326\231\247u\336qq\326i\235sZg"
 6020      7D5AE79E 
 6020      D699A775 
 6020      DE7171D6 
 6020      699D735A 
 6021 0356 9CD6F9A6 		.ascii	"\234\326\371\246u\266i\235kXg\232\326y\246u\226i\235"
 6021      75B6699D 
 6021      6B58679A 
 6021      D679A675 
 6021      96699D
 6022 0369 635A6723 		.ascii	"cZg#\353\014\323:\277\264\316\305\326\331\245un[g\266"
 6022      EB0CD33A 
 6022      BFB4CEC5 
 6022      D6D9A575 
 6022      6E5B67B6 
 6023 037d 7526B6CE 		.ascii	"u&\266\316k\353\254\262\316i\353\374\254s\267 \312\361"
 6023      6BEBACB2 
 6023      CE69EBFC 
 6023      AC73B720 
 6023      CAF1
 6024 038f E9D52DC9 		.ascii	"\351\325-\311\335\313\302!\226\353DE\302\243\211t?\273"
 6024      DDCBC221 
 6024      96EB4445 
 6024      C2A38974 
 6024      3FBB
 6025 03a1 F7FA999B 		.ascii	"\367\372\231\233\033\207\006\364 \211\303\0212Ab\"\015"
 6025      1B8706F4 
 6025      2089C311 
ARM GAS  C:\Users\nicx5\AppData\Local\Temp\ccq4ftZ0.s 			page 208


 6025      32416222 
 6025      0D
 6026 03b2 89076446 		.ascii	"\211\007dF<\0378x\300\\\354?\346\"w\265\021n(V\241["
 6026      3C1F3878 
 6026      C05CEC3F 
 6026      E62277B5 
 6026      116E2856 
 6027 03c8 DDBDB7C8 		.ascii	"\335\275\267\310\355\327\027)\016\315\247_\226\363M"
 6027      EDD71729 
 6027      0ECDA75F 
 6027      96F34D
 6028 03d7 37440A90 		.ascii	"7D\012\220\247\317\214\200\002\336d9?\265\006\366a\374"
 6028      A7CF8C80 
 6028      02DE6439 
 6028      3FB506F6 
 6028      61FC
 6029 03e9 7F8338AE 		.ascii	"\177\2038\256Bz\033\271\336<\016\0127K\177w>)\334\325"
 6029      427A1BB9 
 6029      DE3C0E0A 
 6029      374B7F77 
 6029      3E29DCD5 
 6030 03fd E5D8BC6A 		.ascii	"\345\330\274jX\3636O\264bVA\3153\225i\321|\220\023\257"
 6030      58F3364F 
 6030      B4625641 
 6030      CD339569 
 6030      D17C9013 
 6031 0412 580865EB 		.ascii	"X\010e\353NqRDwx\273\351\336\021\322d\213\315\337\332"
 6031      4E715244 
 6031      7778BBE9 
 6031      DE11D264 
 6031      8BCDDFDA 
 6032 0426 D06D6065 		.ascii	"\320m`ef\300k4\300V\031\272P,3N\346\267e~\306G\220\201"
 6032      66C06B34 
 6032      C05619BA 
 6032      502C334E 
 6032      E6B7657E 
 6033 043e 0E768D3C 		.ascii	"\016v\215<+51Do\374\230om@\271X\325\013\343\037\340"
 6033      2B353144 
 6033      6FFC986F 
 6033      6D40B958 
 6033      D50BE31F 
 6034 0453 74301814 		.ascii	"t0\030\024\240\2025\206\201t4H\364\212_\231\300\300"
 6034      A0823586 
 6034      81743448 
 6034      F48A5F99 
 6034      C0C0
 6035 0465 7082E1CC 		.ascii	"p\202\341\314\277\361\212\177\351A\351\213\377\362H"
 6035      BFF18A7F 
 6035      E941E98B 
 6035      FFF248
 6036 0474 77623DBE 		.ascii	"wb=\276\376\253\370]I\350\014\321\313\003M+\224y\276"
 6036      FEABF85D 
 6036      49E80CD1 
 6036      CB034D2B 
 6036      9479BE
 6037 0487 341D4A92 		.ascii	"4\035J\222\336\031sxxx\330^\353\212o\275(h\334\013\016"
 6037      DE197378 
ARM GAS  C:\Users\nicx5\AppData\Local\Temp\ccq4ftZ0.s 			page 209


 6037      7878D85E 
 6037      EB8A6FBD 
 6037      2868DC0B 
 6038 049c A16724E6 		.ascii	"\241g$\346\337\330\211~\373D3\012\364%m\344Z\242\011"
 6038      DFD8897E 
 6038      FB44330A 
 6038      F4256DE4 
 6038      5AA209
 6039 04af 04AAB28D 		.ascii	"\004\252\262\215\\\211\226\240lJ\337{}\324q\346\010"
 6039      5C8996A0 
 6039      6C4ADF7B 
 6039      7DD471E6 
 6039      08
 6040 04c0 A2BCC994 		.ascii	"\242\274\311\224~\306\332\327\207\371Y\211\022}?\177"
 6040      7EC6DAD7 
 6040      87F95989 
 6040      127D3F7F 
 6041 04d0 D6B6C019 		.ascii	"\326\266\300\031\375\340\\\264ta\267\357\222D\353\267"
 6041      FDE05CB4 
 6041      7461B7EF 
 6041      9244EBB7 
 6042 04e0 03C6A505 		.ascii	"\003\306\245\005\273\237\206\305\2166\322\227y\255O"
 6042      BB9F86C5 
 6042      8E36D297 
 6042      79AD4F
 6043 04ef 3F1398A3 		.ascii	"?\023\230\243)e\231\004\225\277\267\275V\026\377\364"
 6043      29659904 
 6043      95BFB7BD 
 6043      5616FFF4 
 6044 04ff C7537DA5 		.ascii	"\307S}\245\207\025\263\370\353\243\264\347\017h7UI{"
 6044      8715B3F8 
 6044      EBA3B4E7 
 6044      0F683755 
 6044      497B
 6045 0511 F640FAF6 		.ascii	"\366@\372\366{am\324\210\026\337\251C\367\027\035Q\304"
 6045      7B616DD4 
 6045      8816DFA9 
 6045      43F7171D 
 6045      51C4
 6046 0523 F16389CB 		.ascii	"\361c\211\313\222\356o&~lP\232\233h\264\337W\307\276"
 6046      92EE6F26 
 6046      7E6C509A 
 6046      9B68B4DF 
 6046      57C7BE
 6047 0536 952633E2 		.ascii	"\225&3\342\330\310\225\370\354\367X\012\023\264\021"
 6047      D8C895F8 
 6047      ECF7580A 
 6047      13B411
 6048 0545 C46FF1F4 		.ascii	"\304o\361\364P\350\233A\255\343a\220\355\365\033\311"
 6048      50E89B41 
 6048      ADE36190 
 6048      EDF51BC9 
 6049 0555 1029DDC8 		.ascii	"\020)\335\310U\375\365\233\231\202.\202\010\021^\250"
 6049      55FDF59B 
 6049      99822E82 
 6049      08115EA8 
 6050 0565 EAF714F6 		.ascii	"\352\367\024\366\305E\351~\03224r<\211\203\255\024\265"
ARM GAS  C:\Users\nicx5\AppData\Local\Temp\ccq4ftZ0.s 			page 210


 6050      C545E97E 
 6050      1A323472 
 6050      3C8983AD 
 6050      14B5
 6051 0577 912B10DC 		.ascii	"\221+\020\334A4rm\265\177`\346\301n5\036t\262\233\324"
 6051      4134726D 
 6051      B57F60E6 
 6051      C16E351E 
 6051      74B29BD4 
 6052 058b AAD37353 		.ascii	"\252\323sS\330/9\034\343\004U\325\224\024\026\026\007"
 6052      D82F391C 
 6052      E30455D5 
 6052      94141616 
 6052      07
 6053 059c 0C0CF000 		.ascii	"\014\014\360\000\004PP\020<Iy\311xj\341\364\302\265"
 6053      04505010 
 6053      3C4979C9 
 6053      786AE1F4 
 6053      C2B5
 6054 05ae 35C595DC 		.ascii	"5\305\225\334\200\352\212\253\255\342\000\001)\030S"
 6054      80EA8AAB 
 6054      ADE20001 
 6054      291853
 6055 05bd 5809BC6C 		.ascii	"X\011\274l\301\320\200\212\335\262\342JNAI=\265p\352"
 6055      C1D0808A 
 6055      DDB2E24A 
 6055      4E41493D 
 6055      B570EA
 6056 05d0 208B0B06 		.ascii	" \213\013\006\306\225\006\034hQIYUie]qaueIu\220\305"
 6056      C695061C 
 6056      68514959 
 6056      5569655D 
 6056      71617565 
 6057 05e8 65C3D5A5 		.ascii	"e\303\325\245e\225u%\001\221\225\004 `*\003\246\014"
 6057      65957525 
 6057      01919504 
 6057      20602A03 
 6057      A60C
 6058 05fa 0A38F143 		.ascii	"\0128\361CU5\025#e\252\023TUSRXS1b(-eq%QPmE\241\220"
 6058      55351523 
 6058      65AA1354 
 6058      55535258 
 6058      53316228 
 6059 0618 72C06901 		.ascii	"r\300i\001)\0312\012X\000Er\313\352\203\253\255\026"
 6059      2919320A 
 6059      58004572 
 6059      CBEA83AB 
 6059      AD16
 6060 062a 04B00C2D 		.ascii	"\004\260\014-\026\013\\\240\264\004%A\324\005\311\015"
 6060      160B5CA0 
 6060      B4042541 
 6060      D405C90D 
 6061 063a B6B428B8 		.ascii	"\266\264(\270\300\000\004l\2309o\331\357\344\022M\303"
 6061      C000046C 
 6061      98396FD9 
 6061      EFE4124D 
 6061      C3
ARM GAS  C:\Users\nicx5\AppData\Local\Temp\ccq4ftZ0.s 			page 211


 6062 064b 136ABE95 		.ascii	"\023j\276\225+O\032\220\023\214\270\225\253[S\020\212"
 6062      2B4F1A90 
 6062      138CB895 
 6062      AB5B5310 
 6062      8A
 6063 065c D4AD5C8F 		.ascii	"\324\255\\\217\216\236\233\226?\306y_bH\027\302 : \275"
 6063      8E9E9B96 
 6063      3FC6795F 
 6063      624817C2 
 6063      203A20BD 
 6064 0670 3472FD91 		.ascii	"4r\375\221\014\234\342\302\235\332\221\321\220\020\267"
 6064      0C9CE2C2 
 6064      9DDA91D1 
 6064      9010B7
 6065 067f E887FE6D 		.ascii	"\350\207\376m\214\241}\005B\211^\032#\206vEt\201\316"
 6065      8CA17D05 
 6065      42895E1A 
 6065      23867645 
 6065      7481CE
 6066 0692 964F2F0B 		.ascii	"\226O/\013\321\277\361\017\0171!\025\017\224\266\003"
 6066      D1BFF10F 
 6066      0F312115 
 6066      0F94B603 
 6067 06a2 7A64FAA2 		.ascii	"zd\372\242~\322D\257\024\310V\364MdH\305\2342\010{\257"
 6067      7ED244AF 
 6067      14C856F4 
 6067      4D6448C5 
 6067      9C32087B 
 6068 06b7 0B29D865 		.ascii	"\013)\330eP\312)\357\220n \254\255\252x\240\034\012"
 6068      50CA29EF 
 6068      906E20AC 
 6068      ADAA78A0 
 6068      1C0A
 6069 06c9 91DF7A2D 		.ascii	"\221\337z-\304#I\016S\374\255\235\262\307D\210\351\233"
 6069      C423490E 
 6069      53FCAD9D 
 6069      B2C74488 
 6069      E99B
 6070 06db 487BAD2D 		.ascii	"H{\255-\375\320c@2=\3201I\016A\034\216\346\205*=\034"
 6070      FDD06340 
 6070      323DD031 
 6070      490E411C 
 6070      8EE6852A 
 6071 06f1 07993DCE 		.ascii	"\007\231=\316w\004\375\033\273\360\351%\235\000\216"
 6071      7704FD1B 
 6071      BBF0E925 
 6071      9D008E
 6072 0700 9FF4915F 		.ascii	"\237\364\221_\206\374\364S:\240\177\333\301l\356']\002"
 6072      86FCF453 
 6072      3AA07FDB 
 6072      C16CEE27 
 6072      5D02
 6073 0712 D4E27374 		.ascii	"\324\342st'\225\016\372\243\303\020\004x\327OZ\030\354"
 6073      27950EFA 
 6073      A3C31004 
 6073      78D74F5A 
 6073      18EC
ARM GAS  C:\Users\nicx5\AppData\Local\Temp\ccq4ftZ0.s 			page 212


 6074 0724 01FA4672 		.ascii	"\001\372Fr\374y\240'\206\351\370y\244\023p\316\247M"
 6074      FC79A027 
 6074      86E9F879 
 6074      A41370CE 
 6074      A74D
 6075 0736 CB6123D7 		.ascii	"\313a#\327\236\367\371\036Cs\026z\276M\002\306\275^"
 6075      9EF7F91E 
 6075      4373167A 
 6075      BE4D02C6 
 6075      BD5E
 6076 0748 11253C3C 		.ascii	"\021%<<}\330;\317\363\235\366\301\213\235\337qF\001"
 6076      7DD83BCF 
 6076      F39DF6C1 
 6076      8B9DDF71 
 6076      4601
 6077 075a B211C3CA 		.ascii	"\262\021\303\312\344v\376\215\235V\2357@Y\203\343p2"
 6077      E476FE8D 
 6077      9D569D37 
 6077      405983E3 
 6077      7032
 6078 076c E1378274 		.ascii	"\3417\202t\276\371\272i\314\025fA\302H\246\326D'\201"
 6078      BEF9BA69 
 6078      CC156641 
 6078      C248A6D6 
 6078      442781
 6079 077f 76A89128 		.ascii	"v\250\221('\231C#\"\"\")H\2224\006q\005\304\030%\035"
 6079      27994323 
 6079      22222229 
 6079      48923406 
 6079      7105C418 
 6080 0795 3C0F11F0 		.ascii	"<\017\021\3600i \"\021\021\011\222\024\224$i3\330\015"
 6080      30692022 
 6080      11110992 
 6080      14942469 
 6080      33D80D
 6081 07a8 D086647B 		.ascii	"\320\206d{\233Q\257\252}{\3661\323\007\355\274\224\255"
 6081      9B51AFAA 
 6081      7D7BF631 
 6081      D307EDBC 
 6081      94AD
 6082 07ba 2681BC8B 		.ascii	"&\201\274\213\361\367w\315\013\\v\203\001\361\255\207"
 6082      F1F777CD 
 6082      0B5C7683 
 6082      01F1AD87 
 6083 07ca 5B28512C 		.ascii	"[(Q,\236\322"
 6083      9ED2
 6084 07d0 96F48627 		.ascii	"\226\364\206'i\250\205\366\266\003\027)\333\031\205"
 6084      69A885F6 
 6084      B6031729 
 6084      DB1985
 6085 07df BF11F68E 		.ascii	"\277\021\366\216Z\312\000\363\315\2203ns[:\375\204\272"
 6085      5ACA00F3 
 6085      CD90336E 
 6085      735B3AFD 
 6085      84BA
 6086 07f1 D428BE75 		.ascii	"\324(\276ut&5\353(\366\221A9\234$0\222mF7d\355\371\272"
 6086      742635EB 
ARM GAS  C:\Users\nicx5\AppData\Local\Temp\ccq4ftZ0.s 			page 213


 6086      28F69141 
 6086      399C2430 
 6086      926D4637 
 6087 0809 1E448025 		.ascii	"\036D\200%\3044\002f_@e|\027\317#!\377\263\370\0332"
 6087      C4340266 
 6087      5F40657C 
 6087      17CF2321 
 6087      FFB3F81B 
 6088 081e 27FBEF05 		.ascii	"'\373\357\005Z\262\363\236\226\362\037I!\005\205^1_"
 6088      5AB2F39E 
 6088      96F21F49 
 6088      2105855E 
 6088      315F
 6089 0830 9624D930 		.ascii	"\226$\3310\262B @v\200\374\005\244\"\350\222\017Ap>"
 6089      B2422040 
 6089      7680FC05 
 6089      A422E892 
 6089      0F41703E 
 6090 0844 16229646 		.ascii	"\026\"\226FY\351\342\000\321\230\200:!Y\026g.\357\234"
 6090      59E9E200 
 6090      D198803A 
 6090      21591667 
 6090      2EEF9C
 6091 0857 968817B4 		.ascii	"\226\210\027\264U\310-]5P\363\332j\327\247-\230s\313"
 6091      55C82D5D 
 6091      3550F3DA 
 6091      6AD7A72D 
 6091      9873CB
 6092 086a 992672DB 		.ascii	"\231&r\333;\211\255\017\"\346R\210[\007\336\3225\225"
 6092      3B89AD0F 
 6092      22E65288 
 6092      5B07DED2 
 6092      3595
 6093 087c CABBE8DB 		.ascii	"\312\273\350\333\321\323\263c\030s6\333\024N\365\216"
 6093      D1D3B363 
 6093      187336DB 
 6093      144EF58E 
 6094 088c 5019E051 		.ascii	"P\031\340Q\300\265\037r\370cPJ\210\326S\026\305\211"
 6094      C0B51F72 
 6094      F863504A 
 6094      88D65316 
 6094      C589
 6095 089e 9244C206 		.ascii	"\222D\302\006u-\372\301v{I\213N\213\307\310\260\226"
 6095      752DFAC1 
 6095      767B498B 
 6095      4E8BC7C8 
 6095      B096
 6096 08b0 EFE1731D 		.ascii	"\357\341s\035\026\225@\003\240\015oV^\005\273\324\375"
 6096      16954003 
 6096      A00D6F56 
 6096      5E05BBD4 
 6096      FD
 6097 08c1 E09CB2D8 		.ascii	"\340\234\262\330\342B.\3777\024eH\233\017\334R\350\306"
 6097      E2422EFF 
 6097      37146548 
 6097      9B0FDC52 
 6097      E8C6
ARM GAS  C:\Users\nicx5\AppData\Local\Temp\ccq4ftZ0.s 			page 214


 6098 08d3 0D21C3B1 		.ascii	"\015!\303\261\302\203>5\264\212\244D\211U=zb\245C\237"
 6098      C2833E35 
 6098      B48AA444 
 6098      89553D7A 
 6098      62A5439F 
 6099 08e7 0425ED08 		.ascii	"\004%\355\010r\203\316\216RCj\322\372\264\012\023,\011"
 6099      7283CE8E 
 6099      52436AD2 
 6099      FAB40A13 
 6099      2C09
 6100 08f9 F770DB02 		.ascii	"\367p\333\002\205~\241\342\356(r\004f\323\226\320\371"
 6100      857EA1E2 
 6100      EE287204 
 6100      66D396D0 
 6100      F9
 6101 090a FDB48524 		.ascii	"\375\264\205$\035Bir#!\375O\367pMI^U\007\364l\220R\370"
 6101      1D426972 
 6101      2321FD4F 
 6101      F7704D49 
 6101      5E5507F4 
 6102 0922 89F9F6EC 		.ascii	"\211\371\366\354\222&;\202<\247-\005\226{\026\356\211"
 6102      92263B82 
 6102      3CA72D05 
 6102      967B16EE 
 6102      89
 6103 0933 84900C9D 		.ascii	"\204\220\014\235\2036\246\331W\021S\031\017\326\026"
 6103      8336A6D9 
 6103      57115319 
 6103      0FD616
 6104 0942 2A4BA23B 		.ascii	"*K\242;0\330\243\240\001\332\377\264\274\372\310\275"
 6104      30D8A3A0 
 6104      01DAFFB4 
 6104      BCFAC8BD 
 6105 0952 B886EF20 		.ascii	"\270\206\357 T\235\325\014\222b\376\213hZ\236J\212@"
 6105      549DD50C 
 6105      9262FE8B 
 6105      685A9E4A 
 6105      8A40
 6106 0964 A950C4C0 		.ascii	"\251P\304\300&\203\010\357Y\215\221\277I\310f\370.\340"
 6106      268308EF 
 6106      598D91BF 
 6106      49C866F8 
 6106      2EE0
 6107 0976 E903CD06 		.ascii	"\351\003\315\006\307\354\011\316W}$\366\223e-\204c\210"
 6107      C7EC09CE 
 6107      577D24F6 
 6107      93652D84 
 6107      6388
 6108 0988 11E274D2 		.ascii	"\021\342t\322{\034\012\012\253{\206\250\024m8\213#\301"
 6108      7B1C0A0A 
 6108      AB7B86A8 
 6108      146D388B 
 6108      23C1
 6109 099a C24949A1 		.ascii	"\302II\2418]K\002d\242\227\363\031j\217\254\355\376"
 6109      385D4B02 
 6109      64A297F3 
 6109      196A8FAC 
ARM GAS  C:\Users\nicx5\AppData\Local\Temp\ccq4ftZ0.s 			page 215


 6109      EDFE
 6110 09ac FBD82730 		.ascii	"\373\330'0\")V\306\263L \224X\274h\312\034\215\221\001"
 6110      222956C6 
 6110      B34C2094 
 6110      58BC68CA 
 6110      1C8D9101 
 6111 09c0 46C087C0 		.ascii	"F\300\207\300q\225\325\235\254ur\247\032\012z\015\272"
 6111      7195D59D 
 6111      AC7572A7 
 6111      1A0A7A0D 
 6111      BA
 6112 09d1 8D91490B 		.ascii	"\215\221I\013\3030\326h6\201\232\315@Q-\253\260\025"
 6112      C330D668 
 6112      36819ACD 
 6112      40512DAB 
 6112      B015
 6113 09e3 0B0AF708 		.ascii	"\013\012\367\010\303\007\0034\340+\177\002l-1\240U4"
 6113      C3070334 
 6113      E02B7F02 
 6113      6C2D31A0 
 6113      5534
 6114 09f5 F0E8695A 		.ascii	"\360\350iZ\276\300\201\337\244%P\011\277\311\001+\240"
 6114      BEC081DF 
 6114      A4255009 
 6114      BFC9012B 
 6114      A0
 6115 0a06 E06AC83B 		.ascii	"\340j\310;\365M\261n\327\356\015\001\006\237\2663[A"
 6115      F54DB16E 
 6115      D7EE0D01 
 6115      069FB633 
 6115      5B41
 6116 0a18 6C10062A 		.ascii	"l\020\006*\344t9{\276\271\242#\02267\015E,]\343\216"
 6116      E474397B 
 6116      BEB9A223 
 6116      1236370D 
 6116      452C5DE3 
 6117 0a2d 23AF1051 		.ascii	"#\257\020Q\210&\02473wP\317\023{\017xRZ+\223\030\260"
 6117      88261437 
 6117      337750CF 
 6117      137B0F78 
 6117      525A2B93 
 6118 0a43 E5348C1B 		.ascii	"\3454\214\033\254!\370\261\201\333\375\215\362\215\015"
 6118      AC21F8B1 
 6118      81DBFD8D 
 6118      F28D0D
 6119 0a52 01875392 		.ascii	"\001\207S\222\301\316\215\254\327)|\254\252\363\324"
 6119      C1CE8DAC 
 6119      D7297CAC 
 6119      AAF3D4
 6120              		.text
 6121              		.section	.gnu.lto_HAL_ADC_PollForEvent.342.1f3e1af6,"e",%progbits
 6122 0000 28B52FFD 		.ascii	"(\265/\375`\234\013M1\000*P\344\021F`\\R\007\3635`\363"
 6122      609C0B4D 
 6122      31002A50 
 6122      E4114660 
 6122      5C5207F3 
 6123 0017 ADA981C0 		.ascii	"\255\251\201\300\265\242\242h\301\245\312\017\250\251"
ARM GAS  C:\Users\nicx5\AppData\Local\Temp\ccq4ftZ0.s 			page 216


 6123      B5A2A268 
 6123      C1A5CA0F 
 6123      A8A9
 6124 0025 0052D7BA 		.ascii	"\000R\327\2729\307\021U\323m-U\344\306\224\230Ol\020"
 6124      39C71155 
 6124      D36D2D55 
 6124      E4C69498 
 6124      4F6C10
 6125 0038 70DA3B5C 		.ascii	"p\332;\\\270\000A\347\356<\272\265KP\237\211\325\203"
 6125      B80041E7 
 6125      EE3CBAB5 
 6125      4B509F89 
 6125      D583
 6126 004a 6C3585A8 		.ascii	"l5\205\250\265M\366\226I\246\024\020\001\361\000\006"
 6126      B54DF696 
 6126      49A61410 
 6126      01F10006 
 6127 005a 0154378B 		.ascii	"\001T7\213\345\217\213\263;\303\313\031\212\300\327"
 6127      E58F8BB3 
 6127      3BC3CB19 
 6127      8AC0D7
 6128 0069 76664B80 		.ascii	"vfK\200\006\024N\213\326W\002K\014\377\244\302B\271"
 6128      06144E8B 
 6128      D657024B 
 6128      0CFFA4C2 
 6128      42B9
 6129 007b 46169A8A 		.ascii	"F\026\232\212\326\327\001z\030\356\355v&\336\244\312"
 6129      D6D7017A 
 6129      18EEED76 
 6129      26DEA4CA 
 6130 008b 9DB86863 		.ascii	"\235\270hc\316n\326`\311\031\232\240/\264\276\012y\222"
 6130      CE6ED660 
 6130      C9199AA0 
 6130      2FB4BE0A 
 6130      7992
 6131 009d F515FB91 		.ascii	"\365\025\373\221\365\325\210AU[}\306\222\306\344`\367"
 6131      F5D58841 
 6131      555B7DC6 
 6131      92C6E460 
 6131      F7
 6132 00ae 95634A9B 		.ascii	"\225cJ\233\234\241EO\326\300\376\275\225'\221Gc\221"
 6132      9CA1454F 
 6132      D6C0FEBD 
 6132      95279147 
 6132      6391
 6133 00c0 A83314E6 		.ascii	"\2503\024\346\004\201\277\326\307\256x\347\257U;\220"
 6133      0481BFD6 
 6133      C7AE78E7 
 6133      AF553B90 
 6134 00d0 6BE9C900 		.ascii	"k\351\311\000H_\322\221\014\013\235m\015\271\3064_E"
 6134      485FD291 
 6134      0C0B9D6D 
 6134      0DB9C634 
 6134      5F45
 6135 00e2 3DE22F0F 		.ascii	"=\342/\017\213N\231\017\363|\030\021\372\222\273/\317"
 6135      8B4E990F 
 6135      F37C1811 
ARM GAS  C:\Users\nicx5\AppData\Local\Temp\ccq4ftZ0.s 			page 217


 6135      FA92BB2F 
 6135      CF
 6136 00f3 698EFDF0 		.ascii	"i\216\375\360\362\260-\037,\220\213\223K\007\010\333"
 6136      F2B02D1F 
 6136      2C908B93 
 6136      4B0708DB 
 6137 0103 72B2419F 		.ascii	"r\262A\237n\365\270\272@_RX\027\017\377eu\355\360\366"
 6137      6EF5B8BA 
 6137      405F5258 
 6137      170FFF65 
 6137      75EDF0F6 
 6138 0117 66B9C381 		.ascii	"f\271\303\201&\254\253\314}:\264.;\335\322\021\344\312"
 6138      26ACABCC 
 6138      7D3AB42E 
 6138      3BDDD211 
 6138      E4CA
 6139 0129 BA2B16CA 		.ascii	"\272+\026\3129\017\271^`\241+\203+\353bg\362\360\035"
 6139      390FB95E 
 6139      60A12B83 
 6139      2BEB6267 
 6139      F2F01D
 6140 013c 0CE1495A 		.ascii	"\014\341IZ\323\247[D\360G\243t\011ra\335w5/\256\331"
 6140      D3A75B44 
 6140      F047A374 
 6140      097261DD 
 6140      77352FAE 
 6141 0151 B1A109EB 		.ascii	"\261\241\011\353\332\341\327\227\224s\356\033\203\253"
 6141      DAE1D797 
 6141      9473EE1B 
 6141      83AB
 6142 015f CB9BC7BB 		.ascii	"\313\233\307\273\335\254\273et\0035\004uXwO(\204\306"
 6142      DDACBB65 
 6142      74033504 
 6142      7558774F 
 6142      2884C6
 6143 0172 9BF59D48 		.ascii	"\233\365\235H\177\337\265\250\271a\335\275\277?\364"
 6143      7FDFB5A8 
 6143      B961DDBD 
 6143      BF3FF4
 6144 0181 24CBECEA 		.ascii	"$\313\354\352\257\374\245\240\244q>V\274\322\340w\272"
 6144      AFFCA5A0 
 6144      A4713E56 
 6144      BCD2E077 
 6144      BA
 6145 0192 FF9A9718 		.ascii	"\377\232\227\030\333\3167[\247Z\255V\235\212Ez\217\252"
 6145      DBCE375B 
 6145      A75AAD56 
 6145      9D8A457A 
 6145      8FAA
 6146 01a4 91C1BA7B 		.ascii	"\221\301\272{\255\224.y1e\242k\377\316\356>\222\226"
 6146      AD942E79 
 6146      3165A26B 
 6146      FFCEEE3E 
 6146      9296
 6147 01b6 15788FBA 		.ascii	"\025x\217\272\020\363V\273\275\335+\240\256\307(\360"
 6147      10F356BB 
 6147      BDDD2BA0 
ARM GAS  C:\Users\nicx5\AppData\Local\Temp\ccq4ftZ0.s 			page 218


 6147      AEC728F0 
 6148 01c6 556057FF 		.ascii	"U`W\377\242_\012\246\367mxG\332\250\323|\253\015]\336"
 6148      A25F0AA6 
 6148      F76D7847 
 6148      DAA8D37C 
 6148      AB0D5DDE 
 6149 01da 77B60381 		.ascii	"w\266\003\201\355\221\3657\273\035\352\216\344O\367"
 6149      ED91F537 
 6149      BB1DEA8E 
 6149      E44FF7
 6150 01e9 2177E26E 		.ascii	"!w\342n\300\243\336\005\372v\020\276\015\204o\377\340"
 6150      C0A3DE05 
 6150      FA7610BE 
 6150      0D846FFF 
 6150      E0
 6151 01fa DB00F06D 		.ascii	"\333\000\360m\037|\273\007\337\346\301\267w\360\355"
 6151      1F7CBB07 
 6151      DFE6C1B7 
 6151      77F0ED
 6152 0209 24BE8DC4 		.ascii	"$\276\215\304\267\217\370\266\021\337.\342\333\304\365"
 6152      B78FF8B6 
 6152      11DF2EE2 
 6152      DBC4F5
 6153 0218 B60EBE3D 		.ascii	"\266\016\276=\304\267\205\370v\016\276\035\304\267\201"
 6153      C4B785F8 
 6153      760EBE1D 
 6153      C4B781
 6154 0227 F8F66FBD 		.ascii	"\370\366o\275\335\342\333>|\233\305\267W|\033\257\267"
 6154      DDE2DB3E 
 6154      7C9BC5B7 
 6154      577C1BAF 
 6154      B7
 6155 0238 1FDFBEF8 		.ascii	"\037\337\276\370\266?\360y\371\022mb\200F\316?\252m"
 6155      B63FF079 
 6155      F9126D62 
 6155      8046CE3F 
 6155      AA6D
 6156 024a 32DCAAA5 		.ascii	"2\334\252\245\210G\275\273\253\332\325:H\240\007\206"
 6156      8847BDBB 
 6156      ABDAD53A 
 6156      48A00786 
 6157 025a EE68CAB7 		.ascii	"\356h\312\2678\302\267\353D,\032\020No9w\304\354Dl\360"
 6157      38C2B7EB 
 6157      442C1A10 
 6157      4E6F3977 
 6157      C4EC446C 
 6158 026f 73CC04FF 		.ascii	"s\314\004\377\367\204rs\323\346\256\346G7<\270\345/"
 6158      F7847273 
 6158      D3E6AEE6 
 6158      47373CB8 
 6158      E52F
 6159 0281 1BBA74EC 		.ascii	"\033\272t\354\345m-\007\003\333\327\371\032^\327N\246"
 6159      E56D2D07 
 6159      03DBD7F9 
 6159      1A5ED74E 
 6159      A6
 6160 0292 7D33D74E 		.ascii	"}3\327N\207\331\304\264\313\335\2743\270\3668\317{\322"
ARM GAS  C:\Users\nicx5\AppData\Local\Temp\ccq4ftZ0.s 			page 219


 6160      87D9C4B4 
 6160      CBDDBC33 
 6160      B8F638CF 
 6160      7BD2
 6161 02a4 76B7EB54 		.ascii	"v\267\353T\254\257~\241\313\2734\263n\017\323\335f\332"
 6161      ACAF7EA1 
 6161      CBBB34B3 
 6161      6E0FD3DD 
 6161      66DA
 6162 02b6 9C97FED5 		.ascii	"\234\227\376\325\335m\006\023\345f\0324\274\234\363"
 6162      DD6D0613 
 6162      E5661A34 
 6162      BC9CF3
 6163 02c5 015F875E 		.ascii	"\001_\207^H\353\231}\344F\375\271\361$-\010\3745\357"
 6163      48EB997D 
 6163      E446FDB9 
 6163      F1242D08 
 6163      FC35EF
 6164 02d8 F7C02F28 		.ascii	"\367\300/(\234~]\244\336\247\371\014\212\221\226\271"
 6164      9C7E5DA4 
 6164      DEA7F90C 
 6164      8A9196B9 
 6165 02e8 E38C340D 		.ascii	"\343\2144\015\343\374\271\367@i\333k\337\215l*\240}"
 6165      E3FCB9F7 
 6165      4069DB6B 
 6165      DF8D6C2A 
 6165      A07D
 6166 02fa 89ED56F2 		.ascii	"\211\355V\362-K\255\236\00071\337k\361\030y\330\211"
 6166      2D4BAD9E 
 6166      003731DF 
 6166      6BF11879 
 6166      D889
 6167 030c 58F67DEF 		.ascii	"X\366}\357Z7\230\374\012+m\3433\240j|\357\354!0jd\206"
 6167      5A3798FC 
 6167      0A2B6DE3 
 6167      33A06A7C 
 6167      EFEC2130 
 6168 0323 1EFFFAAE 		.ascii	"\036\377\372\256\245\343\252\311\253\214hs\006\202\324"
 6168      A5E3AAC9 
 6168      AB8C6873 
 6168      0682D4
 6169 0332 4E65CA49 		.ascii	"Ne\312I\352\177\317\350_uw\011\227\"\325\346\234\221"
 6169      EA7FCFE8 
 6169      5F757709 
 6169      9722D5E6 
 6169      9C91
 6170 0344 DAD7ACCE 		.ascii	"\332\327\254\316N\264d.X_\377\177\232O\346_\365\333"
 6170      4EB4642E 
 6170      585FFF7F 
 6170      9A4FE65F 
 6170      F5DB
 6171 0356 90DE1DDF 		.ascii	"\220\336\035\337\260%a\337\331,\030\265QOKQP%\230\234"
 6171      B02561DF 
 6171      D92C18B5 
 6171      514F4B51 
 6171      5025989C 
 6172 036a A27E5152 		.ascii	"\242~QR)\232N8e\3605\251\240\312\020\205\242\211\005"
ARM GAS  C:\Users\nicx5\AppData\Local\Temp\ccq4ftZ0.s 			page 220


 6172      299A4E38 
 6172      65F035A9 
 6172      A0CA1085 
 6172      A28905
 6173 037d 855F1B2D 		.ascii	"\205_\033-`\260\024\302A\210\006\012\200\230D,\221\300"
 6173      60B014C2 
 6173      4188060A 
 6173      8098442C 
 6173      91C0
 6174 038f CDA48049 		.ascii	"\315\244\200I\304\222\222\211%\022$\214\216NDA\0251"
 6174      C4929289 
 6174      2512248C 
 6174      8E4E4441 
 6174      1531
 6175 03a1 3D298B94 		.ascii	"=)\213\224,D\250\24045\325\240B\021\324S\023\013\247"
 6175      2C44A8A0 
 6175      3435D5A0 
 6175      4211D453 
 6175      130BA7
 6176 03b4 A7090C7A 		.ascii	"\247\011\014z*\205\204\012\036\214\216.dPz\200*\361"
 6176      2A85840A 
 6176      1E8C8E2E 
 6176      64507A80 
 6176      2AF1
 6177 03c6 94628387 		.ascii	"\224b\203\207\007\024\220\335\015\315\376\315\366\371"
 6177      071490DD 
 6177      0DCDFECD 
 6177      F6F9
 6178 03d4 9A5A19B6 		.ascii	"\232Z\031\266[\261N\257<;\337\273\025\033\024\364\235"
 6178      5BB14EAF 
 6178      3C3BDFBB 
 6178      151B14F4 
 6178      9D
 6179 03e5 C47CAD24 		.ascii	"\304|\255$Q\214\016\017\011\364ay\376\363@`?th\000\376"
 6179      518C0E0F 
 6179      09F46179 
 6179      FEF34060 
 6179      3F746800 
 6180 03fa EBE6709F 		.ascii	"\353\346p\237\007p}\370\330\240k^\262\"\324\343;\333"
 6180      07707DF8 
 6180      D8A06B5E 
 6180      B222D4E3 
 6180      3BDB
 6181 040c A3784F5D 		.ascii	"\243xO]\367\206\313\203*\301Xs\270;:\370\0324\326\363"
 6181      F786CB83 
 6181      2AC15873 
 6181      B83B3AF8 
 6181      1A34D6F3 
 6182 0420 099A4FE6 		.ascii	"\011\232O\346\\\0340\256\234\2533\3169iq\314\241\361"
 6182      5C1C30AE 
 6182      9CAB33CE 
 6182      396971CC 
 6182      A1F1
 6183 0432 FC0D2762 		.ascii	"\374\015'bw\236\347\303\345\332\371\337sn,Y\303\221"
 6183      779EE7C3 
 6183      E5DAF9DF 
 6183      736E2C59 
ARM GAS  C:\Users\nicx5\AppData\Local\Temp\ccq4ftZ0.s 			page 221


 6183      C391
 6184 0444 9F9C818C 		.ascii	"\237\234\201\2143\306\225T5\3051\030\006\025\356x\265"
 6184      33C69554 
 6184      35C53118 
 6184      0615EE78 
 6184      B5
 6185 0455 88C63F5E 		.ascii	"\210\306?^,#\025\011\325\225\3242\"\025\354\336e\233"
 6185      2C231509 
 6185      D595D432 
 6185      2215ECDE 
 6185      659B
 6186 0467 62B5257E 		.ascii	"b\265%~\021\016\361\314\324\225rT\035%C\271\264\354"
 6186      110EF1CC 
 6186      D4957254 
 6186      1D2543B9 
 6186      B4EC
 6187 0479 46CE6CC8 		.ascii	"F\316l\310&\013\177\250'\224\013\362\346\001\200\347"
 6187      260B7FA8 
 6187      27940BF2 
 6187      E60180E7 
 6188 0489 A85144EA 		.ascii	"\250QD\352\224\"32\022D\222$Ik\300\002\221!\252\325"
 6188      94223332 
 6188      12449224 
 6188      496BC002 
 6188      9121AAD5 
 6189 049d 0111D038 		.ascii	"\001\021\3208\210\250!\251\244(\252\321\006Z\332\263"
 6189      88A821A9 
 6189      A428AAD1 
 6189      065ADAB3 
 6190 04ad 2C4A11DA 		.ascii	",J\021\332\311_\302\363f\244vHr|\221\2543\014\304\230"
 6190      C95FC2F3 
 6190      66A47648 
 6190      727C91AC 
 6190      330CC498 
 6191 04c1 A961C8C8 		.ascii	"\251a\310\310\213x\302\303Z}\265Q\003\347\"\323\217"
 6191      8B78C2C3 
 6191      5A7DB551 
 6191      03E722D3 
 6191      8F
 6192 04d2 6F43FF9F 		.ascii	"oC\377\237\267`.\246\254\012S*$\277\262\032LYI*\337"
 6192      B7602EA6 
 6192      AC0A532A 
 6192      24BFB21A 
 6192      4C59492A 
 6193 04e7 6C0255F1 		.ascii	"l\002U\361$\225S\242\"p!\037\261j\222\213\226\347\016"
 6193      249553A2 
 6193      2270211F 
 6193      B16A928B 
 6193      96E70E
 6194 04fa AB565697 		.ascii	"\253VV\227`\011\253>\365\\\273\2246\342\221\210\224"
 6194      6009AB3E 
 6194      F55CBB94 
 6194      36E29188 
 6194      94
 6195 050b E7951C65 		.ascii	"\347\225\034eY\227G\303\266.\232\366T\034D}\320\267"
 6195      599747C3 
 6195      B62E9AF6 
ARM GAS  C:\Users\nicx5\AppData\Local\Temp\ccq4ftZ0.s 			page 222


 6195      541C447D 
 6195      D0B7
 6196 051d 4428208D 		.ascii	"D( \215\371d\203\256\245\336\366\3547\220Wq\366\005"
 6196      F96483AE 
 6196      A5DEF6EC 
 6196      37905771 
 6196      F605
 6197 052f 294418BE 		.ascii	")D\030\276a\011\357\311\340&\012\336\212C\032.bp\343"
 6197      6109EFC9 
 6197      E0260ADE 
 6197      8A431A2E 
 6197      6270E3
 6198 0542 FF24861D 		.ascii	"\377$\206\035,AY\2673\253>0\323_E\213\330 \224\300\333"
 6198      2C4159B7 
 6198      33AB3E30 
 6198      D35F458B 
 6198      D82094C0 
 6199 0557 E9697E5E 		.ascii	"\351i~^+f\032\300&i\004:\021\001\207\264A\371\000\241"
 6199      2B661AC0 
 6199      2669043A 
 6199      110187B4 
 6199      41F900A1 
 6200 056b DBF94A46 		.ascii	"\333\371JFg\237\333Jy\244\010\375\360b\204\\\370\032"
 6200      679FDB4A 
 6200      79A408FD 
 6200      F062845C 
 6200      F81A
 6201 057d DB1DF2F0 		.ascii	"\333\035\362\360|\"\202I\357f3w\262\370O\021@\227y\332"
 6201      7C228249 
 6201      EF663377 
 6201      B2F84F11 
 6201      409779DA 
 6202 0591 75812304 		.ascii	"u\201#\004\034\343\365!\341(\214\214\355\204\213-\252"
 6202      1CE3F521 
 6202      E1288C8C 
 6202      ED848B2D 
 6202      AA
 6203 05a2 7475DAC9 		.ascii	"tu\332\311w\031)\000O\0012\200A\250\213\260\314\004"
 6203      77192900 
 6203      4F013280 
 6203      41A88BB0 
 6203      CC04
 6204 05b4 B77AB7D8 		.ascii	"\267z\267\330\224z\255l\360g\027Y}e\301\025)8\371xq"
 6204      947AAD6C 
 6204      F0671759 
 6204      7D65C115 
 6204      2938F978 
 6205 05c9 C619D05B 		.ascii	"\306\031\320[\004\331\023]l\2310z\352Z\214?Z\235X\177"
 6205      04D9135D 
 6205      6C99307A 
 6205      EA5A8C3F 
 6205      5A9D587F 
 6206 05dd 08FB8AF4 		.ascii	"\010\373\212\364*\015;\241\005\273\014ZM\343\265\327"
 6206      2A0D3BA1 
 6206      05BB0C5A 
 6206      4DE3B5D7 
 6207 05ed 0F5502E7 		.ascii	"\017U\002\347\000r\264\010\337n\331\302\233Zy\302\017"
ARM GAS  C:\Users\nicx5\AppData\Local\Temp\ccq4ftZ0.s 			page 223


 6207      0072B408 
 6207      DF6ED9C2 
 6207      9B5A79C2 
 6207      0F
 6208 05fe AF98C343 		.ascii	"\257\230\303Cz\003K\233\036,\363\014\030i\263w\005\351"
 6208      7A034B9B 
 6208      1E2CF30C 
 6208      1869B377 
 6208      05E9
 6209 0610 CB467E96 		.ascii	"\313F~\226MZ\244;\341\317wnI\207\007G\241\036,\215\014"
 6209      4D5AA43B 
 6209      E1CF776E 
 6209      49870747 
 6209      A11E2C8D 
 6210 0625 4A6DBE04 		.ascii	"Jm\276\004K \275'g\202\351\013^\177"
 6210      4B20BD27 
 6210      6782E90B 
 6210      5E7F
 6211              		.text
 6212              		.section	.gnu.lto_HAL_ADC_Start_IT.343.1f3e1af6,"e",%progbits
 6213 0000 28B52FFD 		.ascii	"(\265/\375`W\023\275O\000\372}\370\033=0\036O\007T,"
 6213      605713BD 
 6213      4F00FA7D 
 6213      F81B3D30 
 6213      1E4F0754 
 6214 0015 D7B21F94 		.ascii	"\327\262\037\224M\000}\247E\225\360A\361\253\351\305"
 6214      4D007DA7 
 6214      4595F041 
 6214      F1ABE9C5 
 6215 0025 85BD4628 		.ascii	"\205\275F(\022\301\276W\225S\236\200\011\020\356u\205"
 6215      12C1BE57 
 6215      95539E80 
 6215      0910EE75 
 6215      85
 6216 0036 5756C43B 		.ascii	"WV\304;\276\233T\255\022v\320PXaJD$iI\223)\245\271\001"
 6216      BE9B54AD 
 6216      1276D050 
 6216      58614A44 
 6216      24694993 
 6217 004e 7701B501 		.ascii	"w\001\265\001\207\237\207y\350\367\276/\220o\321B\225"
 6217      879F8779 
 6217      E8F7BE2F 
 6217      906FD142 
 6217      95
 6218 005f B611BED7 		.ascii	"\266\021\276\327\2440T\256\000Zf\031\321\340\276o\211"
 6218      A43054AE 
 6218      005A6619 
 6218      D1E0BE6F 
 6218      89
 6219 0070 E15AA86E 		.ascii	"\341Z\250n}\337\014\341\242\202|@\262\226v9K\214n w"
 6219      7DDF0CE1 
 6219      A2827C40 
 6219      B2967639 
 6219      4B8C6E20 
 6220 0085 7AB78DF6 		.ascii	"z\267\215\366A\277\342\206\015d\365\247\301\013\253"
 6220      41BFE286 
 6220      0D64F5A7 
ARM GAS  C:\Users\nicx5\AppData\Local\Temp\ccq4ftZ0.s 			page 224


 6220      C10BAB
 6221 0094 FFEE7871 		.ascii	"\377\356xq\341\235\312\354\234\026\302\031\213\221\225"
 6221      E19DCAEC 
 6221      9C16C219 
 6221      8B9195
 6222 00a3 5A77CBEE 		.ascii	"Zw\313\356\264\"\243\241[0\355_%/VT\344c\205|_B,w\266"
 6222      B422A3A1 
 6222      5B30ED5F 
 6222      252F5654 
 6222      E463857C 
 6223 00bc 8B6C95A7 		.ascii	"\213l\225\247\341\277\333\253\270\025\033\016X\243\215"
 6223      E1BFDBAB 
 6223      B8151B0E 
 6223      58A38D
 6224 00cb DEF7F24D 		.ascii	"\336\367\362M\342\373\022f\265Xv\247\324\223\\w6\375"
 6224      E2FB1266 
 6224      B55876A7 
 6224      D4935C77 
 6224      36FD
 6225 00dd C8756777 		.ascii	"\310ugw7\227\227\215\256\3427\321o\355C\245e\220.\226"
 6225      3797978D 
 6225      AEE237D1 
 6225      6FED43A5 
 6225      65902E96 
 6226 00f1 EF4BB885 		.ascii	"\357K\270\205\363\274\352UT\322)\251(\250'\247&\246"
 6226      F3BCEA55 
 6226      54D229A9 
 6226      28A827A7 
 6226      26A6
 6227 0103 25A524A4 		.ascii	"%\245$\244#\243\"\242\241\250P\020\320\0174?]g\023\177"
 6227      23A322A2 
 6227      A1A85010 
 6227      D00F343F 
 6227      5D67137F 
 6228 0117 B5FD274E 		.ascii	"\265\375'N\315\253\2708\325VpO\272\21525x\370R\200\202"
 6228      CDABB838 
 6228      D556704F 
 6228      BA8D3235 
 6228      78F85280 
 6229 012c 1FF5045B 		.ascii	"\037\365\004[\343\342P\210\3326\221vr\200\376\364\004"
 6229      E3E25088 
 6229      DA369176 
 6229      7280FEF4 
 6229      04
 6230 013d D38ED973 		.ascii	"\323\216\331s\272\324\372E\332\311Y\361\246\277\246"
 6230      BAD4FA45 
 6230      DAC959F1 
 6230      A6BFA6
 6231 014c 5AB45679 		.ascii	"Z\264Vy&+~\277\304\240\375}\362JN\236|\222\236#\351"
 6231      262B7EBF 
 6231      C4A0FD7D 
 6231      F24A4E9E 
 6231      7C929E23 
 6232 0161 E5FD1126 		.ascii	"\345\375\021&\335\236\321\023\254H\015\2465\322N\256"
 6232      DD9ED113 
 6232      AC480DA6 
 6232      35D24EAE 
ARM GAS  C:\Users\nicx5\AppData\Local\Temp\ccq4ftZ0.s 			page 225


 6233 0171 89173593 		.ascii	"\211\0275\223\024\2234:\237\025\257I\340\332\306\207"
 6233      1493343A 
 6233      9F15AF49 
 6233      E0DAC687 
 6234 0181 2F5AB14F 		.ascii	"/Z\261O4\304\304\243G\014\235\212\317z}!*;9#\036d\004"
 6234      34C4C4A3 
 6234      470C9D8A 
 6234      CF7A7D21 
 6234      2A3B3923 
 6235 0198 68D14A84 		.ascii	"h\321J\204\317Z\344\177\236`vrC\034\272h\035\342|V!"
 6235      CF5AE47F 
 6235      9E607672 
 6235      431CBA68 
 6235      1DE27C56 
 6236 01ad 9F17AD88 		.ascii	"\237\027\255\210M\351\373\276\316g\245\373g\363\000"
 6236      4DE9FBBE 
 6236      CE67A5FB 
 6236      67F300
 6237 01bc 18BF1ED1 		.ascii	"\030\277\036\321\270\267ftoK\244\363Y\271\274\333T\352"
 6237      B8B76674 
 6237      6F4BA4F3 
 6237      59B9BCDB 
 6237      54EA
 6238 01ce 13F2C517 		.ascii	"\023\362\305\027\255\\\232W^\030\373n\2743\377\360\246"
 6238      AD5C9A57 
 6238      5E18FB6E 
 6238      BC33FFF0 
 6238      A6
 6239 01df 1B505CDB 		.ascii	"\033P\\\333\343f\001\306\276!\3218\266\346\221\020/"
 6239      E36601C6 
 6239      BE21D138 
 6239      B6E69110 
 6239      2F
 6240 01f0 8C6EE8AF 		.ascii	"\214n\350\257#\256\355\377\011\366\276o?\\\234\234\267"
 6240      23AEEDFF 
 6240      09F6BE6F 
 6240      3F5C9C9C 
 6240      B7
 6241 0201 95773F8A 		.ascii	"\225w?\212\356\226\323M\244\015\235\346>\366)E\357\270"
 6241      EE96D34D 
 6241      A40D9DE6 
 6241      3EF62945 
 6241      EFB8
 6242 0213 BBCCEC1D 		.ascii	"\273\314\354\035\356qT]\033vk\374\350\327\365\370d\221"
 6242      EE71545D 
 6242      1B766BFC 
 6242      E8D7F5F8 
 6242      6491
 6243 0225 0CBBA04B 		.ascii	"\014\273\240K\327~\353n\350\005\272\\\367\254aB\256"
 6243      D77EEB6E 
 6243      E805BA5C 
 6243      F7AC6142 
 6243      AE
 6244 0236 FDB6A73C 		.ascii	"\375\266\247<\315\035\303d\030\337\275\321\261\365\231"
 6244      CD1DC364 
 6244      18DFBDD1 
 6244      B1F599
ARM GAS  C:\Users\nicx5\AppData\Local\Temp\ccq4ftZ0.s 			page 226


 6245 0245 8B1991DF 		.ascii	"\213\031\221\337\027\311W{b\025H\211\246\272\356\034"
 6245      17C9577B 
 6245      62154889 
 6245      A6BAEE1C 
 6246 0255 C3597882 		.ascii	"\303Yx\202\205\230\255\035\321\005\024\311:\036:\330"
 6246      8598AD1D 
 6246      D10514C9 
 6246      3A1E3AD8 
 6247 0265 6491EC1C 		.ascii	"d\221\354\034=LI\004\330\267x\203\25591\326\375\335"
 6247      3D4C4904 
 6247      D8B77883 
 6247      AD3931D6 
 6247      FDDD
 6248 0277 7A38B9D1 		.ascii	"z8\271\321\304x\205\002\264\317\330'$\021cl7_\034\204"
 6248      C4788502 
 6248      B4CFD827 
 6248      2411636C 
 6248      375F1C84 
 6249 028b AFBF701D 		.ascii	"\257\277p\0357\327\030\336i{mw\237p//\362\373\276_\355"
 6249      37D718DE 
 6249      697B6D77 
 6249      9F702F2F 
 6249      F2FBBE5F 
 6250 02a0 5DAA6F8A 		.ascii	"]\252o\212\234W\303u\247\343\026x\202k\230\255\361c"
 6250      9C57C375 
 6250      A7E31678 
 6250      826B98AD 
 6250      F163
 6251 02b2 1D76CCF6 		.ascii	"\035v\314\3669^.\276\277mB\266\307\330v\274\335n\267"
 6251      395E2EBE 
 6251      BF6D42B6 
 6251      C7D876BC 
 6251      DD6EB7
 6252 02c5 8DF1BAF3 		.ascii	"\215\361\272\3637Y\376\036\363B\3570\007to\360\374\376"
 6252      3759FE1E 
 6252      F342EF30 
 6252      07746FF0 
 6252      FCFE
 6253 02d7 EA6F2FF7 		.ascii	"\352o/\367\033A\376\356\312\337\\\371\373@\3766\220"
 6253      1B41FEEE 
 6253      CADF5CF9 
 6253      FB40FE36 
 6253      90
 6254 02e8 BFB7F2B7 		.ascii	"\277\267\362\267V\376\316\312\337\005\3627V\376&\220"
 6254      56FECECA 
 6254      DF05F237 
 6254      56FE2690 
 6255 02f8 BFAFF2F7 		.ascii	"\277\257\362\3674\177\017\310\337\002\362w\200\374\015"
 6255      347F0FC8 
 6255      DF02F277 
 6255      80FC0D
 6256 0307 207F5BE5 		.ascii	" \177[\345\357\252\374M\225\277\245\371{*\177K\345\357"
 6256      EFAAFC4D 
 6256      95BFA5F9 
 6256      7B2A7F4B 
 6256      E5EF
 6257 0319 A8FC0D95 		.ascii	"\250\374\015\225\277\237\362\267S\376n\312\337L\371"
ARM GAS  C:\Users\nicx5\AppData\Local\Temp\ccq4ftZ0.s 			page 227


 6257      BF9FF2B7 
 6257      53FE6ECA 
 6257      DF4CF9
 6258 0328 7B297F2B 		.ascii	"{)\177+\345\357\244\374\215\224\277\217\362\267Q\376"
 6258      E5EFA4FC 
 6258      8D94BF8F 
 6258      F2B751FE 
 6259 0338 2ECADF44 		.ascii	".\312\337D\371{(\177G\363\267P\376\016\312\337@\371"
 6259      F97B287F 
 6259      47F3B750 
 6259      FE0ECADF 
 6259      40F9
 6260 034a FB277F43 		.ascii	"\373'\177C\363w~~?\363\267\233\277\235\371\273\011\375"
 6260      F3777E7E 
 6260      3FF3B79B 
 6260      BF9DF9BB 
 6260      09FD
 6261 035c C6F9FB9F 		.ascii	"\306\371\373\237\337\016\002\212CLa\340\226\223\367"
 6261      DF0E028A 
 6261      434C61E0 
 6261      9693F7
 6262 036b 3DB2B57C 		.ascii	"=\262\265|\3438\307<\361B\367no\317\342\210\335@\035"
 6262      E338C73C 
 6262      F142F76E 
 6262      6FCFE288 
 6262      DD401D
 6263 037e C3B1B407 		.ascii	"\303\261\264\007\206\336d\233\343\263}\"\356X-\317R"
 6263      86DE649B 
 6263      E3B37D22 
 6263      EE582DCF 
 6263      52
 6264 038f 1DF4AF4E 		.ascii	"\035\364\257N\237\272E\332\365\374\220\356nt\277>\334"
 6264      9FBA45DA 
 6264      F5FC90EE 
 6264      6E74BF3E 
 6264      DC
 6265 03a0 FBBA930C 		.ascii	"\373\272\223\0147\230\033^\223S\302\330\246\362QLZ\242"
 6265      37981B5E 
 6265      9353C2D8 
 6265      A6F2514C 
 6265      5AA2
 6266 03b2 23F2A9AB 		.ascii	"#\362\251\253\204\227~(UR\"%a\037\343\340\347\322\262"
 6266      84977E28 
 6266      55522225 
 6266      611FE3E0 
 6266      E7D2B2
 6267 03c5 E4A692D6 		.ascii	"\344\246\222\326*\035\217\240 Y\233>u\2170\022\217\243"
 6267      2A1D8FA0 
 6267      20599B3E 
 6267      758F3012 
 6267      8FA3
 6268 03d7 4ABD4ABC 		.ascii	"J\275J\2746\023\247\247\303\010W\326\031\301\271y\021"
 6268      3613A7A7 
 6268      C30857D6 
 6268      19C1B979 
 6268      11
 6269 03e8 367A1C45 		.ascii	"6z\034E}\224\231\335H\224\370Z\337\367\275\302s\224"
ARM GAS  C:\Users\nicx5\AppData\Local\Temp\ccq4ftZ0.s 			page 228


 6269      7D9499DD 
 6269      4894F85A 
 6269      DFF7BDC2 
 6269      7394
 6270 03fa 9771D4B0 		.ascii	"\227q\324\260\032\226\343\034;E\331\247.\021^\020\366"
 6270      1A96E31C 
 6270      3B45D9A7 
 6270      2E115E10 
 6270      F6
 6271 040b 6D690A98 		.ascii	"mi\012\230t\204g\223\340N,&DX\001\236\340\032\344\020"
 6271      74846793 
 6271      E04E2C26 
 6271      4458019E 
 6271      E01AE410 
 6272 041f EEA6F06A 		.ascii	"\356\246\360j[9>u\243x\210\202k\243\224s\252\3361\027"
 6272      5B393E75 
 6272      A3788882 
 6272      6BA39473 
 6272      AADE3117 
 6273 0433 730C53FA 		.ascii	"s\014S\372A\371\324\355\256\340\226|\\\210\275p)\357"
 6273      41F9D4ED 
 6273      AEE0967C 
 6273      5C88BD70 
 6273      29EF
 6274 0445 88309632 		.ascii	"\2100\2262OB\016\011a\311\355\366\322\247n\020\026\302"
 6274      4F420E09 
 6274      61C9EDF6 
 6274      D2A76E10 
 6274      16C2
 6275 0457 E0904193 		.ascii	"\340\220A\223\201M8x\330':u\201\260\2171\304#\375\301"
 6275      814D3878 
 6275      D8273A75 
 6275      81B08F31 
 6275      C423FDC1 
 6276 046b 40F8E9D6 		.ascii	"@\370\351\326\370\203\247x\223{BP<\203\333\255O\335"
 6276      F883A778 
 6276      937B4250 
 6276      3C83DBAD 
 6276      4FDD
 6277 047d 8CA17532 		.ascii	"\214\241u2\206\012\026\316\351\311\\l2\215W<Ae\234\014"
 6277      860A16CE 
 6277      E9C95C6C 
 6277      328D573C 
 6277      41659C0C 
 6278 0491 BB75E0D4 		.ascii	"\273u\340\324\001\302\330\326\220\375\213K\030\002}"
 6278      01C2D8D6 
 6278      90FD8B4B 
 6278      18027D
 6279 04a0 E22FDCE3 		.ascii	"\342/\334\343\013?\261\2033?\030\333k\356\030\343\240"
 6279      0B3FB183 
 6279      333F18DB 
 6279      6BEE18E3 
 6279      A0
 6280 04b1 180F8C3F 		.ascii	"\030\017\214?q\030\036:O\014\245\247\321\305r\034n\317"
 6280      71181E3A 
 6280      4F0CA5A7 
 6280      D1C5721C 
ARM GAS  C:\Users\nicx5\AppData\Local\Temp\ccq4ftZ0.s 			page 229


 6280      6ECF
 6281 04c3 BF3E759D 		.ascii	"\277>u\235\330\305\376\346ch\273U\324\372\324mb'\366"
 6281      D8C5FEE6 
 6281      6368BB55 
 6281      D4FAD46D 
 6281      6227F6
 6282 04d6 EE0C0EA7 		.ascii	"\356\014\016\247\211\241T={\376n\343$3\306v\325\335"
 6282      89A1543D 
 6282      7BFE6EE3 
 6282      2433C676 
 6282      D5DD
 6283 04e8 F0981986 		.ascii	"\360\230\031\206\275P\351\033\340\356\016\036\336\341"
 6283      BD50E91B 
 6283      E0EE0E1E 
 6283      DEE1
 6284 04f6 C2B0FFED 		.ascii	"\302\260\377\355Y\374\261s5\316fB\236\374\261S\323&"
 6284      59FCB173 
 6284      35CE6642 
 6284      9EFCB153 
 6284      D326
 6285 0508 617C62AC 		.ascii	"a|b\254\217\271\030\207}\3604c\030C\2536<\326\361\302"
 6285      8FB91887 
 6285      7DF03463 
 6285      1843AB36 
 6285      3CD6F1C2 
 6286 051c D847E762 		.ascii	"\330G\347bl\273\034v\022\346p\273\\\367\\\233\315\027"
 6286      6CBB1C76 
 6286      12E670BB 
 6286      5CF75C9B 
 6286      CD17
 6287 052e 8796D7A9 		.ascii	"\207\226\327\251.\002\334\243\003mB\353L\204Y\231\012"
 6287      2E02DCA3 
 6287      036D42EB 
 6287      4C845999 
 6287      0A
 6288 053f 152C2820 		.ascii	"\025,( \270\200AL\014CXY\032\2150\010\016\202\2501\320"
 6288      B880414C 
 6288      0C435859 
 6288      1A8D3008 
 6288      0E82A831 
 6289 0554 CCD0A851 		.ascii	"\314\320\250Q\030#\320\250fbea\020\034\270X\201&T\342"
 6289      1823D0A8 
 6289      66626561 
 6289      101CB858 
 6289      812654E2 
 6290 0568 0409162D 		.ascii	"\004\011\026-\316\312F\210h\261\342\004\232\212\030"
 6290      CECA4688 
 6290      68B1E204 
 6290      9A8A18
 6291 0577 2BCA5CAC 		.ascii	"+\312\\\254@Cj.\003^f!\024\204H\240\025u&\302\314D\263"
 6291      40436A2E 
 6291      035E6621 
 6291      148448A0 
 6291      157526C2 
 6292 058e CFB4CE44 		.ascii	"\317\264\316D\230\225\25103a\202\253k\005\032u\353\014"
 6292      9895A930 
 6292      336182AB 
ARM GAS  C:\Users\nicx5\AppData\Local\Temp\ccq4ftZ0.s 			page 230


 6292      6B051A75 
 6292      EB0C
 6293 05a0 C686AD32 		.ascii	"\306\206\2552\013\016&\224\321\240\221`\302\026\025"
 6293      0B0E2694 
 6293      D1A09160 
 6293      C21615
 6294 05af C6081927 		.ascii	"\306\010\031'`@\360j\032-\036L \343\352\022\343\260"
 6294      6040F06A 
 6294      1A2D1E4C 
 6294      20E3EA12 
 6294      E3B0
 6295 05c1 818C9A02 		.ascii	"\201\214\232\002F\013\017d\013\" u7\341\2327_\214\327"
 6295      460B0F64 
 6295      0B222075 
 6295      37E19A37 
 6295      5F8CD7
 6296 05d4 49D74A41 		.ascii	"I\327JA\367\343\370S\205a\255+\237+\224\273\361\037"
 6296      F7E3F853 
 6296      8561AD2B 
 6296      9F2B94BB 
 6296      F11F
 6297 05e6 D74A41E7 		.ascii	"\327JA\347{\325\365\362\302\217\337\272\275\260Y\205"
 6297      7BD5F5F2 
 6297      C28FDFBA 
 6297      BDB05985 
 6298 05f6 B1D98743 		.ascii	"\261\331\207C\335\006Re\273\334\000:\027\356b\303ey"
 6298      DD065265 
 6298      BBDC003A 
 6298      17EE62C3 
 6298      6579
 6299 0608 400D1537 		.ascii	"@\015\0257\200\017\2401\240\245\324FF%\333\322H\265"
 6299      800FA031 
 6299      A0A5D446 
 6299      4625DBD2 
 6299      48B5
 6300 061a 76B6CAEC 		.ascii	"v\266\312\354\271\026\336\032\243\245\235\223\225\230"
 6300      B916DE1A 
 6300      A3A59D93 
 6300      9598
 6301 0628 E7057016 		.ascii	"\347\005p\026\230\002ZEm\340\363L\224\306)m\024\254"
 6301      98025A45 
 6301      6DE0F34C 
 6301      94C6296D 
 6301      14AC
 6302 063a 2E0430D6 		.ascii	".\0040\326/\361+L\000\361J\253\247\204\370\207Ej\372"
 6302      2FF12B4C 
 6302      00F14AAB 
 6302      A784F887 
 6302      456AFA
 6303 064d 497C009E 		.ascii	"I|\000\236n\251J\311\357{\367\325\257\245*W\2452\303"
 6303      6EA94AC9 
 6303      EF7BF7D5 
 6303      AFA52A57 
 6303      A532C3
 6304 0660 75E780ED 		.ascii	"u\347\200\355\027vB\247\032\254[\313\264\024\200\261"
 6304      177642A7 
 6304      1AAC5BCB 
ARM GAS  C:\Users\nicx5\AppData\Local\Temp\ccq4ftZ0.s 			page 231


 6304      B41480B1 
 6305 0670 04C002AE 		.ascii	"\004\300\002\256\004\300\320\243\314F!\336`Yr\2229\242"
 6305      04C0D0A3 
 6305      CC4621DE 
 6305      60597292 
 6305      39A2
 6306 0682 7C12CAEA 		.ascii	"|\022\312\352\237\270\273j\245\032\370\016\327\322\271"
 6306      9FB8BB6A 
 6306      A51AF80E 
 6306      D7D2B9
 6307 0691 CCBFA74C 		.ascii	"\314\277\247L%\000\004\245>u\2550\000+V\231uU\177\203"
 6307      250004A5 
 6307      3E75AD30 
 6307      002B5699 
 6307      75557F83 
 6308 06a5 3E75A970 		.ascii	">u\251p\325\024\252\314\313'3b\034\235\262\220\322\276"
 6308      D514AACC 
 6308      CB273362 
 6308      1C9DB290 
 6308      D2BE
 6309 06b7 26F4A93B 		.ascii	"&\364\251;\205\245P\246\262\215RN\340\370\324\215\302"
 6309      85A550A6 
 6309      B28D524E 
 6309      E0F8D48D 
 6309      C2
 6310 06c8 52D8DFE8 		.ascii	"R\330\337\350\232DIf\357\220\311\322\211\326\005\036"
 6310      9A444966 
 6310      EF90C9D2 
 6310      89D6051E 
 6311 06d8 36612C11 		.ascii	"6a,\021\016\273\203\263\200\230\211;\372\023\206\332"
 6311      0EBB83B3 
 6311      8098893B 
 6311      FA1386DA 
 6312 06e8 1E71C24F 		.ascii	"\036q\302O\330\377\316){wU\331C\012\023\306\266?z\023"
 6312      D8FFCE29 
 6312      7B7755D9 
 6312      430A13C6 
 6312      B63F7A13 
 6313 06fc F645433C 		.ascii	"\366EC<DS\227\0117U\007\337\216\011G\005\201}\250\221"
 6313      44539709 
 6313      375507DF 
 6313      8E094705 
 6313      817DA891 
 6314 0710 2C099142 		.ascii	",\011\221B##\"\"\222\244 IcQ\005\304 \305\250C\017\021"
 6314      23232222 
 6314      92A42049 
 6314      635105C4 
 6314      20C5A843 
 6315 0726 D0388620 		.ascii	"\3208\206 \032!\021\021\005)I\222B\007@\206\015\036"
 6315      1A211111 
 6315      05294992 
 6315      42074086 
 6315      0D1E
 6316 0738 18BCDABC 		.ascii	"\030\274\332\274E\351\251\304\270;[\3357H?\231\234\036"
 6316      45E9A9C4 
 6316      B83B5BDD 
 6316      37483F99 
ARM GAS  C:\Users\nicx5\AppData\Local\Temp\ccq4ftZ0.s 			page 232


 6316      9C1E
 6317 074a AD844C55 		.ascii	"\255\204LU]\363j\377\203\230\247S\353\233=\222\325\012"
 6317      5DF36AFF 
 6317      8398A753 
 6317      EB9B3D92 
 6317      D50A
 6318 075c B75415AE 		.ascii	"\267T\025\256\357\023\213\327'\321\253X,@\210\370B\022"
 6318      EF138BD7 
 6318      27D1AB58 
 6318      2C4088F8 
 6318      4212
 6319 076e 3DC4E2E9 		.ascii	"=\304\342\351\262],\224\322\010i\203\316\261\367X\324"
 6319      B25D2C94 
 6319      D2086983 
 6319      CEB1F758 
 6319      D4
 6320 077f E6B11598 		.ascii	"\346\261\025\230\354\024\035K\340\334\331\322\\\034"
 6320      EC141D4B 
 6320      E0DCD9D2 
 6320      5C1C
 6321 078d 18692510 		.ascii	"\030i%\020~\005\302=\315\267D\240[9\216\334\333\267"
 6321      7E05C23D 
 6321      CDB744A0 
 6321      5B398EDC 
 6321      DBB7
 6322 079f 2FB3D2DE 		.ascii	"/\263\322\336\327\002\343\360\316\372\032z\342\261Z"
 6322      D702E3F0 
 6322      CEFA1A7A 
 6322      E2B15A
 6323 07ae C7E60E7B 		.ascii	"\307\346\016{\221\026m\012\331\2724l/\371\275\033\310"
 6323      91166D0A 
 6323      D9BA346C 
 6323      2FF9BD1B 
 6323      C8
 6324 07bf C7AF8AC7 		.ascii	"\307\257\212\307\026\341\320\345\366ytJ\3464\012\313"
 6324      16E1D0E5 
 6324      F679744A 
 6324      E6340ACB 
 6325 07cf 40       		.ascii	"@"
 6326 07d0 1E220E4D 		.ascii	"\036\"\016MJ\220\210\247\270\002\253\030ji$\026J\353"
 6326      4A9088A7 
 6326      B802AB18 
 6326      6A692416 
 6326      4AEB
 6327 07e2 78937F0C 		.ascii	"x\223\177\014\030\005&G\351\337\007!\354\031a\313\262"
 6327      18052647 
 6327      E9DF0721 
 6327      EC1961CB 
 6327      B2
 6328 07f3 12370483 		.ascii	"\0227\004\203a\315\255E\2416\257\255\017!'\020\032E"
 6328      61CDAD45 
 6328      A136AFAD 
 6328      0F212710 
 6328      1A45
 6329 0805 B813F071 		.ascii	"\270\023\360q \202\014\241\031\324\210\252\\\216N\016"
 6329      20820CA1 
 6329      19D488AA 
ARM GAS  C:\Users\nicx5\AppData\Local\Temp\ccq4ftZ0.s 			page 233


 6329      5C8E4E0E 
 6330 0815 95009880 		.ascii	"\225\000\230\200\\\222\327f\325g\005c\013\007b\374\262"
 6330      5C92D766 
 6330      D5670563 
 6330      0B0762FC 
 6330      B2
 6331 0826 F34CE007 		.ascii	"\363L\340\007{\375\377&\204\313\205\343\341\007Uh\247"
 6331      7BFDFF26 
 6331      84CB85E3 
 6331      E1075568 
 6331      A7
 6332 0837 59835152 		.ascii	"Y\203QR\030TLP\004\347\030\212\271\360\011u\0111\"e"
 6332      18544C50 
 6332      04E7188A 
 6332      B9F00975 
 6332      09312265 
 6333 084b 3C815D94 		.ascii	"<\201]\224\222\020\207\314$\234^\013 \341n\357\244F"
 6333      921087CC 
 6333      249C5E0B 
 6333      20E16EEF 
 6333      A446
 6334 085d 757DBBF6 		.ascii	"u}\273\366\344\272\030\261\316\332M\206kYa\301\016I"
 6334      E4BA18B1 
 6334      CEDA4D86 
 6334      6B5961C1 
 6334      0E49
 6335 086f FBC58D89 		.ascii	"\373\305\215\211@-\216g.\031\336\013\232s\302\313>\033"
 6335      402D8E67 
 6335      2E19DE0B 
 6335      9A73C2CB 
 6335      3E1B
 6336 0881 D9D464E6 		.ascii	"\331\324d\346\202\250C1\225\021A\370\225\324\273\261"
 6336      82A84331 
 6336      951141F8 
 6336      95D4BBB1 
 6337 0891 1DBBBF57 		.ascii	"\035\273\277W\266\352\363\2522+\362G\212n\222\035T>"
 6337      B6EAF3AA 
 6337      322BF247 
 6337      8A6E921D 
 6337      543E
 6338 08a3 4058FF8F 		.ascii	"@X\377\217\276\204\370gC\322\344\373;\206\3178\033\200"
 6338      BE84F867 
 6338      43D2E4FB 
 6338      3B86CF38 
 6338      1B80
 6339 08b5 BFCF26E7 		.ascii	"\277\317&\3478\013\360\016\322\232*\346\353{\023L\204"
 6339      380BF00E 
 6339      D29A2AE6 
 6339      EB7B134C 
 6339      84
 6340 08c6 A2EDDC11 		.ascii	"\242\355\334\021\001\264\201\373\323\361f\"\027,\227"
 6340      01B481FB 
 6340      D3F16622 
 6340      172C97
 6341 08d5 448D6EC2 		.ascii	"D\215n\302\230\223a\354W\376{N{\222\231\3238\364\266"
 6341      989361EC 
 6341      57FE7B4E 
ARM GAS  C:\Users\nicx5\AppData\Local\Temp\ccq4ftZ0.s 			page 234


 6341      7B9299D3 
 6341      38F4B6
 6342 08e8 F2806658 		.ascii	"\362\200fXAB\270zw\370\235r\340\316\361lx\275\347\025"
 6342      4142B87A 
 6342      77F89D72 
 6342      E0CEF16C 
 6342      78BDE715 
 6343 08fc 4BD202E6 		.ascii	"K\322\002\346b\022\351\320I\226\030\011\311g_A\354\023"
 6343      6212E9D0 
 6343      49961809 
 6343      C9675F41 
 6343      EC13
 6344 090e 65700857 		.ascii	"ep\010W\241V\333\202\2775\343\025$\032\236C\210\320"
 6344      A156DB82 
 6344      BF35E315 
 6344      241A9E43 
 6344      88D0
 6345 0920 F74C5E36 		.ascii	"\367L^6\252\365\0016\015\026yU\365\256E\310\344W\372"
 6345      AAF50136 
 6345      0D167955 
 6345      F5AE45C8 
 6345      E457FA
 6346 0933 6348F9B5 		.ascii	"cH\371\265U\367\230\037\260\375\373CC\033\221-\002\213"
 6346      55F7981F 
 6346      B0FDFB43 
 6346      431B912D 
 6346      028B
 6347 0945 C1C41AC3 		.ascii	"\301\304\032\303$\033`VS\177%T\227[\205L\206o\272\010"
 6347      241B6056 
 6347      537F2554 
 6347      975B854C 
 6347      866FBA08 
 6348 0959 7E7E944E 		.ascii	"~~\224N\007\350P\212f\242\205Q\235\034\234?\361\222"
 6348      07E8508A 
 6348      66A28551 
 6348      9D1C9C3F 
 6348      F192
 6349 096b CF061D65 		.ascii	"\317\006\035e\210\021\367\251\364\350\230.\037Hu\311"
 6349      8811F7A9 
 6349      F4E8982E 
 6349      1F4875C9 
 6350 097b 43667071 		.ascii	"Cfpq\230Q\250v\372\017\313\024/H\245Z\363+$\025\210"
 6350      9851A876 
 6350      FA0FCB14 
 6350      2F48A55A 
 6350      F32B2415 
 6351 0990 A8484204 		.ascii	"\250HB\004J\005\025\321\270\201M\231\324\026\200=\306"
 6351      4A0515D1 
 6351      B8814D99 
 6351      D416803D 
 6351      C6
 6352 09a1 169482A6 		.ascii	"\026\224\202\2464\312\302\250\245\235z`HS\253vO\225"
 6352      34CAC2A8 
 6352      A59D7A60 
 6352      4853AB76 
 6352      4F95
 6353 09b3 243A30CD 		.ascii	"$:0\315\265?\335\342\265\273\010Z\006S\325^k\351\213"
ARM GAS  C:\Users\nicx5\AppData\Local\Temp\ccq4ftZ0.s 			page 235


 6353      B53FDDE2 
 6353      B5BB085A 
 6353      0653D55E 
 6353      6BE98B
 6354 09c6 23625B59 		.ascii	"#b[Y\341?\\\236\017\233\312\263p\356\013\335\212fj\344"
 6354      E13F5C9E 
 6354      0F9BCAB3 
 6354      70EE0BDD 
 6354      8A666AE4 
 6355 09da 99C074FC 		.ascii	"\231\300t\374\326\007\262\004\264\302\370\237\"\213"
 6355      D607B204 
 6355      B4C2F89F 
 6355      228B
 6356 09e8 AA8039FC 		.ascii	"\252\2009\374\255t\220]\012\307\313U\242V\307\323\360"
 6356      AD74905D 
 6356      0AC7CB55 
 6356      A256C7D3 
 6356      F0
 6357 09f9 E8ABEF69 		.ascii	"\350\253\357iVUt\177"
 6357      5655747F 
 6358              		.text
 6359              		.section	.gnu.lto_HAL_ADC_Stop_IT.344.1f3e1af6,"e",%progbits
 6360 0000 28B52FFD 		.ascii	"(\265/\375`\242\003E\031\000\206\254\237G\240\032U:"
 6360      60A20345 
 6360      190086AC 
 6360      9F47A01A 
 6360      553A
 6361 0012 C10BB1C1 		.ascii	"\301\013\261\301\003\247o\254s$\234\037S@-\320\214B"
 6361      03A76FAC 
 6361      73249C1F 
 6361      53402DD0 
 6361      8C42
 6362 0024 7E71E0DF 		.ascii	"~q\340\337\367\344\323\301~r\2006\332]\223^\374\025"
 6362      F7E4D3C1 
 6362      7E728036 
 6362      DA5D935E 
 6362      FC15
 6363 0036 37ACE2BF 		.ascii	"7\254\342\277\361W8\201\027\340l\217\027R\375\265\263"
 6363      F1573881 
 6363      17E06C8F 
 6363      1752FDB5 
 6363      B3
 6364 0047 B8408F32 		.ascii	"\270@\2172\036\277\373\315\311\337{\313\235d\213\000"
 6364      1EBFFBCD 
 6364      C9DF7BCB 
 6364      9D648B00 
 6365 0057 82008B00 		.ascii	"\202\000\213\000\367\022\031\274\262\012\322\365\344"
 6365      F71219BC 
 6365      B20AD2F5 
 6365      E4
 6366 0064 614EE60F 		.ascii	"aN\346\017\317d\350M^\360\200{\331ti\272\227\350\200"
 6366      CF64E84D 
 6366      5EF0807B 
 6366      D97469BA 
 6366      97E880
 6367 0077 3B90AF37 		.ascii	";\220\2577/`_\351[\366\225\2319\2263\304\271\276MJt"
 6367      2F605FE9 
ARM GAS  C:\Users\nicx5\AppData\Local\Temp\ccq4ftZ0.s 			page 236


 6367      5BF69599 
 6367      399633C4 
 6367      B9BE4D4A 
 6368 008c 22804974 		.ascii	"\"\200ItPYs/\021\326I\317\035e+\355\231\343\3078\352"
 6368      5059732F 
 6368      11D649CF 
 6368      1D652BED 
 6368      99E3C738 
 6369 00a1 4ABF0DA4 		.ascii	"J\277\015\244\036\274\236O\307m\216\327\233{\257\312"
 6369      1EBC9E4F 
 6369      C76D8ED7 
 6369      9B7BAFCA 
 6370 00b1 5734295D 		.ascii	"W4)]@\006\213\232\225O\006-pD\244\247\362\021\315\246"
 6370      40068B9A 
 6370      954F062D 
 6370      7044A4A7 
 6370      F211CDA6 
 6371 00c5 10AE2839 		.ascii	"\020\256(9Z\371vte$J\231+}\322\360\361\346D\351\334"
 6371      5AF97674 
 6371      65244A99 
 6371      2B7DD2F0 
 6371      F1E644E9 
 6372 00da 7B79F67C 		.ascii	"{y\366|Hg\362\014\203\271y\004h\000\000\273\306\031"
 6372      4867F20C 
 6372      83B97904 
 6372      680000BB 
 6372      C619
 6373 00ec 229B6E21 		.ascii	"\"\233n!\377A\366\235A\014\321|bf\240\027\203\310{\357"
 6373      FF41F69D 
 6373      410CD17C 
 6373      6266A017 
 6373      83C87BEF 
 6374 0100 04BE939E 		.ascii	"\004\276\223\236\033\231\364\312\177a_\337\251R\327"
 6374      1B99F4CA 
 6374      7F615FDF 
 6374      A952D7
 6375 010f 3B762551 		.ascii	";v%Q\343\017\011\2244Nw\036\231\030c\266\220Oo\007a"
 6375      E30F0994 
 6375      344E771E 
 6375      991863B6 
 6375      904F6F07 
 6376 0124 6EB1DEE4 		.ascii	"n\261\336\344\017\300\223S/\317d\235\214\252\223m\235"
 6376      0FC09353 
 6376      2FCF649D 
 6376      8CAA936D 
 6376      9D
 6377 0135 5CEB645A 		.ascii	"\\\353dZ'7\235<{\362\015\244\214\244\024\231\024\030"
 6377      27379D3C 
 6377      7BF20DA4 
 6377      8CA41499 
 6377      1418
 6378 0147 DDFBE3B8 		.ascii	"\335\373\343\270\346~\251Y\212\274\374\231\317\314C"
 6378      E67EA959 
 6378      8ABCFC99 
 6378      CFCC43
 6379 0156 7C255625 		.ascii	"|%V%\240\341\341en\336\032\267\213c\200C2\001\250>\017"
 6379      A0E1E165 
ARM GAS  C:\Users\nicx5\AppData\Local\Temp\ccq4ftZ0.s 			page 237


 6379      6EDE1AB7 
 6379      8B638043 
 6379      3201A83E 
 6380 016b C7CECBD3 		.ascii	"\307\316\313\323_\266\266\015q-\265S%ni\011;)\247\314"
 6380      5FB6B60D 
 6380      712DB553 
 6380      256E6909 
 6380      3B29A7CC 
 6381 017f A8677AAB 		.ascii	"\250gz\253_\334Y\032\322\0320G\314\346{\255\376\222"
 6381      5FDC591A 
 6381      D21A3047 
 6381      CCE67BAD 
 6381      FE92
 6382 0191 1FD1D2CF 		.ascii	"\037\321\322\317\251\233\3363#\340x<\202\371\313v\323"
 6382      A99BDE33 
 6382      23E0783C 
 6382      82F9CB76 
 6382      D3
 6383 01a2 3E6FC78E 		.ascii	">o\307\216v+5\362^ \023\370U\\\224ha_\273Se\261w\314"
 6383      762B35F2 
 6383      5E2013F8 
 6383      555C9468 
 6383      615FBB53 
 6384 01ba 6CE2535A 		.ascii	"l\342SZ\314N\225;\306\353\332\340@\242-\344\234eu\354"
 6384      CC4E953B 
 6384      C6EBDAE0 
 6384      40A22DE4 
 6384      9C6575EC 
 6385 01ce 89046318 		.ascii	"\211\004c\030V\277\374\215n\036Y5\373/\033\240\231Q"
 6385      56BFFC8D 
 6385      6E1E5935 
 6385      FB2F1BA0 
 6385      9951
 6386 01e0 FCCCF758 		.ascii	"\374\314\367X}#\277\242.bj\034\002\000>\271QF\006\267"
 6386      7D23BFA2 
 6386      2E626A1C 
 6386      02003EB9 
 6386      514606B7 
 6387 01f4 15381AEE 		.ascii	"\0258\032\356\246\342\007\267\342\330\203\034\032\211"
 6387      A6E207B7 
 6387      E2D8831C 
 6387      1A89
 6388 0202 0A2428E0 		.ascii	"\012$(\340 \250\365\320|(\327pj=\264Y\012\232\217O,"
 6388      20A8F5D0 
 6388      7C28D770 
 6388      6A3DB459 
 6388      0A9A8F4F 
 6389 0217 C20FEE06 		.ascii	"\302\017\356\006\253\331>\300f\034.\310fBB\024d\260"
 6389      ABD93EC0 
 6389      661C2EC8 
 6389      66424214 
 6389      64B0
 6390 0229 9BAD048B 		.ascii	"\233\255\004\213\0236\0159,\004\204A\306\023\213\320"
 6390      13360D39 
 6390      2C048441 
 6390      C6138BD0 
 6391 0239 61E703CF 		.ascii	"a\347\003\317\015\205\015\010\004\217\205\015\004\230"
ARM GAS  C:\Users\nicx5\AppData\Local\Temp\ccq4ftZ0.s 			page 238


 6391      0D850D08 
 6391      048F850D 
 6391      0498
 6392 0247 99784F6F 		.ascii	"\231xOo\007\341\003\301\241\017K\366\215\240\360i\316"
 6392      07E103C1 
 6392      A10F4BF6 
 6392      8DA0F069 
 6392      CE
 6393 0258 E76C8A53 		.ascii	"\347l\212S\315:\272\346\241Z\310\263\236\3518\301#F"
 6393      CD3ABAE6 
 6393      A15AC8B3 
 6393      9EE938C1 
 6393      2346
 6394 026a B4D50D82 		.ascii	"\264\325\015\202B\2564\253\311>b\246Q~N.~\220\345B\272"
 6394      42AE34AB 
 6394      C93E62A6 
 6394      517E4E2E 
 6394      7E90E542 
 6395 027f 96D290AD 		.ascii	"\226\322\220\255\243\263\250\336\362\277\254\355H\250"
 6395      A3B3A8DE 
 6395      F2BFACED 
 6395      48A8
 6396 028d 51282A95 		.ascii	"Q(*\225\000\031C4\"\022fAA\014\007p\002!*\253\016\021"
 6396      00194334 
 6396      22126641 
 6396      410C0770 
 6396      02212AAB 
 6397 02a3 70395463 		.ascii	"p9TcSA\241rU(jz\330P\222p\237\235\024\3457\025\010\\"
 6397      5341A172 
 6397      55286A7A 
 6397      D8509270 
 6397      9F9D14E5 
 6398 02bb 605CCA04 		.ascii	"`\\\312\004\214M\312\334\324mK\314P\347\031A\"!\246"
 6398      8C4DCADC 
 6398      D46D4BCC 
 6398      50E71941 
 6398      2221A6
 6399 02ce 183249E2 		.ascii	"\0302I\342S\220\203\373\002*M\265\205\202\031\356v3"
 6399      539083FB 
 6399      022A4DB5 
 6399      858219EE 
 6399      7633
 6400 02e0 9215E2F7 		.ascii	"\222\025\342\367!\201\302yP\225\"-\345\256*q\201OJQ"
 6400      2181C279 
 6400      5095222D 
 6400      E5AE2A71 
 6400      814F4A51 
 6401 02f4 1A920CF3 		.ascii	"\032\222\014\363\002\272\022\037#\351\273\331\226\362"
 6401      02BA121F 
 6401      23E9BBD9 
 6401      96F2
 6402 0302 D305C29C 		.ascii	"\323\005\302\234=\030\376\322\216\346q\262\340)\205"
 6402      3D18FED2 
 6402      8EE671B2 
 6402      E02985
 6403 0311 68DE52FC 		.ascii	"h\336R\374\003SI\212\217g\025)CA\250<\207\"\250V0y+"
 6403      0353498A 
ARM GAS  C:\Users\nicx5\AppData\Local\Temp\ccq4ftZ0.s 			page 239


 6403      8F671529 
 6403      4341A83C 
 6403      8722A856 
 6404 0328 3879BF13 		.ascii	"8y\277\023|u\375\033\305\004"
 6404      7C75FD1B 
 6404      C504
 6405              		.text
 6406              		.section	.gnu.lto_HAL_ADC_Start_DMA.345.1f3e1af6,"e",%progbits
 6407 0000 28B52FFD 		.ascii	"(\265/\375`D\015\365A\000\272k\350\027>@\344\316\030"
 6407      60440DF5 
 6407      4100BA6B 
 6407      E8173E40 
 6407      E4CE18
 6408 0013 ABDF78EF 		.ascii	"\253\337x\357T\260\377\312r\026\266\315\273\016\022"
 6408      54B0FFCA 
 6408      7216B6CD 
 6408      BB0E12
 6409 0022 1583B7D9 		.ascii	"\025\203\267\331a\303\205\375\273C\202\217E\003b&\221"
 6409      61C385FD 
 6409      BB43828F 
 6409      45036226 
 6409      91
 6410 0033 9548B1E4 		.ascii	"\225H\261\344j*\343xI\223\251'\210NMU\0250\023\022\262"
 6410      6A2AE378 
 6410      4993A927 
 6410      884E4D55 
 6410      15301312 
 6411 0048 A59429A5 		.ascii	"\245\224)\245\024n\001P\001q\001\235\310\274\344\262"
 6411      146E0150 
 6411      0171019D 
 6411      C8BCE4B2 
 6412 0058 D6C2DDA5 		.ascii	"\326\302\335\245\021\277\204\030\006\276\357\273\234"
 6412      11BF8418 
 6412      06BEEFBB 
 6412      9C
 6413 0065 1E9AE96D 		.ascii	"\036\232\351m\255\336\323C\263h\232d\033ra6\245\011"
 6413      ADDED343 
 6413      B3689A64 
 6413      1B726136 
 6413      A509
 6414 0077 BE764B8A 		.ascii	"\276vK\212O\316\254\374\211\232\333j\275\015\313\232"
 6414      4FCEACFC 
 6414      899ADB6A 
 6414      BD0DCB9A 
 6415 0087 0BB3A12F 		.ascii	"\013\263\241/\033\341S(\012\034\\\340\237#\311-e\314"
 6415      1BE15328 
 6415      0A1C5CE0 
 6415      9F23C92D 
 6415      65CC
 6416 0099 CB669D39 		.ascii	"\313f\2359\0077ag\341\245S\227\255.l\372\333\343\375"
 6416      07376167 
 6416      E1A55397 
 6416      AD2E6CFA 
 6416      DBE3FD
 6417 00ac 413A4982 		.ascii	"A:I\202\364[\231-\346A3\177\361\336_\244&\201k|_\301"
 6417      F45B992D 
 6417      E641337F 
ARM GAS  C:\Users\nicx5\AppData\Local\Temp\ccq4ftZ0.s 			page 240


 6417      F1DE5FA4 
 6417      26816B7C 
 6418 00c2 05CD728E 		.ascii	"\005\315r\216\244\323\225\255U\320\254\261\206\223\255"
 6418      A4D395AD 
 6418      55D0ACB1 
 6418      8693AD
 6419 00d1 97DE589B 		.ascii	"\227\336X\233\336\2665'3\222\315:!\331rgn*]%G[\301\301"
 6419      DEB63527 
 6419      3392CD3A 
 6419      21D97267 
 6419      6E2A5D25 
 6420 00e9 48EF0BA8 		.ascii	"H\357\013\250\361\313\373\0126`\255d\263M\275\3246\273"
 6420      F1CBFB0A 
 6420      3660AD64 
 6420      B34DBDD4 
 6420      36BB
 6421 00fb 7652DB2C 		.ascii	"vR\333,3\363\203\252\034\334\374\367K\240\263D\022\350"
 6421      33F383AA 
 6421      1CDCFCF7 
 6421      4BA0B344 
 6421      12E8
 6422 010d 90C33FEF 		.ascii	"\220\303?\357+\030\365|\335l\245$\244#\243\"\242!\241"
 6422      2B18F57C 
 6422      DD6CA524 
 6422      A423A322 
 6422      A221A1
 6423 0120 A5D24D22 		.ascii	"\245\322M\"[v}or+\335\316Z)\011\011\211u\367\306\327"
 6423      5B767D6F 
 6423      722BDDCE 
 6423      5A290909 
 6423      8975F7C6 
 6424 0135 4746D12E 		.ascii	"GF\321.\322+\342D\007\356\336\354z\310N\210\012\245"
 6424      D22BE244 
 6424      07EEDEEC 
 6424      7AC84E88 
 6424      0AA5
 6425 0147 F383D6F9 		.ascii	"\363\203\326\371\022\211u\3676\327J*t\256\375\240D\334"
 6425      128975F7 
 6425      36D74A2A 
 6425      74AEFDA0 
 6425      44DC
 6426 0159 A542F7D6 		.ascii	"\245B\367\326\246,}\300\017*\347\311UA#\230>\013\326"
 6426      A62C7DC0 
 6426      0F2AE7C9 
 6426      55412398 
 6426      3E0BD6
 6427 016c A5B6BE27 		.ascii	"\245\266\276'\367\033\347\310\025\302\373\276Dnlk\362"
 6427      F71BE7C8 
 6427      15C2FBBE 
 6427      446E6C6B 
 6427      F2
 6428 017d 7DDFF683 		.ascii	"}\337\366\203\362y\273\002\370\223Cl*\224oM0e\374[s"
 6428      F279BB02 
 6428      F893436C 
 6428      2A946F4D 
 6428      3065FC5B 
 6429 0192 3629A457 		.ascii	"6)\244W\265\245[\232\377\312\200\361\217\010\221\033"
ARM GAS  C:\Users\nicx5\AppData\Local\Temp\ccq4ftZ0.s 			page 241


 6429      B5A55B9A 
 6429      FFCA80F1 
 6429      8F08911B 
 6430 01a2 DA9A2437 		.ascii	"\332\232$7e\354,\355<\334\322\334\221X\357\373\262?"
 6430      65EC2CED 
 6430      3CDCD2DC 
 6430      9158EFFB 
 6430      B23F
 6431 01b4 DDDE9A97 		.ascii	"\335\336\232\227\232\271M0\363\037\346%\234\207x\324"
 6431      9AB94D30 
 6431      F31FE625 
 6431      9C8778D4 
 6432 01c4 C7757D75 		.ascii	"\307u}uhy[\254\005\360mm\326\372w\024%\357g&a\302\373"
 6432      68795BAC 
 6432      05F06D6D 
 6432      D6FA7714 
 6432      25EF6726 
 6433 01db E9CF6424 		.ascii	"\351\317d$\355\325x\235\276\231V\241R}\017v\223\323"
 6433      EDD5789D 
 6433      BE9956A1 
 6433      527D0F76 
 6433      93D3
 6434 01ed ABDD599A 		.ascii	"\253\335Y\232\301!\036\225\032\250\321\351U6\320f\355"
 6434      C1211E95 
 6434      1AA8D1E9 
 6434      5536D066 
 6434      ED
 6435 01fe D453FDE7 		.ascii	"\324S\375\347\261\305\2411\212V\303\225|\337#V\334i"
 6435      B1C5A131 
 6435      8A56C395 
 6435      7CDF2356 
 6435      DC69
 6436 0210 B6BA58AC 		.ascii	"\266\272X\254mv\352\033D\245\203\217\306-\246\021\320"
 6436      6D76EA1B 
 6436      44A5838F 
 6436      C62DA611 
 6436      D0
 6437 0221 09BA13A6 		.ascii	"\011\272\023\246\261\366\320\011z\303\347\350\010\340"
 6437      B1F6D009 
 6437      7AC3E7E8 
 6437      08E0
 6438 022f 5BB119CB 		.ascii	"[\261\031\313\311\376^\267\253\265\365\255\255\037\035"
 6438      C9FE5EB7 
 6438      ABB5F5AD 
 6438      AD1F1D
 6439 023e 44F0E88C 		.ascii	"D\360\350\214\177r_\376\367x}u\010\276\315l\373W4\204"
 6439      7F725FFE 
 6439      F7787D75 
 6439      08BECD6C 
 6439      FB573484 
 6440 0252 73D2FC91 		.ascii	"s\322\374\221\231\275\272\014\323\212\233L\205\257$"
 6440      99BDBA0C 
 6440      D38A9B4C 
 6440      85AF24
 6441 0261 1F8EB6D9 		.ascii	"\037\216\266\331~\261\250\324\371h\274N\371\000\247"
 6441      7EB1A8D4 
 6441      F968BC4E 
ARM GAS  C:\Users\nicx5\AppData\Local\Temp\ccq4ftZ0.s 			page 242


 6441      F900A7
 6442 0270 51EAEB55 		.ascii	"Q\352\353U\026D\363\337\343\376j\265Z\345\2172\273\316"
 6442      1644F3DF 
 6442      E3FE6AB5 
 6442      5AE58F32 
 6442      BBCE
 6443 0282 57AEB395 		.ascii	"W\256\263\225\353\\\345:S\271\316SR-\330\035\325\322"
 6443      EB5CE53A 
 6443      53B9CE53 
 6443      522DD81D 
 6443      D5D2
 6444 0294 6EA82E6C 		.ascii	"n\250.lvj+\335L\255\263\000v\016\220t\006\320:/\271"
 6444      766A2BDD 
 6444      4CADB300 
 6444      760E9074 
 6444      06D03A2F 
 6445 02a9 CE4AAE73 		.ascii	"\316J\256s\222\2203\222\353|\344:\033\271\316EKg\"\327"
 6445      92903392 
 6445      EB7CE43A 
 6445      1BB9CE45 
 6445      4B6722D7 
 6446 02bd 79C87516 		.ascii	"y\310u\026r\235\227\256\263\322uv]\347d\353\214t\235"
 6446      729D97AE 
 6446      B3D27576 
 6446      5DE764EB 
 6446      8C749D
 6447 02d0 5BD79975 		.ascii	"[\327\231u\235W\245\363\273\316\336:w\0047pq\320\320"
 6447      9D57A5F3 
 6447      BBCEDE3A 
 6447      77043770 
 6447      71D0D0
 6448 02e3 A9EF7D8B 		.ascii	"\251\357}\213T\377\274mX\305&]\330\334_Z\014\2150\316"
 6448      54FFBC6D 
 6448      58C5265D 
 6448      D8DC5F5A 
 6448      0C8D30CE 
 6449 02f7 04080F45 		.ascii	"\004\010\017E0b\015\352\266\222\336\2124\032\214\330"
 6449      30620DEA 
 6449      B692DE8A 
 6449      341A8CD8 
 6450 0307 9348EA67 		.ascii	"\223H\352g'\371\205\006\3632o\324l\342uE\357J\307\350"
 6450      27F98506 
 6450      F3326FD4 
 6450      6CE27545 
 6450      EF4AC7E8 
 6451 031b 758896F9 		.ascii	"u\210\226\371\203\023\011\261\212\331C\240\237Z\346"
 6451      831309B1 
 6451      8AD943A0 
 6451      9F5AE6
 6452 032a E6131FE2 		.ascii	"\346\023\037\342p3\232\177If+f\021J\023\013\227\024"
 6452      70339A7F 
 6452      49662B66 
 6452      114A130B 
 6452      9714
 6453 033c 07B21C33 		.ascii	"\007\262\0343hJ\023\213\213f\025\207\016\251=\341\362"
 6453      684A138B 
 6453      8B661587 
ARM GAS  C:\Users\nicx5\AppData\Local\Temp\ccq4ftZ0.s 			page 243


 6453      0EA93DE1 
 6453      F2
 6454 034d 50DFE695 		.ascii	"P\337\346\225&\226\024z\357\353\354'\363\004\367\221"
 6454      2696147A 
 6454      EFEBEC27 
 6454      F304F791 
 6455 035d E53D5458 		.ascii	"\345=TX\210\240\027\3266\273\314\362\204s^\360g\030"
 6455      88A017D6 
 6455      36BBCCF2 
 6455      84735EF0 
 6455      6718
 6456 036f D13345A5 		.ascii	"\3213E\245N/p\216~OGr\365\002h4\364k\325*\240~j\205"
 6456      4E2F708E 
 6456      7E4F4772 
 6456      F5026834 
 6456      F46BD52A 
 6457 0387 7E2883A3 		.ascii	"~(\203\243\011y9\"\000m\307\\\021\235^~S\011\3514)\177"
 6457      09793922 
 6457      006DC75C 
 6457      119D5E7E 
 6457      5309E934 
 6458 039d F9C83C7F 		.ascii	"\371\310<\177\225\257 \232\310\207\310}\304R\255\366"
 6458      95AF209A 
 6458      C887C87D 
 6458      C452ADF6 
 6459 03ad 539B7C37 		.ascii	"S\233|7P\0220\021\216\201\272\303ACl\232\352\221Q:?"
 6459      50123011 
 6459      8E81BAC3 
 6459      41436C9A 
 6459      EA91513A 
 6460 03c2 42BFC75B 		.ascii	"B\277\307[n\233\351\013h\224\310\027\360m\002\036\371"
 6460      6E9BE90B 
 6460      6894C817 
 6460      F06D021E 
 6460      F9
 6461 03d3 131897BF 		.ascii	"\023\030\227\277w\000L\017G\345G\3174\362\263\350\000"
 6461      77004C0F 
 6461      47E547CF 
 6461      34F2B3E8 
 6461      00
 6462 03e4 427E81A8 		.ascii	"B~\201\250tM\004l\337O?\365\370\333O-\373\3557[\220"
 6462      744D046C 
 6462      DF4F3FF5 
 6462      F8DB4F2D 
 6462      FBED375B 
 6463 03f9 A26A75F1 		.ascii	"\242ju\361\261\237\332\365\331of\015\355\270\276\373"
 6463      B19FDAF5 
 6463      D96F660D 
 6463      EDB8BEFB 
 6464 0409 41100139 		.ascii	"A\020\0019X{\213\342\376\0367[\247oE2D8N\337\205\003"
 6464      587B8BE2 
 6464      FE1E375B 
 6464      A76F4532 
 6464      44384EDF 
 6465 041f 9CE9993B 		.ascii	"\234\351\231;x\360~:}/\356A\234B\235\323\375g\334\246"
 6465      78F07E3A 
 6465      7D2FEE41 
ARM GAS  C:\Users\nicx5\AppData\Local\Temp\ccq4ftZ0.s 			page 244


 6465      9C429DD3 
 6465      FD67DCA6 
 6466 0433 07DE9D24 		.ascii	"\007\336\235$\036\367\016\333O-\035\356:\375\3246\333"
 6466      1EF70EDB 
 6466      4F2D1DEE 
 6466      3AFDD436 
 6466      DB
 6467 0444 7298D94E 		.ascii	"r\230\331N\267\035\333\361\347\233\240Y\252g,\265w\362"
 6467      B71DDBF1 
 6467      E79BA059 
 6467      AA672CB5 
 6467      77F2
 6468 0456 8A784755 		.ascii	"\212xGU\336\275iF\014\311=\312;$rS8\310\337\353\020"
 6468      DEBD6946 
 6468      0CC93DCA 
 6468      3B247253 
 6468      38C8DFEB 
 6469 046b ED7FD687 		.ascii	"\355\177\326\207v\023\342\337u\0021u\364)\343_\\\373"
 6469      7613E2DF 
 6469      75023175 
 6469      F429E35F 
 6469      5CFB
 6470 047d F6ACE08E 		.ascii	"\366\254\340\2166\034:hiu\310\342\272!\364\265BLk\354"
 6470      361C3A68 
 6470      6975C8E2 
 6470      BA21F4B5 
 6470      424C6BEC 
 6471 0491 8B055346 		.ascii	"\213\005SF\327\030\010#\006\203!#\003\225\215\254\012"
 6471      D7180823 
 6471      06832123 
 6471      03958DAC 
 6471      0A
 6472 04a2 13566619 		.ascii	"\023Vf\031Y\027\031\223\250E\030\013\031b^\\_+\304b"
 6472      59171993 
 6472      A845180B 
 6472      19625E5C 
 6472      5F2BC462 
 6473 04b6 8491C128 		.ascii	"\204\221\301(\213\3015#\006\231\022\030Y\013\031_\033"
 6473      8BC13523 
 6473      06991218 
 6473      590B195F 
 6473      1B
 6474 04c7 DA2EB2AE 		.ascii	"\332.\262\256\0123X~\340\240\252KE\004\025WPL^+\272"
 6474      0A33587E 
 6474      E0A0AA4B 
 6474      45041557 
 6474      504C5E2B 
 6475 04dc C056F682 		.ascii	"\300V\366\202\362Z\321\305\005\243\013\014\354\301T"
 6475      F25AD1C5 
 6475      05A30B0C 
 6475      ECC154
 6476 04eb 0C326694 		.ascii	"\0142f\224\327\330\207(\256\015\0230p\331\260q\205!"
 6476      D7D88728 
 6476      AE0D1330 
 6476      70D9B071 
 6476      8521
 6477 04fd 8A39F655 		.ascii	"\2129\366U#l\254B\025\333\020\243\200\341\304\203)-"
ARM GAS  C:\Users\nicx5\AppData\Local\Temp\ccq4ftZ0.s 			page 245


 6477      236CAC42 
 6477      15DB10A3 
 6477      80E1C483 
 6477      292D
 6478 050f 101F4E30 		.ascii	"\020\037N0_\214\211\2118!\301\202\0223\013:{}?\312K"
 6478      5F8C8989 
 6478      3821C182 
 6478      12330B3A 
 6478      7B7D3FCA 
 6479 0524 7871EC5A 		.ascii	"xq\354Z\207\322\022\362\376\022\217\244\036*O\372#\311"
 6479      87D212F2 
 6479      FE128FA4 
 6479      1E2A4FFA 
 6479      23C9
 6480 0536 FD1A025E 		.ascii	"\375\032\002^\2355HN/\004/\216\035\353\335l\003\004"
 6480      9D35484E 
 6480      2F042F8E 
 6480      1DEBDD6C 
 6480      0304
 6481 0548 787F36E6 		.ascii	"x\1776\346.\\\225\000\311\312\314\351f;\305\210\323"
 6481      2E5C9500 
 6481      C9CACCE9 
 6481      663BC588 
 6481      D3
 6482 0559 AB6516E3 		.ascii	"\253e\026\3434c\235\375Y\023\372P\342'\311\347\372I"
 6482      34639DFD 
 6482      5913FA50 
 6482      E227C9E7 
 6482      FA49
 6483 056b 193DA429 		.ascii	"\031=\244)_\232k\326y?\271)\355\325\274\2179@o\304\322"
 6483      5F9A6BD6 
 6483      793FB929 
 6483      EDD5BC8F 
 6483      39406FC4 
 6484 0580 BB52327C 		.ascii	"\273R2|\244\034x\324+}\322\023=s\363H\023\211\367S\352"
 6484      A41C78D4 
 6484      2B7DD213 
 6484      3D73F348 
 6484      1389F753 
 6485 0595 9BD85E8D 		.ascii	"\233\330^\215\241^\351\233\355\021\351\223\036\235\276"
 6485      A15EE99B 
 6485      ED11E993 
 6485      1E9DBE
 6486 05a4 A4C5B7E5 		.ascii	"\244\305\267\345\371^\263\337\207\364R|\236p\201\206"
 6486      F95EB3DF 
 6486      87F4527C 
 6486      9E708186 
 6487 05b4 2D97E777 		.ascii	"-\227\347w\007\250\361\352\365\254\376\350\257\252\202"
 6487      07A8F1EA 
 6487      F5ACFEE8 
 6487      AFAA82
 6488 05c3 FAA9AD7A 		.ascii	"\372\251\255z\253o\26684n*\361<\256zW\332\211\215 \316"
 6488      AB6FB638 
 6488      346E2AF1 
 6488      3CAE7A57 
 6488      DA898D20 
 6489 05d8 0E14C45E 		.ascii	"\016\024\304^\325\304\331\341\343\313\343x\364=E~\033"
ARM GAS  C:\Users\nicx5\AppData\Local\Temp\ccq4ftZ0.s 			page 246


 6489      D5C4D9E1 
 6489      E3CBE378 
 6489      F43D457E 
 6489      1B
 6490 05e9 461D89D9 		.ascii	"F\035\211\331\323\351qs\211\3375\2314\373?\216\376\351"
 6490      D3E97173 
 6490      89DF3599 
 6490      34FB3F8E 
 6490      FEE9
 6491 05fb A2522719 		.ascii	"\242R'\031<\252\321\0331\352\247\266(\201\023\250\221"
 6491      3CAAD11B 
 6491      31EAA7B6 
 6491      288113A8 
 6491      91
 6492 060c 1C099952 		.ascii	"\034\011\231RHFD$\310\004I\222t\001\005\304 G)<\017"
 6492      48464424 
 6492      C8044992 
 6492      740105C4 
 6492      2047293C 
 6493 0621 11B03CAB 		.ascii	"\021\260<\253\030\222\031\021I\222\222\032\351NH\033"
 6493      18921911 
 6493      4992921A 
 6493      E94E481B 
 6494 0631 38423A26 		.ascii	"8B:&'\311}\321_E\003\250\346I\034\331i\350>>\315\234"
 6494      27C97DD1 
 6494      5F4503A8 
 6494      E6491CD9 
 6494      69E83E3E 
 6495 0647 4F211578 		.ascii	"O!\025x\274\332\202\241]\024}\333\217aB\254\2226\306"
 6495      BCDA82A1 
 6495      5D147DDB 
 6495      8F6142AC 
 6495      9236C6
 6496 065a AF142923 		.ascii	"\257\024)#7\311\"e\223\316\317Q@\037W\313SB.!G\344E"
 6496      37C92265 
 6496      93CECF51 
 6496      401F57CB 
 6496      53422E21 
 6497 0671 47E1E48F 		.ascii	"G\341\344\217\310\242\213\235\321\033\274\310\014\222"
 6497      C8A28B9D 
 6497      D11BBCC8 
 6497      0C92
 6498 067f 8311D052 		.ascii	"\203\021\320R\275](\002\313\\\012\216\010\020\262#\027"
 6498      BD5D2802 
 6498      CB5C0A8E 
 6498      0810B223 
 6498      17
 6499 0690 37018D1A 		.ascii	"7\001\215\032\032\245\225D\264\211`\022\010\2166%\030"
 6499      1AA59544 
 6499      B4896012 
 6499      088E3625 
 6499      18
 6500 06a1 5E91C478 		.ascii	"^\221\304xG$\236I\301\204\340\214\222\240\002T\341\256"
 6500      47249E49 
 6500      C184E08C 
 6500      92A00254 
 6500      E1AE
ARM GAS  C:\Users\nicx5\AppData\Local\Temp\ccq4ftZ0.s 			page 247


 6501 06b3 A7B019F9 		.ascii	"\247\260\031\371\236\244\345\036\245\272\326l\371Q,"
 6501      9EA4E51E 
 6501      A5BAD66C 
 6501      F9512C
 6502 06c2 C0DB316F 		.ascii	"\300\3331o\032\341;\205\205\256)Yy\013\035\261v\215"
 6502      1AE13B85 
 6502      85AE2959 
 6502      790B1DB1 
 6502      768D
 6503 06d4 37B225D2 		.ascii	"7\262%\322\255\202\363\250\310\026%\301\337\202\235"
 6503      AD82F3A8 
 6503      C81625C1 
 6503      DF829D
 6504 06e3 C45A8D15 		.ascii	"\304Z\215\025\010\206\036#ry\350\031\202.\276</0\216"
 6504      08861E23 
 6504      7279E819 
 6504      822EBE3C 
 6504      2F308E
 6505 06f6 F2919695 		.ascii	"\362\221\226\225\022\205JA\365\303\363e\031Tez\264\314"
 6505      12854A41 
 6505      F5C3F365 
 6505      1954657A 
 6505      B4CC
 6506 0708 2E6333A0 		.ascii	".c3\240\002\035;\037\267\350\272\245'\022X\267\236\224"
 6506      021D3B1F 
 6506      B7E8BAA5 
 6506      271258B7 
 6506      9E94
 6507 071a A6A349A9 		.ascii	"\246\243I\251IH\2047^\263\353\021\331\033`\023\210\265"
 6507      49488437 
 6507      5EB3EB11 
 6507      D91B6013 
 6507      88B5
 6508 072c DB6D86D9 		.ascii	"\333m\206\331\205\342}\272\321\023 V\373\032\244B\000"
 6508      85E27DBA 
 6508      D1132056 
 6508      FB1AA442 
 6508      00
 6509 073d BC1FB05F 		.ascii	"\274\037\260_\370\320ZI\223\"N\356\253|F\223\006 \245"
 6509      F8D05A49 
 6509      93224EEE 
 6509      AB7C4693 
 6509      0620A5
 6510 0750 C3D3C09D 		.ascii	"\303\323\300\235\344\303\205\245\016^t\264\0210\315"
 6510      E4C385A5 
 6510      0E5E74B4 
 6510      1130CD
 6511 075f 08045712 		.ascii	"\010\004W\022(\273T\321\033(!Y`\345\337\350\\\366\242"
 6511      28BB54D1 
 6511      1B282159 
 6511      60E5DFE8 
 6511      5CF6A2
 6512 0772 386E043B 		.ascii	"8n\004;M\006\332\313\260.\200&\210\334G+\002\322\260"
 6512      4D06DACB 
 6512      B02E8026 
 6512      88DC472B 
 6512      02D2B0
ARM GAS  C:\Users\nicx5\AppData\Local\Temp\ccq4ftZ0.s 			page 248


 6513 0785 08338523 		.ascii	"\0103\205#\300\300=\016:\237BPl\275e\313\202\365\241"
 6513      C0C03D0E 
 6513      3A9F4250 
 6513      6CBD65CB 
 6513      82F5A1
 6514 0798 661153E6 		.ascii	"f\021S\346ez\341\356K\001\311j\210n\231\032\314\304"
 6514      657AE1EE 
 6514      4B01C96A 
 6514      886E991A 
 6514      CCC4
 6515 07aa 861273C8 		.ascii	"\206\022s\310%\3570\230\276IGZ\361\020z\362\260^CB\013"
 6515      25EF3098 
 6515      BE49475A 
 6515      F1107AF2 
 6515      B05E4342 
 6516 07bf DA870184 		.ascii	"\332\207\001\204\254\262\024\013n%\352\360\021/\244"
 6516      ACB2140B 
 6516      6E25EAF0 
 6516      112FA4
 6517 07ce 408E     		.ascii	"@\216"
 6518 07d0 F079E85B 		.ascii	"\360y\350[a\000\032\264.R\205\204Eu\204\233V\314!\205"
 6518      61001AB4 
 6518      2E528584 
 6518      4575849B 
 6518      56CC2185 
 6519 07e4 5AB3BE23 		.ascii	"Z\263\276#\267040X\212\316\270\013,6\010(\243 R\232"
 6519      B7303430 
 6519      588ACEB8 
 6519      0B2C3608 
 6519      28A32052 
 6520 07f9 A04480CD 		.ascii	"\240D\200\315\302p\001\333\263\217t\330\313(\214vm\345"
 6520      C27001DB 
 6520      B38F74D8 
 6520      CB288C76 
 6520      6DE5
 6521 080b 59DBADDD 		.ascii	"Y\333\255\335\205\236\006K\360#\212\251J`\352\307\237"
 6521      859E064B 
 6521      F0238AA9 
 6521      4A60EAC7 
 6521      9F
 6522 081c B72C0832 		.ascii	"\267,\0102\023\214\3231\014Y\025a\266k\242\250*A\202"
 6522      138CD331 
 6522      0C591561 
 6522      B66BA2A8 
 6522      2A4182
 6523 082f CCC7BDE6 		.ascii	"\314\307\275\346h\332.\032\033\246\371t\341\266U\315"
 6523      68DA2E1A 
 6523      1BA6F974 
 6523      E1B655CD 
 6524 083f F751A792 		.ascii	"\367Q\247\222\023U\004\367\007"
 6524      135504F7 
 6524      07
 6525              		.text
 6526              		.section	.gnu.lto_HAL_ADC_Stop_DMA.346.1f3e1af6,"e",%progbits
 6527 0000 28B52FFD 		.ascii	"(\265/\375`\210\006\355#\000f{\325Fp\236N\007\343\303"
 6527      608806ED 
 6527      2300667B 
ARM GAS  C:\Users\nicx5\AppData\Local\Temp\ccq4ftZ0.s 			page 249


 6527      D546709E 
 6527      4E07E3C3 
 6528 0014 49D89342 		.ascii	"I\330\223B\004\250!w}\302\360\004q\217\005b\005sd\373"
 6528      04A82177 
 6528      7DC2F004 
 6528      718F0562 
 6528      057364FB 
 6529 0028 C63C9209 		.ascii	"\306<\222\011\0233D\\\321\026R\241O\252B\000\311\346"
 6529      1333445C 
 6529      D11652A1 
 6529      4FAA4200 
 6529      C9E6
 6530 003a C90699E9 		.ascii	"\311\006\231\351\010\210\032c\353\036\237'\236\363\233"
 6530      08881A63 
 6530      EB1E9F27 
 6530      9EF39B
 6531 0049 38346A22 		.ascii	"84j\"d\357-\345N2\245\302\000\262\000\302\000j`\204"
 6531      64EF2DE5 
 6531      4E32A5C2 
 6531      00B200C2 
 6531      006A6084 
 6532 005d 5C319333 		.ascii	"\\1\2233\363\200\337f\221\006\251\351`m\267#\361$U\216"
 6532      F380DF66 
 6532      9106A9E9 
 6532      606DB723 
 6532      F124558E 
 6533 0071 06A37772 		.ascii	"\006\243wrn\323l\313\231\231\240\223R\277@\036\000\373"
 6533      6ED36CCB 
 6533      9999A093 
 6533      52BF401E 
 6533      00FB
 6534 0083 3D9D07FB 		.ascii	"=\235\007\373\355\356&2\252\352\342\3476#\306\020B\252"
 6534      EDEE2632 
 6534      AAEAE2E7 
 6534      3623C610 
 6534      42AA
 6535 0095 E4885297 		.ascii	"\344\210R\2273s\350\203x\321\177\276\036o\247\246(\276"
 6535      3373E883 
 6535      78D17FBE 
 6535      1E6FA7A6 
 6535      28BE
 6536 00a7 E7DB62BB 		.ascii	"\347\333b\273\014\377\241G@\267\2637:\261-0\367}y\357"
 6536      0CFFA147 
 6536      40B7B337 
 6536      3AB12D30 
 6536      F77D79EF 
 6537 00bb CBCBF276 		.ascii	"\313\313\362v\350\221\330\026\017Ww\350\260i\220\330"
 6537      E891D816 
 6537      0F5777E8 
 6537      B06990D8 
 6538 00cb 5697A3BF 		.ascii	"V\227\243\277\3441\315-\215$\226\305n\354\362{\026\035"
 6538      E431CD2D 
 6538      8D2496C5 
 6538      6EECF27B 
 6538      161D
 6539 00dd EBBC7EC9 		.ascii	"\353\274~\311\343\331s\2035\307K\316\260\247k\261\361"
 6539      E3D97383 
ARM GAS  C:\Users\nicx5\AppData\Local\Temp\ccq4ftZ0.s 			page 250


 6539      35C74BCE 
 6539      B0A76BB1 
 6539      F1
 6540 00ee 7502E59C 		.ascii	"u\002\345\234y\311+\373'\0036#Z\277\244\325\3713sB\347"
 6540      79C92BFB 
 6540      27033623 
 6540      5ABFA4D5 
 6540      F9337342 
 6541 0103 691E7466 		.ascii	"i\036tf\003\314Z\364(\347\334\026\231\334\362\316\361"
 6541      03CC5AF4 
 6541      28E7DC16 
 6541      99DCF2CE 
 6541      F1
 6542 0114 EEAEEBEE 		.ascii	"\356\256\353\356\030\335\030\007\355\263\357A<\340\273"
 6542      18DD1807 
 6542      EDB3EF41 
 6542      3CE0BB
 6543 0123 4FA0B08E 		.ascii	"O\240\260\216\354y7\363q\374c\237pnvbk\316\004)M\263"
 6543      EC7937F3 
 6543      71FC639F 
 6543      706E7662 
 6543      6BCE0429 
 6544 0139 13CB42C3 		.ascii	"\023\313B\303d\363\257lw(\354_\341\313\225\215\323\335"
 6544      64F3AF6C 
 6544      7728EC5F 
 6544      E1CB958D 
 6544      D3DD
 6545 014b 2A5C0D2A 		.ascii	"*\\\015*\3159;h_\262!*\015\342\267\035\006\366\353\257"
 6545      CD393B68 
 6545      5FB2212A 
 6545      0DE2B71D 
 6545      06F6EBAF 
 6546 015f 2E8D6FD5 		.ascii	".\215o\325\005\304\234prD\340\212h\311vm\246\014\373"
 6546      05C49C70 
 6546      7244E08A 
 6546      68C9766D 
 6546      A60CFB
 6547 0172 CAF65FD7 		.ascii	"\312\366_\327u\355/\353\026\372\351q4\367\001m\233g"
 6547      75ED2FEB 
 6547      16FAE971 
 6547      34F7016D 
 6547      9B67
 6548 0184 07E84B6F 		.ascii	"\007\350Ko\235k;\347\332\376]\333\276k\273wm\363N\333"
 6548      9D6B3BE7 
 6548      DAFE5DDB 
 6548      BE6BBB77 
 6548      6DF34EDB 
 6549 0198 BB6B5BBD 		.ascii	"\273k[\275\266S\3246\212m\343k\373^\333\177\332\266"
 6549      B653D436 
 6549      8A6DE36B 
 6549      FB5EDB7F 
 6549      DAB6
 6550 01aa 6FDB0DA8 		.ascii	"o\333\015\250P\254\250E9P#\347\036k]\226\273nC|\351"
 6550      50ACA845 
 6550      395023E7 
 6550      1E6B5D96 
 6550      BB6E437C 
ARM GAS  C:\Users\nicx5\AppData\Local\Temp\ccq4ftZ0.s 			page 251


 6551 01bf DE5DD59E 		.ascii	"\336]\325\236\326\274\002\306\016\276,\332\234\225?"
 6551      D6BC02C6 
 6551      0EBE2CDA 
 6551      9C953F
 6552 01ce 679C97DE 		.ascii	"g\234\227\336oIQ\306\203\230\367=\015.\227B\310kN\355"
 6552      6F4951C6 
 6552      8398F73D 
 6552      0D2E9742 
 6552      C86B4EED 
 6553 01e2 DEE28AE8 		.ascii	"\336\342\212\350\374\221\021-U\037K3=\210\323W\337\261"
 6553      FC91112D 
 6553      551F4B33 
 6553      3D88D357 
 6553      DFB1
 6554 01f4 B892DC4A 		.ascii	"\270\222\334J\372\352s\305\205\001@\276q\241\376\304"
 6554      FAEA73C5 
 6554      850140BE 
 6554      71A1FEC4 
 6555 0204 7FDEDDD6 		.ascii	"\177\336\335\326\300\020\233j~\004X\374\335\034\224"
 6555      C0109B6A 
 6555      7E0458FC 
 6555      DD1C94
 6556 0213 AC237FDE 		.ascii	"\254#\177\336\263\370\270\372c\023\233_\2028\310\200"
 6556      B3F8B8FA 
 6556      63139B5F 
 6556      8238C880 
 6557 0223 E057FAD9 		.ascii	"\340W\372\331\220,\262\373J\353K\030}W[\373\340T\226"
 6557      902CB2FB 
 6557      4AEB4B18 
 6557      7D575BFB 
 6557      E05496
 6558 0236 DEA4400C 		.ascii	"\336\244@\014\261_\364#\224-\325D\270\333\020\277O\331"
 6558      B15FF423 
 6558      942DD544 
 6558      B8DB10BF 
 6558      4FD9
 6559 0248 D994BBDF 		.ascii	"\331\224\273\337\346\31039\353\272\276\361 \376\277"
 6559      E6C83339 
 6559      EBBABEF1 
 6559      20FEBF
 6560 0257 EF585D56 		.ascii	"\357X]V#|JS\232s\230\203v)/\204S\330\357\277\272T{\253"
 6560      237C4A53 
 6560      9A739883 
 6560      76292F84 
 6560      53D8EFBF 
 6561 026f EE767228 		.ascii	"\356vr(S\366\325\245\207\246\23179\"\227\344|e\027q"
 6561      53F6D5A5 
 6561      87A69937 
 6561      392297E4 
 6561      7C651771 
 6562 0283 CF13AD35 		.ascii	"\317\023\2555h\216\365\274/\035\310h\327\303\026D!q"
 6562      688EF5BC 
 6562      2F1DC868 
 6562      D7C31644 
 6562      2171
 6563 0295 C8028AF8 		.ascii	"\310\002\212\370k\242\005FB\022\021H<P\340\343TB\370"
 6563      6BA20546 
ARM GAS  C:\Users\nicx5\AppData\Local\Temp\ccq4ftZ0.s 			page 252


 6563      42121148 
 6563      3C50E0E3 
 6563      5442F8
 6564 02a8 74B69302 		.ascii	"t\266\223\002\247\022\302\246\025\302\247'\242\"(\342"
 6564      A712C2A6 
 6564      15C2A727 
 6564      A22228E2 
 6565 02b8 70C8494A 		.ascii	"p\310IJi\250i\303\004\244&*\252\007HCC)\023.PHY0j\252"
 6565      69A869C3 
 6565      04A4262A 
 6565      AA074843 
 6565      4329132E 
 6566 02d2 280A484C 		.ascii	"(\012HLDEI\036\224\230\206*\244\242\226\230$\\\000\320"
 6566      4445491E 
 6566      9498862A 
 6566      A4A29698 
 6566      245C00D0 
 6567 02e6 DDCCEC67 		.ascii	"\335\314\354g\376\262&\360C\331\364\355\374\21512q\254"
 6567      FEB226F0 
 6567      43D9F4ED 
 6567      FC8D3132 
 6567      71AC
 6568 02f8 F522E669 		.ascii	"\365\"\346i\236\267\217u\346\236?\361>y\300\357\371"
 6568      9EB78F75 
 6568      E69E3FF1 
 6568      3E79C0EF 
 6568      F9
 6569 0309 9DD7EA3E 		.ascii	"\235\327\352>\271\220\265C\3411)\22198;u\276\2340\356"
 6569      B990B543 
 6569      E1312991 
 6569      39383B75 
 6569      BE9C30EE 
 6570 031d 41FCFB1C 		.ascii	"A\374\373\034\2708\036\304\276\377u\361\245\231S\322"
 6570      B8381EC4 
 6570      BEFF75F1 
 6570      A59953D2 
 6571 032d 3B773A0F 		.ascii	";w:\017al\255\241\012=\0208g\006\344\275\262\273[\314"
 6571      616CADA1 
 6571      0A3D1038 
 6571      6706E4BD 
 6571      B2BB5BCC 
 6572 0341 85ED847C 		.ascii	"\205\355\204|,\206\014\326\221Bqt\275\305\313\014\230"
 6572      2C860CD6 
 6572      91427174 
 6572      BDC5CB0C 
 6572      98
 6573 0352 FACA8630 		.ascii	"\372\312\2060\266\206\015\375y\004ce\330\256\226N\200"
 6573      B6860DFD 
 6573      79046365 
 6573      D8AE964E 
 6573      80
 6574 0363 8CA89134 		.ascii	"\214\250\2214*\221\031\231!Q\220$)d8\240\242\221\252"
 6574      2A911999 
 6574      21519024 
 6574      296438A0 
 6574      A291AA
 6575 0376 3A0711E0 		.ascii	":\007\021\340<\251\034#\222\244\222v\003U\024\222\356"
ARM GAS  C:\Users\nicx5\AppData\Local\Temp\ccq4ftZ0.s 			page 253


 6575      3CA91C23 
 6575      92A49276 
 6575      03551492 
 6575      EE
 6576 0387 47B98B67 		.ascii	"G\271\213g\257\364u\3772Y\350\311f\037\306\275\314\314"
 6576      AFF475FF 
 6576      3259E8C9 
 6576      661FC6BD 
 6576      CCCC
 6577 0399 0CC67A22 		.ascii	"\014\306z\"\023lJa\337\006\010\251\210F\355\3017\003"
 6577      136C4A61 
 6577      DF0608A9 
 6577      8846EDC1 
 6577      3703
 6578 03ab 0AD412DE 		.ascii	"\012\324\022\336,\234(~\357\277)\001hg\316\357\353\311"
 6578      2C9C287E 
 6578      EFBF2901 
 6578      6867CEEF 
 6578      EBC9
 6579 03bd 6D6A71FB 		.ascii	"mjq\373`\204\367W\202\304\200KH\251\325\301\320]m~\306"
 6579      6084F757 
 6579      82C4804B 
 6579      48A9D5C1 
 6579      D05D6D7E 
 6580 03d2 5DDB07D3 		.ascii	"]\333\007\323\371\216\037[\014\367P\343\2278\364\001"
 6580      F98E1F5B 
 6580      0CF750E3 
 6580      9738F401 
 6581 03e2 533DD661 		.ascii	"S=\326a\024\027\310\345\031\222\3746\375G\230y\365\013"
 6581      1417C8E5 
 6581      1992FC36 
 6581      FD479879 
 6581      F50B
 6582 03f4 494F934A 		.ascii	"IO\223J\016\201\257d\201%\007\226\244\312\234\000\010"
 6582      0E81AF64 
 6582      81250796 
 6582      A4CA9C00 
 6582      08
 6583 0405 79C448BD 		.ascii	"y\304H\275<\331\264)q\233\034K\033\3640\251O\375@\374"
 6583      3CD9B429 
 6583      719B1C4B 
 6583      1BF430A9 
 6583      4FFD40FC 
 6584 0419 AEA66B4A 		.ascii	"\256\246kJ\033\327\334=,\003\31652\207\243*d\250\022"
 6584      1BD7DC3D 
 6584      2C03CE35 
 6584      3287A32A 
 6584      64A812
 6585 042c B1A97B8D 		.ascii	"\261\251{\215O4\355$i\2323$\0170ULJ\035\377\331m\342"
 6585      4F34ED24 
 6585      699A3324 
 6585      0F30554C 
 6585      4A1DFFD9 
 6586 0442 FF55A0C2 		.ascii	"\377U\240\302rih\\\332\336lOAL\3312\373\236\235\273"
 6586      7269685C 
 6586      DADE6C4F 
 6586      414CD932 
ARM GAS  C:\Users\nicx5\AppData\Local\Temp\ccq4ftZ0.s 			page 254


 6586      FB9E9DBB 
 6587 0456 5B35BBD7 		.ascii	"[5\273\327\252\240\264\266\303\260\360\265\355\003y"
 6587      AAA0B4B6 
 6587      C3B0F0B5 
 6587      ED0379
 6588 0465 4C8AC15C 		.ascii	"L\212\301\\\325\352C\267bZ\366\351\036\327Qfc\331\017"
 6588      D5EA43B7 
 6588      625AF6E9 
 6588      1ED75166 
 6588      63D90F
 6589 0478 C0FAAAA2 		.ascii	"\300\372\252\242\332\252\313)\317\344L\235\232Q\003"
 6589      DAAACB29 
 6589      CFE44C9D 
 6589      9A5103
 6590              		.text
 6591              		.section	.gnu.lto_HAL_ADC_GetValue.347.1f3e1af6,"e",%progbits
 6592 0000 28B52FFD 		.ascii	"(\265/\375`\243\000m\013\000\024\024\001\001\000\000"
 6592      60A3006D 
 6592      0B001414 
 6592      01010000 
 6593 0010 6F000000 		.ascii	"o\000\000\000'\000\000\000\001\003\000\001\222\221\212"
 6593      27000000 
 6593      01030001 
 6593      92918A
 6594 001f 02008080 		.ascii	"\002\000\200\200\200@\007\002\001\201\221\212\227\235"
 6594      80400702 
 6594      0181918A 
 6594      979D
 6595 002d 939C0101 		.ascii	"\223\234\001\001\275\001\001\000\177\002\001\177\001"
 6595      BD010100 
 6595      7F02017F 
 6595      01
 6596 003a AC030501 		.ascii	"\254\003\005\001\006\023\001\004\005\001\006\025\001"
 6596      06130104 
 6596      05010615 
 6596      01
 6597 0047 202FC080 		.ascii	" /\300\200\200\370\313\227\260\263R\201\274\320\200"
 6597      80F8CB97 
 6597      B0B35281 
 6597      BCD080
 6598 0056 097F007D 		.ascii	"\011\177\000}\272\001\271\001\000\000\000\000\005\001"
 6598      BA01B901 
 6598      00000000 
 6598      0501
 6599 0064 084D002D 		.ascii	"\010M\000-\300\200\200\320\274\371\200\200\022\000{"
 6599      C08080D0 
 6599      BCF98080 
 6599      12007B
 6600 0073 BC010202 		.ascii	"\274\001\002\002R\324!\000\000\013\000\000}\000\000"
 6600      52D42100 
 6600      000B0000 
 6600      7D0000
 6601 0082 00AFD205 		.ascii	"\000\257\322\005\340\200\370\377\237\200\200\2566\314"
 6601      E080F8FF 
 6601      9F8080AE 
 6601      36CC
 6602 0090 C2D1CE09 		.ascii	"\302\321\316\011\005\001\000\002\003\003\001\001\274"
ARM GAS  C:\Users\nicx5\AppData\Local\Temp\ccq4ftZ0.s 			page 255


 6602      05010002 
 6602      03030101 
 6602      BC
 6603 009d 01040002 		.ascii	"\001\004\000\002\000\000\000\251\003\200\004\001\000"
 6603      000000A9 
 6603      03800401 
 6603      00
 6604 00aa AA030281 		.ascii	"\252\003\002\201\300\000\377\002\200\342\355\3464\244"
 6604      C000FF02 
 6604      80E2EDE6 
 6604      34A4
 6605 00b8 E7040083 		.ascii	"\347\004\000\203\003\202\276\251\036\003\001\005\001"
 6605      0382BEA9 
 6605      1E030105 
 6605      01
 6606 00c5 067B0100 		.ascii	"\006{\001\000\005\001\254\001\200\200\200\010wx\277"
 6606      0501AC01 
 6606      80808008 
 6606      7778BF
 6607 00d4 01003679 		.ascii	"\001\0006y\300\001u\000\000\000\203\003\302\276\251"
 6607      C0017500 
 6607      00008303 
 6607      C2BEA9
 6608 00e3 38037973 		.ascii	"8\003ys|\302\001\0006\241\200\200\010q\303\001\207\003"
 6608      7CC20100 
 6608      36A18080 
 6608      0871C301 
 6608      8703
 6609 00f5 82A00603 		.ascii	"\202\240\006\003\004\000\001\200\300\000\000\000\024"
 6609      04000180 
 6609      C0000000 
 6609      14
 6610 0102 453A5C57 		.ascii	"E:\\Works\\STM32\\HBox\0005Drivers/H7xx_HAL_/Src/st"
 6610      6F726B73 
 6610      5C53544D 
 6610      33325C48 
 6610      426F7800 
 6611 012f 6D333268 		.ascii	"m32hhal_adc.c\000\004hadc\035.7b9ba502\000\020\000z"
 6611      68616C5F 
 6611      6164632E 
 6611      63000468 
 6611      6164631D 
 6612 0150 E6E2197C 		.ascii	"\346\342\031|\3169\273y\037\346\012\354\270\213e_\351"
 6612      CE39BB79 
 6612      1FE60AEC 
 6612      B88B655F 
 6612      E9
 6613 0161 B245630A 		.ascii	"\262Ec\012-\366V\032j\241q\306\354\351\301\272\3603"
 6613      2DF6561A 
 6613      6AA171C6 
 6613      ECE9C1BA 
 6613      F033
 6614 0173 CFAB9D64 		.ascii	"\317\253\235d"
 6615              		.text
 6616              		.section	.gnu.lto_HAL_ADC_IRQHandler.348.1f3e1af6,"e",%progbits
 6617 0000 28B52FFD 		.ascii	"(\265/\375`q%%\207\000*\314p-D L[\351\357\265i\326\366"
 6617      60712525 
ARM GAS  C:\Users\nicx5\AppData\Local\Temp\ccq4ftZ0.s 			page 256


 6617      87002ACC 
 6617      702D4420 
 6617      4C5BE9EF 
 6618 0018 7E8160F3 		.ascii	"~\201`\363\271p@\351uya6\373\371+<\006A\255Y\231X9\306"
 6618      B97040E9 
 6618      75796136 
 6618      FBF92B3C 
 6618      0641AD59 
 6619 0030 4C6E32A5 		.ascii	"Ln2\245O|\223\363\010\211\331\345b\357\235\004\012X"
 6619      4F7C93F3 
 6619      0889D9E5 
 6619      62EF9D04 
 6619      0A58
 6620 0042 53BEB690 		.ascii	"S\276\266\220\241\032\320\274\2132L\222MvJ)\005\330"
 6620      A11AD0BC 
 6620      8B324C92 
 6620      4D764A29 
 6620      05D8
 6621 0054 026502CD 		.ascii	"\002e\002\315\002\326\331\227\316\335b\212\302\304\001"
 6621      02D6D997 
 6621      CEDD628A 
 6621      C2C401
 6622 0063 347C8178 		.ascii	"4|\201x\357\226)\344\035A)\207L\003v\267\351\216v\023"
 6622      EF9629E4 
 6622      1D412987 
 6622      4C0376B7 
 6622      E98E7613 
 6623 0077 76173677 		.ascii	"v\0276w\235\276c\366\201\213\271\002g\307*\213\0353"
 6623      9DBE63F6 
 6623      818BB902 
 6623      67C72A8B 
 6623      1D33
 6624 0089 38233F33 		.ascii	"8#?3]\307\214\271\250\3470\027q\222F\344\226\203\266"
 6624      5DC78CB9 
 6624      A8E73017 
 6624      719246E4 
 6624      9683B6
 6625 009c C786AFE3 		.ascii	"\307\206\257\343x\200\306l\362w\265|\225-S\326@V=\362"
 6625      7880C66C 
 6625      F277B57C 
 6625      952D53D6 
 6625      40563DF2 
 6626 00b0 507AC749 		.ascii	"Pz\307I\322\036\240\265\334}\013\2443\"\301\212\227"
 6626      D21EA0B5 
 6626      DC7D0BA4 
 6626      3322C18A 
 6626      97
 6627 00c1 3390AD64 		.ascii	"3\220\255d\177b\341$a.j\2457\233\356\240\003[\260\007"
 6627      7F62E124 
 6627      612E6AA5 
 6627      379BEEA0 
 6627      035BB007 
 6628 00d5 DB4DBFE9 		.ascii	"\333M\277\351C.b\3121,\224\302\236B\310FE\302\024\364"
 6628      432E62CA 
 6628      312C94C2 
 6628      9E42C846 
 6628      45C214F4 
ARM GAS  C:\Users\nicx5\AppData\Local\Temp\ccq4ftZ0.s 			page 257


 6629 00e9 1223A387 		.ascii	"\022#\243\207\364\002\235\264Q\242^\302n\334\233\324"
 6629      F4029DB4 
 6629      51A25EC2 
 6629      6EDC9BD4 
 6630 00f9 C3520550 		.ascii	"\303R\005P\256\212\335\237\232\264Q\003*\355f[\031%"
 6630      AE8ADD9F 
 6630      9AB45103 
 6630      2AED665B 
 6630      1925
 6631 010b 8607B39F 		.ascii	"\206\007\263\237\022\277]\356\363\221j0\207\302\275"
 6631      12BF5DEE 
 6631      F3916A30 
 6631      87C2BD
 6632 011a 7F54AD64 		.ascii	"\177T\255d\010l+\231\231\202<\332\231{\203\346`\255"
 6632      086C2B99 
 6632      99823CDA 
 6632      997B83E6 
 6632      60AD
 6633 012c D74CC049 		.ascii	"\327L\300I\367F\362yp\357\237\025\177\331V2{im\245\332"
 6633      F746F279 
 6633      70EF9F15 
 6633      7FD95632 
 6633      7B696DA5 
 6634 0141 19D656F2 		.ascii	"\031\326V\362\032\263b\223\333\275\025\366\0321x\003"
 6634      1AB36293 
 6634      DBBD15F6 
 6634      1A317803 
 6635 0151 79EFC5FA 		.ascii	"y\357\305\372\274^kF\344C6\3447\\\310n\230\220\0079"
 6635      BC5E6B46 
 6635      E44336E4 
 6635      375CC86E 
 6635      98900739 
 6636 0165 CA82DC86 		.ascii	"\312\202\334\206\003\031\220;\340?\030/\\\264`\261B"
 6636      0319903B 
 6636      E03F182F 
 6636      5CB460B1 
 6636      42
 6637 0176 450A145C 		.ascii	"E\012\024\\['\264\262L\224\300\272\262\252\242\232\""
 6637      5B27B4B2 
 6637      4C94C0BA 
 6637      B2AAA29A 
 6637      22
 6638 0187 D11C2125 		.ascii	"\321\034!%\"\004\210\017QL(\017ON\0358lh\322\300\264"
 6638      2204880F 
 6638      514C280F 
 6638      4F4E1D38 
 6638      6C68D2C0 
 6639 019c A4942109 		.ascii	"\244\224!\011\351\010\203\321\005\013E\025\210\354r"
 6639      E90883D1 
 6639      050B4515 
 6639      88EC72
 6640 01ab 55AAEF6B 		.ascii	"U\252\357k\334\326\316\007`\340\2460iF\324\322|\250"
 6640      DCD6CE07 
 6640      60E0A630 
 6640      6946D4D2 
 6640      7CA8
 6641 01bd 258BB3A1 		.ascii	"%\213\263\241\026,\316o\224\356\270\\i.\254kvSGX7x\304"
ARM GAS  C:\Users\nicx5\AppData\Local\Temp\ccq4ftZ0.s 			page 258


 6641      162CCE6F 
 6641      94EEB85C 
 6641      692EAC6B 
 6641      76534758 
 6642 01d4 25AE391A 		.ascii	"%\2569\032'\350t\327\026\205\351\256M\212s\033+\025"
 6642      27E874D7 
 6642      1685E9AE 
 6642      4D8A731B 
 6642      2B15
 6643 01e6 38074261 		.ascii	"8\007Ba\272k\243s\006d\272k\203s\356\340\212z\301]\033"
 6643      BA6BA373 
 6643      0664BA6B 
 6643      8373EEE0 
 6643      8A7AC15D 
 6644 01fb 05CE7FCB 		.ascii	"\005\316\177\313.u\356\216\313\223\2061\365\027NwmO"
 6644      2E75EE8E 
 6644      CB938631 
 6644      F5174E77 
 6644      6D4F
 6645 020d 26DD8564 		.ascii	"&\335\205d\267\220<\344,$\015\371\212\024ZE\012\221"
 6645      B7903CE4 
 6645      2C240DF9 
 6645      8A145A45 
 6645      0A91
 6646 021f 9E220548 		.ascii	"\236\"\005HG\301\330\\[\201\372D E\327Z<\301\263\022"
 6646      47C1D85C 
 6646      5B81FA44 
 6646      2045D75A 
 6646      3CC1B312 
 6647 0233 DD04202F 		.ascii	"\335\004 /\201\025h\217_\3511\301\255\002\211\340UT"
 6647      8115688F 
 6647      5FE931C1 
 6647      AD0289E0 
 6647      5554
 6648 0245 0EE8B746 		.ascii	"\016\350\267F\320\035\225\020z\012\004\022\352\224\226"
 6648      D01D9510 
 6648      7A0A0412 
 6648      EA9496
 6649 0254 10E65A2A 		.ascii	"\020\346Z*\207G]\342\303E\261yg\004\234<.\205\330\""
 6649      87475DE2 
 6649      C345B179 
 6649      67049C3C 
 6649      2E85D822 
 6650 0268 100F3D84 		.ascii	"\020\017=\204a\2030|\343\037\030\243\030\3358\223\260"
 6650      6183307C 
 6650      E31F18A3 
 6650      18DD3893 
 6650      B0
 6651 0279 D0A108D9 		.ascii	"\320\241\010\331\270\007\277~Zv9\365u\207>\016\234\303"
 6651      B807BF7E 
 6651      5A7639F5 
 6651      75873E0E 
 6651      9CC3
 6652 028b 9A0D7C83 		.ascii	"\232\015|\203:\205B\234BKqc\340\332\214\234\032o\342"
 6652      3A85429C 
 6652      424B7163 
 6652      E0DA8C9C 
ARM GAS  C:\Users\nicx5\AppData\Local\Temp\ccq4ftZ0.s 			page 259


 6652      1A6FE2
 6653 029e 730D4CCB 		.ascii	"s\015L\313\256$9i\364\010\272\243B\246\227\256Tf_1\256"
 6653      AE243969 
 6653      F408BAA3 
 6653      42A697AE 
 6653      54665F31 
 6654 02b3 2495CB33 		.ascii	"$\225\3133#'\3063\204\351$\251\\\2306#\007u\244\276"
 6654      2327C633 
 6654      84E924A9 
 6654      5C983623 
 6654      0775A4BE 
 6655 02c7 A71FE135 		.ascii	"\247\037\3415\006\274-nt\301/\213[\300\242\305\213\260"
 6655      06BC2D6E 
 6655      74C12F8B 
 6655      5BC0A2C5 
 6655      8BB0
 6656 02d9 A8CCC38E 		.ascii	"\250\314\303\2162#w\305+,\273\356\250\3245Q\324\035"
 6656      322377C5 
 6656      2B2CBBEE 
 6656      A8D43551 
 6656      D41D
 6657 02eb 15BAB674 		.ascii	"\025\272\266tf\344\254\370\262h\312\233\257R\271:\225"
 6657      66E4ACF8 
 6657      B268CA9B 
 6657      AF52B93A 
 6657      95
 6658 02fc 79EF75E2 		.ascii	"y\357u\342JkA\253nES\232\370\253U~\366\352\214\246\264"
 6658      4A6B41AB 
 6658      6E45539A 
 6658      F8AB557E 
 6658      F6EA8CA6 
 6659 0311 A919E80C 		.ascii	"\251\031\350\014\375\364a;\224)M\334\227]\367^v\270"
 6659      FDF4613B 
 6659      94294DDC 
 6659      975DF75E 
 6659      76B8
 6660 0323 29549A77 		.ascii	")T\232w4\263\362\017s\343`\206\332\012\353/\277\337"
 6660      34B3F20F 
 6660      73E36086 
 6660      DA0AEB2F 
 6660      BFDF
 6661 0335 E618D727 		.ascii	"\346\030\327':S\224\344\277{\257U~\003\006\002:\352"
 6661      3A5394E4 
 6661      BF7BAF55 
 6661      7E030602 
 6661      3AEA
 6662 0347 E6AABEF2 		.ascii	"\346\252\276\362\225}\336\254\264)\320\212\352{\360"
 6662      957DDEAC 
 6662      B429D08A 
 6662      EA7BF0
 6663 0356 A138E8DE 		.ascii	"\2418\350\336{\227\017\345\377\265\261Mh\265\377G\022"
 6663      7B970FE5 
 6663      FFB5B14D 
 6663      68B5FF47 
 6663      12
 6664 0367 9CB3B7A5 		.ascii	"\234\263\267\245W*\257\374\243`}\363E\252GU\357\223"
 6664      572AAFFC 
ARM GAS  C:\Users\nicx5\AppData\Local\Temp\ccq4ftZ0.s 			page 260


 6664      A3607DF3 
 6664      45AA4755 
 6664      EF93
 6665 0379 E86DB475 		.ascii	"\350m\264u\310\3071\236\366\317\012L\364n\256i\357\257"
 6665      C8C7319E 
 6665      F6CF0A4C 
 6665      F46EAE69 
 6665      EFAF
 6666 038b B440552C 		.ascii	"\264@U,\201Oz\025\323@\277\375\232\311\346\323\356\303"
 6666      814F7A15 
 6666      D340BFFD 
 6666      9AC9E6D3 
 6666      EEC3
 6667 039d AE7AF345 		.ascii	"\256z\363E\012h\010\005\250V\262\366\363\033\372\357"
 6667      0A680805 
 6667      A856B2F6 
 6667      F31BFAEF 
 6668 03ad E5CD4A1B 		.ascii	"\345\315J\033;\333O\237%\032\2001\332\363\255\372NK"
 6668      3BDB4F9F 
 6668      251A8031 
 6668      DAF3ADFA 
 6668      4E4B
 6669 03bf 6139B428 		.ascii	"a9\264(\355\017\272\313\021\313\241\022\012O\0304\344"
 6669      ED0FBACB 
 6669      11CBA112 
 6669      0A4F1834 
 6669      E4
 6670 03d0 DB4E7317 		.ascii	"\333Ns\027\233\362\241\335\356\0267\306\211\372O@\251"
 6670      9BF2A1DD 
 6670      EE1637C6 
 6670      89FA4F40 
 6670      A9
 6671 03e1 49F7B347 		.ascii	"I\367\263G\347\301?T\275O\376\356\253y\002\0015\361"
 6671      E7C13F54 
 6671      BD4FFEEE 
 6671      AB790201 
 6671      35F1
 6672 03f3 495615F1 		.ascii	"IV\025\361\272(\332\251\177\016Io\244\3327aX\363Q#\224"
 6672      BA28DAA9 
 6672      7F0E496F 
 6672      A4DA3761 
 6672      58F35123 
 6673 0408 F65DC862 		.ascii	"\366]\310b\275g\314\336\233\001\027\267\036\011\310"
 6673      BD67CCDE 
 6673      9B0117B7 
 6673      1E09C8
 6674 0417 74E02159 		.ascii	"t\340!Y[\231\366NO?\300ocf\007:\004$\366\336\313\305"
 6674      5B99F64E 
 6674      4F3FC06F 
 6674      6366073A 
 6674      0424F6DE 
 6675 042d 0DC212B9 		.ascii	"\015\302\022\271\"6o\202\265\225\375+\236~l\337\306"
 6675      22366F82 
 6675      B595FD2B 
 6675      9E7E6CDF 
 6675      C6
 6676 043e 27FE08E2 		.ascii	"'\376\010\342n\256m\330H\354\330|\312'\376,J\257O\371"
ARM GAS  C:\Users\nicx5\AppData\Local\Temp\ccq4ftZ0.s 			page 261


 6676      6EAE6DD8 
 6676      48ECD87C 
 6676      CA27FE2C 
 6676      4AAF4FF9 
 6677 0452 AFCD1FCA 		.ascii	"\257\315\037\312\375\323\351t\312\377d\316\013\003\265"
 6677      FDD3E974 
 6677      CAFF64CE 
 6677      0B03B5
 6678 0461 CEFD8C93 		.ascii	"\316\375\214\223\322m\232;JG\233\033J\0036\367m\300"
 6678      D26D9A3B 
 6678      4A479B1B 
 6678      4A0336F7 
 6678      6DC0
 6679 0473 E6B5266C 		.ascii	"\346\265&lV\353\302\346\264^\323\235D\351<\266t&\262"
 6679      56EBC2E6 
 6679      B45ED39D 
 6679      44E93CB6 
 6679      7426B2
 6680 0486 7416533A 		.ascii	"t\026S:\017i\300\346\260\006l\026\262t\006\263\316\013"
 6680      0F69C0E6 
 6680      B0066C16 
 6680      B27406B3 
 6680      CE0B
 6681 0498 5867A775 		.ascii	"Xg\247u\016b\235\025\260\316@\254s\002Kg\004\254\363"
 6681      0E629D15 
 6681      B0CE40AC 
 6681      73024B67 
 6681      04ACF3
 6682 04ab 01D6D900 		.ascii	"\001\326\331\000\353\\\200u&\300:\377\260\316>\226\316"
 6682      EB5C8075 
 6682      26C03AFF 
 6682      B0CE3E96 
 6682      CE
 6683 04bc 3D96CE3C 		.ascii	"=\226\316<\254\363\000\326Y\000\353\274c\351\034\200"
 6683      ACF300D6 
 6683      5900EBBC 
 6683      63E91C80 
 6684 04cc 75FEB2CE 		.ascii	"u\376\262\316:\254s\016\353\014\300\322\031\207u\276"
 6684      3AAC730E 
 6684      EB0CC0D2 
 6684      198775BE 
 6685 04dc 619D6D58 		.ascii	"a\235mX\347\032\326\231\306\322y\206u\226a\235cXg/\353"
 6685      E71AD699 
 6685      C6D27986 
 6685      7596619D 
 6685      6358672F 
 6686 04f1 DCB57486 		.ascii	"\334\265t\206a\235_Xg\027\326\271\205ufa\235WXg\025"
 6686      619D5F58 
 6686      6717D6B9 
 6686      85756661 
 6686      9D575867 
 6687 0506 D6398575 		.ascii	"\3269\205uFa\235\271\254\363\226u>a\235\265\254s\226"
 6687      46619DB9 
 6687      ACF39675 
 6687      3E619DB5 
 6687      AC7396
 6688 0519 7536619D 		.ascii	"u6a\235KXg,\353|e\235\255\226\316U\326\231\312:OYg\022"
ARM GAS  C:\Users\nicx5\AppData\Local\Temp\ccq4ftZ0.s 			page 262


 6688      4B58672C 
 6688      EB7C659D 
 6688      AD96CE55 
 6688      D699CA3A 
 6689 0531 D6B9699D 		.ascii	"\326\271i\235GXg)\353,\302:\207X:\203\260\316\037\254"
 6689      47586729 
 6689      EB2CC23A 
 6689      87583A83 
 6689      B0CE1FAC 
 6690 0545 73947566 		.ascii	"s\224ufZg(\353\354\301:?Yg'\353\334\301:s\260\316\033"
 6690      5A6728EB 
 6690      ECC13A3F 
 6690      596727EB 
 6690      DCC13A73 
 6691 055c AC739375 		.ascii	"\254s\223u\326`\235\231\254\363\222uV\262\316\031\254"
 6691      D6609D99 
 6691      ACF39275 
 6691      56B2CE19 
 6691      AC
 6692 056d 73D2D219 		.ascii	"s\322\322\031\311:\037Yg\014\326\331\310:_\260\316\026"
 6692      C93A1F59 
 6692      670CD6D9 
 6692      C83A5FB0 
 6692      CE16
 6693 057f AC739175 		.ascii	"\254s\221u\256`\235\211\226\316\326:/\255\363j\235\225"
 6693      AE609D89 
 6693      96CED63A 
 6693      2FADF36A 
 6693      9D95
 6694 0591 D659B5CE 		.ascii	"\326Y\265\316\037\034\345\231&\257\036\312VG\367\206"
 6694      1F1CE599 
 6694      26AF1ECA 
 6694      5647F786 
 6695 05a1 BDD5BFE0 		.ascii	"\275\325\277\340\233\2256B\322k\365P\036\221\350\207"
 6695      9B953642 
 6695      D26BF550 
 6695      1E91E887 
 6696 05b1 AAA57C13 		.ascii	"\252\245|\023\314\037\304\251\216\373\260\217\003\244"
 6696      CC1FC4A9 
 6696      8EFBB08F 
 6696      03A4
 6697 05bf 23B91856 		.ascii	"#\271\030V%e\320\314\227\024I2D\322\330\235I>?T\201"
 6697      2565D0CC 
 6697      97144932 
 6697      44D2D89D 
 6697      493E3F54 
 6698 05d4 C6A17A68 		.ascii	"\306\241zh\\\006\202_\310\246\342\276yv(\262O\261\316"
 6698      5C06825F 
 6698      C8A6E2BE 
 6698      797628B2 
 6698      4FB1CE
 6699 05e7 98A9251E 		.ascii	"\230\251%\036\255=Y\360\220x(\257\320'\212\214\323l"
 6699      AD3D59F0 
 6699      907828AF 
 6699      D0278A8C 
 6699      D36C
 6700 05f9 E8AFCF48 		.ascii	"\350\257\317H8#B\264\264k\344\021Q\365D\210|\325{E\245"
ARM GAS  C:\Users\nicx5\AppData\Local\Temp\ccq4ftZ0.s 			page 263


 6700      382342B4 
 6700      B46BE411 
 6700      51F54488 
 6700      7CD57B45 
 6701 060e 1A8B9FBD 		.ascii	"\032\213\237\275+\"\252\276\345\3708\304'\312w\233\216"
 6701      2B22AABE 
 6701      E5F838C4 
 6701      27CA779B 
 6701      8E
 6702 061f F21E6977 		.ascii	"\362\036iw\250LC\371\2166S\203W=\263\214\206\302\006"
 6702      A84C43F9 
 6702      8E365383 
 6702      573DB38C 
 6702      86C206
 6703 0632 4990CFAB 		.ascii	"I\220\317\253\372 \207\304\204\240\372>*=\365T\316\301"
 6703      FA2087C4 
 6703      84A0FA3E 
 6703      2A3DF554 
 6703      CEC1
 6704 0644 D4A32408 		.ascii	"\324\243$\010\022\315'\341j\232\217\202>\214\3705\321"
 6704      12CD27E1 
 6704      6A9A8F82 
 6704      3E8CF835 
 6704      D1
 6705 0655 D3B4DA8F 		.ascii	"\323\264\332\217\370\026\254\262gK\224\32475\272a\034"
 6705      F816ACB2 
 6705      674B94D4 
 6705      3735BA61 
 6705      1C
 6706 0666 0C4C94FA 		.ascii	"\014L\224\372\245*{\2660E\374\232\350\032\264\332\213"
 6706      A52A7BB6 
 6706      3045FC9A 
 6706      E81AB4DA 
 6706      8B
 6707 0677 78B58C18 		.ascii	"x\265\214\030\250\020\314\020\217|<X\350\346zf\215\317"
 6707      A810CC10 
 6707      8F7C3C58 
 6707      E8E67A66 
 6707      8DCF
 6708 0689 CD8078D4 		.ascii	"\315\200x\324\243QH\320\323\207'\343^:\352?\330p1QO"
 6708      A35148D0 
 6708      D38727E3 
 6708      5E3AEA3F 
 6708      D8703151 
 6709 069e 04C90C03 		.ascii	"\004\311\014\003\365\314'\024\241E'\017\017\246\273"
 6709      F5CC2714 
 6709      A145270F 
 6709      0FA6BB
 6710 06ad B93EBD87 		.ascii	"\271>\275\207.O\216\204\320\250p\306\300ux(;\275\003"
 6710      2E4F8E84 
 6710      D0A870C6 
 6710      C0757828 
 6710      3BBD03
 6711 06c0 323BBCD3 		.ascii	"2;\274\323/\373d\320\341\257\236y\034~\213\344\264\233"
 6711      2FFB64D0 
 6711      E1AF9E79 
 6711      1C7E8BE4 
ARM GAS  C:\Users\nicx5\AppData\Local\Temp\ccq4ftZ0.s 			page 264


 6711      B49B
 6712 06d2 EB86E7F0 		.ascii	"\353\206\347\360\355X6<\221\037\241.M_\207a:\235\016"
 6712      ED58363C 
 6712      911FA12E 
 6712      4D5F8761 
 6712      3A9D0E
 6713 06e5 EAE6AAE1 		.ascii	"\352\346\252\341\233\302\034\003\015OD\307\321\020\221"
 6713      9BC21C03 
 6713      0D4F44C7 
 6713      D11091
 6714 06f4 9610E638 		.ascii	"\226\020\3468<\324\2334\323#\025\012\004\204\203\351"
 6714      3CD49B34 
 6714      D323150A 
 6714      048483E9 
 6715 0704 27B0FB33 		.ascii	"'\260\3733\216|\222\372\370\236\033\226\276\245J\277"
 6715      8E7C92FA 
 6715      F89E1B96 
 6715      BEA54ABF 
 6716 0714 F42DE673 		.ascii	"\364-\346s@\224\376\311\261L\212{o\323CYj\372\205i\355"
 6716      4094FEC9 
 6716      B14C8A7B 
 6716      6FD34359 
 6716      6AFA8569 
 6717 0729 A7BE180A 		.ascii	"\247\276\030\012\264\324\367\205d\370\226\303\177B>"
 6717      B4D4F785 
 6717      64F896C3 
 6717      7F423E
 6718 0738 C33F1A47 		.ascii	"\303?\032GG/R!\337\200\032\036:%\207\275\327\013\027"
 6718      472F5221 
 6718      DF801A1E 
 6718      3A2587BD 
 6718      D70B17
 6719 074b BBDC9233 		.ascii	"\273\334\2223_Ujk+\327~\216\361Q\354\373\257\243\330"
 6719      5F556A6B 
 6719      2BD77E8E 
 6719      F151ECFB 
 6719      AFA3D8
 6720 075e D8B11D36 		.ascii	"\330\261\0356\2109FAn\315]L\236\311\010:\303?L\017\275"
 6720      88394641 
 6720      6ECD5D4C 
 6720      9EC9083A 
 6720      C33F4C0F 
 6721 0773 FFB4E31D 		.ascii	"\377\264\343\035.E\017\020\262*\274\373S\317\2669F6"
 6721      2E450F10 
 6721      B22ABCFB 
 6721      53CFB639 
 6721      4636
 6722 0785 FED6FD4C 		.ascii	"\376\326\375L\230\320\317\036\335R\005D\016\247\354"
 6722      98D0CF1E 
 6722      DD520544 
 6722      0EA7EC
 6723 0794 E6FA843B 		.ascii	"\346\372\204;\217;af\305n-\016wI\264\262\241\317]n\317"
 6723      8F3B6166 
 6723      C56E2D0E 
 6723      7749B4B2 
 6723      A1CF5D6E 
 6724 07a9 A6F450E6 		.ascii	"\246\364P\346\201\324\322\266Q\227\204\364b\037\307"
ARM GAS  C:\Users\nicx5\AppData\Local\Temp\ccq4ftZ0.s 			page 265


 6724      81D4D2B6 
 6724      519784F4 
 6724      621FC7
 6725 07b8 8FF45E76 		.ascii	"\217\364^v2<\024q\217\3560\351\237$4\322\267\364\214"
 6725      323C1471 
 6725      8FEE30E9 
 6725      9F2434D2 
 6725      B7F48C
 6726 07cb 910BD243 		.ascii	"\221\013\322CY"
 6726      59
 6727 07d0 C99AF448 		.ascii	"\311\232\364H\321\300D\015\216\364\314=~x\303%\275\263"
 6727      D1C0440D 
 6727      8EF4CC3D 
 6727      7E78C325 
 6727      BDB3
 6728 07e2 21D980E7 		.ascii	"!\331\200\347\304C\372\015O?\266\305\243#\277*\206?"
 6728      C443FA0D 
 6728      4F3FB6C5 
 6728      A323BF2A 
 6728      863F
 6729 07f4 92C41008 		.ascii	"\222\304\020\010\015\012\367^\014F\275\330\027\336\310"
 6729      0D0AF75E 
 6729      0C46BDD8 
 6729      17DEC8
 6730 0803 D08540CF 		.ascii	"\320\205@\317=\323\351\324\310\302\257y:\262\325\336"
 6730      3DD3E9D4 
 6730      C8C2AF79 
 6730      3AB2D5DE 
 6731 0813 C2779B0B 		.ascii	"\302w\233\013E\337\304\350\006\204G[\364KU\322L\337"
 6731      45DFC4E8 
 6731      0684475B 
 6731      F44B55D2 
 6731      4CDF
 6732 0825 42855FF3 		.ascii	"B\205_\363@\266\332Wx\265L\224\242\2072\221J\364\312"
 6732      40B6DA57 
 6732      78B54C94 
 6732      A2873291 
 6732      4AF4CA
 6733 0838 C548E9AD 		.ascii	"\305H\351\255\360h\204\314\221\220}\"?\266E\023\224"
 6733      F06884CC 
 6733      91907D22 
 6733      3FB64513 
 6733      94
 6734 0849 3CC9331F 		.ascii	"<\3113\037\220\2007\0343\233\274\033\373XTC\264\374"
 6734      9080371C 
 6734      339BBC1B 
 6734      FB585443 
 6734      B4FC
 6735 085b C6866B3C 		.ascii	"\306\206k<\272\335\\\003\314\300U\330\0200\347\003\017"
 6735      BADD5C03 
 6735      CCC055D8 
 6735      1030E703 
 6735      0F
 6736 086c 18C17122 		.ascii	"\030\301q\"\200\035__;d8\325\322d\314\360\262Pv\244"
 6736      801D5F5F 
 6736      3B6438D5 
 6736      D264CCF0 
ARM GAS  C:\Users\nicx5\AppData\Local\Temp\ccq4ftZ0.s 			page 266


 6736      B25076A4 
 6737 0880 AC4CCC69 		.ascii	"\254L\314i\004\255\254L,\202#\027\312\314\312\304\310"
 6737      04ADAC4C 
 6737      2C822317 
 6737      CACCCAC4 
 6737      C8
 6738 0891 960D1821 		.ascii	"\226\015\030!;+\003;3s&1s\212\205\225\241\0351s\226"
 6738      3B2B033B 
 6738      33732631 
 6738      738A8595 
 6738      A11D3173 
 6739 08a6 898D8D91 		.ascii	"\211\215\215\221\225\2359\315\310\234cbe\316\260!`R"
 6739      959D39CD 
 6739      C89C6362 
 6739      65CEB021 
 6739      6052
 6740 08b8 656344C2 		.ascii	"ecD\302l\231\330\231\031\330\227S\306\014/\010\212\234"
 6740      6C99D899 
 6740      19D89753 
 6740      C60C2F08 
 6740      8A9C
 6741 08ca 5D182323 		.ascii	"]\030##b\344H\230Sl\310\221\"dg\017\240\025qBP\344L"
 6741      62E44898 
 6741      536CC891 
 6741      2264670F 
 6741      A0157142 
 6742 08e1 89B34A6C 		.ascii	"\211\263Jl\201\011Q!\004\305\325S\330\0200\006T\016"
 6742      81095121 
 6742      04C5D553 
 6742      D8103006 
 6742      540E
 6743 08f3 BB0A1B02 		.ascii	"\273\012\033\002\346|\000\214\001\006\262\264\212\234"
 6743      E67C008C 
 6743      0106B2B4 
 6743      8A9C
 6744 0901 99618595 		.ascii	"\231a\205\225\365\300r\352\360\272\341LKCq\003\313\254"
 6744      F5C072EA 
 6744      F0BAE14C 
 6744      4B437103 
 6744      CBAC
 6745 0913 4C2C02B2 		.ascii	"L,\002\262\262\031[\234v$\306\015 YZ_>z\0001s\240\354"
 6745      B2195B9C 
 6745      7624C60D 
 6745      20595A5F 
 6745      3E7A0031 
 6746 092a 48014056 		.ascii	"H\001@V\320Pb\346?\266V\357?y\251\016\240\021\330\376"
 6746      D05062E6 
 6746      3FB656EF 
 6746      3F79A90E 
 6746      A011D8FE 
 6747 093e 4D0D804C 		.ascii	"M\015\200L\035>\351\2553\263d\315\353\201\325\261[`"
 6747      1D3EE9AD 
 6747      33B364CD 
 6747      EB81D5B1 
 6747      5B60
 6748 0950 4C643B7F 		.ascii	"Ld;\177\201<'\035\307 \017m\005>\310\203Q\200\316\011"
 6748      813C271D 
ARM GAS  C:\Users\nicx5\AppData\Local\Temp\ccq4ftZ0.s 			page 267


 6748      C7200F6D 
 6748      053EC883 
 6748      5180CE09 
 6749 0964 5F407E6D 		.ascii	"_@~mT{ \257\226\351\363{/\023\035\011|]\247}\002t\372"
 6749      547B20AF 
 6749      96E9F37B 
 6749      2F131D09 
 6749      7C5DA77D 
 6750 097b A457CDD1 		.ascii	"\244W\315\321\213^\012\237\013\002u\350\210\001\240"
 6750      8B5E0A9F 
 6750      0B0275E8 
 6750      8801A0
 6751 098a 0C1CC803 		.ascii	"\014\034\310\003\336\316\200?\340\265\030\000G\257\200"
 6751      DECE803F 
 6751      E0B51800 
 6751      47AF80
 6752 0999 C742C017 		.ascii	"\307B\300\027\360t\004<\221\023\202\343\3050n\014\034"
 6752      F074043C 
 6752      911382E3 
 6752      C5306E0C 
 6752      1C
 6753 09aa 8E1FDFCD 		.ascii	"\216\037\337\315\325\307\377x\"4;\376\202;d>\276\305"
 6753      D5C7FF78 
 6753      22343BFE 
 6753      823B643E 
 6753      BEC5
 6754 09bc 5C8F9F42 		.ascii	"\\\217\237Bd#\2757htb\367\340\0065\032P\217}\\\336#"
 6754      6423BD37 
 6754      687462F7 
 6754      E006351A 
 6754      508F7D5C 
 6755 09d2 F9C992C7 		.ascii	"\371\311\222\307(5\204\302\337\033\346;o\016;\177\212"
 6755      283584C2 
 6755      DF1BE63B 
 6755      6F0E3B7F 
 6755      8A
 6756 09e3 1E188799 		.ascii	"\036\030\207\231\323RY\242j\344t\227c\226\250^\341\011"
 6756      D35259A2 
 6756      6AE47497 
 6756      6396A85E 
 6756      E109
 6757 09f5 83C6BEE3 		.ascii	"\203\306\276\343\330Xb\254CS\203\307\213\210z`sR\205"
 6757      D85862AC 
 6757      435383C7 
 6757      8B887A60 
 6757      735285
 6758 0a08 464B9BC7 		.ascii	"FK\233\307wb\034\2177\340\351\307f\301\241\344\014\264"
 6758      77621C8F 
 6758      37E0E9C7 
 6758      66C1A1E4 
 6758      0CB4
 6759 0a1a C3C53A7C 		.ascii	"\303\305:|\270(\312\030`\357\243(\241\302\34354_\301"
 6759      B828CA18 
 6759      60EFA328 
 6759      A1C2E335 
 6759      345FC1
 6760 0a2d 5A9A563E 		.ascii	"Z\232V>\015\360TO?\266\303\275\030\002\374*G\355\005"
ARM GAS  C:\Users\nicx5\AppData\Local\Temp\ccq4ftZ0.s 			page 268


 6760      0DF0544F 
 6760      3FB6C3BD 
 6760      1802FC2A 
 6760      47ED05
 6761 0a40 782C49AF 		.ascii	"x,I\257\035i\277\303PPWO\302I\377I\000\206#\2501\324"
 6761      1D69BFC3 
 6761      5050574F 
 6761      C249FF49 
 6761      008623A8 
 6762 0a56 FB7AB723 		.ascii	"\373z\267#\035\377\365l:\006\015\301\310\361\253T\355"
 6762      1DFFF56C 
 6762      3A060DC1 
 6762      C8F1AB54 
 6762      ED
 6763 0a67 73BC00A0 		.ascii	"s\274\000\240';\355\001\030\\t\201\347\257\342$\216"
 6763      273BED01 
 6763      185C7481 
 6763      E7AFE224 
 6763      8E
 6764 0a78 C1351C0C 		.ascii	"\3015\034\014\346\3350dm\374\015H\033\321\307\0265~"
 6764      E6DD3064 
 6764      6DFC0D48 
 6764      1BD1C716 
 6764      357E
 6765 0a8a 95AA7D0D 		.ascii	"\225\252}\015\0264\034O\247=\215(\240_QhI!\307\031Q"
 6765      16341C4F 
 6765      A73D8D28 
 6765      A05F5168 
 6765      4921C719 
 6766 0a9f BE3E6514 		.ascii	"\276>e\024O\206\240\030/#P\214\037\202\203\230N\037"
 6766      4F86A018 
 6766      2F23508C 
 6766      1F828398 
 6766      4E1F
 6767 0ab1 1F9E0AAF 		.ascii	"\037\236\012\257_\245\256\330j\357\365j\231,)\036\312"
 6767      5FA5AED8 
 6767      6AEFF56A 
 6767      992C291E 
 6767      CA
 6768 0ac2 5D5DAFB4 		.ascii	"]]\257\264`K\260\017\212\021\272\271&^7\001\206R\360"
 6768      604BB00F 
 6768      8A11BAB9 
 6768      265E3701 
 6768      8652F0
 6769 0ad5 CC1A9B1F 		.ascii	"\314\032\233\037\202^\270^\364q\361/Hp\241l\323\245"
 6769      825EB85E 
 6769      F471F12F 
 6769      4870A16C 
 6769      D3A5
 6770 0ae7 051F16DF 		.ascii	"\005\037\026\337b\017\213\310\255\025/\202\212_\001"
 6770      620F8BC8 
 6770      AD152F82 
 6770      8A5F01
 6771 0af6 820AE5DC 		.ascii	"\202\012\345\334\224\217\0132\364s\"\305\273\034G\361"
 6771      948F0B32 
 6771      F47322C5 
 6771      BB1C47F1 
ARM GAS  C:\Users\nicx5\AppData\Local\Temp\ccq4ftZ0.s 			page 269


 6772 0b06 299EC8ED 		.ascii	")\236\310\355\016\212O1\345\343\262\263g\353\271\276"
 6772      0E8A4F31 
 6772      E5E3B2B3 
 6772      67EBB9BE 
 6773 0b16 DFACCCD9 		.ascii	"\337\254\314\331\232\352}\234-\335\\\265\376\004\242"
 6773      9AEA7D9C 
 6773      2DDD5CB5 
 6773      FE04A2
 6774 0b25 D6148C92 		.ascii	"\326\024\214\222\004\272C\255\254O\212ze}{\2413\031"
 6774      04BA43AD 
 6774      AC4F8A7A 
 6774      657D7BA1 
 6774      3319
 6775 0b37 5914DDA3 		.ascii	"Y\024\335\243\3132\361\335\330&\376\011\275Yi;3\011"
 6775      CB32F1DD 
 6775      D826FE09 
 6775      BD59693B 
 6775      3309
 6776 0b49 08C4BDD7 		.ascii	"\010\304\275\327D\211o)\326\227(\304\232|r\364\336["
 6776      44896F29 
 6776      D69728C4 
 6776      9A7C72F4 
 6776      DE5B
 6777 0b5b E2EAA128 		.ascii	"\342\352\241(04(\354\257\336h\316\243\0234\203\025\250"
 6777      303428EC 
 6777      AFDE68CE 
 6777      A3133483 
 6777      15A8
 6778 0b6d 023139D2 		.ascii	"\00219\3222\247\314\214\210\210$)H\322\030\302\013\020"
 6778      32A7CC8C 
 6778      88882429 
 6778      48D218C2 
 6778      0B10
 6779 0b7f 86224952 		.ascii	"\206\"IRK\254\007\022@c)F\245\230)\022\011D\304\222"
 6779      4BAC0712 
 6779      40632946 
 6779      A5982912 
 6779      0944C492 
 6780 0b93 92A40320 		.ascii	"\222\244\003 \010\014p\325k\353+a\245>\003\251\246\215"
 6780      080C70D5 
 6780      6BEB2B61 
 6780      A53E03A9 
 6780      A68D
 6781 0ba5 E1D37443 		.ascii	"\341\323tC\310\215\307lW\371\232\341e\204W`\035S/\345"
 6781      C88DC76C 
 6781      57F99AE1 
 6781      65845760 
 6781      1D532FE5 
 6782 0bb9 B3B65DC4 		.ascii	"\263\266]\304\005\036\226\244n`Q\2633\365\2046v\012"
 6782      051E96A4 
 6782      6E6051B3 
 6782      33F58436 
 6782      760A
 6783 0bcb 9F17436D 		.ascii	"\237\027Cm)P\272\363`\317h\015\354\373\015s\005\371"
 6783      2950BAF3 
 6783      60CF680D 
 6783      ECFB0D73 
ARM GAS  C:\Users\nicx5\AppData\Local\Temp\ccq4ftZ0.s 			page 270


 6783      05F9
 6784 0bdd 41EDBC4A 		.ascii	"A\355\274J\247\000'\037\270\256I\334\331\\%\332\255"
 6784      A700271F 
 6784      B8AE49DC 
 6784      D95C25DA 
 6784      AD
 6785 0bee 5D9175A1 		.ascii	"]\221u\241\225\266\320\230\217\331\356M>\312WJL\026"
 6785      95B6D098 
 6785      8FD9EE4D 
 6785      3ECA574A 
 6785      4C16
 6786 0c00 249AD77C 		.ascii	"$\232\327|?\273\206f\263\322EFf\300'\214:\307\221E_"
 6786      3FBB8666 
 6786      B3D24546 
 6786      66C0278C 
 6786      3AC79145 
 6787 0c15 DB057F50 		.ascii	"\333\005\177P\201\006\2203\354I\205\365;%\212\264\225"
 6787      81069033 
 6787      EC4985F5 
 6787      3B258AB4 
 6787      95
 6788 0c26 08884884 		.ascii	"\010\210H\204\204\011T;\333\006due\036E\364/\253S\003"
 6788      8409543B 
 6788      DB066475 
 6788      651E45F4 
 6788      2FAB5303 
 6789 0c3a 42EB70BC 		.ascii	"B\353p\274\240\024\242\341gi\313\235m(-\235s\256\326"
 6789      A014A2E1 
 6789      6769CB9D 
 6789      6D282D9D 
 6789      73AED6
 6790 0c4d ACEDC8DE 		.ascii	"\254\355\310\336WY1\255#P\222\353\310\215J7\303\360"
 6790      575931AD 
 6790      235092EB 
 6790      C88D4A37 
 6790      C3F0
 6791 0c5f C2DA9915 		.ascii	"\302\332\231\025\271\210(\337\2125g\311l\307<\304\027"
 6791      B98828DF 
 6791      8A3567C9 
 6791      6CC73CC4 
 6791      17
 6792 0c70 7D387D2B 		.ascii	"}8}+\007\034m\307:\365\234.\315\332\226\207(%Z\036\326"
 6792      071C6DC7 
 6792      3AF59C2E 
 6792      CDDA9687 
 6792      28255A1E 
 6793 0c85 3F8E64F0 		.ascii	"?\216d\360\242\372\230\324w\304\203\000\330@C\277\231"
 6793      A2FA98D4 
 6793      77C48300 
 6793      D84043BF 
 6793      99
 6794 0c96 4F3BE4D2 		.ascii	"O;\344\322\244\215&E\201\325\225\333\250\240\321\305"
 6794      A48D2645 
 6794      81D595DB 
 6794      A8A0D1C5 
 6795 0ca6 B34C00DF 		.ascii	"\263L\000\337\207r\231{\227\036\227\330,\347\004\020"
 6795      8772997B 
ARM GAS  C:\Users\nicx5\AppData\Local\Temp\ccq4ftZ0.s 			page 271


 6795      971E97D8 
 6795      2CE70410 
 6796 0cb6 C3C22C67 		.ascii	"\303\302,g\267h\000\200eF\271\220\250_\261\031ger\242"
 6796      B7680080 
 6796      6546B990 
 6796      A85FB119 
 6796      676572A2 
 6797 0cca 69215538 		.ascii	"i!U8\260\277\360a\215\207\345\274\217\000\033\026\034"
 6797      B0BFF061 
 6797      8D87E5BC 
 6797      8F001B16 
 6797      1C
 6798 0cdb 46E49B8D 		.ascii	"F\344\233\215\213\271\353\323\264\001\370\326\370\215"
 6798      8BB9EBD3 
 6798      B401F8D6 
 6798      F88D
 6799 0ce9 B620BF98 		.ascii	"\266 \277\230\2556/\2204\350fB\320&\221\234\025U$om"
 6799      AD362F90 
 6799      34E86642 
 6799      D026919C 
 6799      1555246F 
 6800 0cfe 73243C11 		.ascii	"s$<\021$2\360i;$\204\243\313\250\313j)-\033r\377vg\203"
 6800      2432F069 
 6800      3B2484A3 
 6800      CBA8CB6A 
 6800      292D1B72 
 6801 0d16 0B900350 		.ascii	"\013\220\003P\200~\377 \206>\327 \320nY!w\3026#\246"
 6801      807EFF20 
 6801      863ED720 
 6801      D06E5921 
 6801      77C23623 
 6802 0d2b 366D5751 		.ascii	"6mWQ0\310F\256zB\262\024\015!u\337\224Uv1+\200\234\243"
 6802      30C846AE 
 6802      7A42B214 
 6802      0D2175DF 
 6802      94557631 
 6803 0d43 66DC3FFA 		.ascii	"f\334?\372\004(\313_\036\027\276\200\242\340\276\216"
 6803      0428CB5F 
 6803      1E17BE80 
 6803      A2E0BE8E 
 6804 0d53 C383EC55 		.ascii	"\303\203\354U\240\353A\027\22448\366\2733\312\265\370"
 6804      A0EB4117 
 6804      943438F6 
 6804      BB33CAB5 
 6804      F8
 6805 0d64 56E3DA4D 		.ascii	"V\343\332M\361A\325\335\016\003\030\177\270<\315\015"
 6805      F141D5DD 
 6805      0E03187F 
 6805      B83CCD0D 
 6806 0d74 58959AA8 		.ascii	"X\225\232\250\260@\225\216@T.\204\245\317\233q&\243"
 6806      B040958E 
 6806      40542E84 
 6806      A5CF9B71 
 6806      26A3
 6807 0d86 C553E493 		.ascii	"\305S\344\223\344d\220ad\235\266\014\006\237\371\010"
 6807      E4649061 
 6807      649DB60C 
ARM GAS  C:\Users\nicx5\AppData\Local\Temp\ccq4ftZ0.s 			page 272


 6807      069FF908 
 6808 0d96 EE000B90 		.ascii	"\356\000\013\220\265e\347\267I\302t\254\342r3\364\304"
 6808      B565E7B7 
 6808      49C274AC 
 6808      E27233F4 
 6808      C4
 6809 0da7 48D2036E 		.ascii	"H\322\003n\347\013}\264\235\267\343]\200\020\277\005"
 6809      E70B7DB4 
 6809      9DB7E35D 
 6809      8010BF05 
 6810 0db7 AF127979 		.ascii	"\257\022yy\373\321\361T_\256\371tt\340\234\006\0351"
 6810      FBD1F154 
 6810      5FAEF974 
 6810      74E09C06 
 6810      1D31
 6811 0dc9 CBD8C591 		.ascii	"\313\330\305\221@G\030>\231\354\037cS(\346\232q\211"
 6811      4047183E 
 6811      99EC1F63 
 6811      5328E69A 
 6811      7189
 6812 0ddb 65E5A282 		.ascii	"e\345\242\202\0248~*\314\033\301\252;\201\033\265\006"
 6812      14387E2A 
 6812      CC1BC1AA 
 6812      3B811BB5 
 6812      06
 6813 0dec 6CCEF617 		.ascii	"l\316\366\027\007\311\"\246\264\375\203\"M\347\025\344"
 6813      07C922A6 
 6813      B4FD8322 
 6813      4DE715E4 
 6814 0dfc C5249C01 		.ascii	"\305$\234\001\212\372\020\256\003\017,j\015\356}$i\300"
 6814      8AFA10AE 
 6814      030F2C6A 
 6814      0DEE7D24 
 6814      69C0
 6815 0e0e 81970018 		.ascii	"\201\227\000\030\252\365\312\012,\267\035\022\360\270"
 6815      AAF5CA0A 
 6815      2CB71D12 
 6815      F0B8
 6816 0e1c 44D62CFD 		.ascii	"D\326,\375\262\"\033\200\361\353\220\326C\213\310y\032"
 6816      B2221B80 
 6816      F1EB90D6 
 6816      438BC879 
 6816      1A
 6817 0e2d 22265AB2 		.ascii	"\"&Z\262oCe\223c\332\245\324\011\013q\267\252\301\340"
 6817      6F436593 
 6817      63DAA5D4 
 6817      090B71B7 
 6817      AAC1E0
 6818 0e40 104A717D 		.ascii	"\020Jq}\371x,oX\222\240$\376\005Y\217\202p\306\206\373"
 6818      F9782C6F 
 6818      5892A024 
 6818      FE05598F 
 6818      8270C686 
 6819 0e55 40660513 		.ascii	"@f\005\023X\262\246\233EA\263x\2235\014G\314\342\302"
 6819      58B2A69B 
 6819      4541B378 
 6819      93350C47 
ARM GAS  C:\Users\nicx5\AppData\Local\Temp\ccq4ftZ0.s 			page 273


 6819      CCE2C2
 6820 0e68 07495015 		.ascii	"\007IP\025^\266\\b\363\351\004-\224\243\356j\300c\224"
 6820      5EB65C62 
 6820      F3E9042D 
 6820      94A3EE6A 
 6820      C06394
 6821 0e7b 6F31B9CD 		.ascii	"o1\271\315\274\016\360b^\266eak\314s\012\236\203\273"
 6821      BC0EF062 
 6821      5EB66561 
 6821      6BCC730A 
 6821      9E83BB
 6822 0e8e 1808C556 		.ascii	"\030\010\305V\222\371T\023\030`\260\222\275\032\326"
 6822      92F95413 
 6822      1860B092 
 6822      BD1AD6
 6823 0e9d 7A6902A0 		.ascii	"zi\002\2401\372\035\036\211\3223C\242\225\201kh!\003"
 6823      31FA1D1E 
 6823      89D23343 
 6823      A295816B 
 6823      682103
 6824 0eb0 1263548C 		.ascii	"\022cT\214\300:N\222\247*\275vg\325\206\213Y\274\264"
 6824      C03A4E92 
 6824      A72ABD76 
 6824      67D5868B 
 6824      59BCB4
 6825 0ec3 53CBC855 		.ascii	"S\313\310UbX\234-{1\261U\214j\300\002\327\224\357i5"
 6825      62589C2D 
 6825      7B31B155 
 6825      8C6AC002 
 6825      D794EF69 
 6826 0ed8 2D07F7B4 		.ascii	"-\007\367\264\232\216\262?j6Q\327\357\323\275@\233\362"
 6826      9A8EB23F 
 6826      6A3651D7 
 6826      EFD3BD40 
 6826      9BF2
 6827 0eea 57D80896 		.ascii	"W\330\010\226+\242^-\254\320\304\375VK@R\212!\237X\306"
 6827      2BA25E2D 
 6827      ACD0C4FD 
 6827      564B4052 
 6827      8A219F58 
 6828 0eff 72E19221 		.ascii	"r\341\222!\314\357\301'#\335\241`!\205\221\"\266\344"
 6828      CCEFC127 
 6828      23DDA160 
 6828      21859122 
 6828      B6E4
 6829 0f11 B9D10357 		.ascii	"\271\321\003WC\375\252\016y\006\373c6''\320\251\312"
 6829      43FDAA0E 
 6829      7906FB63 
 6829      362727D0 
 6829      A9CA
 6830 0f23 09E152E5 		.ascii	"\011\341R\345X\342\212\247$\367\026\334vH\245Cz\011"
 6830      58E28AA7 
 6830      24F716DC 
 6830      7648A543 
 6830      7A09
 6831 0f35 0C08CE3E 		.ascii	"\014\010\316>\321WK]\301?\\\244\211\030Z\375A\356\220"
 6831      D1574B5D 
ARM GAS  C:\Users\nicx5\AppData\Local\Temp\ccq4ftZ0.s 			page 274


 6831      C13F5CA4 
 6831      89185AFD 
 6831      41EE90
 6832 0f48 80FB72E7 		.ascii	"\200\373r\347\027\250`\332\272\013pm3\374\247\337\237"
 6832      17A860DA 
 6832      BA0B706D 
 6832      33FCA7DF 
 6832      9F
 6833 0f59 65E6D145 		.ascii	"e\346\321EY\307\331)\003\022\323\250uca\315\375\377"
 6833      59C7D929 
 6833      0312D3A8 
 6833      756361CD 
 6833      FDFF
 6834 0f6b B4103378 		.ascii	"\264\0203x\025E\241\220\322\341h!\232\260-\304\364\210"
 6834      1545A190 
 6834      D2E16821 
 6834      9AB02DC4 
 6834      F488
 6835 0f7d 00C249CC 		.ascii	"\000\302I\314\365\016d\231\012B\271\247v6Qx\272\234"
 6835      F50E6499 
 6835      0A42B9A7 
 6835      76365178 
 6835      BA9C
 6836 0f8f AFD4D151 		.ascii	"\257\324\321Q\237\372\312\344\012,\2570\014\305\001"
 6836      9FFACAE4 
 6836      0A2CAF30 
 6836      0CC501
 6837 0f9e 8020     		.ascii	"\200 "
 6838 0fa0 EAC8B212 		.ascii	"\352\310\262\022L\274\212\225\305X\365\302\350\223\006"
 6838      4CBC8A95 
 6838      C558F5C2 
 6838      E89306
 6839 0faf 92C8769B 		.ascii	"\222\310v\233/;\201\231Z\000\306\217{s\023\363b\324"
 6839      2F3B8199 
 6839      5A00C68F 
 6839      7B7313F3 
 6839      62D4
 6840 0fc1 C5DC1C84 		.ascii	"\305\334\034\204/\323@\032\336*Ia\234b\327\257\253\016"
 6840      2FD3401A 
 6840      DE2A4961 
 6840      9C62D7AF 
 6840      AB0E
 6841 0fd3 681C9AD4 		.ascii	"h\034\232\324\274:}\200\010\357\224\374\007A\001#\205"
 6841      BC3A7D80 
 6841      08EF94FC 
 6841      07410123 
 6841      85
 6842 0fe4 19658C80 		.ascii	"\031e\214\200\270\026\2226\302\376\216\230\\\230\227"
 6842      B8169236 
 6842      C2FE8E98 
 6842      5C9897
 6843 0ff3 151264BF 		.ascii	"\025\022d\277d\250\004gO\340\007\336E\264\027\343g6"
 6843      64A80467 
 6843      4FE007DE 
 6843      45B417E3 
 6843      6736
 6844 1005 66260258 		.ascii	"f&\002X3\3421\342\261\244\302m\213!\327\034\2265\256"
ARM GAS  C:\Users\nicx5\AppData\Local\Temp\ccq4ftZ0.s 			page 275


 6844      33E231E2 
 6844      B1A4C26D 
 6844      8B21D71C 
 6844      9635AE
 6845 1018 2045CC3E 		.ascii	" E\314>\221\012\327\336dm\002\243^t\211\211\034\345"
 6845      910AD7DE 
 6845      646D02A3 
 6845      5E748989 
 6845      1CE5
 6846 102a CDFE8F08 		.ascii	"\315\376\217\010\311\232\260V,F\360WF]\213p\027C\000"
 6846      C99AB056 
 6846      2C46F057 
 6846      465D8B70 
 6846      174300
 6847 103d B4204293 		.ascii	"\264 B\223O\202m=\315\361>\254E)\013\373\365\014\022"
 6847      4F826D3D 
 6847      CDF13EAC 
 6847      45290BFB 
 6847      F50C12
 6848 1050 3DEC07A3 		.ascii	"=\354\007\243a9\000\347\267\037\011B;]c\377\215\252"
 6848      613900E7 
 6848      B71F0942 
 6848      3B5D63FF 
 6848      8DAA
 6849 1062 785B0D96 		.ascii	"x[\015\226\322\360\033\015\353X\370x\310\310\037\305"
 6849      D2F01B0D 
 6849      EB58F878 
 6849      C8C81FC5 
 6850 1072 D6F27A61 		.ascii	"\326\362za\271\370zl\246\355L\031\002\331K@\226-\240"
 6850      B9F87A6C 
 6850      A6ED4C19 
 6850      02D94B40 
 6850      962DA0
 6851 1085 B6DB375E 		.ascii	"\266\3337^A\354\356}\003\362\373\017\365\244\362Z\200"
 6851      41ECEE7D 
 6851      03F2FB0F 
 6851      F5A4F25A 
 6851      80
 6852 1096 4AF01783 		.ascii	"J\360\027\203\372K\310m\256\342\310\333\247\336\034"
 6852      FA4BC86D 
 6852      AEE2C8DB 
 6852      A7DE1C
 6853 10a5 1E10A067 		.ascii	"\036\020\240gz\333\242\010\210\005=\361\304+\205R\375"
 6853      7ADBA208 
 6853      88053DF1 
 6853      C42B8552 
 6853      FD
 6854 10b6 5AF0406B 		.ascii	"Z\360@ku\227\264\221\312Y\357j\274\223 \032\245\335"
 6854      7597B491 
 6854      CA59EF6A 
 6854      BC93201A 
 6854      A5DD
 6855 10c8 CF40CBB8 		.ascii	"\317@\313\270^Y\212Dg\012(\300\213&2\232\240\366_s\242"
 6855      5E598A44 
 6855      670A28C0 
 6855      8B26329A 
 6855      A0F65F73 
ARM GAS  C:\Users\nicx5\AppData\Local\Temp\ccq4ftZ0.s 			page 276


 6856 10dd 2C5EF8B6 		.ascii	",^\370\266c\000\200\304\030\360Z\202\365Ty&\207"
 6856      630080C4 
 6856      18F05A82 
 6856      F5547926 
 6856      87
 6857              		.text
 6858              		.section	.gnu.lto_HAL_ADC_ConvCpltCallback.349.1f3e1af6,"e",%progbits
 6859 0000 28B52FFD 		.ascii	"(\265/\375`<\000}\010\000\242\017<; \221\323\001\210"
 6859      603C007D 
 6859      0800A20F 
 6859      3C3B2091 
 6859      D30188
 6860 0013 95C05118 		.ascii	"\225\300Q\030[@\350\036J\315`X\010'f\030 3w\270<0i\010"
 6860      5B40E81E 
 6860      4ACD6058 
 6860      08276618 
 6860      203377B8 
 6861 002b EAC85823 		.ascii	"\352\310X#g\204\0121\260\235\013\344\313\200F\004Me"
 6861      67840A31 
 6861      B09D0BE4 
 6861      CB804604 
 6861      4D65
 6862 003d 268089D0 		.ascii	"&\200\211\320\036C\316H\310\3362\005\356\022<\321\244"
 6862      1E43CE48 
 6862      C8DE3205 
 6862      EE123CD1 
 6862      A4
 6863 004e 6012810C 		.ascii	"`\022\201\014\306\223Hj\036A\343I\014/D\222\354B\030"
 6863      C693486A 
 6863      1E41E349 
 6863      0C2F4492 
 6863      EC4218
 6864 0061 19286E34 		.ascii	"\031(n4K\\\010\321\360\205\251\224\350\343P&\205F\205"
 6864      4B5C08D1 
 6864      F085A994 
 6864      E8E35026 
 6864      854685
 6865 0074 E9E03955 		.ascii	"\351\3409U\216>\260\013\221$J \312\302,'\300\205\207"
 6865      8E3EB00B 
 6865      91244A20 
 6865      CAC22C27 
 6865      C08587
 6866 0087 02DBAF6F 		.ascii	"\002\333\257ou\331\023\223\221q\324\016{1\223\230\323"
 6866      75D91393 
 6866      9171D40E 
 6866      7B319398 
 6866      D3
 6867 0098 1BBF54B4 		.ascii	"\033\277T\264\212x\265\377wu\331\264C\302\262\002\323"
 6867      8A78B5FF 
 6867      7775D9B4 
 6867      43C2B202 
 6867      D3
 6868 00a9 B9FC2037 		.ascii	"\271\374 7\263\313\266\227\022\333\333\261?!\021K\355"
 6868      B3CBB697 
 6868      12DBDBB1 
 6868      3F21114B 
 6868      ED
ARM GAS  C:\Users\nicx5\AppData\Local\Temp\ccq4ftZ0.s 			page 277


 6869 00ba 3D599473 		.ascii	"=Y\224sS6<\360\333\324\300\376\027\202I\001\273}\326"
 6869      53363CF0 
 6869      DBD4C0FE 
 6869      17824901 
 6869      BB7DD6
 6870 00cd C3D94D5B 		.ascii	"\303\331M[\002\316n>m\232z\330U\243\231\226G\313\354"
 6870      02CE6E3E 
 6870      6D9A7AD8 
 6870      55A39996 
 6870      47CBEC
 6871 00e0 3F5747F6 		.ascii	"?WG\366\\zzWe\005V,\325R\000\206\377\246+Vk]\327\366"
 6871      5C7A7A57 
 6871      6505562C 
 6871      D5520086 
 6871      FFA62B56 
 6872 00f8 81EDD2F6 		.ascii	"\201\355\322\366G\012\000z\346\342\031|\3169\273y\337"
 6872      470A007A 
 6872      E6E2197C 
 6872      CE39BB79 
 6872      DF
 6873 0109 5033E242 		.ascii	"P3\342Bh\313 \326jt\270\313\213v\222\001"
 6873      68CB20D6 
 6873      6A74B8CB 
 6873      8B769201 
 6874              		.text
 6875              		.section	.gnu.lto_HAL_ADC_ConvHalfCpltCallback.350.1f3e1af6,"e",%progbits
 6876 0000 28B52FFD 		.ascii	"(\265/\375`<\000}\010\000\242\017<;0\217\323\001\000"
 6876      603C007D 
 6876      0800A20F 
 6876      3C3B308F 
 6876      D30100
 6877 0013 F5241919 		.ascii	"\365$\031\031>0!O\245\324v89wB\270\255\347\221\335G"
 6877      3E30214F 
 6877      A5D47638 
 6877      397742B8 
 6877      ADE791DD 
 6878 0028 C2419A93 		.ascii	"\302A\232\223\201\332\022j\215p\220\206<'\255\202K\376"
 6878      81DA126A 
 6878      8D709086 
 6878      3C27AD82 
 6878      4BFE
 6879 003a BD5C45D5 		.ascii	"\275\\E\325\241;\360\317\302\371\177\267\275e\012\327"
 6879      A13BF0CF 
 6879      C2F97FB7 
 6879      BD650AD7 
 6880 004a 10B6CF94 		.ascii	"\020\266\317\224`\012}\012\300\323\027b\007?\340\351"
 6880      600A7D0A 
 6880      C0D31762 
 6880      073FE0E9 
 6881 005a F32ABE30 		.ascii	"\363*\2760\324@\026\027d\006\216\245\314sX\340\274\262"
 6881      D4401617 
 6881      64068EA5 
 6881      CC7358E0 
 6881      BCB2
 6882 006c 0C711939 		.ascii	"\014q\0319J`L\214\014\333Kq\304u\032\210\004Q\352H\212"
 6882      4A604C8C 
 6882      0CDB4B71 
ARM GAS  C:\Users\nicx5\AppData\Local\Temp\ccq4ftZ0.s 			page 278


 6882      C4751A88 
 6882      0451EA48 
 6883 0081 518CE844 		.ascii	"Q\214\350D\015\004\377\321f\253z\207\345\322\322\260"
 6883      0D04FFD1 
 6883      66AB7A87 
 6883      E5D2D2B0 
 6884 0091 1BDF5823 		.ascii	"\033\337X#/]_G\317jC\316Xw\367\255\352\257\234U\212"
 6884      2F5D5F47 
 6884      CF6A43CE 
 6884      5877F7AD 
 6884      EAAF9C55 
 6885 00a6 4A8B88A4 		.ascii	"J\213\210\244\033\344\345\352\326eY\375g\316\357\341"
 6885      1BE4E5EA 
 6885      D66559FD 
 6885      67CEEFE1 
 6886 00b6 78E0FA73 		.ascii	"x\340\372s\011\233\230|\222q\201n\231\231\264\033=8"
 6886      099B987C 
 6886      9271816E 
 6886      9999B41B 
 6886      3D38
 6887 00c8 0980AF87 		.ascii	"\011\200\257\207;\032\276\030\017h\370\336\374cl\247"
 6887      3B1ABE18 
 6887      0F68F8DE 
 6887      FC636CA7 
 6888 00d8 7D8E6052 		.ascii	"}\216`R\217\025WwgV\204M\256\346\231Q8\000\225:\271"
 6888      8F155777 
 6888      6756844D 
 6888      AEE69951 
 6888      3800953A 
 6889 00ed 6E14BAFB 		.ascii	"n\024\272\373\025\225\352\340[\376o\360_\374\377\021"
 6889      1595EAE0 
 6889      5BFE6FF0 
 6889      5FFCFF11 
 6890 00fd 0A007AE6 		.ascii	"\012\000z\346\342\031|\3169\273y\337P3\342Bh\313 \326"
 6890      E2197CCE 
 6890      39BB79DF 
 6890      5033E242 
 6890      68CB20D6 
 6891 0111 6A74B8CB 		.ascii	"jt\270\313\213v\222\001"
 6891      8B769201 
 6892              		.text
 6893              		.section	.gnu.lto_HAL_ADC_LevelOutOfWindowCallback.351.1f3e1af6,"e",%progbits
 6894 0000 28B52FFD 		.ascii	"(\265/\375`<\000\215\010\000\302\217<; \221\323\001"
 6894      603C008D 
 6894      0800C28F 
 6894      3C3B2091 
 6894      D301
 6895 0012 C925D821 		.ascii	"\311%\330!\214\241\005\303Op8\216!j\200@\003\302\240"
 6895      8CA105C3 
 6895      4F70388E 
 6895      216A8040 
 6895      03C2A0
 6896 0025 6823EC10 		.ascii	"h#\354\020\312\000(\003\"%\031#T\210\201\355\\ _\006"
 6896      CA002803 
 6896      22251923 
 6896      548881ED 
 6896      5C205F06 
ARM GAS  C:\Users\nicx5\AppData\Local\Temp\ccq4ftZ0.s 			page 279


 6897 0039 3422682A 		.ascii	"4\"h*3\341\252;\367\000\037\212\332\336[\246\327\024"
 6897      33E1AA3B 
 6897      F7001F8A 
 6897      DADE5BA6 
 6897      D714
 6898 004b B6AFB450 		.ascii	"\266\257\264P\012}\012@\323\027\336\203\037\320\364"
 6898      0A7D0A40 
 6898      D317DE83 
 6898      1FD0F4
 6899 005a 79185F18 		.ascii	"y\030_\030j\240\014\0152\003GR\346E8p^Y\206\270\214"
 6899      6AA00C0D 
 6899      32034752 
 6899      E6453870 
 6899      5E5986B8 
 6900 006f 1C2B362C 		.ascii	"\034+6,\306\207\355\245(\342:\0154\232 u\344\305(Rt"
 6900      C687EDA5 
 6900      28E23A0D 
 6900      349A2075 
 6900      E4C52852 
 6901 0084 0C1004FF 		.ascii	"\014\020\004\377\323\346\333\026}\207\245ju\330\217"
 6901      D3E6DB16 
 6901      7D87A56A 
 6901      75D88F
 6902 0093 6F2C14A6 		.ascii	"o,\024\246\353\353\351Ym\311\371vw\337\242\177\345\240"
 6902      EBEBE959 
 6902      6DC9F976 
 6902      77DFA27F 
 6902      E5A0
 6903 00a5 D0B0BC1C 		.ascii	"\320\260\274\034\200t\223\274\\\335\302\\N\3763\347"
 6903      807493BC 
 6903      5CDDC25C 
 6903      4EFE33E7 
 6904 00b5 379891E0 		.ascii	"7\230\221\340\372s\012\253\230\274\302q=\035\342\221"
 6904      FA730AAB 
 6904      98BCC271 
 6904      3D1DE291 
 6905 00c5 5A75A709 		.ascii	"Zu\247\011\037\0050\346\341\316\206\261\313\003\033"
 6905      1F0530E6 
 6905      E1CE86B1 
 6905      CB031B
 6906 00d4 C66EFE32 		.ascii	"\306n\3762\266W}\212bjDZ\\\335\235Y\0236\271\232gV\261"
 6906      B6577D8A 
 6906      626A445A 
 6906      5CDD9D59 
 6906      1336B99A 
 6907 00eb C0097572 		.ascii	"\300\011ur\005h\350\356\327\023*\305\267\374\037\341"
 6907      0568E8EE 
 6907      D7132AC5 
 6907      B7FC1FE1 
 6908 00fb BFF87F24 		.ascii	"\277\370\177$\012\000z\346\342\031|\3169\276\2717z\206"
 6908      0A007AE6 
 6908      E2197CCE 
 6908      39BEB937 
 6908      7A86
 6909 010d E36C68CB 		.ascii	"\343lh\313 \326jt\270\313\213v\222\001"
 6909      20D66A74 
 6909      B8CB8B76 
ARM GAS  C:\Users\nicx5\AppData\Local\Temp\ccq4ftZ0.s 			page 280


 6909      9201
 6910              		.text
 6911              		.section	.gnu.lto_HAL_ADC_ErrorCallback.352.1f3e1af6,"e",%progbits
 6912 0000 28B52FFD 		.ascii	"(\265/\375`<\000\215\010\000\302\217<; \221\323\001"
 6912      603C008D 
 6912      0800C28F 
 6912      3C3B2091 
 6912      D301
 6913 0012 88B1B010 		.ascii	"\210\261\260\0200n\264\300\025\006\013H1\003\234\220"
 6913      306EB4C0 
 6913      15060B48 
 6913      31039C90 
 6914 0022 E04030FF 		.ascii	"\340@0\377\030\2541i\010\352\300H#g\204\0121\260\235"
 6914      18AC3169 
 6914      08EAC048 
 6914      2367840A 
 6914      31B09D
 6915 0035 0BE4CB80 		.ascii	"\013\344\313\200F\004M\245\006\230_\024J\223\221\237"
 6915      46044DA5 
 6915      06985F14 
 6915      4A93919F 
 6916 0045 B4BD650A 		.ascii	"\264\275e\012\366\030\276\321\324`\022\201\014\310\323"
 6916      F618BED1 
 6916      D4601281 
 6916      0CC8D3
 6917 0054 586E2641 		.ascii	"Xn&A\344i\0245\306\262\364B\033\034\251\2164K\2358\001"
 6917      E4691435 
 6917      C6B2F442 
 6917      1B1CA98E 
 6917      344B9D38 
 6918 0069 018A2A95 		.ascii	"\001\212*\225\010\354R\346E\007\206\031\361Y\205\032"
 6918      08EC52E6 
 6918      45078619 
 6918      F159851A 
 6919 0079 81A11722 		.ascii	"\201\241\027\"U\224\302T\206\211\262\010\035$\012l\303"
 6919      5594C254 
 6919      8689B208 
 6919      1D240A6C 
 6919      C3
 6920 008a BEDBABCB 		.ascii	"\276\333\253\313\037\031\316\354\243\202\370\223\315"
 6920      1F19CEEC 
 6920      A382F893 
 6920      CD
 6921 0097 D09CD60C 		.ascii	"\320\234\326\014[\321Z\342\335\376\337\325eS\317\253"
 6921      5BD15AE2 
 6921      DDFEDFD5 
 6921      6553CFAB 
 6922 00a7 662546A1 		.ascii	"f%F\241\345'\251\321>\343^Nl\257\307>p\241Xj/\312\276"
 6922      E527A9D1 
 6922      3EE35E4E 
 6922      6CAFC73E 
 6922      70A1586A 
 6923 00be CE4DF1F0 		.ascii	"\316M\361\360\300\237#\023\373a\013&\005,\207\260\237"
 6923      C09F2313 
 6923      FB610B26 
 6923      052C87B0 
 6923      9F
ARM GAS  C:\Users\nicx5\AppData\Local\Temp\ccq4ftZ0.s 			page 281


 6924 00cf CE72DB12 		.ascii	"\316r\333\022t\226\363i\333\324\307\276\032\335\300"
 6924      7496F369 
 6924      DBD4C7BE 
 6924      1ADDC0
 6925 00de 88B0D0FE 		.ascii	"\210\260\320\376w\325d\317\245\247wUV\200\325Z-\005"
 6925      77D564CF 
 6925      A5A77755 
 6925      5680D55A 
 6925      2D05
 6926 00f0 78F86FCA 		.ascii	"x\370o\312j\205\254\353\332N\260\215\262=\022\012\000"
 6926      6A85ACEB 
 6926      DA4EB08D 
 6926      B23D120A 
 6926      00
 6927 0101 7AE6E219 		.ascii	"z\346\342\031|\3169\276\2717z\206\343lh\313 \326jt\270"
 6927      7CCE39BE 
 6927      B9377A86 
 6927      E36C68CB 
 6927      20D66A74 
 6928 0116 CB8B7692 		.ascii	"\313\213v\222\001"
 6928      01
 6929              		.text
 6930              		.section	.gnu.lto_HAL_ADC_ConfigChannel.353.1f3e1af6,"e",%progbits
 6931 0000 28B52FFD 		.ascii	"(\265/\375`P:\305\321\000*B%GB\020(\216\245\003W\245"
 6931      60503AC5 
 6931      D1002A42 
 6931      25474210 
 6931      288EA503 
 6932 0016 DE0A1024 		.ascii	"\336\012\020$8T\374(XP\363\341a\2120X\304\0106uP\301"
 6932      3854FC28 
 6932      5850F3E1 
 6932      618A3058 
 6932      C4083675 
 6933 002c 18DA867C 		.ascii	"\030\332\206|\235]\004\022\031\263\242\003\000\000 "
 6933      9D5D0412 
 6933      19B3A203 
 6933      000020
 6934 003b 5220886E 		.ascii	"R \210n\204\224`\240\000\001\010\221.!\250P\302\010"
 6934      849460A0 
 6934      00010891 
 6934      2E21A850 
 6934      C208
 6935 004d D929A514 		.ascii	"\331)\245\024|\004\366\003r\004\374\274\316\316\011"
 6935      7C04F603 
 6935      7204FCBC 
 6935      CECE09
 6936 005c CEEC90F3 		.ascii	"\316\354\220\363\273\225ke\261\216p\304\225\266\345"
 6936      BB956B65 
 6936      B18E70C4 
 6936      95B6E5
 6937 006b 72B56C0D 		.ascii	"r\265l\015\235\177l\275\330\035\331}\331\336\266O\333"
 6937      9D7F6CBD 
 6937      D81DD97D 
 6937      D9DEB64F 
 6937      DB
 6938 007c AFB46769 		.ascii	"\257\264gi?\353\246\353\256\353\276\353\336\353\011"
 6938      3FEBA6EB 
ARM GAS  C:\Users\nicx5\AppData\Local\Temp\ccq4ftZ0.s 			page 282


 6938      AEEBBEEB 
 6938      DEEB09
 6939 008b CC9DC6E5 		.ascii	"\314\235\306\345\214\375\003\017<q\015\031\263\262,"
 6939      8CFD030F 
 6939      3C710D19 
 6939      B3B22C
 6940 009a EC1D908D 		.ascii	"\354\035\220\215\211]a\007\263\362\3455e\347\362-\317"
 6940      895D6107 
 6940      B3F2E535 
 6940      65E7F22D 
 6940      CF
 6941 00ab 72A9B7EC 		.ascii	"r\251\267\354T\256\232\231\227\334\201,\001Q6FrK\376"
 6941      54AE9A99 
 6941      97DC812C 
 6941      01513646 
 6941      724BFE
 6942 00be 61EC470C 		.ascii	"a\354G\014\034\033\223\3704b\260\250F\010\311\210\001"
 6942      1C1B93F8 
 6942      3462B0A8 
 6942      4608C988 
 6942      01
 6943 00cf F3502F72 		.ascii	"\363P/r\367\341!\276j\302\347\253sc\366(\306\310\332"
 6943      F7E121BE 
 6943      6AC2E7AB 
 6943      7363F628 
 6943      C6C8DA
 6944 00e2 A36845A2 		.ascii	"\243hE\242\375\304K*$\344W\201&6\341\326\023Cl\010s"
 6944      FDC44B2A 
 6944      24E45781 
 6944      2636E1D6 
 6944      13436C08 
 6945 00f7 EB69D279 		.ascii	"\353i\322yZ\351a\023urM\217%\"\264\260\017\245\014="
 6945      5AE96113 
 6945      75724D8F 
 6945      2522B4B0 
 6945      0FA50C3D 
 6946 010b 6E6E0F0F 		.ascii	"nn\017\017\014@x\244\272\317\211\331\005\216c](\305"
 6946      0C4078A4 
 6946      BACF89D9 
 6946      058E635D 
 6946      28C5
 6947 011d 3C4438D8 		.ascii	"<D8\330v\256\346\012\005\003\233\316U\034.\346\321\325"
 6947      76AEE60A 
 6947      05039BCE 
 6947      551C2EE6 
 6947      D1D5
 6948 012f B6706183 		.ascii	"\266pa\203\221\035@\276i@\346!\246j7\334pZ\316U\034"
 6948      911D40BE 
 6948      6940E621 
 6948      A66A37DC 
 6948      705ACE55 
 6949 0144 B0347F71 		.ascii	"\2604\177q\254\270\014a\275\377\342X\235\0150\207\333"
 6949      ACB80C61 
 6949      BDFFE258 
 6949      9D0D3087 
 6949      DB
 6950 0155 AFCFC951 		.ascii	"\257\317\311Q\026]\213\206\201\216X\010p\226IcC\202"
ARM GAS  C:\Users\nicx5\AppData\Local\Temp\ccq4ftZ0.s 			page 283


 6950      165D8B86 
 6950      818E5808 
 6950      70964963 
 6950      4382
 6951 0167 BCFDA8BA 		.ascii	"\274\375\250\272\317\211P\333\302\231\035\340\347\014"
 6951      CF8950DB 
 6951      C2991DE0 
 6951      E70C
 6952 0175 98344B2C 		.ascii	"\2304K,\3207T\314C\355\274\300|\305=B\3335^\263\351"
 6952      D03754CC 
 6952      43EDBCC0 
 6952      7CC53D42 
 6952      DB355EB3 
 6953 018a 36CDC743 		.ascii	"6\315\307C\037\032\207\364\036\226\267U\332\257\353"
 6953      1F1A87F4 
 6953      1E96B755 
 6953      DAAFEB
 6954 0199 13B9C5B3 		.ascii	"\023\271\305\263\002\351\235IN\363\320 \351\220\335"
 6954      02E99D49 
 6954      4EF3D020 
 6954      E990DD
 6955 01a8 3D41DC8B 		.ascii	"=A\334\213,\003\331\266\207l\272\324Y\261\255^GF\266"
 6955      2C03D9B6 
 6955      876CBAD4 
 6955      59B1AD5E 
 6955      4746B6
 6956 01bb 95E93468 		.ascii	"\225\3514h;A\254\015a\246\263\362\326K\373\207\210\221"
 6956      3B41AC0D 
 6956      61A6B3F2 
 6956      D64BFB87 
 6956      8891
 6957 01cd 6620DB96 		.ascii	"f \333\226NE;\031\012\364\203\341\220\227\213\302\036"
 6957      4E453B19 
 6957      0AF483E1 
 6957      90978BC2 
 6957      1E
 6958 01de B5605B93 		.ascii	"\265`[\223\031@\333\371A\316\020w\346V\323k\256\032"
 6958      1940DBF9 
 6958      41CE1077 
 6958      E656D36B 
 6958      AE1A
 6959 01f0 8E03366A 		.ascii	"\216\0036j\333KK8mK\307\202\203@\333y\324\030\236\355"
 6959      DB4B4B38 
 6959      6D4BC782 
 6959      8340DB79 
 6959      D4189EED 
 6960 0204 64DBC2B3 		.ascii	"d\333\302\263\235IJW\214\365-\2344\321\010\";\320\302"
 6960      9D494A57 
 6960      8CF52D9C 
 6960      34D10822 
 6960      3BD0C2
 6961 0217 67D9B674 		.ascii	"g\331\266t.~\014\013:Vs\"\353\341<\214\310\207l\310"
 6961      2E7E0C0B 
 6961      3A567322 
 6961      EBE13C8C 
 6961      C8876CC8 
 6962 022b 78B890EF 		.ascii	"x\270\220\3570!\333\341A\256\303\202L\207\003y\016\003"
ARM GAS  C:\Users\nicx5\AppData\Local\Temp\ccq4ftZ0.s 			page 284


 6962      3021DBE1 
 6962      41AEC382 
 6962      4C870379 
 6962      0E03
 6963 023d B21CFEE3 		.ascii	"\262\034\376\3438\014\207\375\270\217\337\260\033\346"
 6963      380C87FD 
 6963      B88FDFB0 
 6963      1BE6
 6964 024b E33D6EC3 		.ascii	"\343=n\303z\314\206\363\030\217\357\330\216\353x\004"
 6964      7ACC86F3 
 6964      188FEFD8 
 6964      8EEB7804 
 6965 025b A6DB2180 		.ascii	"\246\333!\200\216\0348n\330\250Ac\206\222\214\030I0"
 6965      8E1C386E 
 6965      D8A84163 
 6965      86928C18 
 6965      4930
 6966 026d 5EB868C1 		.ascii	"^\270h\301b\205\212\024(\220N\230(Ab\204\210\020G >"
 6966      62858A14 
 6966      28904E98 
 6966      28416284 
 6966      88104720 
 6967 0282 78E8C061 		.ascii	"x\350\300a\203\206\000\000\310\200\341\202\005\243\012"
 6967      83860000 
 6967      C880E182 
 6967      05A30A
 6968 0291 451488EE 		.ascii	"E\024\210\356\204!\011B\320\240\247\223}\307\342\246"
 6968      84210942 
 6968      D0A0A793 
 6968      7DC7E2A6 
 6969 02a1 D29C5881 		.ascii	"\322\234X\201\210Z\2327\315zF\270i\316\203\310\327|"
 6969      885A9A37 
 6969      CD7A46B8 
 6969      69CE83C8 
 6969      D77C
 6970 02b3 08D8220C 		.ascii	"\010\330\"\014\365\234\361l\231s.\224s\276\023\304C"
 6970      F59CF16C 
 6970      99732E94 
 6970      73BE13C4 
 6970      43
 6971 02c4 B02BB040 		.ascii	"\260+\260@s\247\007\214\214\252\266\245\231\020\316"
 6971      73A7078C 
 6971      8CAAB6A5 
 6971      9910CE
 6972 02d3 D94EDC1A 		.ascii	"\331N\334\032\347\30185\316u\330 -\260\265\032\201 "
 6972      E7C13835 
 6972      CE75D820 
 6972      2DB0B51A 
 6972      8120
 6973 02e5 FFD89C05 		.ascii	"\377\330\234\005\021\351\260`\303\354#\243\252\245i"
 6973      11E9B060 
 6973      C3EC23A3 
 6973      AAA569
 6974 02f4 0EDCB2E6 		.ascii	"\016\334\262\346<\347-\003UJ\306\031\360\215\305p\250"
 6974      3CE72D03 
 6974      554AC619 
 6974      F08DC570 
ARM GAS  C:\Users\nicx5\AppData\Local\Temp\ccq4ftZ0.s 			page 285


 6974      A8
 6975 0305 C698812A 		.ascii	"\306\230\201*\035\343,\247\215\030\347\2778\0346\270"
 6975      1DE32CA7 
 6975      8D18E7BF 
 6975      381C36B8 
 6976 0315 9E69F123 		.ascii	"\236i\361#\243\252Y\233\341\260\"\316\272\360u\240J"
 6976      A3AA599B 
 6976      E1B022CE 
 6976      BAF075A0 
 6976      4A
 6977 0326 ABAC873C 		.ascii	"\253\254\207<\205n\031\374X\031\214b\\\330!,\216a\234"
 6977      856E19FC 
 6977      58198C62 
 6977      5CD8212C 
 6977      8E619C
 6978 0339 FBD09ADF 		.ascii	"\373\320\232\337\240ep\303\256P\024aK\007\252\364\214"
 6978      A06570C3 
 6978      AE501461 
 6978      4B07AAF4 
 6978      8C
 6979 034a B560E646 		.ascii	"\265`\346F\361\003g\276\"57\315{\033\370<pnc\326\254"
 6979      F10367BE 
 6979      223537CD 
 6979      7B1BF83C 
 6979      706E63D6 
 6980 035f C76CF2AE 		.ascii	"\307l\362\2564\343Yy\274\342|\007\326lW\205=\372r\256"
 6980      34E35979 
 6980      BCE27C07 
 6980      D66C5785 
 6980      3DFA72AE 
 6981 0373 63C97804 		.ascii	"c\311x\004'\243\252u5\323u\240J\271\000u\371\216\013"
 6981      27A3AA75 
 6981      35D375A0 
 6981      4AB90075 
 6981      F98E0B
 6982 0386 5435AF16 		.ascii	"T5\257\026\340\272\351:rd6\016\314\326\314\364\033\232"
 6982      E0BAE93A 
 6982      7264360E 
 6982      CCD6CCF4 
 6982      1B9A
 6983 0398 6D23D0A5 		.ascii	"m#\320\245\327`\311\250jeMc\206c+5f9\272\214\307\216"
 6983      D760C9A8 
 6983      6A654D63 
 6983      86632B35 
 6983      6639BA8C 
 6984 03ae C1E8C793 		.ascii	"\301\350\307\223`,\366\013>_\213\356\242O\267\300S\350"
 6984      602CF60B 
 6984      3E5F8BEE 
 6984      A24FB7C0 
 6984      53E8
 6985 03c0 2C5610B6 		.ascii	",V\020\266\012;c\204\236\342N\243\030\254\343H\226\202"
 6985      0A3B6384 
 6985      9EE24EA3 
 6985      18ACE348 
 6985      9682
 6986 03d2 7EC24405 		.ascii	"~\302D\005\352X_\227xc\326\347$\374z\204\033>\027\321"
 6986      EA585F97 
ARM GAS  C:\Users\nicx5\AppData\Local\Temp\ccq4ftZ0.s 			page 286


 6986      7863D6E7 
 6986      24FC7A84 
 6986      1B3E17D1 
 6987 03e6 812A35DB 		.ascii	"\201*5\333\363\020\035\250\322-m\374\010\204\336\234"
 6987      F3101DA8 
 6987      D22D6DFC 
 6987      0884DE9C 
 6988 03f6 7F906B0F 		.ascii	"\177\220k\017rq\336\001\2569\300\255\361\015jZ\203\232"
 6988      7271DE01 
 6988      AE39C0AD 
 6988      F10D6A5A 
 6988      839A
 6989 0408 370F803A 		.ascii	"7\017\200:\246\327\000\260u\20656\307@\246/\214!\343"
 6989      A6D700B0 
 6989      75863536 
 6989      C740A62F 
 6989      8C21E3
 6990 041b 16D8233B 		.ascii	"\026\330#;\206\323F\014K\303\202\360\302\345\262\371"
 6990      86D3460C 
 6990      4BC382F0 
 6990      C2E5B2F9 
 6991 042b C4B85185 		.ascii	"\304\270Q\205\242*{\324\026\026\306)X\233\210M\301\205"
 6991      A22A7BD4 
 6991      1616C629 
 6991      589B884D 
 6991      C185
 6992 043d C570A8C6 		.ascii	"\305p\250\306\330mah~\331\024\220q\000a\000[\363\352"
 6992      D86D6168 
 6992      7ED91490 
 6992      71006100 
 6992      5BF3EA
 6993 0450 B6B00F7C 		.ascii	"\266\260\017|\002b\230\036{\304w\346C\036\264\204\020"
 6993      0262981E 
 6993      7BC477E6 
 6993      431EB484 
 6993      10
 6994 0461 420C80D9 		.ascii	"B\014\200\331\262\246\347\222:f\326P6\251J\235/\215"
 6994      B2A6E792 
 6994      3A66D650 
 6994      36A94A9D 
 6994      2F8D
 6995 0473 1856C65E 		.ascii	"\030V\306^I0v<\255C\264\205\231yPS\307\266\364\223H"
 6995      4930763C 
 6995      AD43B485 
 6995      99795053 
 6995      C7B6F493 
 6996 0488 6CBAE54E 		.ascii	"l\272\345Nv\003\032!Y#\206y\300\2268Tc\034\022\323r"
 6996      76031A21 
 6996      59238679 
 6996      C0963854 
 6996      631C12D3 
 6997 049d B60355BA 		.ascii	"\266\003U\272\307\036\265m;$\226\345\317\302\350K\003"
 6997      C71EB56D 
 6997      3B2496E5 
 6997      CFC2E84B 
 6997      03
 6998 04ae 46242665 		.ascii	"F$&e\211B`\363\247\371\232\355\200*}\343\036\304\243"
ARM GAS  C:\Users\nicx5\AppData\Local\Temp\ccq4ftZ0.s 			page 287


 6998      894260F3 
 6998      A7F99AED 
 6998      802A7DE3 
 6998      1EC4A3
 6999 04c1 6D5B762F 		.ascii	"m[v/\261\261\346$\315\034\344\204\271\2770'\265\010"
 6999      B1B1E624 
 6999      CD1CE484 
 6999      B9BF3027 
 6999      B508
 7000 04d3 43843ACC 		.ascii	"C\204:\314\023Q\323R\242\257c\301\247\275\"\353\244"
 7000      1351D352 
 7000      A2AF63C1 
 7000      A7BD22EB 
 7000      A4
 7001 04e4 7F9FE87B 		.ascii	"\177\237\350{zgJ&\305zs\272'\320\266\3552\203}N\003"
 7001      7A674A26 
 7001      C57A73BA 
 7001      27D0B6ED 
 7001      32837D4E 
 7002 04f9 AC353F94 		.ascii	"\2545?\224<\333y%|\211\031\344S\250)W\367R\011oe\337"
 7002      3CDB7925 
 7002      7C8919E4 
 7002      53A82957 
 7002      F752096F 
 7003 050f 4296470E 		.ascii	"B\226G\016\332{\357i}tF\206\230\310\210'\350\250\261"
 7003      DA7BEF69 
 7003      7D744686 
 7003      98C88827 
 7003      E8A8B1
 7004 0522 E2C09827 		.ascii	"\342\300\230'\274\233\351\016\323h?\341\233\257\177"
 7004      BC9BE90E 
 7004      D3683FE1 
 7004      9BAF7F
 7005 0531 BCBD01D1 		.ascii	"\274\275\001\321\036\236\315\346\033\355\331\247eRG"
 7005      1E9ECDE6 
 7005      1BEDD9A7 
 7005      655247
 7006 0540 F34B48A1 		.ascii	"\363KH\241\267\276\371\336{\015\323\315#o:\317\236\326"
 7006      B7BEF9DE 
 7006      7B0DD3CD 
 7006      236F3ACF 
 7006      9ED6
 7007 0552 63E9D95E 		.ascii	"c\351\331^\375\346\241\322\222\334\260X\004\364\006"
 7007      FDE6A1D2 
 7007      92DCB058 
 7007      04F406
 7008 0561 7DAB8FE9 		.ascii	"}\253\217\351\246\363I\236\326\336\346\346\013\227f"
 7008      A6F3499E 
 7008      D6DEE6E6 
 7008      0B9766
 7009 0570 A7886CD2 		.ascii	"\247\210l\322\334\341\223D\363-\335|M\242\316\232\037"
 7009      DCE19344 
 7009      F32DDD7C 
 7009      4DA2CE9A 
 7009      1F
 7010 0581 2A266452 		.ascii	"*&dR\336\037\304\226\316\373Y\037E\247\\\315\233\017"
 7010      DE1FC496 
ARM GAS  C:\Users\nicx5\AppData\Local\Temp\ccq4ftZ0.s 			page 288


 7010      CEFB591F 
 7010      45A75CCD 
 7010      9B0F
 7011 0593 E8D6AB9D 		.ascii	"\350\326\253\235h'K\201\343h\230\205\330\3170\263P;"
 7011      68274B81 
 7011      E3689885 
 7011      D8CF30B3 
 7011      503B
 7012 05a5 0D806E3D 		.ascii	"\015\200n=\227\023\355\3741\021\321\317\342\001\360"
 7012      9713EDFC 
 7012      3111D1CF 
 7012      E201F0
 7013 05b4 343F686F 		.ascii	"4?ho\303[D\364\240\331i$\236\341\035>\311\347\373\226"
 7013      C35B44F4 
 7013      A0D96924 
 7013      9EE11D3E 
 7013      C9E7FB96 
 7014 05c8 36DA1324 		.ascii	"6\332\023$\341\273\221\236]}\2419[\231B/\341\333+r\203"
 7014      E1BB919E 
 7014      5D7DA139 
 7014      5B99422F 
 7014      E1DB2B72 
 7015 05dd D0ABF860 		.ascii	"\320\253\370`kS\372\322\033xu\037<\221\236\320g\373"
 7015      6B53FAD2 
 7015      1B78751F 
 7015      3C919ED0 
 7015      67FB
 7016 05ef D82DEEB8 		.ascii	"\330-\356\270^\033\351\371|\350\017e\231\226I_\312O"
 7016      5E1BE9F9 
 7016      7CE80F65 
 7016      9996495F 
 7016      CA4F
 7017 0601 1ADD98F2 		.ascii	"\032\335\230\362+\353\315\351\364\014\372\256\263\303"
 7017      2BEBCDE9 
 7017      F40CFAAE 
 7017      B3C3
 7018 060f F3FCA0FF 		.ascii	"\363\374\240\377,\323Mf \316f\265v\245\006\201(\317"
 7018      2CD34D66 
 7018      20CE66B5 
 7018      76A50681 
 7018      28CF
 7019 0621 763E9F43 		.ascii	"v>\237CU\256\010\343#b\347\275\031\302\261m\365t~\237"
 7019      55AE08E3 
 7019      2362E7BD 
 7019      19C2B16D 
 7019      F5747E9F 
 7020 0635 B1D3E0EC 		.ascii	"\261\323\340\3543\013a\300\333\313\371GY\257\305\314"
 7020      330B61C0 
 7020      DBCBF947 
 7020      59AFC5CC 
 7021 0645 44DCAA24 		.ascii	"D\334\252$(L\004a\330\017\252\312E\031\025\021%P\035"
 7021      284C0461 
 7021      D80FAACA 
 7021      45191511 
 7021      25501D
 7022 0658 4C87F901 		.ascii	"L\207\371\001\235\224@\375*\222t\227\377V\3466\362\374"
 7022      9D9440FD 
ARM GAS  C:\Users\nicx5\AppData\Local\Temp\ccq4ftZ0.s 			page 289


 7022      2A927497 
 7022      FF56E636 
 7022      F2FC
 7023 066a 5F5ACCF2 		.ascii	"_Z\314\362Mf.\342_\214@\333\266\235\301\356\345\012"
 7023      4D662EE2 
 7023      5F8C40DB 
 7023      B69DC1EE 
 7023      E50A
 7024 067c 0E02E818 		.ascii	"\016\002\350\030\016\236\355\374\027\222\213\276\224"
 7024      0E9EEDFC 
 7024      17928BBE 
 7024      94
 7025 0689 45283156 		.ascii	"E(1V\237\354\371\343T\344\243\244\030\367D\361K\221"
 7025      9FECF9E3 
 7025      54E4A3A4 
 7025      18F744F1 
 7025      4B91
 7026 069b 44B7315E 		.ascii	"D\2671^\022\3232-'\371$>y\366]\243\0103Y\367Rv\3521"
 7026      12D3322D 
 7026      27F9243E 
 7026      79F65DA3 
 7026      083359F7 
 7027 06b3 74EA8153 		.ascii	"t\352\201S\322\363\306\215\365\354\275n\267\264\250"
 7027      D2F3C68D 
 7027      F5ECBD6E 
 7027      B7B4A8
 7028 06c2 5FB9F9DA 		.ascii	"_\271\371\332\335\364\270!\266~e:i\263\355[\271\331"
 7028      DDF4B821 
 7028      B67E653A 
 7028      69B3ED5B 
 7028      B9D9
 7029 06d4 F6ABCC5D 		.ascii	"\366\253\314]\024\234\235k\272\245\225%\215R\271\316"
 7029      149C9D6B 
 7029      BAA59525 
 7029      8D52B9CE 
 7030 06e4 DE5E3735 		.ascii	"\336^75{\261\27131\003]vds[V\002\242\354\313\346\236"
 7030      7BB1B933 
 7030      31035D76 
 7030      64735B56 
 7030      02A2ECCB 
 7031 06fa 948CFCE3 		.ascii	"\224\214\374\343msC>:6\372\324O\237E\277\322\334|\366"
 7031      6D73433E 
 7031      3A36FAD4 
 7031      4F9F45BF 
 7031      D2DC7CF6 
 7032 070e 28261ADE 		.ascii	"(&\032\336\031\254#\350g\315M'p\016\240\234\2778p\374"
 7032      19AC23E8 
 7032      67CD4D27 
 7032      700EA09C 
 7032      BF3870FC 
 7033 0722 FA8C9CFB 		.ascii	"\372\214\234\373\215\033\276\2756zl\362\360\356\350"
 7033      8D1BBEBD 
 7033      367A6CF2 
 7033      F0EEE8
 7034 0731 E6E2E0CE 		.ascii	"\346\342\340\316\270\231\021\241\255\351\232\273L\327"
 7034      B89911A1 
 7034      ADE99ABB 
ARM GAS  C:\Users\nicx5\AppData\Local\Temp\ccq4ftZ0.s 			page 290


 7034      4CD7
 7035 073f 35F79AB5 		.ascii	"5\367\232\265\032\306\26347\010`Z\256\273\251\015\327"
 7035      1AC6B334 
 7035      3708605A 
 7035      AEBBA90D 
 7035      D7
 7036 0750 DD5D2838 		.ascii	"\335](87\032\2261\261\260 \347\006\273b\245\312\227"
 7036      371A9631 
 7036      B1B020E7 
 7036      06BB62A5 
 7036      CA97
 7037 0762 575705E7 		.ascii	"WW\005\347\346\232nie]\347\226\262sG{\257\271\251\\"
 7037      E69A6E69 
 7037      655DE796 
 7037      B273477B 
 7037      AFB9A95C 
 7038 0776 E76EAF33 		.ascii	"\347n\2573\326u\236r\235\257\256\263\224\353\314\301"
 7038      D6759E72 
 7038      9DAFAEB3 
 7038      94EBCCC1 
 7039 0786 75DEE03A 		.ascii	"u\336\340:G\271\316P\256\263\325u\326\340:?\271\316"
 7039      47B9CE50 
 7039      AEB3D575 
 7039      D6E03A3F 
 7039      B9CE
 7040 0798 55D799EA 		.ascii	"U\327\231\352:O]g'\3279\203\353,u\235\243\256s\223\353"
 7040      3A4F5D67 
 7040      27D73983 
 7040      EB2C759D 
 7040      A3AE7393 
 7041 07ad CC84C819 		.ascii	"\314\204\310\031\203\353|\301u\206\272\316K\256\263"
 7041      83EB7CC1 
 7041      7586BACE 
 7041      4BAEB3
 7042 07bc 92EB9CE4 		.ascii	"\222\353\234\344:?]g$\327\331\351:\037\271\316M\327"
 7042      3A3F5D67 
 7042      24D7D9E9 
 7042      3A1FB9CE 
 7042      4DD7
 7043 07ce D982     		.ascii	"\331\202"
 7044 07d0 EBCC749D 		.ascii	"\353\314t\235+\270\316\024\\\347\011\256\263\004\327"
 7044      2BB8CE14 
 7044      5CE709AE 
 7044      B304D7
 7045 07df 3982EB0C 		.ascii	"9\202\353\014\301u~\340:\033\271\316\016\\\347\"\327"
 7045      C1757EE0 
 7045      3A1BB9CE 
 7045      0E5CE722 
 7045      D7
 7046 07f0 B981EB4C 		.ascii	"\271\201\353L\344:\017\271\316\014\\\347\005\256\263"
 7046      E43A0FB9 
 7046      CE0C5CE7 
 7046      05AEB3
 7047 07ff 90EBACC0 		.ascii	"\220\353\254\300u\016r\235\023\270\316\010\\\347\003"
 7047      750E729D 
 7047      13B8CE08 
 7047      5CE703
ARM GAS  C:\Users\nicx5\AppData\Local\Temp\ccq4ftZ0.s 			page 291


 7048 080e AE3390EB 		.ascii	"\2563\220\353\374\343:\033p\235\013\270\316>\2563\001"
 7048      FCE33A1B 
 7048      709D0BB8 
 7048      CE3EAE33 
 7048      01
 7049 081f D779E93A 		.ascii	"\327y\351:\017p\235{\\g\036\327y\307u\026\340:\353\270"
 7049      0F709D7B 
 7049      5C671ED7 
 7049      79C77516 
 7049      E03AEBB8 
 7050 0833 CE39AE33 		.ascii	"\3169\2563\216\353|\343:\333\270\3165\2563\215\353<"
 7050      8EEB7CE3 
 7050      3ADBB8CE 
 7050      35AE338D 
 7050      EB3C
 7051 0845 E33A2B5D 		.ascii	"\343:+]g\031\3279\306uN\272\3160\256\363\213\353\354"
 7051      6719D739 
 7051      C6754EBA 
 7051      CE30AEF3 
 7051      8BEBEC
 7052 0858 E23AB7B8 		.ascii	"\342:\267\270\316,\256\363\212\"g\025\3279E\2213\212"
 7052      CE2CAEF3 
 7052      8A226715 
 7052      D7394591 
 7052      338A
 7053 086a EB8C749D 		.ascii	"\353\214t\235O\\g\023\327\271\304u&q\235G\\g\021\327"
 7053      4F5C6713 
 7053      D7B9C475 
 7053      26719D47 
 7053      5C6711D7 
 7054 087e 39C4753E 		.ascii	"9\304u>\272\316 \256\363\207\353\354\341:w\270\316\034"
 7054      BACE20AE 
 7054      F387EBEC 
 7054      E13A77B8 
 7054      CE1C
 7055 0890 AEF386EB 		.ascii	"\256\363\206\353\254\341:\007p\235\001\270\316\031\256"
 7055      ACE13A07 
 7055      709D01B8 
 7055      CE19AE
 7056 089f 3386EB7C 		.ascii	"3\206\353|\341:[\240\340lt\235+\\\347\242\353L\341:"
 7056      E13A5BA0 
 7056      E06C749D 
 7056      2B5CE7A2 
 7056      EB4CE13A 
 7057 08b3 135DE77B 		.ascii	"\023]\347{\235'Pp\036\272\316\022\256\263\320u\206\022"
 7057      9D275070 
 7057      1EBACE12 
 7057      AEB3D075 
 7057      8612
 7058 08c5 39075D0F 		.ascii	"9\007]\017\224\223\221\220\200\035yE\362\017d\2675m"
 7058      94939190 
 7058      801D7945 
 7058      F20F64B7 
 7058      356D
 7059 08d7 C7046E24 		.ascii	"\307\004n$\370\011\"x\011\"x\247\231\0009Z\357\203\332"
 7059      F8092278 
 7059      092278A7 
ARM GAS  C:\Users\nicx5\AppData\Local\Temp\ccq4ftZ0.s 			page 292


 7059      9900395A 
 7059      EF83DA
 7060 08ea 6C749BEF 		.ascii	"lt\233\357*F!t\340\350\310o\315\033\222\020|\353=\360"
 7060      2A462174 
 7060      E0E8C86F 
 7060      CD1B9210 
 7060      7CEB3DF0 
 7061 08fe 100CFD03 		.ascii	"\020\014\375\003\222?\324\2309:r\362\2715\377\340\230"
 7061      923FD498 
 7061      393A72F2 
 7061      B935FFE0 
 7061      98
 7062 090f 6CCDCEC4 		.ascii	"l\315\316\304\354\313\256\204\233\374\276\354\240\003"
 7062      ECCBAE84 
 7062      9BFCBEEC 
 7062      A003
 7063 091d B56557F6 		.ascii	"\265eW\366\0067\214|\267q\340\215\024y\007\212\374\327"
 7063      06378C7C 
 7063      B771E08D 
 7063      1479078A 
 7063      FCD7
 7064 092f B1516346 		.ascii	"\261QcF\013\376\214\030]\347\373\253\277\006\273M\234"
 7064      0BFE8C18 
 7064      5DE7FBAB 
 7064      BF06BB4D 
 7064      9C
 7065 0940 134343A9 		.ascii	"\023CC\251\035\337\263d<\276\230n\340[\320\332D\276"
 7065      1DDFB364 
 7065      3CBE986E 
 7065      E05BD0DA 
 7065      44BE
 7066 0952 01EF7A22 		.ascii	"\001\357z\"t\357]\217\337t\321\031\215\337\216\220\317"
 7066      74EF5D8F 
 7066      DF74D119 
 7066      8DDF8E90 
 7066      CF
 7067 0963 9ED5A804 		.ascii	"\236\325\250\004\231%\215\266\275\231\006\362\275E\243"
 7067      99258DB6 
 7067      BD9906F2 
 7067      BD45A3
 7068 0972 D2D7DEEC 		.ascii	"\322\327\336\354\2514\031\027\032\3519\344\273N#=\031"
 7068      A9341917 
 7068      1AE939E4 
 7068      BB4E233D 
 7068      19
 7069 0983 F821DF5B 		.ascii	"\370!\337[m\013<\003B~\001!\377o1`\364\234\357\310\026"
 7069      6D0B3C03 
 7069      427E0121 
 7069      FF6F3160 
 7069      F49CEFC8 
 7070 0998 1DF8EDF5 		.ascii	"\035\370\355\365`\355\245\300W\347\306|=\262!\223\276"
 7070      60EDA5C0 
 7070      57E7C67C 
 7070      3DB22193 
 7070      BE
 7071 09a9 34E945F7 		.ascii	"4\351E\367y\377r\341'\310\234\271\017\022\367=\347\347"
 7071      79FF72E1 
ARM GAS  C:\Users\nicx5\AppData\Local\Temp\ccq4ftZ0.s 			page 293


 7071      27C89CB9 
 7071      0F12F73D 
 7071      E7E7
 7072 09bb 3BAE0BC6 		.ascii	";\256\013\306\342w\037\306g\377Z|\301\370\345\3255\325"
 7072      E2771FC6 
 7072      67FF5A7C 
 7072      C1F8E5D5 
 7072      35D5
 7073 09cd EA328CEF 		.ascii	"\3522\214\357S)`\270\266\264\372H\232\213\004\002\377"
 7073      532960B8 
 7073      B6B4FA48 
 7073      9A8B0402 
 7073      FF
 7074 09de AC11F804 		.ascii	"\254\021\370\004\016x\004\016\370(-V\364\337O\241\350"
 7074      0E78040E 
 7074      F8282D56 
 7074      F4DF4FA1 
 7074      E8
 7075 09ef 7A300800 		.ascii	"z0\010\000\361\004jU\346a\241\242\025\337\307Rx\034"
 7075      F1046A55 
 7075      E661A1A2 
 7075      15DFC752 
 7075      781C
 7076 0a01 1890EFBF 		.ascii	"\030\220\357\277\037\017\244\341\376\307f\264K\367\236"
 7076      1F0FA4E1 
 7076      FEC766B4 
 7076      4BF79E
 7077 0a10 6FB8B015 		.ascii	"o\270\260\025\211\337\212|\236},\221%s\350E\005\237"
 7077      89DF8A7C 
 7077      9E7D2C91 
 7077      2573E845 
 7077      059F
 7078 0a22 31B1B02B 		.ascii	"1\261\260+U\220\374\212\22450+U\332(\205\001\337r\012"
 7078      5590FC8A 
 7078      9435302B 
 7078      55DA2885 
 7078      01DF720A 
 7079 0a36 78037C7C 		.ascii	"x\003||\001>\336\206S\257N\015\012\326\016\311D\343"
 7079      013EDE86 
 7079      53AF4E0D 
 7079      0AD60EC9 
 7079      44E3
 7080 0a48 BDF761F3 		.ascii	"\275\367a\363\2036\202\353\301(x6\3277_\363h\3033\007"
 7080      833682EB 
 7080      C1287836 
 7080      D7375FF3 
 7080      68C33307 
 7081 0a5c AF32CF89 		.ascii	"\2572\317\211\022\035\347\335\214\204\307u\337=\230"
 7081      121DE7DD 
 7081      8C84C775 
 7081      DF3D98
 7082 0a6b 87A7737D 		.ascii	"\207\247s}\343}u\252\006\256\033\314;\327\007\225I\357"
 7082      E37D75AA 
 7082      06AE1BCC 
 7082      3BD70795 
 7082      49EF
 7083 0a7d BEC13CFB 		.ascii	"\276\301<\373\026\232\026\277\2044\001\370\035\007\204"
ARM GAS  C:\Users\nicx5\AppData\Local\Temp\ccq4ftZ0.s 			page 294


 7083      169A16BF 
 7083      843401F8 
 7083      1D0784
 7084 0a8c 67370384 		.ascii	"g7\003\204\332\251\323+\001\202Y\231\226,X\372\260\371"
 7084      DAA9D32B 
 7084      01825999 
 7084      962C58FA 
 7084      B0F9
 7085 0a9e 8982F09E 		.ascii	"\211\202\360\236\005\253\275*\323\001\331\216w,-\201"
 7085      05ABBD2A 
 7085      D301D98E 
 7085      772C2D81 
 7086 0aae C45B919E 		.ascii	"\304[\221\236\004|\347}O\325H\221\236KO\200\231\036"
 7086      047CE77D 
 7086      4FD54891 
 7086      9E4B4F80 
 7086      991E
 7087 0ac0 E097BEB7 		.ascii	"\340\227\276\267\320D\350\035?\300\210\036\277\024B"
 7087      D044E81D 
 7087      3FC0881E 
 7087      BF1442
 7088 0acf EFF81EAF 		.ascii	"\357\370\036\257\244\205\222\315\264L\252I&\003\265"
 7088      A48592CD 
 7088      B44CAA49 
 7088      2603B5
 7089 0ade AB8F88B7 		.ascii	"\253\217\210\267\362\\f\333\266\325\223\307\367\237"
 7089      F25C66DB 
 7089      B6D593C7 
 7089      F79F
 7090 0aec 333393C7 		.ascii	"33\223\307\357\240\"}\2633\036\257\305*(\314\006;2%"
 7090      EFA0227D 
 7090      B3331EAF 
 7090      C52A28CC 
 7090      063B3225 
 7091 0b00 4790DBEB 		.ascii	"G\220\333\353\012!\300W\310\323\022\340\2372\023\217"
 7091      0A21C057 
 7091      C8D312E0 
 7091      9F32138F 
 7092 0b10 743C598E 		.ascii	"t<Y\216\327\361=\226\343\022\004\216\033\217c\372a7"
 7092      D7F13D96 
 7092      E312048E 
 7092      1B8F63FA 
 7092      6137
 7093 0b22 FE7CB0F1 		.ascii	"\376|\260\361Wj\274\215\357*5\026=\320\230\3614\272"
 7093      576ABC8D 
 7093      EF2A3516 
 7093      3DD098F1 
 7093      34BA
 7094 0b34 DE6BC661 		.ascii	"\336k\306a\007\245\347\372\266e\274\322\367\226\214"
 7094      07A5E7FA 
 7094      B665BCD2 
 7094      F7968C
 7095 0b43 370E31DE 		.ascii	"7\0161\336\205\007\352\244\217\361\365YI\357V\031\302"
 7095      8507EAA4 
 7095      8FF1F559 
 7095      49EF5619 
 7095      C2
ARM GAS  C:\Users\nicx5\AppData\Local\Temp\ccq4ftZ0.s 			page 295


 7096 0b54 0618FFD1 		.ascii	"\006\030\377\321\240\353\365\305\303\370\276\276x\241"
 7096      A0EBF5C5 
 7096      C3F8BEBE 
 7096      78A1
 7097 0b62 9F535975 		.ascii	"\237SYu\012\306\265ix+\273x\026\337\221\033\232\357"
 7097      0AC6B569 
 7097      782BBB78 
 7097      16DF911B 
 7097      9AEF
 7098 0b74 3C5BBC8B 		.ascii	"<[\274\213L+h\213\377\256\252\\\324p\305\263x!J+~\271"
 7098      4C2B688B 
 7098      FFAEAA5C 
 7098      D470C5B3 
 7098      78214A2B 
 7099 0b8a E27754E5 		.ascii	"\342wT\345\352*\251\205|X\002\310\340m\235\204\241h"
 7099      EA2AA985 
 7099      7C5802C8 
 7099      E06D9D84 
 7099      A168
 7100 0b9c EBC178EB 		.ascii	"\353\301x\353S\200\371\240\244\032\002\220\341\253<"
 7100      5380F9A0 
 7100      A41A0290 
 7100      E1AB3C
 7101 0bab E482B775 		.ascii	"\344\202\267u\263\201\320\201\205V\353\301\036[\205"
 7101      B381D081 
 7101      8556EBC1 
 7101      1E5B85
 7102 0bba 984FAAF8 		.ascii	"\230O\252\370\027\023\311A\012\312\264\311@\255\365"
 7102      1713C941 
 7102      0ACAB4C9 
 7102      40ADF5
 7103 0bc9 48588CD2 		.ascii	"HX\214\322\266^\013\303[\365\306\326.0\226\226'\212"
 7103      B65E0BC3 
 7103      5BF5C6D6 
 7103      2E309696 
 7103      278A
 7104 0bdb EFC12CEE 		.ascii	"\357\301,\356\210\245\005\305\377\232*\243\025\207/"
 7104      88A505C5 
 7104      FF9A2AA3 
 7104      15872F
 7105 0bea A4179A84 		.ascii	"\244\027\232\204|\267\311\305\030\336Y\177\342Mx\200"
 7105      7CB7C9C5 
 7105      18DE597F 
 7105      E24D7880 
 7106 0bfa F5C1F4B5 		.ascii	"\365\301\364\265\026\2554\224\235\220,j\353\374\261"
 7106      16AD3494 
 7106      9D902C6A 
 7106      EBFCB1
 7107 0c09 F056EEB1 		.ascii	"\360V\356\261\242\026\341\273\255B\267\275\303\255a"
 7107      A216E1BB 
 7107      AD42B7BD 
 7107      C3AD61
 7108 0c18 1612653D 		.ascii	"\026\022e=\030\333VO\023\337\177v}\262|\223\213+ZAM"
 7108      18DB564F 
 7108      13DF7F76 
 7108      7DB27C93 
 7108      8B2B5A41 
ARM GAS  C:\Users\nicx5\AppData\Local\Temp\ccq4ftZ0.s 			page 296


 7109 0c2d 7C8AEAE3 		.ascii	"|\212\352\343\236\254o\275\356\021\374\244E\265\214"
 7109      9EAC6FBD 
 7109      EE11FCA4 
 7109      45B58C
 7110 0c3c 4A7C88EF 		.ascii	"J|\210\3576\022_\202m\244\347\210'!\342G<\004yD\274"
 7110      36125F82 
 7110      6DA4E788 
 7110      2721E247 
 7110      3C047944 
 7111 0c51 F330C43B 		.ascii	"\3630\304;+\034}\207o\021@\374\221\013\366\207\007\341"
 7111      2B1C7D87 
 7111      6F1140FC 
 7111      910BF687 
 7111      07E1
 7112 0c63 E13F3C10 		.ascii	"\341?<\020<\036\236\275\323\341Y\011{\302\270\212\332"
 7112      3C1E9EBD 
 7112      D3E15909 
 7112      7BC2B88A 
 7112      DA
 7113 0c74 9A435123 		.ascii	"\232CQ#=7<\207G1-\033\334\360\336\006C_\032\030\005"
 7113      3D373C87 
 7113      47312D1B 
 7113      DCF0DE06 
 7113      435F1A18 
 7114 0c89 0D8FE1DB 		.ascii	"\015\217\341\333\355{+\223N\007\360\032\276\267\332"
 7114      ED7B2B93 
 7114      4E07F01A 
 7114      BEB7DA
 7115 0c98 821AE909 		.ascii	"\202\032\351\011\300\007\340\215\364\314\360\000\274"
 7115      C007E08D 
 7115      F4CCF000 
 7115      BC
 7116 0ca5 86AD4D69 		.ascii	"\206\255Mi\027\017\314P\207\245\346\200VP\014\337m\206"
 7116      170FCC50 
 7116      87A5E680 
 7116      56500CDF 
 7116      6D86
 7117 0cb7 C4B22889 		.ascii	"\304\262(\211.\374\022\205\026\351i\341/|O\313\2768"
 7117      2EFC1285 
 7117      16E969E1 
 7117      2F7C4FCB 
 7117      BE38
 7118 0cc9 9C3EF7C3 		.ascii	"\234>\367\303\002\301i\330\246\265X\325g;-|\216\352"
 7118      02C169D8 
 7118      A6B558D5 
 7118      673B2D7C 
 7118      8EEA
 7119 0cdb 67797CAB 		.ascii	"gy|\253\360Eb\3108\237U\320\243Ux!\2716VAR\212\034\017"
 7119      F04562C8 
 7119      389F55D0 
 7119      A3557821 
 7119      B9365641 
 7120 0cf3 8FF07CC9 		.ascii	"\217\360|\311\272e\376)\2060\217]\2363H\264\011E\034"
 7120      BA65FE29 
 7120      86308F5D 
 7120      9E3348B4 
 7120      09451C
ARM GAS  C:\Users\nicx5\AppData\Local\Temp\ccq4ftZ0.s 			page 297


 7121 0d06 C994F9A6 		.ascii	"\311\224\371\246c+\363\256Y\304\261\212\270\366]\327"
 7121      632BF3AE 
 7121      59C4B18A 
 7121      B8F65DD7 
 7122 0d16 6BEF974E 		.ascii	"k\357\227NG/\210'\374\371\024\036K\004,7o/>\332z-4~"
 7122      472F8827 
 7122      FCF9141E 
 7122      4B042C37 
 7122      6F2F3EDA 
 7123 0d2e 67E50C13 		.ascii	"g\345\014\023\205\302\0135\372\031z+\007<\345<\245\343"
 7123      85C20B35 
 7123      FA197A2B 
 7123      073CE53C 
 7123      A5E3
 7124 0d40 194689A3 		.ascii	"\031F\211\243\025/J\034UA\035\231\232\360\364\204I\223"
 7124      152F4A1C 
 7124      55411D99 
 7124      9AF0F484 
 7124      4993
 7125 0d52 064E5ED2 		.ascii	"\006N^\322\302\311I\011\023\025\024U\023'\027OH\236"
 7125      C2C94909 
 7125      13151455 
 7125      1327174F 
 7125      489E
 7126 0d64 30210284 		.ascii	"0!\002\204H\220%\021UL\236P=M=\201,\251jZ`\002/a\022"
 7126      48902511 
 7126      554C9E50 
 7126      3D4D3D81 
 7126      2CA96A5A 
 7127 0d7d 05448602 		.ascii	"\005D\206\002B\202\004\021\262\304\024\005\312\022\001"
 7127      42820411 
 7127      B2C41405 
 7127      CA1201
 7128 0d8c 3D26503D 		.ascii	"=&P=\251j\252\242\"B\362T\225\004j\011\221\252'\252"
 7128      A96AAAA2 
 7128      2242F254 
 7128      95046A09 
 7128      91AA27AA 
 7129 0da0 24498464 		.ascii	"$I\204d\320\244\252\210\311STT\323\022'&&MQSOUQPLN\034"
 7129      D0A4AA88 
 7129      C9535454 
 7129      D3122726 
 7129      264D5153 
 7130 0dbb A03C2189 		.ascii	"\240<!\211\202b\312@J\212\011S\025T\223\025\205\251"
 7130      8262CA40 
 7130      4A8A0953 
 7130      15549315 
 7130      85A9
 7131 0dcd 26264F94 		.ascii	"&&O\224<M\231@\362T\345\364tA\024\024\223\222(()%LQ"
 7131      3C4D9940 
 7131      F254E5F4 
 7131      74411414 
 7131      93922828 
 7132 0de5 524C5152 		.ascii	"RLQRPQRNLTPL\0314\251:\241\004*I\224\324\022U\020'\275"
 7132      5051524E 
 7132      4C54504C 
 7132      1934A93A 
ARM GAS  C:\Users\nicx5\AppData\Local\Temp\ccq4ftZ0.s 			page 298


 7132      A1042A49 
 7133 0e00 506A3A62 		.ascii	"Pj:b\343\010\215\026\036\234\2204-a\331\251\205\023"
 7133      E3088D16 
 7133      1E9C9034 
 7133      2D61D9A9 
 7133      8513
 7134 0e12 92262626 		.ascii	"\222&&&MK\226$\305hRE\345\302i\212\210\013\246\004z"
 7134      4D4B9624 
 7134      C5685245 
 7134      E5C2698A 
 7134      880BA604 
 7135 0e27 FC608202 		.ascii	"\374`\202\002\205\306\017\027TSO\032@M\021\240\304P"
 7135      85C60F17 
 7135      54534F1A 
 7135      404D11A0 
 7135      C450
 7136 0e39 A406F831 		.ascii	"\244\006\3701AR\214 \015\020\231\200\012\203))#\023"
 7136      41528C20 
 7136      0D109980 
 7136      0A832929 
 7136      2313
 7137 0e4b DCF07181 		.ascii	"\334\360q\201\231\351\242\315\266_\345\015f\320\240"
 7137      99E9A2CD 
 7137      B65FE50D 
 7137      66D0A0
 7138 0e5a 21692A8F 		.ascii	"!i*\217e\015\261\320=\372`\321g\036\321\237>\275\225"
 7138      650DB1D0 
 7138      3DFA60D1 
 7138      671ED19F 
 7138      3EBD95
 7139 0e6d 57981161 		.ascii	"W\230\021a\315\351\3754\2135\265\265\003\274K7\225g"
 7139      CDE9FD34 
 7139      8B35B5B5 
 7139      03BC4B37 
 7139      9567
 7140 0e7f 1E24A208 		.ascii	"\036$\242\010#O\346\"\377\007z&/\221\312\363\210\"\221"
 7140      234FE622 
 7140      FF077A26 
 7140      2F91CAF3 
 7140      882291
 7141 0e92 03A9458C 		.ascii	"\003\251E\214\323[\375t\010yf\332\307\347\323X\337m"
 7141      D35BFD74 
 7141      087966DA 
 7141      C7E7D358 
 7141      DF6D
 7142 0ea4 23D60BC9 		.ascii	"#\326\013\3119\220G\346\310[\027\323\242xpS\276\317"
 7142      399047E6 
 7142      C85B17D3 
 7142      A2787053 
 7142      BECF
 7143 0eb6 51233DAF 		.ascii	"Q#=\257~\312\224\312\337su\006\017M\023\023\226??5\304"
 7143      7ECA94CA 
 7143      DF737506 
 7143      0F4D1313 
 7143      963F3F35 
 7144 0ecb E93760A2 		.ascii	"\3517`\242\240\224\367\251\326\373\026`\036A-@9R\276"
 7144      A094F7A9 
ARM GAS  C:\Users\nicx5\AppData\Local\Temp\ccq4ftZ0.s 			page 299


 7144      D6FB1660 
 7144      1E412D40 
 7144      3952BE
 7145 0ede FFB07CFB 		.ascii	"\377\260|\373\271\224\270\034e\242\026\004\336\241\351"
 7145      B994B81C 
 7145      65A21604 
 7145      DEA1E9
 7146 0eed 36695A4C 		.ascii	"6iZL\034|P\244s0F\367U\201\246\341\326\035\233\020\227"
 7146      1C7C50A4 
 7146      733046F7 
 7146      5581A6E1 
 7146      D61D9B10 
 7147 0f02 45400A24 		.ascii	"E@\012$\030{\260\3009f\250\321\254o\301\302\301\015"
 7147      187BB0C0 
 7147      3966A8D1 
 7147      AC6FC1C2 
 7147      C10D
 7148 0f14 DEB3E0B4 		.ascii	"\336\263\340\264G\337\245\202\204\203\036\025\244\263"
 7148      47DFA582 
 7148      84831E15 
 7148      A4B3
 7149 0f22 C177E0D8 		.ascii	"\301w\340\330\367\034\350\006\200\356\272\350\025:N"
 7149      F71CE806 
 7149      80EEBAE8 
 7149      153A4E
 7150 0f31 70C5EC48 		.ascii	"p\305\354H83\011\242|\320 4\312\263h\336\274\036\313"
 7150      383309A2 
 7150      7CD02034 
 7150      CAB368DE 
 7150      BC1ECB
 7151 0f44 B608D4E8 		.ascii	"\266\010\324\350\371\240S\353\372gh\354\213#\004\324"
 7151      F9A053EB 
 7151      FA6768EC 
 7151      8B2304D4 
 7152 0f54 86F24B50 		.ascii	"\206\362KP^\250\254.\361yFX\371\200\325\325\352\251"
 7152      5EA8AC2E 
 7152      F1794658 
 7152      F980D5D5 
 7152      EAA9
 7153 0f66 C15BF55D 		.ascii	"\301[\365]k\360?\252e\316,\327<x_R#oe\226\2552\260\310"
 7153      6BF03FAA 
 7153      65CE2CD7 
 7153      3C785F52 
 7153      236F6596 
 7154 0f7e E7758B3D 		.ascii	"\347u\213=\345\365\355\373\256\203(\275\"\353\252\376"
 7154      E5F5EDFB 
 7154      AE8328BD 
 7154      22EBAAFE 
 7155 0f8e C9C770DB 		.ascii	"\311\307p\333j\223\232i\252\257z\035n[h\023\266\320"
 7155      6A939A69 
 7155      AAAF7A1D 
 7155      6E5B6813 
 7155      B6D0
 7156 0fa0 35D273EA 		.ascii	"5\322s\352\251\276\267\324<\340\317\261\342\036\303"
 7156      A9BEB7D4 
 7156      3CE0CFB1 
 7156      E21EC3
ARM GAS  C:\Users\nicx5\AppData\Local\Temp\ccq4ftZ0.s 			page 300


 7157 0faf 532EA760 		.ascii	"S.\247`z{M\301|\266s\352\177\256Z\026\275\236Al\007"
 7157      7A7B4DC1 
 7157      7CB673EA 
 7157      7FAE5A16 
 7157      BD9E416C 
 7158 0fc4 EB7061AB 		.ascii	"\353pa\253\374?o\337\311;\225?\327\353\365\372\336~"
 7158      FC3F6FDF 
 7158      C93B953F 
 7158      D7EBF5FA 
 7158      DE7E
 7159 0fd6 13FA114E 		.ascii	"\023\372\021N\271\362\365\205\010\333\335\002)\021["
 7159      B9F2F585 
 7159      08DBDD02 
 7159      29115B
 7160 0fe5 3BCD6A25 		.ascii	";\315j%\0062\272\261\223t\362=\330GQ\261\357:}\304\266"
 7160      0632BAB1 
 7160      9374F23D 
 7160      D84751B1 
 7160      EF3A7DC4 
 7161 0ffa EDE63B79 		.ascii	"\355\346;y(\312\315K:q$\035x+\3575\373^7gS\322\275\210"
 7161      28CACD4B 
 7161      3A71241D 
 7161      782BEF35 
 7161      FB5E3767 
 7162 1012 512992C1 		.ascii	"Q)\222\301\007!\262\031<\213\346\316T\217\032m\340\255"
 7162      0721B219 
 7162      3C8BE6CE 
 7162      548F1A6D 
 7162      E0AD
 7163 1024 3C8130EC 		.ascii	"<\2010\354\202\357H\267M?\367\314\031G\"o\345$\006\372"
 7163      82EF48B7 
 7163      4D3FF7CC 
 7163      1947226F 
 7163      E52406FA 
 7164 1038 CE173D06 		.ascii	"\316\027=\006Z\240\015\277\303\036L\255;\354\233\024"
 7164      5AA00DBF 
 7164      C31E4CAD 
 7164      3BEC9B14 
 7165 1048 ED86487D 		.ascii	"\355\206H}\337y\026\215\346\364\317I\327%\365G\225C"
 7165      DF79168D 
 7165      E6F4CF49 
 7165      D725F547 
 7165      9543
 7166 105a 8D65D630 		.ascii	"\215e\3260\360\326\250o\303\247A9\375k\362L>\352Q\320"
 7166      F0D6A86F 
 7166      C3A74139 
 7166      FD6BF24C 
 7166      3EEA51D0 
 7167 106e 35F9A706 		.ascii	"5\371\247\006\377\271f\362DD\3278\352\002oe\272f\277"
 7167      FFB966F2 
 7167      4444D738 
 7167      EA026F65 
 7167      BA66BF
 7168 1081 A762322B 		.ascii	"\247b2+3d\341\303%$\001']\327\323\217-\2620\010\333"
 7168      3364E1C3 
 7168      25240127 
 7168      5DD7D38F 
ARM GAS  C:\Users\nicx5\AppData\Local\Temp\ccq4ftZ0.s 			page 301


 7168      2DB23008 
 7169 1096 72E5B560 		.ascii	"r\345\265`\017\366s\315>\2075\233\337yxV\370\261E\326"
 7169      0FF673CD 
 7169      3E87359B 
 7169      DF797856 
 7169      F8B145D6 
 7170 10aa 614212B5 		.ascii	"aB\022\265\255\371\275\371\377eZ&\345)\232o\367uW\206"
 7170      ADF9BDF9 
 7170      FF655A26 
 7170      E5299A6F 
 7170      F7755786 
 7171 10be 53AEDC63 		.ascii	"S\256\334c\234<\333\331\232\317\242*Ww\330\356FH\006"
 7171      9C3CDBD9 
 7171      9ACFA22A 
 7171      5777D8EE 
 7171      464806
 7172 10d1 D1B0D9E9 		.ascii	"\321\260\331\351\027B/n\354$\301\276\3614\363\210*\360"
 7172      17422F6E 
 7172      EC24C1BE 
 7172      F134F388 
 7172      2AF0
 7173 10e3 D6EF2BA8 		.ascii	"\326\357+\250\250\025\344\253ue\200\354\214\022\025"
 7173      A815E4AB 
 7173      756580EC 
 7173      8C1215
 7174 10f2 CD24D072 		.ascii	"\315$\320r\321\265\255\344\311>\033\310n\361\263lV7"
 7174      D1B5ADE4 
 7174      C93E1BC8 
 7174      6EF1B36C 
 7174      5637
 7175 1104 3036DE41 		.ascii	"06\336A\340\273\337\244\325\276\003\3124\006\204\027"
 7175      E0BBDFA4 
 7175      D5BE03CA 
 7175      34068417 
 7176 1114 3C06DFD3 		.ascii	"<\006\337\323M9+\350\005\317\241\252\211\011\304\200"
 7176      4D392BE8 
 7176      05CFA1AA 
 7176      8909C480 
 7177 1124 86F34634 		.ascii	"\206\363F4z\360{\012\365=\025\363L\3735VOsb\322\260"
 7177      7AF07B0A 
 7177      F53D15F3 
 7177      4CFB3556 
 7177      4F7362D2 
 7178 1139 5FCE91B1 		.ascii	"_\316\221\261\204zh\342\234\230\313\037\005t\337G\260"
 7178      847A68E2 
 7178      9C98CB1F 
 7178      0574DF47 
 7178      B0
 7179 114a 74E5CA57 		.ascii	"t\345\312W\360\015'\314\000\037\035\350\373\221\000"
 7179      F00D27CC 
 7179      001F1DE8 
 7179      FB9100
 7180 1159 CC33BDE4 		.ascii	"\3143\275\344\273O\311/q\353$\257\344\351\223\234\371"
 7180      BB4FC92F 
 7180      71EB24AF 
 7180      E4E9939C 
 7180      F9
ARM GAS  C:\Users\nicx5\AppData\Local\Temp\ccq4ftZ0.s 			page 302


 7181 116a 2733DF67 		.ascii	"'3\337g0\277\3154\026p\371\035(\363\271\037/}d>:6.\356"
 7181      30BFCD34 
 7181      1670F91D 
 7181      28F3B91F 
 7181      2F7D643E 
 7182 1182 21ECC5AD 		.ascii	"!\354\305\255>|\366t\253I#\240\010\311\267\337\367\324"
 7182      3E7CF674 
 7182      AB4923A0 
 7182      08C9B7DF 
 7182      F7D4
 7183 1194 E99150B8 		.ascii	"\351\221P\270^\257\210\215\364<\362NM\177\304\202ob"
 7183      5EAF888D 
 7183      F43CF24E 
 7183      4D7FC482 
 7183      6F62
 7184 11a6 7A0B98DE 		.ascii	"z\013\230\336Yg\251G\363\275\2046\001\254X\251\300\310"
 7184      5967A947 
 7184      F3BD8436 
 7184      01AC58A9 
 7184      C0C8
 7185 11b8 69001E0D 		.ascii	"i\000\036\015\350\033\320\216J\012\370\214\236\002\353"
 7185      E81BD08E 
 7185      4A0AF88C 
 7185      9E02EB
 7186 11c7 1B557E5B 		.ascii	"\033U~['{4 \313\347\006D\311\303\022P\204\310\250\303"
 7186      277B3420 
 7186      CBE70644 
 7186      C9C31250 
 7186      84C8A8C3 
 7187 11db 91350965 		.ascii	"\2215\011e\320\262\014)\232\021\221$I2\214\001\243\027"
 7187      D0B20C29 
 7187      9A119124 
 7187      49328C01 
 7187      A317
 7188 11ed 40603840 		.ascii	"@`8@\236\012\233\334\272\003\023\200\221\250\0221=\311"
 7188      9E0A9BDC 
 7188      BA031380 
 7188      91A81231 
 7188      3DC9
 7189 11ff 74CC1844 		.ascii	"t\314\030DFF(\020\221\202\244\334\264\034\275\221\014"
 7189      46462810 
 7189      9182A4DC 
 7189      B41CBD91 
 7189      0C
 7190 1210 23A8CF2E 		.ascii	"#\250\317.\214\252\345\227\030\276&-\273A\261vhB\377"
 7190      8CAAE597 
 7190      18BE262D 
 7190      BB41B176 
 7190      6842FF
 7191 1223 EFA27546 		.ascii	"\357\242uF\257\207(\023#t\015\360gV\"S\237}Mt\354 \367"
 7191      AF872813 
 7191      23740DF0 
 7191      67562253 
 7191      9F7D4D74 
 7192 123a E0140B49 		.ascii	"\340\024\013I\025Q\227\203,\037\253\225\307\2050\244"
 7192      15519783 
 7192      2C1FAB95 
ARM GAS  C:\Users\nicx5\AppData\Local\Temp\ccq4ftZ0.s 			page 303


 7192      C78530A4 
 7193 124a 95410722 		.ascii	"\225A\007\"\327?\221\334\0149\233\352_\311sh\225Bz\365"
 7193      D73F91DC 
 7193      0C399BEA 
 7193      5FC97368 
 7193      95427AF5 
 7194 125e 06D81B22 		.ascii	"\006\330\033\"\2720\341\242\245k\277T\324:\003\363x"
 7194      BA30E1A2 
 7194      A56BBF54 
 7194      D43A03F3 
 7194      78
 7195 126f 8F396CED 		.ascii	"\2179l\355&]\334\367\213\333F\272#D\364\020\000A\237"
 7195      265DDCF7 
 7195      8BDB46BA 
 7195      2344F410 
 7195      00419F
 7196 1282 E4A8E4E8 		.ascii	"\344\250\344\350\370\373\0152d\350\0322\340w\351\022"
 7196      F8FB0D32 
 7196      64E81A32 
 7196      E077E912 
 7197 1292 6D1FCA7A 		.ascii	"m\037\312zvN\012\327H@\353\314\242\360\217\336\346\266"
 7197      764E0AD7 
 7197      4840EBCC 
 7197      A2F08FDE 
 7197      E6B6
 7198 12a4 77732E7D 		.ascii	"ws.}\240:\031\231'^\332.\002\307\365\330\010\332i\341"
 7198      A03A1999 
 7198      275EDA2E 
 7198      02C7F5D8 
 7198      08DA69E1 
 7199 12b8 8832C449 		.ascii	"\2102\304I\210\220C(\255i\251b\345\314f\300\216;r\360"
 7199      88904328 
 7199      AD69A962 
 7199      E5CC66C0 
 7199      8E3B72F0 
 7200 12cc 8144B8D5 		.ascii	"\201D\270\325t\250\222\331\234t\030\005\321\212j\262"
 7200      74A892D9 
 7200      9C741805 
 7200      D18A6AB2 
 7201 12dc 7072B0B4 		.ascii	"pr\260\264r,\001\340\205\211^\356\314\342_\177\021i"
 7201      722C01E0 
 7201      85895EEE 
 7201      CCE25F7F 
 7201      1169
 7202 12ee 10E4EF7E 		.ascii	"\020\344\357~01\313\364\032g\345\364Y\356\"\000b\200"
 7202      3031CBF4 
 7202      1A67E5F4 
 7202      59EE2200 
 7202      6280
 7203 1300 CAA7C66C 		.ascii	"\312\247\306l!\253\376\230\232\025\006\270z\022\346"
 7203      21ABFE98 
 7203      9A1506B8 
 7203      7A12E6
 7204 130f 2A6C912C 		.ascii	"*l\221,\344\323\377\322J\240\310\012\204E\224\276\301"
 7204      E4D3FFD2 
 7204      4AA0C80A 
 7204      844594BE 
ARM GAS  C:\Users\nicx5\AppData\Local\Temp\ccq4ftZ0.s 			page 304


 7204      C1
 7205 1320 99A43A5D 		.ascii	"\231\244:]\211z\224\234}$Ji\265\232M\210\364\204[\352"
 7205      897A949C 
 7205      7D244A69 
 7205      B59A4D88 
 7205      F4845BEA 
 7206 1334 E3938DD7 		.ascii	"\343\223\215\327\277\027\231\233\234\372LA\305(\327"
 7206      BF17999B 
 7206      9CFA4C41 
 7206      C528D7
 7207 1343 741A5A0E 		.ascii	"t\032Z\016f=\353\030\220\021p\210yG\352\370\370\347"
 7207      663DEB18 
 7207      90117088 
 7207      7947EAF8 
 7207      F8E7
 7208 1355 7371E915 		.ascii	"sq\351\025\306xr\363^G\363\234U\254\334 \365\362\245"
 7208      C67872F3 
 7208      5E47F39C 
 7208      55ACDC20 
 7208      F5F2A5
 7209 1368 452EDDBC 		.ascii	"E.\335\274s,\204\327\035\322\250\321\223\236\302\035"
 7209      732C84D7 
 7209      1DD2A8D1 
 7209      939EC21D 
 7210 1378 178973EC 		.ascii	"\027\211s\354\272\000\356\022dy\365\300u&}@\322\035"
 7210      BA00EE12 
 7210      6479F5C0 
 7210      75267D40 
 7210      D21D
 7211 138a 74E2C72A 		.ascii	"t\342\307*\207\255\302\271\242.c&LH*p\355\004\324\211"
 7211      87ADC2B9 
 7211      A22E6326 
 7211      4C482A70 
 7211      ED04D489 
 7212 139e 3F764DC9 		.ascii	"?vM\311\226'.\377\\Y\003\217n.V\370g\3255\235 D\310"
 7212      96272EFF 
 7212      5C59038F 
 7212      6E2E56F8 
 7212      67D5359D 
 7213 13b5 C9E92166 		.ascii	"\311\351!f\027Xv\350\012p\245V\016\230\332=\340J\306"
 7213      175876E8 
 7213      0A70A556 
 7213      0E98DA3D 
 7213      E04AC6
 7214 13c8 E3D9DEED 		.ascii	"\343\331\336\355\307c\372V5Y\362\314\331T\225\014y\346"
 7214      C763FA56 
 7214      3559F2CC 
 7214      D954950C 
 7214      79E6
 7215 13da D034F727 		.ascii	"\3204\367'V\221\352\203u*K\254p~o\253O\205\261Q\032"
 7215      5691EA83 
 7215      752A4BAC 
 7215      707E6FAB 
 7215      4F85B151 
 7216 13ef 81442063 		.ascii	"\201D c\246#G\023h\365\351\201\350|\347h\216L\004)\321"
 7216      A6234713 
 7216      68F5E981 
ARM GAS  C:\Users\nicx5\AppData\Local\Temp\ccq4ftZ0.s 			page 305


 7216      E87CE768 
 7216      8E4C0429 
 7217 1404 15C77E87 		.ascii	"\025\307~\207]\204\020\011/\205\342\316\246\015E7\307"
 7217      5D841009 
 7217      2F85E2CE 
 7217      A60D4537 
 7217      C7
 7218 1415 88AB7259 		.ascii	"\210\253rY\311\204c\357\301\007\013qV\256\354\002F\001"
 7218      C98463EF 
 7218      C1070B71 
 7218      56AEEC02 
 7218      4601
 7219 1427 F3D7746B 		.ascii	"\363\327tkV\300\312\023z\225)\346\3702~\315\222d\342"
 7219      56C0CA13 
 7219      7A9529E6 
 7219      F8327ECD 
 7219      9264E2
 7220 143a 493EC003 		.ascii	"I>\300\003\254\352\025\255.(\277\217\357\220\231\345"
 7220      ACEA15AD 
 7220      2E28BF8F 
 7220      EF9099E5 
 7221 144a F77B81FD 		.ascii	"\367{\201\375\355\371\250\007\245\314\250\027\337\373"
 7221      EDF9A807 
 7221      A5CCA817 
 7221      DFFB
 7222 1458 25C50F1D 		.ascii	"%\305\017\035\304\273\242\"H\213\276x\304\3249\350\022"
 7222      C4BBA222 
 7222      488BBE78 
 7222      C4D439E8 
 7222      12
 7223 1469 13E81DC7 		.ascii	"\023\350\035\307\305\004\314\226\203\253\340\315#\236"
 7223      C504CC96 
 7223      83ABE0CD 
 7223      239E
 7224 1477 391EAA4C 		.ascii	"9\036\252L\316\273\213\021\364 ^;`9\215\237D\346_\016"
 7224      CEBB8B11 
 7224      F4205E3B 
 7224      60398D9F 
 7224      44E65F0E 
 7225 148b D3E47D93 		.ascii	"\323\344}\223\354\011)\374Jm\240E\276\361\241\375\347"
 7225      EC0929FC 
 7225      4A6DA045 
 7225      BEF1A1FD 
 7225      E7
 7226 149c 9AE1CE03 		.ascii	"\232\341\316\003\241\223\033\226mc`\315\021\304\235"
 7226      A1931B96 
 7226      6D6360CD 
 7226      11C49D
 7227 14ab 4C99E561 		.ascii	"L\231\345a\252A\210_F\277+Q\363\320'y\337W\376\320q"
 7227      AA41885F 
 7227      46BF2B51 
 7227      F3D02779 
 7227      DF57FED0 
 7228 14c0 010536D5 		.ascii	"\001\0056\325\350OS\220\256\030\2351\231\210\261\316"
 7228      E84F5390 
 7228      AE189D31 
 7228      9988B1CE 
ARM GAS  C:\Users\nicx5\AppData\Local\Temp\ccq4ftZ0.s 			page 306


 7229 14d0 D990DDE3 		.ascii	"\331\220\335\343\313\317\361B&Kf\015\311\232&\212+\316"
 7229      CBCFF142 
 7229      264B660D 
 7229      C99A268A 
 7229      2BCE
 7230 14e2 BA9A816C 		.ascii	"\272\232\201l\313\244\010\262\005\302Q}\322\376-\013"
 7230      CBA408B2 
 7230      05C2517D 
 7230      D2FE2D0B 
 7231 14f2 561FB30C 		.ascii	"V\037\263\014Nx\357H\275 <\313)\322\331j\376`J\272x"
 7231      4E78EF48 
 7231      BD203CCB 
 7231      29D2D96A 
 7231      FE604ABA 
 7232 1507 F32DABB9 		.ascii	"\363-\253\271\217\276O\032\221&\231\230\234\271\217"
 7232      8FBE4F1A 
 7232      91269998 
 7232      9CB98F
 7233 1516 F6A7F2CF 		.ascii	"\366\247\362\317\346\000P\214dD\272\304`)\233\200\271"
 7233      E600508C 
 7233      6444BAC4 
 7233      60299B80 
 7233      B9
 7234 1527 C77DE437 		.ascii	"\307}\3447\274>\347\021\376\314y\207\037\005\240`Q\350"
 7234      BC3EE711 
 7234      FECC7987 
 7234      1F05A060 
 7234      51E8
 7235 1539 AFD969BC 		.ascii	"\257\331i\274jI\002\305\332l\254\032\001Q\026TJT\234"
 7235      6A4902C5 
 7235      DA6CAC1A 
 7235      01511654 
 7235      4A549C
 7236 154c 3D832EF6 		.ascii	"=\203.\366;\032Bp\326\246\273F\262\023\201\213\225\260"
 7236      3B1A4270 
 7236      D6A6BB46 
 7236      B213818B 
 7236      95B0
 7237 155e 63C63FE1 		.ascii	"c\306?\3412\257sp2\213,\363\002\005\362\367K>\340yq"
 7237      32AF7370 
 7237      328B2CF3 
 7237      0205F2F7 
 7237      4B3EE079 
 7238 1573 93430617 		.ascii	"\223C\006\027\321p\324{l\320\005Vb\370g\365[T\036\226"
 7238      D170D47B 
 7238      6CD00556 
 7238      62F867F5 
 7238      5B541E96 
 7239 1587 2160CCCC 		.ascii	"!`\314\314\373\013\035\251\374\026\034\232\2479\341"
 7239      FB0B1DA9 
 7239      FC161C9A 
 7239      A739E1
 7240 1596 9C24059B 		.ascii	"\234$\005\233\273\024\266\276\314\205\371\322\204m\025"
 7240      BB14B6BE 
 7240      CC85F9D2 
 7240      846D15
 7241 15a5 83847E82 		.ascii	"\203\204~\202\260\237#b\240\341\002<R\204\303<\231P"
ARM GAS  C:\Users\nicx5\AppData\Local\Temp\ccq4ftZ0.s 			page 307


 7241      B09F2362 
 7241      A0E1023C 
 7241      5284C33C 
 7241      9950
 7242 15b7 E0DEF067 		.ascii	"\340\336\360g\233\022\302\315\206\207\\\260\306#\022"
 7242      9B12C2CD 
 7242      86875CB0 
 7242      C62312
 7243 15c6 1989B62C 		.ascii	"\031\211\266,\355\322~\177\245\227\346\234{\332V\035"
 7243      EDD27E7F 
 7243      A597E69C 
 7243      7BDA561D 
 7244 15d6 6F8200D6 		.ascii	"o\202\000\326U\0024\210\233\333\221n\342C@\273I;\001"
 7244      55023488 
 7244      9BDB916E 
 7244      E24340BB 
 7244      493B01
 7245 15e9 DD9F0FA6 		.ascii	"\335\237\017\246H\316\022q\024\222\027\206\355y\026"
 7245      48CE1271 
 7245      14921786 
 7245      ED7916
 7246 15f8 33699F64 		.ascii	"3i\237dX\247x\272@\035\021\244|$>\306$\224\352\017:"
 7246      58A778BA 
 7246      401D11A4 
 7246      7C243EC6 
 7246      2494EA0F 
 7247 160d 0B5F4A52 		.ascii	"\013_JR\222PaL\355\347z\013]$FQ\235\275Yx!\205U\204"
 7247      9250614C 
 7247      EDE77A0B 
 7247      5D244651 
 7247      9DBD5978 
 7248 1625 80626B3A 		.ascii	"\200bk:\350\331u\233(\345jf}!\005\371\254\245\260\004"
 7248      E8D9759B 
 7248      28E56A66 
 7248      7D2105F9 
 7248      ACA5B004 
 7249 1639 160E4577 		.ascii	"\026\016Ew\002M\037[v\356\357\337p\376L\210KIy\007\204"
 7249      024D1F5B 
 7249      76EEEFDF 
 7249      70FE4C88 
 7249      4B497907 
 7250 164e 68B1391D 		.ascii	"h\2619\035\360}\0171\200\021\332\001\242\200\370\021"
 7250      F07D0F31 
 7250      8011DA01 
 7250      A280F811 
 7251 165e 38360B51 		.ascii	"86\013Q@\000J\352\250\025\300\310]\370\376\222\211\321"
 7251      40004AEA 
 7251      A815C0C8 
 7251      5DF8FE92 
 7251      89D1
 7252 1670 E6858F79 		.ascii	"\346\205\217y\350\307/\351\325\265\336\215\363mf\205"
 7252      E8C72FE9 
 7252      D5B5DE8D 
 7252      F36D6685 
 7253 1680 024E6B4B 		.ascii	"\002NkK\210e\334\320A\276\3570\305\235\232\242[\222"
 7253      8865DCD0 
 7253      41BEEF30 
ARM GAS  C:\Users\nicx5\AppData\Local\Temp\ccq4ftZ0.s 			page 308


 7253      C59D9AA2 
 7253      5B92
 7254 1692 3DFF083F 		.ascii	"=\377\010?F\204\305Y\246%u\323,\0019\313\227d\375\222"
 7254      4684C559 
 7254      A62575D3 
 7254      2C0139CB 
 7254      9764FD92 
 7255 16a6 C34D3AC5 		.ascii	"\303M:\305~U\220Dn- \264\332V\241\353\331\326r\234\265"
 7255      7E559044 
 7255      6E2D20B4 
 7255      DA56A1EB 
 7255      D9D6729C 
 7256 16bb 4844C6B7 		.ascii	"HD\306\267\213@\001\033<'\006q\030\267\323J[\355i,\231"
 7256      8B40011B 
 7256      3C270671 
 7256      18B7D34A 
 7256      5BED692C 
 7257 16d0 C1BCC531 		.ascii	"\301\274\3051\327\313\311/\337\317\006\315\004e\260"
 7257      D7CBC92F 
 7257      DFCF06CD 
 7257      0465B0
 7258 16df CB742E11 		.ascii	"\313t.\021\340\361\260\264\217\243\026:qD\035\372\257"
 7258      E0F1B0B4 
 7258      8FA3163A 
 7258      71441DFA 
 7258      AF
 7259 16f0 D67D9B9B 		.ascii	"\326}\233\233|\007\011j\263`5.1\324\022)\374\036KZo"
 7259      7C07096A 
 7259      B360352E 
 7259      31D41229 
 7259      FC1E4B5A 
 7260 1705 2032C36E 		.ascii	" 2\303nT\314\010\277\020h\224d\256\260\003Z\3465\313"
 7260      54CC08BF 
 7260      10689464 
 7260      AEB0035A 
 7260      E635CB
 7261 1718 2D83E599 		.ascii	"-\203\345\231\333\263`F1v\032\2057\2538T\331\223\323"
 7261      DBB36046 
 7261      31761A85 
 7261      37AB3854 
 7261      D993D3
 7262 172b AD956B34 		.ascii	"\255\225k4U\3074\336?H,%\340x$g\217\361Eq\032\200$f"
 7262      55C734DE 
 7262      3F482C25 
 7262      E0782467 
 7262      8FF14571 
 7263 1743 9769989D 		.ascii	"\227i\230\235\233L@xEM\253\265\001\016d\030\212L\255"
 7263      9B4C4078 
 7263      454DABB5 
 7263      010E6418 
 7263      8A4CAD
 7264 1756 3527E67B 		.ascii	"5'\346{\274<\212R\206\337\324\343peE}\356\036P\241\201"
 7264      BC3C8A52 
 7264      86DFD4E3 
 7264      7065457D 
 7264      EE1E50A1 
 7265 176b 0BFB4791 		.ascii	"\013\373G\221}"
ARM GAS  C:\Users\nicx5\AppData\Local\Temp\ccq4ftZ0.s 			page 309


 7265      7D
 7266 1770 6936C018 		.ascii	"i6\300\030\314\366i\331\333-\227\306\350\201#&\230\356"
 7266      CCF669D9 
 7266      DB2D97C6 
 7266      E8812326 
 7266      98EE
 7267 1782 55C45058 		.ascii	"U\304PX\374_\241G\271\372P\016I\302S\304>v\235zK\333"
 7267      FC5FA147 
 7267      B9FA500E 
 7267      49C253C4 
 7267      3E769D7A 
 7268 1798 741E7416 		.ascii	"t\036t\026v\3560U,&\226\034\261(\241\004\0349\251\354"
 7268      76EE3055 
 7268      2C26961C 
 7268      B128A104 
 7268      1C39A9EC 
 7269 17ac 2D158C0A 		.ascii	"-\025\214\012\362\260\021\203=\003\277(\266\200\003"
 7269      F2B01183 
 7269      3D03BF28 
 7269      B68003
 7270 17bb 7231828A 		.ascii	"r1\202\212\300Q\3071\352\334?\375.(\341PCh\310!\377"
 7270      C051C731 
 7270      EADC3FFD 
 7270      2E28E150 
 7270      4368C821 
 7271 17d0 749C1573 		.ascii	"t\234\025s\203\264\213\221\364=\234\316&\336S\326t\202"
 7271      83B48B91 
 7271      F43D9CCE 
 7271      26DE53D6 
 7271      7482
 7272 17e2 5D39169C 		.ascii	"]9\026\234\0147k\376\201q\247\306x\013\352\342\304\342"
 7272      0C376BFE 
 7272      8171A7C6 
 7272      780BEAE2 
 7272      C4E2
 7273 17f4 34D106FB 		.ascii	"4\321\006\373{(\324f\307\370.\342\312L\347\332+q\353"
 7273      7B28D466 
 7273      C7F82EE2 
 7273      CA4CE7DA 
 7273      2B71EB
 7274 1807 DDC479DB 		.ascii	"\335\304y\333\226\327\335f\366\311\320\314\014#\010"
 7274      96D7DD66 
 7274      F6C9D0CC 
 7274      0C2308
 7275 1816 CCA3599C 		.ascii	"\314\243Y\234\345\221\011I(R\323g\273\301>{\022\035"
 7275      E5910949 
 7275      2852D367 
 7275      BBC13E7B 
 7275      121D
 7276 1828 D80F7F52 		.ascii	"\330\017\177R\342zBc\031\003\025\224\321\207=\012\203"
 7276      E27A4263 
 7276      19031594 
 7276      D1873D0A 
 7276      83
 7277 1839 B010401B 		.ascii	"\260\020@\033Ak>Ad\014\017\005@\225\203F\233\222Ayl"
 7277      416B3E41 
 7277      640C0F05 
ARM GAS  C:\Users\nicx5\AppData\Local\Temp\ccq4ftZ0.s 			page 310


 7277      40958346 
 7277      9B924179 
 7278 184e E82442A0 		.ascii	"\350$B\240\331\374\023\012e\020\224ko\010\203\016\330"
 7278      D9FC130A 
 7278      6510946B 
 7278      6F08830E 
 7278      D8
 7279 185f 98933D8E 		.ascii	"\230\223=\216\010~Q\034x:\000T\305\217\2763\222\021"
 7279      087E511C 
 7279      783A0054 
 7279      C58FBE33 
 7279      9211
 7280 1871 1151155C 		.ascii	"\021Q\025\\\203\355d\301\301\276\370\206\210\373\026"
 7280      83ED64C1 
 7280      C1BEF886 
 7280      88FB16
 7281 1880 414DF19A 		.ascii	"AM\361\232\200\211\356\271\2046\333t\025\305z\036\327"
 7281      8089EEB9 
 7281      8436DB74 
 7281      15C57A1E 
 7281      D7
 7282 1891 55542BF9 		.ascii	"UT+\371L\227\210V\004\006!\335EI\225\317t\025eH\026"
 7282      4C978856 
 7282      040621DD 
 7282      454995CF 
 7282      74156548 
 7283 18a6 5F3F19BC 		.ascii	"_?\031\274\265F\037>\367\037\215\036.X\020\020\346X"
 7283      B5461F3E 
 7283      F71F8D1E 
 7283      2E581010 
 7283      E658
 7284 18b8 760D240B 		.ascii	"v\015$\013h\307p^\002k3\012(M\242\276q\312\2377\201"
 7284      68C7705E 
 7284      026B330A 
 7284      284DA2BE 
 7284      71CA9F37 
 7285 18cd 8CB6C55D 		.ascii	"\214\266\305]H&\346d6\211(/=\224/8\374\015s\204Vue:"
 7285      4826E664 
 7285      3689282F 
 7285      3D942F38 
 7285      FC0D7384 
 7286 18e5 D6075D42 		.ascii	"\326\007]B\332\306\206X\370/\246P\032\026\254\024\024"
 7286      DAC68658 
 7286      F82FA650 
 7286      1A16AC14 
 7286      14
 7287 18f6 8C384797 		.ascii	"\2148G\227L\200Q\244spk\031\222\223x\334Kv\207a\370"
 7287      4C8051A4 
 7287      73706B19 
 7287      929378DC 
 7287      4B768761 
 7288 190b 9CAB4F8D 		.ascii	"\234\253O\215\265\013>*\246\244k\004\320\213\020K8\014"
 7288      B50B3E2A 
 7288      A6A46B04 
 7288      D08B104B 
 7288      380C
 7289 191d 54E811EC 		.ascii	"T\350\021\354hf\251\273P\344\345\230\300\020\275p#\300"
ARM GAS  C:\Users\nicx5\AppData\Local\Temp\ccq4ftZ0.s 			page 311


 7289      6866A9BB 
 7289      50E4E598 
 7289      C010BD70 
 7289      23C0
 7290 192f 3E6986A1 		.ascii	">i\206\241't\304T\242KX\320dw\2279U\037\355\353,$\242"
 7290      2774C454 
 7290      A24B58D0 
 7290      64779739 
 7290      551FEDEB 
 7291 1946 FD30F8D4 		.ascii	"\3750\370\324\372l\343\347\367\004\260\321\216\376J"
 7291      FA6CE3E7 
 7291      F704B0D1 
 7291      8EFE4A
 7292 1955 983DDC84 		.ascii	"\230=\334\204\221\366\027\334\355\034%\213&@\037\032"
 7292      91F617DC 
 7292      ED1C258B 
 7292      26401F1A 
 7293 1965 8735E658 		.ascii	"\2075\346X\237Z5\201\245\336*\252i$\202<\305\\\023R"
 7293      9F5A3581 
 7293      A5DE2AAA 
 7293      6924823C 
 7293      C55C1352 
 7294 1979 D4196104 		.ascii	"\324\031a\004\266\0131\261\343\014\177&V\006\357\205"
 7294      B60B31B1 
 7294      E30C7F26 
 7294      5606EF85 
 7295 1989 CC8CD260 		.ascii	"\314\214\322`\237\307\323\207\323\330P\322\201\346\\"
 7295      9FC7D387 
 7295      D3D850D2 
 7295      81E65C
 7296 1998 6325F770 		.ascii	"c%\367p\345!\261\267\241<\350gm\317\2050\030\327\320"
 7296      E521B1B7 
 7296      A13CE867 
 7296      6DCF8530 
 7296      18D7D0
 7297 19ab EF525DA0 		.ascii	"\357R]\240O\255\316\337x\0268\313\303]\347\360\270\011"
 7297      4FADCEDF 
 7297      781638CB 
 7297      C35DE7F0 
 7297      B809
 7298 19bd E6BF545C 		.ascii	"\346\277T\\\370\"B\203(\206DO\002\330\011\007*\272_"
 7298      F8224283 
 7298      2886444F 
 7298      02D80907 
 7298      2ABA5F
 7299 19d0 E556CEFF 		.ascii	"\345V\316\377j.\205\207_$\315\375\000\350\371\242y\234"
 7299      6A2E8587 
 7299      5F24CDFD 
 7299      00E8F9A2 
 7299      799C
 7300 19e2 1C3BA5DD 		.ascii	"\034;\245\335\027\210\353\370a[^\322\204\232\015R\252"
 7300      1788EBF8 
 7300      615B5ED2 
 7300      849A0D52 
 7300      AA
 7301 19f3 5A6DDE57 		.ascii	"Zm\336W9\026\2569\324\331P\317Z\346\324}\020(|)\031"
 7301      3916AE39 
ARM GAS  C:\Users\nicx5\AppData\Local\Temp\ccq4ftZ0.s 			page 312


 7301      D4D950CF 
 7301      5AE6D47D 
 7301      10287C29 
 7302 1a08 57964E8D 		.ascii	"W\226N\215\224\303\001ac\272e\335\223F7\221\017\254"
 7302      94C30161 
 7302      63BA65DD 
 7302      93463791 
 7302      0FAC
 7303 1a1a B626C570 		.ascii	"\266&\305p\312P;\234\3158\250\307\357?@=\243\202\310"
 7303      CA503B9C 
 7303      CD38A8C7 
 7303      EF3F403D 
 7303      A382C8
 7304 1a2d 8C601B91 		.ascii	"\214`\033\221XgS-\213\330\225~\024\006\245&\364g\215"
 7304      5867532D 
 7304      8BD8957E 
 7304      1406A526 
 7304      F4678D
 7305 1a40 EB45     		.ascii	"\353E"
 7306              		.text
 7307              		.section	.gnu.lto_HAL_ADC_AnalogWDGConfig.354.1f3e1af6,"e",%progbits
 7308 0000 28B52FFD 		.ascii	"(\265/\375`b8]\267\000\212\024\225=E\020\020\245\261"
 7308      6062385D 
 7308      B7008A14 
 7308      953D4510 
 7308      10A5B1
 7309 0013 74BF9285 		.ascii	"t\277\222\205F\341\303\254\012\">\365\216\333T\320z"
 7309      46E1C3AC 
 7309      0A223EF5 
 7309      8EDB54D0 
 7309      7A
 7310 0024 9B5E394A 		.ascii	"\233^9J\030\224\242\204p\267!yh~\207*) a\343A\205\025"
 7310      1894A284 
 7310      70B72179 
 7310      687E872A 
 7310      292061E3 
 7311 003b 003716D7 		.ascii	"\0007\026\327\303\201\251\006\370O\333\311H\007\330"
 7311      C381A906 
 7311      F84FDBC9 
 7311      4807D8
 7312 004a 6015EB32 		.ascii	"`\025\3532\011#d\247\224R\354\003[\003\313\003l\221"
 7312      092364A7 
 7312      9452EC03 
 7312      5B03CB03 
 7312      6C91
 7313 005c F35FE7F6 		.ascii	"\363_\347\3666Bd\346\237\234\016N\332\326\355\252\247"
 7313      364264E6 
 7313      9F9C0E4E 
 7313      DAD6EDAA 
 7313      A7
 7314 006d 6D74AAA1 		.ascii	"mt\252\241\353k\273\222\366\262v\265n\277\356\277\356"
 7314      EB6BBB92 
 7314      F6B276B5 
 7314      6EBFEEBF 
 7314      EE
 7315 007e 32FDC3DC 		.ascii	"2\375\303\334lR\266\020\335\250\261G\201\262\205\350"
 7315      6C52B610 
ARM GAS  C:\Users\nicx5\AppData\Local\Temp\ccq4ftZ0.s 			page 313


 7315      DDA8B147 
 7315      81B285E8 
 7316 008e E609DA16 		.ascii	"\346\011\332\026\"c\031\273\231\223-DF2&]\211d\256\204"
 7316      226319BB 
 7316      99932D44 
 7316      4632265D 
 7316      8964AE84 
 7317 00a2 7D898B75 		.ascii	"}\211\213u%\222\365\261*\302mZN\035,\252\315\260\177"
 7317      2592F5B1 
 7317      2AC26D5A 
 7317      4E1D2CAA 
 7317      CDB07F
 7318 00b5 B9175324 		.ascii	"\271\027S$\017\326\335+J\016\334\3424\212Y\250\257\354"
 7318      0FD6DD2B 
 7318      4A0EDCE2 
 7318      348A59A8 
 7318      AFEC
 7319 00c7 2D0B7197 		.ascii	"-\013q\227\324fW\342\232f\037\256\024_<Xo\315>\\\036"
 7319      D46657E2 
 7319      9A661FAE 
 7319      145F3C58 
 7319      6FCD3E5C 
 7320 00dc DA87CCA4 		.ascii	"\332\207\314\244ZZ\346\201\362\221\342\336\223\342\214"
 7320      5A5AE681 
 7320      F291E2DE 
 7320      93E28C
 7321 00eb 0773EF91 		.ascii	"\007s\357\221\352\314\326\313Q\212\2129W\247\007\015"
 7321      EACCD6CB 
 7321      518A8A39 
 7321      57A7070D 
 7322 00fb 14B3F34C 		.ascii	"\024\263\363L\341AB\254\336Ysg\212\015s\212N\333\241"
 7322      E14142AC 
 7322      DE597367 
 7322      8A0D738A 
 7322      4EDBA1
 7323 010e AA438548 		.ascii	"\252C\205Hgy\265\244\342\243C5\247)\253&\251\020\301"
 7323      6779B5A4 
 7323      E2A34335 
 7323      A729AB26 
 7323      A910C1
 7324 0121 48CA4956 		.ascii	"H\312IV\265\315\251\202\354H\2538T\212Z\340t\201c\325"
 7324      B5CDA982 
 7324      EC48AB38 
 7324      548A5AE0 
 7324      748163D5 
 7325 0135 01A45563 		.ascii	"\001\244Uc?\016\261^)zq|t\034\262\307N\343\020\305f"
 7325      3F0EB15E 
 7325      297A717C 
 7325      741CB2C7 
 7325      4EE310C5 
 7326 014a BCF2E04A 		.ascii	"\274\362\340J1\314\242R\331\342\225\241\342\325a'b\265"
 7326      31CCA252 
 7326      D9E295A1 
 7326      E2D56127 
 7326      62B5
 7327 015c A1527483 		.ascii	"\241Rt\203\030b\012\"V&\221\025\317!\326\001\332\260"
 7327      18620A22 
ARM GAS  C:\Users\nicx5\AppData\Local\Temp\ccq4ftZ0.s 			page 314


 7327      56269115 
 7327      CF21D601 
 7327      DAB0
 7328 016e 8235578A 		.ascii	"\2025W\212\037\250Q\342@M\005z\210\370\254\365\001*"
 7328      1FA851E2 
 7328      404D057A 
 7328      88F8ACF5 
 7328      012A
 7329 0180 6016EA42 		.ascii	"`\026\352Bf!\336j3\334i\256\024%\367\032\015\241V\364"
 7329      6621DE6A 
 7329      33DC69AE 
 7329      1425F71A 
 7329      0DA156F4 
 7330 0194 CBAF6D3B 		.ascii	"\313\257m;r\343V\207O\017\210K\036Oo4[M\250\005\324"
 7330      72E35687 
 7330      4F0F884B 
 7330      1E4F6F34 
 7330      5B4DA805 
 7331 01a9 B67C9946 		.ascii	"\266|\231F\324=W\032\365<\201\236\331b\026j\347e\356"
 7331      D43D571A 
 7331      F53C819E 
 7331      D962166A 
 7331      E765EE
 7332 01bc E21ED380 		.ascii	"\342\036\323\200-\330\034\364 \013!\351\341\321e\244"
 7332      2DD81CF4 
 7332      200B21E9 
 7332      E1D165A4 
 7333 01cc DE92B5FF 		.ascii	"\336\222\265\377'\211\005\315\322\277\300\310\244\311"
 7333      278905CD 
 7333      D2BFC0C8 
 7333      A4C9
 7334 01da 410B542B 		.ascii	"A\013T+t\373\343b\3332}\211e\255.\013\264\235\032\264"
 7334      74FBE362 
 7334      DB327D89 
 7334      65AD2E0B 
 7334      B49D1AB4 
 7335 01ee F060F6E3 		.ascii	"\360`\366\343\362V\203\366\035\037\261\260Y\266\255"
 7335      F25683F6 
 7335      1D1FB1B0 
 7335      59B6AD
 7336 01fd DF887672 		.ascii	"\337\210vr\267P$I\036\337g\001\033m\313\302(\200\266"
 7336      B7502449 
 7336      1EDF6701 
 7336      1B6DCBC2 
 7336      2880B6
 7337 0210 13899187 		.ascii	"\023\211\221\207;s\177i0]\315w\001\027\265mf\237\016"
 7337      3B737F69 
 7337      305DCD77 
 7337      0117B56D 
 7337      669F0E
 7338 0223 DAD6AF04 		.ascii	"\332\326\257\004CA\333\031\355\243g;\331\236\360l'3"
 7338      4341DB19 
 7338      EDA3673B 
 7338      D99EF06C 
 7338      2733
 7339 0235 33D38A2E 		.ascii	"3\323\212.\226~\333\301\336\024\002\270\315(g\364\264"
 7339      967EDBC1 
ARM GAS  C:\Users\nicx5\AppData\Local\Temp\ccq4ftZ0.s 			page 315


 7339      DE1402B8 
 7339      CD2867F4 
 7339      B4
 7340 0246 ADDFD26B 		.ascii	"\255\337\322kiis\032F\303\204|\206\315\360 \227a\016"
 7340      6969731A 
 7340      46C3847C 
 7340      86CDF020 
 7340      97610E
 7341 0259 980C0B72 		.ascii	"\230\014\013r \003\362\037\217a?\0323d\304\200\361\302"
 7341      2003F21F 
 7341      8F613F1A 
 7341      3364C480 
 7341      F1C2
 7342 026b 450B164D 		.ascii	"E\013\026M+T\244`Bqb\311D\011\022#D\204P\002\221\364"
 7342      2B54A460 
 7342      427162C9 
 7342      44091223 
 7342      44845002 
 7343 0281 C143011D 		.ascii	"\301C\001\0358D7h@\312@\000\206\013\026*P82\232Pt%\020"
 7343      38443768 
 7343      40CA4000 
 7343      860B162A 
 7343      5038329A 
 7344 0299 0D458020 		.ascii	"\015E\200 \024\004\004\375y:\331w)w\222\3464=\276P\211"
 7344      140404FD 
 7344      793AD977 
 7344      297792E6 
 7344      343DBE50 
 7345 02ae 52984685 		.ascii	"R\230F\205kkFCX\330E\201wag\014\373^\271\30013\205\315"
 7345      6B6B4643 
 7345      58D84581 
 7345      7761670C 
 7345      FB5EB9C0 
 7346 02c6 7950025C 		.ascii	"yP\002\\\225\3462?N\214]\024(\207\205\203G\272\257\305"
 7346      95E6323F 
 7346      4E8C5D14 
 7346      28878583 
 7346      47BAAFC5 
 7347 02da 32265346 		.ascii	"2&SF\201\352\345\304YPJ\023\347@@\262\346\277\014T/"
 7347      81EAE5C4 
 7347      59504A13 
 7347      E74040B2 
 7347      E6BF0C54 
 7348 02ef 2663CE63 		.ascii	"&c\316c\3304\366\243\241\344\3523\214\250pKZ\306\246"
 7348      D834F6A3 
 7348      A1E4EA33 
 7348      8CA8704B 
 7348      5AC6A6
 7349 0302 A6C780F1 		.ascii	"\246\307\200\361\202\317\036w\321\247[d\352q\026\335"
 7349      82CF1E77 
 7349      D1A75B64 
 7349      EA7116DD 
 7350 0312 4411CA19 		.ascii	"D\021\312\031_f\323\012\025\223\235B\022l\322\231(\033"
 7350      5F66D30A 
 7350      15939D42 
 7350      126CD299 
 7350      281B
ARM GAS  C:\Users\nicx5\AppData\Local\Temp\ccq4ftZ0.s 			page 316


 7351 0324 C51C397E 		.ascii	"\305\0349~b\311\004c\227\360\200\214\321I|\320#\026"
 7351      62C90463 
 7351      97F0808C 
 7351      D1497CD0 
 7351      2316
 7352 0336 155D44A4 		.ascii	"\025]D\244\033\017\361\343\244\004\342R\321\012;)\315"
 7352      1B0FF1E3 
 7352      A404E252 
 7352      D10A3B29 
 7352      CD
 7353 0347 9342FFD0 		.ascii	"\223B\377\320\246=\240!\364\002\250ht\272\003\207\037"
 7353      A63DA021 
 7353      F402A868 
 7353      74BA0387 
 7353      1F
 7354 0358 A706B0B0 		.ascii	"\247\006\260\260\315\325eR\321\006;\3122\221%^i\253"
 7354      CDD56552 
 7354      D1063BCA 
 7354      3291255E 
 7354      69AB
 7355 036a 591936C2 		.ascii	"Y\0316\302%\026Eg\033\364\015fZ\203\230>G:\023\3063"
 7355      25164567 
 7355      1BF40D66 
 7355      5A83983E 
 7355      473A13C6 
 7356 037f F035D52C 		.ascii	"\3605\325,\361yTe#W\371\004PvQ \0262\030~\234\354\264"
 7356      F1795465 
 7356      2357F904 
 7356      50765120 
 7356      1632187E 
 7357 0396 9F49AB1A 		.ascii	"\237I\253\032,\226\245Q\341\326\372\302\027/n\241\002"
 7357      2C96A551 
 7357      E1D6FAC2 
 7357      172F6EA1 
 7357      02
 7358 03a7 05BA2D7E 		.ascii	"\005\272-~\264\327Fs\203\315\341\316L\213O\340Pt\255"
 7358      B4D74673 
 7358      83CDE1CE 
 7358      4C8B4FE0 
 7358      5074AD
 7359 03ba 6655367A 		.ascii	"fU6zg\026\347\022\250hrM\224\245\357\314\334|\350K\204"
 7359      6716E712 
 7359      A868724D 
 7359      94A5EFCC 
 7359      DC7CE84B 
 7360 03cf 3B086C42 		.ascii	";\010lBrhA{\200\276ji\007\355\301\276\212\325\303:T"
 7360      7268417B 
 7360      80BE6A69 
 7360      07EDC1BE 
 7360      8AD5C33A 
 7361 03e4 B4B6FE91 		.ascii	"\264\266\376\221BemJ\320\231XS\315\330\236@h\032\014"
 7361      42656D4A 
 7361      D0995853 
 7361      CDD89E40 
 7361      681A0C
 7362 03f7 3207AA59 		.ascii	"2\007\252Y\225\237'+\242m1\255\255f`\330#G\270I\241"
 7362      959F272B 
ARM GAS  C:\Users\nicx5\AppData\Local\Temp\ccq4ftZ0.s 			page 317


 7362      A26D31AD 
 7362      AD6660D8 
 7362      2347B849 
 7363 040c B3307782 		.ascii	"\2630w\2029\233\201\352E\205\215\266m+t\366\345\317"
 7363      399B81EA 
 7363      45858DB6 
 7363      6D2B74F6 
 7363      E5CF
 7364 041e A248B357 		.ascii	"\242H\263W6t\346\305\016\331qP\247\007\233U\243z\265"
 7364      3674E6C5 
 7364      0ED97150 
 7364      A7079B55 
 7364      A37AB5
 7365 0431 B9FF38B5 		.ascii	"\271\3778\265m\313>v\206\326\274@3;\2610\267\0313S4"
 7365      6DCB3E76 
 7365      86D6BC40 
 7365      333BB130 
 7365      B7193353 
 7366 0446 4EA68382 		.ascii	"N\246\203\202^\310\001\033\350\203\312\000y\331\353"
 7366      5EC8011B 
 7366      E883CA00 
 7366      79D9EB
 7367 0455 57639307 		.ascii	"Wc\223\007}\262\321\342\301\241\377S)\365\"\005\343"
 7367      7DB2D1E2 
 7367      C1A1FF53 
 7367      29F52205 
 7367      E3
 7368 0466 3DC6D1B0 		.ascii	"=\306\321\260\007\343\247\322\363\347\241\377ybiD\215"
 7368      07E3A7D2 
 7368      F3E7A1FF 
 7368      79626944 
 7368      8D
 7369 0477 62AED756 		.ascii	"b\256\327Vz>\377\347[l\315\353\275\302\370\337\363\177"
 7369      7A3EFFE7 
 7369      5B6CCDEB 
 7369      BDC2F8DF 
 7369      F37F
 7370 0489 EDF5D85C 		.ascii	"\355\365\330\\\261\336\365\223\315[c\222O\302F^B\371"
 7370      B1DEF593 
 7370      CD5B6392 
 7370      4FC2465E 
 7370      42F9
 7371 049b 11C3EE37 		.ascii	"\021\303\3567T\305\344c\017\003A\256\315\013\373\227"
 7371      54C5E463 
 7371      0F0341AE 
 7371      CD0BFB97 
 7372 04ab A0AA1B3D 		.ascii	"\240\252\033=\366.P95.\354x\317\016\352\330\355\330"
 7372      F62E5039 
 7372      352EEC78 
 7372      CF0EEAD8 
 7372      EDD8
 7373 04bd B66D9DED 		.ascii	"\266m\235\355~^\325\315:\337\302\314\223\320\266M\322"
 7373      7E5ED5CD 
 7373      3ADFC2CC 
 7373      93D0B64D 
 7373      D2
 7374 04ce 6D3C69A3 		.ascii	"m<i\243\333$g\344\364,\333\266\015\301\266k?\345#\206"
ARM GAS  C:\Users\nicx5\AppData\Local\Temp\ccq4ftZ0.s 			page 318


 7374      DB2467E4 
 7374      F42CDBB6 
 7374      0DC1B66B 
 7374      3FE52386 
 7375 04e2 991C18B1 		.ascii	"\231\034\030\261@y~\225\177*\271\236\316\357?@\251\030"
 7375      40797E95 
 7375      7F2AB99E 
 7375      CEEF3F40 
 7375      A918
 7376 04f4 97737E8B 		.ascii	"\227s~\213\270>\007\014!\371\221\212e\2333\256)\263"
 7376      B83E070C 
 7376      21F9918A 
 7376      659B33AE 
 7376      29B3
 7377 0506 48023619 		.ascii	"H\0026\031/\215`\330\346z\266\3343\0016\031\332\315"
 7377      2F8D60D8 
 7377      E67AB6DC 
 7377      33013619 
 7377      DACD
 7378 0518 7DFBD598 		.ascii	"}\373\325\230{\277\363\326d8gm\345\276\377:\252\301"
 7378      7BBFF3D6 
 7378      6438676D 
 7378      E5BEFF3A 
 7378      AAC1
 7379 052a D967CE71 		.ascii	"\331g\316q\200\367X\313}\364\353\301\230Y\207c\321\002"
 7379      80F758CB 
 7379      7DF4EBC1 
 7379      98598763 
 7379      D102
 7380 053c 92E5DDB2 		.ascii	"\222\345\335\262\260\017\304\260j\015\242:\2655x\202"
 7380      B00FC4B0 
 7380      6A0DA23A 
 7380      B5357882 
 7381 054c 620651C9 		.ascii	"b\006Q\311.\375\362\374W\231\033\352\371\177C\316\227"
 7381      2EFDF2FC 
 7381      57991BEA 
 7381      F97F43CE 
 7381      97
 7382 055d 6F327302 		.ascii	"o2s\002n\005\352\255k\313\002\027<\333\371\017\324\241"
 7382      6E05EAAD 
 7382      6BCB0217 
 7382      3CDBF90F 
 7382      D4A1
 7383 056f A990B270 		.ascii	"\251\220\262p\257\020\257\360\355H\032\3154\223\016"
 7383      AF10AFF0 
 7383      ED481ACD 
 7383      34930E
 7384 057e A0B9C20D 		.ascii	"\240\271\302\015x\033\027\264m\333&\366*]u=\240Z,x\266"
 7384      781B17B4 
 7384      6DDB26F6 
 7384      2A5D753D 
 7384      A05A2C78 
 7385 0593 B37F29AE 		.ascii	"\263\177)\256o\372^\374$\304\234\214|\323\210W\367$"
 7385      6FFA5EFC 
 7385      24C49C8C 
 7385      7CD38857 
 7385      F724
ARM GAS  C:\Users\nicx5\AppData\Local\Temp\ccq4ftZ0.s 			page 319


 7386 05a5 D4D24418 		.ascii	"\324\322D\030\307-}v\231\356\274\267\251_\271\007\333"
 7386      C72D7D76 
 7386      99EEBCB7 
 7386      A95FB907 
 7386      DB
 7387 05b6 F508AF58 		.ascii	"\365\010\257X[\277\262\237\227\177\225\373\257\327\353"
 7387      5BBFB29F 
 7387      977F95FB 
 7387      AFD7EB
 7388 05c5 953F8E39 		.ascii	"\225?\2169\363\016\346\245\235:\226t*)'%\257_\233[N"
 7388      F30EE6A5 
 7388      9D3A9674 
 7388      2A292725 
 7388      AF5F9B5B 
 7389 05da 641C38AE 		.ascii	"d\0348\256\244\271!\337<Z\275\254\271\035\033?`l\203"
 7389      A4B921DF 
 7389      3C5ABDAC 
 7389      B91D1B3F 
 7389      606C83
 7390 05ed 78C8C670 		.ascii	"x\310\306p\215` \340\337\030\2770|`\274\354\0359w\227"
 7390      8D6020E0 
 7390      DF18BF30 
 7390      7C60BCEC 
 7390      1D397797 
 7391 0601 3C3C576B 		.ascii	"<<Wkn.vut[\332\257\271\347\372\257\271\345\232\257\273"
 7391      6E2E7675 
 7391      745BDAAF 
 7391      B9E7FAAF 
 7391      B9E59AAF 
 7392 0616 B3745F77 		.ascii	"\263t_wo`\344\334W\334\332\252P\231\302&\205u\3565v"
 7392      6F60E4DC 
 7392      57DCDAAA 
 7392      5099C226 
 7392      8575EE35 
 7393 062b EE285DA6 		.ascii	"\356(]\246\271\325\240\244=A;\233\340\334feN\232\220"
 7393      B9D5A0A4 
 7393      3D413B9B 
 7393      E0DC6665 
 7393      4E9A90
 7394 063e 31195BA2 		.ascii	"1\031[\242D,\014\354\313k\232\344:w{\235\245\3279\203"
 7394      442C0CEC 
 7394      CB6B9AE4 
 7394      3A777B9D 
 7394      A5D73983 
 7395 0652 EBDC759D 		.ascii	"\353\334u\2351\270\316\027\\g\003\\g\013\2563\222\353"
 7395      31B8CE17 
 7395      5C67035C 
 7395      670BAE33 
 7395      92EB
 7396 0664 CC759D8F 		.ascii	"\314u\235\217\\\347\255\353l\344:k]\347\254\353\\\301"
 7396      5CE7ADEB 
 7396      6CE43A6B 
 7396      5DE7ACEB 
 7396      5CC1
 7397 0676 75A6E03A 		.ascii	"u\246\340:c]\347\"\327\371\352:\023\271\316C\256\363"
 7397      635DE722 
 7397      D7F9EA3A 
ARM GAS  C:\Users\nicx5\AppData\Local\Temp\ccq4ftZ0.s 			page 320


 7397      13B9CE43 
 7397      AEF3
 7398 0688 04D7D9EA 		.ascii	"\004\327\331\352:\013\271\316U\327Y\202\353Lu\235\203"
 7398      3A0BB9CE 
 7398      55D75982 
 7398      EB4C759D 
 7398      83
 7399 0699 5CE7A9EB 		.ascii	"\\\347\251\353\034\301u\226\272\316\005\270\316Q\327"
 7399      1CC17596 
 7399      BACE05B8 
 7399      CE51D7
 7400 06a8 9900D779 		.ascii	"\231\000\327y\000\327\031\310u\206\340:\013\340:\377"
 7400      00D719C8 
 7400      7586E03A 
 7400      0BE03AFF 
 7401 06b8 B8CE01B8 		.ascii	"\270\316\001\270\316\017\\g\007\2563\000\256\263\217"
 7401      CE0F5C67 
 7401      07AE3300 
 7401      AEB38F
 7402 06c7 EBDCE33A 		.ascii	"\353\334\343:\363\270\316\015\\g\006\256\363\002\327"
 7402      F3B8CE0D 
 7402      5C6706AE 
 7402      F302D7
 7403 06d6 5981EB0C 		.ascii	"Y\201\353\014u\235w\\\347\004\2563\002F\316:\256\363"
 7403      759D775C 
 7403      E704AE33 
 7403      0246CE3A 
 7403      AEF3
 7404 06e8 D3753EE0 		.ascii	"\323u>\340:\033p\235s\\g\034\327\371\306u\266q\235k"
 7404      3A1B709D 
 7404      735C671C 
 7404      D7F9C675 
 7404      B6719D6B 
 7405 06fc 5C67A7EB 		.ascii	"\\g\247\353L\343:\317\230\340,\343:\307\270\3160\256"
 7405      4CE33ACF 
 7405      98E02CE3 
 7405      3AC7B8CE 
 7405      30AE
 7406 070e F38BEBEC 		.ascii	"\363\213\353\354\342:\267\270\316,\256s\323u^q\235U"
 7406      E23AB7B8 
 7406      CE2CAE73 
 7406      D3755E71 
 7406      9D55
 7407 0720 5CE714D7 		.ascii	"\\\347\024\327\231\351:\243\270\316'\256\363\322u6q"
 7407      99E93AA3 
 7407      B8CE27AE 
 7407      F3D27536 
 7407      71
 7408 0731 9D4B5C67 		.ascii	"\235K\\g\022\327y\304u\026q\235C\\g\245\353\014\342"
 7408      12D779C4 
 7408      7516719D 
 7408      435C67A5 
 7408      EB0CE2
 7409 0744 3A275DE7 		.ascii	":']\347\017\327\331\303u.\340:w\270\316\034\256s\364"
 7409      0FD7D9C3 
 7409      752EE03A 
 7409      77B8CE1C 
ARM GAS  C:\Users\nicx5\AppData\Local\Temp\ccq4ftZ0.s 			page 321


 7409      AE73F4
 7410 0757 3A6FB8CE 		.ascii	":o\270\316\032\2563\322u\316p\235\011\270\316\030\256"
 7410      1AAE33D2 
 7410      75CE709D 
 7410      09B8CE18 
 7410      AE
 7411 0768 F385EB6C 		.ascii	"\363\205\353l\341:W\270\316\024\256\363\321u6\272\316"
 7411      E13A57B8 
 7411      CE14AEF3 
 7411      D17536BA 
 7411      CE
 7412 0779 13AE73D1 		.ascii	"\023\256s\321u\276\327Y\302u&\272\316C\3279\302u\206"
 7412      75BED759 
 7412      C27526BA 
 7412      CE43D739 
 7412      C27586
 7413 078c 709D85AE 		.ascii	"p\235\205\256s\320u\006\272\316\320\353\374s\235\237"
 7413      73D07506 
 7413      BACED0EB 
 7413      FC739D9F 
 7414 079c D7D9F974 		.ascii	"\327\331\371t\016o\342\334\372\325>\220\013\001\242"
 7414      0E6FE2DC 
 7414      FAD53E90 
 7414      0B01A2
 7415 07ab E99EC943 		.ascii	"\351\236\311C\327}O\331\361\200S>\201\337\261\344\307"
 7415      D77D4FD9 
 7415      F180533E 
 7415      81DFB1E4 
 7415      C7
 7416 07bc 2460A994 		.ascii	"$`\251\224\324\037\274?\371\360z\335\215\010\320]y\004"
 7416      D41FBC3F 
 7416      F9F07ADD 
 7416      8D08D05D 
 7416      7904
 7417 07ce 3EAF     		.ascii	">\257"
 7418 07d0 BBF1FBCA 		.ascii	"\273\361\373\312\231gZ\202`\374\376\300\361\331\237"
 7418      99675A82 
 7418      60FCFEC0 
 7418      F1D99F
 7419 07df 303A0F10 		.ascii	"0:\017\020g\203$\307'hgeM\3628\276\227e\200\211\001"
 7419      678324C7 
 7419      27686765 
 7419      4DF238BE 
 7419      97658089 
 7420 07f4 9F99931C 		.ascii	"\237\231\223\034\357M><\325\275\226>\340\237^\256s\374"
 7420      EF4D3E3C 
 7420      D5BD963E 
 7420      E09F5EAE 
 7420      73FC
 7421 0806 013F6C63 		.ascii	"\001?lc\212\036\014\370\033\325\316\361\006\360\345"
 7421      8A1E0CF8 
 7421      1BD5CEF1 
 7421      06F0E5
 7422 0815 7820C63D 		.ascii	"x \306=CxP\362\012\370*\363\340\320x\317\244\241\363"
 7422      437850F2 
 7422      0AF82AF3 
 7422      E0D078CF 
ARM GAS  C:\Users\nicx5\AppData\Local\Temp\ccq4ftZ0.s 			page 322


 7422      A4A1F3
 7423 0828 BED970FC 		.ascii	"\276\331p\374\227'\266\277\3618^\207X\032\223\337\273"
 7423      9727B6BF 
 7423      F1385E87 
 7423      581A93DF 
 7423      BB
 7424 0839 F13DD841 		.ascii	"\361=\330Absa:`\324\354\360Uv\266\264\307\276h\203y"
 7424      6273613A 
 7424      60D4ECF0 
 7424      5576B6B4 
 7424      C7BE6883 
 7425 084e 67EB2895 		.ascii	"g\353(\2254+\344\241\333\206hK\233\2241\333\370\237"
 7425      342BE4A1 
 7425      DB86684B 
 7425      9B9431DB 
 7425      F89F
 7426 0860 EBC6EBCC 		.ascii	"\353\306\353\314\267\361qb\233S\244go\371\316|v_\363"
 7426      B7F17162 
 7426      9B53A467 
 7426      6FF9CE7C 
 7426      765FF3
 7427 0873 4C4B0E5F 		.ascii	"LK\016_\355\362\015\346/\210m\266\360\346\362\354l\322"
 7427      EDF20DE6 
 7427      2F886DB6 
 7427      F0E6F2EC 
 7427      6CD2
 7428 0885 33E99367 		.ascii	"3\351\223g\217u\227\267b\"\314\363KI\300(\027gk\277"
 7428      8F7597B7 
 7428      6222CCF3 
 7428      4B49C028 
 7428      17676BBF 
 7429 0899 23BC22A5 		.ascii	"#\274\"\245Y1+\007{n\036/\327<\315C\225<<\177|,\231"
 7429      59312B07 
 7429      7B6E1E2F 
 7429      D73CCD43 
 7429      953C3C7F 
 7430 08b0 C8D4B1B6 		.ascii	"\310\324\261\266\\\336\325::\225N\237\313\035\024h\330"
 7430      5CDED53A 
 7430      3A954E9F 
 7430      CB1D1468 
 7430      D8
 7431 08c1 3B01D14E 		.ascii	";\001\321N\356Z\373:f ~:f\006j\2474\0124\354\307@\264"
 7431      EE5AFB3A 
 7431      66207E3A 
 7431      66066AA7 
 7431      340A34EC 
 7432 08d8 D3353B4C 		.ascii	"\3235;L\377\213m\010jFi\277\023\224\003\245Y1;\202\215"
 7432      FF8B6D08 
 7432      6A4669BF 
 7432      139403A5 
 7432      59313B82 
 7433 08ed 6E1E2F67 		.ascii	"n\036/g\274\247u\320\333\324\257\033j|\347mh\245\247"
 7433      BCA775D0 
 7433      DBD4AF1B 
 7433      6A7CE76D 
 7433      68A5A7
 7434 0900 D3D7C0E0 		.ascii	"\323\327\300\340\364\212I\324h\240\3617h\314x\032\037"
ARM GAS  C:\Users\nicx5\AppData\Local\Temp\ccq4ftZ0.s 			page 323


 7434      F48A49D4 
 7434      68A0F137 
 7434      68CC781A 
 7434      1F
 7435 0911 C735E381 		.ascii	"\3075\343\201\372\246\207\214r\254\355\217\236\027\034"
 7435      FAA6878C 
 7435      72ACED8F 
 7435      9E171C
 7436 0920 D2F57AB5 		.ascii	"\322\365z\265\003\370z\214\216o\245\237\214Z\216\346"
 7436      03F87A8C 
 7436      8E6FA59F 
 7436      8C5A8EE6 
 7437 0930 AC2566F0 		.ascii	"\254%f\360C\023f\362\013\341[#J\256=\225\035\217N\355"
 7437      431366F2 
 7437      0BE15B23 
 7437      4AAE3D95 
 7437      1D8F4EED 
 7438 0944 DFE80CBF 		.ascii	"\337\350\014\277\355\256\217\361\312\230>3K\010\220"
 7438      EDAE8FF1 
 7438      CA983E33 
 7438      4B0890
 7439 0953 ACA4A472 		.ascii	"\254\244\244r\335\274N~SRJ\231|\240>\312N\312\022\010"
 7439      DDBC4E7E 
 7439      53524A99 
 7439      7CA03ECA 
 7439      4ECA1208 
 7440 0967 39D9EC62 		.ascii	"9\331\354b\226@>\311I\014_\265l)y\222V\311\217\362f"
 7440      96403EC9 
 7440      490C5FB5 
 7440      6C297992 
 7440      56C98FF2 
 7441 097c DD73BE25 		.ascii	"\335s\276%\277\305\322\274X*\345\241\364\234\007\352"
 7441      BFC5D2BC 
 7441      582AE5A1 
 7441      F49C07EA 
 7442 098c B3D3496E 		.ascii	"\263\323Inw\254\324\301\324c\371j\036\210\271@\241\021"
 7442      77ACD4C1 
 7442      D463F96A 
 7442      1E88B940 
 7442      A111
 7443 099e BFEF2AF4 		.ascii	"\277\357*\364\341;a\036\2306\243n\363-\345\313\244U"
 7443      E13B611E 
 7443      9836A36E 
 7443      F32DE5CB 
 7443      A455
 7444 09b0 9E32BED5 		.ascii	"\2362\276\325Ly4i\025\031\377\"\256o\352\001^\367`W"
 7444      4C793469 
 7444      1519FF22 
 7444      AE6FEA01 
 7444      5EF76057 
 7445 09c4 C89BF397 		.ascii	"\310\233\363\227i9\355<,u\3732\316\323In\201a\3604\273"
 7445      6939ED3C 
 7445      2C75FB32 
 7445      CED3496E 
 7445      8161F034 
 7446 09d9 E8168877 		.ascii	"\350\026\210wf\314%\373}\247\243S\017\262\304\370&W"
 7446      66CC25FB 
ARM GAS  C:\Users\nicx5\AppData\Local\Temp\ccq4ftZ0.s 			page 324


 7446      7DA7A353 
 7446      0FB2C4F8 
 7446      2657
 7447 09eb 3E303E86 		.ascii	">0>\206\225\037\203a\371\342\225\270\370\027?\355\026"
 7447      951F8361 
 7447      F9E295B8 
 7447      F8173FED 
 7447      16
 7448 09fc EF02EEC3 		.ascii	"\357\002\356\303Z<\027\033Y\374W\217\331\371{\257\246"
 7448      5A3C171B 
 7448      59FC578F 
 7448      D9F97BAF 
 7448      A6
 7449 0a0d 67F1BDE2 		.ascii	"g\361\275\342\233\256|\222\025\017\264(F\312w\240\005"
 7449      9BAE7C92 
 7449      150FB428 
 7449      46CA77A0 
 7449      05
 7450 0a1e 157FE2FB 		.ascii	"\025\177\342\3730\305\253\240\323L\237\002\3053\375"
 7450      30C5ABA0 
 7450      D34C9F02 
 7450      C533FD
 7451 0a2d 8F2B8A77 		.ascii	"\217+\212wj\236\250\260\364#\276\021M\374R\2117A\342"
 7451      6A9EA8B0 
 7451      F423BE11 
 7451      4DFC5289 
 7451      3741E2
 7452 0a40 4BBC0E3E 		.ascii	"K\274\016>$\236\315\034AA\004\234\016\361\"\362\204"
 7452      249ECD1C 
 7452      4141049C 
 7452      0EF122F2 
 7452      84
 7453 0a51 38527A0F 		.ascii	"8Rz\017\337m@\274R\322\203\370\360Iw>l\340\227\036\336"
 7453      DF6D40BC 
 7453      52D283F8 
 7453      F049773E 
 7453      6CE0971E 
 7454 0a66 C96632D1 		.ascii	"\311f2\321\350\253m\370}W\324k\276\363\276\340!Z\373"
 7454      E8AB6DF8 
 7454      7D57D46B 
 7454      BEF3BEE0 
 7454      215AFB
 7455 0a79 B2C52EC0 		.ascii	"\262\305.\300\025\273\303\027P\247\003\227\265o2\335"
 7455      15BBC317 
 7455      50A70397 
 7455      B56F32DD 
 7456 0a89 7F726FD3 		.ascii	"\177ro\323\011\034\036\351{M\3649\260\255\364\334\360"
 7456      091C1EE9 
 7456      7B4DF439 
 7456      B0ADF4DC 
 7456      F0
 7457 0a9a 510DBFE1 		.ascii	"Q\015\277\341\177Tjx\347$\322;\2132\274\205oC\002>\203"
 7457      7F546A78 
 7457      E724D23B 
 7457      8B32BC85 
 7457      6F43023E 
 7458 0aaf 3F368627 		.ascii	"?6\206'\340\302cx\035a\233s.<\033i\341Y\241\263\257"
ARM GAS  C:\Users\nicx5\AppData\Local\Temp\ccq4ftZ0.s 			page 325


 7458      E0C26378 
 7458      1D619B73 
 7458      2E3C1B69 
 7458      E159A1B3 
 7459 0ac4 3BF7B02B 		.ascii	";\367\260+Hh\245'\205\257\360!\304\326 )\274S\240.\231"
 7459      4868A527 
 7459      85AFF021 
 7459      C4D62029 
 7459      BC53A02E 
 7460 0ad9 23E1E8EF 		.ascii	"#\341\350\3577\233\357\260>\3266\372\243\357\260\273"
 7460      379BEFB0 
 7460      3ED636FA 
 7460      A3EFB0BB 
 7461 0ae9 9F567A4E 		.ascii	"\237VzNx\243Vz\026\375\204\277\020\266\031\347\216\215"
 7461      78A3567A 
 7461      16FD84BF 
 7461      10B619E7 
 7461      8E8D
 7462 0afb 47A4724F 		.ascii	"G\244rOZ\317v\026}\017\3169\343\323\375\036\024\342"
 7462      5ACF7616 
 7462      7D0FCE39 
 7462      E3D3FD1E 
 7462      14E2
 7463 0b0d A3224724 		.ascii	"\243\"G$\341o\020\265D/\201\316\335H\355\240mk\245\211"
 7463      E16F10B5 
 7463      442F81CE 
 7463      DD48EDA0 
 7463      6D6BA589 
 7464 0b21 BD8D274A 		.ascii	"\275\215'J\2714\266o\2554\357\331N\242\337\021\327\367"
 7464      B934B66F 
 7464      AD34EFD9 
 7464      4EA2DF11 
 7464      D7F7
 7465 0b33 F75E7C04 		.ascii	"\367^|\004qn\010\223\353\314QFx\003\301\021L\030\010"
 7465      716E0893 
 7465      EBCC5146 
 7465      7803C111 
 7465      4C1808
 7466 0b46 7850BBBC 		.ascii	"xP\273\274~\265\3039\241C\015X'\323\257wh\205N3\010"
 7466      7EB5C339 
 7466      A1430D58 
 7466      27D3AF77 
 7466      68854E33 
 7467 0b5b 736828C2 		.ascii	"sh(\302\017A\370\010\204\020(\373\344\0005\012}\234"
 7467      0F41F808 
 7467      841028FB 
 7467      E400350A 
 7467      7D9C
 7468 0b6d E59C25E3 		.ascii	"\345\234%\343\031\305\207(\211\023\037\242F\254\"\310"
 7468      19C58728 
 7468      89131FA2 
 7468      46AC22C8 
 7469 0b7d 8240B545 		.ascii	"\202@\265ED\352\210\223\205\230\230\232\252\212\322"
 7469      44EA8893 
 7469      8598989A 
 7469      AA8AD2
 7470 0b8c B2D2BA9A 		.ascii	"\262\322\272\232Z\242\012\262E\244\207\216\036P7:\030"
ARM GAS  C:\Users\nicx5\AppData\Local\Temp\ccq4ftZ0.s 			page 326


 7470      5AA20AB2 
 7470      45A4878E 
 7470      1E50373A 
 7470      18
 7471 0b9d 21B2A545 		.ascii	"!\262\245E\225\365d!D\212\350P\201\344\006\216\032\254"
 7471      95F56421 
 7471      448AE850 
 7471      81E4068E 
 7471      1AAC
 7472 0baf D6961129 		.ascii	"\326\226\021)#ZCB\252\254\2360\004\2412\"\201\225\220"
 7472      235A4342 
 7472      AAAC9E30 
 7472      04A13222 
 7472      819590
 7473 0bc2 1E418860 		.ascii	"\036A\210`\011\321\242\312\022\342\203\013k\007\216"
 7473      09D1A2CA 
 7473      12E2830B 
 7473      6B078E
 7474 0bd1 076A5070 		.ascii	"\007jPpe\344B\226\024\221\255*\252\254\244 TF\246\250"
 7474      65E44296 
 7474      1491AD2A 
 7474      AAACA420 
 7474      5446A6A8 
 7475 0be5 26286215 		.ascii	"&(b\025UU\304\012\253*\252\010VT\021,\253\"XSQZVQ\024"
 7475      5555C40A 
 7475      AB2AAA08 
 7475      5654112C 
 7475      AB225853 
 7476 0bfe 5C190151 		.ascii	"\\\031\001Qe%A\021\254\033\007\340x\240\012\213\210"
 7476      65254111 
 7476      AC1B07E0 
 7476      78A00A8B 
 7476      88
 7477 0c0f 54911A44 		.ascii	"T\221\032D\314tb\205T\004.\"`a\002i*\210\224\020\226"
 7477      CC746285 
 7477      54042E22 
 7477      60610269 
 7477      2A889410 
 7478 0c24 A74C4C05 		.ascii	"\247LL\005\221\212\"\"%D\010S\212+#ZKSY=\226\242v\324"
 7478      918A2222 
 7478      25440853 
 7478      8A2B235A 
 7478      4B53593D 
 7479 0c3c 788A4282 		.ascii	"x\212B\202\204\305\323\222V\026\325\021\253,\034+\030"
 7479      84C5D392 
 7479      5616D511 
 7479      AB2C1C2B 
 7479      18
 7480 0c4d 09968D27 		.ascii	"\011\226\215' L)\240|\364\000\2425$\013\353\001 /r\030"
 7480      204C29A0 
 7480      7CF400A2 
 7480      35240BEB 
 7480      01202F72 
 7481 0c62 31B3DFB4 		.ascii	"1\263\337\264\331\366\343\030C\0278F\250V\373'x\233"
 7481      D9F6E318 
 7481      43173846 
 7481      A856FB27 
ARM GAS  C:\Users\nicx5\AppData\Local\Temp\ccq4ftZ0.s 			page 327


 7481      789B
 7482 0c74 9BEE51BE 		.ascii	"\233\356Q\276,\312\263\323\364\305Z\005\276\312$\272"
 7482      2CCAB3D3 
 7482      F4C55A05 
 7482      BECA24BA 
 7483 0c84 509DEC60 		.ascii	"P\235\354`\361\272\004\236u\313\223O\351V{b\356u\200"
 7483      F1BA049E 
 7483      75CB934F 
 7483      E9567B62 
 7483      EE7580
 7484 0c97 7A3227C0 		.ascii	"z2'\300\352A1\347\254\255\332;M\365@}\325\356\015\363"
 7484      EA4131E7 
 7484      ACADDA3B 
 7484      4DF5407D 
 7484      D5EE0DF3 
 7485 0cab 0D0A9768 		.ascii	"\015\012\227h\3327\224\2724:\231q\207\035\270\331\201"
 7485      DA3794BA 
 7485      343A9971 
 7485      871DB8D9 
 7485      81
 7486 0cbc 668FF5CE 		.ascii	"f\217\365\316w\341\026>\230\337w\012\3450\0135\323`"
 7486      77E1163E 
 7486      98DF770A 
 7486      E5300B35 
 7486      D360
 7487 0cce A2A1A325 		.ascii	"\242\241\243%\003\240\027\307\004\324\344\261^~\033"
 7487      03A017C7 
 7487      04D4E4B1 
 7487      5E7E1B
 7488 0cdd C6C175DB 		.ascii	"\306\301u\333\371\2764\334\300\216a'\271\341\361\262"
 7488      F9BE34DC 
 7488      C08E6127 
 7488      B9E1F1B2 
 7489 0ced 064F9D9A 		.ascii	"\006O\235\232JM\004\236\\yR\211\211\210\347\217M\244"
 7489      4A4D049E 
 7489      5C795289 
 7489      8988E78F 
 7489      4DA4
 7490 0cff 26DE6933 		.ascii	"&\336i3\211X\031\211\366F\347\354\033\255\312Y\245\235"
 7490      89581989 
 7490      F646E7EC 
 7490      1BADCA59 
 7490      A59D
 7491 0d11 8E7E5AA4 		.ascii	"\216~Z\244S\347\247hZ~\327Y\263d\354\244,\202v\036\010"
 7491      53E7A768 
 7491      5A7ED759 
 7491      B364ECA4 
 7491      2C82761E 
 7492 0d26 6659C41C 		.ascii	"fY\304\034J\014\353;\340\253\3548E\257\222\232i9\245"
 7492      4A0CEB3B 
 7492      E0ABEC38 
 7492      45AF929A 
 7492      6939A5
 7493 0d39 F36AAC59 		.ascii	"\363j\254Yw\3457\235G\226Ja\323*\037)\255w\3368vt\252"
 7493      77E5379D 
 7493      47964A61 
 7493      D32A1F29 
ARM GAS  C:\Users\nicx5\AppData\Local\Temp\ccq4ftZ0.s 			page 328


 7493      AD77DE38 
 7494 0d50 470939E8 		.ascii	"G\0119\350\245\305\200'\335f\337V\026MZ\305\354c\304"
 7494      A5C58027 
 7494      DD66DF56 
 7494      164D5AC5 
 7494      EC63C4
 7495 0d63 F54D29F9 		.ascii	"\365M)\371\364$\247\036\311R76\262\223\334\004\343\342"
 7495      F424A71E 
 7495      C9523736 
 7495      B293DC04 
 7495      E3E2
 7496 0d75 08BEC1A1 		.ascii	"\010\276\301\241\254+\373&y\256W'\337e\354\230\223\314"
 7496      AC2BFB26 
 7496      79AE5727 
 7496      DF65EC98 
 7496      93CC
 7497 0d87 1C5FE523 		.ascii	"\034_\345#\223\224\326\026G\223W\322\204\3117Y\0226"
 7497      9394D616 
 7497      479357D2 
 7497      84C93759 
 7497      1236
 7498 0d99 8C09DFD8 		.ascii	"\214\011\337\330\177\215)\371^\342\305N\225\354\335"
 7498      7F8D29F9 
 7498      5EE2C54E 
 7498      95ECDD
 7499 0da8 100363DB 		.ascii	"\020\003c\3336\260\3570\260\337\004\233\324\300\372"
 7499      36B0EF30 
 7499      B0DF049B 
 7499      D4C0FA
 7500 0db7 F57DA06E 		.ascii	"\365}\240n_=\375\366\022\373=S\265I8\0334:\360\373\316"
 7500      5F3DFDF6 
 7500      12FB3D53 
 7500      B549381B 
 7500      343AF0FB 
 7501 0dcc A901DF09 		.ascii	"\251\001\337\011\365\3446e\264\340\267\333\227u\022"
 7501      F5E43665 
 7501      B4E0B7DB 
 7501      977512
 7502 0ddb 31AF2749 		.ascii	"1\257'I\234<n\337\2015\276\372\030|\003J\277\333\014"
 7502      9C3C6EDF 
 7502      8135BEFA 
 7502      187C034A 
 7502      BFDB0C
 7503 0dee 5EDAF519 		.ascii	"^\332\365\031\374\017<]\357\304\304\300\351\202\347"
 7503      FC0F3C5D 
 7503      EFC4C4C0 
 7503      E982E7
 7504 0dfd FA0E34C0 		.ascii	"\372\0164\300_`\301\033\000\311[\360:\354 y\326\222"
 7504      5F60C11B 
 7504      00C95BF0 
 7504      3AEC2079 
 7504      D692
 7505 0e0f 8BC691AD 		.ascii	"\213\306\221\255?R\2715\303\310S\360-\250\365F\262^"
 7505      3F52B935 
 7505      C3C853F0 
 7505      2DA8F546 
 7505      B25E
ARM GAS  C:\Users\nicx5\AppData\Local\Temp\ccq4ftZ0.s 			page 329


 7506 0e21 AB82CF9A 		.ascii	"\253\202\317\232\254`\203\237C\301;\023\351\022e\274"
 7506      AC60839F 
 7506      43C13B13 
 7506      E91265BC 
 7507 0e31 E831DF77 		.ascii	"\3501\337w0\332\357[O\356\260E\377}\267a\025y\254\217"
 7507      30DAEF5B 
 7507      4FEEB045 
 7507      FF7DB761 
 7507      1579AC8F 
 7508 0e45 2C0229A6 		.ascii	",\002)\246-\306\325[}\373\021\371\253!Od\202\037\362"
 7508      2DC6D55B 
 7508      7DFB11F9 
 7508      AB214F64 
 7508      821FF2
 7509 0e58 3FE04CF0 		.ascii	"?\340L\360\3167V\357\204!\344\203|\217\251z!\022|\025"
 7509      CE3756EF 
 7509      8421E483 
 7509      7C8FA97A 
 7509      21127C15 
 7510 0e6c D54BF03A 		.ascii	"\325K\360:\254T\3176\0069J\363f\366b*\202\237z\306\010"
 7510      AC54CF36 
 7510      06394AF3 
 7510      66F6622A 
 7510      829F7AC6 
 7511 0e81 4650F173 		.ascii	"FP\361ss!\365\003\370\376+\300KE}\001\010\360Q\177\341"
 7511      7321F503 
 7511      F8FE2BC0 
 7511      4B457D01 
 7511      08F0517F 
 7512 0e96 1709F0FD 		.ascii	"\027\011\360\375n\270\006\360=\330\342\253\014\004\202"
 7512      6EB806F0 
 7512      3DD8E2AB 
 7512      0C0482
 7513 0ea5 07F26D20 		.ascii	"\007\362m \200\3642\306\002\322\017\333\371\220V\252"
 7513      80F432C6 
 7513      02D20FDB 
 7513      F99056AA 
 7514 0eb5 F4ABBDB9 		.ascii	"\364\253\275\2716\251\350\275gB\321^\276\253\010\200"
 7514      36A9E8BD 
 7514      6742D15E 
 7514      BEAB0880 
 7515 0ec5 4D95FFF1 		.ascii	"M\225\377\361\002X\363\203r\320oE\212\216\363\016\306"
 7515      0258F383 
 7515      72D06F45 
 7515      8A8EF30E 
 7515      C6
 7516 0ed6 1419803D 		.ascii	"\024\031\200=\035\037\200\310\327\341\245\002\316w\034"
 7516      1D1F80C8 
 7516      D7E1A502 
 7516      CE771C
 7517 0ee5 39CF0E06 		.ascii	"9\317\016\006'\205\034\260/\367\352+\226\251\234\357"
 7517      27851CB0 
 7517      2FF7EA2B 
 7517      96A99CEF 
 7518 0ef5 EBA196B6 		.ascii	"\353\241\226\2667}|k2=\340\305\201\177\300\307;\200"
 7518      377D7C6B 
 7518      323DE0C5 
ARM GAS  C:\Users\nicx5\AppData\Local\Temp\ccq4ftZ0.s 			page 330


 7518      817FC0C7 
 7518      3B80
 7519 0f07 02003E1E 		.ascii	"\002\000>\036\000i|\274\261\2360\321|\3174\242\303|"
 7519      00697CBC 
 7519      B19E30D1 
 7519      7CCF34A2 
 7519      C37C
 7520 0f19 53E94148 		.ascii	"S\351AH\345y|\0173<(\3134.\225\350\307w2\022o\032\340"
 7520      E5797C0F 
 7520      333C28CB 
 7520      342E95E8 
 7520      C7773212 
 7521 0f30 B3FB06DE 		.ascii	"\263\373\006\336|\333\215\231\260~?B>;\231\265\004$"
 7521      7CDB8D99 
 7521      B07E3F42 
 7521      3E3B99B5 
 7521      0424
 7522 0f42 19933125 		.ascii	"\031\2231%anzpS\310w%o\360\226\210A\275\207\221` \314"
 7522      616E7A70 
 7522      53C87725 
 7522      6FF09688 
 7522      41BD8791 
 7523 0f59 02CF00D4 		.ascii	"\002\317\000\324/0B\001\250W@\020\012\317\033;\021_"
 7523      2F304201 
 7523      A8574010 
 7523      0ACF1B3B 
 7523      115F
 7524 0f6b E5DFA09D 		.ascii	"\345\337\240\235\357\177\207\001\204\244\250\223\241"
 7524      EF7F8701 
 7524      84A4A893 
 7524      A1
 7525 0f78 76114D0E 		.ascii	"v\021M\016;34\"\"#IR\030\306#\031 \030H\323D\315\264"
 7525      3B333422 
 7525      22234952 
 7525      18C62319 
 7525      201848D3 
 7526 0f8f B4071340 		.ascii	"\264\007\023@P\347R\3510\013\246\320\030C\310\220\221"
 7526      50E752E9 
 7526      300BA6D0 
 7526      1843C890 
 7526      91
 7527 0fa0 88264D76 		.ascii	"\210&Mv\016\3601}\236\001d\321g\212`Z\022\355#Rq\304"
 7527      0EF0317D 
 7527      9E0164D1 
 7527      678A605A 
 7527      12ED2352 
 7528 0fb6 22D46E46 		.ascii	"\"\324nFg\361\313\035\2520\370\201\250\246\375y\025"
 7528      67F1CB1D 
 7528      AA30F881 
 7528      A8A6FD79 
 7528      15
 7529 0fc7 9AB1FEBE 		.ascii	"\232\261\376\276\233\236\325t\015\241\017i\2648\261"
 7529      9B9ED574 
 7529      0DA10F69 
 7529      B438B1
 7530 0fd6 6A2A72BE 		.ascii	"j*r\276\002\220\316(\204\210\315\300\270x&z\232\242"
 7530      0290CE28 
ARM GAS  C:\Users\nicx5\AppData\Local\Temp\ccq4ftZ0.s 			page 331


 7530      8488CDC0 
 7530      B878267A 
 7530      9AA2
 7531 0fe8 13E92B3A 		.ascii	"\023\351+:\374\214\3213\374\003>\036\235\247\216\242"
 7531      FC8CD133 
 7531      FC033E1E 
 7531      9DA78EA2 
 7532 0ff8 04F387FF 		.ascii	"\004\363\207\377/n\205\367\333\031\346Q\212\232\307"
 7532      2F6E85F7 
 7532      DB19E651 
 7532      8A9AC7
 7533 1007 9C9C089B 		.ascii	"\234\234\010\233\274\002@\222\206\311\254\377\202\035"
 7533      BC024092 
 7533      86C9ACFF 
 7533      821D
 7534 1015 9AB52931 		.ascii	"\232\265)1\006sX\343\205`O\256!\316v(\210*H\342\216"
 7534      067358E3 
 7534      85604FAE 
 7534      21CE7628 
 7534      882A48E2 
 7535 102a 42D865AB 		.ascii	"B\330e\2536`\237\22652$Od\373\233\354\325\364\375\306"
 7535      36609F96 
 7535      3532244F 
 7535      64FB9BEC 
 7535      D5F4FDC6 
 7536 103e D6EBF30F 		.ascii	"\326\353\363\017\362N\210\242b\225S\326\350\003<\255"
 7536      F24E88A2 
 7536      629553D6 
 7536      E8033CAD 
 7537 104e 5D7FA410 		.ascii	"]\177\244\020\222\363\246\302\343P\015@\370\226\312"
 7537      92F3A6C2 
 7537      E3500D40 
 7537      F896CA
 7538 105d 53E4E919 		.ascii	"S\344\351\031u\272\001\267\264\247&\265\025\037oU\224"
 7538      75BA01B7 
 7538      B4A726B5 
 7538      151F6F55 
 7538      94
 7539 106e 1E4B6660 		.ascii	"\036Kf`OfI\177\261\333-\276\314\345\226\226\220\353"
 7539      4F66497F 
 7539      B1DB2DBE 
 7539      CCE59696 
 7539      90EB
 7540 1080 2C1389A8 		.ascii	",\023\211\250\2152\232J@S\220\207\021\026Ws\363x\224"
 7540      8D329A4A 
 7540      40539087 
 7540      11165773 
 7540      F37894
 7541 1093 D8A4CC30 		.ascii	"\330\244\3140\301j\272\367h\324\366L\2569d\360N'\375"
 7541      C16ABAF7 
 7541      68D4F64C 
 7541      AE3964F0 
 7541      4E27FD
 7542 10a6 0314BE05 		.ascii	"\003\024\276\005\035\027\202\333,\224\227\004eN(\002"
 7542      1D1782DB 
 7542      2C949704 
 7542      654E2802 
ARM GAS  C:\Users\nicx5\AppData\Local\Temp\ccq4ftZ0.s 			page 332


 7543 10b6 B5BD10F3 		.ascii	"\265\275\020\363\247HD~\252p\320\221\214z\000\221\023"
 7543      A748447E 
 7543      AA70D091 
 7543      8C7A0091 
 7543      13
 7544 10c7 9EE5E145 		.ascii	"\236\345\341E\257R\376\250U\002\":\311\021\320\213S"
 7544      AF52FEA8 
 7544      5502223A 
 7544      C911D08B 
 7544      53
 7545 10d8 184943D2 		.ascii	"\030IC\322K+\341\006A\303\376hp\254\250\277\2312\202"
 7545      4B2BE106 
 7545      41C3FE68 
 7545      70ACA8BF 
 7545      993282
 7546 10eb B960D1C8 		.ascii	"\271`\321\310\253\221j\307J\221fJ_M\2701\005:\332\374"
 7546      AB916AC7 
 7546      4A91664A 
 7546      5F4DB831 
 7546      053ADAFC 
 7547 10ff CB1E1B28 		.ascii	"\313\036\033(\254\310\030\002\315\362c\317(]\011\265"
 7547      ACC81802 
 7547      CDF263CF 
 7547      285D09B5 
 7548 110f F619253B 		.ascii	"\366\031%;\361)\031{\340\257_P\3773\312\317\325\306"
 7548      F129197B 
 7548      E0AF5F50 
 7548      FF33CACF 
 7548      D5C6
 7549 1121 9C4437BD 		.ascii	"\234D7\275\310\367pg\304\221\262\007\352\372\350A\333"
 7549      C8F77067 
 7549      C491B207 
 7549      EAFAE841 
 7549      DB
 7550 1132 71A674D5 		.ascii	"q\246t\325\334\266\233\252[\036\267\016\241J(\241\241"
 7550      DCB69BAA 
 7550      5B1EB70E 
 7550      A14A28A1 
 7550      A1
 7551 1143 E6EE5378 		.ascii	"\346\356Sxd\262\313\024\247\2677t\2523(o6\330-\244\355"
 7551      64B2CB14 
 7551      A7B73774 
 7551      AA33286F 
 7551      36D82DA4 
 7552 1158 CC72928B 		.ascii	"\314r\222\213\232\354\336\014\344\206\3048\275\340\036"
 7552      9AECDE0C 
 7552      E486C438 
 7552      BDE01E
 7553 1167 4A813552 		.ascii	"J\2015RF\331\216[)d\301@\352\276\271V\272\342h\206\013"
 7553      46D98E5B 
 7553      2964C140 
 7553      EABEB956 
 7553      BAE26886 
 7554 117c B8380647 		.ascii	"\2708\006G\327\341\030Qj\010\027>\033U\210\255\220\220"
 7554      D7E11851 
 7554      6A08173E 
 7554      1B5588AD 
ARM GAS  C:\Users\nicx5\AppData\Local\Temp\ccq4ftZ0.s 			page 333


 7554      9090
 7555 118e 956D0BB0 		.ascii	"\225m\013\260\235\303m{\331\370S1\204\2268l\252Rk6\327"
 7555      9DC36D7B 
 7555      D9F85331 
 7555      8496386C 
 7555      AA526B36 
 7556 11a3 B651D450 		.ascii	"\266Q\324P\272\235G8\3705{\205\351]\305\310\325!4a!"
 7556      BA9D4738 
 7556      F8357B85 
 7556      E95DC5C8 
 7556      D5213461 
 7557 11b8 6AE51ED7 		.ascii	"j\345\036\327\303\015}\007\272\"\233\034(\226\035Tc"
 7557      C30D7D07 
 7557      BA229B1C 
 7557      28961D54 
 7557      63
 7558 11c9 447B0F39 		.ascii	"D{\0179}\315\267\323fI\234A\016\220\012\324\360\267"
 7558      7DCDB7D3 
 7558      66499C41 
 7558      0E900AD4 
 7558      F0B7
 7559 11db AE63BC45 		.ascii	"\256c\274Er\353\211]\351\337\255\327(~\347\323\023\272"
 7559      72EB895D 
 7559      E9DFADD7 
 7559      287EE7D3 
 7559      13BA
 7560 11ed 52130F55 		.ascii	"R\023\017U\263\361\373\313}#>c\260\304\241D\3262\344"
 7560      B3F1FBCB 
 7560      7D233E63 
 7560      B0C4A144 
 7560      D632E4
 7561 1200 CB1CE6FC 		.ascii	"\313\034\346\374\270\275q\260m\366\012#\0134\177b\243"
 7561      B8BD71B0 
 7561      6DF60A23 
 7561      0B347F62 
 7561      A3
 7562 1211 D29398F5 		.ascii	"\322\223\230\365\210\304\025\351\246!\222\016\011v\367"
 7562      88C415E9 
 7562      A621920E 
 7562      0976F7
 7563 1220 263DAF24 		.ascii	"&=\257$jm\030#?9\253\311\233\005\036T\237\364\356\030"
 7563      6A6D1823 
 7563      3F39ABC9 
 7563      9B051E54 
 7563      9FF4EE18 
 7564 1234 5FA3CD92 		.ascii	"_\243\315\222eZ\230\261Q\232\336\3551:\374\340\373\304"
 7564      655A98B1 
 7564      519ADEED 
 7564      313AFCE0 
 7564      FBC4
 7565 1246 0152E2A8 		.ascii	"\001R\342\250\316479\2234\223D<\015\030\300\310\210"
 7565      CE343739 
 7565      93349344 
 7565      3C0D18C0 
 7565      C888
 7566 1258 1B57119E 		.ascii	"\033W\021\236c#\252\310H\311{\032\375+\035bP\2024P\220"
 7566      6323AAC8 
ARM GAS  C:\Users\nicx5\AppData\Local\Temp\ccq4ftZ0.s 			page 334


 7566      48C97B1A 
 7566      FD2B1D62 
 7566      50823450 
 7567 126d 2AA41981 		.ascii	"*\244\031\201qQpN\263\263\020\037\210\2116\333\255f"
 7567      7151704E 
 7567      B3B3101F 
 7567      888936DB 
 7567      AD66
 7568 127f DF371D0C 		.ascii	"\3377\035\014\300(3\320\332\321\311\303\335\302{\272"
 7568      C02833D0 
 7568      DAD1C9C3 
 7568      DDC27BBA 
 7569 128f DAC235E1 		.ascii	"\332\3025\341i\300=\257\332\255{i\353\336\035\316\207"
 7569      69C03DAF 
 7569      DAAD7B69 
 7569      EBDE1DCE 
 7569      87
 7570 12a0 B7C373B3 		.ascii	"\267\303s\263\227\353\263\022\000\2631\345(\334Gw;\007"
 7570      97EBB312 
 7570      00B331E5 
 7570      28DC4777 
 7570      3B07
 7571 12b2 2379E360 		.ascii	"#y\343`\334\361\314\022;\244\027\375\264\027\325/\340"
 7571      DCF1CC12 
 7571      3BA417FD 
 7571      B417D52F 
 7571      E0
 7572 12c3 44C050ED 		.ascii	"D\300P\355S\2410^\253\217d\030\\\006\353\260s\215\224"
 7572      53A1305E 
 7572      AB8F6418 
 7572      5C06EBB0 
 7572      738D94
 7573 12d6 7EAB3AAE 		.ascii	"~\253:\256\217B\277\3619Zl#]\343\003 \\\313\031O\326"
 7573      8F42BFF1 
 7573      395A6C23 
 7573      5DE30320 
 7573      5CCB194F 
 7574 12eb 8EA5AA95 		.ascii	"\216\245\252\225\326\274\230\203\360*\226\012\014\370"
 7574      D6BC9883 
 7574      F02A960A 
 7574      0CF8
 7575 12f9 2D393B3F 		.ascii	"-9;?HQB\006\033\270(-\226j\240' \177\2707\275\331\344"
 7575      48514206 
 7575      1BB8282D 
 7575      966AA027 
 7575      207FB837 
 7576 1310 FE87446E 		.ascii	"\376\207Dn\036%si\342\032\221^\245\204\226|\020ze-k"
 7576      1E257369 
 7576      E21A915E 
 7576      A584967C 
 7576      107A652D 
 7577 1325 6DA42191 		.ascii	"m\244!\221S\372\260LmR\011\347\014\216\332q\240\202"
 7577      53FAB04C 
 7577      6D5209E7 
 7577      0C8EDA71 
 7577      A082
 7578 1337 ABB77A33 		.ascii	"\253\267z3\363Y\305\217\016`\002[\301\324d\372\337e"
ARM GAS  C:\Users\nicx5\AppData\Local\Temp\ccq4ftZ0.s 			page 335


 7578      F359C58F 
 7578      0E60025B 
 7578      C1D464FA 
 7578      DF65
 7579 1349 7D25EFB3 		.ascii	"}%\357\263y\015L\365\200{\001\205E\203\337W\272\362"
 7579      790D4CF5 
 7579      807B0185 
 7579      4583DF57 
 7579      BAF2
 7580 135b 41FDCBC1 		.ascii	"A\375\313\301\344\0351'\310/\327\211t6\214\225\037\301"
 7580      E41D3127 
 7580      C82FD789 
 7580      74368C95 
 7580      1FC1
 7581 136d A44AB977 		.ascii	"\244J\271w\261\351\014\316\235\316rYB\010(\021\356\342"
 7581      B1E90CCE 
 7581      9DCE7259 
 7581      42082811 
 7581      EEE2
 7582 137f B90A35C0 		.ascii	"\271\0125\300\015SV\327\014Q\032\332\222\207g\271\274"
 7582      0D5356D7 
 7582      0C511ADA 
 7582      928767B9 
 7582      BC
 7583 1390 82BD537E 		.ascii	"\202\275S~\322\246\271\371.d[\316\245\307nx\363\360"
 7583      D2A6B9F9 
 7583      2E645BCE 
 7583      A5C76E78 
 7583      F3F0
 7584 13a2 FAE44415 		.ascii	"\372\344D\025S\261\255\265\007.\237\357\215.\247P\204"
 7584      53B1ADB5 
 7584      072E9FEF 
 7584      8D2EA750 
 7584      84
 7585 13b3 333B1A40 		.ascii	"3;\032@DH\212\324\007Ip\343\204\222{\237\306d^\335\222"
 7585      44488AD4 
 7585      074970E3 
 7585      84927B9F 
 7585      C6645EDD 
 7586 13c8 C059208E 		.ascii	"\300Y \216\270\325\217\234Q$'Z\302\276\314=j\210\005"
 7586      B8D58F9C 
 7586      5124275A 
 7586      C2BECC3D 
 7586      6A8805
 7587 13db 019DEECC 		.ascii	"\001\235\356\314~\012\351\241\200\035`\340\321\021\232"
 7587      7E0AE9A1 
 7587      801D60E0 
 7587      D1119A
 7588 13ea AA4D760B 		.ascii	"\252Mv\013*\376\025%\246\006\241|bwJsr\263\015T\256"
 7588      2AFE1525 
 7588      A606A17C 
 7588      62774A73 
 7588      72B30D54 
 7589 13ff 10FA40CF 		.ascii	"\020\372@\317d\371\337\037\200\2056\305\275\272\353"
 7589      64F9DF1F 
 7589      808536C5 
 7589      BDBAEB
ARM GAS  C:\Users\nicx5\AppData\Local\Temp\ccq4ftZ0.s 			page 336


 7590 140e 68806795 		.ascii	"h\200g\2257#\313\331N\346\310\216\201\307GZ*\337]\210"
 7590      3723CBD9 
 7590      4EE6C88E 
 7590      81C7475A 
 7590      2ADF5D88 
 7591 1422 E9EDA449 		.ascii	"\351\355\244I\333_\001\276\377\313\342\323\003\003V"
 7591      DB5F01BE 
 7591      FFCBE2D3 
 7591      030356
 7592 1431 E6AD0B1E 		.ascii	"\346\255\013\0369\210\310\342\343\030\304\014^/\012"
 7592      3988C8E2 
 7592      E318C40C 
 7592      5E2F0A
 7593 1440 63792591 		.ascii	"cy%\221x{\020\343\271\"\230\257\364\347\014\206\350"
 7593      787B10E3 
 7593      B92298AF 
 7593      F4E70C86 
 7593      E8
 7594 1451 D741B862 		.ascii	"\327A\270b3/\363\317\005\007\376\352(\305\250\257F\027"
 7594      332FF3CF 
 7594      0507FEEA 
 7594      28C5A8AF 
 7594      4617
 7595 1463 7284E0F9 		.ascii	"r\204\340\371O\341\325\200\206F\231\367Po\012+\3112"
 7595      4FE1D580 
 7595      864699F7 
 7595      506F0A2B 
 7595      C932
 7596 1475 348CE880 		.ascii	"4\214\350\200MW\361\260\012}&)\212H@\033\217~\254\257"
 7596      4D57F1B0 
 7596      0A7D2629 
 7596      8A48401B 
 7596      8F7EACAF 
 7597 1489 AD28864D 		.ascii	"\255(\206M\314\004/\253\023\374h\035\257%c\016-@\304"
 7597      CC042FAB 
 7597      13FC681D 
 7597      AF25630E 
 7597      2D40C4
 7598 149c 52043CD7 		.ascii	"R\004<\327\243\340\012Y;L\350\354\276V\360Kf\364&L="
 7598      A3E00A59 
 7598      3B4CE8EC 
 7598      BE56F04B 
 7598      66F4264C 
 7599 14b1 D387D569 		.ascii	"\323\207\325i`_oXr$\360\304:\251\343\203\300J\365\364"
 7599      605F6F58 
 7599      7224F0C4 
 7599      3AA9E383 
 7599      C04AF5F4 
 7600 14c5 1CB43026 		.ascii	"\034\2640&\351\227lr\345\341\007\361Q\360[\265\2149"
 7600      E9976C72 
 7600      E5E107F1 
 7600      51F05BB5 
 7600      8C39
 7601 14d7 0B4A690E 		.ascii	"\013Ji\016\003\215]~\214kz4V\335\343\266 3P\001%\004"
 7601      038D5D7E 
 7601      8C6B7A34 
 7601      56DDE3B6 
ARM GAS  C:\Users\nicx5\AppData\Local\Temp\ccq4ftZ0.s 			page 337


 7601      20335001 
 7602 14ed 8921BDEA 		.ascii	"\211!\275\352\221Z\255M\273\321\023@\177\003\346<\337"
 7602      915AAD4D 
 7602      BBD11340 
 7602      7F03E63C 
 7602      DF
 7603 14fe B6A861D7 		.ascii	"\266\250a\327\206\375\016X\226\"8\306\300\244\015\360"
 7603      86FD0E58 
 7603      962238C6 
 7603      C0A40DF0 
 7604 150e D071C947 		.ascii	"\320q\311G_N^hG\376:\372\\\223l\007gxZ~j\212\273 \325"
 7604      5F4E5E68 
 7604      47FE3AFA 
 7604      5C936C07 
 7604      67785A7E 
 7605 1527 486803F5 		.ascii	"Hh\003\365g\277\207v\214\356\037\015F\314Z\305+Q`\215"
 7605      67BF8776 
 7605      8CEE1F0D 
 7605      46CC5AC5 
 7605      2B51608D 
 7606 153b 65AE95AD 		.ascii	"e\256\225\255\263\036\235\360mruD\\\304\213\334*C\350"
 7606      B31E9DF0 
 7606      6D727544 
 7606      5CC48BDC 
 7606      2A43E8
 7607 154e 94E6E23A 		.ascii	"\224\346\342:\224]\302C\000\251\245Qy\313.x\206OlLm"
 7607      945DC243 
 7607      00A9A551 
 7607      79CB2E78 
 7607      864F6C4C 
 7608 1563 E4087A8F 		.ascii	"\344\010z\217\"\325B#q\250\233\211\261\250Wy,\2448*"
 7608      22D54223 
 7608      71A89B89 
 7608      B1A85779 
 7608      2CA4382A 
 7609 1577 02708955 		.ascii	"\002p\211U\177\027\244\213.\370\260\013\323mobP\212"
 7609      7F17A48B 
 7609      2EF8B00B 
 7609      D36D6F62 
 7609      508A
 7610 1589 2D571048 		.ascii	"-W\020H\012\322\276\003\371\354(\346\033Nc\004\354("
 7610      0AD2BE03 
 7610      F9EC28E6 
 7610      1B4E6304 
 7610      EC28
 7611 159b F05E4579 		.ascii	"\360^EyB\351\020\000\001\026\001J\034\215\341\223\010"
 7611      42E91000 
 7611      0116014A 
 7611      1C8DE193 
 7611      08
 7612 15ac B2B2584B 		.ascii	"\262\262XK\217\323S\206\243\301:\230\203\217\277\246"
 7612      8FD35386 
 7612      A3C13A98 
 7612      838FBFA6 
 7613 15bc B04D6883 		.ascii	"\260Mh\203\011:\014y\036\3606g\230\031\350{\200\267"
 7613      093A0C79 
 7613      1EF03667 
ARM GAS  C:\Users\nicx5\AppData\Local\Temp\ccq4ftZ0.s 			page 338


 7613      9819E87B 
 7613      80B7
 7614 15ce 9C636640 		.ascii	"\234cf@\357\005\336b\216\235\001\271\027|\2132VR\325"
 7614      EF05DE62 
 7614      8E9D01B9 
 7614      177C8B32 
 7614      5652D5
 7615 15e1 0AE6D436 		.ascii	"\012\346\3246\246!\305u\217k\317s%e\347/\211\312Jj\260"
 7615      A621C575 
 7615      8F6BCF73 
 7615      2565E72F 
 7615      89CA4A6A 
 7616 15f6 8114579A 		.ascii	"\201\024W\232P\210\012\311W$\260}`S\227\015\377r,\230"
 7616      50880AC9 
 7616      5724B07D 
 7616      6053970D 
 7616      FF722C98 
 7617 160a 1155062E 		.ascii	"\021U\006.\236GY.\375\263\366\241\215\223\370p\222h"
 7617      9E47592E 
 7617      FDB3F6A1 
 7617      8D93F870 
 7617      9268
 7618 161c 3615E8CD 		.ascii	"6\025\350\315_b\355cq\334\347\225x\325\234p2Ldk3'g\213"
 7618      5F62ED63 
 7618      71DCE795 
 7618      78D59C70 
 7618      324C646B 
 7619 1634 B16D6EBB 		.ascii	"\261mn\273Mr\313\366\031\006\277\030\237\200X<+q\233"
 7619      4D72CBF6 
 7619      1906BF18 
 7619      9F80583C 
 7619      2B719B
 7620 1647 CE7D59A9 		.ascii	"\316}Y\251\250\034y\206\264\373U\010\315C5T?\217\207"
 7620      A81C7986 
 7620      B4FB5508 
 7620      CD433554 
 7620      3F8F87
 7621 165a CF85B88F 		.ascii	"\317\205\270\217o\326\3228(l\267\225]\302~\330\202\342"
 7621      6FD6D238 
 7621      286CB795 
 7621      5DC27ED8 
 7621      82E2
 7622 166c 3FCD0E57 		.ascii	"?\315\016W\244\202\377\315\237\011\274\233\341\352]"
 7622      A482FFCD 
 7622      9F09BC9B 
 7622      E1EA5D
 7623 167b 8816C4E2 		.ascii	"\210\026\304\342\264\311\233\203\320 Yn\216\027\372"
 7623      B4C99B83 
 7623      D020596E 
 7623      8E17FA
 7624 168a 72A79F62 		.ascii	"r\247\237b\203\374'\275\031h8\302\034\201\220\250L\346"
 7624      83FC27BD 
 7624      196838C2 
 7624      1C8190A8 
 7624      4CE6
 7625 169c 5F316094 		.ascii	"_1`\224\024\323\226\233\377\204s\032_\347F\267\263l"
 7625      14D3969B 
ARM GAS  C:\Users\nicx5\AppData\Local\Temp\ccq4ftZ0.s 			page 339


 7625      FF84731A 
 7625      5FE746B7 
 7625      B36C
 7626 16ae BE5872FE 		.ascii	"\276Xr\376\363\277\205h\320g\233\304a\024C\207\266\200"
 7626      F3BF8568 
 7626      D0679BC4 
 7626      61144387 
 7626      B680
 7627 16c0 78D7CDC5 		.ascii	"x\327\315\305j\200\300\023\301n\226b\233\243\300Y\204"
 7627      6A80C013 
 7627      C16E9662 
 7627      9BA3C059 
 7627      84
 7628 16d1 D853FB7D 		.ascii	"\330S\373}j\177\217\224r\336\251\342F\270U\231\311T"
 7628      6A7F8F94 
 7628      72DEA9E2 
 7628      46B85599 
 7628      C954
 7629 16e3 CAD0CC83 		.ascii	"\312\320\314\203\220e\031\234\214\302@C\302\366\014"
 7629      9065199C 
 7629      8CC24043 
 7629      C2F60C
 7630 16f2 CEBC08   		.ascii	"\316\274\010"
 7631              		.text
 7632              		.section	.gnu.lto_HAL_ADC_GetState.355.1f3e1af6,"e",%progbits
 7633 0000 28B52FFD 		.ascii	"(\265/\375`x\000}\012\000t\022\326\000\000\000o\000"
 7633      6078007D 
 7633      0A007412 
 7633      D6000000 
 7633      6F00
 7634 0012 00002700 		.ascii	"\000\000'\000\000\000\001\003\000\001\222\221\212\002"
 7634      00000103 
 7634      00019291 
 7634      8A02
 7635 0020 00808080 		.ascii	"\000\200\200\200@\007\002\001\201\221\212\367\333\233"
 7635      40070201 
 7635      81918AF7 
 7635      DB9B
 7636 002e 8F0101BD 		.ascii	"\217\001\001\275\001\001\000\177\002\001\177\001\254"
 7636      0101007F 
 7636      02017F01 
 7636      AC
 7637 003b 03050106 		.ascii	"\003\005\001\006\023\001\004\005\001\006\025\001 /\300"
 7637      13010405 
 7637      01061501 
 7637      202FC0
 7638 004a 8080F8CB 		.ascii	"\200\200\370\313\227\262\273S\201\274\320\200\011\177"
 7638      97B2BB53 
 7638      81BCD080 
 7638      097F
 7639 0058 007DBA01 		.ascii	"\000}\272\001\271\001\000\000\000\000\005\001\010M\000"
 7639      B9010000 
 7639      00000501 
 7639      084D00
 7640 0067 2DC08080 		.ascii	"-\300\200\200\320\274\371\200\200\022\000{\274\001\002"
 7640      D0BCF980 
 7640      8012007B 
ARM GAS  C:\Users\nicx5\AppData\Local\Temp\ccq4ftZ0.s 			page 340


 7640      BC0102
 7641 0076 0252BD1D 		.ascii	"\002R\275\035\000\000\013\000\000}\000\000\000\257\322"
 7641      00000B00 
 7641      007D0000 
 7641      00AFD2
 7642 0085 05E080F8 		.ascii	"\005\340\200\370\377\237\200\200\3166\356\302\301\356"
 7642      FF9F8080 
 7642      CE36EEC2 
 7642      C1EE
 7643 0093 0D040201 		.ascii	"\015\004\002\001\001\274\001\003\000\002\000\000\000"
 7643      01BC0103 
 7643      00020000 
 7643      00
 7644 00a0 A9038004 		.ascii	"\251\003\200\004\001\000\252\003\002\201\300\000\377"
 7644      0100AA03 
 7644      0281C000 
 7644      FF
 7645 00ad 0280E2F1 		.ascii	"\002\200\342\361\3666\374\366\006\000\203\003\302\276"
 7645      F636FCF6 
 7645      06008303 
 7645      C2BE
 7646 00bb A91E037B 		.ascii	"\251\036\003{\001\000\005\001\254\010yz\277\001\000"
 7646      01000501 
 7646      AC08797A 
 7646      BF0100
 7647 00ca 36A18080 		.ascii	"6\241\200\200\010w\300\001u\000\000\000\207\003\202"
 7647      0877C001 
 7647      75000000 
 7647      870382
 7648 00d9 A0060303 		.ascii	"\240\006\003\003\251\003\200\004\001\200\300\000\000"
 7648      A9038004 
 7648      0180C000 
 7648      00
 7649 00e6 0014453A 		.ascii	"\000\024E:\\Works\\STM32\\HBox\0005Drivers/H7xx_HAL"
 7649      5C576F72 
 7649      6B735C53 
 7649      544D3332 
 7649      5C48426F 
 7650 010d 5F2F5372 		.ascii	"_/Src/stm32hhal_adc.c\000\004hadc\035.7b9ba502\000\016"
 7650      632F7374 
 7650      6D333268 
 7650      68616C5F 
 7650      6164632E 
 7651 0134 007AE6E2 		.ascii	"\000z\346\342\031|\3169\276y\317\250\341Hf\003g\006"
 7651      197CCE39 
 7651      BE79CFA8 
 7651      E1486603 
 7651      6706
 7652 0146 41C6E64A 		.ascii	"A\306\346J\353-4\252\230==X\027~\346y\265\223\014"
 7652      EB2D34AA 
 7652      983D3D58 
 7652      177EE679 
 7652      B5930C
 7653              		.text
 7654              		.section	.gnu.lto_HAL_ADC_GetError.356.1f3e1af6,"e",%progbits
 7655 0000 28B52FFD 		.ascii	"(\265/\375`x\000M\012\000v\022H>\000\263\246\003,\203"
 7655      6078004D 
ARM GAS  C:\Users\nicx5\AppData\Local\Temp\ccq4ftZ0.s 			page 341


 7655      0A007612 
 7655      483E00B3 
 7655      A6032C83 
 7656 0014 1FBC4391 		.ascii	"\037\274C\221q\367\252{\0236\334F$ \370\303\177\001"
 7656      71F7AA7B 
 7656      1336DC46 
 7656      2420F8C3 
 7656      7F01
 7657 0026 44A9F965 		.ascii	"D\251\371ef\336\264\312\017\014\326\310\367$t\233&b"
 7657      66DEB4CA 
 7657      0F0CD6C8 
 7657      F724749B 
 7657      2662
 7658 0038 626C4807 		.ascii	"blH\007\210\002\037\346tB\036d\250!)5\262\267L\0014"
 7658      88021FE6 
 7658      74421E64 
 7658      A8212935 
 7658      B2B74C01 
 7659 004d 00330036 		.ascii	"\0003\0006\000\275Sk)\032\036\225\034_\367J&\360\201"
 7659      00BD536B 
 7659      291A1E95 
 7659      1C5FF74A 
 7659      26F081
 7660 0060 C821C805 		.ascii	"\310!\310\005\"\2077\3074\266\2643\3270\243\254\364"
 7660      228737C7 
 7660      34B6B433 
 7660      D730A3AC 
 7660      F4
 7661 0071 E0D86E35 		.ascii	"\340\330n5\266\000\020\335}k\273\245\360/\377W\370\377"
 7661      B60010DD 
 7661      7D6BBBA5 
 7661      F02FFF57 
 7661      F8FF
 7662 0083 FABF13FF 		.ascii	"\372\277\023\377\355/\253\314\026\034\010\342\351\200"
 7662      ED2FABCC 
 7662      161C08E2 
 7662      E980
 7663 0091 1E4EBA5B 		.ascii	"\036N\272[~\276\366\011ub\376\317~\201_\304ba-\253\262"
 7663      7EBEF609 
 7663      7562FECF 
 7663      7E815FC4 
 7663      62612DAB 
 7664 00a6 13740FA9 		.ascii	"\023t\017\251\273\356u\341\250\221\303\377g\031\236"
 7664      BBEE75E1 
 7664      A891C3FF 
 7664      67199E
 7665 00b5 999D1610 		.ascii	"\231\235\026\020\016\024\006\377\327f\260/\356^\321"
 7665      0E1406FF 
 7665      D766B02F 
 7665      EE5ED1
 7666 00c4 85E49AFC 		.ascii	"\205\344\232\374\377\3405d\354~1\235oFD\306\034\207"
 7666      FFE03564 
 7666      EC7E319D 
 7666      6F4644C6 
 7666      1C87
 7667 00d6 67D945C0 		.ascii	"g\331E\300\331\350n\311\305\236\220\251\307\373i\373"
 7667      D9E86EC9 
ARM GAS  C:\Users\nicx5\AppData\Local\Temp\ccq4ftZ0.s 			page 342


 7667      C59E90A9 
 7667      C7FB69FB 
 7668 00e6 FB5AB317 		.ascii	"\373Z\263\027\346\014\366\305\005/\031J'\253\201u\032"
 7668      E60CF6C5 
 7668      052F194A 
 7668      27AB8175 
 7668      1A
 7669 00f7 89D0D6E9 		.ascii	"\211\320\326\351\002\217\216\320\326\271\3428]\256\222"
 7669      028F8ED0 
 7669      D6B9E238 
 7669      5DAE92
 7670 0106 D4E10123 		.ascii	"\324\341\001#\3214E\256*\"\314U,v2IX\232\001\242\221"
 7670      D13445AE 
 7670      2A22CC55 
 7670      2C763249 
 7670      589A01A2 
 7671 011b 4E941E7B 		.ascii	"N\224\036{I\230\252\222\204\272H\251`\033\351\013C\025"
 7671      4998AA92 
 7671      84BA48A9 
 7671      601BE90B 
 7671      4315
 7672 012d 0E007AE6 		.ascii	"\016\000z\346\342\031|\3169\276y\317\250\341Hf\003g"
 7672      E2197CCE 
 7672      39BE79CF 
 7672      A8E14866 
 7672      0367
 7673 013f 0641C6E6 		.ascii	"\006A\306\346J\353-4\252\230==X\027~\346y\265\223\014"
 7673      4AEB2D34 
 7673      AA983D3D 
 7673      58177EE6 
 7673      79B5930C 
 7674              		.text
 7675              		.section	.gnu.lto_ADC_ConversionStop.357.1f3e1af6,"e",%progbits
 7676 0000 28B52FFD 		.ascii	"(\265/\375`\275\015\235D\000\012qp\031@@\242N\007\347"
 7676      60BD0D9D 
 7676      44000A71 
 7676      70194040 
 7676      A24E07E7 
 7677 0014 AEDFBF23 		.ascii	"\256\337\277#n\\\271\266\316\3106<6\267{\204\271\247"
 7677      6E5CB9B6 
 7677      CEC8363C 
 7677      36B77B84 
 7677      B9A7
 7678 0026 B97CFAD5 		.ascii	"\271|\372\325\0225\020\012\235f\207hB6\240\235_\217"
 7678      1235100A 
 7678      9D668768 
 7678      4236A09D 
 7678      5F8F
 7679 0038 D88E6062 		.ascii	"\330\216`b&N\364\004\007\233 \263\270N\214\233\210\220"
 7679      264EF404 
 7679      079B20B3 
 7679      B84E8C9B 
 7679      8890
 7680 004a BD779229 		.ascii	"\275w\222)\005\212\001_\001\207\001\\|\317\373\374\317"
 7680      058A015F 
 7680      0187015C 
 7680      7CCFFBFC 
ARM GAS  C:\Users\nicx5\AppData\Local\Temp\ccq4ftZ0.s 			page 343


 7680      CF
 7681 005b BB78602F 		.ascii	"\273x`/\235Y\274\270i\362\007\230\007\247\225\361\323"
 7681      9D59BCB8 
 7681      69F20798 
 7681      07A795F1 
 7681      D3
 7682 006c 5387908F 		.ascii	"S\207\220\217\017\230;zdm\006\364=\327>ur\201>tc\311"
 7682      0F983B7A 
 7682      646D06F4 
 7682      3DD73E75 
 7682      72813E74 
 7683 0082 7066929F 		.ascii	"pf\222\237\020\316u1O\316\330*w\3333\322I\367\341\257"
 7683      10CE7531 
 7683      4FCED82A 
 7683      77DB33D2 
 7683      49F7E1AF 
 7684 0096 642D34AF 		.ascii	"d-4\257\355\250\213\201t\327\371\366\001\343n\317\342"
 7684      EDA88B81 
 7684      74D7F9F6 
 7684      01E36ECF 
 7684      E2
 7685 00a7 5A7238DE 		.ascii	"Zr8\336\215>\312\371\217\23609c\255z\003\322]\2507_"
 7685      8D3ECAF9 
 7685      8F9E3039 
 7685      63AD7A03 
 7685      D25DA837 
 7686 00bc 775B477A 		.ascii	"w[Gz\335E\240 G\227}\016s\345\314\304u\215[\340b\316"
 7686      DD45A020 
 7686      47977D0E 
 7686      73E5CCC4 
 7686      758D5BE0 
 7687 00d2 58033FD7 		.ascii	"X\003?\327\316Np%{\213\365V~\231C=\235ONMLKJ\315$\244"
 7687      CE4E7025 
 7687      7B8BF556 
 7687      7E99433D 
 7687      9D4F4E4D 
 7688 00ec 23236611 		.ascii	"##f\021\321\220\320R\231D\036\337(\267}\\\326\256d3"
 7688      D190D052 
 7688      99441EDF 
 7688      28B77D5C 
 7688      D6AE6433 
 7689 0100 73A867DE 		.ascii	"s\250g\336\025\354\334\321\206\347O\206I\234\354\250"
 7689      15ECDCD1 
 7689      86E74F86 
 7689      499CECA8 
 7690 0110 59709396 		.ascii	"Yp\223\226\026jG\305\202\231\330\300\341\223\030\327"
 7690      166A47C5 
 7690      8299D8C0 
 7690      E19318D7 
 7691 0120 86E74B47 		.ascii	"\206\347KG,\243@8a\022\343\332\244\270\222\224(o\323"
 7691      2CA34038 
 7691      6112E3DA 
 7691      A4B89294 
 7691      286FD3
 7692 0133 6A068AC7 		.ascii	"j\006\212\307Q\253\337\244\363$\2729\214D\007\005\037"
 7692      51ABDFA4 
 7692      F324BA39 
ARM GAS  C:\Users\nicx5\AppData\Local\Temp\ccq4ftZ0.s 			page 344


 7692      8C440705 
 7692      1F
 7693 0144 4971A3AA 		.ascii	"Iq\243\252\0253\345\274H\011&j\011\344\021\323\307\263"
 7693      1533E5BC 
 7693      4809266A 
 7693      09E411D3 
 7693      C7B3
 7694 0156 54B9B6B9 		.ascii	"T\271\266\271\026E\315\355\250I\360P\226j\015t\000v"
 7694      1645CDED 
 7694      A849F050 
 7694      966A0D74 
 7694      0076
 7695 0168 54245808 		.ascii	"T$X\010@\\\033\022_\266\257\367\207\306\263T#-\204\274"
 7695      405C1B12 
 7695      5FB6AFF7 
 7695      87C6B354 
 7695      232D84BC 
 7696 017c 2BD51D58 		.ascii	"+\325\035Xy\304r\322V\304\223WGb2Y!\211qmC\374\330F"
 7696      79C472D2 
 7696      56C49357 
 7696      47623259 
 7696      2189716D 
 7697 0194 88A2A6C4 		.ascii	"\210\242\246\304\263T\"\255\007E\3024\374\372Y\021\217"
 7697      B35422AD 
 7697      0745C234 
 7697      FCFA5911 
 7697      8F
 7698 01a5 6A092469 		.ascii	"j\011$i\003\244I\270\004\321\355\250[\260{\004\015\267"
 7698      03A449B8 
 7698      04D1EDA8 
 7698      5BB07B04 
 7698      0DB7
 7699 01b7 596ADE92 		.ascii	"Yj\336\222M\007~\"\266i\013\3159{\240\343\036l:0>b\345"
 7699      4D077E22 
 7699      B6690BCD 
 7699      397BA0E3 
 7699      1E6C3A30 
 7700 01ce 9C1BABB1 		.ascii	"\234\033\253\261\265yC\275\033\247\350\366\002\335\313"
 7700      B57943BD 
 7700      1BA7E8F6 
 7700      02DDCB
 7701 01dd 00016BCA 		.ascii	"\000\001k\312\352\242\355s]\347u\227\351\315\354\276"
 7701      EAA2ED73 
 7701      5DE77597 
 7701      E9CDECBE 
 7702 01ed F4CD2196 		.ascii	"\364\315!\2260g?m\302\211\031t\005\275}\327cN\275\377"
 7702      30673F6D 
 7702      C2891974 
 7702      05BD7DD7 
 7702      634EBDFF 
 7703 0201 ED27D1D2 		.ascii	"\355'\321\322\206L\177\332\335[n\206\013\2313\334\202"
 7703      864C7FDA 
 7703      DD5B6E86 
 7703      0B9933DC 
 7703      82
 7704 0212 F63238A4 		.ascii	"\36628\244\310\032\257\273\377\015\252W\275\237\366"
 7704      C81AAFBB 
ARM GAS  C:\Users\nicx5\AppData\Local\Temp\ccq4ftZ0.s 			page 345


 7704      FF0DAA57 
 7704      BD9FF6
 7705 0221 88463802 		.ascii	"\210F8\002{K\270\264o\035\343U\357v\004\005r\316\331"
 7705      7B4BB8B4 
 7705      6F1DE355 
 7705      EF760405 
 7705      72CED9
 7706 0234 C9FFD66E 		.ascii	"\311\377\326n'{\251\036\301\336\241\016\314\330\013"
 7706      277BA91E 
 7706      C1DEA10E 
 7706      CCD80B
 7707 0243 18B154BD 		.ascii	"\030\261T\275c\273\252\036+\276-`\254B\365\256\347\320"
 7707      63BBAA1E 
 7707      2BBE2D60 
 7707      AC42F5AE 
 7707      E7D0
 7708 0255 25F6EF76 		.ascii	"%\366\357v\001\003\273\032\325Cu<Zw\2039\230\032'\344"
 7708      0103BB1A 
 7708      D543753C 
 7708      5A778339 
 7708      981A27E4 
 7709 0269 72CE0BDA 		.ascii	"r\316\013\332\277\224\325\311x%rs7^w\375OT\257g?\355"
 7709      BF94D5C9 
 7709      78257273 
 7709      375E77FD 
 7709      4F54AF67 
 7710 027f 97B18EF1 		.ascii	"\227\261\216\361MP\236lF\314f:\002\336\375\026\014*"
 7710      4D509E6C 
 7710      46CC663A 
 7710      02DEFD16 
 7710      0C2A
 7711 0291 6C9F7A1D 		.ascii	"l\237z\035\320e\274\235\341\306~\007\015Z\031\224\227"
 7711      D065BC9D 
 7711      E1C67E07 
 7711      0D5A1994 
 7711      97
 7712 02a2 CDB8B1B1 		.ascii	"\315\270\261\261f\370\255\355\014\324\2541\353\257v"
 7712      66F8ADED 
 7712      0CD4AC31 
 7712      EBAF76
 7713 02b1 BB17EF07 		.ascii	"\273\027\357\007W\356\347}\300\312\261\336U\256\347"
 7713      57EEE77D 
 7713      C0CAB1DE 
 7713      55AEE7
 7714 02c0 4DE578EE 		.ascii	"M\345x\356R~u\027\320\270\243\234\317\033\312\001\275"
 7714      527E7517 
 7714      D0B8A39C 
 7714      CF1BCA01 
 7714      BD
 7715 02d1 9F2E6EA7 		.ascii	"\237.n\247\213\373\251\305\355\344\342nrq3\271\270\227"
 7715      8BFBA9C5 
 7715      EDE4E26E 
 7715      727133B9 
 7715      B897
 7716 02e3 5CDC4A2E 		.ascii	"\\\334J.\356\246\213;\251\305\215\344\342>rq\033\271"
 7716      EEA68B3B 
 7716      A9C58DE4 
ARM GAS  C:\Users\nicx5\AppData\Local\Temp\ccq4ftZ0.s 			page 346


 7716      E23E7271 
 7716      1BB9
 7717 02f5 B8992EEE 		.ascii	"\270\231.\356\"\0277\221\213{\310\305-\344\342^\272"
 7717      22173791 
 7717      8B7BC8C5 
 7717      2DE4E25E 
 7717      BA
 7718 0306 B8952EEE 		.ascii	"\270\225.\356\244\213\033\351\342>\276\270]\027w\353"
 7718      A48B1BE9 
 7718      E23EBEB8 
 7718      5D1777EB 
 7719 0316 E2FE16B7 		.ascii	"\342\376\026\267K(*\302E\017O\325\227\234\2254.\346"
 7719      4B282AC2 
 7719      450F4FD5 
 7719      979C9534 
 7719      2EE6
 7720 0328 41778C14 		.ascii	"Aw\214\024\307\272\353\271\363\271\373\271\003\272{"
 7720      C7BAEBB9 
 7720      F3B9FBB9 
 7720      03BA7B
 7721 0337 F1B7DBBB 		.ascii	"\361\267\333\273;G{G\277\305A\2637S\346\021rQ\002\324"
 7721      3B477B47 
 7721      BFC541B3 
 7721      3753E611 
 7721      725102D4 
 7722 034b 1EA8113D 		.ascii	"\036\250\021=\221\315\220w\262\327\335\305v<\215\210"
 7722      91CD9077 
 7722      B2D7DDC5 
 7722      763C8D88 
 7723 035b 748C9DC2 		.ascii	"t\214\235\302\301\253\363=\335\215\370L<\274\222\263"
 7723      C1ABF33D 
 7723      DD8DF84C 
 7723      3CBC92B3 
 7724 036b 9927B93A 		.ascii	"\231'\271:k-\277\302&\007?)V\350\340\222\230Z\314\237"
 7724      6B2DBFC2 
 7724      26073F29 
 7724      56E8E092 
 7724      985ACC9F 
 7725 037f D14EDDFC 		.ascii	"\321N\335\374\226(\353\346\322\220\204\374\216w\313"
 7725      9628EBE6 
 7725      D29084FC 
 7725      8E77CB
 7726 038e 3CF05745 		.ascii	"<\360WE]E~\372\376Daa\262w\364\326\034\335\210X-S5\226"
 7726      5D457EFA 
 7726      FE446161 
 7726      B277F4D6 
 7726      1CDD8858 
 7727 03a6 D99BB927 		.ascii	"\331\233\271'ay\320\031\315\361\003Z}v\256\314%\020"
 7727      6179D019 
 7727      CDF1035A 
 7727      7D76AECC 
 7727      2510
 7728 03b8 22B0AB35 		.ascii	"\"\260\2535\364\256\357\356\213\260yS\364\326&z#\303"
 7728      F4AEEFEE 
 7728      8BB07953 
 7728      F4D6267A 
 7728      23C3
ARM GAS  C:\Users\nicx5\AppData\Local\Temp\ccq4ftZ0.s 			page 347


 7729 03ca 3D3A5A44 		.ascii	"=:ZD?\343\335\372\252\3116\202U\242\267B\003\357\002"
 7729      3FE3DDFA 
 7729      AAC93682 
 7729      55A2B742 
 7729      03EF02
 7730 03dd B9597AA1 		.ascii	"\271Yz\241w+$\340\017\374\332\320\033\235\031z\0305"
 7730      772B24E0 
 7730      0FFCDAD0 
 7730      1B9D197A 
 7730      1835
 7731 03ef FAE09E5A 		.ascii	"\372\340\236Z\260yCom\354d\257\2006.@\023\305B!4|\212"
 7731      B079436F 
 7731      6DEC64AF 
 7731      80362E40 
 7731      13C54221 
 7732 0406 D95CE858 		.ascii	"\331\\\350Xu\334\016\222O\015\276\3027\310\231\300\345"
 7732      75DC0E92 
 7732      4F0DBEC2 
 7732      37C899C0 
 7732      E5
 7733 0417 5B9B03DE 		.ascii	"[\233\003\336\222(I\253w\336\335\371\021\345\202\376"
 7733      922849AB 
 7733      77DEDDF9 
 7733      11E582FE 
 7734 0427 FC35A17F 		.ascii	"\3745\241\177\365\354a}\352]\276\320{\011?\\>T\365\032"
 7734      F5EC617D 
 7734      EA5DBED0 
 7734      7B093F5C 
 7734      3E54F51A 
 7735 043b E856868D 		.ascii	"\350V\206\215\205\317\307:\363\363\244\225F,\203gy\202"
 7735      85CFC73A 
 7735      F3F3A495 
 7735      462C8367 
 7735      7982
 7736 044d 0C5A515A 		.ascii	"\014ZQZ\275\003:\364\314\352\223\212;\222\274\033_\225"
 7736      BD033AF4 
 7736      CCEA938A 
 7736      3B92BC1B 
 7736      5F95
 7737 045f 398B766B 		.ascii	"9\213vk\222\356DQ\014{ \217|s\312\227\343>\365&_i\302"
 7737      92EE4451 
 7737      0C7B208F 
 7737      7C73CA97 
 7737      E33EF526 
 7738 0476 E3243F79 		.ascii	"\343$?y\344c\202\374\254\253\351a\372\324{|\344{\032"
 7738      E46382FC 
 7738      ACABE961 
 7738      FAD47B7C 
 7738      E47B1A
 7739 0489 1014FEE6 		.ascii	"\020\024\376\346\370\311\267\322\370\307\323\320\260"
 7739      F8C9B7D2 
 7739      F8C7D3D0 
 7739      B0
 7740 0496 1DDF4AF6 		.ascii	"\035\337J\366>\337\263{o#b\037f\036u\336\267\272\037"
 7740      3EDFB37B 
 7740      6F23621F 
 7740      661E75DE 
ARM GAS  C:\Users\nicx5\AppData\Local\Temp\ccq4ftZ0.s 			page 348


 7740      B7BA1F
 7741 04a9 91D0B589 		.ascii	"\221\320\265\211\372jc3\227z\335\317\242\243\0033v{"
 7741      FA6A6333 
 7741      977ADDCF 
 7741      A2A30333 
 7741      767B
 7742 04bb 1A57E36C 		.ascii	"\032W\343l\244\2209\347\253\366ca[cb.\270\274\306\222"
 7742      A49039E7 
 7742      ABF66361 
 7742      5B63622E 
 7742      B8BCC692 
 7743 04cf 62D2175C 		.ascii	"b\322\027\\d\\Q\021\035\262\242c3\300\2440\274Bd=WH"
 7743      645C5111 
 7743      1DB2A263 
 7743      33C0A430 
 7743      BC42643D 
 7744 04e5 BFBABCC4 		.ascii	"\277\272\274\304\304\266\244a\321\256'\014\321\020\037"
 7744      C4B6A461 
 7744      D1AE270C 
 7744      D1101F
 7745 04f4 24840041 		.ascii	"$\204\000AAB\364CV4\213\202\204\247\260\255\0273\272"
 7745      4142F443 
 7745      56348B82 
 7745      84A7B0AD 
 7745      1733BA
 7746 0507 A4610356 		.ascii	"\244a\003VH\307\270\244-\276\274\242]_^`]\321/\260("
 7746      48C7B8A4 
 7746      2DBEBCA2 
 7746      5D5F5E60 
 7746      5DD12FB0 
 7747 051c 5754CC2B 		.ascii	"WT\314+\032\003\306\230T\214\031`a\026\276\300\274\276"
 7747      1A03C698 
 7747      548C1960 
 7747      6116BEC0 
 7747      BCBE
 7748 052e C0B28A1A 		.ascii	"\300\262\212\032\301\001\005[*\032\250\270*\360\344"
 7748      C101055B 
 7748      2A1AA8B8 
 7748      2AF0E4
 7749 053d 5AB1C5A2 		.ascii	"Z\261\305\242m\256\002\\+\266\242/\266X\260@\220\000"
 7749      6DAE025C 
 7749      2BB6A22F 
 7749      B658B040 
 7749      9000
 7750 054f C6989801 		.ascii	"\306\230\230\001\2560\020\006\242\032$\\\210\332\260"
 7750      AE301006 
 7750      A21A245C 
 7750      88DAB0
 7751 055e 7175C180 		.ascii	"qu\301\200X\230\224\206W\030\005\005m\003l\302\205\023"
 7751      58989486 
 7751      57180505 
 7751      6D036CC2 
 7751      8513
 7752 0570 08126C08 		.ascii	"\010\022l\010\001\342\204\230\21300\255\023\016*$u7"
 7752      01E28498 
 7752      8B3030AD 
 7752      130E2A24 
ARM GAS  C:\Users\nicx5\AppData\Local\Temp\ccq4ftZ0.s 			page 349


 7752      7537
 7753 0582 36FB57DB 		.ascii	"6\373W\333\011O\316\235g{\331k\305\213\273\203t/{\243"
 7753      094FCE9D 
 7753      677BD96B 
 7753      C58BBB83 
 7753      742F7BA3 
 7754 0596 3AEA1BEB 		.ascii	":\352\033\353\354\323\032k6\205\"`\335\263\370t\376"
 7754      ECD31A6B 
 7754      36852260 
 7754      DDB3F874 
 7754      FE
 7755 05a7 11D0D33B 		.ascii	"\021\320\323;\3310<\2559\025\371\371\243\343\336:\377"
 7755      D9303CAD 
 7755      3915F9F9 
 7755      A3E3DE3A 
 7755      FF
 7756 05b8 0CDF1431 		.ascii	"\014\337\0241O\202xM\357\203\351\233L\340\036LT\226"
 7756      4F82784D 
 7756      EF83E99B 
 7756      4CE01E4C 
 7756      5496
 7757 05ca 9EC7A02B 		.ascii	"\236\307\240+\375\022NS\372\344QPn\350\311\017@N\315"
 7757      FD124E53 
 7757      FAE45150 
 7757      6EE8C90F 
 7757      404ECD
 7758 05dd F7357B87 		.ascii	"\3675{\207P\237\364\315O\242Y\300h$\244I\377\240z\325"
 7758      509FF4CD 
 7758      4FA259C0 
 7758      6824A449 
 7758      FFA07AD5 
 7759 05f1 03C3D31A 		.ascii	"\003\303\323\032H\244\247jLT$d\322\364\326v\235\354"
 7759      48A4A76A 
 7759      4C542464 
 7759      D2F4D676 
 7759      9DEC
 7760 0603 3D7A1FB3 		.ascii	"=z\037\263\347\346\301\033\375\321K\321\355\250\233"
 7760      E7E6C11B 
 7760      FDD14BD1 
 7760      EDA89B
 7761 0612 FED4E865 		.ascii	"\376\324\350e\274M\377\022\341\324\321\353\302\364\326"
 7761      BC4DFF12 
 7761      E1D4D1EB 
 7761      C2F4D6
 7762 0621 8690C5D0 		.ascii	"\206\220\305\320\250\365\251\027\302\235\241\222\013"
 7762      A8F5A917 
 7762      C29DA192 
 7762      0B
 7763 062e F20D7877 		.ascii	"\362\015xw?\232B>\365B\375Z\267\326\037\235\007\357"
 7763      3F9A423E 
 7763      F542FD5A 
 7763      B7D61F9D 
 7763      07EF
 7764 0640 5E1CFA84 		.ascii	"^\034\372\204\2733l\300\256\366\340\275\311\333\364"
 7764      BB336CC0 
 7764      AEF6E0BD 
 7764      C9DBF4
ARM GAS  C:\Users\nicx5\AppData\Local\Temp\ccq4ftZ0.s 			page 350


 7765 064f D1FE08B3 		.ascii	"\321\376\010\263P\377\307\251\264\010\326-\275\333\037"
 7765      50FFC7A9 
 7765      B408D62D 
 7765      BDDB1F
 7766 065e 1C92CF71 		.ascii	"\034\222\317q\225\267w\363\033\344\307\003\201\027\250"
 7766      95B777F3 
 7766      1BE4C703 
 7766      8117A8
 7767 066d 71246691 		.ascii	"q$f\221ChdDD4I\222\326!\005\004!)!S\017\021\3204\247"
 7767      43686444 
 7767      44344992 
 7767      D6210504 
 7767      21292153 
 7768 0686 242392A4 		.ascii	"$#\222\244\240 u\322\032 \377\026G\016\201\\*c\317\345"
 7768      A02075D2 
 7768      1A20FF16 
 7768      470E815C 
 7768      2A63CFE5 
 7769 069a 852E97C0 		.ascii	"\205.\227\300\231\234m\271>\367\334\333S\252\357\256"
 7769      999C6DB9 
 7769      3EF7DCDB 
 7769      53AAEFAE 
 7770 06aa 5FC2D8FE 		.ascii	"_\302\330\376CCz\2565\032\015\360\313\014\037\361\256"
 7770      43437AAE 
 7770      351A0DF0 
 7770      CB0C1FF1 
 7770      AE
 7771 06bb 7A3B8BB4 		.ascii	"z;\213\264%\333\010\355\350\212\335`9\025L\001'\024"
 7771      25DB08ED 
 7771      E88ADD60 
 7771      39154C01 
 7771      2714
 7772 06cd 7761D08A 		.ascii	"wa\320\212\030\203\320\034\267\205\264\026\313EJ\253"
 7772      1883D01C 
 7772      B785B416 
 7772      CB454AAB 
 7773 06dd F34884E9 		.ascii	"\363H\204\351\254\034'\210\303\231l\333\303Bz\200\322"
 7773      AC1C2788 
 7773      C3996CDB 
 7773      C3427A80 
 7773      D2
 7774 06ee A2405BE8 		.ascii	"\242@[\350\030j\372\304\276\247\3728\351G\036\302\307"
 7774      186AFAC4 
 7774      BEA7FA38 
 7774      E9471EC2 
 7774      C7
 7775 06ff 201B6BB9 		.ascii	" \033k\271\212\005\373j\360\321\325j\355e.Y\342\216"
 7775      8A05FB6A 
 7775      F0D1D56A 
 7775      ED652E59 
 7775      E28E
 7776 0711 C0DACA99 		.ascii	"\300\332\312\231\262b\032kYI\363:d\301ID\231\243\352"
 7776      B2621A6B 
 7776      5949F33A 
 7776      64C14944 
 7776      99A3EA
 7777 0724 66ABC8C0 		.ascii	"f\253\310\300\306\300\212v\244s\226\011\344\330y;\300"
ARM GAS  C:\Users\nicx5\AppData\Local\Temp\ccq4ftZ0.s 			page 351


 7777      C6C08A76 
 7777      A4739609 
 7777      E4D8793B 
 7777      C0
 7778 0735 DFA42C0A 		.ascii	"\337\244,\012k\227\307E\355Y\177\024\365\211Z\200\214"
 7778      6B97C745 
 7778      ED597F14 
 7778      F5895A80 
 7778      8C
 7779 0746 3CC67226 		.ascii	"<\306r&r(\324\010\177\3553]|7 \376\3310X\332\3534Z\014"
 7779      7228D408 
 7779      7FED335D 
 7779      7C3720FE 
 7779      D93058DA 
 7780 075e DEBCEB6F 		.ascii	"\336\274\353ont#$\350\254\305\007U'\214`\262\227\354"
 7780      6E742324 
 7780      E8ACC507 
 7780      55278C60 
 7780      B297EC
 7781 0771 DAC57DAF 		.ascii	"\332\305}\257\276UP\012\204\232=r\035\321\350\351\333"
 7781      BE55500A 
 7781      849A3D72 
 7781      1DD1E8E9 
 7781      DB
 7782 0782 E8B41134 		.ascii	"\350\264\0214\203\360\333(v+\347\023\217\240\020t\202"
 7782      83F0DB28 
 7782      762BE713 
 7782      8FA01074 
 7782      82
 7783 0793 C79521DE 		.ascii	"\307\225!\336\210\363?\264\260rMX\300\302Lf7A\332\333"
 7783      88F33FB4 
 7783      B0724D58 
 7783      C0C24C66 
 7783      3741DADB 
 7784 07a7 39D5BD0E 		.ascii	"9\325\275\016u:\303'\274M|\003\010{=\001\254\001\273"
 7784      753AC327 
 7784      BC4D7C03 
 7784      087B3D01 
 7784      AC01BB
 7785 07ba D94CA8BB 		.ascii	"\331L\250\273\222\\\310\237N\220\335\301\032 \326ZH"
 7785      925CC89F 
 7785      4E90DDC1 
 7785      1A20D65A 
 7785      48
 7786 07cb 049965D1 		.ascii	"\004\231e\321\340"
 7786      E0
 7787 07d0 0B536EF9 		.ascii	"\013Sn\371\372\321<\253:C=`!^\234&|\006]\305\376\346"
 7787      FAD13CAB 
 7787      3A433D60 
 7787      215E9C26 
 7787      7C065DC5 
 7788 07e6 2B33523E 		.ascii	"+3R>\214Hm\010\353\230\206\273\211\224\316\252`+\244"
 7788      8C486D08 
 7788      EB9886BB 
 7788      8994CEAA 
 7788      602BA4
 7789 07f9 9D48FEE5 		.ascii	"\235H\376\345\302\243u}vj\302\227\010\016M\311 \036"
ARM GAS  C:\Users\nicx5\AppData\Local\Temp\ccq4ftZ0.s 			page 352


 7789      C2A3757D 
 7789      766AC297 
 7789      080E4DC9 
 7789      201E
 7790 080b 62AFF43E 		.ascii	"b\257\364>\015\342\026\245\212E&\214\311\331&8a\323"
 7790      0DE216A5 
 7790      8A45268C 
 7790      C9D92638 
 7790      61D3
 7791 081d 0F05F522 		.ascii	"\017\005\365\"\224Q\004\267A\026\242\215\203\\\245\260"
 7791      945104B7 
 7791      4116A28D 
 7791      835CA5B0 
 7792 082d AEFC1230 		.ascii	"\256\374\0220\014p\224\300\270 Q\300\006\006j\024|\222"
 7792      0C7094C0 
 7792      B82051C0 
 7792      06066A14 
 7792      7C92
 7793 083f E11F52F1 		.ascii	"\341\037R\361s\254\0228gA\354bU\324G<\274\332\226\002"
 7793      73AC1238 
 7793      6741EC62 
 7793      55D4473C 
 7793      BCDA9602 
 7794 0853 31DDBBF1 		.ascii	"1\335\273\361\207\2670]eH$\344\023-D\371\304\3208\202"
 7794      87B7305D 
 7794      654824E4 
 7794      132D44F9 
 7794      C4D03882 
 7795 0867 917B07CA 		.ascii	"\221{\007\312\3423v\236i\267`\316\215\300t<\253\017"
 7795      E233769E 
 7795      69B760CE 
 7795      8DC0743C 
 7795      AB0F
 7796 0879 3070D699 		.ascii	"0p\326\231_g\006\306\353\317#\322\2271\015\246\230\201"
 7796      5F6706C6 
 7796      EBCF23D2 
 7796      97310DA6 
 7796      9881
 7797 088b 3EB83E79 		.ascii	">\270>y\257\203\027a\202I\220\037-sor\254\006"
 7797      AF831761 
 7797      8249901F 
 7797      2D736F72 
 7797      AC06
 7798              		.text
 7799              		.section	.gnu.lto_ADC_Enable.358.1f3e1af6,"e",%progbits
 7800 0000 28B52FFD 		.ascii	"(\265/\375`:\011\0352\000\352UH\023C@bR\007\327rxjN"
 7800      603A091D 
 7800      3200EA55 
 7800      48134340 
 7800      625207D7 
 7801 0018 B780D9DF 		.ascii	"\267\200\331\337i\016\221\341\366\364*\206\254q\312"
 7801      690E91E1 
 7801      F6F42A86 
 7801      AC71CA
 7802 0027 836B07DD 		.ascii	"\203k\007\3359\257\210\002\207,\330Q\3015\211)c\253"
 7802      39AF8802 
 7802      872CD851 
ARM GAS  C:\Users\nicx5\AppData\Local\Temp\ccq4ftZ0.s 			page 353


 7802      C1358929 
 7802      63AB
 7803 0039 7971AA07 		.ascii	"yq\252\007\2140!\334q\004:2\025`\"NZi\215\354\275\267"
 7803      8C3021DC 
 7803      71043A32 
 7803      1560224E 
 7803      5A698DEC 
 7804 004f 94290521 		.ascii	"\224)\005!\001\011\001 \001\204\331@7\2004\206\377\372"
 7804      01090120 
 7804      0184D940 
 7804      37803486 
 7804      FFFA
 7805 0061 6BD97237 		.ascii	"k\331r7\376\373\3567\374\263\270\261\350\317\311\375"
 7805      FEFBEE37 
 7805      FCB3B8B1 
 7805      E8CFC9FD 
 7806 0071 DA957792 		.ascii	"\332\225w\222\255\331\354\365\351\371\333\033\273\340"
 7806      ADD9ECF5 
 7806      E9F9DB1B 
 7806      BBE0
 7807 007f 5F97312C 		.ascii	"_\2271,\332s\312\331\375\255\374\225\033o\255\341B{"
 7807      DA73CAD9 
 7807      FDADFC95 
 7807      1B6FADE1 
 7807      427B
 7808 0091 0FDAD5ED 		.ascii	"\017\332\325\355\215E\362\246\341\277\315g\302\377\272"
 7808      8D45F2A6 
 7808      E1BFCD67 
 7808      C2FFBA
 7809 00a0 AF84FF5D 		.ascii	"\257\204\377]\202p\303\275\364\256{\213\246\350\303"
 7809      8270C3BD 
 7809      F4AE7B8B 
 7809      A6E8C3
 7810 00af 13048CE0 		.ascii	"\023\004\214\340\336X%\315\346\313\354\365C\314\245"
 7810      DE5825CD 
 7810      E6CBECF5 
 7810      43CCA5
 7811 00be 522808E8 		.ascii	"R(\010\350'\211<\032\213\304a\014\277\256\316^\376E"
 7811      27893C1A 
 7811      8BC4610C 
 7811      BFAECE5E 
 7811      FE45
 7812 00d0 321C3FE4 		.ascii	"2\034?\344\344\231\333)Z\221\274\314Q\306\366\312\274"
 7812      E499DB29 
 7812      5A91BCCC 
 7812      51C6F6CA 
 7812      BC
 7813 00e1 E7F727E4 		.ascii	"\347\367'\344Z\300\362F\325Y.y\3376\255\346 &\324\014"
 7813      5AC0F246 
 7813      D5592E79 
 7813      DF36ADE6 
 7813      2026D40C 
 7814 00f5 6440AD6C 		.ascii	"d@\255l\355\177\\\005\177b\360\374v\272\3462\307\234"
 7814      ED7F5C05 
 7814      7F62F0FC 
 7814      76BAE632 
 7814      C79C
ARM GAS  C:\Users\nicx5\AppData\Local\Temp\ccq4ftZ0.s 			page 354


 7815 0107 88A5E564 		.ascii	"\210\245\345dv\362H\266?\032\207\264M\211\344\242Z\331"
 7815      76F248B6 
 7815      3F1A87B4 
 7815      4D89E4A2 
 7815      5AD9
 7816 0119 D9137F3B 		.ascii	"\331\023\177;=k\233\012\311\303\217\232}\374\333\251"
 7816      3D6B9B0A 
 7816      C9C38F9A 
 7816      7DFCDBA9 
 7817 0129 19EC32E8 		.ascii	"\031\3542\350\223r\226$\313\341*\205\204\3513\222\205"
 7817      93729624 
 7817      CBE12A85 
 7817      84E93392 
 7817      85
 7818 013a E537660A 		.ascii	"\3457f\012tc\255\243V\326\344]\267@\222\264\301$\031"
 7818      7463ADA3 
 7818      56D6E45D 
 7818      B74092B4 
 7818      C12419
 7819 014d 98DB3CA3 		.ascii	"\230\333<\243\027f$\373\312Z\373\006\266S4\267\271\367"
 7819      176624FB 
 7819      CA5AFB06 
 7819      B65334B7 
 7819      B9F7
 7820 015f FE2C9F79 		.ascii	"\376,\237y\220Is\216\231\366\336\236\305\310\312\336"
 7820      9049738E 
 7820      99F6DE9E 
 7820      C5C8CADE 
 7821 016f 89DEFD7D 		.ascii	"\211\336\375}\270{\235{\014&OgCj\010\205\377u\365\004"
 7821      B87B9D7B 
 7821      0C264F67 
 7821      436A0885 
 7821      FF75F504 
 7822 0183 EA35ABA5 		.ascii	"\3525\253\245\376\332o\346\315]\371\250\226#\200ZW\335"
 7822      FEDA6FE6 
 7822      CD5DF9A8 
 7822      9623805A 
 7822      57DD
 7823 0195 BD0BCEFA 		.ascii	"\275\013\316\372\253h\337|eB?\346\327\356T0\362\213"
 7823      AB68DF7C 
 7823      65423FE6 
 7823      D7EE5430 
 7823      F28B
 7824 01a7 65DDFCD2 		.ascii	"e\335\374\322`\356n\365`\240\361\332\336;\202\377\027"
 7824      60EE6EF5 
 7824      60A0F1DA 
 7824      DE3B82FF 
 7824      17
 7825 01b8 2FEB9585 		.ascii	"/\353\225\2055\266\032\360\277\257c\3525\252\245\036"
 7825      35B61AF0 
 7825      BFAF63EA 
 7825      35AAA51E 
 7826 01c8 CFB1B9C9 		.ascii	"\317\261\271\311\335\331\356\\\350Xi\326U\377\014\026"
 7826      DDD9EE5C 
 7826      E85869D6 
 7826      55FF0C16 
 7827 01d8 D5F2B9A6 		.ascii	"\325\362\271\246\272\307\331\223\342\354H\177}7z\353"
ARM GAS  C:\Users\nicx5\AppData\Local\Temp\ccq4ftZ0.s 			page 355


 7827      BAC7D993 
 7827      E2EC487F 
 7827      7D377AEB 
 7828 01e8 BF01387B 		.ascii	"\277\0018{\321\233]\200g\017\020g\007\020g'\202\263"
 7828      D19B5D80 
 7828      670F1067 
 7828      07106727 
 7828      82B3
 7829 01fa 0FC5D999 		.ascii	"\017\305\331\231q\366e\234]\031g\027\212\263\007\305"
 7829      71F6659C 
 7829      5D196717 
 7829      8AB307C5 
 7830 020a D981E0EC 		.ascii	"\331\201\340\354?q\366d\234\035\031g?\302\331\213qv"
 7830      3F71F664 
 7830      9C1D1967 
 7830      3FC2D98B 
 7830      7176
 7831 021c 629C7D18 		.ascii	"b\234}\030g\217\343\354p\234\375\215\263\273q\366\014"
 7831      678FE3EC 
 7831      709CFD8D 
 7831      B3BB71F6 
 7831      0C
 7832 022d 67FF063F 		.ascii	"g\377\006?l^\262\203J=\366N+\024\334z\257\335\223\277"
 7832      6C5EB283 
 7832      4A3DF64E 
 7832      2B14DC7A 
 7832      AFDD93BF 
 7833 0241 BEBF96EF 		.ascii	"\276\277\226\357\342n\364\255\207\363\347\222\251\004"
 7833      E26EF4AD 
 7833      87F3E792 
 7833      A904
 7834 024f 0EBEEDBD 		.ascii	"\016\276\355\275\215\376q[\264\232_\330]\204\251\306"
 7834      8DFE715B 
 7834      B49A5FD8 
 7834      5D84A9C6 
 7835 025f 2D8A5510 		.ascii	"-\212U\020\011\315\351\315\037\267\365[\264~\272\303"
 7835      09CDE9CD 
 7835      1FB7F55B 
 7835      B47EBAC3 
 7836 026f B462C96B 		.ascii	"\264b\311k\033\220?\301\261\341\277E}\234\374\261\376"
 7836      1B903FC1 
 7836      B1E1BF45 
 7836      7D9CFCB1 
 7836      FE
 7837 0280 DAA27968 		.ascii	"\332\242yh\310\377\004W\302@9\352\252\313}\222\206\237"
 7837      C8FF0457 
 7837      C24039EA 
 7837      AACB7D92 
 7837      869F
 7838 0292 A4AD31EA 		.ascii	"\244\2551\352\252;\015\237\315w0C,\352\242\"]\324\360"
 7838      AA3B0D9F 
 7838      CD773043 
 7838      2CEAA222 
 7838      5DD4F0
 7839 02a5 58DA98A2 		.ascii	"X\332\230\242\256\366\0215\325\277\014~\261;`9+\341"
 7839      AEF61135 
 7839      D5BF0C7E 
ARM GAS  C:\Users\nicx5\AppData\Local\Temp\ccq4ftZ0.s 			page 356


 7839      B13B6039 
 7839      2BE1
 7840 02b7 3576B78E 		.ascii	"5v\267\216\270\375Z\260\000=\346\356\376\333/\352\267"
 7840      B8FD5AB0 
 7840      003DE6EE 
 7840      FEDB2FEA 
 7840      B7
 7841 02c8 D3FA3DD1 		.ascii	"\323\372=\321\301I\322\237\375\327>\0039+\241\332\236"
 7841      C149D29F 
 7841      FDD73E03 
 7841      392BA1DA 
 7841      9E
 7842 02d9 BF02DF05 		.ascii	"\277\002\337\005#\351$\255\225\204\231I\275\351\371"
 7842      23E924AD 
 7842      95849949 
 7842      BDE9F9
 7843 02e8 DA8020E1 		.ascii	"\332\200 \341Z\360\277H\032\211z\355\362\007\210\360"
 7843      5AF0BF48 
 7843      1A897AED 
 7843      F20788F0 
 7844 02f8 91B37D2E 		.ascii	"\221\263}.\317d\207\010\2376L\366\002\005\350\217{g"
 7844      CF648708 
 7844      9F364CF6 
 7844      0205E88F 
 7844      7B67
 7845 030a 8A0E75F5 		.ascii	"\212\016u\365\277\011W%\032kj\026\301\034\2031t\370"
 7845      BF095725 
 7845      1A6B6A16 
 7845      C11C8331 
 7845      74F8
 7846 031c 605D75B7 		.ascii	"`]u\267\016\354~(\\\324\256\237\036\264\250\273\236"
 7846      0EEC7E28 
 7846      5CD4AE9F 
 7846      1EB4A8BB 
 7846      9E
 7847 032d E8F88CF4 		.ascii	"\350\370\214\364_\277\031\315\205N\224\335K\234\310"
 7847      5FBF19CD 
 7847      854E94DD 
 7847      4B9CC8
 7848 033c 2F66A45F 		.ascii	"/f\244_\211\021\251\006\363\230n\312\022E\212\374b\376"
 7848      8911A906 
 7848      F3986ECA 
 7848      12458AFC 
 7848      62FE
 7849 034e 4447BDC0 		.ascii	"DG\275\300\007\207\344\215\347\004\211\032\315\377\021"
 7849      0787E48D 
 7849      E704891A 
 7849      CDFF11
 7850 035d 3CD4C415 		.ascii	"<\324\304\025_f\250\211\327\354_\254\363^\014\020\350"
 7850      5F66A889 
 7850      D7EC5FAC 
 7850      F35E0C10 
 7850      E8
 7851 036e 8F6058C7 		.ascii	"\217`X\307\372\303~8\377\016\326\304\2559>\317\236I"
 7851      FAC37E38 
 7851      FF0ED6C4 
 7851      AD393ECF 
ARM GAS  C:\Users\nicx5\AppData\Local\Temp\ccq4ftZ0.s 			page 357


 7851      9E49
 7852 0380 43E71EC1 		.ascii	"C\347\036\301\257\376\254\326o\270\367\316\362G\260"
 7852      AFFEACD6 
 7852      6FB8F7CE 
 7852      F247B0
 7853 038f AB5F1DE3 		.ascii	"\253_\035\343\205\231I\265\324\335\241\276\3569\334"
 7853      859949B5 
 7853      D4DDA1BE 
 7853      EE39DC
 7854 039e FB48040F 		.ascii	"\373H\004\017>\225\364\214\202rVU\305\370\360`\004\211"
 7854      3E95F48C 
 7854      82725655 
 7854      C5F8F060 
 7854      0489
 7855 03b0 A626121A 		.ascii	"\246&\022\032\234]\\\0326`8\276\240r\021\343\352\351"
 7855      9C5D5C1A 
 7855      366038BE 
 7855      A07211E3 
 7855      EAE9
 7856 03c2 948ABAB2 		.ascii	"\224\212\272\262\242\312\252\322\262r\312\260\312Zf"
 7856      A2CAAAD2 
 7856      B272CAB0 
 7856      CA5A66
 7857 03d1 61416541 		.ascii	"aAeAa<\251\262\210\276\324\000\002T\013\012-$$\015x"
 7857      613CA9B2 
 7857      88BED400 
 7857      02540B0A 
 7857      2D24240D 
 7858 03e6 46414DB9 		.ascii	"FAM\271\376LzFA9\253\240\246\246\226\034XeA\225\236"
 7858      FE4C7A46 
 7858      4139ABA0 
 7858      A6A6961C 
 7858      58654195 
 7859 03fb 5825949C 		.ascii	"X%\224\234\"0xprqI\360\240\004\305\222\232A\205\265"
 7859      22307870 
 7859      727149F0 
 7859      A004C592 
 7859      9A4185B5 
 7860 040f 0182735D 		.ascii	"\001\202s]e\360\240b\311A\223\211\022*\2400\260\256"
 7860      65F0A062 
 7860      C9419389 
 7860      122AA030 
 7860      B0AE
 7861 0421 9E5454E0 		.ascii	"\236TT\340\260twl\3645\365\014K[\017\244\277\027\374"
 7861      B074776C 
 7861      F435F50C 
 7861      4B5B0FA4 
 7861      BF17FC
 7862 0434 DACF45AC 		.ascii	"\332\317E\254y\346\230\377^p\200\000\332\231\242:\314"
 7862      79E698FF 
 7862      5E708000 
 7862      DA99A23A 
 7862      CC
 7863 0445 CD90D745 		.ascii	"\315\220\327E\343xa\002\320\260\037\221\006\300\307"
 7863      E3786102 
 7863      D0B01F91 
 7863      06C0C7
ARM GAS  C:\Users\nicx5\AppData\Local\Temp\ccq4ftZ0.s 			page 358


 7864 0454 8948CF90 		.ascii	"\211H\317\220&\200\314\243\033\374w\367\336{\251\311"
 7864      2680CCA3 
 7864      1BFC77F7 
 7864      DE7BA9C9 
 7865 0464 C04911A3 		.ascii	"\300I\021\243\304\323c\012.5\023\317\022\357M\251\355"
 7865      C4D3630A 
 7865      2E3513CF 
 7865      12EF4DA9 
 7865      ED
 7866 0475 E0BD9056 		.ascii	"\340\275\220V\002\012\345\3415A.\351\241G\310\356\203"
 7866      020AE5E1 
 7866      35412EE9 
 7866      A147C8EE 
 7866      83
 7867 0486 F4036ADF 		.ascii	"\364\003j\337\274\231\007\322A\372C\374\037\013)\240"
 7867      BC9907D2 
 7867      41FA43FC 
 7867      1F0B29A0 
 7868 0496 393FBA80 		.ascii	"9?\272\200v\303CR\347\016\033%A\272\352\371\273\340"
 7868      76C34352 
 7868      E70E1B25 
 7868      41BAEAF9 
 7868      BBE0
 7869 04a8 A4FEAD56 		.ascii	"\244\376\255V\215\221F\352\244F \227\003\212TK\221\272"
 7869      8D9146EA 
 7869      A4462097 
 7869      038A544B 
 7869      91BA
 7870 04ba CB8834C8 		.ascii	"\313\2104\310\335\035 ]\035\322nwp\322\360\244\264\375"
 7870      DD1D205D 
 7870      1DD26E77 
 7870      70D2F0A4 
 7870      B4FD
 7871 04cc 1C7550DF 		.ascii	"\034uP\337\320Qk\031\211\357\364\364\036\234\354\227"
 7871      D0516B19 
 7871      89EFF4F4 
 7871      1E9CEC97 
 7872 04dc E44F290C 		.ascii	"\344O)\014\200\251\250\201(\005\031C\206DH&Ha\222\244"
 7872      80A9A881 
 7872      28051943 
 7872      86444826 
 7872      486192A4 
 7873 04f0 31600291 		.ascii	"1`\002\2211\263z\021\340<j(\032\221\244\250u\322\001"
 7873      31B37A11 
 7873      E03C6A28 
 7873      1A91A4A8 
 7873      75D201
 7874 0503 9CC621AA 		.ascii	"\234\306!\252R5.\214\330\023\177v\020\357\273\373_\234"
 7874      52352E8C 
 7874      D8137F76 
 7874      10EFBBFB 
 7874      5F9C
 7875 0515 10B767BC 		.ascii	"\020\267g\274\034\016N}T\373<7\204\275\363\327\263\004"
 7875      1C0E4E7D 
 7875      54FB3C37 
 7875      84BDF3D7 
 7875      B304
ARM GAS  C:\Users\nicx5\AppData\Local\Temp\ccq4ftZ0.s 			page 359


 7876 0527 FE70791E 		.ascii	"\376py\036m\362p\335\024\341\314a\311\332\211\375\273"
 7876      6DF270DD 
 7876      14E1CC61 
 7876      C9DA89FD 
 7876      BB
 7877 0538 09002413 		.ascii	"\011\000$\023Gh\330U\307\2333\333b\221|p\004\234\011"
 7877      4768D855 
 7877      C79B33DB 
 7877      62917C70 
 7877      049C09
 7878 054b D7959765 		.ascii	"\327\225\227e8\010[\017\351\324t\020d\240\306\000\007"
 7878      38085B0F 
 7878      E9D47410 
 7878      64A0C600 
 7878      07
 7879 055c 0CEA0A0F 		.ascii	"\014\352\012\017\270U\227#\324\205\205+\204\355\324"
 7879      B8559723 
 7879      D485852B 
 7879      84EDD4
 7880 056b 13089223 		.ascii	"\023\010\222#{>\027\371w\335,\256j,\265ln\274\200\267"
 7880      7B3E17F9 
 7880      77DD2CAE 
 7880      6A2CB56C 
 7880      6EBC80B7 
 7881 057f 73B8DFBD 		.ascii	"s\270\337\275\212\034H\236\227F\205U&\376V\0170\333"
 7881      8A1C489E 
 7881      97468555 
 7881      26FE560F 
 7881      30DB
 7882 0591 5DC1E8BF 		.ascii	"]\301\350\277~\225\364\227O\242\033\0220(\311k\2141"
 7882      7E95F497 
 7882      4FA21B12 
 7882      3028C96B 
 7882      8C31
 7883 05a3 BE917917 		.ascii	"\276\221y\027{\264\202l\333\026\271\300R-\300\006@\003"
 7883      7BB4826C 
 7883      DB16B9C0 
 7883      522DC006 
 7883      4003
 7884 05b5 EE23125B 		.ascii	"\356#\022[\242\235K\273\036\363#\363\245\203\221c5\177"
 7884      A29D4BBB 
 7884      1EF323F3 
 7884      A5839163 
 7884      357F
 7885 05c7 5D8CB81B 		.ascii	"]\214\270\033\020I\300\260\225\014\316Q*^\012\204a\272"
 7885      1049C0B0 
 7885      950CCE51 
 7885      2A5E0A84 
 7885      61BA
 7886 05d9 03E9B1FF 		.ascii	"\003\351\261\377\222S4\216J\001\024_HF\260\336\254\314"
 7886      9253348E 
 7886      4A01145F 
 7886      4846B0DE 
 7886      ACCC
 7887 05eb C95F972C 		.ascii	"\311_\227,\240;]S\265\002\325\362X\306q\220\261q\243"
 7887      A03B5D53 
 7887      B502D5F2 
ARM GAS  C:\Users\nicx5\AppData\Local\Temp\ccq4ftZ0.s 			page 360


 7887      58C67190 
 7887      B171A3
 7888 05fe 36CA9159 		.ascii	"6\312\221Y=\002:\214\274>r\226~\252\375\340\373\013"
 7888      3D023A8C 
 7888      BC3E7296 
 7888      7EAAFDE0 
 7888      FB0B
 7889 0610 064CB1F2 		.ascii	"\006L\261\362\215\274|zf6=\321\352\0320\256\356\262"
 7889      8DBC7C7A 
 7889      66363DD1 
 7889      EA1A30AE 
 7889      EEB2
 7890 0622 395CBE91 		.ascii	"9\\\276\221\240a\246\267w\350gV\204\235\237JBS\327L"
 7890      A061A6B7 
 7890      77E86756 
 7890      849D9F4A 
 7890      4253D74C 
 7891 0636 E4339155 		.ascii	"\3443\221U\310\200\363\234'\206s\0013\204\177\001t\362"
 7891      C880F39C 
 7891      27867301 
 7891      33847F01 
 7891      74F2
 7892 0648 E0FB8BFA 		.ascii	"\340\373\213\372\003"
 7892      03
 7893              		.text
 7894              		.section	.gnu.lto_ADC_Disable.359.1f3e1af6,"e",%progbits
 7895 0000 28B52FFD 		.ascii	"(\265/\375`q\006\275$\000\006\277\343F`\330R\007\177"
 7895      607106BD 
 7895      240006BF 
 7895      E34660D8 
 7895      52077F
 7896 0013 9EFE60DD 		.ascii	"\236\376`\335\252p\002\221v\273n\327\273\255{\006\331"
 7896      AA700291 
 7896      76BB6ED7 
 7896      BBAD7B06 
 7896      D9
 7897 0024 0942D8DB 		.ascii	"\011B\330\333\377M\270\306\014\024q\320\243\313\233"
 7897      FF4DB8C6 
 7897      0C1471D0 
 7897      A3CB9B
 7898 0033 15EB165A 		.ascii	"\025\353\026ZX\314\245b\350\011/\036\225|\253\321\213"
 7898      58CCA562 
 7898      E8092F1E 
 7898      957CABD1 
 7898      8B
 7899 0044 DE03F9E2 		.ascii	"\336\003\371\342\037\005\373@\266\3266\221{'\231R\321"
 7899      1F05FB40 
 7899      B6D63691 
 7899      7B279952 
 7899      D1
 7900 0055 00BD00CF 		.ascii	"\000\275\000\317\000\324\014\335R\0237\333\310\2377"
 7900      00D40CDD 
 7900      521337DB 
 7900      C89F37
 7901 0064 C717A44B 		.ascii	"\307\027\244K\316S\003\316\366\210\226\007-\303\275"
 7901      CE5303CE 
 7901      F6889607 
ARM GAS  C:\Users\nicx5\AppData\Local\Temp\ccq4ftZ0.s 			page 361


 7901      2DC3BD
 7902 0073 DD1EC485 		.ascii	"\335\036\304\205`\271\333\211\266\311y\014\235\\\316"
 7902      60B9DB89 
 7902      B6C9790C 
 7902      9D5CCE
 7903 0082 D3036DA1 		.ascii	"\323\003m\241u6\3519\330\331\325o\260\263BCX\235\365"
 7903      7536E939 
 7903      D8D9D56F 
 7903      B0B34243 
 7903      589DF5
 7904 0095 59AE4DEB 		.ascii	"Y\256M\353\003_\217\261$\2009O\203^\255\2157\313\221"
 7904      035F8FB1 
 7904      2480394F 
 7904      835EAD8D 
 7904      37CB91
 7905 00a8 47639138 		.ascii	"Gc\2218l\205\230]\377f\265\023\241)\034yDB\267\340|"
 7905      6C85985D 
 7905      FF66B513 
 7905      A1291C79 
 7905      4442B7E0 
 7906 00bd 001B18D9 		.ascii	"\000\033\030\3315v\205\225y\361\316\365\375\021\327"
 7906      35768595 
 7906      79F1CEF5 
 7906      FD11D7
 7907 00cc 076F6DD1 		.ascii	"\007om\321\247\026\261s6\260\027w\230\007\006cM\262"
 7907      A716B173 
 7907      36B01777 
 7907      98070663 
 7907      4DB2
 7908 00de 81B9B8AD 		.ascii	"\201\271\270\255\227\276\027~5\302b\270Ph$\245\257\315"
 7908      97BE177E 
 7908      35C262B8 
 7908      506824A5 
 7908      AFCD
 7909 00f0 AF465899 		.ascii	"\257FX\231\343\265@\027'a\220P\2575\347k\355\331uY\327"
 7909      E3B54017 
 7909      27619050 
 7909      AF35E76B 
 7909      EDD97559 
 7910 0105 92E16B11 		.ascii	"\222\341k\021\312u\037\011\335Z\2239g\207\363\253\002"
 7910      CA751F09 
 7910      DD5A9339 
 7910      6787F3AB 
 7910      02
 7911 0116 EABC5768 		.ascii	"\352\274Wh\224s\356\373\204\206y\317x\267\337\356\026"
 7911      9473EEFB 
 7911      848679CF 
 7911      78B7DFEE 
 7911      16
 7912 0127 EB669904 		.ascii	"\353f\231\004?\342\264l]\301\246\377\245Y\221]\264\347"
 7912      3FE2B46C 
 7912      5DC1A6FF 
 7912      A559915D 
 7912      B4E7
 7913 0139 5DEA49AD 		.ascii	"]\352I\255;\330\305\353\337\015\025u\375\331\363\311"
 7913      3BD8C5EB 
 7913      DF0D1575 
ARM GAS  C:\Users\nicx5\AppData\Local\Temp\ccq4ftZ0.s 			page 362


 7913      FDD9F3C9 
 7914 0149 ADE7EA6E 		.ascii	"\255\347\352n)'R\345\204\226s&j\217\243@\342\313\320"
 7914      292752E5 
 7914      84967326 
 7914      6A8FA340 
 7914      E2CBD0
 7915 015c D44E6067 		.ascii	"\324N`g\375\235\242R\255w\266\260\356\013\220:\277\274"
 7915      FD9DA252 
 7915      AD77B6B0 
 7915      EE0B903A 
 7915      BFBC
 7916 016e 7C077B9A 		.ascii	"|\007{\232\342~Z\373\207a2\255\366G\273}\352\355\343"
 7916      E27E5AFB 
 7916      876132AD 
 7916      F647BB7D 
 7916      EAEDE3
 7917 0181 52EF1E77 		.ascii	"R\357\036ws\017\320\267w\360m\035|;\207\275\215\203"
 7917      730FD0B7 
 7917      77F06D1D 
 7917      7C3B87BD 
 7917      8D83
 7918 0193 6FDFE0DB 		.ascii	"o\337\340\3336\370v\015\276M\203o\317\340\333H\366\366"
 7918      36F8760D 
 7918      BE4D836F 
 7918      CFE0DB48 
 7918      F6F6
 7919 01a5 11DF36E2 		.ascii	"\021\3376\342\333E|\233\210o\017\361\355\026\337\026"
 7919      DB457C9B 
 7919      886F0FF1 
 7919      ED16DF16 
 7920 01b5 E2DB2CBE 		.ascii	"\342\333,\276\275\342\333\317\336v\240\031\267#\324"
 7920      BDE2DBCF 
 7920      DE76A019 
 7920      B723D4
 7921 01c4 40A2BE9C 		.ascii	"@\242\276\234g\014\002\346*\354\223\034.u\237zwc\265"
 7921      670C02E6 
 7921      2AEC931C 
 7921      2E759F7A 
 7921      7763B5
 7922 01d7 0F71B82E 		.ascii	"\017q\270.\362\370\230Z\341\351\361\265\371\212\326"
 7922      F2F8985A 
 7922      E1E9F1B5 
 7922      F98AD6
 7923 01e6 599EC72F 		.ascii	"Y\236\307/\360cwg\356\007\006\317\306\360\272\0256\276"
 7923      F0637767 
 7923      EE0706CF 
 7923      C6F0BA15 
 7923      36BE
 7924 01f8 3F899BE2 		.ascii	"?\211\233\342\363\3057>\001\034]:\234\357,>\011a\025"
 7924      F3C5373E 
 7924      011C5D3A 
 7924      9CEF2C3E 
 7924      096115
 7925 020b F0F5F8A8 		.ascii	"\360\365\370\250FZa\265\007\361\245\370\022\037>\361"
 7925      465A61B5 
 7925      07F1A5F8 
 7925      121F3EF1 
ARM GAS  C:\Users\nicx5\AppData\Local\Temp\ccq4ftZ0.s 			page 363


 7926 021b 824719FE 		.ascii	"\202G\031\376PZUk\337\316\237\1774\376\203\205\337\276"
 7926      505A556B 
 7926      DFCE9F7F 
 7926      34FE8385 
 7926      DFBE
 7927 022d 7BB5C0E0 		.ascii	"{\265\300\340t\302\037ZUi\320\2219\261\010\221\252~"
 7927      74C21F5A 
 7927      5569D091 
 7927      39B10891 
 7927      AA7E
 7928 023f 3EEF539D 		.ascii	">\357S\235\333\315\001\351\372\323\347\375\206\231\363"
 7928      DBCD01E9 
 7928      FAD3E7FD 
 7928      8699F3
 7929 024e B91AA9BA 		.ascii	"\271\032\251\272\367\376\203\273=\270\\\373\205j\267"
 7929      F7FE83BB 
 7929      3DB85CFB 
 7929      856AB7
 7930 025d C50684F2 		.ascii	"\305\006\204\362\372\263\223Vv{@B\224\350\300?\230}"
 7930      FAB39356 
 7930      767B4042 
 7930      94E8C03F 
 7930      987D
 7931 026f A71EFD07 		.ascii	"\247\036\375\007\257\317\276\020\212\027\231\363\235"
 7931      AFCFBE10 
 7931      8A1799F3 
 7931      9D
 7932 027c DDBDF424 		.ascii	"\335\275\364$\3146g\032D\355HP0\265U\277 *\245\276\263"
 7932      CC36671A 
 7932      44ED4850 
 7932      30B555BF 
 7932      202AA5BE 
 7933 0291 91ECDEBA 		.ascii	"\221\354\336\272\314\234\334\030\353\376b_8\004W\023"
 7933      CC9CDC18 
 7933      EBFE625F 
 7933      38045713 
 7934 02a1 B8E79DCB 		.ascii	"\270\347\235\313\032\225\270\275\255+\350d\316\314\326"
 7934      1A95B8BD 
 7934      AD2BE864 
 7934      CECCD6
 7935 02b0 FED3BADD 		.ascii	"\376\323\272\335\012\377{TSK\252&\024\363\211j\330$"
 7935      0AFF7B54 
 7935      534BAA26 
 7935      14F3896A 
 7935      D824
 7936 02c2 E249AA49 		.ascii	"\342I\252I)BJ\311\024Bi\331|ZR6\237\224#\242\250xZ("
 7936      29424AC9 
 7936      144269D9 
 7936      7C5A5236 
 7936      9F9423A2 
 7937 02da C1D05289 		.ascii	"\301\320R\211\201R\021\002\001\314\245\245\323\332L"
 7937      81521102 
 7937      01CCA5A5 
 7937      D3DA4C
 7938 02e9 04CCA5A5 		.ascii	"\004\314\245\2452\304\322\311IHA\024U3\2109\245!HY\001"
 7938      32C4D2C9 
 7938      49484114 
ARM GAS  C:\Users\nicx5\AppData\Local\Temp\ccq4ftZ0.s 			page 364


 7938      55338839 
 7938      A5214859 
 7939 02fe C291F2EA 		.ascii	"\302\221\362\352\252\350(\2509\305T\342iJ\302P_IE8J"
 7939      AAE828A8 
 7939      39C554E2 
 7939      694AC250 
 7939      5F494538 
 7940 0313 12526061 		.ascii	"\022R`a\203\206\244&\324\224\024RR\203\0118\335=\315"
 7940      8386A426 
 7940      D4941452 
 7940      52830938 
 7940      DD3DCD
 7941 0326 FED106F0 		.ascii	"\376\321\006\360\366\307bm\317\3022\336\364\326\216"
 7941      F6C7626D 
 7941      CFC232DE 
 7941      F4D68E
 7942 0335 EE5978E7 		.ascii	"\356Yx\347\277\272{\347\333H\353\275\246 \033oHX\225"
 7942      BFBA7BE7 
 7942      DB48EBBD 
 7942      A6201B6F 
 7942      485895
 7943 0348 E3A7E5B9 		.ascii	"\343\247\345\271\316\263\2019\257\363C\256\276\0169"
 7943      CEB38139 
 7943      AFF343AE 
 7943      BE0E39
 7944 0357 EF600BCE 		.ascii	"\357`\013\316\003\025\305T\375\334\327\234s6\326\021"
 7944      0315C554 
 7944      FDDCD79C 
 7944      7336D611 
 7945 0367 E1D1A478 		.ascii	"\341\321\244xg\345F\213\315\337d\261\271s\253\371+P"
 7945      67E5468B 
 7945      CDDF64B1 
 7945      B973ABF9 
 7945      2B50
 7946 0379 9CE66BAC 		.ascii	"\234\346k\254\320\000\271\333q<c\021H\374\3013\357y"
 7946      D000B9DB 
 7946      713C6311 
 7946      48FCC133 
 7946      EF79
 7947 038b C89FF9A1 		.ascii	"\310\237\371\241\030\336\022\023\362\037D\251T\2659"
 7947      18DE1213 
 7947      F21F44A9 
 7947      54B539
 7948 039a E77AA861 		.ascii	"\347z\250a F\225sd\204FFAa+i\014\220\002\2211\262n\021"
 7948      20469573 
 7948      64844646 
 7948      41612B69 
 7948      0C900291 
 7949 03b2 103D694C 		.ascii	"\020=iL\225$e\332j\014Q@\322vg\343\236\346\263stf\216"
 7949      952465DA 
 7949      6A0C5140 
 7949      D27667E3 
 7949      9EE6B373 
 7950 03c9 3E12BA1B 		.ascii	">\022\272\033\261&<b\311\217(`\200X\020L\2424\262\221"
 7950      B1263C62 
 7950      C98F2860 
 7950      8058104C 
ARM GAS  C:\Users\nicx5\AppData\Local\Temp\ccq4ftZ0.s 			page 365


 7950      A234B291 
 7951 03dd CBA58323 		.ascii	"\313\245\203#\215\255$Qh\204\364[\2400\327Z\256\242"
 7951      8DAD2451 
 7951      6884F45B 
 7951      A030D75A 
 7951      AEA2
 7952 03ef 7029F196 		.ascii	"p)\361\226\213#\372\270\320(\322\311\022\252h\001\202"
 7952      8B23FAB8 
 7952      D028D2C9 
 7952      12AA6801 
 7952      82
 7953 0400 2233D799 		.ascii	"\"3\327\231#\011\341\015a\232Ti\220\214\011\023\215"
 7953      2309E10D 
 7953      619A5469 
 7953      908C0913 
 7953      8D
 7954 0411 0FB01350 		.ascii	"\017\260\023P0\206\204V\263\204\020L\373k+o\233\375"
 7954      30868456 
 7954      B384104C 
 7954      FB6B2B6F 
 7954      9BFD
 7955 0423 F7ACD42D 		.ascii	"\367\254\324-\216\232/@Wu?\030\032,}\026\340\206\362"
 7955      8E9A2F40 
 7955      57753F18 
 7955      1A2C7D16 
 7955      E086F2
 7956 0436 FF26FE0A 		.ascii	"\377&\376\012O-\367\357\361\012u6\367\254M\244\376\334"
 7956      4F2DF7EF 
 7956      F10A7536 
 7956      F7AC4DA4 
 7956      FEDC
 7957 0448 2E981883 		.ascii	".\230\030\203\273\022\023w\245Mc\362oB\210\020O\310"
 7957      BB121377 
 7957      A54D63F2 
 7957      6F428810 
 7957      4FC8
 7958 045a 83730B86 		.ascii	"\203s\013\206@\003Q\210\334\207@ :\312F\227Y\323\177"
 7958      40035188 
 7958      DC874020 
 7958      3ACA4697 
 7958      59D37F
 7959 046d 6C8594AE 		.ascii	"l\205\224\256\350\255\241\302qQ\022\201\312\264\321"
 7959      E8ADA1C2 
 7959      71511281 
 7959      CAB4D1
 7960 047c 41F90235 		.ascii	"A\371\0025\037\210\016\242\015\370\356\017\243\242\026"
 7960      1F880EA2 
 7960      0DF8EE0F 
 7960      A3A216
 7961 048b 694427C6 		.ascii	"iD'\306u\203\317\362k\2115\232\344)\354.+\323p;\336"
 7961      7583CFF2 
 7961      6B89359A 
 7961      E429EC2E 
 7961      2BD3703B 
 7962 04a0 1F       		.ascii	"\037"
 7963              		.text
 7964              		.section	.gnu.lto_ADC_DMAConvCplt.360.1f3e1af6,"e",%progbits
ARM GAS  C:\Users\nicx5\AppData\Local\Temp\ccq4ftZ0.s 			page 366


 7965 0000 28B52FFD 		.ascii	"(\265/\375`c\007\345#\000&\274\324K\220TR:V\012\303"
 7965      606307E5 
 7965      230026BC 
 7965      D44B9054 
 7965      523A560A 
 7966 0015 83B8D0B6 		.ascii	"\203\270\320\266\265\356f\344\361x\003\363\260\021`"
 7966      B5EE66E4 
 7966      F17803F3 
 7966      B01160
 7967 0024 349E084B 		.ascii	"4\236\010KD\026\354P\353<A\261G\254n\336xI\332\230\370"
 7967      4416EC50 
 7967      EB3C41B1 
 7967      47AC6EDE 
 7967      7849DA98 
 7968 0039 F81A13C4 		.ascii	"\370\032\023\304\340\325\211\255!\327\326\027/a\265"
 7968      E0D589AD 
 7968      21D7D617 
 7968      2F61B5
 7969 0048 2C44A7AA 		.ascii	",D\247\252\242\"\330\377\366\177#\204\020\222\266\224"
 7969      A222D8FF 
 7969      F67F2384 
 7969      1092B694 
 7970 0058 01C100A9 		.ascii	"\001\301\000\251\000\277\000\255\354\366\301\273\234"
 7970      00BF00AD 
 7970      ECF6C1BB 
 7970      9C
 7971 0065 A3046665 		.ascii	"\243\004fe\010{]\3343\263\260\335h\273w,@\243\334am"
 7971      087B5DDC 
 7971      33B3B0DD 
 7971      68BB772C 
 7971      40A3DC61 
 7972 007a 9419A78B 		.ascii	"\224\031\247\213\204\266\314\275\243y\030[L\212c\356"
 7972      84B6CCBD 
 7972      A379185B 
 7972      4C8A63EE 
 7973 008a 7D0B33BB 		.ascii	"}\0133\273wl\000?X\033\025v0m\364l\231\264Q62[\261\271"
 7973      776C003F 
 7973      581B1576 
 7973      306DF46C 
 7973      99B45136 
 7974 00a2 BA77C766 		.ascii	"\272w\307fck\210\333\275\327\3472\332\330?_\217\267"
 7974      636B88DB 
 7974      BDD7E732 
 7974      DAD83F5F 
 7974      8FB7
 7975 00b4 D3E55635 		.ascii	"\323\345V5E\317[#\267*\004\203\314\232\352\237O\025"
 7975      45CF5B23 
 7975      B72A0483 
 7975      CC9AEA9F 
 7975      4F15
 7976 00c6 EAA9E830 		.ascii	"\352\251\3500\254\024\226\247\012\261\320Z\321;]\207"
 7976      AC1496A7 
 7976      0AB1D05A 
 7976      D13B5D87 
 7977 00d6 619DB0B9 		.ascii	"a\235\260\271\256a\030\226\011\273\016Yhu\265z\264\251"
 7977      AE611896 
 7977      09BB0E59 
ARM GAS  C:\Users\nicx5\AppData\Local\Temp\ccq4ftZ0.s 			page 367


 7977      6875B57A 
 7977      B4A9
 7978 00e8 088B76ED 		.ascii	"\010\213v\355\262\256\354y\362\264\035\331\322L,\256"
 7978      B2AEEC79 
 7978      F2B41DD9 
 7978      D24C2CAE 
 7979 00f8 33488206 		.ascii	"3H\202\006r\227ee\317\304Bq\012\357\275\355\243\355"
 7979      72976565 
 7979      CFC44271 
 7979      0AEFBDED 
 7979      A3ED
 7980 010a 88AC2A6B 		.ascii	"\210\254*kU\241{/[d\226V3\260\231\373\307\314O\314i"
 7980      55A17B2F 
 7980      5B649656 
 7980      33B099FB 
 7980      C7CC4FCC 
 7981 011f 9255AF62 		.ascii	"\222U\257b\346\015\035di\275\367\013\210\033\210Q\214"
 7981      E60D1D64 
 7981      69BDF70B 
 7981      881B8851 
 7981      8C
 7982 0130 690D9136 		.ascii	"i\015\2216\332\327I*\227o\303\353\360\242\262q\314\354"
 7982      DAD7492A 
 7982      976FC3EB 
 7982      F0A2B271 
 7982      CCEC
 7983 0142 A1975C65 		.ascii	"\241\227\\e\275\367\002q\3770*\235\236\002\206\214F"
 7983      BDF70271 
 7983      FF302A9D 
 7983      9E02868C 
 7983      46
 7984 0153 B9A5D246 		.ascii	"\271\245\322F\207\357I*\251^\305AQ\326\230\327\306\361"
 7984      87EF492A 
 7984      A95EC541 
 7984      51D698D7 
 7984      C6F1
 7985 0165 D8943D18 		.ascii	"\330\224=\030\367y\237dne\363\260\305\272\205\250e\235"
 7985      F7799F64 
 7985      6E65F3B0 
 7985      C5BA85A8 
 7985      659D
 7986 0177 B69C73CB 		.ascii	"\266\234s\3138\267|s\3136\267\\s\3134\267\034\274\345"
 7986      38B77C73 
 7986      CB36B75C 
 7986      73CB34B7 
 7986      1CBCE5
 7987 018a 995B96B9 		.ascii	"\231[\226\271\345\230[\206\271e\340-\377n\331w\313\275"
 7987      E5985B86 
 7987      B965E02D 
 7987      FF6ED977 
 7987      CBBD
 7988 019c 5BE6DDF2 		.ascii	"[\346\335\362\356\226u\267\234\273\345\365\226\325["
 7988      EE9675B7 
 7988      9CBBE5F5 
 7988      96D55B
 7989 01ab 4E4FCBE8 		.ascii	"NO\313\350-\237\267\374[\266\267\334\001~E\336\226^"
 7989      2D9FB7FC 
ARM GAS  C:\Users\nicx5\AppData\Local\Temp\ccq4ftZ0.s 			page 368


 7989      5BB6B7DC 
 7989      017E45DE 
 7989      965E
 7990 01bd 8068DCBB 		.ascii	"\200h\334\273\"\316\355JA\221\324\010\315nb\372;p\312"
 7990      22CEED4A 
 7990      4191D408 
 7990      CD6E62FA 
 7990      3B70CA
 7991 01d0 8F497386 		.ascii	"\217Is\206\256\214\311\225\352{c!S\023\366\356\273\032"
 7991      AE8CC995 
 7991      EA7B6321 
 7991      5313F6EE 
 7991      BB1A
 7992 01e2 6569BDF7 		.ascii	"ei\275\367\253w\001I\345\262\351\202\007\345\027\027"
 7992      AB770149 
 7992      E5B2E982 
 7992      07E51717 
 7993 01f2 0717D7C4 		.ascii	"\007\027\327\304tw\336\373\310\345d\367\034\216\346"
 7993      7477DEFB 
 7993      C8E564F7 
 7993      1C8EE6
 7994 0201 57AA7B33 		.ascii	"W\252{3\307r\327\275+\364\222\334w\276u\306\205G\005"
 7994      C772D7BD 
 7994      2BF492DC 
 7994      77BE75C6 
 7994      854705
 7995 0214 9412E8C1 		.ascii	"\224\022\350\301\330B\272\036f\011\320\242g.\"\331F"
 7995      D842BA1E 
 7995      6609D0A2 
 7995      672E22D9 
 7995      46
 7996 0225 AE5FF2B2 		.ascii	"\256_\362\262\372\025C\235\251q\222\0369`\234]\326\352"
 7996      FA15439D 
 7996      A971921E 
 7996      39609C5D 
 7996      D6EA
 7997 0237 7B494665 		.ascii	"{IFemb\232^\275\212\206\241\217\230=eX\241\322F\323"
 7997      6D629A5E 
 7997      BD8A86A1 
 7997      8F983D65 
 7997      58A1D246 
 7998 024c 1F482A97 		.ascii	"\037H*\227\032\332\010\024z\000\352\231\330y\"\215\304"
 7998      1ADA0814 
 7998      7A00EA99 
 7998      D879228D 
 7998      C4
 7999 025d 72DE26A6 		.ascii	"r\336&\246\377\371>\226\020\362\347\224\313Wq\321\331"
 7999      FFF93E96 
 7999      10F2E794 
 7999      CB5771D1 
 7999      D9
 8000 026e 0B7BEF9D 		.ascii	"\013{\357\235\372\301\270\211\251\375\017\231\232\225"
 8000      FAC1B889 
 8000      A9FD0F99 
 8000      9A95
 8001 027c FDC26CD6 		.ascii	"\375\302l\326\304\264o\217\0069r\005HIE\245\223\177"
 8001      C4B46F8F 
ARM GAS  C:\Users\nicx5\AppData\Local\Temp\ccq4ftZ0.s 			page 369


 8001      06397205 
 8001      484945A5 
 8001      937F
 8002 028e 0818285E 		.ascii	"\010\030(^@p!\250g\247\270\224\244t2R\017RR\361\210"
 8002      407021A8 
 8002      67A7B894 
 8002      A4743252 
 8002      0F5252F1 
 8003 02a3 435149E9 		.ascii	"CQI\351\247\300\322\223\223\017R\023\221\317\221\003"
 8003      A7C0D293 
 8003      930F5213 
 8003      91CF9103 
 8004 02b3 05434751 		.ascii	"\005CGQQAC>NM\030@hhb`\200\243\230\026\014\031\375\024"
 8004      5141433E 
 8004      4E4D1840 
 8004      68686260 
 8004      80A39816 
 8005 02cb 783081C8 		.ascii	"x0\201\310\310iC\023S\221Q\202\0063|\336'k\322\340\244"
 8005      C8694313 
 8005      53915182 
 8005      06337CDE 
 8005      276BD2E0 
 8006 02e0 50FDF8BB 		.ascii	"P\375\370\273\261\302\263\316y\307\213\031Bw\3710\344"
 8006      B1C2B3CE 
 8006      79C78B19 
 8006      4277F930 
 8006      E4
 8007 02f1 A4739FA4 		.ascii	"\244s\237\244\222*B\273I\345P\265\371\210\322t\364p"
 8007      922A42BB 
 8007      49E550B5 
 8007      F988D274 
 8007      F470
 8008 0303 804D4C6F 		.ascii	"\200MLo\216s\024M\313\3152\315\213\027\264\3033\027"
 8008      8E73144D 
 8008      CBCD32CD 
 8008      8B17B4C3 
 8008      3317
 8009 0315 51B08D64 		.ascii	"Q\260\215da\021\332\332\316\346\012\263kn\303V\203\226"
 8009      6111DADA 
 8009      CEE60AB3 
 8009      6B6EC356 
 8009      8396
 8010 0327 D4D1F459 		.ascii	"\324\321\364Y\007Os\365\305Z\360<I\345\022\315k\246"
 8010      074F73F5 
 8010      C55AF03C 
 8010      49E512CD 
 8010      6BA6
 8011 0339 CA9396F9 		.ascii	"\312\223\226\371\214\232\314V\023N\311\224\026Vr1o$"
 8011      8C9ACC56 
 8011      134EC994 
 8011      16567231 
 8011      6F24
 8012 034b 6F620AF3 		.ascii	"ob\012\363\2304\230\347$\225P\315+\035cY\326d\005\006"
 8012      983498E7 
 8012      249550CD 
 8012      2B1D6359 
 8012      D6640506 
ARM GAS  C:\Users\nicx5\AppData\Local\Temp\ccq4ftZ0.s 			page 370


 8013 035f 808FA881 		.ascii	"\200\217\250\201D\345\220rFf$\005)I\012\303\001\320"
 8013      44E59072 
 8013      46662405 
 8013      29490AC3 
 8013      01D0
 8014 0371 021199B1 		.ascii	"\002\021\231\261z\021\3404\2060\242\221\321\224\264"
 8014      7A11E034 
 8014      8630A291 
 8014      D194B4
 8015 0380 D6015A64 		.ascii	"\326\001Zdb\201\223b\373\247\351\271\274)K\353\011$"
 8015      62819362 
 8015      FBA7E9B9 
 8015      BC294BEB 
 8015      0924
 8016 0392 EBB390A3 		.ascii	"\353\263\220\243\247\264\007\214*\033\033\363\245\000"
 8016      A7B4078C 
 8016      2A1B1BF3 
 8016      A500
 8017 03a0 916D89A5 		.ascii	"\221m\211\245\240\014PKai\341\200qn\261w\336\354{\177"
 8017      A00C504B 
 8017      6169E180 
 8017      716EB177 
 8017      DEEC7B7F 
 8018 03b4 5EF2CD08 		.ascii	"^\362\315\010\267\370\027\012\352\216$\332\227\275y"
 8018      B7F8170A 
 8018      EA8E24DA 
 8018      97BD79
 8019 03c3 3248D608 		.ascii	"2H\326\010g\274F\203P\322\303\355\203a\202\366P\356"
 8019      67BC4683 
 8019      50D2C3ED 
 8019      836182F6 
 8019      50EE
 8020 03d5 3B40B337 		.ascii	";@\2637\235\330\201U\346\353\271k(\003\377\255\026P"
 8020      9DD88155 
 8020      E6EBB96B 
 8020      2803FFAD 
 8020      1650
 8021 03e7 5E78CF79 		.ascii	"^x\317y\200>\021\244\033\203\210#\236\030Gj\245\212"
 8021      803E11A4 
 8021      1B838823 
 8021      9E18476A 
 8021      A58A
 8022 03f9 C045DD25 		.ascii	"\300E\335%\307\3141\"j\326\015T\204\221\354\200\324"
 8022      C7CC3122 
 8022      6AD60D54 
 8022      8491EC80 
 8022      D4
 8023 040a 837823DE 		.ascii	"\203x#\336\224\315\310\231G4\033k\377f\2616\321\236"
 8023      94CDC899 
 8023      47341B6B 
 8023      FF66B136 
 8023      D19E
 8024 041c ED56C5D2 		.ascii	"\355V\305\322\034$\312\304\344\320\240\204\333\334\355"
 8024      1C24CAC4 
 8024      E4D0A084 
 8024      DBDCED
 8025 042b 1386BBEC 		.ascii	"\023\206\273\354\264\273\033:0\267\335\346\305\364\202"
ARM GAS  C:\Users\nicx5\AppData\Local\Temp\ccq4ftZ0.s 			page 371


 8025      B4BB1B3A 
 8025      30B7DDE6 
 8025      C5F482
 8026 043a DFC7E2D1 		.ascii	"\337\307\342\321\034~&\011-\326\272\266\004\031\365"
 8026      1C7E2609 
 8026      2DD6BAB6 
 8026      0419F5
 8027 0449 80E27E4C 		.ascii	"\200\342~L\373\027\212\0103?\026S\336>h\267rb\332\232"
 8027      FB178A08 
 8027      333F1653 
 8027      DE3E68B7 
 8027      7262DA9A 
 8028 045d D85BF064 		.ascii	"\330[\360d\022\011\256\016\370#?\037\344\355\213\343"
 8028      1209AE0E 
 8028      F8233F1F 
 8028      E4ED8BE3 
 8029 046d C2A02C54 		.ascii	"\302\240,TA\2004\230n\354\262a\312\3227>\030\347)H\260"
 8029      41803498 
 8029      6EECB261 
 8029      CAD2373E 
 8029      18E72948 
 8030 0482 E938AF3F 		.ascii	"\3518\257?"
 8031              		.text
 8032              		.section	.gnu.lto_ADC_DMAHalfConvCplt.361.1f3e1af6,"e",%progbits
 8033 0000 28B52FFD 		.ascii	"(\265/\375`\302\000-\014\000\246VVE\000s\224\016\254"
 8033      60C2002D 
 8033      0C00A656 
 8033      56450073 
 8033      940EAC
 8034 0013 8406282E 		.ascii	"\204\006(.\010\305\357\015\030\352\327\212\206 \021"
 8034      08C5EF0D 
 8034      18EAD78A 
 8034      862011
 8035 0022 ECB40160 		.ascii	"\354\264\001`\233\223^\022\252187\2040IA\216\250(1\334"
 8035      9B935E12 
 8035      AA313837 
 8035      84304941 
 8035      8EA82831 
 8036 0037 6A24B9C1 		.ascii	"j$\271\301i\300\024\032n\003k\331T\227\334\352\367\015"
 8036      69C0141A 
 8036      6E036BD9 
 8036      5497DCEA 
 8036      F70D
 8037 0049 3DBB473D 		.ascii	"=\273G=0\3336\221;\245?\000@\000C\000\016\260\373C\305"
 8037      30DB3691 
 8037      3BA53F00 
 8037      40004300 
 8037      0EB0FB43 
 8038 005e 65775CE0 		.ascii	"ew\\\340\022\347\363s\002\232\317\354\0024\237\016m"
 8038      12E7F373 
 8038      029ACFEC 
 8038      02349F0E 
 8038      6D
 8039 006f 190327BB 		.ascii	"\031\003'\273\035\030\016\0245fvW\323\224\207\227\241"
 8039      1D180E14 
 8039      35667657 
 8039      D3948797 
ARM GAS  C:\Users\nicx5\AppData\Local\Temp\ccq4ftZ0.s 			page 372


 8039      A1
 8040 0080 7F960370 		.ascii	"\177\226\003p\241\230\\n\"\354\256\245\013\345\304\255"
 8040      A1985C6E 
 8040      22ECAEA5 
 8040      0BE5C4AD 
 8041 0090 B79DC036 		.ascii	"\267\235\3006\211}\004\001\317vw\255/\373\342\312/g"
 8041      897D0401 
 8041      CF7677AD 
 8041      2FFBE2CA 
 8041      2F67
 8042 00a2 C80D1A2D 		.ascii	"\310\015\032-@ \360\330U\021\233\331\227i\003\306\305"
 8042      4020F0D8 
 8042      55119BD9 
 8042      976903C6 
 8042      C5
 8043 00b3 DFFE59DC 		.ascii	"\337\376Y\334\361\3440\331\342\010\271,Va`0\037=vG\005"
 8043      F1E430D9 
 8043      E208B92C 
 8043      56616030 
 8043      1F3D7647 
 8044 00c8 9FEEC0F9 		.ascii	"\237\356\300\371\264=.\246K\373*\227\021~\245$\372r"
 8044      B43D2EA6 
 8044      4BFB2A97 
 8044      117EA524 
 8044      FA72
 8045 00da 0199162F 		.ascii	"\001\231\026/-5\341\215T\265A\017\362.\177J\350\211"
 8045      2D35E18D 
 8045      54B5410F 
 8045      F22E7F4A 
 8045      E889
 8046 00ec B79820AA 		.ascii	"\267\230 \2521V\264d\3146\210\267x\007gw\033\3703D\204"
 8046      3156B464 
 8046      CC3688B7 
 8046      78076777 
 8046      1BF83344 
 8047 0101 D0142E52 		.ascii	"\320\024.R>\375\022\315\247*\350%\266\224\204\267\030"
 8047      3EFD12CD 
 8047      A72AE825 
 8047      B69484B7 
 8047      18
 8048 0112 1D302B63 		.ascii	"\0350+c\036M\244\276p\335\212\3632\207\030\2148\225"
 8048      1E4DA4BE 
 8048      70DD8AF3 
 8048      3287188C 
 8048      3895
 8049 0124 03D5063A 		.ascii	"\003\325\006:\300\211\254\274\314\035\250[q)\016\234"
 8049      C089ACBC 
 8049      CC1DA85B 
 8049      71290E9C 
 8050 0134 E7854422 		.ascii	"\347\205D\"$\240\326}'-eA\002)\305bm$\015\3742|\320"
 8050      24A0D67D 
 8050      272D6541 
 8050      0229C562 
 8050      6D240DFC 
 8051 014b F0511899 		.ascii	"\360Q\030\23152\201\204\012\211J\027N(p\3037\202\001"
 8051      35328184 
 8051      0A894A17 
ARM GAS  C:\Users\nicx5\AppData\Local\Temp\ccq4ftZ0.s 			page 373


 8051      4E2870C3 
 8051      378201
 8052 015e F5A0C200 		.ascii	"\365\240\302\000\333\343>\333\017\000z\346\342\031|"
 8052      DBE33EDB 
 8052      0F007AE6 
 8052      E2197C
 8053 016d CE39BEB9 		.ascii	"\3169\276\271\367`\303\341\346\202h\254\034;\300\232"
 8053      F760C3E1 
 8053      E68268AC 
 8053      1C3BC09A 
 8054 017d 95B71074 		.ascii	"\225\267\020t3\313`h\222H\352Ep\342\026\327|\002"
 8054      33CB6068 
 8054      9248EA45 
 8054      70E216D7 
 8054      7C02
 8055              		.text
 8056              		.section	.gnu.lto_ADC_DMAError.362.1f3e1af6,"e",%progbits
 8057 0000 28B52FFD 		.ascii	"(\265/\375`\211\001\375\016\000\306\333eG\340\262(\035"
 8057      608901FD 
 8057      0E00C6DB 
 8057      6547E0B2 
 8057      281D
 8058 0012 D0A196CC 		.ascii	"\320\241\226\314u\355\003\317AE\304$\205-I4I\270*#\340"
 8058      75ED03CF 
 8058      4145C424 
 8058      852D4934 
 8058      49B82A23 
 8059 0027 20791029 		.ascii	" y\020)\010\202\324\327\302S\335ZZ\326\372\"w\252\305"
 8059      0882D4D7 
 8059      C253DD5A 
 8059      5AD6FA22 
 8059      77AAC5
 8060 003a B61EFF51 		.ascii	"\266\036\377Q\006\010\324\000;<:{\031\036\345P\257\375"
 8060      0608D400 
 8060      3B3C3A7B 
 8060      191EE550 
 8060      AFFD
 8061 004c 4F6EE509 		.ascii	"On\345\011!d\313\235RM\000M\000Q\000\3379{$\205\312"
 8061      2164CB9D 
 8061      524D004D 
 8061      005100DF 
 8061      397B2485 
 8062 0061 A57D199F 		.ascii	"\245}\031\237\361:M\306\004v\177H\360\330\035\0358\345"
 8062      F13A4DC6 
 8062      04767F48 
 8062      F0D81D1D 
 8062      38E5
 8063 0073 3B47F203 		.ascii	";G\362\003\335\271\371\002\3359\277l\236\0044\273\240"
 8063      DDB9F902 
 8063      DD39BF6C 
 8063      9E0434BB 
 8063      A0
 8064 0084 1E172374 		.ascii	"\036\027#t\370\354\256Hq\376\272|\371\317\371\000\231"
 8064      F8ECAE48 
 8064      71FEBA7C 
 8064      F9CFF900 
 8064      99
ARM GAS  C:\Users\nicx5\AppData\Local\Temp\ccq4ftZ0.s 			page 374


 8065 0095 CDCCA527 		.ascii	"\315\314\245'aw-e6!n\275\355\005\266a\354\003\011\234"
 8065      61772D65 
 8065      36216EBD 
 8065      ED05B661 
 8065      EC03099C 
 8066 00a9 A7A19908 		.ascii	"\247\241\231\010\323\230I<\266\235\2257\2173RW\370s"
 8066      D398493C 
 8066      B69D9537 
 8066      8F335257 
 8066      F873
 8067 00bb 75665FBC 		.ascii	"uf_\274\275\323\376N\245\247J\253JK\225>H\200\017\034"
 8067      BDD3FE4E 
 8067      A5A74AAB 
 8067      4A4B953E 
 8067      48800F1C 
 8068 00cf B5220C58 		.ascii	"\265\"\014X\354\232\270\371\254\016\327\243\305\305"
 8068      EC9AB8F9 
 8068      AC0ED7A3 
 8068      C5C5
 8069 00dd DFFE730C 		.ascii	"\337\376s\014\032y\241b\2131roVw\210\364\300\020\262"
 8069      1A79A162 
 8069      8B31726F 
 8069      567788F4 
 8069      C010B2
 8070 00f0 3B3638E7 		.ascii	";68\347\227&\001\2414\366l\264\251;\346K:\325\271z\016"
 8070      972601A1 
 8070      34F66CB4 
 8070      A93BE64B 
 8070      3AD5B97A 
 8071 0105 F56C3752 		.ascii	"\365l7Ro\\6\2446\276\244\273J}\215\210\230\306l\263"
 8071      6F5C36A4 
 8071      36BEA4BB 
 8071      4A7D8D88 
 8071      98C66CB3 
 8072 0119 6E83C3B7 		.ascii	"n\203\303\267\213\002\305\257\361\322\372b\272sW\000"
 8072      8B02C5AF 
 8072      F1D2FA62 
 8072      BA735700 
 8073 0129 62EDC7D3 		.ascii	"b\355\307\323\030'`\362f\273\303k\016\362\355.\212O"
 8073      182760F2 
 8073      66BBC36B 
 8073      0EF2ED2E 
 8073      8A4F
 8074 013b 23FCA025 		.ascii	"#\374\240%T\340\234\363e\272\007\250\024\250\232\036"
 8074      54E09CF3 
 8074      65BA07A8 
 8074      14A89A1E 
 8075 014b 3D380159 		.ascii	"=8\001Y \260\220B\012\300UJ5\215\012\241R\340i\003\250"
 8075      20B09042 
 8075      0AC0554A 
 8075      358D0AA1 
 8075      52E06903 
 8076 0160 528D4C56 		.ascii	"R\215LV0-\021*\\\021\235.L(\235\\.RI\324\0125xh\011"
 8076      302D112A 
 8076      5C119D2E 
 8076      4C289D5C 
 8076      2E5249D4 
ARM GAS  C:\Users\nicx5\AppData\Local\Temp\ccq4ftZ0.s 			page 375


 8077 0179 2B9CD8C5 		.ascii	"+\234\330\305\242P2\215LR0\254\230Z.!+\203)\202\005"
 8077      A250328D 
 8077      4C5230AC 
 8077      985A2E21 
 8077      2B832982 
 8078 018e 03B6C7FD 		.ascii	"\003\266\307\375\\\235\031\201\355\207\016Lk\034@zj"
 8078      5C9D1981 
 8078      ED870E4C 
 8078      6B1C407A 
 8078      6A
 8079 019f B7B8C8CB 		.ascii	"\267\270\310\313\002\033\000z\346\342\031|\3169\276"
 8079      021B007A 
 8079      E6E2197C 
 8079      CE39BE
 8080 01ae B967400D 		.ascii	"\271g@\015\207\233\333Bc\324\225ma7\027\340i*]\310!"
 8080      879BDB42 
 8080      63D4956D 
 8080      613717E0 
 8080      692A5DC8 
 8081 01c3 8646B032 		.ascii	"\206F\2602\2512c&<\000\327\301\335 \032+\260\035\240"
 8081      A9326326 
 8081      3C00D7C1 
 8081      DD201A2B 
 8081      B01DA0
 8082 01d6 CDCA2DDC 		.ascii	"\315\312-\334\2274\203`hG$\365\0148\311\213k\222\001"
 8082      97348360 
 8082      684724F5 
 8082      0C38C98B 
 8082      6B9201
 8083              		.text
 8084              		.section	.gnu.lto_ADC_ConfigureBoostMode.363.1f3e1af6,"e",%progbits
 8085 0000 28B52FFD 		.ascii	"(\265/\375`\251\016\205:\000J_<\025BP^R\007\377\267"
 8085      60A90E85 
 8085      3A004A5F 
 8085      3C154250 
 8085      5E5207FF 
 8086 0015 45EA1CBD 		.ascii	"E\352\034\275`2\300x!\260sC@<SE\002\243\003\007N\037"
 8086      6032C078 
 8086      21B07343 
 8086      403C5345 
 8086      02A30307 
 8087 002b F9103853 		.ascii	"\371\0208SS\351\214\\\007\033\205\\\344\236\230\030"
 8087      53E98C5C 
 8087      071B855C 
 8087      E49E9818 
 8088 003b 4046991E 		.ascii	"@F\231\036\306\000nH\340'\314^\304\366\220\322,\331"
 8088      C6006E48 
 8088      E027CC5E 
 8088      C4F690D2 
 8088      2CD9
 8089 004d 5B269952 		.ascii	"[&\231R>\001%\001C\001\370\266\020\337n\361m\026\337"
 8089      3E012501 
 8089      4301F8B6 
 8089      10DF6EF1 
 8089      6D16DF
 8090 0060 C6F8F6E3 		.ascii	"\306\370\366\343\333\367o{\203\241>4q\201W\325\234\223"
 8090      DBF76F7B 
ARM GAS  C:\Users\nicx5\AppData\Local\Temp\ccq4ftZ0.s 			page 376


 8090      83A13E34 
 8090      718157D5 
 8090      9C93
 8091 0072 0C06CA75 		.ascii	"\014\006\312u\3304R|\352\336\355\016\327E\246\035\031"
 8091      D834527C 
 8091      EADEED0E 
 8091      D745A61D 
 8091      19
 8092 0083 BAA75E37 		.ascii	"\272\247^7/\311_w\347z\326'g\252\224\263\015c\350l\367"
 8092      2FC95F77 
 8092      E77AD627 
 8092      67AA94B3 
 8092      0D63E86C 
 8093 0098 126006BF 		.ascii	"\022`\006\277\335\356\346[\276\374\015G\027\345\334"
 8093      DDEEE65B 
 8093      BEFC0D47 
 8093      17E5DC
 8094 00a7 37379733 		.ascii	"77\2273\225\252/\014\235U\372Q\353,v\243\326\331\376"
 8094      95AA2F0C 
 8094      9D55FA51 
 8094      EB2C76A3 
 8094      D6D9FE
 8095 00ba EACE530A 		.ascii	"\352\316S\012\313\271x\005\"\244L\240\2343\363\327\374"
 8095      CBB97805 
 8095      22A44CA0 
 8095      9C33F3D7 
 8095      FC
 8096 00cb CB9D9A98 		.ascii	"\313\235\232\230\226\224\222\220\216\222FED\310\241"
 8096      96949290 
 8096      8E924645 
 8096      44C8A1
 8097 00da A351A818 		.ascii	"\243Q\250\030D\034\012[\026\377\375j\037\322\371\243"
 8097      441C0A5B 
 8097      16FFFD6A 
 8097      1FD2F9A3 
 8098 00ea 4666D674 		.ascii	"Ff\326t\247&\246-nwIIK\333MB\222\202\225PT\312\242\334"
 8098      A726A62D 
 8098      6E774949 
 8098      4BDB4D42 
 8098      92829550 
 8099 0102 23A8A4D0 		.ascii	"#\250\244\320\001\364\371\346FkOn\021\024\254\244R&"
 8099      01F4F9E6 
 8099      466B4F6E 
 8099      1114ACA4 
 8099      5226
 8100 0114 BD447348 		.ascii	"\275DsH\267!+G$F\2773\241\242\337\223\015\372\214z\321"
 8100      B7212B47 
 8100      2446BF33 
 8100      A1A2DF93 
 8100      0DFA8C7A 
 8101 0129 49122447 		.ascii	"I\022$G\2148\264\254HK|.\031#\014\272\316\261\021\205"
 8101      8C38B4AC 
 8101      484B7C2E 
 8101      19230CBA 
 8101      CEB11185 
 8102 013d 0EE09CA8 		.ascii	"\016\340\234\250\314\325m\017\372\214\372p\210C\313"
 8102      CCD56D0F 
ARM GAS  C:\Users\nicx5\AppData\Local\Temp\ccq4ftZ0.s 			page 377


 8102      FA8CFA70 
 8102      8843CB
 8103 014c CEDA2329 		.ascii	"\316\332#)\335\223\206\202\226E_h\247\214\010V\346\234"
 8103      DD938682 
 8103      96455F68 
 8103      A78C0856 
 8103      E69C
 8104 015e C76ECB3E 		.ascii	"\307n\313>\035-m\310\314\2028\016+\232\201\335\307S"
 8104      1D2D6DC8 
 8104      CC82380E 
 8104      2B9A81DD 
 8104      C753
 8105 0170 7755881C 		.ascii	"wU\210\034\315\234\330h\210\231;\207\363\313\303\014"
 8105      CD9CD868 
 8105      88993B87 
 8105      F3CBC30C 
 8106 0180 EC5EA183 		.ascii	"\354^\241\203\234s_2\263\247\367\223w\337\246\356\236"
 8106      9C735F32 
 8106      B3A7F793 
 8106      77DFA6EE 
 8106      9E
 8107 0191 D16D3C06 		.ascii	"\321m<\006L\255j\235\325\373\324\2259\356`\037o\367"
 8107      4CAD6A9D 
 8107      D5FBD495 
 8107      39EE601F 
 8107      6FF7
 8108 01a3 8914D7C9 		.ascii	"\211\024\327\311\254>\006\232\363\303Z\253\012ws\316"
 8108      AC3E069A 
 8108      F3C35AAB 
 8108      0A7773CE 
 8109 01b3 4DE19325 		.ascii	"M\341\223%\360F?\\\340\241\376G\323h\241\276\305\"\247"
 8109      F0463F5C 
 8109      E0A1FE47 
 8109      D368A1BE 
 8109      C522A7
 8110 01c6 07EC0AB6 		.ascii	"\007\354\012\266/%\343\354\023\3601\216\237\375\012"
 8110      2F25E3EC 
 8110      13F0318E 
 8110      9FFD0A
 8111 01d5 67CCB0D4 		.ascii	"g\314\260\324\035`2~\354~}\320\370\261\036\325\376\027"
 8111      1D60327E 
 8111      EC7E7DD0 
 8111      F8B11ED5 
 8111      FE17
 8112 01e7 781F5B23 		.ascii	"x\037[#\224\263G\265\367\377\027\214\2359\337\331\335"
 8112      94B347B5 
 8112      F7FF178C 
 8112      9D39DFD9 
 8112      DD
 8113 01f8 2B5C0C8B 		.ascii	"+\\\014\213a\316i\011\332\301x\030\027\024p\326\001"
 8113      61CE6909 
 8113      DAC17818 
 8113      171470D6 
 8113      01
 8114 0209 26FB8BF6 		.ascii	"&\373\213\366E\353\354\375\0373\215{g\330\217(c8.)w"
 8114      45EBECFD 
 8114      1F338D7B 
ARM GAS  C:\Users\nicx5\AppData\Local\Temp\ccq4ftZ0.s 			page 378


 8114      67D88F28 
 8114      63382E29 
 8115 021e EFAA0C41 		.ascii	"\357\252\014A\363/\305Y\0075\373\215\326?\002\036\330"
 8115      F32FC559 
 8115      0735FB8D 
 8115      D63F021E 
 8115      D8
 8116 022f 15ECEE18 		.ascii	"\025\354\356\030\036wc\230sN\320\336\345\313\212\214"
 8116      1E776398 
 8116      734ED0DE 
 8116      E5CB8A8C 
 8117 023f E19AB3ED 		.ascii	"\341\232\263\3558Zg\375\205\321i\216w\266\260jEA\225"
 8117      385A67FD 
 8117      85D1698E 
 8117      77B6B06A 
 8117      454195
 8118 0252 CD4EBE83 		.ascii	"\315N\276\203Mm\336\227\266\343\374\321n\254++f\025"
 8118      4D6DDE97 
 8118      B6E3FCD1 
 8118      6EAC2B2B 
 8118      6615
 8119 0264 D5949481 		.ascii	"\325\224\224\201%{\273\000{\233\200\277\271\017`oC\371"
 8119      257BBB00 
 8119      7B9B80BF 
 8119      B90F606F 
 8119      43F9
 8120 0276 D45B896F 		.ascii	"\324[\211o\007\300\267\001\374\355'|\333\011\337n\302"
 8120      07C0B701 
 8120      FCED277C 
 8120      DB09DF6E 
 8120      C2
 8121 0287 B799FEF6 		.ascii	"\267\231\376\366\022\276\255\204o'\341\333H\177\373"
 8121      12BEAD84 
 8121      6F27E1DB 
 8121      487FFB
 8122 0296 08DF4EE2 		.ascii	"\010\337N\342\333F\177\273\010\337&\302\267\221\177"
 8122      DB467FBB 
 8122      08DF26C2 
 8122      B7917F
 8123 02a5 7B08DF3E 		.ascii	"{\010\337>\342\333\306\277-\204o\027\361\355 |\233\210"
 8123      E2DBC6BF 
 8123      2D846F17 
 8123      F1ED207C 
 8123      9B88
 8124 02b7 6F0F038E 		.ascii	"o\017\003\216EN\016\330\025\344P\374'\207\363\233\005"
 8124      454E0ED8 
 8124      15E450FC 
 8124      2787F39B 
 8124      05
 8125 02c8 909DF2AA 		.ascii	"\220\235\362\252\361v\320\374&\021_\232\201\241\201"
 8125      F176D0FC 
 8125      26115F9A 
 8125      81A181
 8126 02d7 4041EFB2 		.ascii	"@A\357\262\366!\371\244\204R{\177\336e\3453\2047\325"
 8126      F621F9A4 
 8126      84527B7F 
 8126      DE65E533 
ARM GAS  C:\Users\nicx5\AppData\Local\Temp\ccq4ftZ0.s 			page 379


 8126      8437D5
 8127 02ea 4ED905F2 		.ascii	"N\331\005\362.k\335\221\013\025K\245\205\317\273\254"
 8127      2E6BDD91 
 8127      0B154BA5 
 8127      85CFBBAC 
 8128 02fa 578C56B6 		.ascii	"W\214V\266*\274\374\252\177;(~\274\313\032\025\2622"
 8128      2ABCFCAA 
 8128      7F3B287E 
 8128      BCCB1A15 
 8128      B232
 8129 030c 6106FDF2 		.ascii	"a\006\375\362\231\356Q-\361\203\336\352\212\030`\321"
 8129      99EE512D 
 8129      F183DEEA 
 8129      8A1860D1 
 8130 031c F0895FA4 		.ascii	"\360\211_\244\263\246\331\271PO\300\230\347\222\342"
 8130      B3A6D9B9 
 8130      504FC098 
 8130      E792E2
 8131 032b 60DF3CE5 		.ascii	"`\337<\345\015\260=\020\015K_\273_\331\024@\355W\317"
 8131      0DB03D10 
 8131      0D4B5FBB 
 8131      5FD91440 
 8131      ED57CF
 8132 033e 44FEB45B 		.ascii	"D\376\264[\273\217\037\220\275\301:z\202s|:\317\377"
 8132      BB8F1F90 
 8132      BDC13A7A 
 8132      82737C3A 
 8132      CFFF
 8133 0350 02CFA87B 		.ascii	"\002\317\250{\000\017\340\375)\357\332\361 \255\201"
 8133      000FE0FD 
 8133      29EFDAF1 
 8133      20AD81
 8134 035f D1B6BF6B 		.ascii	"\321\266\277k\362\221;v\206zu\313\344U\346\354\313\266"
 8134      F2913B76 
 8134      867A75CB 
 8134      E455E6EC 
 8134      CBB6
 8135 0371 BBC387EB 		.ascii	"\273\303\207\353d\313\217\201\006\246\307%H/\355\352"
 8135      64CB8F81 
 8135      06A6C725 
 8135      482FEDEA 
 8136 0381 7ACF69AD 		.ascii	"z\317i\255\376\352\337.\360\215wU\373\210/\355\346\303"
 8136      FEEADF2E 
 8136      F08D7755 
 8136      FB882FED 
 8136      E6C3
 8137 0393 12BED563 		.ascii	"\022\276\325c\375\333\211\271!\275\345\264\355\013\277"
 8137      FDDB89B9 
 8137      21BDE5B4 
 8137      ED0BBF
 8138 03a2 F8454CF0 		.ascii	"\370EL\360\205T\367\234\316\205\325<u\232\337lj\323"
 8138      8554F79C 
 8138      CE85D53C 
 8138      759ADF6C 
 8138      6AD3
 8139 03b4 9B4E4AB7 		.ascii	"\233NJ\2676|)\234\3668Bon:\317\377\340\234\015\235M"
 8139      367C299C 
ARM GAS  C:\Users\nicx5\AppData\Local\Temp\ccq4ftZ0.s 			page 380


 8139      F638426F 
 8139      6E3ACFFF 
 8139      E09C0D9D 
 8140 03c9 7B9BCE1B 		.ascii	"{\233\316\033\342\234\335\253u\326/\325y\2652\305\327"
 8140      E29CDDAB 
 8140      75D62FD5 
 8140      79B532C5 
 8140      D7
 8141 03da 7477DED3 		.ascii	"tw\336\323\037^[\316MGr\311\362\362\010-\354stw\010"
 8141      1F5E5BCE 
 8141      4D4772C9 
 8141      F2F2082D 
 8141      EC737477 
 8142 03ef 4FE3C574 		.ascii	"O\343\305t\322\"\034\315\226\263K'\355\0071Np\241\300"
 8142      D2221CCD 
 8142      96B34B27 
 8142      ED07314E 
 8142      70A1C0
 8143 0402 7D7500C1 		.ascii	"}u\000\301\026\211\005$\024T=\2250\261\245\002w\211"
 8143      16890524 
 8143      14543D95 
 8143      30B1A502 
 8143      7789
 8144 0414 AA1226B6 		.ascii	"\252\022&\266D\264\330R\241\342\012\313\305\014\031"
 8144      44B4D852 
 8144      A1E20ACB 
 8144      C50C19
 8145 0423 CC125C1A 		.ascii	"\314\022\\\032\230\",<\240 \302\206\015\005\024\230"
 8145      98222C3C 
 8145      A020C286 
 8145      0D051498 
 8146 0433 32B84ED4 		.ascii	"2\270N\324X\301%\001A\333x\001\201\002\210+\254\013"
 8146      58C12501 
 8146      41DB7801 
 8146      8102882B 
 8146      AC0B
 8147 0445 1B348090 		.ascii	"\0334\200\220\301\202\353\205\026\010\006\023\222\335"
 8147      C182EB85 
 8147      16080613 
 8147      92DD
 8148 0453 4DCD8EF3 		.ascii	"M\315\216\363G\001\361\352\344\3701\354\024\240MB\013"
 8148      4701F1EA 
 8148      E4F831EC 
 8148      14A04D42 
 8148      0B
 8149 0464 E0035C91 		.ascii	"\340\003\\\221\000\240\312\223\020\260\255\311\211\315"
 8149      00A0CA93 
 8149      10B0ADC9 
 8149      89CD
 8150 0472 026E7A27 		.ascii	"\002nz'\246o\212b\201im\0110\252\31493%\355\251k\002"
 8150      A66F8A62 
 8150      81696D09 
 8150      30AACC39 
 8150      3325EDA9 
 8151 0488 A62D2945 		.ascii	"\246-)E7\224y\322+\2419\322'\251m@brt\355kj\316Y\251"
 8151      379479D2 
 8151      2BA139D2 
ARM GAS  C:\Users\nicx5\AppData\Local\Temp\ccq4ftZ0.s 			page 381


 8151      27A96D40 
 8151      627274ED 
 8152 04a1 C8D7A78B 		.ascii	"\310\327\247\213G\351\221\223\363j\327\275\244$\324"
 8152      47E99193 
 8152      F36AD7BD 
 8152      A424D4
 8153 04b0 439FD127 		.ascii	"C\237\321'\223x0:Rt\305Cb\375\002\245y\224\234k\235"
 8153      9378303A 
 8153      5274C543 
 8153      62FD02A5 
 8153      79949C6B 
 8154 04c5 9D4CA5FA 		.ascii	"\235L\245\372\232z\241\360\251\257@\323\272j9\"\032"
 8154      9A7AA1F0 
 8154      A9AF40D3 
 8154      BA6A3922 
 8154      1A
 8155 04d6 32626870 		.ascii	"2bhp0p\320\243Z\344\023\275\217\235\005\031\201\004"
 8155      3070D0A3 
 8155      5AE413BD 
 8155      8F9D0519 
 8155      8104
 8156 04e8 3224BC2E 		.ascii	"2$\274.I\036\377\351d~\256\361\217\357c@0\334\037\327"
 8156      491EFFE9 
 8156      647EAEF1 
 8156      8FEF6340 
 8156      30DC1FD7 
 8157 04fc 070A0DCD 		.ascii	"\007\012\015\315\032\2378\215{\347\355!\364\304.@|n"
 8157      1A9F388D 
 8157      7BE7ED21 
 8157      F4C42E40 
 8157      7C6E
 8158 050e F4D2267A 		.ascii	"\364\322&zy\243|\217\223\233\243\005\210O\321K\333i"
 8158      79A37C8F 
 8158      939BA305 
 8158      884FD14B 
 8158      DB69
 8159 0520 FAA72AB4 		.ascii	"\372\247*\264\3621\304z\247\351_5h\371YjwH\003\237\245"
 8159      F231C47A 
 8159      A7E95F35 
 8159      68F9596A 
 8159      7748039F 
 8160 0535 263624F5 		.ascii	"&6$\365YM\232\034\247>K\011\030#\325gA\357\204\252>"
 8160      594D9A1C 
 8160      A73E4B09 
 8160      1823D567 
 8160      41EF84AA 
 8161 054a 0B2A5664 		.ascii	"\013*Vd>\200\351U\220x\365\312\377\241t\272W[\374\201"
 8161      3E80E955 
 8161      9078F5CA 
 8161      FFA174BA 
 8161      575BFC81 
 8162 055e 41A8316C 		.ascii	"A\2501l\345\220\032\021\021\021I\012R\220B\007A\006"
 8162      E5901A11 
 8162      1111490A 
 8162      52904207 
 8162      4106
 8163 0570 84206564 		.ascii	"\204 ed\364\021\340,\247 4C\013\222\202\244\003\272"
ARM GAS  C:\Users\nicx5\AppData\Local\Temp\ccq4ftZ0.s 			page 382


 8163      F411E02C 
 8163      A7203443 
 8163      0B9282A4 
 8163      03BA
 8164 0582 83B24094 		.ascii	"\203\262@\224\335\335'J|+\376\033E\364\012\274\035\\"
 8164      DDDD274A 
 8164      7C2BFE1B 
 8164      45F40ABC 
 8164      1D5C
 8165 0594 B1F7CB87 		.ascii	"\261\367\313\207;\364\3671\011a\366\020\356\337C\261"
 8165      3BF4F731 
 8165      0961F610 
 8165      EEDF43B1 
 8166 05a4 353212E0 		.ascii	"52\022\340lgy\323\246\357)\005\245\202CE\202\201\270"
 8166      6C6779D3 
 8166      A6EF2905 
 8166      A5824345 
 8166      8281B8
 8167 05b7 2CCCED71 		.ascii	",\314\355q\016\336\303\303\260\0160\3423nf\217.\237"
 8167      0EDEC3C3 
 8167      B00E30E2 
 8167      336E668F 
 8167      2E9F
 8168 05c9 BD5E162C 		.ascii	"\275^\026,\314\310N\005\350\230\003]\344)\227\011?\260"
 8168      CCC84E05 
 8168      E898035D 
 8168      E4299709 
 8168      3FB0
 8169 05db 897A6998 		.ascii	"\211zi\230\004\323\245\362'j\035\355\207\":\000q\020"
 8169      04D3A5F2 
 8169      276A1DED 
 8169      87223A00 
 8169      7110
 8170 05ed 87B9B787 		.ascii	"\207\271\267\207/4\327iJ\377Kad\213x\351\231\201\255"
 8170      2F34D769 
 8170      4AFF4B61 
 8170      648B78E9 
 8170      9981AD
 8171 0600 6AAFD174 		.ascii	"j\257\321tj\030W\256p\300'W<\315)\266\012\307\365\002"
 8171      6A1857AE 
 8171      70C02757 
 8171      3CCD29B6 
 8171      0AC7F502 
 8172 0614 799FF598 		.ascii	"y\237\365\230\362\026H\210\307kf\315\374\014\016\011"
 8172      F2164888 
 8172      C76B66CD 
 8172      FC0C0E09 
 8173 0624 BB49A3AC 		.ascii	"\273I\243\254}}\206?\210s\373\302\006\316\263\313^7"
 8173      7D7D863F 
 8173      8873FBC2 
 8173      06CEB3CB 
 8173      5E37
 8174 0636 58721FB9 		.ascii	"Xr\037\271n\340\311=r\371\201\223{@\210\023\344\330"
 8174      6EE0C93D 
 8174      72F98193 
 8174      7B408813 
 8174      E4D8
ARM GAS  C:\Users\nicx5\AppData\Local\Temp\ccq4ftZ0.s 			page 383


 8175 0648 69DA470A 		.ascii	"i\332G\012l\276\210\236\342\016\265\263\006\236:-\304"
 8175      6CBE889E 
 8175      E20EB5B3 
 8175      069E3A2D 
 8175      C4
 8176 0659 0649316B 		.ascii	"\006I1k\\1-\257\230\226\257\230\266M\204eA\263D\311"
 8176      5C312DAF 
 8176      9896AF98 
 8176      B64D8465 
 8176      41B344C9 
 8177 066d 90BD22C8 		.ascii	"\220\275\"\310[\007\026\220\275\225\200]3\234n\"}\023"
 8177      5B071690 
 8177      BD95805D 
 8177      339C6E22 
 8177      7D13
 8178 067f 9C4AB103 		.ascii	"\234J\261\003u\2357\260:T\355U\204E\177\314\340\351"
 8178      759D37B0 
 8178      3A54ED55 
 8178      84457FCC 
 8178      E0E9
 8179 0691 AD4AFE71 		.ascii	"\255J\376q\023\311\237-4\027\251\202\355A\345lR?k=\015"
 8179      13C99F2D 
 8179      3417A982 
 8179      ED41E56C 
 8179      523F6B3D 
 8180 06a6 7CD87B68 		.ascii	"|\330{hb\210-Ek\327\271\25424QB++({=8\240Gzt\202l\316"
 8180      62882D45 
 8180      6BD7B9AC 
 8180      32345142 
 8180      2B2B287B 
 8181 06c3 04F03475 		.ascii	"\004\3604ug\232;]\245g\031\212g\351\325\273\256g\015"
 8181      679A3B5D 
 8181      A567198A 
 8181      67E9D5BB 
 8181      AE670D
 8182 06d6 8A0C9895 		.ascii	"\212\014\230\225k\231p\320\035\222\277F\000\225\207"
 8182      6B9970D0 
 8182      1D92BF46 
 8182      009587
 8183 06e5 60324765 		.ascii	"`2Ge\312V V\271.Q\304\247\206\0036\035\222'\236J{2\215"
 8183      CA562056 
 8183      B92E51C4 
 8183      A7860336 
 8183      1D92279E 
 8184 06fd 79B3A4F0 		.ascii	"y\263\244\360\367\032`7\177\015<\302J\271\002\341;\221"
 8184      F71A6037 
 8184      7F0D3CC2 
 8184      4AB902E1 
 8184      3B91
 8185 070f C6AB46EC 		.ascii	"\306\253F\354/8\361ko\263\213\313\320\011\364vt\241"
 8185      2F38F16B 
 8185      6FB38BCB 
 8185      D009F476 
 8185      74A1
 8186 0721 D0C62C91 		.ascii	"\320\306,\221r\2222\036\242\354u\301m-\345\034\213\206"
 8186      7292321E 
 8186      A2EC75C1 
ARM GAS  C:\Users\nicx5\AppData\Local\Temp\ccq4ftZ0.s 			page 384


 8186      6D2DE51C 
 8186      8B86
 8187 0733 2D2BE40B 		.ascii	"-+\344\013\226\325\306\310\274\367VK/\251\015tE\022"
 8187      96D5C6C8 
 8187      BCF7564B 
 8187      2FA90D74 
 8187      4512
 8188 0745 B2BA701A 		.ascii	"\262\272p\032\030jA)\230\333\242|4\203L\247\027U\206"
 8188      186A4129 
 8188      98DBA27C 
 8188      34834CA7 
 8188      175586
 8189 0758 F807     		.ascii	"\370\007"
 8190              		.text
 8191              		.section	.gnu.lto_HAL_ADC_DeInit.part.0.407.1f3e1af6,"e",%progbits
 8192 0000 28B52FFD 		.ascii	"(\265/\375`\303\020\335A\000\232j$\027:0\246N\007\364"
 8192      60C310DD 
 8192      41009A6A 
 8192      24173A30 
 8192      A64E07F4 
 8193 0014 C790ABB4 		.ascii	"\307\220\253\264yW\353\020\026!@\207n\303\254\011\012"
 8193      7957EB10 
 8193      16214087 
 8193      6EC3AC09 
 8193      0A
 8194 0025 E5446631 		.ascii	"\345Df1\240\352_\334A0.@\016vk\246\231\324\313t\371"
 8194      A0EA5FDC 
 8194      41302E40 
 8194      0E766BA6 
 8194      99D4CB74 
 8195 003a 0D177656 		.ascii	"\015\027vV\016\2152\373\251\221\275eJ)\005Y\0016\001"
 8195      0E8D32FB 
 8195      A991BD65 
 8195      4A290559 
 8195      013601
 8196 004d 7B01D659 		.ascii	"{\001\326Yi\235\243\2543\224uNZ\347'\325\031y\264\316"
 8196      699DA3AC 
 8196      3394754E 
 8196      5AE727D5 
 8196      1979B4CE 
 8197 0061 46EBBCAA 		.ascii	"F\353\274\252\316jO\233\255u~\353\354\015\330\335o\336"
 8197      CE6A4F9B 
 8197      AD757EEB 
 8197      EC0DD8DD 
 8197      6FDE
 8198 0073 D7737EF7 		.ascii	"\327s~\367\356-*^>UO\230\236v3O\201p\007r\222[\352d"
 8198      EE2D2A5E 
 8198      3E554F98 
 8198      9E76334F 
 8198      81700772 
 8199 008b B3E7BD7E 		.ascii	"\263\347\275~w=\025\222l\265\253\321\011\346~\323R\247"
 8199      773D1592 
 8199      6CB5ABD1 
 8199      09E67ED3 
 8199      52A7
 8200 009d 5F24F7A7 		.ascii	"_$\367\247\215\022\375\014\357\225z\265\312;\216\014"
 8200      8D12FD0C 
ARM GAS  C:\Users\nicx5\AppData\Local\Temp\ccq4ftZ0.s 			page 385


 8200      EF957AB5 
 8200      CA3B8E0C 
 8201 00ad A4DBFC40 		.ascii	"\244\333\374@\336\373w\327%\350\304{\003r\263\351?!"
 8201      DEFB77D7 
 8201      25E8C47B 
 8201      0372B3E9 
 8201      3F21
 8202 00bf DDE60753 		.ascii	"\335\346\007S\335\213)\020\236{\245\016Z\345\021\307"
 8202      DD8B2910 
 8202      9E7BA50E 
 8202      5AE511C7 
 8203 00cf 56B5FA6A 		.ascii	"V\265\372jm\325v\325\332*s\253\341&\031\220;f\346&\231"
 8203      6DD576D5 
 8203      DA2A73AB 
 8203      E1261990 
 8203      3B66E626 
 8204 00e4 1076FEC5 		.ascii	"\020v\376\305\343\007\307\"\321\314\023:\212\367J\303"
 8204      E307C722 
 8204      D1CC133A 
 8204      8AF74AC3 
 8205 00f4 5A7D2FED 		.ascii	"Z}/\355l\252)\251\2452\012*\371\204<\032W\325\276W9"
 8205      6CAA29A9 
 8205      A5320A2A 
 8205      F9843C1A 
 8205      57D5BE57 
 8206 0109 B9893495 		.ascii	"\271\2114\225\321l*\017\226N\207W\362\242=e4\273\222"
 8206      D16C2A0F 
 8206      964E8757 
 8206      F2A23D65 
 8206      34BB92
 8207 011c D7D752D0 		.ascii	"\327\327R\320^B\225U\366<J\257\241\364\222\366kQ\031"
 8207      5E429555 
 8207      F63C4AAF 
 8207      A1F492F6 
 8207      6B5119
 8208 012f 294D7837 		.ascii	")Mx7\305VE\251\263\250\311\334Q\361'\302\273\276\016"
 8208      C55645A9 
 8208      B3A8C9DC 
 8208      51F127C2 
 8208      BBBE0E
 8209 0142 EC2D3277 		.ascii	"\354-2wR\034\271u\304\032\274\362wx%/J\033-\027\025"
 8209      521CB975 
 8209      C41ABCF2 
 8209      7778252F 
 8209      4A1B2D17 
 8210 0157 2B749AF0 		.ascii	"+t\232\360\016\212\315BD\350L\022O\316W;\026\011O\212"
 8210      0E8ACD42 
 8210      44E84C12 
 8210      4FCE573B 
 8210      16094F8A 
 8211 016b 12CF884D 		.ascii	"\022\317\210M.)\\$\347\252\327\3415i\253u\357M\342\025"
 8211      2E295C24 
 8211      E7AAD7E1 
 8211      3569AB75 
 8211      EF4DE215 
 8212 017f F1B70D0C 		.ascii	"\361\267\015\014\363$*\361\342\354\225\035\230\272\016"
 8212      F3242AF1 
ARM GAS  C:\Users\nicx5\AppData\Local\Temp\ccq4ftZ0.s 			page 386


 8212      E2EC951D 
 8212      98BA0E
 8213 018e 6C3F82F7 		.ascii	"l?\202\367t\247\352*\243\331\275\227\033\256K\263U3"
 8213      74A7EA2A 
 8213      A3D9BD97 
 8213      1BAE4BB3 
 8213      5533
 8214 01a0 3709661E 		.ascii	"7\011f\036\302\274\204\024}\374\236\232(<<Zy\013\027"
 8214      C2BC8414 
 8214      7DFC9E9A 
 8214      283C3C5A 
 8214      790B17
 8215 01b3 DE75C76F 		.ascii	"\336u\307o5|E>\216M\024*jh&C<\377Qn\347j\277\031\350"
 8215      357C453E 
 8215      8E4D142A 
 8215      6A682643 
 8215      3CFF516E 
 8216 01cc A88877E2 		.ascii	"\250\210w\342.\3643\376\236f\256\353\033a4\236;niok"
 8216      2EF433FE 
 8216      9E66AEEB 
 8216      1B61349E 
 8216      3B6E696F 
 8217 01e1 ABAB5ADB 		.ascii	"\253\253Z\333y;\336{\325G\002\302\375\223!\024~\261"
 8217      793BDE7B 
 8217      D54702C2 
 8217      FD932114 
 8217      7EB1
 8218 01f3 DFD3D682 		.ascii	"\337\323\326\202\363EV\3727s\355g\246Q\303\273\316~"
 8218      F34556FA 
 8218      3773ED67 
 8218      A651C3BB 
 8218      CE7E
 8219 0205 8FE18BFB 		.ascii	"\217\341\213\3738nI\221\376\007\273\216\2227s\365\377"
 8219      386E4991 
 8219      FE07BB8E 
 8219      923773F5 
 8219      FF
 8220 0216 6F3926CF 		.ascii	"o9&\317\1772\363\215\226\263v\274\327J\004\3568Arp{"
 8220      7F32F38D 
 8220      96B376BC 
 8220      D74A04EE 
 8220      38417270 
 8221 022b F9B1B6EA 		.ascii	"\371\261\266\352\217\004\234\376\223[\222!\036#\351"
 8221      8F049CFE 
 8221      935B9221 
 8221      1E23E9
 8222 023a 0CE1F545 		.ascii	"\014\341\365E\377\350W}\037\267\275\337\307\214vt\356"
 8222      FFE8577D 
 8222      1FB7BDDF 
 8222      C78C7674 
 8222      EE
 8223 024b 6074E660 		.ascii	"`t\346`\235\317\254\363\006\243\263\206\325\331lu\316"
 8223      9DCFACF3 
 8223      06A3B386 
 8223      D5D96C75 
 8223      CE
 8224 025c 609D31AC 		.ascii	"`\2351\254\316\027\254\263\005\353\\\301:S\260\316\023"
ARM GAS  C:\Users\nicx5\AppData\Local\Temp\ccq4ftZ0.s 			page 387


 8224      CE17ACB3 
 8224      05EB5CC1 
 8224      3A53B0CE 
 8224      13
 8225 026d ACB304EB 		.ascii	"\254\263\004\353\\f\235#Xg2\353<f\235\305\254s\323:"
 8225      5C669D23 
 8225      586732EB 
 8225      3C669DC5 
 8225      AC73D33A 
 8226 0281 43B0CE0F 		.ascii	"C\260\316\017\254s\230u\006\263\316\016\254\363\227"
 8226      AC739875 
 8226      06B3CE0E 
 8226      ACF397
 8227 0290 75F6B2CE 		.ascii	"u\366\262\316\015\2543\003\353\314\264\316\013\254s"
 8227      0DAC3303 
 8227      EBCCB4CE 
 8227      0BAC73
 8228 029f 97755660 		.ascii	"\227uV`\235\023Xg\004\326\231\313:oYg-\353|\300:\033"
 8228      9D135867 
 8228      04D699CB 
 8228      3A6F5967 
 8228      2DEB7CC0 
 8229 02b5 B0CE59D6 		.ascii	"\260\316Y\326\271\200u\306\262\316\004\254\363\000\353"
 8229      B98075C6 
 8229      B2CE04AC 
 8229      F300EB
 8230 02c4 2CC03A07 		.ascii	",\300:\007\260\316\000\254\363\225u\266\262\316U\326"
 8230      B0CE00AC 
 8230      F39575B6 
 8230      B2CE55D6 
 8231 02d4 99CA3A4F 		.ascii	"\231\312:OYg)\353\274\014\037e\267\315\247\301\224$"
 8231      596729EB 
 8231      BC0C1F65 
 8231      B7CDA7C1 
 8231      9424
 8232 02e6 82F9E37F 		.ascii	"\202\371\343\177)),t\373hog\357\234\364\366\333\212"
 8232      29292C74 
 8232      FB686F67 
 8232      EF9CF4F6 
 8232      DB8A
 8233 02f8 7CAC390E 		.ascii	"|\2549\016Gq\302\363y\032\336f\256\022~\002\027\317"
 8233      4771C2F3 
 8233      791ADE66 
 8233      AE127E02 
 8233      17CF
 8234 030a 23E1AFEC 		.ascii	"#\341\257\354\357D\370\262>\267\023\301\341\210!{:q"
 8234      EF44F8B2 
 8234      3EB713C1 
 8234      E188217B 
 8234      3A71
 8235 031c 7AECC9BA 		.ascii	"z\354\311\272\370\340\330&\261\027\2246_\354\213\303"
 8235      F8E0D826 
 8235      B1179436 
 8235      5FEC8BC3 
 8236 032c 691A4EC3 		.ascii	"i\032N\303\270\024\202\037\340\030\377{ \306\321\364"
 8236      B814821F 
 8236      E018FF7B 
ARM GAS  C:\Users\nicx5\AppData\Local\Temp\ccq4ftZ0.s 			page 388


 8236      20C6D1F4 
 8237 033c 9A32EE17 		.ascii	"\2322\356\027\006\345f\256g\316x\031\260N|\016~\314"
 8237      06E566AE 
 8237      67CE7819 
 8237      B04E7C0E 
 8237      7ECC
 8238 034e D73B48E3 		.ascii	"\327;H\343`\276\014y\275\227-\335\340\275\324x\264\201"
 8238      60BE0C79 
 8238      BD972DDD 
 8238      E0BDD478 
 8238      B481
 8239 0360 18060FE5 		.ascii	"\030\006\017\345k\346\312|\006l\\\013\223\023\337\202"
 8239      6BE6CA7C 
 8239      066C5C0B 
 8239      9313DF82 
 8240 0370 C7A22C32 		.ascii	"\307\242,2w'\246\231k\327/h\343|]\206\012\276J\202W"
 8240      7727A699 
 8240      6BD72F68 
 8240      E37C5D86 
 8240      0ABE4A82 
 8241 0385 E074E354 		.ascii	"\340t\343T\022\374!x)\\\217@\203C\341\362\333z'Z\277"
 8241      12FC2178 
 8241      295C8F40 
 8241      8343E1F2 
 8241      DB7A275A 
 8242 039a 75E64CB4 		.ascii	"u\346L\264\274\034\370<\003\177\240\203\337\031\330"
 8242      BC1CF83C 
 8242      037FA083 
 8242      DF19D8
 8243 03a9 04CD7A25 		.ascii	"\004\315z%s]\340\263<8\222\002\233\260\276\216\300c"
 8243      735DE0B3 
 8243      3C389202 
 8243      9BB0BE8E 
 8243      C063
 8244 03bb 81703902 		.ascii	"\201p9\002\227\006|\334Rz\005\374\200\020\016' 1\300"
 8244      97067CDC 
 8244      527A05FC 
 8244      80100E27 
 8244      2031C0
 8245 03ce 338FF00B 		.ascii	"3\217\360\013\005\340\003\214hN\000\024\257^\323\322"
 8245      05E0038C 
 8245      684E0014 
 8245      AF5ED3D2 
 8246 03de D0D3904A 		.ascii	"\320\323\220J3W\253\277*\321\212V\215\252\022\251\276"
 8246      3357ABBF 
 8246      2AD18A56 
 8246      8DAA12A9 
 8246      BE
 8247 03ef AA1295A5 		.ascii	"\252\022\225\245\277\251?<^\270+\365S\205R\226\262,"
 8247      BFA93F3C 
 8247      5EB82BF5 
 8247      53855296 
 8247      B22C
 8248 0401 23F9BD57 		.ascii	"#\371\275W\371KGJ\305\250g\364\264\270\270\010\365Q"
 8248      F94B474A 
 8248      C5A867F4 
 8248      B4B8B808 
ARM GAS  C:\Users\nicx5\AppData\Local\Temp\ccq4ftZ0.s 			page 389


 8248      F551
 8249 0413 263A11D4 		.ascii	"&:\021\324#\001\021\227\213(\372\320\021\021\021\232"
 8249      23011197 
 8249      8B28FAD0 
 8249      1111119A 
 8250 0423 FC423896 		.ascii	"\374B8\226\213\213\206O\237\374\226\203\362T\321\203"
 8250      8B8B864F 
 8250      9FFC9683 
 8250      F254D183 
 8251 0433 D68E7770 		.ascii	"\326\216wp\244=\005BN\222\204\366fp\352G\233\271\376"
 8251      A43D0542 
 8251      4E9284F6 
 8251      6670EA47 
 8251      9BB9FE
 8252 0446 59C382DE 		.ascii	"Y\303\202\336k\305\013\212\310\243\220\023\363i\343"
 8252      6BC50B8A 
 8252      C8A39013 
 8252      F369E3
 8253 0455 07B5CD27 		.ascii	"\007\265\315'monjnm;r\270)\271\371\200L-\306\204\030"
 8253      6D6F6E6A 
 8253      6E6D3B72 
 8253      B829B9F9 
 8253      804C2DC6 
 8254 046b 65605932 		.ascii	"e`Y2f\250\331\260,\003L\306\014\2654\034j6l4\305r\270"
 8254      66A8D9B0 
 8254      2C034CC6 
 8254      0CB5341C 
 8254      6A366C34 
 8255 0482 B585C960 		.ascii	"\265\205\311`C\021\226&B\303\2074\037>\312>\204\265"
 8255      43119626 
 8255      42C38734 
 8255      1F3ECA3E 
 8255      84B5
 8256 0494 B1D1E871 		.ascii	"\261\321\350q\203\215\003\031\373\320\261\341\303\213"
 8256      838D0319 
 8256      FBD0B1E1 
 8256      C38B
 8257 04a2 A6D88814 		.ascii	"\246\330\210\024(^\264\255\261\351X\361\202B\007+fo"
 8257      285EB4AD 
 8257      B1E958F1 
 8257      8242072B 
 8257      666F
 8258 04b4 FB7D6873 		.ascii	"\373}hs\246\320\276\303\333=\233\301\275\034\325G\005"
 8258      A6D0BEC3 
 8258      DB3D9BC1 
 8258      BD1CD547 
 8258      05
 8259 04c5 37D1C9F9 		.ascii	"7\321\311\371\241\223\356x\344j\012\036\336\360Ik\306"
 8259      A193EE78 
 8259      E46A0A1E 
 8259      DEF0496B 
 8259      C6
 8260 04d6 0350C4A9 		.ascii	"\003P\304\251\242#.)\222\232$\376\310\271'\201\331i"
 8260      A2232E29 
 8260      929A24FE 
 8260      C8B92781 
 8260      D969
ARM GAS  C:\Users\nicx5\AppData\Local\Temp\ccq4ftZ0.s 			page 390


 8261 04e8 E78E9C78 		.ascii	"\347\216\234xFh\253$\240\210p\202f\000-qFM\301.\204"
 8261      4668AB24 
 8261      A0887082 
 8261      66002D71 
 8261      464DC12E 
 8262 04fd 77EAA3BC 		.ascii	"w\352\243\274\222Y\372\241&\300\244K\242\322\0155\007"
 8262      9259FAA1 
 8262      26C0A44B 
 8262      A2D20D35 
 8262      07
 8263 050e 32EF27CE 		.ascii	"2\357'\316(\336u\254\345r\014\317>Q\242S\317\360\036"
 8263      28DE75AC 
 8263      E5720CCF 
 8263      3E51A253 
 8263      CFF01E
 8264 0521 32D4CC75 		.ascii	"2\324\314u\303\237\375\017\312AyJ-\033\216\362\243\314"
 8264      C39FFD0F 
 8264      CA41794A 
 8264      2D1B8EF2 
 8264      A3CC
 8265 0533 0665EF9C 		.ascii	"\006e\357\234\234\233\227T\245trn\363X5\274\335\330"
 8265      9C9B9754 
 8265      A574726E 
 8265      F35835BC 
 8265      DDD8
 8266 0545 142FB4F6 		.ascii	"\024/\264\366\301\011\015\331\344\324\343\261\266\272"
 8266      C1090DD9 
 8266      E4D4E3B1 
 8266      B6BA
 8267 0553 E1D741C0 		.ascii	"\341\327A\300\351?\243\032N\360\317\023\352\373\374"
 8267      E93FA31A 
 8267      4EF0CF13 
 8267      EAFBFC
 8268 0562 34F2AD02 		.ascii	"4\362\255\002\035u\231(u\032%\3734\362\317N\304qC\344"
 8268      1D759928 
 8268      751A25FB 
 8268      34F2CF4E 
 8268      C47143E4 
 8269 0576 E9A3DC3C 		.ascii	"\351\243\334<fx\251\3025\306\013o\366v\334\266\232\375"
 8269      6678A9C2 
 8269      35C60B6F 
 8269      F676DCB6 
 8269      9AFD
 8270 0588 8A26F091 		.ascii	"\212&\360\221E:\240\306\360\031\336\246\321\223\323"
 8270      453AA0C6 
 8270      F019DEA6 
 8270      D193D3
 8271 0597 A34AE9A4 		.ascii	"\243J\351\244\030\336\367\232\320\210\025\277\343G\367"
 8271      18DEF79A 
 8271      D08815BF 
 8271      E347F7
 8272 05a6 560B7FE1 		.ascii	"V\013\177\341\313\232\310\351\251\360\024\336\3023\360"
 8272      CB9AC8E9 
 8272      A9F014DE 
 8272      C233F0
 8273 05b5 53E1D730 		.ascii	"S\341\3270\367>X\234Z\274\353(\274\362\333\3650\021"
 8273      F73E589C 
ARM GAS  C:\Users\nicx5\AppData\Local\Temp\ccq4ftZ0.s 			page 391


 8273      5ABCEB28 
 8273      BCF2DBF5 
 8273      3011
 8274 05c7 1A347E94 		.ascii	"\0324~\224\247HEt\227\276\177\313!\272<k\201N\250q8"
 8274      A7484574 
 8274      97BE7FCB 
 8274      21BA3C6B 
 8274      814EA871 
 8275 05dc A8919119 		.ascii	"\250\221\221\031\021\021\221$)H\032\003\201\005\204"
 8275      11119124 
 8275      29481A03 
 8275      810584
 8276 05eb 28289D71 		.ascii	"((\235q\007\021\000=g\020C$\222,)J:U\213S\247{N\230"
 8276      0711003D 
 8276      67104324 
 8276      922C294A 
 8276      3A558B53 
 8277 0603 9943BB04 		.ascii	"\231C\273\0047C\365\005\226\245\021*\304!`\201\206S"
 8277      3743F505 
 8277      96A5112A 
 8277      C4216081 
 8277      8653
 8278 0615 C80A8CA4 		.ascii	"\310\012\214\244i\001V\226\223G\243\226:j \335\037#"
 8278      69015696 
 8278      9347A396 
 8278      3A6A20DD 
 8278      1F23
 8279 0627 77F4DC2B 		.ascii	"w\364\334+02\317{\200T\027\275\226\007\271B|\271\256"
 8279      3032CF7B 
 8279      805417BD 
 8279      9607B942 
 8279      7CB9AE
 8280 063a FD946CAE 		.ascii	"\375\224l\256\242H\357\2271%\253a\227$\214\003\246\342"
 8280      A248EF97 
 8280      3125AB61 
 8280      97248C03 
 8280      A6E2
 8281 064c 45502BDA 		.ascii	"EP+\332\222\232\"\3418\272\361\245\002\002\334\004F"
 8281      929A22E1 
 8281      38BAF1A5 
 8281      0202DC04 
 8281      46
 8282 065d 07364200 		.ascii	"\0076B\000\310\3540\242#\221\3446\257\304Y\217\372\\"
 8282      C8EC30A2 
 8282      2391E436 
 8282      AFC4598F 
 8282      FA5C
 8283 066f 75622187 		.ascii	"ub!\207\356\335\2634\223&\033\032\226\246\006S<\351"
 8283      EEDDB334 
 8283      93261B1A 
 8283      96A60653 
 8283      3CE9
 8284 0681 0762E2A3 		.ascii	"\007b\342\243*\327\014\340\015\335\210\350\221\344\030"
 8284      2AD70CE0 
 8284      0DDD88E8 
 8284      91E418
 8285 0690 4006618B 		.ascii	"@\006a\213\254A\207\017\271\301'[\235\227rz\323\274"
ARM GAS  C:\Users\nicx5\AppData\Local\Temp\ccq4ftZ0.s 			page 392


 8285      AC41870F 
 8285      B9C1275B 
 8285      9D97727A 
 8285      D3BC
 8286 06a2 78B30941 		.ascii	"x\263\011A\306\346\002\356\265Id(\312\"\265$\322i3\236"
 8286      C6E602EE 
 8286      B5496428 
 8286      CA22B524 
 8286      D269339E 
 8287 06b6 BF306AEB 		.ascii	"\2770j\353\023H\216\265p\034\017\224\301%\300,|\247"
 8287      13488EB5 
 8287      701C0F94 
 8287      C125C02C 
 8287      7CA7
 8288 06c8 9ED900BC 		.ascii	"\236\331\000\274\335Y\335r\313\010\023\012\340\274N"
 8288      DD59DD72 
 8288      CB08130A 
 8288      E0BC4E
 8289 06d7 35240665 		.ascii	"5$\006e\356M}\343\275\337\214V\376\355o\357\036\302"
 8289      EE4D7DE3 
 8289      BDDF8C56 
 8289      FEED6FEF 
 8289      1EC2
 8290 06e9 F917FE7A 		.ascii	"\371\027\376z\364\226p\372Td\275\234\247\216\024\033"
 8290      F49670FA 
 8290      5464BD9C 
 8290      A78E141B 
 8291 06f9 FE549E99 		.ascii	"\376T\236\231\313t\275\262;r-e\256\212a is\317\3320"
 8291      CB74BDB2 
 8291      3B722D65 
 8291      AE8A6120 
 8291      6973CFDA 
 8292 070e 4C05A6B6 		.ascii	"L\005\246\266=G\263\341Oy\006(\311 \204Z\213\317\275"
 8292      3D47B3E1 
 8292      4F790628 
 8292      C920845A 
 8292      8BCFBD
 8293 0721 37522867 		.ascii	"7R(g\332\241\001\246P\032\027\224\375\015(\205\256q"
 8293      DAA101A6 
 8293      501A1794 
 8293      FD0D2885 
 8293      AE71
 8294 0733 47E9DF83 		.ascii	"G\351\337\203R(\215\013\312\376\016\024\024~S\314`\201"
 8294      52288D0B 
 8294      CAFE0E14 
 8294      147E53CC 
 8294      6081
 8295 0745 ACB96765 		.ascii	"\254\271ge\030R.\012xZ)\316sz\355H\003d\363\207\376"
 8295      18522E0A 
 8295      785A29CE 
 8295      737AED48 
 8295      0364F387 
 8296 075a 15C123B5 		.ascii	"\025\301#\265\345,[5\237a\275\020\022\027\233e\220\333"
 8296      E52C5B35 
 8296      9F61BD10 
 8296      12179B65 
 8296      90DB
ARM GAS  C:\Users\nicx5\AppData\Local\Temp\ccq4ftZ0.s 			page 393


 8297 076c 31B5706A 		.ascii	"1\265pjT\251\214\364x\307\213!\023\234R\242%\032Oj\272"
 8297      54A98CF4 
 8297      78C78B21 
 8297      139C52A2 
 8297      251A4F6A 
 8298 0781 894EC66B 		.ascii	"\211N\306k[\327'0\321\330\264\301\031\212\224\213\201"
 8298      5BD72730 
 8298      D1D8B4C1 
 8298      198A948B 
 8298      81
 8299 0792 065C8C00 		.ascii	"\006\\\214\000\036\032]\316Z\3015\273\246d\222\241\233"
 8299      1E1A5DCE 
 8299      5AC135BB 
 8299      A66492A1 
 8299      9B
 8300 07a3 E513B899 		.ascii	"\345\023\270\231\034E\211\240\221~\275r\010\250J+Q\256"
 8300      1C4589A0 
 8300      917EBD72 
 8300      08A84A2B 
 8300      51AE
 8301 07b5 CD7D6921 		.ascii	"\315}i!m[UX\003wLA\263\232\322\202\251L\222A\033 \236"
 8301      6D5B5558 
 8301      03774C41 
 8301      B39AD282 
 8301      A94C9241 
 8302 07cc 38B2B6B3 		.ascii	"8\262\266\263"
 8303 07d0 48EA68BD 		.ascii	"H\352h\275\333\031\307\231\226J;eS\035-\005\213\306"
 8303      DB19C799 
 8303      964A3B65 
 8303      531D2D05 
 8303      8BC6
 8304 07e2 FD832595 		.ascii	"\375\203%\225\232m\022\2675\331\031\212\252\2404\371"
 8304      9A6D12B7 
 8304      35D9198A 
 8304      AAA034F9 
 8305 07f2 3CA649D2 		.ascii	"<\246I\322~\010Q\224\370\301\233:\377\253\2122\205\001"
 8305      7E085194 
 8305      F8C19B3A 
 8305      FFAB8A32 
 8305      8501
 8306 0804 69B20208 		.ascii	"i\262\002\010\302\030\010c\260\343\253\225\016\301\011"
 8306      C2180863 
 8306      B0E3AB95 
 8306      0EC109
 8307 0813 C83CA1CA 		.ascii	"\310<\241\312\005\332\244\202\227G\311\211w\365\333"
 8307      05DAA482 
 8307      9747C989 
 8307      77F5DB
 8308 0822 3E82AAE1 		.ascii	">\202\252\341\316\253M\277\315\356\322\330KjB:l8\032"
 8308      CEAB4DBF 
 8308      CDEED2D8 
 8308      4B6A423A 
 8308      6C381A
 8309 0835 25B67AEB 		.ascii	"%\266z\353\337\033\363;\243\340JN\331\201\244\001"
 8309      DF1BF33B 
 8309      A3E04A4E 
 8309      D981A401 
ARM GAS  C:\Users\nicx5\AppData\Local\Temp\ccq4ftZ0.s 			page 394


 8310              		.text
 8311              		.section	.gnu.lto_.symbol_nodes.1f3e1af6,"e",%progbits
 8312 0000 28B52FFD 		.ascii	"(\265/\375`\260\012\305(\000ZF\274\017AP\252M\007\310"
 8312      60B00AC5 
 8312      28005A46 
 8312      BC0F4150 
 8312      AA4D07C8 
 8313 0014 10B8BC81 		.ascii	"\020\270\274\201l\310#\203?\265\030\245\017\025\257"
 8313      6CC82383 
 8313      3FB518A5 
 8313      0F15AF
 8314 0023 35546E91 		.ascii	"5Tn\221YU;\315\243\240(y>\301\341I \205\016H\306\037"
 8314      59553BCD 
 8314      A3A02879 
 8314      3EC1E149 
 8314      20850E48 
 8315 0039 7E78472B 		.ascii	"~xG+\360\020Z 2\220S\236\013\237\314\272.\210(\330\224"
 8315      F0105A20 
 8315      3290539E 
 8315      0B9FCCBA 
 8315      2E8828D8 
 8316 004e D20EE600 		.ascii	"\322\016\346\000\347\000\354\000\314gb\346\222\304\370"
 8316      E700EC00 
 8316      CC6762E6 
 8316      92C4F8
 8317 005d BE03E3FB 		.ascii	"\276\003\343\373\355\305\367\037\027\337~Z|\357a\361"
 8317      EDC5F71F 
 8317      17DF7E5A 
 8317      7CEF61F1 
 8318 006d 7D1685BC 		.ascii	"}\026\205\274\367\011\331\212\367(sv\326\004R\361\335"
 8318      F709D98A 
 8318      F7287376 
 8318      D60452F1 
 8318      DD
 8319 007e 96E23B0D 		.ascii	"\226\342;\015\305w\237\023\337z\372\310m\303f\342\333"
 8319      C5779F13 
 8319      DF7AFAC8 
 8319      6DC366E2 
 8319      DB
 8320 008f 1056DA1F 		.ascii	"\020V\332\037#%\276\331\222$\276\231\311\021\337k\""
 8320      2325BED9 
 8320      9224BE99 
 8320      C911DF6B 
 8320      22
 8321 00a0 BEDB1D21 		.ascii	"\276\333\035!:\021\200$\210\357B\037\276\335\316<|\037"
 8321      3A118024 
 8321      88EF421F 
 8321      BEDDCE3C 
 8321      7C1F
 8322 00b2 F266B3D9 		.ascii	"\362f\263\331\354\360\035\210\3037\241\344\206o\265"
 8322      ECF01D88 
 8322      C337A1E4 
 8322      866FB5
 8323 00c1 330DDF88 		.ascii	"3\015\337\2102|\017\302\360-\350\3027\240\005Z\352\302"
 8323      327C0FC2 
 8323      F02DE8C2 
 8323      37A0055A 
ARM GAS  C:\Users\nicx5\AppData\Local\Temp\ccq4ftZ0.s 			page 395


 8323      EAC2
 8324 00d3 58F8E633 		.ascii	"X\370\3463t\202\346H\3267Z\205\357<}\223h\260\276\361"
 8324      7482E648 
 8324      D6375A85 
 8324      EF3C7D93 
 8324      68B0BEF1 
 8325 00e7 50788E34 		.ascii	"Px\2164\341\031\222\204gE\307g8\343s\242\253gDV\317"
 8325      E1199284 
 8325      6745C767 
 8325      38E373A2 
 8325      AB674456 
 8326 00fc 87AA9EDB 		.ascii	"\207\252\236\333\"<\033\202\360\314V|^#>\267T\317u\246"
 8326      223C1B82 
 8326      F0CC567C 
 8326      5E233EB7 
 8326      54CF75A6 
 8327 0110 9EE7483D 		.ascii	"\236\347H=\307\031>/\325\3472\017\236\301\034<{\021"
 8327      C7193E2F 
 8327      D5E7320F 
 8327      9EC11C3C 
 8327      7B11
 8328 0122 3E2B9790 		.ascii	">+\227\220\367&\311\316\363\317\323N\222\225\220H$\262"
 8328      F726C9CE 
 8328      F3CFD34E 
 8328      92959048 
 8328      24B2
 8329 0134 C1F3963E 		.ascii	"\301\363\226>\317\263\027&i\214\316\324}\254\034\245"
 8329      CFB31726 
 8329      698CCED4 
 8329      7DAC1CA5 
 8330 0144 D6C56B29 		.ascii	"\326\305k)u\256\225)\365-\026\230\372\326evCF(\215R"
 8330      75AE9529 
 8330      F52D1698 
 8330      FAD66576 
 8330      4346288D 
 8331 0159 EA4F4C2E 		.ascii	"\352OL.\"\232#\313J\375\267\2623\221[\023\011\230\372"
 8331      229A23CB 
 8331      4AFDB7B2 
 8331      33915B13 
 8331      0998FA
 8332 016c 0E8A81A3 		.ascii	"\016\212\201\243\217\230\303\3307~\242\224\240Z\250"
 8332      8F98C3D8 
 8332      377EA294 
 8332      A05AA8
 8333 017b 287F5AB9 		.ascii	"(\177Z\271\221H\244\021\247(\347\261\036\345\275dJ@"
 8333      9148A411 
 8333      A728E7B1 
 8333      1EE5BD64 
 8333      4A40
 8334 018d BDCDAC7C 		.ascii	"\275\315\254|\2425\031\263\004\012u\256\363\232\200"
 8334      A23519B3 
 8334      040A75AE 
 8334      F39A80
 8335 019c 3ACF9951 		.ascii	":\317\231Q@\235\027]>\367\224\215}-@\235\333\314\260"
 8335      409D175D 
 8335      3EF7948D 
 8335      7D2D409D 
ARM GAS  C:\Users\nicx5\AppData\Local\Temp\ccq4ftZ0.s 			page 396


 8335      DBCCB0
 8336 01af 5067342D 		.ascii	"Pg4-\367\334\234\231\302\204:\203\361\227\025\000\352"
 8336      F7DC9C99 
 8336      C2843A83 
 8336      F1971500 
 8336      EA
 8337 01c0 445827D4 		.ascii	"DX'\324\273Z\006\226\215\201\001\242\256u\231\325\232"
 8337      BB5A0696 
 8337      8D8101A2 
 8337      AE7599D5 
 8337      9A
 8338 01d1 CDA6A3DE 		.ascii	"\315\246\243\336\244dF\235\327'\005\276\224\3009\201"
 8338      A464469D 
 8338      D72705BE 
 8338      94C03981 
 8339 01e1 775D56F0 		.ascii	"w]V\360\244l\314\203\016\305d';W\344\216A\177R\036\203"
 8339      A46CCC83 
 8339      0EC56427 
 8339      3B57E48E 
 8339      417F521E 
 8340 01f6 AEF54DC7 		.ascii	"\256\365M\307\343\033\322\216o8\035\337q9\276\027\341"
 8340      E31BD28E 
 8340      6F381DDF 
 8340      7139BE17 
 8340      E1
 8341 0207 F89EBBF1 		.ascii	"\370\236\273\361\315\310\306w\243\032\337r4\276\035"
 8341      CDC8C677 
 8341      A31ADF72 
 8341      34BE1D
 8342 0216 CDF87EC4 		.ascii	"\315\370~\304\310$\362<Q\031\337\212\002\307\241\007"
 8342      C824F23C 
 8342      5119DF8A 
 8342      02C7A107 
 8343 0226 57E62C68 		.ascii	"W\346,hg\314\014\030z\023+\3077\364\236\331q\350\275"
 8343      67CC0C18 
 8343      7A132BC7 
 8343      37F49ED9 
 8343      71E8BD
 8344 0239 CB1AD8CC 		.ascii	"\313\032\330\314\270\014\030:_\337\320\273\314\330\327"
 8344      B80C183A 
 8344      5FDFD0BB 
 8344      CCD8D7
 8345 0248 DED83847 		.ascii	"\336\3308G\325\177\230\261\324\222\016\231\243\352\\"
 8345      D57F98B1 
 8345      D4920E99 
 8345      A3EA5C
 8346 0257 2DBB9898 		.ascii	"-\273\230\230-\007T\036\2310I~\252o\255\214\222)\333"
 8346      2D07541E 
 8346      9930497E 
 8346      AA6FAD8C 
 8346      9229DB
 8347 026a 30A98EB6 		.ascii	"0\251\216\266\354T\000\251\031P\005\004\242\003\346"
 8347      EC5400A9 
 8347      19500504 
 8347      A203E6
 8348 0279 A73AD4CA 		.ascii	"\247:\324\312\013\226k\312\200\252\363.\223\352\273"
 8348      0B966BCA 
ARM GAS  C:\Users\nicx5\AppData\Local\Temp\ccq4ftZ0.s 			page 397


 8348      80AAF32E 
 8348      93EABB
 8349 0288 15A87A2F 		.ascii	"\025\250z/WF\340&%-\200\320[\314\253\275x\261\234\222"
 8349      5746E026 
 8349      252D80D0 
 8349      5BCCABBD 
 8349      78B19C92 
 8350 029c 01E069FB 		.ascii	"\001\340i\373\222%t^Sr\313\275\265\311\022z\017\256"
 8350      9225745E 
 8350      5372CBBD 
 8350      B5C9127A 
 8350      0FAE
 8351 02ae 2D2DF43E 		.ascii	"--\364>\255A\226\225\016\311A\011 \364_\313$\364\337"
 8351      AD419695 
 8351      0EC94109 
 8351      20F45FCB 
 8351      24F4DF
 8352 02c1 A5030ADD 		.ascii	"\245\003\012\335\303Z\356\301\221Y\206]\260\226}\315"
 8352      C35AEEC1 
 8352      9159865D 
 8352      B0967DCD 
 8353 02d1 B2D597BA 		.ascii	"\262\325\227\272\257\227\233V%nK\251\267$\267\245\262"
 8353      AF979B56 
 8353      256E4BA9 
 8353      B724B7A5 
 8353      B2
 8354 02e2 C398758B 		.ascii	"\303\230u\213\224\254$\246\220\262Ur\000@,\234\254\324"
 8354      94AC24A6 
 8354      90B25572 
 8354      00402C9C 
 8354      ACD4
 8355 02f4 596CE593 		.ascii	"Yl\345\223\215\0329Jv\251\363\231\353K\235\327\313\251"
 8355      8D1A394A 
 8355      76A9F399 
 8355      EB4B9DD7 
 8355      CBA9
 8356 0306 17593BF5 		.ascii	"\027Y;\365!,\027@\006'\323\265\274;\322d\314U\313dt"
 8356      212C1740 
 8356      0627D3B5 
 8356      BC3BD264 
 8356      CC55CB64 
 8357 031b 56738146 		.ascii	"Vs\201F/\302\304`t!-/U\361S\307gt!7H\313;En\232\370"
 8357      2FC2C460 
 8357      74212D2F 
 8357      55F153C7 
 8357      67742137 
 8358 0336 8C0E84F5 		.ascii	"\214\016\204\365\031\335\307\0124\272\026\353\324\362"
 8358      19DDC70A 
 8358      34BA16EB 
 8358      D4F2
 8359 0344 8CEE747B 		.ascii	"\214\356t{F?\2602\203\241\201\361\021`\364\037\313X"
 8359      463FB032 
 8359      83A181F1 
 8359      1160F41F 
 8359      CB58
 8360 0356 5F92E210 		.ascii	"_\222\342\020\030\235Ky\345@\257\014W\276cj\270\362"
 8360      189D4B79 
ARM GAS  C:\Users\nicx5\AppData\Local\Temp\ccq4ftZ0.s 			page 398


 8360      E540AF0C 
 8360      57BE636A 
 8360      B8F2
 8361 0368 20DBD4F2 		.ascii	" \333\324\362\271f%\016\013\321\312}J\036B\371\372r"
 8361      B966250E 
 8361      0BD1CA7D 
 8361      4A1E42F9 
 8361      FA72
 8362 037a C18A4EB5 		.ascii	"\301\212N\265\362\336ZU\305w\322\023'\304\010\276\324"
 8362      F2DE5A55 
 8362      C577D213 
 8362      27C408BE 
 8362      D4
 8363 038b AA11BA90 		.ascii	"\252\021\272\220Y\235\266\"\004\347\266\310_\222\342"
 8363      599DB622 
 8363      04E7B6C8 
 8363      5F92E2
 8364 039a CE8845E7 		.ascii	"\316\210E\347\265\275\334W\"\015\212\303\245en\221l"
 8364      B5BDDC57 
 8364      220D8AC3 
 8364      A5656E91 
 8364      6C
 8365 03ab 19F3159D 		.ascii	"\031\363\025\235\303\330\246\242\003\275\340\034\211"
 8365      C3D8A6A2 
 8365      03BDE01C 
 8365      89
 8366 03b8 CE63127D 		.ascii	"\316c\022}\327\022 :\267>\242\363\375\021\035H[\200"
 8366      D712203A 
 8366      B73EA2F3 
 8366      FD111D48 
 8366      5B80
 8367 03ca CABB985C 		.ascii	"\312\273\230\\\205\304\211\230\005\252\223\020\023%"
 8367      85C48998 
 8367      05AA9310 
 8367      1325
 8368 03d8 DC90CA79 		.ascii	"\334\220\312y\227\312\177jj\312{\\>\365$\302\362V@\312"
 8368      97CA7F6A 
 8368      6ACA7B5C 
 8368      3EF524C2 
 8368      F25640CA 
 8369 03ec 7D2DB791 		.ascii	"}-\267\221:.\206\206R\316[\331\201R\036d\006\200\243"
 8369      3A2E8686 
 8369      52CE5BD9 
 8369      81521E64 
 8369      0680A3
 8370 03ff A8312063 		.ascii	"\2501 cX\211dDd\2024Is\360\002\251\031Qs\021\200 \213"
 8370      58896444 
 8370      64823449 
 8370      73F002A9 
 8370      19517311 
 8371 0416 18422418 		.ascii	"\030B$\030\222\221\260\302\036@\370d\217\343\032e\017"
 8371      9291B0C2 
 8371      1E40F864 
 8371      8FE31A65 
 8371      0F
 8372 0427 45193943 		.ascii	"E\0319C{`\231\207\266\332\367[\310j\230V\260\221\201"
 8372      7B609987 
ARM GAS  C:\Users\nicx5\AppData\Local\Temp\ccq4ftZ0.s 			page 399


 8372      B6DAF75B 
 8372      C86A9856 
 8372      B09181
 8373 043a AF6E77D6 		.ascii	"\257nw\326]>dw$u\375x\353\241L@\0350\243\347\267\337"
 8373      5D3E6477 
 8373      2475FD78 
 8373      EBA14C40 
 8373      1D30A3E7 
 8374 0450 A3A122BF 		.ascii	"\243\241\"\277\246Eo\250\343&\337&y<\307\346\231\320"
 8374      A6456FA8 
 8374      E326DF26 
 8374      793CC7E6 
 8374      99D0
 8375 0462 8041866A 		.ascii	"\200A\206jJZ\311\355muz.\005.\252\342\251\012x\205\011"
 8375      4A5AC9ED 
 8375      6D757A2E 
 8375      052EAAE2 
 8375      A90A7885 
 8376 0477 47D21D95 		.ascii	"G\322\035\225\3155l\203\336\006\334\345\212\3229<W\216"
 8376      CD356C83 
 8376      DE06DCE5 
 8376      8AD2393C 
 8376      578E
 8377 0489 B96D082D 		.ascii	"\271m\010-\335\032\213=/\303\221Pyq\355\207p\372V=\315"
 8377      DD1A8B3D 
 8377      2FC39150 
 8377      7971ED87 
 8377      70FA563D 
 8378 049e 52510470 		.ascii	"RQ\004p\234\033\233\373a2\263\350\355\361M\004\231U"
 8378      9C1B9BFB 
 8378      6132B3E8 
 8378      EDF14D04 
 8378      9955
 8379 04b0 43A2368C 		.ascii	"C\2426\214\203\231\240\246\374/\314\347\371z\374\377"
 8379      8399A0A6 
 8379      FC2FCCE7 
 8379      F97AFCFF 
 8380 04c0 CFFBEF67 		.ascii	"\317\373\357g\317\262\242\321O\213\010\234\001\223`"
 8380      CFB2A2D1 
 8380      4F8B089C 
 8380      019360
 8381 04cf 2B02B4B4 		.ascii	"+\002\264\264\341xT\242\377[6\233\271D\203\253\375\303"
 8381      E17854A2 
 8381      FF5B369B 
 8381      B94483AB 
 8381      FDC3
 8382 04e1 BC5C3504 		.ascii	"\274\\5\004\254f\310\260%\277q\341\024K0\026t\326\221"
 8382      AC66C8B0 
 8382      25BF71E1 
 8382      144B3016 
 8382      74D691
 8383 04f4 7918D511 		.ascii	"y\030\325\021>\306\220bg\336E\347\343\244y}Y\256\265"
 8383      3EC69062 
 8383      67DE45E7 
 8383      E3A4797D 
 8383      59AEB5
 8384 0507 865EB3F4 		.ascii	"\206^\263\364\024\216E\352\361'\206m=\357X\254\357\\"
ARM GAS  C:\Users\nicx5\AppData\Local\Temp\ccq4ftZ0.s 			page 400


 8384      148E45EA 
 8384      F127866D 
 8384      3DEF58AC 
 8384      EF5C
 8385 0519 CBF0BD53 		.ascii	"\313\360\275S\327r\200\251\001"
 8385      D77280A9 
 8385      01
 8386              		.text
 8387              		.section	.gnu.lto_.refs.1f3e1af6,"e",%progbits
 8388 0000 28B52FFD 		.ascii	"(\265/\375 !\011\001\000\035\000\000\000\001\"\000#"
 8388      20210901 
 8388      001D0000 
 8388      00012200 
 8388      23
 8389 0011 AF030003 		.ascii	"\257\003\000\003+\002 <\000\002\034>\000\002!\300\000"
 8389      2B02203C 
 8389      00021C3E 
 8389      000221C0 
 8389      00
 8390 0022 00013300 		.ascii	"\000\0013\000#5\000\000"
 8390      23350000 
 8391              		.text
 8392              		.section	.gnu.lto_.decls.1f3e1af6,"e",%progbits
 8393 0000 28B52FFD 		.ascii	"(\265/\375`<Y\245I\001\372\007\376rQ \012Q;\215\001"
 8393      603C59A5 
 8393      4901FA07 
 8393      FE725120 
 8393      0A513B8D 
 8394 0015 54D05FD7 		.ascii	"T\320_\327\010N@W0h2\215[9\335S4\257 \004\000n\023\360"
 8394      084E4057 
 8394      3068328D 
 8394      5B39DD53 
 8394      34AF2004 
 8395 002d 47637014 		.ascii	"Gcp\024\341\353\324[4\351\273\010A#u\030\261>\337\367"
 8395      E1EBD45B 
 8395      34E9BB08 
 8395      41237518 
 8395      B13EDFF7 
 8396 0041 BD969329 		.ascii	"\275\226\223)c\"\017Yt\004\313zs:n\312+\256\315\235"
 8396      63220F59 
 8396      7404CB7A 
 8396      733A6ECA 
 8396      2BAECD9D 
 8397 0055 1B7F271E 		.ascii	"\033\177'\036\244\214{\313-e\012,\006\010\007l\007G"
 8397      A48C7BCB 
 8397      2D650A2C 
 8397      0608076C 
 8397      0747
 8398 0067 0A8141B5 		.ascii	"\012\201A\265\222nM\367\226\372\254\177zV\224\340\374"
 8398      926E4DF7 
 8398      96FAAC7F 
 8398      7A5694E0 
 8398      FC
 8399 0078 8B81BD8D 		.ascii	"\213\201\275\215\027\003{UO_\375\242\257f\321\227\336"
 8399      17037B55 
 8399      4F5FFDA2 
 8399      AF66D197 
ARM GAS  C:\Users\nicx5\AppData\Local\Temp\ccq4ftZ0.s 			page 401


 8399      DE
 8400 0089 21F66270 		.ascii	"!\366bp\233\023\012\330\310\2519a\003\262\201\365\303"
 8400      9B130AD8 
 8400      C8A93961 
 8400      03B281F5 
 8400      C3
 8401 009a 0D67DC84 		.ascii	"\015g\334\204\210\207\207\240b\035\316W\341\364\226"
 8401      888787A0 
 8401      621DCE57 
 8401      E1F496
 8402 00a9 BA6B1756 		.ascii	"\272k\027V&\272\267t\356\012\"\232\033\030\306\366c"
 8402      26BAB774 
 8402      EE0A229A 
 8402      1B18C6F6 
 8402      63
 8403 00ba 1F78083E 		.ascii	"\037x\010>\202\203`&\370\014\213\3415\\\206\2730\027"
 8403      82836026 
 8403      F80C8BE1 
 8403      355C86BB 
 8403      3017
 8404 00cc A6816F60 		.ascii	"\246\201o`\"8\015\343\300<0\020\014\305Kp\016\374\205"
 8404      22380DE3 
 8404      C03C3010 
 8404      0CC54B70 
 8404      0EFC85
 8405 00df C9F00FDC 		.ascii	"\311\360\017\334\003G\261\015l\206w\3401\354\205\321"
 8405      0347B10D 
 8405      6C8677E0 
 8405      31EC85D1 
 8406 00ef 700D2C04 		.ascii	"p\015,\004\203\341\"8\014\253a\0358\011F\202\215\334"
 8406      83E12238 
 8406      0CAB611D 
 8406      38094682 
 8406      8DDC
 8407 0101 372DBCF5 		.ascii	"7-\274\365\235\2757V\233;\015+\303W\030\353\253L\026"
 8407      9DBD3756 
 8407      9B3B0D2B 
 8407      C35718EB 
 8407      AB4C16
 8408 0114 99B86B25 		.ascii	"\231\270k%l\361\010\313\370\032#\247\361+Qo\017\357"
 8408      6CF108CB 
 8408      F81A23A7 
 8408      F12B516F 
 8408      0FEF
 8409 0126 C65DB930 		.ascii	"\306]\2710F\3068_\214_\260\325\227\341\034]\342\337"
 8409      46C6385F 
 8409      8C5FB0D5 
 8409      97E11C5D 
 8409      E2DF
 8410 0138 1928836C 		.ascii	"\031(\203l\256\335Ytoi\025<#N\231\313\027v\327\206\360"
 8410      AEDD5974 
 8410      6F69153C 
 8410      234E99CB 
 8410      1776D786 
 8411 014d DA859945 		.ascii	"\332\205\231E\367\226*\276\271v_s\242{K\373\374\242"
 8411      F7962ABE 
 8411      B9765F73 
ARM GAS  C:\Users\nicx5\AppData\Local\Temp\ccq4ftZ0.s 			page 402


 8411      A27B4BFB 
 8411      FCA2
 8412 015f 60C96278 		.ascii	"`\311bx\021\257\233\260\261\302\303\033\370\012\307"
 8412      11AF9BB0 
 8412      B1C2C31B 
 8412      F80AC7
 8413 016e F89A6EB9 		.ascii	"\370\232n\271\273vd\242{K\321\010\256\015\256\211\226"
 8413      BB7664A2 
 8413      7B4BD108 
 8413      AE0DAE89 
 8413      96
 8414 017f 3173A56F 		.ascii	"1s\245o\321\275\373\364\310x)4$CL\014\013\303\242\345"
 8414      D1BDFBF4 
 8414      C8782934 
 8414      24434C0C 
 8414      0BC3A2E5 
 8415 0193 4AA7D1BD 		.ascii	"J\247\321\275\373\276\340\375\205(g\316\342\037`X[\032"
 8415      FBBEE0FD 
 8415      852867CE 
 8415      E21F6058 
 8415      5B1A
 8416 01a5 354BA27B 		.ascii	"5K\242{o\305\305k\007\215\356-\345\202\0276\346B\371"
 8416      6FC5C56B 
 8416      078DEE2D 
 8416      E5821736 
 8416      E642F9
 8417 01b8 2F239C2B 		.ascii	"/#\234+\375\372\212\023\335\273\317\013Vr\303\3341\271"
 8417      FDFA8A13 
 8417      DDBBCF0B 
 8417      5672C3DC 
 8417      31B9
 8418 01ca 069686BD 		.ascii	"\006\226\206\275\361\300D\367\336\377\360_.X\311\355"
 8418      F1C044F7 
 8418      DEFFF05F 
 8418      2E58C9ED 
 8419 01da 72A541D1 		.ascii	"r\245A\321\260\275\027\263\306\032\320\345\225Dmq\357"
 8419      B0BD17B3 
 8419      C61AD0E5 
 8419      95446D71 
 8419      EF
 8420 01eb 3E0E1C38 		.ascii	">\016\0348\020q\270X\224\020ik@>\026\324=f\356\020{"
 8420      1071B858 
 8420      9410696B 
 8420      403E16D4 
 8420      3D66EE10 
 8421 0200 B59CD1C7 		.ascii	"\265\234\321\307f\364\361\236>\026\2435\236>\326\242"
 8421      66F4F19E 
 8421      3E16A335 
 8421      9E3ED6A2 
 8422 0210 8FADE863 		.ascii	"\217\255\350c\251&r\323\307lZ\203\021}\234\246\215v"
 8422      A92672D3 
 8422      C76C5A83 
 8422      117D9CA6 
 8422      8D76
 8423 0222 E863327D 		.ascii	"\350c2}\201\230>\366\322\032\\!\366\230\206>\266\322"
 8423      81983EF6 
 8423      D21A5C21 
ARM GAS  C:\Users\nicx5\AppData\Local\Temp\ccq4ftZ0.s 			page 403


 8423      F698863E 
 8423      B6D2
 8424 0234 972AEA5F 		.ascii	"\227*\352_C}:A\375\273?\375[F\337L\236\376\365\242/"
 8424      437D3A41 
 8424      FDBB3FFD 
 8424      5B46DF4C 
 8424      9EFEF5A2 
 8425 0249 88457F2A 		.ascii	"\210E\177*\247\177\245\372n7\375\313\246\357V\336\357"
 8425      A77FA5FA 
 8425      6E37FDCB 
 8425      A6EF56DE 
 8425      EF
 8426 025a 98FF7EB9 		.ascii	"\230\377~\271`\256]\226\356\215\265\367\256\300\366"
 8426      60AE5D96 
 8426      EE8DB5F7 
 8426      AEC0F6
 8427 0269 D03A7B82 		.ascii	"\320:{\202\363\025s\364\233w\241\015\324\303\265\004"
 8427      F31573F4 
 8427      9B77A10D 
 8427      D4C3B504 
 8428 0279 700C67D5 		.ascii	"p\014g\325\210\276\373\016\261AW\210\275P \372\367L"
 8428      88BEFB0E 
 8428      B1415788 
 8428      BD5020FA 
 8428      F74C
 8429 028b 5FB4312D 		.ascii	"_\2641-\005\212\020G\213\22758\377r\351+\344\012\261"
 8429      058A1047 
 8429      8B973538 
 8429      FF72E92B 
 8429      E40AB1
 8430 029e BF59FA77 		.ascii	"\277Y\372w\353\033\305\200\276\013}\333\256\020\373"
 8430      EB1BC580 
 8430      BE0B7DDB 
 8430      AE10FB
 8431 02ad A63E94BE 		.ascii	"\246>\224\276\322+\304^\272+\304\376\227\212\321\225"
 8431      D22BC45E 
 8431      BA2BC4FE 
 8431      978AD195 
 8432 02bd B3677535 		.ascii	"\263gu5\345W\272\203%\335\213{K%\260l\362\300\220\340"
 8432      E557BA83 
 8432      25DD8B7B 
 8432      4B25B06C 
 8432      F2C090E0 
 8433 02d1 7CDD6E94 		.ascii	"|\335n\224\373ft\341~\237\\(\2370c\357\305\275\315\000"
 8433      FB6674E1 
 8433      7E9F5C28 
 8433      9F3063EF 
 8433      C5BDCD00 
 8434 02e5 69BF2A53 		.ascii	"i\277*S8\234O\001\035a\203_)\177\300o\2078\326\277F"
 8434      389C4F01 
 8434      1D61835F 
 8434      297FC06F 
 8434      8738D6BF 
 8435 02fa 2C506363 		.ascii	",Pccc\3435b5\334!6_!\026\353\277Y\377\235\361\337-\365"
 8435      63E33562 
 8435      35DC2136 
 8435      5F2116EB 
ARM GAS  C:\Users\nicx5\AppData\Local\Temp\ccq4ftZ0.s 			page 404


 8435      BF59FF9D 
 8436 0312 82D719FD 		.ascii	"\202\327\031\375\227\202K\341\277\017\374\367\302\177"
 8436      97824BE1 
 8436      BF0FFCF7 
 8436      C27F
 8437 0320 852E87FF 		.ascii	"\205.\207\377J\360PA\221\017\014\322\034\340_\273\250"
 8437      4AF05041 
 8437      910F0CD2 
 8437      1CE05FBB 
 8437      A8
 8438 0331 157E3543 		.ascii	"\025~5C\325\177a\270\371\360u\242\177\375s\342u\011"
 8438      D57F61B8 
 8438      F9F075A2 
 8438      7FFD73E2 
 8438      7509
 8439 0343 EEF3AF18 		.ascii	"\356\363\257\030\3701\230z\201\222\325\351\277r\027"
 8439      F831987A 
 8439      8192D5E9 
 8439      BF7217
 8440 0352 0AA65EF0 		.ascii	"\012\246^\360\272\333\201\321\212\004\354\213\376\365"
 8440      BADB81D1 
 8440      8A04EC8B 
 8440      FEF5
 8441 0360 C55345CA 		.ascii	"\305SE\312\300\006\324'\240\205\177\315\362\337\016"
 8441      C006D427 
 8441      A0857FCD 
 8441      F2DF0E
 8442 036f 4F15E970 		.ascii	"O\025\351p\352Q\336\003\377\312\344\277\036\236*\322"
 8442      EA51DE03 
 8442      FFCAE4BF 
 8442      1E9E2AD2 
 8443 037f ED508467 		.ascii	"\355P\204gD\360\272/\030\376\265\310\177\275\272\250"
 8443      44F0BA2F 
 8443      18FEB5C8 
 8443      7FBDBAA8 
 8444 038f 89BDCEC7 		.ascii	"\211\275\316\307\177\007\360_\244\377b\370\357\204\377"
 8444      7F07F05F 
 8444      A4FF62F8 
 8444      EF84FF
 8445 039e F6FC7707 		.ascii	"\366\374w\007\223\370\357R\204\377J\360\343$\\\342p"
 8445      93F8EF52 
 8445      84FF4AF0 
 8445      E3245CE2 
 8445      70
 8446 03af 4D113F46 		.ascii	"M\021?F\376x\006>~\002W\001T\277\012\302\2576\177u\352"
 8446      FE78063E 
 8446      7E025701 
 8446      54BF0AC2 
 8446      AF367F75 
 8447 03c4 5759FCEA 		.ascii	"WY\374\352\362W\241~\265u\342\300n\203\177\345\361_"
 8447      F257A17E 
 8447      B575E2C0 
 8447      6E837FE5 
 8447      F15F
 8448 03d6 1A282C5C 		.ascii	"\032(,\\\001\374\027\350\277G\377%\032r\300\001\252"
 8448      01FC17E8 
 8448      BF47FF25 
ARM GAS  C:\Users\nicx5\AppData\Local\Temp\ccq4ftZ0.s 			page 405


 8448      1A72C001 
 8448      AA
 8449 03e7 F2C745B8 		.ascii	"\362\307E\270\302\217;\024@\210\002j\005~L\364\337 "
 8449      C28F3B14 
 8449      4088026A 
 8449      057E4CF4 
 8449      DF20
 8450 03f9 95E95793 		.ascii	"\225\351W\223\024\370\325\011\374j\004~L\341\307\030"
 8450      14F8D509 
 8450      FC6A047E 
 8450      4CE1C718 
 8451 0409 B23E810B 		.ascii	"\262>\201\013?^RU\374\352\322\257\226\030\2013\310\215"
 8451      3F5E5255 
 8451      FCEAD2AF 
 8451      96188133 
 8451      C88D
 8452 041b F8571A4E 		.ascii	"\370W\032N\232k\313#\021 \302\200\037/^)\306\265\031"
 8452      9A6BCB23 
 8452      1120C280 
 8452      1F2F5E29 
 8452      C6B519
 8453 042e 44B28AD4 		.ascii	"D\262\212\324\337\264\016!>\301\277R\375\327\202\020"
 8453      DFB40E21 
 8453      3EC1BF52 
 8453      FDD78210 
 8454 043e 18A87DE7 		.ascii	"\030\250}\347_Q\250\024\216\3775\374\357]\321\255\373"
 8454      5F51A814 
 8454      8EFF35FC 
 8454      EF5DD1AD 
 8454      FB
 8455 044f 314B98E1 		.ascii	"1K\230\341_\371\324 \021\377\265`\231\257\242\232\364"
 8455      5FF9D420 
 8455      11FFB560 
 8455      99AFA29A 
 8455      F4
 8456 0460 E37BA169 		.ascii	"\343{\241i\230\335\000\243\370\003\361\257s\377\245"
 8456      98DD00A3 
 8456      F803F1AF 
 8456      73FFA5
 8457 046f 712B6043 		.ascii	"q+`C\341_\365\242*\320`/\202\177u\373\257\224W\207\020"
 8457      E15FF5A2 
 8457      2AD0602F 
 8457      827F75FB 
 8457      AF945787 
 8458 0484 18F818FA 		.ascii	"\030\370\030\372\327\022\370I=\302n\324\017\267(J\003"
 8458      D712F849 
 8458      3DC26ED4 
 8458      0FB7284A 
 8458      03
 8459 0495 03BC6E47 		.ascii	"\003\274nG\000\376\325\000\207\0034S\011\020\226\200"
 8459      00FED500 
 8459      87033453 
 8459      09109680 
 8460 04a5 C1A07F0D 		.ascii	"\301\240\177\015c\325\341za1*\010\374\244\036\035\356"
 8460      63D5E17A 
 8460      61312A08 
 8460      FCA41E1D 
ARM GAS  C:\Users\nicx5\AppData\Local\Temp\ccq4ftZ0.s 			page 406


 8460      EE
 8461 04b6 2B011AFC 		.ascii	"+\001\032\374WMo\303\277:\261\321\341\277b\307\377:"
 8461      574D6FC3 
 8461      BF3AB1D1 
 8461      E1BF62C7 
 8461      FF3A
 8462 04c8 801F8B51 		.ascii	"\200\037\213QA\3748\307\177\305tp\371o\363\276\270\026"
 8462      41FC38C7 
 8462      7FC57470 
 8462      F96FF3BE 
 8462      B816
 8463 04da F8EFD37F 		.ascii	"\370\357\323\177\333\377:\375W\371_\252\377B\335\251"
 8463      DBFF3AFD 
 8463      57F95FAA 
 8463      FF42DDA9 
 8464 04ea FF2EFF0B 		.ascii	"\377.\377\013\302\217g\334\026\377u\361\337\347\177"
 8464      C28F67DC 
 8464      16FF75F1 
 8464      DFE77F
 8465 04f9 9DFF95FA 		.ascii	"\235\377\225\372/\363\277K\377e\361c7\037\376\313\003"
 8465      2FF3BF4B 
 8465      FF65F163 
 8465      371FFECB 
 8465      03
 8466 050a C67FB9FE 		.ascii	"\306\177\271\376{\201\037g`\356\251\"]\017\370I=\372"
 8466      7B811F67 
 8466      60EEA922 
 8466      5D0FF849 
 8466      3DFA
 8467 051c EFD77FBB 		.ascii	"\357\327\177\273\274~\014\246^\360_\032\252\207\377"
 8467      BC7E0CA6 
 8467      5EF05F1A 
 8467      AA87FF
 8468 052b 2A40EDA0 		.ascii	"*@\355\240N\360\037NL\307\377\343\277\006\316\020\322"
 8468      4EF01F4E 
 8468      4CC7FFE3 
 8468      BF06CE10 
 8468      D2
 8469 053c 02CA5A23 		.ascii	"\002\312Z#\304Xu\254Vu\003\215\031\200\203\001\305\020"
 8469      C45875AC 
 8469      5675038D 
 8469      19808301 
 8469      C510
 8470 054e 0E5F10FE 		.ascii	"\016_\020\376\327\303\331?\017\376\327\303\353\376\376"
 8470      D7C3D93F 
 8470      0FFED7C3 
 8470      EBFEFE
 8471 055d 5BD4E4FB 		.ascii	"[\324\344\373/\005Sz\377\225\300\"\314\177+,\273\374"
 8471      2F05537A 
 8471      FF95C022 
 8471      CC7F2B2C 
 8471      BBFC
 8472 056f 5708CAEE 		.ascii	"W\010\312\356\277E\027\203\327eQV\371o\004\327\3713"
 8472      BF451783 
 8472      D7655156 
 8472      F96F04D7 
 8472      F933
ARM GAS  C:\Users\nicx5\AppData\Local\Temp\ccq4ftZ0.s 			page 407


 8473 0581 DC7F896E 		.ascii	"\334\177\211n\010\351\305\340\372\317L~u\303\257B\360"
 8473      08E9C5E0 
 8473      FACF4C7E 
 8473      75C3AF42 
 8473      F0
 8474 0592 AB157E75 		.ascii	"\253\025~u\350W%\374*\317\257\376\307s~\034\347\307"
 8474      E85725FC 
 8474      2ACFAFFE 
 8474      C7737E1C 
 8474      E7C7
 8475 05a4 8C3F5EFC 		.ascii	"\214?^\374q\342\217\017\177\\\370c\302\037\263\371\361"
 8475      71E28F0F 
 8475      7F5CF863 
 8475      C21FB3F9 
 8475      F1
 8476 05b5 E08F057F 		.ascii	"\340\217\005\177\234\346\307\200?\376\373\361\336\217"
 8476      9CE6C780 
 8476      3FFEFBF1 
 8476      DE8F
 8477 05c3 F57E9CF7 		.ascii	"\365~\234\367\343/?\356\362c.?\266\373\361\334\217\345"
 8477      E32F3FEE 
 8477      F2632E3F 
 8477      B6FBF1DC 
 8477      8FE5
 8478 05d5 7E2CE5C7 		.ascii	"~,\345\307n?~\362c'?^\373\261\222\037\037\3711\221\037"
 8478      6E3F7EF2 
 8478      63273F5E 
 8478      FBB1921F 
 8478      1FF93191 
 8479 05ea ABFDD8C7 		.ascii	"\253\375\330\307\217w\374\330\306\217\303~<\343\307"
 8479      8F77FCD8 
 8479      C68FC37E 
 8479      3CE3C7
 8480 05f9 5A3FCEFA 		.ascii	"Z?\316\372q\214\037[\375x\003?\316\300\2171\360\343"
 8480      718C1F5B 
 8480      FD78033F 
 8480      CEC08F31 
 8480      F0E3
 8481 060b 107EFCE2 		.ascii	"\020~\374\342\307U?\006\341\307\315\037O\375\230\305"
 8481      C7553F06 
 8481      E1C7CD1F 
 8481      4FFD98C5 
 8482 061b 8F973F86 		.ascii	"\217\227?\206\372q\373c\345\217\223?~\300\217\225~L"
 8482      FA71FB63 
 8482      E58F933F 
 8482      7EC08F95 
 8482      7E4C
 8483 062d 801F63F8 		.ascii	"\200\037c\370\257\225\037\257?N\361\337 \377M\373o\330"
 8483      AF951FAF 
 8483      3F4EF1DF 
 8483      20FF4DFB 
 8483      6FD8
 8484 063f 7F43FC87 		.ascii	"\177C\374\207\3731\212\037/\3757\351\277\011\370/\301"
 8484      FB318A1F 
 8484      2FFD37E9 
 8484      BF09F82F 
 8484      C1
ARM GAS  C:\Users\nicx5\AppData\Local\Temp\ccq4ftZ0.s 			page 408


 8485 0650 FFBA1F2B 		.ascii	"\377\272\037+\340\277\005~\314\301\217\013\360\343\014"
 8485      E0BF057E 
 8485      CCC18F0B 
 8485      F0E30C
 8486 065f 3FD63FD6 		.ascii	"?\326?\326\3711\373_!\377U\373/\220\377\376\370\257"
 8486      F931FB5F 
 8486      21FF55FB 
 8486      2F90FFFE 
 8486      F8AF
 8487 0671 8FFF8AFD 		.ascii	"\217\377\212\3757\203\377b\360\177\312\177\351\177\247"
 8487      3783FF62 
 8487      F07FCA7F 
 8487      E97FA7
 8488 0680 FF61FE83 		.ascii	"\377a\376\203hlll\374%\344_\002\205_\003\012\001`[q"
 8488      686C6C6C 
 8488      FC25E45F 
 8488      02855F03 
 8488      0A01605B 
 8489 0695 68601236 		.ascii	"h`\0226\326\266\332XW=2\032\330\026\03140\035w\005\266"
 8489      D6B6DA58 
 8489      573D321A 
 8489      D8161934 
 8489      301D7705 
 8490 06aa 8595B6AF 		.ascii	"\205\225\266\257tJ\337U\333XhP3[\322\036\327J\272\327"
 8490      744ADF55 
 8490      DB586850 
 8490      335BD21E 
 8490      D74ABAD7 
 8491 06be F6DE4BAC 		.ascii	"\366\336K\254\356\336\332\321\275\267\244\033\311J\206"
 8491      EEDEDAD1 
 8491      BDB7A41B 
 8491      C94A86
 8492 06cd 14AC4D86 		.ascii	"\024\254M\206\364+\252\315+:c\357\315\356\275\367\222"
 8492      F42BAACD 
 8492      2B3A63EF 
 8492      CDEEBDF7 
 8492      92
 8493 06de B2A08DB5 		.ascii	"\262\240\215\265\255\244Q\2542\015{\257\305\330{m\373"
 8493      ADA451AC 
 8493      320D7BAF 
 8493      C5D87B6D 
 8493      FB
 8494 06ef 585DB41A 		.ascii	"X]\264\0322\366\336\333l\023\325\330\333j\357]\306Z"
 8494      32F6DEDB 
 8494      6C13D5D8 
 8494      DB6AEF5D 
 8494      C65A
 8495 0701 4937DADE 		.ascii	"I7\332\336\352A\245\306.+\253@\264l\267\305H#\332{["
 8495      EA41A5C6 
 8495      2E2BAB40 
 8495      B46CB7C5 
 8495      4823DA7B 
 8496 0716 6DC5A595 		.ascii	"m\305\245\225\251]5\326\320v\333&\273Vq[\306\356\302"
 8496      A95D35D6 
 8496      D076DB26 
 8496      BB56715B 
 8496      C6EEC2
ARM GAS  C:\Users\nicx5\AppData\Local\Temp\ccq4ftZ0.s 			page 409


 8497 0729 4ADB3ACE 		.ascii	"J\333:\316J\272\351\366\336\367\360G\372\346m\210T'"
 8497      4ABAE9F6 
 8497      DEF7F047 
 8497      FAE66D88 
 8497      5427
 8498 073b 2E4A97F4 		.ascii	".J\227\364\356\332\375\305\320\241\004\347\\w7\320\330"
 8498      EEDAFDC5 
 8498      D0A104E7 
 8498      5C7737D0 
 8498      D8
 8499 074c D8D81867 		.ascii	"\330\330\030g\357\253l\227\267<\327=\327\261\3104\260"
 8499      EFAB6C97 
 8499      B73CD73D 
 8499      D7B1C834 
 8499      B0
 8500 075d AD38B4BD 		.ascii	"\2558\264\275\257\356\335\000t\357\006\237!I\200\000"
 8500      AFEEDD00 
 8500      74EF069F 
 8500      21498000 
 8501 076d 61F39FB5 		.ascii	"a\363\237\265\250v9\013\226\225\011\0156\0368\347+>"
 8501      A876390B 
 8501      9695090D 
 8501      361E38E7 
 8501      2B3E
 8502 077f 4212EF10 		.ascii	"B\022\357\020q>\320\232\376\207(b\206S+YJ\0272S*\231"
 8502      713ED09A 
 8502      FE872862 
 8502      86532B59 
 8502      4A173253 
 8503 0795 2ECFE52A 		.ascii	".\317\345*9.\313\335\267l\345\277r\262\024N\354\354"
 8503      392ECBDD 
 8503      B76CE5BF 
 8503      72B2144E 
 8503      ECEC
 8504 07a7 4DAC0D2A 		.ascii	"M\254\015*\206g%O\371\300\257\357\251\220H\331O>\220"
 8504      8667254F 
 8504      F9C0AFEF 
 8504      A99048D9 
 8504      4F3E90
 8505 07ba 9ABE4064 		.ascii	"\232\276@d\372@4\364\201\260\364\177\022\365\237\335"
 8505      FA4034F4 
 8505      81B0F47F 
 8505      12F59FDD 
 8506 07ca A0607993 		.ascii	"\240`y\223\353\201"
 8506      EB81
 8507 07d0 737E9241 		.ascii	"s~\222A\015\267)\316\377\011\324\271H\231#\214\005\245"
 8507      0DB729CE 
 8507      FF09D4B9 
 8507      4899238C 
 8507      05A5
 8508 07e2 300D6FBA 		.ascii	"0\015o\272w_\033?/mr\217+\005\023\335\273o\020m\314"
 8508      775F1B3F 
 8508      2F6D728F 
 8508      2B0513DD 
 8508      BB6F106D 
 8509 07f7 74EFBE34 		.ascii	"t\357\2764ww\352\227\333\362\222\314$\037\311k\271I"
 8509      7777EA97 
ARM GAS  C:\Users\nicx5\AppData\Local\Temp\ccq4ftZ0.s 			page 410


 8509      DBF292CC 
 8509      241FC96B 
 8509      B949
 8510 0809 66CBD19C 		.ascii	"f\313\321\234$#\311N\262\221\373\226\225\374\370I&R"
 8510      2423C94E 
 8510      B291FB96 
 8510      95FCF849 
 8510      2652
 8511 081b A8E66E9A 		.ascii	"\250\346n\232}\\\251\037\235\337\3334+\271l\262\220"
 8511      7D5CA91F 
 8511      9DDFDB34 
 8511      2BB96CB2 
 8511      90
 8512 082c 24299DF6 		.ascii	"$)\235\366\213\022\035\274a\256\235\0063?\266\332g\306"
 8512      8B121DBC 
 8512      61AE9D06 
 8512      333FB6DA 
 8512      67C6
 8513 083e 4F4C5692 		.ascii	"OLV\222\207\\\251\237\011\277\266\265\266\305\275\373"
 8513      875CA99F 
 8513      09BFB6B5 
 8513      B6C5BDFB 
 8514 084e 78F4C6CC 		.ascii	"x\364\306\314X\025\345\377\360\351\365G\214\376\263"
 8514      5815E5FF 
 8514      F0E9F547 
 8514      8CFEB3
 8515 085d DAB3903F 		.ascii	"\332\263\220?\377\310@v\212\240m\351\3029\0079zV\273"
 8515      FFC84076 
 8515      8AA06DE9 
 8515      C2390739 
 8515      7A56BB
 8516 0870 12832310 		.ascii	"\022\203#\020g\236+\304b\012\356\364\177\346\364\177"
 8516      679E2BC4 
 8516      620AEEF4 
 8516      7FE6F47F 
 8517 0880 DEF47FD8 		.ascii	"\336\364\177\330\364\237y\3443\265F6#8\347\035@I\306"
 8517      F49F79E4 
 8517      33B54636 
 8517      2338E71D 
 8517      4049C6
 8518 0893 F41071FE 		.ascii	"\364\020q\376\017\017\375?\343\31072Y\326\221\313\362"
 8518      0F0FFD3F 
 8518      E3C83732 
 8518      59D691CB 
 8518      F2
 8519 08a4 58CE916D 		.ascii	"X\316\221m\334\267l\366g\260\034\366\245\306\265\353"
 8519      DCB76CF6 
 8519      67B01CF6 
 8519      A5C6B5EB 
 8520 08b4 FAC2FB0A 		.ascii	"\372\302\373\012\243\021\0266\015!\026f('\233e.\274"
 8520      A3111636 
 8520      0D211666 
 8520      28279B65 
 8520      2EBC
 8521 08c6 28D48B31 		.ascii	"(\324\2131\233e/\345\341\024\242\015eszL\310\377\331"
 8521      9B652FE5 
 8521      E114A20D 
ARM GAS  C:\Users\nicx5\AppData\Local\Temp\ccq4ftZ0.s 			page 411


 8521      65737A4C 
 8521      C8FFD9
 8522 08d9 D2D7CC1D 		.ascii	"\322\327\314\035b/\\!\366?[\337\007\216\276O\033}\237"
 8522      622F5C21 
 8522      F63F5BDF 
 8522      078EBE4F 
 8522      1B7D9F
 8523 08ec 3F7D1F30 		.ascii	"?}\0370\372>v\372>o\372\3173\3249\036-\3018_[Z>;\300"
 8523      FA3E76FA 
 8523      3E6FFACF 
 8523      33D4391E 
 8523      2DC1385F 
 8524 0905 0836E2FC 		.ascii	"\0106\342\374g\255,#\313\237\031\026\316V\020\327\220"
 8524      67AD2C23 
 8524      CB9F1916 
 8524      CE5610D7 
 8524      90
 8525 0916 A0C17990 		.ascii	"\240\301y\220n1\015v\273R\350t\357>4P\3247\263B-b\246"
 8525      6E310D76 
 8525      BB52E874 
 8525      EF3E3450 
 8525      D437B342 
 8526 092d 689AA84F 		.ascii	"h\232\250O\242\177IT&P\322L\211#\035\353#\242\"\011"
 8526      A27F4954 
 8526      2650D24C 
 8526      89231DEB 
 8526      23A22209 
 8527 0941 42E36DF0 		.ascii	"B\343m\360\012\242\272\305\313\364omm\252\210\343|0"
 8527      0AA2BAC5 
 8527      CBF46F6D 
 8527      6DAA88E3 
 8527      7C30
 8528 0953 08D7DA34 		.ascii	"\010\327\3324\213:G\246P\225\223\267\312\230\255r\014"
 8528      8B3A47A6 
 8528      509593B7 
 8528      CA98AD72 
 8528      0C
 8529 0964 15519D93 		.ascii	"\025Q\235\223\261\324\306\234\245\306Q\023\325\305|"
 8529      B1D4C69C 
 8529      A5C65113 
 8529      D5C57C
 8530 0973 A5C2510F 		.ascii	"\245\302Q\017UC\325\215\372\346\276\251\2128\356j\033"
 8530      5543D58D 
 8530      FAE6BEA9 
 8530      8A38EE6A 
 8530      1B
 8531 0984 95B00D16 		.ascii	"\225\260\015\026uNMU\304XT6X\332\340\310\324\272(*\227"
 8531      754E4D55 
 8531      C4585436 
 8531      58DAE0C8 
 8531      D4BA282A 
 8532 0999 3B45AE28 		.ascii	";E\256(}\212\352\364\332e\301\233FX\343\304\207\025"
 8532      7D8AEAF4 
 8532      DA65C19B 
 8532      4658E3C4 
 8532      8715
 8533 09ab 877C1F1F 		.ascii	"\207|\037\037ZGz\207\330/^!V]\323At\007\301\371>b\372"
ARM GAS  C:\Users\nicx5\AppData\Local\Temp\ccq4ftZ0.s 			page 412


 8533      5A477A87 
 8533      D82F5E21 
 8533      565DD341 
 8533      7407C1F9 
 8534 09c2 170A9835 		.ascii	"\027\012\2305=C\305.\214^\274\310\011#\243\214\314\030"
 8534      3D43C52E 
 8534      8C5EBCC8 
 8534      0923A38C 
 8534      CC18
 8535 09d4 C5323212 		.ascii	"\30522\022\277@\311\233\003\250\246Q\005\3253\352\240"
 8535      BF40C99B 
 8535      03A8A651 
 8535      05D533EA 
 8535      A0
 8536 09e5 1AA8F2A9 		.ascii	"\032\250\362\251\177\252\031U\215\212F\355\273o\252"
 8536      7FAA1955 
 8536      8D8A46ED 
 8536      BB6FAA
 8537 09f4 DF7F1155 		.ascii	"\337\177\021U\274=/c\026\375T1\327.IJ\267c\364U\300"
 8537      BC3D2F63 
 8537      16FD5431 
 8537      D72E494A 
 8537      B763F455 
 8538 0a09 AFCA16C4 		.ascii	"\257\312\026\304\305\275\245>r\204p\371Q\224\337\303"
 8538      C5BDA53E 
 8538      728470F9 
 8538      5194DFC3 
 8539 0a19 45BFE78A 		.ascii	"E\277\347\212~\017\234~O\023\375\036$\372=e\372=3\364"
 8539      7E0F9C7E 
 8539      4F13FD1E 
 8539      24FA3D65 
 8539      FA3D33F4 
 8540 0a2d 7BB0F423 		.ascii	"{\260\364#\300\321\217`\250\037\341\214~\004=\255\356"
 8540      C0D18F60 
 8540      A81FE18C 
 8540      7E043DAD 
 8540      EE
 8541 0a3e 3BC4AA77 		.ascii	";\304\252wf||\312\300\301\012\203\363#XQ\355\214\356"
 8541      667C7CCA 
 8541      C0C10A83 
 8541      F3235851 
 8541      ED8CEE
 8542 0a51 10FB0870 		.ascii	"\020\373\010p\372\021\220\350G\310\241\037A\206>\017"
 8542      FA1190E8 
 8542      47C8A11F 
 8542      41863E0F 
 8543 0a61 A13ECFDE 		.ascii	"\241>\317\336\234\025\2630;\202T\271j\345W\343T\271"
 8543      9C15B330 
 8543      3B8254B9 
 8543      6AE557E3 
 8543      54B9
 8544 0a73 AF31DA1B 		.ascii	"\2571\332\033q\357}\241\007K1P\017\347\240;\304\342"
 8544      71EF7DA1 
 8544      074B3150 
 8544      0FE7A03B 
 8544      C4E2
 8545 0a85 2BC4FE50 		.ascii	"+\304\376P\245\362\177\347'\0124\213!\025,\267\365\004"
ARM GAS  C:\Users\nicx5\AppData\Local\Temp\ccq4ftZ0.s 			page 413


 8545      A5F27FE7 
 8545      270A348B 
 8545      21152CB7 
 8545      F504
 8546 0a97 B7E07C9E 		.ascii	"\267\340|\236,\372<O\364y\216\274I\301l\203]m\334\324"
 8546      2CFA3C4F 
 8546      F4798EBC 
 8546      49C16C83 
 8546      5D6DDCD4 
 8547 0aab 28118414 		.ascii	"(\021\204\0241\014\203\363yn\270\361l=i\343\011{\302"
 8547      310C83F3 
 8547      796EB8F1 
 8547      6C3D69E3 
 8547      097BC2
 8548 0abe 87C7A63A 		.ascii	"\207\307\246:\351\031C\307\3106\310\026F\177\007\216"
 8548      E91943C7 
 8548      C836C816 
 8548      467F078E 
 8549 0ace C91216BA 		.ascii	"\311\022\026\272\307|DU%?\212W\322f\340\374\035 \321"
 8549      C77C4455 
 8549      253F8A57 
 8549      D266E0FC 
 8549      1D20D1
 8550 0ae1 9D3124EA 		.ascii	"\2351$\352\021\035&^z\330\300Y5\342C\026\247\245\014"
 8550      111D265E 
 8550      7AD8C059 
 8550      35E24316 
 8550      A7A50C
 8551 0af4 E76B44AD 		.ascii	"\347kD\255\026\321{\372W\207|0wq+\323S\205\250j?\206"
 8551      16D17BFA 
 8551      57877C30 
 8551      77712BD3 
 8551      5385A86A 
 8552 0b0a 43AE8091 		.ascii	"C\256\200\221\352\354#D~\004\321\002DZ\307\325\205\363"
 8552      EAEC2344 
 8552      7E04D102 
 8552      445AC7D5 
 8552      85F3
 8553 0b1c AFFEF0C1 		.ascii	"\257\376\360\301\303\005\006w\003g5\355\007*e\216\016"
 8553      C3050677 
 8553      036735ED 
 8553      072A658E 
 8553      0E
 8554 0b2d 9CAFB168 		.ascii	"\234\257\261h21\262\033bf:\256\364\253Kt\212\343\332"
 8554      3231B21B 
 8554      62663AAE 
 8554      F4AB4B74 
 8554      8AE3DA
 8555 0b40 7589954D 		.ascii	"u\211\225MU3\325\306\225\002u9[k[Ty\250;T4\365L\355"
 8555      5533D5C6 
 8555      95027539 
 8555      5B6B5B54 
 8555      79A83B54 
 8556 0b58 71DF54B3 		.ascii	"q\337T\263_\315\241\226\021\2619\000\015\323z\362\265"
 8556      5FCDA196 
 8556      11B13900 
 8556      0DD37AF2 
ARM GAS  C:\Users\nicx5\AppData\Local\Temp\ccq4ftZ0.s 			page 414


 8556      B5
 8557 0b69 9CBE6877 		.ascii	"\234\276hw\210\245p\205\330\353)\372\272M_\257\351\353"
 8557      88A57085 
 8557      D8EB29FA 
 8557      BA4D5FAF 
 8557      E9EB
 8558 0b7b A8FED531 		.ascii	"\250\376\3251U\014\023i\342\245\205\263\032\206\363"
 8558      550C1369 
 8558      E2A585B3 
 8558      1A86F3
 8559 0b8a B4BAA4C1 		.ascii	"\264\272\244\301\371\372LW\301te\214Gqp#\220\262\304"
 8559      F9FA4C57 
 8559      C174658C 
 8559      47717023 
 8559      90B2C4
 8560 0b9d E913371D 		.ascii	"\351\0237\035P\265\013K\301T\312\342\250\\\352\227Z"
 8560      50B50B4B 
 8560      C154CAE2 
 8560      A85CEA97 
 8560      5A
 8561 0bae 43F552C1 		.ascii	"C\365R\301T\032*\364\276\251]\277\272U\2534]8\312\225"
 8561      541A2AF4 
 8561      BEA95DBF 
 8561      BA55AB34 
 8561      5D38CA95 
 8562 0bc2 96CD89EE 		.ascii	"\226\315\211\356\335\247va,\030\316\230\305(~r\265K"
 8562      DDA77661 
 8562      2C18CE98 
 8562      C5287E72 
 8562      B54B
 8563 0bd4 BD5267FC 		.ascii	"\275Rg\374\320\013\233\356\2759\374,F\2714\011\312\352"
 8563      D00B9BEE 
 8563      BD39FC2C 
 8563      46B93409 
 8563      CAEA
 8564 0be6 D65A036D 		.ascii	"\326Z\003m\252\004\347\353\030\372\277\232\245\312\270"
 8564      AA04E7EB 
 8564      18FABF9A 
 8564      A5CAB8
 8565 0bf5 6FAAD68F 		.ascii	"o\252\326\217\2570\224\0307\022U-\025\353\006\021\007"
 8565      AF309418 
 8565      3712552D 
 8565      15EB0611 
 8565      07
 8566 0c06 0E3CD13A 		.ascii	"\016<\321:\306\032l\276N\242\276N\032}\235<\315\242"
 8566      C61A6CBE 
 8566      4EA2BE4E 
 8566      1A7D9D3C 
 8566      CDA2
 8567 0c18 DD21F667 		.ascii	"\335!\366g\256P\343\034\255\206pp\0167Q\315\350h\214"
 8567      AE50E31C 
 8567      AD867070 
 8567      0E3751CD 
 8567      E8688C
 8568 0c2b E22CE7D7 		.ascii	"\342,\347\327KI\226\036\316\327\271\323\230qgLKm\014"
 8568      4B49961E 
 8568      CED7B9D3 
ARM GAS  C:\Users\nicx5\AppData\Local\Temp\ccq4ftZ0.s 			page 415


 8568      9871674C 
 8568      4B6D0C
 8569 0c3e E7EB4835 		.ascii	"\347\353H5\031\031\213c\360\030\273p-\"\3426x\020\263"
 8569      19198B63 
 8569      F018BB70 
 8569      2D22E236 
 8569      7810B3
 8570 0c51 C16A7021 		.ascii	"\301jp!V\304n\360!\236bBl\210\323\340E\274\006\277\271"
 8570      56C46EF0 
 8570      219E6242 
 8570      6C88D3E0 
 8570      45BC06BF 
 8571 0c66 6F38F1BF 		.ascii	"o8\361\277\203\370\212\034/\323\351\336\322\302D\274"
 8571      83F88A1C 
 8571      2FD3E9DE 
 8571      D2C244BC 
 8572 0c76 8705B18C 		.ascii	"\207\005\261\214+\264\273\243\216m*\347\213\227/b\346"
 8572      2BB4BBA3 
 8572      8E6D2AE7 
 8572      8B972F62 
 8572      E6
 8573 0c87 16A78C78 		.ascii	"\026\247\214x\327\216FXto)\230k\207e\\\241e\360\342"
 8573      D78E4658 
 8573      746F2998 
 8573      6B87655C 
 8573      A165F0E2 
 8574 0c9b 6A0BF1DF 		.ascii	"j\013\361\337/ap]\256a\245a{qE\243{K\221B\340D\234\005"
 8574      2F61705D 
 8574      AE61A561 
 8574      7B7145A3 
 8574      7B4B9142 
 8575 0cb3 D76119DB 		.ascii	"\327a\031\333\314\005\033ug\323;\304#=\2553D;\2572."
 8575      CC051B75 
 8575      67D33BC4 
 8575      233DAD33 
 8575      443BAF32 
 8576 0cc8 34CA1271 		.ascii	"4\312\022q\236\226aT\317\311\221\333\002\200\214\003"
 8576      9E966154 
 8576      CFC991DB 
 8576      02808C03 
 8577 0cd8 7B66A869 		.ascii	"{f\250i\343\004\347\353\010\321e\030\243{K\373d@/\024"
 8577      E304E7EB 
 8577      08D16518 
 8577      A37B4BFB 
 8577      64402F14 
 8578 0cec BE6BA7C9 		.ascii	"\276k\247\311&\354\375\006\361\307\200\030\015>\203"
 8578      26ECFD06 
 8578      F1C78018 
 8578      0D3E83
 8579 0cfb FDEE1BFE 		.ascii	"\375\356\033\376\373\303f\256]\256\201%\335g?e}\204"
 8579      FBC366AE 
 8579      5DAE8125 
 8579      DD673F65 
 8579      7D84
 8580 0d0d 4216F796 		.ascii	"B\026\367\226\356\374@\023\006\221'\237%\243\317\202"
 8580      EEFC4013 
 8580      0691279F 
ARM GAS  C:\Users\nicx5\AppData\Local\Temp\ccq4ftZ0.s 			page 416


 8580      25A3CF82 
 8581 0d1d D167E9F4 		.ascii	"\321g\351\364Y(\372\354\021}\366L\237\025\323ge\350"
 8581      5928FAEC 
 8581      117DF64C 
 8581      9F15D367 
 8581      65E8
 8582 0d2f AF6FF457 		.ascii	"\257o\364WA\375\365\213\376*\247\277&\321_u\350\257"
 8582      41FDF58B 
 8582      FE2AA7BF 
 8582      26D15F75 
 8582      E8AF
 8583 0d41 5CFAD98D 		.ascii	"\\\372\331\215~&\243\237\275\350\3479-x\213O\037W \033"
 8583      7E26A39F 
 8583      BDE8E739 
 8583      2D788B4F 
 8583      1F57201B 
 8584 0d55 9C9F9D68 		.ascii	"\234\237\235h\311A\364s\017\235\217\351\360\234\331"
 8584      C941F473 
 8584      0F9D8FE9 
 8584      F09CD9
 8585 0d64 102E5670 		.ascii	"\020.Vp\266\242o\024^\351\303\371\371K\377\277oX\016"
 8585      B6A26F14 
 8585      5EE9C3F9 
 8585      F94BFFBF 
 8585      6F580E
 8586 0d77 C7FDBFBA 		.ascii	"\307\375\277\2727Q\217\327\236!\020\234\257\302\321"
 8586      37518FD7 
 8586      9E21109C 
 8586      AFC2D1
 8587 0d86 57A7780A 		.ascii	"W\247x\012\326\262\344\012\031\234\257\232\321\370\015"
 8587      D6B2E40A 
 8587      199CAF9A 
 8587      D1F80D
 8588 0d95 C3DD372C 		.ascii	"\303\3357,}P\272\3049j][~Up~\0068\372g\233\254y>B\320"
 8588      7D50BAC4 
 8588      396A5D5B 
 8588      7E55707E 
 8588      0638FA67 
 8589 0daf 902DAEAD 		.ascii	"\220-\256\255\211g\334x\211a\222\335\220\351\221\005"
 8589      8967DC78 
 8589      896192DD 
 8589      90E99105 
 8590 0dbf B724030E 		.ascii	"\267$\003\016\306\001\243\241d\015\333\371\"\306\015"
 8590      C601A3A1 
 8590      640DDBF9 
 8590      22C60D
 8591 0dce 07CE6C12 		.ascii	"\007\316l\022\314\"a\243g\223\260G\216\024\342D[{\272"
 8591      CC2261A3 
 8591      6793B047 
 8591      8E14E244 
 8591      5B7BBA
 8592 0de1 B7944D92 		.ascii	"\267\224M\222\177\356\335\240\326\330\"\227\310\346"
 8592      7FEEDDA0 
 8592      D6D82297 
 8592      C8E6
 8593 0def 6770A329 		.ascii	"gp\243)\270R\2045\302\026\221\016\216E3\344i\244#\254"
 8593      B8528435 
ARM GAS  C:\Users\nicx5\AppData\Local\Temp\ccq4ftZ0.s 			page 417


 8593      C216910E 
 8593      8E4533E4 
 8593      69A423AC 
 8594 0e03 0F9608EB 		.ascii	"\017\226\010\353\203\035\362\011W\024\034\262B\316\016"
 8594      831DF209 
 8594      57141CB2 
 8594      42CE0E
 8595 0e12 59EC41A3 		.ascii	"Y\354A\243\014g\366\007\253\366\177g=\003\206M\0305"
 8595      0C67F607 
 8595      ABF67F67 
 8595      3D03864D 
 8595      1835
 8596 0e24 36081913 		.ascii	"6\010\031\023?F5m\307\010\025(\031\013$C\025M$\243G"
 8596      3F46356D 
 8596      C7081528 
 8596      190B2443 
 8596      154D24A3 
 8597 0e39 8F35D108 		.ascii	"\2175\321\010-F\237\006\240\250\235Al{\323\032r\207"
 8597      2D469F06 
 8597      A0A89D41 
 8597      6C7BD31A 
 8597      7287
 8598 0e4b F331BCD1 		.ascii	"\3631\274\321\025\326\344\310\301\362\300T\366\031\002"
 8598      15D6E4C8 
 8598      C1F2C054 
 8598      F61902
 8599 0e5a E002C9A0 		.ascii	"\340\002\311\240\265\255A\000\243D\331\263\263<\350"
 8599      B5AD4100 
 8599      A344D9B3 
 8599      B33CE8
 8600 0e69 D6BAE2E0 		.ascii	"\326\272\342\340\374Cv\307\377\035\266L\314\236\033"
 8600      FC4376C7 
 8600      FF1DB64C 
 8600      CC9E1B
 8601 0e78 CE6C19AB 		.ascii	"\316l\031\253\343\276M\300\232\275\007M\311\336q\366"
 8601      E3BE4DC0 
 8601      9ABD074D 
 8601      C9DE71F6 
 8602 0e88 96025590 		.ascii	"\226\002U\220\230\305\005\347cp\242\177'`7p'`\217\301"
 8602      98C505E7 
 8602      6370A27F 
 8602      27603770 
 8602      27608FC1 
 8603 0e9c 4C5BD863 		.ascii	"L[\330cq\2608\336\254\004\376\000\312\362U\004\310\227"
 8603      71B038DE 
 8603      AC04FE00 
 8603      CAF25504 
 8603      C897
 8604 0eae B6C02526 		.ascii	"\266\300%&\306\3320\012\262*,\362\026\305[\260\264\201"
 8604      C6DA300A 
 8604      B22A2CF2 
 8604      16C55BB0 
 8604      B481
 8605 0ec0 1B3B6BE3 		.ascii	"\033;k\343'\016\216nc\260\322\026~\2605\330\032,X\221"
 8605      270E8E6E 
 8605      63B0D216 
 8605      7EB035D8 
ARM GAS  C:\Users\nicx5\AppData\Local\Temp\ccq4ftZ0.s 			page 418


 8605      1A2C5891 
 8606 0ed4 212755B6 		.ascii	"!'U\266 \352\020\016\006&a\241g\301|\370\274b\364\300"
 8606      20EA100E 
 8606      062661A1 
 8606      67C17CF8 
 8606      BC62F4C0 
 8607 0ee8 99FDC274 		.ascii	"\231\375\302tX\015\210\330\014\234Y/\266\353\302T\377"
 8607      580D88D8 
 8607      0C9C592F 
 8607      B6EBC254 
 8607      FF
 8608 0ef9 3F7B7576 		.ascii	"?{uv\353\212\345\322\320\275c\244\220j\321\355-3\243"
 8608      EB8AE5D2 
 8608      D0BD63A4 
 8608      906AD1ED 
 8608      2D33A3
 8609 0f0c 1E1B7182 		.ascii	"\036\033q\202\354\214\263\\/\263\223\306\020\356\010"
 8609      EC8CB35C 
 8609      2FB393C6 
 8609      10EE08
 8610 0f1b CE3FFCDE 		.ascii	"\316?\374\336\377\235\245\225\030m8\2632\316j\375;:"
 8610      FF9DA595 
 8610      186D38B3 
 8610      32CE6AFD 
 8610      3B3A
 8611 0f2d 81807A54 		.ascii	"\201\200zTp\376\005A\315b\235\315\372wV\035b\203k8\377"
 8611      70FE0541 
 8611      CD629DCD 
 8611      FA77561D 
 8611      62836B38 
 8612 0f42 C29FFED9 		.ascii	"\302\237\376\331\030\377N\217\0202e\014q\376\205=\375"
 8612      18FF4E8F 
 8612      1032650C 
 8612      71FE853D 
 8612      FD
 8613 0f53 0B769A08 		.ascii	"\013v\232\010\221\335\354\236\263\236\301\321\240K\242"
 8613      91DDEC9E 
 8613      B39EC1D1 
 8613      A04BA2
 8614 0f62 89CACC99 		.ascii	"\211\312\314\231\223\350\223\025\347\307\207\363/\324"
 8614      93E89315 
 8614      E7C787F3 
 8614      2FD4
 8615 0f70 D0447471 		.ascii	"\320Dtq\3420Fwl\214\341\"\006\347? \250\211\2260\236"
 8615      E2304677 
 8615      6C8CE122 
 8615      06E73F20 
 8615      A8899630 
 8616 0f85 710D330A 		.ascii	"q\0153\012\262*d\022'\312\3620S\244\202\363\037\210"
 8616      B22A6412 
 8616      27CAF230 
 8616      53A482F3 
 8616      1F88
 8617 0f97 D3443716 		.ascii	"\323D7\026\027\327\260'\016"
 8617      17D7B027 
 8617      0E
 8618 0fa0 C0C9405C 		.ascii	"\300\311@\\#=3\013\202\363\213\376\264\205-\033\374"
ARM GAS  C:\Users\nicx5\AppData\Local\Temp\ccq4ftZ0.s 			page 419


 8618      233D330B 
 8618      82F38BFE 
 8618      B4852D1B 
 8618      FC
 8619 0fb1 5FDDB859 		.ascii	"_\335\270Y\023\277b\355(e\024\240\240\011\374\261\270"
 8619      13BF62ED 
 8619      286514A0 
 8619      A009FCB1 
 8619      B8
 8620 0fc2 3799D165 		.ascii	"7\231\321e\034b\330\370\303\257\211\\Mzp\301\371E@t"
 8620      1C62D8F8 
 8620      C3AF895C 
 8620      4D7A70C1 
 8620      F9454074 
 8621 0fd6 04898787 		.ascii	"\004\211\207\207k\236\2151e\246f{m\220\340\374\"2m\201"
 8621      6B9E8D31 
 8621      65A6667B 
 8621      6D90E0FC 
 8621      22326D81 
 8622 0fea 4D61E11A 		.ascii	"Ma\341\032\24686]\177\260\271\373\302\371EVz\203\037"
 8622      A638365D 
 8622      7FB0B9FB 
 8622      C2F94556 
 8622      7A831F
 8623 0ffd 21211230 		.ascii	"!!\0220zL^\226\220\251\006\300 \0336\206il<eD\322\014"
 8623      7A4C5E96 
 8623      90A906C0 
 8623      201B3686 
 8623      696C3C65 
 8624 1014 CDE80190 		.ascii	"\315\350\001\220\015\016\302E\321QT\214#\202\363-t\321"
 8624      0D0EC245 
 8624      D151548C 
 8624      2382F32D 
 8624      74D1
 8625 1026 0F5CD304 		.ascii	"\017\\\323\004\256y={\257[\032\005\272\311\240F\021"
 8625      AE793D7B 
 8625      AF5B1A05 
 8625      BAC9A046 
 8625      11
 8626 1037 D009AE69 		.ascii	"\320\011\256i\004\241\323\3045\302\036F\2428\337B\234"
 8626      04A1D3C4 
 8626      35C21E46 
 8626      A238DF42 
 8626      9C
 8627 1048 BE0524FA 		.ascii	"\276\005$\372\001\033\200\200\207\203k\021\262\370i"
 8627      011B8080 
 8627      87836B11 
 8627      B2F869
 8628 1057 99C1F916 		.ascii	"\231\301\371\026\3224\000\240||\353\237a\020(P\2158"
 8628      D23400A0 
 8628      7C7CEB9F 
 8628      61102850 
 8628      8D38
 8629 1069 C11D7E5F 		.ascii	"\301\035~_\377t\240|\231\261\210\363\332\267B\033\265"
 8629      FF74A07C 
 8629      99B188F3 
 8629      DAB7421B 
ARM GAS  C:\Users\nicx5\AppData\Local\Temp\ccq4ftZ0.s 			page 420


 8629      B5
 8630 107a 403182F3 		.ascii	"@1\202\363j&\337\351\032fef\026\240:\0009\366\366\326"
 8630      6A26DFE9 
 8630      1A666566 
 8630      16A03A00 
 8630      39F6F6D6 
 8631 108e BCC2C4C5 		.ascii	"\274\302\304\305\237\303,g\270\340|\242F=\000+zzk\236"
 8631      9FC32C67 
 8631      B8E07CA2 
 8631      463D002B 
 8631      7A7A6B9E 
 8632 10a2 933149EC 		.ascii	"\2231I\354\374~\340|\242B\375\300]\2300k\036\232\304"
 8632      FC7EE07C 
 8632      A242FDC0 
 8632      5D98306B 
 8632      1E9AC4
 8633 10b5 68FE7105 		.ascii	"h\376q\005\013\207\230\257y^\336\322\262\210\320\350"
 8633      0B8798AF 
 8633      795EDED2 
 8633      B288D0E8 
 8634 10c5 0B5D5FBE 		.ascii	"\013]_\276\350\275\215\231\002\251Y\033\362\206\363"
 8634      E8BD8D99 
 8634      02A9591B 
 8634      F286F3
 8635 10d4 89BA680C 		.ascii	"\211\272h\0143\272tY\325\334\312\\\261\034]\206\340"
 8635      33BA7459 
 8635      D5DCCA5C 
 8635      B11C5D86 
 8635      E0
 8636 10e5 7C222A1A 		.ascii	"|\"*\032\003\021.\\\272\270-\001\202k\243\263\202\363"
 8636      03112E5C 
 8636      BAB82D01 
 8636      826BA3B3 
 8636      82F3
 8637 10f7 8994680C 		.ascii	"\211\224h\014Y\326+\353\225\325\356AE@\300\001\326\011"
 8637      59D62BEB 
 8637      95D5EE41 
 8637      4540C001 
 8637      D609
 8638 1109 2EF274C9 		.ascii	".\362t\311\372*\254\373j\267\272!\004L\304y\335\222"
 8638      FA2AACFB 
 8638      6AB7BA21 
 8638      044CC479 
 8638      DD92
 8639 111b CFF06052 		.ascii	"\317\360`RF\313O\326\325\232\237\226,?:\364\344\356"
 8639      46CB4FD6 
 8639      D59A9F96 
 8639      2C3F3AF4 
 8639      E4EE
 8640 112d B0E42B6B 		.ascii	"\260\344+k4\214\331\031\026\242\034\3726\331\340\353"
 8640      348CD919 
 8640      16A21CFA 
 8640      36D9E0EB 
 8641 113d DCDB3A77 		.ascii	"\334\333:w\3552\225}F\241\014\0209k\026\367\026\323"
 8641      ED32957D 
 8641      46A10C10 
 8641      396B16F7 
ARM GAS  C:\Users\nicx5\AppData\Local\Temp\ccq4ftZ0.s 			page 421


 8641      16D3
 8642 114f 21E3EDC5 		.ascii	"!\343\355\305\361\303\371\025\262\350\014R8\270Un\214"
 8642      F1C3F915 
 8642      B2E80C52 
 8642      38B8556E 
 8642      8C
 8643 1160 E10D3CE8 		.ascii	"\341\015<\350E\313/\356\253\034n\342\206\257\015\347"
 8643      45CB2FEE 
 8643      AB1C6EE2 
 8643      86AF0DE7 
 8644 1170 B5CA0AC5 		.ascii	"\265\312\012\305\023dS\204J\004=\250\026\020*S|\230"
 8644      13645384 
 8644      4A043DA8 
 8644      16102A53 
 8644      7C98
 8645 1182 600DCAC8 		.ascii	"`\015\312\310;\200f\274\201\311Z\245Mt\021\016)R\022"
 8645      3B8066BC 
 8645      81C95AA5 
 8645      4D74110E 
 8645      295212
 8646 1195 A3D1307D 		.ascii	"\243\3210}j\002q~\005!\272hpu[\335V%w\023F\243\233\214"
 8646      6A02717E 
 8646      0521BA68 
 8646      70755BDD 
 8646      56257713 
 8647 11ad CC28FB50 		.ascii	"\314(\373P\342\367\207\363+\220i\015lO\236\254aK\230"
 8647      E2F787F3 
 8647      2B90690D 
 8647      6C4F9EAC 
 8647      614B98
 8648 11c0 18EA2331 		.ascii	"\030\352#1\304\360\341\374\012Y\032\002*l_\235\260\265"
 8648      C4F0E1FC 
 8648      0A591A02 
 8648      2A6C5F9D 
 8648      B0B5
 8649 11d2 19A3D3D6 		.ascii	"\031\243\323\326F\007\034\241\206\200\217\311\3275&"
 8649      46071CA1 
 8649      86808FC9 
 8649      D73526
 8650 11e1 73A66B91 		.ascii	"s\246k\2214g4\352t\321\2245\311\232dU\2227\223C2\370"
 8650      346734EA 
 8650      74D19435 
 8650      C99A6455 
 8650      92379343 
 8651 11f7 8DE2D95C 		.ascii	"\215\342\331\\\364\253\022\275\350\203H\035\246\323"
 8651      F4AB12BD 
 8651      E883481D 
 8651      A6D3
 8652 1205 68781829 		.ascii	"hx\030)\202\363\035\200\242!\210c\344\353\021#\206\203"
 8652      82F31D80 
 8652      A2218863 
 8652      E4EB1123 
 8652      8683
 8653 1217 77D11F2D 		.ascii	"w\321\037-C\032^vh\0159\206|%2d\015\333`\357\255\261"
 8653      431A5E76 
 8653      680D3986 
 8653      7C253264 
ARM GAS  C:\Users\nicx5\AppData\Local\Temp\ccq4ftZ0.s 			page 422


 8653      0DDB60EF 
 8654 122d ADF6A919 		.ascii	"\255\366\251\031\014\233\366h\001b\305\207\003Xz\303"
 8654      0C9BF668 
 8654      0162C587 
 8654      03587AC3 
 8655 123d 14204056 		.ascii	"\024 @V\265><&\321U\253\306\335^\220\257j\021\2448\221"
 8655      B53E3C26 
 8655      D155ABC6 
 8655      DD5E90AF 
 8655      6A11A438 
 8656 1252 9A0D1DEA 		.ascii	"\232\015\035\352\000\364\255<V\036\253\217\273\013\333"
 8656      00F4AD3C 
 8656      561EAB8F 
 8656      BB0BDB
 8657 1261 9C45D537 		.ascii	"\234E\3257\204zj\322\276\372\230`\015\030-8\257=Vh\007"
 8657      847A6AD2 
 8657      BEFA9860 
 8657      0D182D38 
 8657      AF3D5668 
 8658 1276 604198E0 		.ascii	"`A\230\340\274\242\225\321\002\030\262\342Xq\254;6\360"
 8658      BCA295D1 
 8658      0218B2E2 
 8658      5871AC3B 
 8658      36F0
 8659 1288 CBFB239B 		.ascii	"\313\373#\233n22#\326K\023\263h\216\257;V3\325\010\222"
 8659      6E323223 
 8659      D64B13B3 
 8659      688EAF3B 
 8659      5633D508 
 8660 129d 238038AF 		.ascii	"#\2008\257:t\340|\350}\301\371CZ\326\262\225L\000p\360"
 8660      3A74E07C 
 8660      E87DC1F9 
 8660      435AD6B2 
 8660      954C0070 
 8661 12b2 E896E808 		.ascii	"\350\226\350\010\274\306\276\332\030[\303\356\336\033"
 8661      BCC6BEDA 
 8661      185BC3EE 
 8661      DE1B
 8662 12c0 2AE41606 		.ascii	"*\344\026\006\231F7\224\314\010\017\206\375@2\204\246"
 8662      99463794 
 8662      CC080F86 
 8662      FD403284 
 8662      A6
 8663 12d1 232842E3 		.ascii	"#(B\343k\027\2155\354A{_e\355\035e\007\205?\300:\301"
 8663      6B178D35 
 8663      EC417B5F 
 8663      65ED1D65 
 8663      07853FC0 
 8664 12e7 C50D2533 		.ascii	"\305\015%3\372abC\256\010\330\327\260\235\026\270\210"
 8664      FA616243 
 8664      AE08D8D7 
 8664      B09D16B8 
 8664      88
 8665 12f8 F30F57E8 		.ascii	"\363\017W\350\377\035\235>%c\362V\350\372\325cE\316"
 8665      FF1D9D3E 
 8665      2563F256 
 8665      E8FAD563 
ARM GAS  C:\Users\nicx5\AppData\Local\Temp\ccq4ftZ0.s 			page 423


 8665      45CE
 8666 130a 5619352C 		.ascii	"V\0315,c\371\302\247\006\347\325\353k\215\177Gs\211"
 8666      63F9C2A7 
 8666      06E7D5EB 
 8666      6B8D7F47 
 8666      7389
 8667 131c 6316C5F9 		.ascii	"c\026\305\371\024\000\365)|\321\023\364\315\230\361"
 8667      1400F529 
 8667      7CD113F4 
 8667      CD98F1
 8668 132b A54636A5 		.ascii	"\245F6\245\300\2469Xii}\005\0213\245`\2469\354X\263"
 8668      C0A63958 
 8668      69697D05 
 8668      1133A560 
 8668      A639EC58 
 8669 1340 D62C3861 		.ascii	"\326,8ar4\007)k\2145Fv\303\210\027\025\372\323\034\362"
 8669      72340729 
 8669      6B8C3546 
 8669      76C38817 
 8669      15FAD31C 
 8670 1355 56ABD54A 		.ascii	"V\253\325J\221Nsp\323\330\230\001\017\243\321\250\356"
 8670      914E7370 
 8670      D3D89801 
 8670      0FA3D1A8 
 8670      EE
 8671 1366 60438E1C 		.ascii	"`C\216\034C\306\251\020\017\335\241\011\0348\331\215"
 8671      43C6A910 
 8671      0FDDA109 
 8671      1C38D98D 
 8672 1376 97E15A54 		.ascii	"\227\341ZT\010\252;py\363\206\220\214\320\225\356\300"
 8672      08AA3B70 
 8672      79F38690 
 8672      8CD095EE 
 8672      C0
 8673 1387 46519130 		.ascii	"FQ\2210l:\301\214\246\240\353\3600\273\361jsc\212\370"
 8673      6C3AC18C 
 8673      A6A0EBF0 
 8673      30BBF16A 
 8673      73638AF8 
 8674 139b EC86BD2A 		.ascii	"\354\206\275*d\0242a\212\246`Ha\241\327\340\335\324"
 8674      64143261 
 8674      8AA66048 
 8674      61A1D7E0 
 8674      DDD4
 8675 13ad 87AEA008 		.ascii	"\207\256\240\010!\241\232(\321\0111t\005\210l\330d\276"
 8675      21A19A28 
 8675      D1093174 
 8675      05886CD8 
 8675      64BE
 8676 13bf 2CDDDB0A 		.ascii	",\335\333\012-C\227\033\230h\240\366@dp0\363y\350b\022"
 8676      2D43971B 
 8676      9868A0F6 
 8676      40647030 
 8676      F379E862 
 8677 13d4 76457B60 		.ascii	"vE{`\223&M\006,@\215@65m\001[``\346\333\331{_I\367\231"
 8677      93264D06 
 8677      2C408D40 
ARM GAS  C:\Users\nicx5\AppData\Local\Temp\ccq4ftZ0.s 			page 424


 8677      36356D01 
 8677      5B6060E6 
 8678 13ef 871A44E6 		.ascii	"\207\032D\346L%pi\013\336\374\375e@\023{\357\261\255"
 8678      4C257069 
 8678      0BDEFCFD 
 8678      6540137B 
 8678      EFB1AD
 8679 1402 FE75499C 		.ascii	"\376uI\234N\317<\003^\273\025\214\214\031@p\376a\366"
 8679      4ECF3C03 
 8679      5EBB158C 
 8679      8C194070 
 8679      FE61F6
 8680 1415 43F2230B 		.ascii	"C\362#\013\316\017\022\324\027\344\350\353\203\203F"
 8680      CE0F12D4 
 8680      17E4E8EB 
 8680      838346
 8681 1424 83E6F405 		.ascii	"\203\346\364\005e\364\3642\337\205\356\275\205\334C"
 8681      65F4F432 
 8681      DF85EEBD 
 8681      85DC43
 8682 1433 3732D132 		.ascii	"72\3212\317|\354\215\303>\0368\347=\034>\014\013q\316"
 8682      CF7CEC8D 
 8682      C33E1E38 
 8682      E73D1C3E 
 8682      0C0B71CE 
 8683 1447 648290E8 		.ascii	"d\202\220\350\243\261\0152^\356\362\354\345\331K\316"
 8683      A3B10D32 
 8683      5EEEF2EC 
 8683      E5D94BCE 
 8684 1457 FB84BD77 		.ascii	"\373\204\275w\326\336Q\220`\000\345\257\361\314\342"
 8684      D6DE5190 
 8684      6000E5AF 
 8684      F1CCE2
 8685 1466 26831AFD 		.ascii	"&\203\032\375Y\314s\336\235;\303$\011\3169\014n\374"
 8685      59CC73DE 
 8685      9D3BC324 
 8685      09CE390C 
 8685      6EFC
 8686 1478 BFE363B7 		.ascii	"\277\343c\267\306\267\205s\006\323\344F\250\005\347"
 8686      C6B78573 
 8686      06D3E446 
 8686      A805E7
 8687 1487 FC658707 		.ascii	"\374e\207\007\343\340\027\234\177x\355\376\357\250F"
 8687      E3E0179C 
 8687      7F78EDFE 
 8687      EFA846
 8688 1496 B260C981 		.ascii	"\262`\311\201\363\201\004u\020\005\350\375\006\320\240"
 8688      F3810475 
 8688      1005E8FD 
 8688      06D0A0
 8689 14a5 DF398C31 		.ascii	"\3379\2141\342 \356\275/bF[,k\304\371\317{\357\275\357"
 8689      E220EEBD 
 8689      2F62465B 
 8689      2C6BC4F9 
 8689      CF7BEFBD 
 8690 14ba B6B0D036 		.ascii	"\266\260\3206\266\332\222\242Ym\221\271\002\223\260"
 8690      B6DA92A2 
ARM GAS  C:\Users\nicx5\AppData\Local\Temp\ccq4ftZ0.s 			page 425


 8690      596D91B9 
 8690      0293B0
 8691 14c9 159706B6 		.ascii	"\025\227\006\266\205\205\005\026\264\025'\265\332\302"
 8691      85850516 
 8691      B41527B5 
 8691      DAC2
 8692 14d7 DAD0BBA5 		.ascii	"\332\320\273\245W\320\275\257\240z_\201m\305\245A\203"
 8692      57D0BDAF 
 8692      A07A5F81 
 8692      6DC5A541 
 8692      83
 8693 14e8 76DC86EE 		.ascii	"v\334\206\356\275q\334\255}\265\2676\232U\320\216\003"
 8693      BD71DCAD 
 8693      7DB5B736 
 8693      9A55D08E 
 8693      03
 8694 14f9 0BDA925E 		.ascii	"\013\332\222^Ym\305\245\201\335\2558\264GGGHHPJ)\022"
 8694      596DC5A5 
 8694      81DDAD38 
 8694      B4474747 
 8694      4848504A 
 8695 150f 4E652B75 		.ascii	"Ne+u\034\242\360\001\351ARR\205\222S\031\345\224\237"
 8695      1CA2F001 
 8695      E9415252 
 8695      85925319 
 8695      E5949F
 8696 1522 490D9ECC 		.ascii	"I\015\236\314e\225\016\004N\034\223\311\025*I\265\244"
 8696      65950E04 
 8696      4E1C93C9 
 8696      152A49B5 
 8696      A4
 8697 1533 9A720240 		.ascii	"\232r\002@\313\\J1\227I\252\020\224/\244\224>*\224D"
 8697      CB5C4A31 
 8697      9749AA10 
 8697      942FA494 
 8697      3E2A9444 
 8698 1547 3025936C 		.ascii	"0%\223l\211\250c\324S\231\242}j.9\333\025TL\245SE\322"
 8698      89A863D4 
 8698      5399A27D 
 8698      6A2E39DB 
 8698      15544CA5 
 8699 155e 12B27D6A 		.ascii	"\022\262}jN-\237RUK'\204\244\232M\021\311u\350Q\036"
 8699      4E2D9F52 
 8699      554B2784 
 8699      A49A4D11 
 8699      C975E851 
 8700 1573 9C9C9C26 		.ascii	"\234\234\234&\236m\211\344\361\310$\344\344|&A`\000"
 8700      9E6D89E4 
 8700      F1C824E4 
 8700      E47C2641 
 8700      6000
 8701 1585 42EB24A1 		.ascii	"B\353$\241\200\023\307g[\"\011c\304\361\310T\204Tj\300"
 8701      8013C767 
 8701      5B220963 
 8701      C4F1C854 
 8701      84546AC0 
 8702 1599 08A6675B 		.ascii	"\010\246g[\302G\205R\362\351\014z\321tF=\233L\235\025"
ARM GAS  C:\Users\nicx5\AppData\Local\Temp\ccq4ftZ0.s 			page 426


 8702      C2478552 
 8702      F2E90C7A 
 8702      D174463D 
 8702      9B4C9D15 
 8703 15ad CA562A3F 		.ascii	"\312V*?\251\230M\247\365\002RNI\346\362)\265\254\372"
 8703      A9984DA7 
 8703      F502524E 
 8703      49E6F229 
 8703      B5ACFA
 8704 15c0 2099F459 		.ascii	" \231\364Y\201\342\2119\002\002\000 }\010\300\243<\300"
 8704      81E28939 
 8704      02020020 
 8704      7D08C0A3 
 8704      3CC0
 8705 15d2 68934E4F 		.ascii	"h\223NO\312\244\324\012g\353\002\305S\233\2041B\202"
 8705      CAA4D40A 
 8705      67EB02C5 
 8705      539B8431 
 8705      4282
 8706 15e4 47793862 		.ascii	"Gy8b\341\264T\361lK$O$\231\210\360\\2\225\236T\315\246"
 8706      E1B454F1 
 8706      6C4B244F 
 8706      249988F0 
 8706      5C32959E 
 8707 15fb 88D65995 		.ascii	"\210\326Y\225\264\204L\266h\252PJ\266h>\233Z4\237M="
 8707      B4844CB6 
 8707      68AA504A 
 8707      B6683E9B 
 8707      5A349F4D 
 8708 1610 3F177878 		.ascii	"?\027xx:\225-<$-!U(%}xZ4\237MP\313\012\217\362\220<"
 8708      3A952D3C 
 8708      242D2155 
 8708      28257D78 
 8708      5A349F4D 
 8709 162b 40EB6C1E 		.ascii	"@\353l\036\247\332'U\010M@=IKH\347\002\230\224&\014"
 8709      A7DA2755 
 8709      084D403D 
 8709      494B48E7 
 8709      02989426 
 8710 1640 BD683E31 		.ascii	"\275h>1\227\036\254@\361\254B!\325\272hOhHZB&\217\310"
 8710      971EAC40 
 8710      F1AC4221 
 8710      D5BA684F 
 8710      68485A42 
 8711 1657 24A10B2E 		.ascii	"$\241\013.\230\315#Q[%\245l\300\263-\021\364d\266.F"
 8711      98CD2351 
 8711      5B25A56C 
 8711      C0B32D11 
 8711      F464B62E 
 8712 166c 50703649 		.ascii	"Pp6IHI5SXx.\231J-R\302Y(\333\027\371\271d*\265\240Z"
 8712      48493553 
 8712      58782E99 
 8712      4A2D52C2 
 8712      5928DB17 
 8713 1687 4A1E9149 		.ascii	"J\036\221I\034t\240d\201J)C\213\246\205\247S\371,\202"
 8713      1C74A064 
 8713      814A2943 
ARM GAS  C:\Users\nicx5\AppData\Local\Temp\ccq4ftZ0.s 			page 427


 8713      8BA685A7 
 8713      53F92C82 
 8714 169b 622E9B50 		.ascii	"b.\233PL\024TJ\025\250\224Z\251\017\224TK\344\217\317"
 8714      4C14544A 
 8714      15A8945A 
 8714      A90F9454 
 8714      4BE48FCF 
 8715 16af 1395B3F9 		.ascii	"\023\225\263\371TJUA\265LL\245\014O\255\324\007J\346"
 8715      544A5541 
 8715      B54C4CA5 
 8715      0C4FADD4 
 8715      074AE6
 8716 16c2 08E68B26 		.ascii	"\010\346\213&\262E\333\"\251\224\250\226\314\346\022"
 8716      B245DB22 
 8716      A994A896 
 8716      CCE612
 8717 16d1 040F3CDB 		.ascii	"\004\017<\333&\014\034t\240D\305\202\251dr\266N\314"
 8717      260C1C74 
 8717      A044C582 
 8717      A96472B6 
 8717      4ECC
 8718 16e3 B60A84B6 		.ascii	"\266\012\204\266\351\3316]x:\225\317&\017\232Z'gU\263"
 8718      E9D9365D 
 8718      783A95CF 
 8718      260F9A5A 
 8718      276755B3 
 8719 16f7 894A2959 		.ascii	"\211J)Yb\004\323\006\015\312\247\022I\364(\251g\333"
 8719      6204D306 
 8719      0DCAA712 
 8719      49F428A9 
 8719      67DB
 8720 1709 943C2293 		.ascii	"\224<\"\223\222'N\004=\203\251\012`\264Og\323\211\347"
 8720      92274E04 
 8720      3D83A90A 
 8720      60B44F67 
 8720      D389E7
 8721 171c 2D9E3CB4 		.ascii	"-\236<\264X\321a\252\2026\003\027SN%P\011\244\007PM"
 8721      58D161AA 
 8721      82360317 
 8721      534E2550 
 8721      09A40750 
 8722 1731 29253329 		.ascii	")%3)yD&\021\275h\236\350\371i>E9=\225\036\364\264O\315"
 8722      79442611 
 8722      BD689EE8 
 8722      F9693E45 
 8722      393D951E 
 8723 1749 25154A6C 		.ascii	"%\025Jl\024\324\322\204\017\003\216K%D \177\216 @\002"
 8723      14D4D284 
 8723      0F038E4B 
 8723      2544207F 
 8723      8E204002 
 8724 175d 84881449 		.ascii	"\204\210\024I:#\220(\216H%\366\010\002$>\210H\221"
 8724      3A239028 
 8724      8E4825F6 
 8724      0802243E 
 8724      884891
 8725 1770 A4730401 		.ascii	"\244s\004\001\022'L\034\211H\221\244\217 @\002ID\212"
ARM GAS  C:\Users\nicx5\AppData\Local\Temp\ccq4ftZ0.s 			page 428


 8725      12274C1C 
 8725      894891A4 
 8725      8F204002 
 8725      49448A
 8726 1783 249D154C 		.ascii	"$\235\025L\007\230\315\345S\351\254z*\233\236Z&\324"
 8726      0798CDE5 
 8726      53E9AC7A 
 8726      2A9B9E5A 
 8726      26D4
 8727 1795 B2C9011D 		.ascii	"\262\311\001\035\026L%Sn\247\226*\232zV\254X\"[)(\346"
 8727      164C2553 
 8727      6EA7962A 
 8727      9A7A56AC 
 8727      58225B29 
 8728 17ab B289C7D9 		.ascii	"\262\211\307\331~0U\325A\017\373l\251V\254@\021\304"
 8728      7E3055D5 
 8728      410FFB6C 
 8728      A956AC40 
 8728      11C4
 8729 17bd 824AB954 		.ascii	"\202J\271T\224\264\204\004z\224\007\345\324S\004\035"
 8729      94B48404 
 8729      7A9407E5 
 8729      D453041D 
 8730 17cd E712B9E3 		.ascii	"\347\022\271\343\304T\332qb*M\265KlT\213\245\263M!\364"
 8730      C454DA71 
 8730      622A4DB5 
 8730      4B6C548B 
 8730      A5B34D21 
 8731 17e2 64B6534C 		.ascii	"d\266SL\250\245T\222\362\251DN\265KA\355Ss)\207\360"
 8731      A8A55492 
 8731      F2A9444E 
 8731      B54B41ED 
 8731      53732987 
 8732 17f7 5C3A9B4B 		.ascii	"\\:\233Kg\012\335>5\227P\220P\"\241\237\244\232QT\255"
 8732      670ADD3E 
 8732      35975090 
 8732      5022A19F 
 8732      A49A5154 
 8733 180c 334A050A 		.ascii	"3J\005\012\022J$|\236T\316*\021S\355R2i\211\302\223"
 8733      124A247C 
 8733      9E54CE2A 
 8733      1153ED52 
 8733      326989C2 
 8734 1821 D93A9529 		.ascii	"\331:\225)\330 \012GK\023\244Z\034WH)M\034-9\300\302"
 8734      D8200A47 
 8734      4B13A45A 
 8734      1C574829 
 8734      4D1C2D39 
 8735 1837 49F98194 		.ascii	"I\371\201\224\224\362\370t6?Hr\266+\034 \201\212\252"
 8735      94F2F874 
 8735      363F4872 
 8735      B62B1C20 
 8735      818AAA
 8736 184a 753E3D25 		.ascii	"u>=%\265TJ\021\022`\264OL\245)e\353|6Ep\300\347\202"
 8736      B5544A11 
 8736      1260B44F 
 8736      4CA52965 
ARM GAS  C:\Users\nicx5\AppData\Local\Temp\ccq4ftZ0.s 			page 429


 8736      EB7C3645 
 8737 1862 100B2AE5 		.ascii	"\020\013*\345R\005\013AI\0070`)i\011\011\001U\325S\371"
 8737      52050B41 
 8737      49073060 
 8737      29690909 
 8737      0155D553 
 8738 1877 6C62B625 		.ascii	"lb\266%\236Tm\025\010-\023\214\252\251\244%\244\003"
 8738      9E546D15 
 8738      082D138C 
 8738      AAA9A425 
 8738      A403
 8739 1889 CCE6D454 		.ascii	"\314\346\324T\363\230<\"\223& 1!\217\231\251\351\250"
 8739      F3983C22 
 8739      93262031 
 8739      218F99A9 
 8739      E9A8
 8740 189b 6AA6E351 		.ascii	"j\246\343QeB\036\325#2\251\350\311\254j\036\245Z&S\031"
 8740      65421ED5 
 8740      2332A9E8 
 8740      C9AC6A1E 
 8740      A55A2653 
 8741 18b0 75EC69AB 		.ascii	"u\354i\253\332\252\005<a\264Of\363\330\003\265\\\301"
 8741      DAAA053C 
 8741      61B44F66 
 8741      F3D803B5 
 8741      5CC1
 8742 18c2 6C1E2DC0 		.ascii	"l\036-\300T\002j\235\230\312'\025SI?\227L\245\344\021"
 8742      54026A9D 
 8742      98CA2715 
 8742      53493F97 
 8742      4CA5E411 
 8743 18d6 9904943C 		.ascii	"\231\004\224<\"\223*<\212\251\024\342\331R\265L-\232"
 8743      22932A3C 
 8743      8AA914E2 
 8743      D952B54C 
 8743      2D9A
 8744 18e8 CFA6A1E6 		.ascii	"\317\246\241\346\362\251dZ\243\240\226L>\355Ss\351\251"
 8744      F2A9645A 
 8744      A3A0964C 
 8744      3EED5373 
 8744      E9A9
 8745 18fa 75B65050 		.ascii	"u\266PPK\247\012\237\036g+\245t\242j\235)X85\245\216"
 8745      4BA70A9F 
 8745      1E672BA5 
 8745      74A26A9D 
 8745      29583835 
 8746 1910 3FCCE6F2 		.ascii	"?\314\346\362Y%\325\244j\231x\230J\247\246\236V\252"
 8746      5925D5A4 
 8746      6A997898 
 8746      4AA7A69E 
 8746      56AA
 8747 1922 6D3AA218 		.ascii	"m:\242\030\321\363\\*=h>\253\222\234\355\213f\212\027"
 8747      D1F35C2A 
 8747      3D683EAB 
 8747      929CED8B 
 8747      668A17
 8748 1935 CD1341C7 		.ascii	"\315\023A\307\011.\230\315#UU\263\212\271|2\233NTK\344"
ARM GAS  C:\Users\nicx5\AppData\Local\Temp\ccq4ftZ0.s 			page 430


 8748      092E98CD 
 8748      235555B3 
 8748      8AB97C32 
 8748      9B4E544B 
 8749 194a 9013D512 		.ascii	"\220\023\325\022\271\002\205\363\203\016\204\202Z\250"
 8749      B90285F3 
 8749      830E8482 
 8749      5AA8
 8750 1958 A7112E98 		.ascii	"\247\021.\230\315#\324\322\251BJ\311t\266O\030#(<\231"
 8750      CD23D4D2 
 8750      A9424AC9 
 8750      74B64F18 
 8750      23283C99 
 8751 196c ED540BA5 		.ascii	"\355T\013\245d*\227\224O%\222\331\\R9[\027\314\346\221"
 8751      642A9794 
 8751      4F2592D9 
 8751      5C52395B 
 8751      17CCE691 
 8752 1980 8859E574 		.ascii	"\210Y\345t\266.P\350<W,\243\232\236K\021\317\025\355"
 8752      B62E50E8 
 8752      3C572CA3 
 8752      9A9E4B11 
 8752      CF15ED
 8753 1993 891E2925 		.ascii	"\211\036)%\263\271|:1\253H\000\265O\315%(\346R\252\305"
 8753      B3B97C3A 
 8753      31AB4800 
 8753      B54FCD25 
 8753      28E652AA 
 8754 19a8 9492CAD9 		.ascii	"\224\222\312\331\272@\021\364\\2\225\262\204dR\250\225"
 8754      BA4011F4 
 8754      5C3295B2 
 8754      846452A8 
 8754      95
 8755 19b9 7A622A4D 		.ascii	"zb*M$\223\226\220<,\234\232'\222'\222L\000\261pj\236"
 8755      24939690 
 8755      3C2C9C9A 
 8755      27922792 
 8755      4C00B170 
 8756 19cf C8ED53F9 		.ascii	"\310\355S\371lZ\333\247\346\321\331t:G\354\254h\221"
 8756      6C5ADBA7 
 8756      E6D1D974 
 8756      3A47ECAC 
 8756      6891
 8757 19e1 6D8B1054 		.ascii	"m\213\020T$\217\310\244\010\217\362\000\003\306\005"
 8757      248FC8A4 
 8757      088FF200 
 8757      03C605
 8758 19f0 21DAA72A 		.ascii	"!\332\247*)'\246\222\005*\232,h\235\226.Z\244\005MJ"
 8758      2927A692 
 8758      052A9A2C 
 8758      689D962E 
 8758      5AA4054D 
 8759 1a05 4D4B470D 		.ascii	"MKG\015\016\243)\302\204\004$@\305\302\331\364@\002"
 8759      0EA329C2 
 8759      84042440 
 8759      C5C2D9F4 
 8759      4002
ARM GAS  C:\Users\nicx5\AppData\Local\Temp\ccq4ftZ0.s 			page 431


 8760 1a17 05184101 		.ascii	"\005\030A\001I35)\251L#\224T\246#\316HL%H\034\327#$"
 8760      49333529 
 8760      A94C2394 
 8760      54A623CE 
 8760      484C2548 
 8761 1a2f A6144B4D 		.ascii	"\246\024KM\353\211\021M\307\024\353\021\223\212\023"
 8761      EB89114D 
 8761      C714EB11 
 8761      938A13
 8762 1a3e F9884985 		.ascii	"\371\210I\205\211|\204\364\201i\001M\031\004\323\002"
 8762      897C84F4 
 8762      8169014D 
 8762      1904D302 
 8763 1a4e 9A321312 		.ascii	"\2322\023\022\177\000\261\200&\016r\010\022(2\022\023"
 8763      7F00B180 
 8763      260E7208 
 8763      12283212 
 8763      13
 8764 1a5f 0914F903 		.ascii	"\011\024\371\003\023\011\024\031\004\023\011\024\031"
 8764      13091419 
 8764      04130914 
 8764      19
 8765 1a6c 83232624 		.ascii	"\203#&$\007\031\211\011\311A\376\300\204\344 \203`B"
 8765      07198909 
 8765      C941FEC0 
 8765      84E42083 
 8765      6042
 8766 1a7e 72903360 		.ascii	"r\2203`:\"!=Hb\231\216\037\220\036$\261\032\020\000"
 8766      3A22213D 
 8766      4862998E 
 8766      1F901E24 
 8766      B11A1000 
 8767 1a92 39A2014C 		.ascii	"9\242\001L#\232F0\355 1\2518\221\221\230T\230\310\037"
 8767      239A4630 
 8767      ED2031A9 
 8767      38919198 
 8767      5498C81F 
 8768 1aa6 98549CC8 		.ascii	"\230T\234\310\037\230T\230\310'F4\221PB\262*\216I$N"
 8768      1F985498 
 8768      C8274634 
 8768      915042B2 
 8768      2A8E4924 
 8769 1abb 241D759E 		.ascii	"$\035u\236I\244\017O\346\262J\037\351\202\020\312\017"
 8769      49A40F4F 
 8769      E6B24A1F 
 8769      E98210CA 
 8769      0F
 8770 1acc 08F04106 		.ascii	"\010\360A\006\0360<\203\243\243\006\006tPB;ypzR&\245"
 8770      1E303C83 
 8770      A3A30606 
 8770      7450423B 
 8770      79707A52 
 8771 1ae2 94514918 		.ascii	"\224QI\03002\210B\3720\365\244\262\300\311\331dA\362"
 8771      30328842 
 8771      FA30F5A4 
 8771      B2C0C9D9 
 8771      6441F2
ARM GAS  C:\Users\nicx5\AppData\Local\Temp\ccq4ftZ0.s 			page 432


 8772 1af5 44928924 		.ascii	"D\222\211$\014\030\031\230@\372\260\244\242\311\002"
 8772      0C181998 
 8772      40FAB0A4 
 8772      A2C902
 8773 1b04 2A67EB62 		.ascii	"*g\353b\351D\202\370\317&\262<\242\340\340r\363\222"
 8773      E94482F8 
 8773      CF26B23C 
 8773      A2E0E072 
 8773      F392
 8774 1b16 C186F304 		.ascii	"\301\206\363\004r\207,\342aY\2436*,d\015\013\243\250"
 8774      72872CE2 
 8774      6159A336 
 8774      2A2C640D 
 8774      0BA3A8
 8775 1b29 D1463B08 		.ascii	"\321F;\010\331)\341\231\027=\301\0206l\0336~wo\332\350"
 8775      D929E199 
 8775      173DC110 
 8775      366C1B36 
 8775      7E776FDA 
 8776 1b3e CB20BB66 		.ascii	"\313 \273f\360\213\321p\2106\262J\303\252I3\226\346"
 8776      F08BD170 
 8776      8836B24A 
 8776      C3AA4933 
 8776      96E6
 8777 1b50 6583989E 		.ascii	"e\203\230\236\240+\220\025\014\364K\224\243\215\236"
 8777      A02B9015 
 8777      0CF44B94 
 8777      A38D9E
 8778 1b5f 00B26800 		.ascii	"\000\262h\000\277\340\220E\005\265\004\200\177\354\231"
 8778      BFE09045 
 8778      05B50480 
 8778      7FEC99
 8779 1b6e FF653757 		.ascii	"\377e7W\316\017\231\304G\343\231E\015x~9/M\037\033\227"
 8779      CE0F99C4 
 8779      47E39945 
 8779      0D787E39 
 8779      2F4D1F1B 
 8780 1b83 BECCE744 		.ascii	"\276\314\347D\313\2144l\012\036\037\313ec\312\237\337"
 8780      CB8C346C 
 8780      0A1E1FCB 
 8780      6563CA9F 
 8780      DF
 8781 1b94 DED93279 		.ascii	"\336\3312y\267p\213\036\036\316HGg\367\326\036J\270"
 8781      B7708B1E 
 8781      1ECE4847 
 8781      67F7D61E 
 8781      4AB8
 8782 1ba6 B8C09C25 		.ascii	"\270\300\234%\363_1l\0306\357\022@\315_\014\234\331"
 8782      F35F316C 
 8782      1836EF12 
 8782      40CD5F0C 
 8782      9CD9
 8783 1bb8 3CCCE641 		.ascii	"<\314\346A\020g\357+v\014\253w6\217\025s\357\206{7\000"
 8783      1067EF2B 
 8783      760CAB77 
 8783      368F1573 
 8783      EF867B37 
ARM GAS  C:\Users\nicx5\AppData\Local\Temp\ccq4ftZ0.s 			page 433


 8784 1bcd F560B922 		.ascii	"\365`\271\"\024c\3635l\321Dw\210U\343\216\316\202\341"
 8784      1463F335 
 8784      6CD14477 
 8784      8855E38E 
 8784      CE82E1
 8785 1be0 D1122804 		.ascii	"\321\022(\004\011\316H`\354\330/\354\235\035\353\005"
 8785      09CE4860 
 8785      ECD82FEC 
 8785      9D1DEB05 
 8786 1bf0 D315FA20 		.ascii	"\323\025\372 3\335dcF?\313\345\254\027\266\313\316\232"
 8786      33DD6463 
 8786      463FCBE5 
 8786      AC17B6CB 
 8786      CE9A
 8787 1c02 43C13D0C 		.ascii	"C\301=\014,\336\221B\234\215q\005\244\036\021D,\203"
 8787      2CDE9142 
 8787      9C8D7105 
 8787      A41E1144 
 8787      2C83
 8788 1c14 F335C869 		.ascii	"\3635\310i8\215\224x\205\255c\263\\a\267\254\032\320"
 8788      388D9478 
 8788      85AD63B3 
 8788      5C61B7AC 
 8788      1AD0
 8789 1c26 F6BEDB5A 		.ascii	"\366\276\333Zs\206#\314\220\311M\265\234\335R\344\026"
 8789      738623CC 
 8789      90C94DB5 
 8789      9CDD52E4 
 8789      16
 8790 1c37 C408967F 		.ascii	"\304\010\226\177\2075\253B\205\006\316\327\340\245\257"
 8790      8735AB42 
 8790      8506CED7 
 8790      E0A5AF
 8791 1c46 414B1F9D 		.ascii	"AK\037\235\231c\351\3309\266\315\304\026^\233\260\251"
 8791      9963E9D8 
 8791      39B6CDC4 
 8791      165E9BB0 
 8791      A9
 8792 1c57 A046C292 		.ascii	"\240F\302\222c\255\260r\354\220\013\205\016\262]\321"
 8792      63ADB072 
 8792      EC900B85 
 8792      0EB25DD1 
 8793 1c67 3F1B6743 		.ascii	"?\033gC\0353\345F\225*,XO`\224\0347\250(\201\301\266"
 8793      1D33E546 
 8793      952A2C58 
 8793      4F60941C 
 8793      37A82881 
 8794 1c7d 5704670B 		.ascii	"W\004g\013\272\244\260SX)\254t\307\212\355\006\334Y"
 8794      BAA4B053 
 8794      5829AC74 
 8794      C78AED06 
 8794      DC59
 8795 1c8f E91A204E 		.ascii	"\351\032 N\274\374pf\337p\343\377\035\2360\276\033W"
 8795      BCFC7066 
 8795      DF70E3FF 
 8795      1D9E30BE 
 8795      1B57
ARM GAS  C:\Users\nicx5\AppData\Local\Temp\ccq4ftZ0.s 			page 434


 8796 1ca1 2020A229 		.ascii	"  \242)\000tc\243\270\261m\177dQ\010\276\364\317BYw"
 8796      007463A3 
 8796      B8B16D7F 
 8796      645108BE 
 8796      F4CF4259 
 8797 1cb6 A41121E3 		.ascii	"\244\021!\343\206s\0054\330\330',\033\333\266c\365\266"
 8797      86730534 
 8797      D8D8272C 
 8797      1BDBB663 
 8797      F5B6
 8798 1cc8 64EAE46C 		.ascii	"d\352\344l[\206\233\250\203\322T\222 \0121\245\0242"
 8798      5B869BA8 
 8798      83D25492 
 8798      200A31A5 
 8798      1432
 8799 1cda CACCCC68 		.ascii	"\312\314\314h\2334\006\223\026@ HP$\224K\322\264\007"
 8799      9B340693 
 8799      16402048 
 8799      5024944B 
 8799      D2B407
 8800 1ced 13C0C288 		.ascii	"\023\300\302\210HF\002E\351\2301fFDf$)H\212\222B\226"
 8800      48460245 
 8800      E9983166 
 8800      46446624 
 8800      29488A92 
 8801 1d03 035A504A 		.ascii	"\003ZPJ\271\215\026L)\301\265,\017\250\370e\247\353"
 8801      B98D164C 
 8801      29C1B52C 
 8801      0FA8F865 
 8801      A7EB
 8802 1d15 165F1028 		.ascii	"\026_\020(q\332\377\355B\203M\004\203A\002\315\205\204"
 8802      71DAFFED 
 8802      42834D04 
 8802      834102CD 
 8802      8584
 8803 1d27 03EE2496 		.ascii	"\003\356$\226H\271\370\240\237\006\367y\015\333\032"
 8803      48B9F8A0 
 8803      9F06F779 
 8803      0DDB1A
 8804 1d36 1755E554 		.ascii	"\027U\345T\216\"\365\352\243\230\275\000\353\004.p_"
 8804      8E22F5EA 
 8804      A398BD00 
 8804      EB042E70 
 8804      5F
 8805 1d47 81CDE590 		.ascii	"\201\315\345\220\021\236\361\213\223\250)\325\232\271"
 8805      119EF18B 
 8805      93A829D5 
 8805      9AB9
 8806 1d55 2ABD9AE1 		.ascii	"*\275\232\341\3507.C\331\026t1\030=\312=\341P\011\264"
 8806      E8372E43 
 8806      D9167431 
 8806      183DCA3D 
 8806      E15009B4 
 8807 1d69 4AAD2039 		.ascii	"J\255 9X\235ZgFI'\350P\226\377\006\246\216\1770\273"
 8807      589D5A67 
 8807      464927E8 
 8807      5096FF06 
ARM GAS  C:\Users\nicx5\AppData\Local\Temp\ccq4ftZ0.s 			page 435


 8807      A68E7F30 
 8808 1d7e EE396493 		.ascii	"\3569d\223\301\314.,\004\262\267\017\201\"\306\201\227"
 8808      C1CC2E2C 
 8808      04B2B70F 
 8808      8122C681 
 8808      97
 8809 1d8f 31D929DF 		.ascii	"1\331)\337\012\007}\234\325\266V\0252Y\2755+\357cC\343"
 8809      0A077D9C 
 8809      D5B65615 
 8809      3259BD35 
 8809      2BEF6343 
 8810 1da4 DFD191E2 		.ascii	"\337\321\221\3421|^\344\000\025\277\032\274$\232\313"
 8810      317C5EE4 
 8810      0015BF1A 
 8810      BC249ACB 
 8811 1db4 4E1268BE 		.ascii	"N\022h\276L\3415\240#\025:)\232%sd\2221`\275\020m@\240"
 8811      4CE135A0 
 8811      23153A29 
 8811      9A257364 
 8811      923160BD 
 8812 1dcc 715E58D0 		.ascii	"q^X\320s6\336\\<\2563\350y\214u\311\000,y\351VW]LT;"
 8812      7336DE5C 
 8812      3CAE33E8 
 8812      798C75C9 
 8812      002C79E9 
 8813 1de6 E5FDAB09 		.ascii	"\345\375\253\011\324\235\037\017\312R\260\275Jq\227"
 8813      D49D1F0F 
 8813      CA52B0BD 
 8813      4A7197
 8814 1df5 CC599DE1 		.ascii	"\314Y\235\341,\3026\261\247\245\252x\257\263\024\303"
 8814      2CC236B1 
 8814      A7A5AA78 
 8814      AFB314C3 
 8815 1e05 63ABCA89 		.ascii	"c\253\312\211\024\226\364I\347\024O\320\233\263:\352"
 8815      1496F449 
 8815      E7144FD0 
 8815      9BB33AEA 
 8816 1e15 81483C15 		.ascii	"\201H<\025\021p\332%\033\307\370Z\023\344\002@\300\015"
 8816      1170DA25 
 8816      1BC7F85A 
 8816      13E40240 
 8816      C00D
 8817 1e27 0F60EA2A 		.ascii	"\017`\352*)K\341\354\373\362\331e\220x\255\366.\210"
 8817      294BE1EC 
 8817      FBF2D965 
 8817      9078ADF6 
 8817      2E88
 8818 1e39 8855E341 		.ascii	"\210U\343AJ\313\3674\332\267.\232\210^\004\207\332i"
 8818      4ACBF734 
 8818      DAB72E9A 
 8818      885E0487 
 8818      DA69
 8819 1e4b 398DE0A9 		.ascii	"9\215\340\251\034\313E\031\034\301\367A\222\253#E\205"
 8819      1CCB4519 
 8819      1CC1F741 
 8819      92AB2345 
 8819      85
ARM GAS  C:\Users\nicx5\AppData\Local\Temp\ccq4ftZ0.s 			page 436


 8820 1e5c 026BEEDF 		.ascii	"\002k\356\337\000\2066!\366QA\337'F\036\274<\004Y\330"
 8820      00863621 
 8820      F65141DF 
 8820      27461EBC 
 8820      3C0459D8 
 8821 1e70 0C2D7BF0 		.ascii	"\014-{\360I\203(J\2469r[\356\371]\262\317\377\363Rd"
 8821      4983284A 
 8821      A639725B 
 8821      EEF95DB2 
 8821      CFFFF352 
 8822 1e85 2CD01F9A 		.ascii	",\320\037\232q\273\251Kc\321,\367(\004,,Y\266\253\354"
 8822      71BBA94B 
 8822      63D12CF7 
 8822      28042C2C 
 8822      59B6ABEC 
 8823 1e99 77C404AB 		.ascii	"w\304\004\253(\267\361\272\036f\010\026\033l\245r\204"
 8823      28B7F1BA 
 8823      1E660816 
 8823      1B6CA572 
 8823      84
 8824 1eaa A5FF9821 		.ascii	"\245\377\230!\257\255\210\226\037{\322\337<J\222S\266"
 8824      AFAD8896 
 8824      1F7BD2DF 
 8824      3C4A9253 
 8824      B6
 8825 1ebb 96CECD5D 		.ascii	"\226\316\315]\376<\311\217EO\3324~\231{/T\334Y\016\320"
 8825      FE3CC98F 
 8825      454FDA34 
 8825      7E997B2F 
 8825      54DC590E 
 8826 1ed0 0F39EC6B 		.ascii	"\0179\354k\003|\342\332z\327r\357Y\324&1\325{\241\314"
 8826      037CE2DA 
 8826      7AD772EF 
 8826      59D42631 
 8826      D57BA1CC 
 8827 1ee4 0ABD2A84 		.ascii	"\012\275*\204\350\027F \330IZ\315(/\234\236\020\247"
 8827      E8174620 
 8827      D8495ACD 
 8827      282F9C9E 
 8827      10A7
 8828 1ef6 6F7C224D 		.ascii	"o|\"M\3516\214\033\003\332\366\204.\367\351K@\253T\311"
 8828      E9368C1B 
 8828      03DAF684 
 8828      2EF7E94B 
 8828      40AB54C9 
 8829 1f0a 1F029C44 		.ascii	"\037\002\234D\022F}\264\005b ]p\265\032\200h\312\374"
 8829      12467DB4 
 8829      0562205D 
 8829      70B51A80 
 8829      68CAFC
 8830 1f1d F44A5AD1 		.ascii	"\364JZ\321\\\221\357\365\370\216\006JJv\201\023\226"
 8830      5C91EFF5 
 8830      F88E064A 
 8830      4A768113 
 8830      96
 8831 1f2e 15808A7A 		.ascii	"\025\200\212zII\234\326\274\237rk\243]\004\315Z`"
 8831      49499CD6 
ARM GAS  C:\Users\nicx5\AppData\Local\Temp\ccq4ftZ0.s 			page 437


 8831      BC9F726B 
 8831      A35D04CD 
 8831      5A60
 8832 1f40 6D88C086 		.ascii	"m\210\300\206.o~\312I*\200\261\301\017\015\224]\220"
 8832      2E6F7ECA 
 8832      492A80B1 
 8832      C10F0D94 
 8832      5D90
 8833 1f52 1BAB4B53 		.ascii	"\033\253KS9\314gs^3\201{\224V>\213/\215\275;~\202\264"
 8833      39CC6773 
 8833      5E33817B 
 8833      94563E8B 
 8833      2F8DBD3B 
 8834 1f69 E84A9CC9 		.ascii	"\350J\234\311rx>\224s\2278\212@\327D'\000\036%\031\024"
 8834      72783E94 
 8834      7397388A 
 8834      40D74427 
 8834      001E2519 
 8835 1f7e 808F8FCA 		.ascii	"\200\217\217\312\362\310\300\361\016KA\276\241N\203"
 8835      F2C8C0F1 
 8835      0E4B41BE 
 8835      A14E83
 8836 1f8d 35F0FCB7 		.ascii	"5\360\374\267{,\352\327\275e\253\342\001\020T\211\015"
 8836      7B2CEAD7 
 8836      BD65ABE2 
 8836      01105489 
 8836      0D
 8837 1f9e 78204ADA 		.ascii	"x J\332\2450\032A&\207\241\016M\303\261U\355*J\355\200"
 8837      A5301A41 
 8837      2687A10E 
 8837      4DC3B155 
 8837      ED2A4AED 
 8838 1fb3 CCCFBE0B 		.ascii	"\314\317\276\013\314\224\250e_T\203X\367\244\243\273"
 8838      CC94A865 
 8838      5F548358 
 8838      F7A4A3BB 
 8839 1fc3 B8D153AF 		.ascii	"\270\321S\257\242z\303\370\260\201\342|\335\241\254"
 8839      A27AC3F8 
 8839      B081E27C 
 8839      DDA1AC
 8840 1fd2 F2C748DB 		.ascii	"\362\307H\333\023\001)W(\250>W\344\253.\\\351\250\205"
 8840      13012957 
 8840      28A83E57 
 8840      E4AB2E5C 
 8840      E9A885
 8841 1fe5 589AF1D3 		.ascii	"X\232\361\323\220\\\313\310\012\340\367`mf\217\360\260"
 8841      905CCBC8 
 8841      0AE0F760 
 8841      6D668FF0 
 8841      B0
 8842 1ff6 2A3C04F2 		.ascii	"*<\004\362n\347\251\015\334d\325\341zU\350x%\300\037"
 8842      6EE7A90D 
 8842      DC64D5E1 
 8842      7A55E878 
 8842      25C01F
 8843 2009 B73DB035 		.ascii	"\267=\2605\220\031mX\376\261N\273\243\233\012\253\271"
 8843      90196D58 
ARM GAS  C:\Users\nicx5\AppData\Local\Temp\ccq4ftZ0.s 			page 438


 8843      FEB14EBB 
 8843      A39B0AAB 
 8843      B9
 8844 201a 2D7F89F1 		.ascii	"-\177\211\361\016\362\264f\3760\013;\371G\360\205\245"
 8844      0EF2B466 
 8844      FE300B3B 
 8844      F947F085 
 8844      A5
 8845 202b 59323631 		.ascii	"Y261w\365\255\330\251\212B\240:m\360\201j\217\374\211"
 8845      77F5ADD8 
 8845      A98A42A0 
 8845      3A6DF081 
 8845      6A8FFC89 
 8846 203f E6E1D7E6 		.ascii	"\346\341\327\346,\352\376P\016\270\205\3778\265\004"
 8846      2CEAFE50 
 8846      0EB885FF 
 8846      38B504
 8847 204e 04D1D0E8 		.ascii	"\004\321\320\350\266\350\015\331\371\022\246\203\350"
 8847      B6E80DD9 
 8847      F912A683 
 8847      E8
 8848 205b CE79B084 		.ascii	"\316y\260\204J\026U\257\333\303\365\365\006\004\337"
 8848      4A1655AF 
 8848      DBC3F5F5 
 8848      0604DF
 8849 206a 0745445C 		.ascii	"\007ED\\\315\353T\277\365\2421\310D|\005\0141`\012\352"
 8849      CDEB54BF 
 8849      F5A231C8 
 8849      447C050C 
 8849      31600AEA 
 8850 207e 81CFC825 		.ascii	"\201\317\310%\225\323y\266\333\223]\033h\033|c\301t"
 8850      95D379B6 
 8850      DB935D1B 
 8850      681B7C63 
 8850      C174
 8851 2090 E4434F53 		.ascii	"\344COS<\231\304J\206\264\005\024)\340\202%\272(~7\021"
 8851      3C99C44A 
 8851      86B40514 
 8851      29E08225 
 8851      BA287E37 
 8852 20a5 52790172 		.ascii	"Ry\001r0\333\364\211{\327\223\206\246W\366\031FN\224"
 8852      30DBF489 
 8852      7BD79386 
 8852      A657F619 
 8852      464E94
 8853 20b8 26F189C3 		.ascii	"&\361\211\303p\370\004\001R~\347\231\302B\261\362%;"
 8853      70F80401 
 8853      527EE799 
 8853      C242B1F2 
 8853      253B
 8854 20ca 406EF7D6 		.ascii	"@n\367\326\027\212U\244\3210\263\256(\016\376y\270L"
 8854      178A55A4 
 8854      D130B3AE 
 8854      280EFE79 
 8854      B84C
 8855 20dc 109C05B5 		.ascii	"\020\234\005\265\344\362\313\336\331\335\354M\301\304"
 8855      E4F2CBDE 
ARM GAS  C:\Users\nicx5\AppData\Local\Temp\ccq4ftZ0.s 			page 439


 8855      D9DDEC4D 
 8855      C1C4
 8856 20ea 131A39DA 		.ascii	"\023\0329\332\252\325\214}[\027+E\332m\034\324X\302"
 8856      AAD58C7D 
 8856      5B172B45 
 8856      DA6D1CD4 
 8856      58C2
 8857 20fc E069D5AE 		.ascii	"\340i\325\256\012\371\211*\026\210\002 F\301k\010\017"
 8857      0AF9892A 
 8857      16880220 
 8857      46C16B08 
 8857      0F
 8858 210d 383CF6E5 		.ascii	"8<\366\345\3200\246\272k \354c\261\211\257\002:\362"
 8858      D030A6BA 
 8858      6B20EC63 
 8858      B189AF02 
 8858      3AF2
 8859 211f D166C292 		.ascii	"\321f\302\222\034\247\225#t\227\363\307f%\225)\360\\"
 8859      1CA79523 
 8859      7497F3C7 
 8859      66259529 
 8859      F05C
 8860 2131 07DAF65D 		.ascii	"\007\332\366]\235:\362\343[\354\224\263M\251\220A\217"
 8860      9D3AF2E3 
 8860      5BEC94B3 
 8860      4DA99041 
 8860      8F
 8861 2142 22391E6F 		.ascii	"\"9\036oR\311\243j\332\257\260\303x(\237\010\016m\353"
 8861      52C9A36A 
 8861      DAAFB0C3 
 8861      78289F08 
 8861      0E6DEB
 8862 2155 09D80652 		.ascii	"\011\330\006R\237XJ\335\375\015\031\313\354\264\256"
 8862      9F584ADD 
 8862      FD0D19CB 
 8862      ECB4AE
 8863 2164 27308EFB 		.ascii	"'0\216\373\003\216\241\322\320\362\3368p^\023X\0032"
 8863      038EA1D2 
 8863      D0F2DE38 
 8863      705E1358 
 8863      0332
 8864 2176 3769F812 		.ascii	"7i\370\022\3349\344\015@\014\036\337]\030\357\003\261"
 8864      DC39E40D 
 8864      400C1EDF 
 8864      5D18EF03 
 8864      B1
 8865 2187 B3E0BB58 		.ascii	"\263\340\273X\275\037|%\332\207\317\030\306\374fY\224"
 8865      BD1F7C25 
 8865      DA87CF18 
 8865      C6FC6659 
 8865      94
 8866 2198 B3CBCD9C 		.ascii	"\263\313\315\234\210\017\352\370\252\243vx:?\324\350"
 8866      880FEAF8 
 8866      AAA37678 
 8866      3A3FD4E8 
 8867 21a8 3282A289 		.ascii	"2\202\242\211\035\375\\\365U\0013\035O\314\241\035^"
 8867      1DFD5CF5 
ARM GAS  C:\Users\nicx5\AppData\Local\Temp\ccq4ftZ0.s 			page 440


 8867      5501331D 
 8867      4FCCA11D 
 8867      5E
 8868 21b9 CD6B9ACB 		.ascii	"\315k\232\313\255\267\366:xOV\273\325\370`\014\262p"
 8868      ADB7F63A 
 8868      784F56BB 
 8868      D5F8600C 
 8868      B270
 8869 21cb 0056FA32 		.ascii	"\000V\3722\360\377\256\206\337\002Pl\203\365\357\001"
 8869      F0FFAE86 
 8869      DF02506C 
 8869      83F5EF01 
 8870 21db 968D4C6C 		.ascii	"\226\215LlB\257\273\230\"n=\252w\215\323\366\204\272"
 8870      42AFBB98 
 8870      226E3DAA 
 8870      778DD3F6 
 8870      84BA
 8871 21ed AF76BEAA 		.ascii	"\257v\276\252$\311\000\210\300&\377\350\251\243&\246"
 8871      24C90088 
 8871      C026FFE8 
 8871      A9A326A6 
 8872 21fd 41445078 		.ascii	"ADPx\310Fl\201p\375\250Z \276\011n\372\246\367=K\340"
 8872      C8466C81 
 8872      70FDA85A 
 8872      20BE096E 
 8872      FAA6F73D 
 8873 2213 14952ABF 		.ascii	"\024\225*\277\007HS\236\244\023\223~\243%\372\244\306"
 8873      0748539E 
 8873      A413937E 
 8873      A325FAA4 
 8873      C6
 8874 2224 A66A08BF 		.ascii	"\246j\010\277\325:\024N`\357\311\012\316\223\235?\035"
 8874      D53A144E 
 8874      60EFC90A 
 8874      CE939D3F 
 8874      1D
 8875 2235 E2928BF8 		.ascii	"\342\222\213\370SD\243l+\212MV\201\325\000V\011U`\036"
 8875      5344A36C 
 8875      2B8A4D56 
 8875      81D50056 
 8875      0955601E 
 8876 2249 67A84F7B 		.ascii	"g\250O{\244W\302c\326\215.\230\374\256J\213\301p\036"
 8876      A457C263 
 8876      D68D2E98 
 8876      FCAE4A8B 
 8876      C1701E
 8877 225c 62CB3987 		.ascii	"b\3139\207\205\314)A\030l\306\322;K\375}\006\371\352"
 8877      85CC2941 
 8877      186CC6D2 
 8877      3B4BFD7D 
 8877      06F9EA
 8878 226f 4E7D94D3 		.ascii	"N}\224\323\244\300\024\202)\274^\334\017?G\347Y\031"
 8878      A4C01482 
 8878      29BC5EDC 
 8878      0F3F47E7 
 8878      5919
 8879 2281 710A1D63 		.ascii	"q\012\035c\300\243\331\254\250\030-\004\245\037M\320"
ARM GAS  C:\Users\nicx5\AppData\Local\Temp\ccq4ftZ0.s 			page 441


 8879      C0A3D9AC 
 8879      A8182D04 
 8879      A51F4DD0 
 8880 2291 203161C4 		.ascii	" 1a\304\377\025\024\340\032]\326\002\035CA:\210\271"
 8880      FF1514E0 
 8880      1A5DD602 
 8880      1D43413A 
 8880      88B9
 8881 22a3 146516BB 		.ascii	"\024e\026\273\243\214\3225\332c+R,D\305\204\311o\301"
 8881      A38CD235 
 8881      DA632B52 
 8881      2C44C584 
 8881      C96FC1
 8882 22b6 017919ED 		.ascii	"\001y\031\3550\361\262[|X\354\030\013\213\3127\346\017"
 8882      30F1B25B 
 8882      7C58EC18 
 8882      0B8BCA37 
 8882      E60F
 8883 22c8 971DEF93 		.ascii	"\227\035\357\223\200\026\0239>\264\261\200\370\016\270"
 8883      80161339 
 8883      3EB4B180 
 8883      F80EB8
 8884 22d7 CEA6790D 		.ascii	"\316\246y\015/\025\032p\021\214\250A\214\332^}\177\357"
 8884      2F151A70 
 8884      118CA841 
 8884      8CDA5E7D 
 8884      7FEF
 8885 22e9 0871641D 		.ascii	"\010qd\035A\010V\021\334\227\004\201\210w\023\215\210"
 8885      41085611 
 8885      DC970481 
 8885      8877138D 
 8885      88
 8886 22fa 38088525 		.ascii	"8\010\205%`opJ\321`t\241\245[i\331\027X\034+m\274\211"
 8886      606F704A 
 8886      D16074A1 
 8886      A55B69D9 
 8886      17581C2B 
 8887 2311 53B72280 		.ascii	"S\267\"\200\271\253$)\214M\3631ORJ\001]\310\376\011"
 8887      B9AB2429 
 8887      8C4DF331 
 8887      4F524A01 
 8887      5DC8FE09 
 8888 2325 C2AD3040 		.ascii	"\302\2550@;f^\205\224\211\351\351M\323\206b\225\017"
 8888      3B665E85 
 8888      9489E9E9 
 8888      4DD38662 
 8888      950F
 8889 2337 EA292B35 		.ascii	"\352)+5TL\374\273y+r\224v\036\3045y\363\326\262\372"
 8889      544CFCBB 
 8889      792B7294 
 8889      761EC435 
 8889      79F3D6B2 
 8890 234c 3F00F89C 		.ascii	"?\000\370\234\347\363\2642p\004\300\374\220\312\002"
 8890      E7F3B432 
 8890      7004C0FC 
 8890      90CA02
 8891 235b D80C7691 		.ascii	"\330\014v\221\202\244@\210eO\037\013\017>\2462\337\306"
ARM GAS  C:\Users\nicx5\AppData\Local\Temp\ccq4ftZ0.s 			page 442


 8891      82A44088 
 8891      654F1F0B 
 8891      0F3EA632 
 8891      DFC6
 8892 236d DDF3C9B4 		.ascii	"\335\363\311\2648/s\327\221@\211@\026\203\005\033ys"
 8892      382F73D7 
 8892      91408940 
 8892      1683051B 
 8892      7973
 8893 237f 8BD3E10D 		.ascii	"\213\323\341\015\007s\327.jn\300\3603p\310qk\315\037"
 8893      0773D72E 
 8893      6A6EC0F0 
 8893      3370C871 
 8893      6BCD1F
 8894 2392 F90B7978 		.ascii	"\371\013yx\326\022\374\241\005\320\255\255\2008\235"
 8894      D612FCA1 
 8894      05D0ADAD 
 8894      80389D
 8895 23a1 0842D9F8 		.ascii	"\010B\331\370i\"^\"Xa\230\177\031\263+\331\201\341\035"
 8895      69225E22 
 8895      5861987F 
 8895      19B32BD9 
 8895      81E11D
 8896 23b4 B5DAFDCE 		.ascii	"\265\332\375\316\266y\034\370\035lo\211\3261\320\317"
 8896      B6791CF8 
 8896      1D6C6F89 
 8896      D631D0CF 
 8897 23c4 B6086892 		.ascii	"\266\010h\222\201\304\003\261U)\237\322\347\360\034"
 8897      81C403B1 
 8897      55299FD2 
 8897      E7F01C
 8898 23d3 4FB11949 		.ascii	"O\261\031I\323\232=\230\033 r\375\246H\357\335\243\335"
 8898      D39A3D98 
 8898      1B2072FD 
 8898      A648EFDD 
 8898      A3DD
 8899 23e5 F7401A97 		.ascii	"\367@\032\227\351T\033\275\307\356\004p\216\265(\350"
 8899      E9541BBD 
 8899      C7EE0470 
 8899      8EB528E8 
 8900 23f5 3C78443A 		.ascii	"<xD:\033)T6\371\377e\375\005\362\273\275\270\224\220"
 8900      1B295436 
 8900      F9FF65FD 
 8900      05F2BBBD 
 8900      B89490
 8901 2408 921DC8EA 		.ascii	"\222\035\310\352\231;\210\203bL\237U\274\365\031\220"
 8901      993B8883 
 8901      624C9F55 
 8901      BCF51990 
 8902 2418 C9F63F3B 		.ascii	"\311\366?;\232\037R\217\325e\363\256(2\364\333}\301"
 8902      9A1F528F 
 8902      D565F3AE 
 8902      2832F4DB 
 8902      7DC1
 8903 242a CA04DDFC 		.ascii	"\312\004\335\374\207\373\242R\267\036o\221o\015)Es8"
 8903      87FBA252 
 8903      B71E6F91 
ARM GAS  C:\Users\nicx5\AppData\Local\Temp\ccq4ftZ0.s 			page 443


 8903      6F0D2945 
 8903      7338
 8904 243c 2FE28097 		.ascii	"/\342\200\2278\325\240\203?\245%\305\001\370\342\361"
 8904      38D5A083 
 8904      3FA525C5 
 8904      01F8E2F1 
 8905 244c 5E9784CE 		.ascii	"^\227\204\316\267*\346\025\325\2227\270T\374\000~\374"
 8905      B72AE615 
 8905      D59237B8 
 8905      54FC007E 
 8905      FC
 8906 245d 2DAB6522 		.ascii	"-\253e\"\012'\340\010\316\341\023\007x6\206\237\224"
 8906      0A27E008 
 8906      CEE11307 
 8906      7836869F 
 8906      94
 8907 246e DA18FC13 		.ascii	"\332\030\374\023\311\266\035\032\320\231\3708\316\202"
 8907      C9B61D1A 
 8907      D099F838 
 8907      CE82
 8908 247c E0143426 		.ascii	"\340\0244&g~\2678\016\306\256p\356\"\251;\204\225\020"
 8908      677EB738 
 8908      0EC6AE70 
 8908      EE22A93B 
 8908      849510
 8909 248f 62756CCF 		.ascii	"bul\317\033G\207\376\226\337\212\216\277Q\331t\374|"
 8909      1B4787FE 
 8909      96DF8A8E 
 8909      BF51D974 
 8909      FC7C
 8910 24a1 A1D349DA 		.ascii	"\241\323I\332\221\275{fb\251\007\341{\204M,>FP\020T"
 8910      91BD7B66 
 8910      62A907E1 
 8910      7B844D2C 
 8910      3E465010 
 8911 24b6 6AF6B03D 		.ascii	"j\366\260=9'\221\020\274Sl\011\2036\304\255*2\260\323"
 8911      39279110 
 8911      BC536C09 
 8911      8336C4AD 
 8911      2A32B0D3 
 8912 24ca AD30420D 		.ascii	"\2550B\015\322\020\305\373\362*\367)\314\373\3052\267"
 8912      D210C5FB 
 8912      F22AF729 
 8912      CCFBC532 
 8912      B7
 8913 24db E80C7418 		.ascii	"\350\014t\030|\000\037H k#\304h\321\252\253\312\015"
 8913      7C001F48 
 8913      206B23C4 
 8913      68D1AAAB 
 8913      CA0D
 8914 24ed C61094F2 		.ascii	"\306\020\224\362\210<\220\256\335\273\030^w\277[\317"
 8914      883C90AE 
 8914      DDBB185E 
 8914      77BF5BCF 
 8915 24fd 31AB9D53 		.ascii	"1\253\235S\210\305WQ{?,\234\010W#QZ\2455\000\212b;n"
 8915      88C55751 
 8915      7B3F2C9C 
ARM GAS  C:\Users\nicx5\AppData\Local\Temp\ccq4ftZ0.s 			page 444


 8915      08572351 
 8915      5AA53500 
 8916 2515 A5C158E7 		.ascii	"\245\301X\347\235:\343\017o\210\371\345\033\014\310"
 8916      9D3AE30F 
 8916      6F88F9E5 
 8916      1B0CC8
 8917 2524 8194BC7F 		.ascii	"\201\224\274\177\204\006\217t\012\246\025\037\014<a"
 8917      84068F74 
 8917      0AA6151F 
 8917      0C3C61
 8918 2533 5A166F80 		.ascii	"Z\026o\200l\223\200\373\363\250\363\001\031\303\372"
 8918      6C9380FB 
 8918      F3A8F301 
 8918      19C3FA
 8919 2542 29887C0B 		.ascii	")\210|\013\311\"\322\027\334\355w\0013\332_\014\370"
 8919      C922D217 
 8919      DCED7701 
 8919      33DA5F0C 
 8919      F8
 8920 2553 E1F4F9B1 		.ascii	"\341\364\371\261\251l\252~IFd\026<\003\344q\321\032"
 8920      A96CAA7E 
 8920      49466416 
 8920      3C03E471 
 8920      D11A
 8921 2565 0F3A403D 		.ascii	"\017:@=OU\006\361We\247\315\265\256\212\003\016P.\224"
 8921      4F5506F1 
 8921      5765A7CD 
 8921      B5AE8A03 
 8921      0E502E94 
 8922 2579 75DD0A01 		.ascii	"u\335\012\001\303\030\021<uq>\344\020\240\017\373\033"
 8922      C318113C 
 8922      75713EE4 
 8922      10A00FFB 
 8922      1B
 8923 258a AC6E5659 		.ascii	"\254nVYC~h\375\007\243\223\034\022|y\013\304\224w\331"
 8923      437E68FD 
 8923      07A3931C 
 8923      127C790B 
 8923      C49477D9 
 8924 259e 504E86AF 		.ascii	"PN\206\2570\227B\340\310\\%W\012\234u\256-\327\025c"
 8924      309742E0 
 8924      C85C2557 
 8924      0A9C75AE 
 8924      2DD71563 
 8925 25b2 86F8B011 		.ascii	"\206\370\260\021k\024\273\001\020\223\251\010\012\274"
 8925      6B14BB01 
 8925      1093A908 
 8925      0ABC
 8926 25c0 8A596804 		.ascii	"\212Yh\004\311\204\374X\250\2564\000\370X\023\012\353"
 8926      C984FC58 
 8926      A8AE3400 
 8926      F858130A 
 8926      EB
 8927 25d1 7B305AB1 		.ascii	"{0Z\261\033\250\006\007n\177\315\351\001FWi\265\346"
 8927      1BA80607 
 8927      6E7FCDE9 
 8927      01465769 
ARM GAS  C:\Users\nicx5\AppData\Local\Temp\ccq4ftZ0.s 			page 445


 8927      B5E6
 8928 25e3 602970BA 		.ascii	"`)p\272\270\2057D.c\351\333\263\316\015,e\011\336hU"
 8928      B8853744 
 8928      2E63E9DB 
 8928      B3CE0D2C 
 8928      6509DE68 
 8929 25f8 0984C18F 		.ascii	"\011\204\301\217\336\325\022\217\222|j\207t\245H>\002"
 8929      DED5128F 
 8929      927C6A87 
 8929      74A5483E 
 8929      02
 8930 2609 3EE49B92 		.ascii	">\344\233\222L\312{\210;`\245\206g\222$\314\232\024"
 8930      4CCA7B88 
 8930      3B60A586 
 8930      679224CC 
 8930      9A14
 8931 261b 4FF135B0 		.ascii	"O\3615\260\261\236\3447H\362\205\264Q\322\231\025\244"
 8931      B19EE437 
 8931      48F285B4 
 8931      51D29915 
 8931      A4
 8932 262c 2720A118 		.ascii	"' \241\0308\376X\225\243\1772\316V\000\367o\221\360"
 8932      38FE5895 
 8932      A37F32CE 
 8932      5600F76F 
 8932      91F0
 8933 263e 8F02BBE7 		.ascii	"\217\002\273\347\372\026g\356)\031\344\337\252\034\211"
 8933      FA1667EE 
 8933      2919E4DF 
 8933      AA1C89
 8934 264d 943712F7 		.ascii	"\2247\022\367\311J\324\366\3464n\301\301\017U\032*\221"
 8934      C94AD4F6 
 8934      E6346EC1 
 8934      C10F551A 
 8934      2A91
 8935 265f 40744F61 		.ascii	"@tOa\252h\260\347\227(v\236\373q\206\212\211\177\216"
 8935      AA68B0E7 
 8935      9728769E 
 8935      FB71868A 
 8935      897F8E
 8936 2672 5F12DA23 		.ascii	"_\022\332#\001\240\024\356\266@\026 \200p6\324\314P"
 8936      01A014EE 
 8936      B6401620 
 8936      807036D4 
 8936      CC50
 8937 2684 C6BE4E7D 		.ascii	"\306\276N}\270\364\015\371B\361D\033\201\007\327\007"
 8937      B8F40DF9 
 8937      42F1441B 
 8937      8107D707 
 8938 2694 B023E9D8 		.ascii	"\260#\351\330\240\336\230\006\003}q\211\316.h2\177\237"
 8938      A0DE9806 
 8938      037D7189 
 8938      CE2E6832 
 8938      7F9F
 8939 26a6 0E1A60AD 		.ascii	"\016\032`\255j\365sMc\257\024\221g\245\302f\325\301"
 8939      6AF5734D 
 8939      63AF1491 
ARM GAS  C:\Users\nicx5\AppData\Local\Temp\ccq4ftZ0.s 			page 446


 8939      67A5C266 
 8939      D5C1
 8940 26b8 7C2B4FFE 		.ascii	"|+O\376\234\360<\371\313kJ7\303\032\024\260\267\311"
 8940      9CF03CF9 
 8940      CB6B4A37 
 8940      C31A14B0 
 8940      B7C9
 8941 26ca BD5A816F 		.ascii	"\275Z\201o\2524\023s\372\314\036\275\004}\311\303\276"
 8941      AA341373 
 8941      FACC1EBD 
 8941      047DC9C3 
 8941      BE
 8942 26db 8B68F5FB 		.ascii	"\213h\365\373\006\306\267\252\351`\203\377!\270\370"
 8942      06C6B7AA 
 8942      E96083FF 
 8942      21B8F8
 8943 26ea 677488AE 		.ascii	"gt\210\256\217\370u\207o\234\266\007\354S\351\363\304"
 8943      8FF87587 
 8943      6F9CB607 
 8943      EC53E9F3 
 8943      C4
 8944 26fb DF91F380 		.ascii	"\337\221\363\200\220\037V7E\257\247C\366$\242\017\005"
 8944      901F5637 
 8944      45AFA743 
 8944      F624A20F 
 8944      05
 8945 270c 47B3D675 		.ascii	"G\263\326u"
 8946 2710 4FBEB09F 		.ascii	"O\276\260\237\324\373Z\207I\322g\270\227\367\035\257"
 8946      D4FB5A87 
 8946      49D267B8 
 8946      97F71DAF 
 8947 2720 1BBAF7E6 		.ascii	"\033\272\367\346\230\273\342\035\306\341wa\310\202y"
 8947      98BBE21D 
 8947      C6E17761 
 8947      C88279
 8948 272f FFD9AB5C 		.ascii	"\377\331\253\\{\346\005\361\235\314\260\341\265\345"
 8948      7BE605F1 
 8948      9DCCB0E1 
 8948      B5E5
 8949 273d 28832077 		.ascii	"(\203 w\324\006\257\3744,\333\250\000u\317\232\275q"
 8949      D406AFFC 
 8949      342CDBA8 
 8949      0075CF9A 
 8949      BD71
 8950 274f 9FF56DEB 		.ascii	"\237\365m\353\000\354-\267\245`\374GXii\377\221\217"
 8950      00EC2DB7 
 8950      A560FC47 
 8950      586969FF 
 8950      918F
 8951 2761 A14FE577 		.ascii	"\241O\345w\276=\301\222\264w\030\241\177\304\360\311"
 8951      BE3DC192 
 8951      B47718A1 
 8951      7FC4F0C9 
 8952 2771 8A109CB5 		.ascii	"\212\020\234\265g:\010\027\314\036<\010\234`yf\260\274"
 8952      673A0817 
 8952      CC1E3C08 
 8952      9C607966 
ARM GAS  C:\Users\nicx5\AppData\Local\Temp\ccq4ftZ0.s 			page 447


 8952      B0BC
 8953 2783 9FD999F5 		.ascii	"\237\331\231\365_\0373vs\377\270\310\035\373\360\372"
 8953      5F1F3376 
 8953      73FFB8C8 
 8953      1DFBF0FA 
 8954 2793 AFD25902 		.ascii	"\257\322Y\002_[\020v\306\2635\342\247\231_\301\344\243"
 8954      5F5B1076 
 8954      C6B335E2 
 8954      A7995FC1 
 8954      E4A3
 8955 27a5 517E4FAC 		.ascii	"Q~O\254\233m{\030\303\263(\306\301\2541\025v8!\345\360"
 8955      9B6D7B18 
 8955      C3B328C6 
 8955      C1AC3115 
 8955      763821E5 
 8956 27ba A304E378 		.ascii	"\243\004\343xS?\335g\331\235\340\264hius\034;^\354\346"
 8956      533FDD67 
 8956      D99DE0B4 
 8956      68697573 
 8956      1C3B5EEC 
 8957 27cf 71F987D6 		.ascii	"q\371\207\326m\\:\332\374\237x\317\304\275\217\273\343"
 8957      6D5C3ADA 
 8957      FC9F78CF 
 8957      C4BD8FBB 
 8957      E3
 8958 27e0 6635219F 		.ascii	"f5!\237M\235qY\315\373%\366?&\370\016\300\275V\3542"
 8958      4D9D7159 
 8958      CDFB25F6 
 8958      3F26F80E 
 8958      C0BD56EC 
 8959 27f5 E0789163 		.ascii	"\340x\221c\324\377}\203f[J\202_\336L\303\340)\020|\366"
 8959      D4FF7D83 
 8959      665B4A82 
 8959      5FDE4CC3 
 8959      E029107C 
 8960 280a AC73A79C 		.ascii	"\254s\247\234g\3429[C\2673\340\3675\006\012\371\262"
 8960      67E2395B 
 8960      43B733E0 
 8960      F735060A 
 8960      F9B2
 8961 281c D1BCDB0F 		.ascii	"\321\274\333\017\260\275\002R\233\200o.a\206\267\014"
 8961      B0BD0252 
 8961      9B806F2E 
 8961      6186B70C 
 8962 282c 0F3E1360 		.ascii	"\017>\023`\031\371\346\260\361\300\341\001\315sC_\332"
 8962      19F9E6B0 
 8962      F1C0E101 
 8962      CD73435F 
 8962      DA
 8963 283d 43E5EF9D 		.ascii	"C\345\357\235\344\000\024}/w\311\333\206\252\333\304"
 8963      E400147D 
 8963      2F77C9DB 
 8963      86AADBC4 
 8964 284d E78C7060 		.ascii	"\347\214p`\371}\234\000\362|\346\315\373\270\255f\366"
 8964      F97D9C00 
 8964      F27CE6CD 
 8964      FBB8AD66 
ARM GAS  C:\Users\nicx5\AppData\Local\Temp\ccq4ftZ0.s 			page 448


 8964      F6
 8965 285e B3FD03A8 		.ascii	"\263\375\003\250.\027\027v,~\337\205\376\203\331\010"
 8965      2E171776 
 8965      2C7EDF85 
 8965      FE83D908 
 8966 286e 9C7B83A9 		.ascii	"\234{\203\251\377\3314\037\345~\315\347\203\274-E\375"
 8966      FFD9341F 
 8966      E57ECDE7 
 8966      83BC2D45 
 8966      FD
 8967 287f 5EB81E35 		.ascii	"^\270\0365-\270\260\374\006\373w\353\263~{\013<\003"
 8967      2DB8B0FC 
 8967      06FB77EB 
 8967      B37E7B0B 
 8967      3C03
 8968 2891 E5F058BB 		.ascii	"\345\360X\273\036Ws\361/\366\265\330\240\243\203.\337"
 8968      1E5773F1 
 8968      2FF6B5D8 
 8968      A0A3832E 
 8968      DF
 8969 28a2 7ABBD4DF 		.ascii	"z\273\324\337\373\012\367\342g\022\257^\254q\332R\322"
 8969      FB0AF7E2 
 8969      6712AF5E 
 8969      AC71DA52 
 8969      D2
 8970 28b3 CCB9F85B 		.ascii	"\314\271\370[\340\033\232-*\362\327\315P\224\341\013"
 8970      E01B9A2D 
 8970      2AF2D7CD 
 8970      5094E10B 
 8971 28c3 E8E26397 		.ascii	"\350\342c\227\2507w\237v\373+lg\030\216\002\341\271"
 8971      A837779F 
 8971      76FB2B6C 
 8971      67188E02 
 8971      E1B9
 8972 28d5 B51BBE5A 		.ascii	"\265\033\276Z\206\227wr\366(\310\361Rx\002\352?\230"
 8972      86977772 
 8972      F628C8F1 
 8972      527802EA 
 8972      3F98
 8973 28e7 8B3CDFBB 		.ascii	"\213<\337\273.3!\302f\322\355p\256\245\324\306\302\371"
 8973      2E3321C2 
 8973      66D2ED70 
 8973      AEA5D4C6 
 8973      C2F9
 8974 28f9 0ACCBA38 		.ascii	"\012\314\2728\261\335\344\312\351\271\352\034-\0369"
 8974      B1DDE4CA 
 8974      E9B9EA1C 
 8974      2D1E39
 8975 2908 FD8A3DD6 		.ascii	"\375\212=\326/m\350Y\372!B\240:p\304\353\003\377\307"
 8975      2F6DE859 
 8975      FA2142A0 
 8975      3A70C4EB 
 8975      03FFC7
 8976 291b 7F38F138 		.ascii	"\1778\3618\377|\336\211\207\324\335\301\227\301\236"
 8976      FF7CDE89 
 8976      87D4DDC1 
 8976      97C19E
ARM GAS  C:\Users\nicx5\AppData\Local\Temp\ccq4ftZ0.s 			page 449


 8977 292a CD3803AB 		.ascii	"\3158\003\253\324\277XxJ\336\362\342\012\022q]\330\333"
 8977      D4BF5878 
 8977      4ADEF2E2 
 8977      0A12715D 
 8977      D8DB
 8978 293c EC0A     		.ascii	"\354\012"
 8979              		.text
 8980              		.section	.gnu.lto_.symtab.1f3e1af6,"e",%progbits
 8981 0000 48414C5F 		.ascii	"HAL_ADC_MspInit\000"
 8981      4144435F 
 8981      4D737049 
 8981      6E697400 
 8982 0010 00       		.ascii	"\000"
 8983 0011 01       		.ascii	"\001"
 8984 0012 00       		.ascii	"\000"
 8985 0013 00000000 		.ascii	"\000\000\000\000\000\000\000\000"
 8985      00000000 
 8986 001b 92020000 		.ascii	"\222\002\000\000"
 8987 001f 48414C5F 		.ascii	"HAL_ADC_MspDeInit\000"
 8987      4144435F 
 8987      4D737044 
 8987      65496E69 
 8987      7400
 8988 0031 00       		.ascii	"\000"
 8989 0032 01       		.ascii	"\001"
 8990 0033 00       		.ascii	"\000"
 8991 0034 00000000 		.ascii	"\000\000\000\000\000\000\000\000"
 8991      00000000 
 8992 003c 95020000 		.ascii	"\225\002\000\000"
 8993 0040 48414C5F 		.ascii	"HAL_ADC_PollForConversion\000"
 8993      4144435F 
 8993      506F6C6C 
 8993      466F7243 
 8993      6F6E7665 
 8994 005a 00       		.ascii	"\000"
 8995 005b 00       		.ascii	"\000"
 8996 005c 00       		.ascii	"\000"
 8997 005d 00000000 		.ascii	"\000\000\000\000\000\000\000\000"
 8997      00000000 
 8998 0065 9D020000 		.ascii	"\235\002\000\000"
 8999 0069 48414C5F 		.ascii	"HAL_ADC_PollForEvent\000"
 8999      4144435F 
 8999      506F6C6C 
 8999      466F7245 
 8999      76656E74 
 9000 007e 00       		.ascii	"\000"
 9001 007f 00       		.ascii	"\000"
 9002 0080 00       		.ascii	"\000"
 9003 0081 00000000 		.ascii	"\000\000\000\000\000\000\000\000"
 9003      00000000 
 9004 0089 A3020000 		.ascii	"\243\002\000\000"
 9005 008d 48414C5F 		.ascii	"HAL_ADC_GetValue\000"
 9005      4144435F 
 9005      47657456 
 9005      616C7565 
 9005      00
 9006 009e 00       		.ascii	"\000"
ARM GAS  C:\Users\nicx5\AppData\Local\Temp\ccq4ftZ0.s 			page 450


 9007 009f 00       		.ascii	"\000"
 9008 00a0 00       		.ascii	"\000"
 9009 00a1 00000000 		.ascii	"\000\000\000\000\000\000\000\000"
 9009      00000000 
 9010 00a9 A7020000 		.ascii	"\247\002\000\000"
 9011 00ad 48414C5F 		.ascii	"HAL_ADC_ConvCpltCallback\000"
 9011      4144435F 
 9011      436F6E76 
 9011      43706C74 
 9011      43616C6C 
 9012 00c6 00       		.ascii	"\000"
 9013 00c7 01       		.ascii	"\001"
 9014 00c8 00       		.ascii	"\000"
 9015 00c9 00000000 		.ascii	"\000\000\000\000\000\000\000\000"
 9015      00000000 
 9016 00d1 AA020000 		.ascii	"\252\002\000\000"
 9017 00d5 48414C5F 		.ascii	"HAL_ADC_ConvHalfCpltCallback\000"
 9017      4144435F 
 9017      436F6E76 
 9017      48616C66 
 9017      43706C74 
 9018 00f2 00       		.ascii	"\000"
 9019 00f3 01       		.ascii	"\001"
 9020 00f4 00       		.ascii	"\000"
 9021 00f5 00000000 		.ascii	"\000\000\000\000\000\000\000\000"
 9021      00000000 
 9022 00fd AD020000 		.ascii	"\255\002\000\000"
 9023 0101 4144435F 		.ascii	"ADC_DMAHalfConvCplt\000"
 9023      444D4148 
 9023      616C6643 
 9023      6F6E7643 
 9023      706C7400 
 9024 0115 00       		.ascii	"\000"
 9025 0116 00       		.ascii	"\000"
 9026 0117 00       		.ascii	"\000"
 9027 0118 00000000 		.ascii	"\000\000\000\000\000\000\000\000"
 9027      00000000 
 9028 0120 B1020000 		.ascii	"\261\002\000\000"
 9029 0124 48414C5F 		.ascii	"HAL_ADC_LevelOutOfWindowCallback\000"
 9029      4144435F 
 9029      4C657665 
 9029      6C4F7574 
 9029      4F665769 
 9030 0145 00       		.ascii	"\000"
 9031 0146 01       		.ascii	"\001"
 9032 0147 00       		.ascii	"\000"
 9033 0148 00000000 		.ascii	"\000\000\000\000\000\000\000\000"
 9033      00000000 
 9034 0150 B4020000 		.ascii	"\264\002\000\000"
 9035 0154 48414C5F 		.ascii	"HAL_ADC_ErrorCallback\000"
 9035      4144435F 
 9035      4572726F 
 9035      7243616C 
 9035      6C626163 
 9036 016a 00       		.ascii	"\000"
 9037 016b 01       		.ascii	"\001"
 9038 016c 00       		.ascii	"\000"
ARM GAS  C:\Users\nicx5\AppData\Local\Temp\ccq4ftZ0.s 			page 451


 9039 016d 00000000 		.ascii	"\000\000\000\000\000\000\000\000"
 9039      00000000 
 9040 0175 B7020000 		.ascii	"\267\002\000\000"
 9041 0179 48414C5F 		.ascii	"HAL_ADC_IRQHandler\000"
 9041      4144435F 
 9041      49525148 
 9041      616E646C 
 9041      657200
 9042 018c 00       		.ascii	"\000"
 9043 018d 00       		.ascii	"\000"
 9044 018e 00       		.ascii	"\000"
 9045 018f 00000000 		.ascii	"\000\000\000\000\000\000\000\000"
 9045      00000000 
 9046 0197 B9020000 		.ascii	"\271\002\000\000"
 9047 019b 4144435F 		.ascii	"ADC_DMAConvCplt\000"
 9047      444D4143 
 9047      6F6E7643 
 9047      706C7400 
 9048 01ab 00       		.ascii	"\000"
 9049 01ac 00       		.ascii	"\000"
 9050 01ad 00       		.ascii	"\000"
 9051 01ae 00000000 		.ascii	"\000\000\000\000\000\000\000\000"
 9051      00000000 
 9052 01b6 BB020000 		.ascii	"\273\002\000\000"
 9053 01ba 4144435F 		.ascii	"ADC_DMAError\000"
 9053      444D4145 
 9053      72726F72 
 9053      00
 9054 01c7 00       		.ascii	"\000"
 9055 01c8 00       		.ascii	"\000"
 9056 01c9 00       		.ascii	"\000"
 9057 01ca 00000000 		.ascii	"\000\000\000\000\000\000\000\000"
 9057      00000000 
 9058 01d2 BD020000 		.ascii	"\275\002\000\000"
 9059 01d6 48414C5F 		.ascii	"HAL_ADC_ConfigChannel\000"
 9059      4144435F 
 9059      436F6E66 
 9059      69674368 
 9059      616E6E65 
 9060 01ec 00       		.ascii	"\000"
 9061 01ed 00       		.ascii	"\000"
 9062 01ee 00       		.ascii	"\000"
 9063 01ef 00000000 		.ascii	"\000\000\000\000\000\000\000\000"
 9063      00000000 
 9064 01f7 C5020000 		.ascii	"\305\002\000\000"
 9065 01fb 48414C5F 		.ascii	"HAL_ADC_AnalogWDGConfig\000"
 9065      4144435F 
 9065      416E616C 
 9065      6F675744 
 9065      47436F6E 
 9066 0213 00       		.ascii	"\000"
 9067 0214 00       		.ascii	"\000"
 9068 0215 00       		.ascii	"\000"
 9069 0216 00000000 		.ascii	"\000\000\000\000\000\000\000\000"
 9069      00000000 
 9070 021e CF020000 		.ascii	"\317\002\000\000"
 9071 0222 48414C5F 		.ascii	"HAL_ADC_GetState\000"
ARM GAS  C:\Users\nicx5\AppData\Local\Temp\ccq4ftZ0.s 			page 452


 9071      4144435F 
 9071      47657453 
 9071      74617465 
 9071      00
 9072 0233 00       		.ascii	"\000"
 9073 0234 00       		.ascii	"\000"
 9074 0235 00       		.ascii	"\000"
 9075 0236 00000000 		.ascii	"\000\000\000\000\000\000\000\000"
 9075      00000000 
 9076 023e D1020000 		.ascii	"\321\002\000\000"
 9077 0242 48414C5F 		.ascii	"HAL_ADC_GetError\000"
 9077      4144435F 
 9077      47657445 
 9077      72726F72 
 9077      00
 9078 0253 00       		.ascii	"\000"
 9079 0254 00       		.ascii	"\000"
 9080 0255 00       		.ascii	"\000"
 9081 0256 00000000 		.ascii	"\000\000\000\000\000\000\000\000"
 9081      00000000 
 9082 025e D3020000 		.ascii	"\323\002\000\000"
 9083 0262 4144435F 		.ascii	"ADC_ConversionStop\000"
 9083      436F6E76 
 9083      65727369 
 9083      6F6E5374 
 9083      6F7000
 9084 0275 00       		.ascii	"\000"
 9085 0276 00       		.ascii	"\000"
 9086 0277 00       		.ascii	"\000"
 9087 0278 00000000 		.ascii	"\000\000\000\000\000\000\000\000"
 9087      00000000 
 9088 0280 D5020000 		.ascii	"\325\002\000\000"
 9089 0284 4144435F 		.ascii	"ADC_Enable\000"
 9089      456E6162 
 9089      6C6500
 9090 028f 00       		.ascii	"\000"
 9091 0290 00       		.ascii	"\000"
 9092 0291 00       		.ascii	"\000"
 9093 0292 00000000 		.ascii	"\000\000\000\000\000\000\000\000"
 9093      00000000 
 9094 029a D9020000 		.ascii	"\331\002\000\000"
 9095 029e 48414C5F 		.ascii	"HAL_ADC_Start\000"
 9095      4144435F 
 9095      53746172 
 9095      7400
 9096 02ac 00       		.ascii	"\000"
 9097 02ad 00       		.ascii	"\000"
 9098 02ae 00       		.ascii	"\000"
 9099 02af 00000000 		.ascii	"\000\000\000\000\000\000\000\000"
 9099      00000000 
 9100 02b7 DB020000 		.ascii	"\333\002\000\000"
 9101 02bb 48414C5F 		.ascii	"HAL_ADC_Start_IT\000"
 9101      4144435F 
 9101      53746172 
 9101      745F4954 
 9101      00
 9102 02cc 00       		.ascii	"\000"
ARM GAS  C:\Users\nicx5\AppData\Local\Temp\ccq4ftZ0.s 			page 453


 9103 02cd 00       		.ascii	"\000"
 9104 02ce 00       		.ascii	"\000"
 9105 02cf 00000000 		.ascii	"\000\000\000\000\000\000\000\000"
 9105      00000000 
 9106 02d7 DD020000 		.ascii	"\335\002\000\000"
 9107 02db 48414C5F 		.ascii	"HAL_ADC_Start_DMA\000"
 9107      4144435F 
 9107      53746172 
 9107      745F444D 
 9107      4100
 9108 02ed 00       		.ascii	"\000"
 9109 02ee 00       		.ascii	"\000"
 9110 02ef 00       		.ascii	"\000"
 9111 02f0 00000000 		.ascii	"\000\000\000\000\000\000\000\000"
 9111      00000000 
 9112 02f8 E3020000 		.ascii	"\343\002\000\000"
 9113 02fc 4144435F 		.ascii	"ADC_Disable\000"
 9113      44697361 
 9113      626C6500 
 9114 0308 00       		.ascii	"\000"
 9115 0309 00       		.ascii	"\000"
 9116 030a 00       		.ascii	"\000"
 9117 030b 00000000 		.ascii	"\000\000\000\000\000\000\000\000"
 9117      00000000 
 9118 0313 E5020000 		.ascii	"\345\002\000\000"
 9119 0317 48414C5F 		.ascii	"HAL_ADC_DeInit\000"
 9119      4144435F 
 9119      4465496E 
 9119      697400
 9120 0326 00       		.ascii	"\000"
 9121 0327 00       		.ascii	"\000"
 9122 0328 00       		.ascii	"\000"
 9123 0329 00000000 		.ascii	"\000\000\000\000\000\000\000\000"
 9123      00000000 
 9124 0331 E8020000 		.ascii	"\350\002\000\000"
 9125 0335 48414C5F 		.ascii	"HAL_ADC_Stop\000"
 9125      4144435F 
 9125      53746F70 
 9125      00
 9126 0342 00       		.ascii	"\000"
 9127 0343 00       		.ascii	"\000"
 9128 0344 00       		.ascii	"\000"
 9129 0345 00000000 		.ascii	"\000\000\000\000\000\000\000\000"
 9129      00000000 
 9130 034d EB020000 		.ascii	"\353\002\000\000"
 9131 0351 48414C5F 		.ascii	"HAL_ADC_Stop_IT\000"
 9131      4144435F 
 9131      53746F70 
 9131      5F495400 
 9132 0361 00       		.ascii	"\000"
 9133 0362 00       		.ascii	"\000"
 9134 0363 00       		.ascii	"\000"
 9135 0364 00000000 		.ascii	"\000\000\000\000\000\000\000\000"
 9135      00000000 
 9136 036c ED020000 		.ascii	"\355\002\000\000"
 9137 0370 48414C5F 		.ascii	"HAL_ADC_Stop_DMA\000"
 9137      4144435F 
ARM GAS  C:\Users\nicx5\AppData\Local\Temp\ccq4ftZ0.s 			page 454


 9137      53746F70 
 9137      5F444D41 
 9137      00
 9138 0381 00       		.ascii	"\000"
 9139 0382 00       		.ascii	"\000"
 9140 0383 00       		.ascii	"\000"
 9141 0384 00000000 		.ascii	"\000\000\000\000\000\000\000\000"
 9141      00000000 
 9142 038c EF020000 		.ascii	"\357\002\000\000"
 9143 0390 4144435F 		.ascii	"ADC_ConfigureBoostMode\000"
 9143      436F6E66 
 9143      69677572 
 9143      65426F6F 
 9143      73744D6F 
 9144 03a7 00       		.ascii	"\000"
 9145 03a8 00       		.ascii	"\000"
 9146 03a9 00       		.ascii	"\000"
 9147 03aa 00000000 		.ascii	"\000\000\000\000\000\000\000\000"
 9147      00000000 
 9148 03b2 F1020000 		.ascii	"\361\002\000\000"
 9149 03b6 48414C5F 		.ascii	"HAL_ADC_Init\000"
 9149      4144435F 
 9149      496E6974 
 9149      00
 9150 03c3 00       		.ascii	"\000"
 9151 03c4 00       		.ascii	"\000"
 9152 03c5 00       		.ascii	"\000"
 9153 03c6 00000000 		.ascii	"\000\000\000\000\000\000\000\000"
 9153      00000000 
 9154 03ce F3020000 		.ascii	"\363\002\000\000"
 9155 03d2 53797374 		.ascii	"SystemCoreClock\000"
 9155      656D436F 
 9155      7265436C 
 9155      6F636B00 
 9156 03e2 00       		.ascii	"\000"
 9157 03e3 02       		.ascii	"\002"
 9158 03e4 00       		.ascii	"\000"
 9159 03e5 00000000 		.ascii	"\000\000\000\000\000\000\000\000"
 9159      00000000 
 9160 03ed C7020000 		.ascii	"\307\002\000\000"
 9161 03f1 48414C5F 		.ascii	"HAL_GetTick\000"
 9161      47657454 
 9161      69636B00 
 9162 03fd 00       		.ascii	"\000"
 9163 03fe 02       		.ascii	"\002"
 9164 03ff 00       		.ascii	"\000"
 9165 0400 00000000 		.ascii	"\000\000\000\000\000\000\000\000"
 9165      00000000 
 9166 0408 F6020000 		.ascii	"\366\002\000\000"
 9167 040c 48414C5F 		.ascii	"HAL_ADCEx_InjectedQueueOverflowCallback\000"
 9167      41444345 
 9167      785F496E 
 9167      6A656374 
 9167      65645175 
 9168 0434 00       		.ascii	"\000"
 9169 0435 02       		.ascii	"\002"
 9170 0436 00       		.ascii	"\000"
ARM GAS  C:\Users\nicx5\AppData\Local\Temp\ccq4ftZ0.s 			page 455


 9171 0437 00000000 		.ascii	"\000\000\000\000\000\000\000\000"
 9171      00000000 
 9172 043f F8020000 		.ascii	"\370\002\000\000"
 9173 0443 48414C5F 		.ascii	"HAL_ADCEx_LevelOutOfWindow3Callback\000"
 9173      41444345 
 9173      785F4C65 
 9173      76656C4F 
 9173      75744F66 
 9174 0467 00       		.ascii	"\000"
 9175 0468 02       		.ascii	"\002"
 9176 0469 00       		.ascii	"\000"
 9177 046a 00000000 		.ascii	"\000\000\000\000\000\000\000\000"
 9177      00000000 
 9178 0472 FA020000 		.ascii	"\372\002\000\000"
 9179 0476 48414C5F 		.ascii	"HAL_ADCEx_LevelOutOfWindow2Callback\000"
 9179      41444345 
 9179      785F4C65 
 9179      76656C4F 
 9179      75744F66 
 9180 049a 00       		.ascii	"\000"
 9181 049b 02       		.ascii	"\002"
 9182 049c 00       		.ascii	"\000"
 9183 049d 00000000 		.ascii	"\000\000\000\000\000\000\000\000"
 9183      00000000 
 9184 04a5 FC020000 		.ascii	"\374\002\000\000"
 9185 04a9 48414C5F 		.ascii	"HAL_ADCEx_InjectedConvCpltCallback\000"
 9185      41444345 
 9185      785F496E 
 9185      6A656374 
 9185      6564436F 
 9186 04cc 00       		.ascii	"\000"
 9187 04cd 02       		.ascii	"\002"
 9188 04ce 00       		.ascii	"\000"
 9189 04cf 00000000 		.ascii	"\000\000\000\000\000\000\000\000"
 9189      00000000 
 9190 04d7 FE020000 		.ascii	"\376\002\000\000"
 9191 04db 48414C5F 		.ascii	"HAL_ADCEx_EndOfSamplingCallback\000"
 9191      41444345 
 9191      785F456E 
 9191      644F6653 
 9191      616D706C 
 9192 04fb 00       		.ascii	"\000"
 9193 04fc 02       		.ascii	"\002"
 9194 04fd 00       		.ascii	"\000"
 9195 04fe 00000000 		.ascii	"\000\000\000\000\000\000\000\000"
 9195      00000000 
 9196 0506 00030000 		.ascii	"\000\003\000\000"
 9197 050a 48414C5F 		.ascii	"HAL_DMA_Start_IT\000"
 9197      444D415F 
 9197      53746172 
 9197      745F4954 
 9197      00
 9198 051b 00       		.ascii	"\000"
 9199 051c 02       		.ascii	"\002"
 9200 051d 00       		.ascii	"\000"
 9201 051e 00000000 		.ascii	"\000\000\000\000\000\000\000\000"
 9201      00000000 
ARM GAS  C:\Users\nicx5\AppData\Local\Temp\ccq4ftZ0.s 			page 456


 9202 0526 11030000 		.ascii	"\021\003\000\000"
 9203 052a 48414C5F 		.ascii	"HAL_DMA_Abort\000"
 9203      444D415F 
 9203      41626F72 
 9203      7400
 9204 0538 00       		.ascii	"\000"
 9205 0539 02       		.ascii	"\002"
 9206 053a 00       		.ascii	"\000"
 9207 053b 00000000 		.ascii	"\000\000\000\000\000\000\000\000"
 9207      00000000 
 9208 0543 15030000 		.ascii	"\025\003\000\000"
 9209 0547 48414C5F 		.ascii	"HAL_GetREVID\000"
 9209      47657452 
 9209      45564944 
 9209      00
 9210 0554 00       		.ascii	"\000"
 9211 0555 02       		.ascii	"\002"
 9212 0556 00       		.ascii	"\000"
 9213 0557 00000000 		.ascii	"\000\000\000\000\000\000\000\000"
 9213      00000000 
 9214 055f 17030000 		.ascii	"\027\003\000\000"
 9215 0563 48414C5F 		.ascii	"HAL_RCCEx_GetPeriphCLKFreq\000"
 9215      52434345 
 9215      785F4765 
 9215      74506572 
 9215      69706843 
 9216 057e 00       		.ascii	"\000"
 9217 057f 02       		.ascii	"\002"
 9218 0580 00       		.ascii	"\000"
 9219 0581 00000000 		.ascii	"\000\000\000\000\000\000\000\000"
 9219      00000000 
 9220 0589 1F030000 		.ascii	"\037\003\000\000"
 9221 058d 48414C5F 		.ascii	"HAL_RCC_GetHCLKFreq\000"
 9221      5243435F 
 9221      47657448 
 9221      434C4B46 
 9221      72657100 
 9222 05a1 00       		.ascii	"\000"
 9223 05a2 02       		.ascii	"\002"
 9224 05a3 00       		.ascii	"\000"
 9225 05a4 00000000 		.ascii	"\000\000\000\000\000\000\000\000"
 9225      00000000 
 9226 05ac 21030000 		.ascii	"!\003\000\000"
 9227              		.text
 9228              		.section	.gnu.lto_.ext_symtab.1f3e1af6,"e",%progbits
 9229 0000 01       		.ascii	"\001"
 9230 0001 01       		.ascii	"\001"
 9231 0002 00       		.ascii	"\000"
 9232 0003 01       		.ascii	"\001"
 9233 0004 00       		.ascii	"\000"
 9234 0005 01       		.ascii	"\001"
 9235 0006 00       		.ascii	"\000"
 9236 0007 01       		.ascii	"\001"
 9237 0008 00       		.ascii	"\000"
 9238 0009 01       		.ascii	"\001"
 9239 000a 00       		.ascii	"\000"
 9240 000b 01       		.ascii	"\001"
ARM GAS  C:\Users\nicx5\AppData\Local\Temp\ccq4ftZ0.s 			page 457


 9241 000c 00       		.ascii	"\000"
 9242 000d 01       		.ascii	"\001"
 9243 000e 00       		.ascii	"\000"
 9244 000f 01       		.ascii	"\001"
 9245 0010 00       		.ascii	"\000"
 9246 0011 01       		.ascii	"\001"
 9247 0012 00       		.ascii	"\000"
 9248 0013 01       		.ascii	"\001"
 9249 0014 00       		.ascii	"\000"
 9250 0015 01       		.ascii	"\001"
 9251 0016 00       		.ascii	"\000"
 9252 0017 01       		.ascii	"\001"
 9253 0018 00       		.ascii	"\000"
 9254 0019 01       		.ascii	"\001"
 9255 001a 00       		.ascii	"\000"
 9256 001b 01       		.ascii	"\001"
 9257 001c 00       		.ascii	"\000"
 9258 001d 01       		.ascii	"\001"
 9259 001e 00       		.ascii	"\000"
 9260 001f 01       		.ascii	"\001"
 9261 0020 00       		.ascii	"\000"
 9262 0021 01       		.ascii	"\001"
 9263 0022 00       		.ascii	"\000"
 9264 0023 01       		.ascii	"\001"
 9265 0024 00       		.ascii	"\000"
 9266 0025 01       		.ascii	"\001"
 9267 0026 00       		.ascii	"\000"
 9268 0027 01       		.ascii	"\001"
 9269 0028 00       		.ascii	"\000"
 9270 0029 01       		.ascii	"\001"
 9271 002a 00       		.ascii	"\000"
 9272 002b 01       		.ascii	"\001"
 9273 002c 00       		.ascii	"\000"
 9274 002d 01       		.ascii	"\001"
 9275 002e 00       		.ascii	"\000"
 9276 002f 01       		.ascii	"\001"
 9277 0030 00       		.ascii	"\000"
 9278 0031 01       		.ascii	"\001"
 9279 0032 00       		.ascii	"\000"
 9280 0033 01       		.ascii	"\001"
 9281 0034 00       		.ascii	"\000"
 9282 0035 01       		.ascii	"\001"
 9283 0036 00       		.ascii	"\000"
 9284 0037 01       		.ascii	"\001"
 9285 0038 00       		.ascii	"\000"
 9286 0039 01       		.ascii	"\001"
 9287 003a 00       		.ascii	"\000"
 9288 003b 02       		.ascii	"\002"
 9289 003c 01       		.ascii	"\001"
 9290 003d 01       		.ascii	"\001"
 9291 003e 00       		.ascii	"\000"
 9292 003f 01       		.ascii	"\001"
 9293 0040 00       		.ascii	"\000"
 9294 0041 01       		.ascii	"\001"
 9295 0042 00       		.ascii	"\000"
 9296 0043 01       		.ascii	"\001"
 9297 0044 00       		.ascii	"\000"
ARM GAS  C:\Users\nicx5\AppData\Local\Temp\ccq4ftZ0.s 			page 458


 9298 0045 01       		.ascii	"\001"
 9299 0046 00       		.ascii	"\000"
 9300 0047 01       		.ascii	"\001"
 9301 0048 00       		.ascii	"\000"
 9302 0049 01       		.ascii	"\001"
 9303 004a 00       		.ascii	"\000"
 9304 004b 01       		.ascii	"\001"
 9305 004c 00       		.ascii	"\000"
 9306 004d 01       		.ascii	"\001"
 9307 004e 00       		.ascii	"\000"
 9308 004f 01       		.ascii	"\001"
 9309 0050 00       		.ascii	"\000"
 9310 0051 01       		.ascii	"\001"
 9311 0052 00       		.ascii	"\000"
 9312              		.text
 9313              		.section	.gnu.lto_.opts,"e",%progbits
 9314 0000 272D666E 		.ascii	"'-fno-openmp' '-fno-openacc' '-fno-pie' '-fcf-prote"
 9314      6F2D6F70 
 9314      656E6D70 
 9314      2720272D 
 9314      666E6F2D 
 9315 0033 6374696F 		.ascii	"ction=none' '-g' '-mcpu=cortex-m7' '-mthumb' '-mfpu"
 9315      6E3D6E6F 
 9315      6E652720 
 9315      272D6727 
 9315      20272D6D 
 9316 0066 3D667076 		.ascii	"=fpv5-d16' '-mfloat-abi=hard' '-mlibarch=armv7e-m+f"
 9316      352D6431 
 9316      36272027 
 9316      2D6D666C 
 9316      6F61742D 
 9317 0099 702E6470 		.ascii	"p.dp' '-march=armv7e-m+fp.dp' '-Os' '-fdata-section"
 9317      2720272D 
 9317      6D617263 
 9317      683D6172 
 9317      6D763765 
 9318 00cc 73272027 		.ascii	"s' '-ffunction-sections' '-flto' '-fmerge-constants"
 9318      2D666675 
 9318      6E637469 
 9318      6F6E2D73 
 9318      65637469 
 9319 00ff 2720272D 		.ascii	"' '-fno-unwind-tables' '-fno-asynchronous-unwind-ta"
 9319      666E6F2D 
 9319      756E7769 
 9319      6E642D74 
 9319      61626C65 
 9320 0132 626C6573 		.ascii	"bles' '-Xassembler' '-a' '-Xassembler' '-ad' '-Xass"
 9320      2720272D 
 9320      58617373 
 9320      656D626C 
 9320      65722720 
 9321 0165 656D626C 		.ascii	"embler' '-alms=build_bootloader/stm32h7xx_hal_adc.l"
 9321      65722720 
 9321      272D616C 
 9321      6D733D62 
 9321      75696C64 
 9322 0198 73742700 		.ascii	"st'\000"
ARM GAS  C:\Users\nicx5\AppData\Local\Temp\ccq4ftZ0.s 			page 459


 9323              		.text
 9324              		.comm	__gnu_lto_slim,1,1
 9325              		.ident	"GCC: (GNU) 13.3.0"
ARM GAS  C:\Users\nicx5\AppData\Local\Temp\ccq4ftZ0.s 			page 460


DEFINED SYMBOLS
                            *ABS*:00000000 stm32h7xx_hal_adc.c
C:\Users\nicx5\AppData\Local\Temp\ccq4ftZ0.s:34     .gnu.debuglto_.debug_info:00000000 stm32h7xx_hal_adc.c.7b9ba502
                            *COM*:00000001 __gnu_lto_slim

NO UNDEFINED SYMBOLS
