ARM GAS  C:\Users\nicx5\AppData\Local\Temp\ccNPfpFO.s 			page 1


   1              		.cpu cortex-m7
   2              		.arch armv7e-m
   3              		.fpu fpv5-d16
   4              		.eabi_attribute 28, 1
   5              		.eabi_attribute 20, 1
   6              		.eabi_attribute 21, 1
   7              		.eabi_attribute 23, 3
   8              		.eabi_attribute 24, 1
   9              		.eabi_attribute 25, 1
  10              		.eabi_attribute 26, 1
  11              		.eabi_attribute 30, 4
  12              		.eabi_attribute 34, 1
  13              		.eabi_attribute 18, 4
  14              		.file	"stm32h7xx_hal_pwr.c"
  15              		.file 1 "D:/Program Files/msys64/mingw64/arm-none-eabi/include/machine/_default_types.h"
  16              		.file 2 "D:/Program Files/msys64/mingw64/arm-none-eabi/include/sys/_stdint.h"
  17              		.file 3 "Drivers/CMSIS/Include/core_cm7.h"
  18              		.file 4 "Drivers/CMSIS/Device/ST/STM32H7xx/Include/stm32h750xx.h"
  19              		.file 5 "Drivers/STM32H7xx_HAL_Driver/Inc/stm32h7xx_hal_pwr.h"
  20              		.file 6 "Drivers/STM32H7xx_HAL_Driver/Src/stm32h7xx_hal_pwr.c"
  21              		.file 7 "Drivers/CMSIS/Include/cmsis_gcc.h"
  22              		.section	.gnu.debuglto_.debug_info,"e",%progbits
  23              	.Ldebug_info0:
  24              		.hidden	stm32h7xx_hal_pwr.c.2667fa0b
  25              		.weak	stm32h7xx_hal_pwr.c.2667fa0b
  26              	stm32h7xx_hal_pwr.c.2667fa0b:
  27 0000 38090000 		.4byte	0x938
  28 0004 0200     		.2byte	0x2
  29 0006 00000000 		.4byte	.Ldebug_abbrev0
  30 000a 04       		.byte	0x4
  31 000b 01       		.uleb128 0x1
  32 000c 1C000000 		.4byte	.LASF127
  33 0010 0C       		.byte	0xc
  34 0011 AE020000 		.4byte	.LASF128
  35 0015 01060000 		.4byte	.LASF129
  36 0019 00000000 		.4byte	.Ldebug_line0
  37 001d 02       		.uleb128 0x2
  38 001e 02       		.byte	0x2
  39 001f 05       		.byte	0x5
  40 0020 49040000 		.4byte	.LASF0
  41 0024 02       		.uleb128 0x2
  42 0025 01       		.byte	0x1
  43 0026 06       		.byte	0x6
  44 0027 72010000 		.4byte	.LASF1
  45 002b 03       		.uleb128 0x3
  46 002c F9000000 		.4byte	.LASF5
  47 0030 01       		.byte	0x1
  48 0031 2B       		.byte	0x2b
  49 0032 18       		.byte	0x18
  50 0033 37000000 		.4byte	0x37
  51 0037 02       		.uleb128 0x2
  52 0038 01       		.byte	0x1
  53 0039 08       		.byte	0x8
  54 003a 15040000 		.4byte	.LASF2
  55 003e 02       		.uleb128 0x2
  56 003f 02       		.byte	0x2
  57 0040 07       		.byte	0x7
ARM GAS  C:\Users\nicx5\AppData\Local\Temp\ccNPfpFO.s 			page 2


  58 0041 9B020000 		.4byte	.LASF3
  59 0045 02       		.uleb128 0x2
  60 0046 04       		.byte	0x4
  61 0047 05       		.byte	0x5
  62 0048 A3010000 		.4byte	.LASF4
  63 004c 03       		.uleb128 0x3
  64 004d 0D020000 		.4byte	.LASF6
  65 0051 01       		.byte	0x1
  66 0052 4F       		.byte	0x4f
  67 0053 19       		.byte	0x19
  68 0054 58000000 		.4byte	0x58
  69 0058 02       		.uleb128 0x2
  70 0059 04       		.byte	0x4
  71 005a 07       		.byte	0x7
  72 005b 85010000 		.4byte	.LASF7
  73 005f 02       		.uleb128 0x2
  74 0060 08       		.byte	0x8
  75 0061 05       		.byte	0x5
  76 0062 CC010000 		.4byte	.LASF8
  77 0066 02       		.uleb128 0x2
  78 0067 08       		.byte	0x8
  79 0068 07       		.byte	0x7
  80 0069 25010000 		.4byte	.LASF9
  81 006d 04       		.uleb128 0x4
  82 006e 04       		.byte	0x4
  83 006f 05       		.byte	0x5
  84 0070 696E7400 		.ascii	"int\000"
  85 0074 02       		.uleb128 0x2
  86 0075 04       		.byte	0x4
  87 0076 07       		.byte	0x7
  88 0077 5A020000 		.4byte	.LASF10
  89 007b 03       		.uleb128 0x3
  90 007c 9D050000 		.4byte	.LASF11
  91 0080 02       		.byte	0x2
  92 0081 18       		.byte	0x18
  93 0082 13       		.byte	0x13
  94 0083 2B000000 		.4byte	0x2b
  95 0087 05       		.uleb128 0x5
  96 0088 7B000000 		.4byte	0x7b
  97 008c 03       		.uleb128 0x3
  98 008d 96040000 		.4byte	.LASF12
  99 0091 02       		.byte	0x2
 100 0092 30       		.byte	0x30
 101 0093 14       		.byte	0x14
 102 0094 4C000000 		.4byte	0x4c
 103 0098 05       		.uleb128 0x5
 104 0099 8C000000 		.4byte	0x8c
 105 009d 06       		.uleb128 0x6
 106 009e 98000000 		.4byte	0x98
 107 00a2 07       		.uleb128 0x7
 108 00a3 AC02     		.2byte	0x2ac
 109 00a5 03       		.byte	0x3
 110 00a6 C701     		.2byte	0x1c7
 111 00a8 09       		.byte	0x9
 112 00a9 EA030000 		.4byte	0x3ea
 113 00ad 08       		.uleb128 0x8
 114 00ae 42010000 		.4byte	.LASF13
ARM GAS  C:\Users\nicx5\AppData\Local\Temp\ccNPfpFO.s 			page 3


 115 00b2 03       		.byte	0x3
 116 00b3 C901     		.2byte	0x1c9
 117 00b5 12       		.byte	0x12
 118 00b6 9D000000 		.4byte	0x9d
 119 00ba 02       		.byte	0x2
 120 00bb 23       		.byte	0x23
 121 00bc 00       		.uleb128 0
 122 00bd 08       		.uleb128 0x8
 123 00be 6D010000 		.4byte	.LASF14
 124 00c2 03       		.byte	0x3
 125 00c3 CA01     		.2byte	0x1ca
 126 00c5 12       		.byte	0x12
 127 00c6 98000000 		.4byte	0x98
 128 00ca 02       		.byte	0x2
 129 00cb 23       		.byte	0x23
 130 00cc 04       		.uleb128 0x4
 131 00cd 08       		.uleb128 0x8
 132 00ce 96020000 		.4byte	.LASF15
 133 00d2 03       		.byte	0x3
 134 00d3 CB01     		.2byte	0x1cb
 135 00d5 12       		.byte	0x12
 136 00d6 98000000 		.4byte	0x98
 137 00da 02       		.byte	0x2
 138 00db 23       		.byte	0x23
 139 00dc 08       		.uleb128 0x8
 140 00dd 08       		.uleb128 0x8
 141 00de F2020000 		.4byte	.LASF16
 142 00e2 03       		.byte	0x3
 143 00e3 CC01     		.2byte	0x1cc
 144 00e5 12       		.byte	0x12
 145 00e6 98000000 		.4byte	0x98
 146 00ea 02       		.byte	0x2
 147 00eb 23       		.byte	0x23
 148 00ec 0C       		.uleb128 0xc
 149 00ed 09       		.uleb128 0x9
 150 00ee 53435200 		.ascii	"SCR\000"
 151 00f2 03       		.byte	0x3
 152 00f3 CD01     		.2byte	0x1cd
 153 00f5 12       		.byte	0x12
 154 00f6 98000000 		.4byte	0x98
 155 00fa 02       		.byte	0x2
 156 00fb 23       		.byte	0x23
 157 00fc 10       		.uleb128 0x10
 158 00fd 09       		.uleb128 0x9
 159 00fe 43435200 		.ascii	"CCR\000"
 160 0102 03       		.byte	0x3
 161 0103 CE01     		.2byte	0x1ce
 162 0105 12       		.byte	0x12
 163 0106 98000000 		.4byte	0x98
 164 010a 02       		.byte	0x2
 165 010b 23       		.byte	0x23
 166 010c 14       		.uleb128 0x14
 167 010d 08       		.uleb128 0x8
 168 010e 08000000 		.4byte	.LASF17
 169 0112 03       		.byte	0x3
 170 0113 CF01     		.2byte	0x1cf
 171 0115 12       		.byte	0x12
ARM GAS  C:\Users\nicx5\AppData\Local\Temp\ccNPfpFO.s 			page 4


 172 0116 FA030000 		.4byte	0x3fa
 173 011a 02       		.byte	0x2
 174 011b 23       		.byte	0x23
 175 011c 18       		.uleb128 0x18
 176 011d 08       		.uleb128 0x8
 177 011e 23040000 		.4byte	.LASF18
 178 0122 03       		.byte	0x3
 179 0123 D001     		.2byte	0x1d0
 180 0125 12       		.byte	0x12
 181 0126 98000000 		.4byte	0x98
 182 012a 02       		.byte	0x2
 183 012b 23       		.byte	0x23
 184 012c 24       		.uleb128 0x24
 185 012d 08       		.uleb128 0x8
 186 012e 64030000 		.4byte	.LASF19
 187 0132 03       		.byte	0x3
 188 0133 D101     		.2byte	0x1d1
 189 0135 12       		.byte	0x12
 190 0136 98000000 		.4byte	0x98
 191 013a 02       		.byte	0x2
 192 013b 23       		.byte	0x23
 193 013c 28       		.uleb128 0x28
 194 013d 08       		.uleb128 0x8
 195 013e F7050000 		.4byte	.LASF20
 196 0142 03       		.byte	0x3
 197 0143 D201     		.2byte	0x1d2
 198 0145 12       		.byte	0x12
 199 0146 98000000 		.4byte	0x98
 200 014a 02       		.byte	0x2
 201 014b 23       		.byte	0x23
 202 014c 2C       		.uleb128 0x2c
 203 014d 08       		.uleb128 0x8
 204 014e F8020000 		.4byte	.LASF21
 205 0152 03       		.byte	0x3
 206 0153 D301     		.2byte	0x1d3
 207 0155 12       		.byte	0x12
 208 0156 98000000 		.4byte	0x98
 209 015a 02       		.byte	0x2
 210 015b 23       		.byte	0x23
 211 015c 30       		.uleb128 0x30
 212 015d 08       		.uleb128 0x8
 213 015e 04030000 		.4byte	.LASF22
 214 0162 03       		.byte	0x3
 215 0163 D401     		.2byte	0x1d4
 216 0165 12       		.byte	0x12
 217 0166 98000000 		.4byte	0x98
 218 016a 02       		.byte	0x2
 219 016b 23       		.byte	0x23
 220 016c 34       		.uleb128 0x34
 221 016d 08       		.uleb128 0x8
 222 016e 03020000 		.4byte	.LASF23
 223 0172 03       		.byte	0x3
 224 0173 D501     		.2byte	0x1d5
 225 0175 12       		.byte	0x12
 226 0176 98000000 		.4byte	0x98
 227 017a 02       		.byte	0x2
 228 017b 23       		.byte	0x23
ARM GAS  C:\Users\nicx5\AppData\Local\Temp\ccNPfpFO.s 			page 5


 229 017c 38       		.uleb128 0x38
 230 017d 08       		.uleb128 0x8
 231 017e 08020000 		.4byte	.LASF24
 232 0182 03       		.byte	0x3
 233 0183 D601     		.2byte	0x1d6
 234 0185 12       		.byte	0x12
 235 0186 98000000 		.4byte	0x98
 236 018a 02       		.byte	0x2
 237 018b 23       		.byte	0x23
 238 018c 3C       		.uleb128 0x3c
 239 018d 08       		.uleb128 0x8
 240 018e 66010000 		.4byte	.LASF25
 241 0192 03       		.byte	0x3
 242 0193 D701     		.2byte	0x1d7
 243 0195 12       		.byte	0x12
 244 0196 14040000 		.4byte	0x414
 245 019a 02       		.byte	0x2
 246 019b 23       		.byte	0x23
 247 019c 40       		.uleb128 0x40
 248 019d 08       		.uleb128 0x8
 249 019e 3F020000 		.4byte	.LASF26
 250 01a2 03       		.byte	0x3
 251 01a3 D801     		.2byte	0x1d8
 252 01a5 12       		.byte	0x12
 253 01a6 9D000000 		.4byte	0x9d
 254 01aa 02       		.byte	0x2
 255 01ab 23       		.byte	0x23
 256 01ac 48       		.uleb128 0x48
 257 01ad 08       		.uleb128 0x8
 258 01ae 69030000 		.4byte	.LASF27
 259 01b2 03       		.byte	0x3
 260 01b3 D901     		.2byte	0x1d9
 261 01b5 12       		.byte	0x12
 262 01b6 9D000000 		.4byte	0x9d
 263 01ba 02       		.byte	0x2
 264 01bb 23       		.byte	0x23
 265 01bc 4C       		.uleb128 0x4c
 266 01bd 08       		.uleb128 0x8
 267 01be 53040000 		.4byte	.LASF28
 268 01c2 03       		.byte	0x3
 269 01c3 DA01     		.2byte	0x1da
 270 01c5 12       		.byte	0x12
 271 01c6 2E040000 		.4byte	0x42e
 272 01ca 02       		.byte	0x2
 273 01cb 23       		.byte	0x23
 274 01cc 50       		.uleb128 0x50
 275 01cd 08       		.uleb128 0x8
 276 01ce AF050000 		.4byte	.LASF29
 277 01d2 03       		.byte	0x3
 278 01d3 DB01     		.2byte	0x1db
 279 01d5 12       		.byte	0x12
 280 01d6 48040000 		.4byte	0x448
 281 01da 02       		.byte	0x2
 282 01db 23       		.byte	0x23
 283 01dc 60       		.uleb128 0x60
 284 01dd 08       		.uleb128 0x8
 285 01de AE030000 		.4byte	.LASF30
ARM GAS  C:\Users\nicx5\AppData\Local\Temp\ccNPfpFO.s 			page 6


 286 01e2 03       		.byte	0x3
 287 01e3 DC01     		.2byte	0x1dc
 288 01e5 12       		.byte	0x12
 289 01e6 4D040000 		.4byte	0x44d
 290 01ea 02       		.byte	0x2
 291 01eb 23       		.byte	0x23
 292 01ec 74       		.uleb128 0x74
 293 01ed 08       		.uleb128 0x8
 294 01ee 3C010000 		.4byte	.LASF31
 295 01f2 03       		.byte	0x3
 296 01f3 DD01     		.2byte	0x1dd
 297 01f5 12       		.byte	0x12
 298 01f6 9D000000 		.4byte	0x9d
 299 01fa 02       		.byte	0x2
 300 01fb 23       		.byte	0x23
 301 01fc 78       		.uleb128 0x78
 302 01fd 09       		.uleb128 0x9
 303 01fe 43545200 		.ascii	"CTR\000"
 304 0202 03       		.byte	0x3
 305 0203 DE01     		.2byte	0x1de
 306 0205 12       		.byte	0x12
 307 0206 9D000000 		.4byte	0x9d
 308 020a 02       		.byte	0x2
 309 020b 23       		.byte	0x23
 310 020c 7C       		.uleb128 0x7c
 311 020d 08       		.uleb128 0x8
 312 020e 4B030000 		.4byte	.LASF32
 313 0212 03       		.byte	0x3
 314 0213 DF01     		.2byte	0x1df
 315 0215 12       		.byte	0x12
 316 0216 9D000000 		.4byte	0x9d
 317 021a 03       		.byte	0x3
 318 021b 23       		.byte	0x23
 319 021c 8001     		.uleb128 0x80
 320 021e 08       		.uleb128 0x8
 321 021f 53020000 		.4byte	.LASF33
 322 0223 03       		.byte	0x3
 323 0224 E001     		.2byte	0x1e0
 324 0226 12       		.byte	0x12
 325 0227 98000000 		.4byte	0x98
 326 022b 03       		.byte	0x3
 327 022c 23       		.byte	0x23
 328 022d 8401     		.uleb128 0x84
 329 022f 08       		.uleb128 0x8
 330 0230 F1050000 		.4byte	.LASF34
 331 0234 03       		.byte	0x3
 332 0235 E101     		.2byte	0x1e1
 333 0237 12       		.byte	0x12
 334 0238 98000000 		.4byte	0x98
 335 023c 03       		.byte	0x3
 336 023d 23       		.byte	0x23
 337 023e 8801     		.uleb128 0x88
 338 0240 08       		.uleb128 0x8
 339 0241 68040000 		.4byte	.LASF35
 340 0245 03       		.byte	0x3
 341 0246 E201     		.2byte	0x1e2
 342 0248 12       		.byte	0x12
ARM GAS  C:\Users\nicx5\AppData\Local\Temp\ccNPfpFO.s 			page 7


 343 0249 5D040000 		.4byte	0x45d
 344 024d 03       		.byte	0x3
 345 024e 23       		.byte	0x23
 346 024f 8C01     		.uleb128 0x8c
 347 0251 08       		.uleb128 0x8
 348 0252 03010000 		.4byte	.LASF36
 349 0256 03       		.byte	0x3
 350 0257 E301     		.2byte	0x1e3
 351 0259 12       		.byte	0x12
 352 025a 98000000 		.4byte	0x98
 353 025e 03       		.byte	0x3
 354 025f 23       		.byte	0x23
 355 0260 8004     		.uleb128 0x200
 356 0262 08       		.uleb128 0x8
 357 0263 4F050000 		.4byte	.LASF37
 358 0267 03       		.byte	0x3
 359 0268 E401     		.2byte	0x1e4
 360 026a 12       		.byte	0x12
 361 026b 6D040000 		.4byte	0x46d
 362 026f 03       		.byte	0x3
 363 0270 23       		.byte	0x23
 364 0271 8404     		.uleb128 0x204
 365 0273 08       		.uleb128 0x8
 366 0274 9C030000 		.4byte	.LASF38
 367 0278 03       		.byte	0x3
 368 0279 E501     		.2byte	0x1e5
 369 027b 12       		.byte	0x12
 370 027c 9D000000 		.4byte	0x9d
 371 0280 03       		.byte	0x3
 372 0281 23       		.byte	0x23
 373 0282 C004     		.uleb128 0x240
 374 0284 08       		.uleb128 0x8
 375 0285 A2030000 		.4byte	.LASF39
 376 0289 03       		.byte	0x3
 377 028a E601     		.2byte	0x1e6
 378 028c 12       		.byte	0x12
 379 028d 9D000000 		.4byte	0x9d
 380 0291 03       		.byte	0x3
 381 0292 23       		.byte	0x23
 382 0293 C404     		.uleb128 0x244
 383 0295 08       		.uleb128 0x8
 384 0296 A8030000 		.4byte	.LASF40
 385 029a 03       		.byte	0x3
 386 029b E701     		.2byte	0x1e7
 387 029d 12       		.byte	0x12
 388 029e 9D000000 		.4byte	0x9d
 389 02a2 03       		.byte	0x3
 390 02a3 23       		.byte	0x23
 391 02a4 C804     		.uleb128 0x248
 392 02a6 08       		.uleb128 0x8
 393 02a7 8C040000 		.4byte	.LASF41
 394 02ab 03       		.byte	0x3
 395 02ac E801     		.2byte	0x1e8
 396 02ae 12       		.byte	0x12
 397 02af 4D040000 		.4byte	0x44d
 398 02b3 03       		.byte	0x3
 399 02b4 23       		.byte	0x23
ARM GAS  C:\Users\nicx5\AppData\Local\Temp\ccNPfpFO.s 			page 8


 400 02b5 CC04     		.uleb128 0x24c
 401 02b7 08       		.uleb128 0x8
 402 02b8 FB010000 		.4byte	.LASF42
 403 02bc 03       		.byte	0x3
 404 02bd E901     		.2byte	0x1e9
 405 02bf 12       		.byte	0x12
 406 02c0 98000000 		.4byte	0x98
 407 02c4 03       		.byte	0x3
 408 02c5 23       		.byte	0x23
 409 02c6 D004     		.uleb128 0x250
 410 02c8 08       		.uleb128 0x8
 411 02c9 DE030000 		.4byte	.LASF43
 412 02cd 03       		.byte	0x3
 413 02ce EA01     		.2byte	0x1ea
 414 02d0 12       		.byte	0x12
 415 02d1 4D040000 		.4byte	0x44d
 416 02d5 03       		.byte	0x3
 417 02d6 23       		.byte	0x23
 418 02d7 D404     		.uleb128 0x254
 419 02d9 08       		.uleb128 0x8
 420 02da 5A040000 		.4byte	.LASF44
 421 02de 03       		.byte	0x3
 422 02df EB01     		.2byte	0x1eb
 423 02e1 12       		.byte	0x12
 424 02e2 98000000 		.4byte	0x98
 425 02e6 03       		.byte	0x3
 426 02e7 23       		.byte	0x23
 427 02e8 D804     		.uleb128 0x258
 428 02ea 08       		.uleb128 0x8
 429 02eb 21050000 		.4byte	.LASF45
 430 02ef 03       		.byte	0x3
 431 02f0 EC01     		.2byte	0x1ec
 432 02f2 12       		.byte	0x12
 433 02f3 98000000 		.4byte	0x98
 434 02f7 03       		.byte	0x3
 435 02f8 23       		.byte	0x23
 436 02f9 DC04     		.uleb128 0x25c
 437 02fb 08       		.uleb128 0x8
 438 02fc 62040000 		.4byte	.LASF46
 439 0300 03       		.byte	0x3
 440 0301 ED01     		.2byte	0x1ed
 441 0303 12       		.byte	0x12
 442 0304 98000000 		.4byte	0x98
 443 0308 03       		.byte	0x3
 444 0309 23       		.byte	0x23
 445 030a E004     		.uleb128 0x260
 446 030c 08       		.uleb128 0x8
 447 030d 6F020000 		.4byte	.LASF47
 448 0311 03       		.byte	0x3
 449 0312 EE01     		.2byte	0x1ee
 450 0314 12       		.byte	0x12
 451 0315 98000000 		.4byte	0x98
 452 0319 03       		.byte	0x3
 453 031a 23       		.byte	0x23
 454 031b E404     		.uleb128 0x264
 455 031d 08       		.uleb128 0x8
 456 031e 46020000 		.4byte	.LASF48
ARM GAS  C:\Users\nicx5\AppData\Local\Temp\ccNPfpFO.s 			page 9


 457 0322 03       		.byte	0x3
 458 0323 EF01     		.2byte	0x1ef
 459 0325 12       		.byte	0x12
 460 0326 98000000 		.4byte	0x98
 461 032a 03       		.byte	0x3
 462 032b 23       		.byte	0x23
 463 032c E804     		.uleb128 0x268
 464 032e 08       		.uleb128 0x8
 465 032f 08050000 		.4byte	.LASF49
 466 0333 03       		.byte	0x3
 467 0334 F001     		.2byte	0x1f0
 468 0336 12       		.byte	0x12
 469 0337 98000000 		.4byte	0x98
 470 033b 03       		.byte	0x3
 471 033c 23       		.byte	0x23
 472 033d EC04     		.uleb128 0x26c
 473 033f 08       		.uleb128 0x8
 474 0340 29040000 		.4byte	.LASF50
 475 0344 03       		.byte	0x3
 476 0345 F101     		.2byte	0x1f1
 477 0347 12       		.byte	0x12
 478 0348 98000000 		.4byte	0x98
 479 034c 03       		.byte	0x3
 480 034d 23       		.byte	0x23
 481 034e F004     		.uleb128 0x270
 482 0350 08       		.uleb128 0x8
 483 0351 77020000 		.4byte	.LASF51
 484 0355 03       		.byte	0x3
 485 0356 F201     		.2byte	0x1f2
 486 0358 12       		.byte	0x12
 487 0359 98000000 		.4byte	0x98
 488 035d 03       		.byte	0x3
 489 035e 23       		.byte	0x23
 490 035f F404     		.uleb128 0x274
 491 0361 08       		.uleb128 0x8
 492 0362 E8030000 		.4byte	.LASF52
 493 0366 03       		.byte	0x3
 494 0367 F301     		.2byte	0x1f3
 495 0369 12       		.byte	0x12
 496 036a 7D040000 		.4byte	0x47d
 497 036e 03       		.byte	0x3
 498 036f 23       		.byte	0x23
 499 0370 F804     		.uleb128 0x278
 500 0372 08       		.uleb128 0x8
 501 0373 FD020000 		.4byte	.LASF53
 502 0377 03       		.byte	0x3
 503 0378 F401     		.2byte	0x1f4
 504 037a 12       		.byte	0x12
 505 037b 98000000 		.4byte	0x98
 506 037f 03       		.byte	0x3
 507 0380 23       		.byte	0x23
 508 0381 9005     		.uleb128 0x290
 509 0383 08       		.uleb128 0x8
 510 0384 AC010000 		.4byte	.LASF54
 511 0388 03       		.byte	0x3
 512 0389 F501     		.2byte	0x1f5
 513 038b 12       		.byte	0x12
ARM GAS  C:\Users\nicx5\AppData\Local\Temp\ccNPfpFO.s 			page 10


 514 038c 98000000 		.4byte	0x98
 515 0390 03       		.byte	0x3
 516 0391 23       		.byte	0x23
 517 0392 9405     		.uleb128 0x294
 518 0394 08       		.uleb128 0x8
 519 0395 7D030000 		.4byte	.LASF55
 520 0399 03       		.byte	0x3
 521 039a F601     		.2byte	0x1f6
 522 039c 12       		.byte	0x12
 523 039d 98000000 		.4byte	0x98
 524 03a1 03       		.byte	0x3
 525 03a2 23       		.byte	0x23
 526 03a3 9805     		.uleb128 0x298
 527 03a5 08       		.uleb128 0x8
 528 03a6 4E020000 		.4byte	.LASF56
 529 03aa 03       		.byte	0x3
 530 03ab F701     		.2byte	0x1f7
 531 03ad 12       		.byte	0x12
 532 03ae 98000000 		.4byte	0x98
 533 03b2 03       		.byte	0x3
 534 03b3 23       		.byte	0x23
 535 03b4 9C05     		.uleb128 0x29c
 536 03b6 08       		.uleb128 0x8
 537 03b7 15000000 		.4byte	.LASF57
 538 03bb 03       		.byte	0x3
 539 03bc F801     		.2byte	0x1f8
 540 03be 12       		.byte	0x12
 541 03bf 98000000 		.4byte	0x98
 542 03c3 03       		.byte	0x3
 543 03c4 23       		.byte	0x23
 544 03c5 A005     		.uleb128 0x2a0
 545 03c7 08       		.uleb128 0x8
 546 03c8 F2030000 		.4byte	.LASF58
 547 03cc 03       		.byte	0x3
 548 03cd F901     		.2byte	0x1f9
 549 03cf 12       		.byte	0x12
 550 03d0 4D040000 		.4byte	0x44d
 551 03d4 03       		.byte	0x3
 552 03d5 23       		.byte	0x23
 553 03d6 A405     		.uleb128 0x2a4
 554 03d8 08       		.uleb128 0x8
 555 03d9 15030000 		.4byte	.LASF59
 556 03dd 03       		.byte	0x3
 557 03de FA01     		.2byte	0x1fa
 558 03e0 12       		.byte	0x12
 559 03e1 98000000 		.4byte	0x98
 560 03e5 03       		.byte	0x3
 561 03e6 23       		.byte	0x23
 562 03e7 A805     		.uleb128 0x2a8
 563 03e9 00       		.byte	0
 564 03ea 0A       		.uleb128 0xa
 565 03eb 87000000 		.4byte	0x87
 566 03ef FA030000 		.4byte	0x3fa
 567 03f3 0B       		.uleb128 0xb
 568 03f4 74000000 		.4byte	0x74
 569 03f8 0B       		.byte	0xb
 570 03f9 00       		.byte	0
ARM GAS  C:\Users\nicx5\AppData\Local\Temp\ccNPfpFO.s 			page 11


 571 03fa 05       		.uleb128 0x5
 572 03fb EA030000 		.4byte	0x3ea
 573 03ff 0A       		.uleb128 0xa
 574 0400 9D000000 		.4byte	0x9d
 575 0404 0F040000 		.4byte	0x40f
 576 0408 0B       		.uleb128 0xb
 577 0409 74000000 		.4byte	0x74
 578 040d 01       		.byte	0x1
 579 040e 00       		.byte	0
 580 040f 06       		.uleb128 0x6
 581 0410 FF030000 		.4byte	0x3ff
 582 0414 05       		.uleb128 0x5
 583 0415 0F040000 		.4byte	0x40f
 584 0419 0A       		.uleb128 0xa
 585 041a 9D000000 		.4byte	0x9d
 586 041e 29040000 		.4byte	0x429
 587 0422 0B       		.uleb128 0xb
 588 0423 74000000 		.4byte	0x74
 589 0427 03       		.byte	0x3
 590 0428 00       		.byte	0
 591 0429 06       		.uleb128 0x6
 592 042a 19040000 		.4byte	0x419
 593 042e 05       		.uleb128 0x5
 594 042f 29040000 		.4byte	0x429
 595 0433 0A       		.uleb128 0xa
 596 0434 9D000000 		.4byte	0x9d
 597 0438 43040000 		.4byte	0x443
 598 043c 0B       		.uleb128 0xb
 599 043d 74000000 		.4byte	0x74
 600 0441 04       		.byte	0x4
 601 0442 00       		.byte	0
 602 0443 06       		.uleb128 0x6
 603 0444 33040000 		.4byte	0x433
 604 0448 05       		.uleb128 0x5
 605 0449 43040000 		.4byte	0x443
 606 044d 0A       		.uleb128 0xa
 607 044e 8C000000 		.4byte	0x8c
 608 0452 5D040000 		.4byte	0x45d
 609 0456 0B       		.uleb128 0xb
 610 0457 74000000 		.4byte	0x74
 611 045b 00       		.byte	0
 612 045c 00       		.byte	0
 613 045d 0A       		.uleb128 0xa
 614 045e 8C000000 		.4byte	0x8c
 615 0462 6D040000 		.4byte	0x46d
 616 0466 0B       		.uleb128 0xb
 617 0467 74000000 		.4byte	0x74
 618 046b 5C       		.byte	0x5c
 619 046c 00       		.byte	0
 620 046d 0A       		.uleb128 0xa
 621 046e 8C000000 		.4byte	0x8c
 622 0472 7D040000 		.4byte	0x47d
 623 0476 0B       		.uleb128 0xb
 624 0477 74000000 		.4byte	0x74
 625 047b 0E       		.byte	0xe
 626 047c 00       		.byte	0
 627 047d 0A       		.uleb128 0xa
ARM GAS  C:\Users\nicx5\AppData\Local\Temp\ccNPfpFO.s 			page 12


 628 047e 8C000000 		.4byte	0x8c
 629 0482 8D040000 		.4byte	0x48d
 630 0486 0B       		.uleb128 0xb
 631 0487 74000000 		.4byte	0x74
 632 048b 05       		.byte	0x5
 633 048c 00       		.byte	0
 634 048d 0C       		.uleb128 0xc
 635 048e 36020000 		.4byte	.LASF60
 636 0492 03       		.byte	0x3
 637 0493 FB01     		.2byte	0x1fb
 638 0495 03       		.byte	0x3
 639 0496 A2000000 		.4byte	0xa2
 640 049a 0A       		.uleb128 0xa
 641 049b 8C000000 		.4byte	0x8c
 642 049f AA040000 		.4byte	0x4aa
 643 04a3 0B       		.uleb128 0xb
 644 04a4 74000000 		.4byte	0x74
 645 04a8 01       		.byte	0x1
 646 04a9 00       		.byte	0
 647 04aa 0A       		.uleb128 0xa
 648 04ab 8C000000 		.4byte	0x8c
 649 04af BA040000 		.4byte	0x4ba
 650 04b3 0B       		.uleb128 0xb
 651 04b4 74000000 		.4byte	0x74
 652 04b8 09       		.byte	0x9
 653 04b9 00       		.byte	0
 654 04ba 0D       		.uleb128 0xd
 655 04bb AC       		.byte	0xac
 656 04bc 04       		.byte	0x4
 657 04bd 5203     		.2byte	0x352
 658 04bf 09       		.byte	0x9
 659 04c0 D0060000 		.4byte	0x6d0
 660 04c4 08       		.uleb128 0x8
 661 04c5 CC030000 		.4byte	.LASF61
 662 04c9 04       		.byte	0x4
 663 04ca 5403     		.2byte	0x354
 664 04cc 0F       		.byte	0xf
 665 04cd 98000000 		.4byte	0x98
 666 04d1 02       		.byte	0x2
 667 04d2 23       		.byte	0x23
 668 04d3 00       		.uleb128 0
 669 04d4 08       		.uleb128 0x8
 670 04d5 08010000 		.4byte	.LASF62
 671 04d9 04       		.byte	0x4
 672 04da 5503     		.2byte	0x355
 673 04dc 0F       		.byte	0xf
 674 04dd 98000000 		.4byte	0x98
 675 04e1 02       		.byte	0x2
 676 04e2 23       		.byte	0x23
 677 04e3 04       		.uleb128 0x4
 678 04e4 08       		.uleb128 0x8
 679 04e5 51010000 		.4byte	.LASF63
 680 04e9 04       		.byte	0x4
 681 04ea 5603     		.2byte	0x356
 682 04ec 0F       		.byte	0xf
 683 04ed 98000000 		.4byte	0x98
 684 04f1 02       		.byte	0x2
ARM GAS  C:\Users\nicx5\AppData\Local\Temp\ccNPfpFO.s 			page 13


 685 04f2 23       		.byte	0x23
 686 04f3 08       		.uleb128 0x8
 687 04f4 08       		.uleb128 0x8
 688 04f5 CF050000 		.4byte	.LASF64
 689 04f9 04       		.byte	0x4
 690 04fa 5703     		.2byte	0x357
 691 04fc 0F       		.byte	0xf
 692 04fd 98000000 		.4byte	0x98
 693 0501 02       		.byte	0x2
 694 0502 23       		.byte	0x23
 695 0503 0C       		.uleb128 0xc
 696 0504 08       		.uleb128 0x8
 697 0505 BE040000 		.4byte	.LASF65
 698 0509 04       		.byte	0x4
 699 050a 5803     		.2byte	0x358
 700 050c 0F       		.byte	0xf
 701 050d 98000000 		.4byte	0x98
 702 0511 02       		.byte	0x2
 703 0512 23       		.byte	0x23
 704 0513 10       		.uleb128 0x10
 705 0514 08       		.uleb128 0x8
 706 0515 15060000 		.4byte	.LASF66
 707 0519 04       		.byte	0x4
 708 051a 5903     		.2byte	0x359
 709 051c 0F       		.byte	0xf
 710 051d 98000000 		.4byte	0x98
 711 0521 02       		.byte	0x2
 712 0522 23       		.byte	0x23
 713 0523 14       		.uleb128 0x14
 714 0524 08       		.uleb128 0x8
 715 0525 B8030000 		.4byte	.LASF67
 716 0529 04       		.byte	0x4
 717 052a 5A03     		.2byte	0x35a
 718 052c 0F       		.byte	0xf
 719 052d 9A040000 		.4byte	0x49a
 720 0531 02       		.byte	0x2
 721 0532 23       		.byte	0x23
 722 0533 18       		.uleb128 0x18
 723 0534 08       		.uleb128 0x8
 724 0535 D2030000 		.4byte	.LASF68
 725 0539 04       		.byte	0x4
 726 053a 5B03     		.2byte	0x35b
 727 053c 0F       		.byte	0xf
 728 053d 98000000 		.4byte	0x98
 729 0541 02       		.byte	0x2
 730 0542 23       		.byte	0x23
 731 0543 20       		.uleb128 0x20
 732 0544 08       		.uleb128 0x8
 733 0545 0E010000 		.4byte	.LASF69
 734 0549 04       		.byte	0x4
 735 054a 5C03     		.2byte	0x35c
 736 054c 0F       		.byte	0xf
 737 054d 98000000 		.4byte	0x98
 738 0551 02       		.byte	0x2
 739 0552 23       		.byte	0x23
 740 0553 24       		.uleb128 0x24
 741 0554 08       		.uleb128 0x8
ARM GAS  C:\Users\nicx5\AppData\Local\Temp\ccNPfpFO.s 			page 14


 742 0555 58010000 		.4byte	.LASF70
 743 0559 04       		.byte	0x4
 744 055a 5D03     		.2byte	0x35d
 745 055c 0F       		.byte	0xf
 746 055d 98000000 		.4byte	0x98
 747 0561 02       		.byte	0x2
 748 0562 23       		.byte	0x23
 749 0563 28       		.uleb128 0x28
 750 0564 08       		.uleb128 0x8
 751 0565 D6050000 		.4byte	.LASF71
 752 0569 04       		.byte	0x4
 753 056a 5E03     		.2byte	0x35e
 754 056c 0F       		.byte	0xf
 755 056d 98000000 		.4byte	0x98
 756 0571 02       		.byte	0x2
 757 0572 23       		.byte	0x23
 758 0573 2C       		.uleb128 0x2c
 759 0574 08       		.uleb128 0x8
 760 0575 95050000 		.4byte	.LASF72
 761 0579 04       		.byte	0x4
 762 057a 5F03     		.2byte	0x35f
 763 057c 0F       		.byte	0xf
 764 057d 98000000 		.4byte	0x98
 765 0581 02       		.byte	0x2
 766 0582 23       		.byte	0x23
 767 0583 30       		.uleb128 0x30
 768 0584 08       		.uleb128 0x8
 769 0585 8D050000 		.4byte	.LASF73
 770 0589 04       		.byte	0x4
 771 058a 6003     		.2byte	0x360
 772 058c 0F       		.byte	0xf
 773 058d 98000000 		.4byte	0x98
 774 0591 02       		.byte	0x2
 775 0592 23       		.byte	0x23
 776 0593 34       		.uleb128 0x34
 777 0594 08       		.uleb128 0x8
 778 0595 C2030000 		.4byte	.LASF74
 779 0599 04       		.byte	0x4
 780 059a 6103     		.2byte	0x361
 781 059c 0F       		.byte	0xf
 782 059d 9A040000 		.4byte	0x49a
 783 05a1 02       		.byte	0x2
 784 05a2 23       		.byte	0x23
 785 05a3 38       		.uleb128 0x38
 786 05a4 08       		.uleb128 0x8
 787 05a5 D8030000 		.4byte	.LASF75
 788 05a9 04       		.byte	0x4
 789 05aa 6203     		.2byte	0x362
 790 05ac 0F       		.byte	0xf
 791 05ad 98000000 		.4byte	0x98
 792 05b1 02       		.byte	0x2
 793 05b2 23       		.byte	0x23
 794 05b3 40       		.uleb128 0x40
 795 05b4 08       		.uleb128 0x8
 796 05b5 14010000 		.4byte	.LASF76
 797 05b9 04       		.byte	0x4
 798 05ba 6303     		.2byte	0x363
ARM GAS  C:\Users\nicx5\AppData\Local\Temp\ccNPfpFO.s 			page 15


 799 05bc 0F       		.byte	0xf
 800 05bd 98000000 		.4byte	0x98
 801 05c1 02       		.byte	0x2
 802 05c2 23       		.byte	0x23
 803 05c3 44       		.uleb128 0x44
 804 05c4 08       		.uleb128 0x8
 805 05c5 5F010000 		.4byte	.LASF77
 806 05c9 04       		.byte	0x4
 807 05ca 6403     		.2byte	0x364
 808 05cc 0F       		.byte	0xf
 809 05cd 98000000 		.4byte	0x98
 810 05d1 02       		.byte	0x2
 811 05d2 23       		.byte	0x23
 812 05d3 48       		.uleb128 0x48
 813 05d4 08       		.uleb128 0x8
 814 05d5 DD050000 		.4byte	.LASF78
 815 05d9 04       		.byte	0x4
 816 05da 6503     		.2byte	0x365
 817 05dc 0F       		.byte	0xf
 818 05dd 98000000 		.4byte	0x98
 819 05e1 02       		.byte	0x2
 820 05e2 23       		.byte	0x23
 821 05e3 4C       		.uleb128 0x4c
 822 05e4 08       		.uleb128 0x8
 823 05e5 0D000000 		.4byte	.LASF79
 824 05e9 04       		.byte	0x4
 825 05ea 6603     		.2byte	0x366
 826 05ec 0F       		.byte	0xf
 827 05ed 98000000 		.4byte	0x98
 828 05f1 02       		.byte	0x2
 829 05f2 23       		.byte	0x23
 830 05f3 50       		.uleb128 0x50
 831 05f4 08       		.uleb128 0x8
 832 05f5 00000000 		.4byte	.LASF80
 833 05f9 04       		.byte	0x4
 834 05fa 6703     		.2byte	0x367
 835 05fc 0F       		.byte	0xf
 836 05fd 98000000 		.4byte	0x98
 837 0601 02       		.byte	0x2
 838 0602 23       		.byte	0x23
 839 0603 54       		.uleb128 0x54
 840 0604 08       		.uleb128 0x8
 841 0605 68040000 		.4byte	.LASF35
 842 0609 04       		.byte	0x4
 843 060a 6803     		.2byte	0x368
 844 060c 0F       		.byte	0xf
 845 060d AA040000 		.4byte	0x4aa
 846 0611 02       		.byte	0x2
 847 0612 23       		.byte	0x23
 848 0613 58       		.uleb128 0x58
 849 0614 08       		.uleb128 0x8
 850 0615 E3020000 		.4byte	.LASF81
 851 0619 04       		.byte	0x4
 852 061a 6903     		.2byte	0x369
 853 061c 0F       		.byte	0xf
 854 061d 98000000 		.4byte	0x98
 855 0621 03       		.byte	0x3
ARM GAS  C:\Users\nicx5\AppData\Local\Temp\ccNPfpFO.s 			page 16


 856 0622 23       		.byte	0x23
 857 0623 8001     		.uleb128 0x80
 858 0625 08       		.uleb128 0x8
 859 0626 59050000 		.4byte	.LASF82
 860 062a 04       		.byte	0x4
 861 062b 6A03     		.2byte	0x36a
 862 062d 0F       		.byte	0xf
 863 062e 98000000 		.4byte	0x98
 864 0632 03       		.byte	0x3
 865 0633 23       		.byte	0x23
 866 0634 8401     		.uleb128 0x84
 867 0636 09       		.uleb128 0x9
 868 0637 50523100 		.ascii	"PR1\000"
 869 063b 04       		.byte	0x4
 870 063c 6B03     		.2byte	0x36b
 871 063e 0F       		.byte	0xf
 872 063f 98000000 		.4byte	0x98
 873 0643 03       		.byte	0x3
 874 0644 23       		.byte	0x23
 875 0645 8801     		.uleb128 0x88
 876 0647 08       		.uleb128 0x8
 877 0648 4F050000 		.4byte	.LASF37
 878 064c 04       		.byte	0x4
 879 064d 6C03     		.2byte	0x36c
 880 064f 0F       		.byte	0xf
 881 0650 8C000000 		.4byte	0x8c
 882 0654 03       		.byte	0x3
 883 0655 23       		.byte	0x23
 884 0656 8C01     		.uleb128 0x8c
 885 0658 08       		.uleb128 0x8
 886 0659 E8020000 		.4byte	.LASF83
 887 065d 04       		.byte	0x4
 888 065e 6D03     		.2byte	0x36d
 889 0660 0F       		.byte	0xf
 890 0661 98000000 		.4byte	0x98
 891 0665 03       		.byte	0x3
 892 0666 23       		.byte	0x23
 893 0667 9001     		.uleb128 0x90
 894 0669 08       		.uleb128 0x8
 895 066a 5E050000 		.4byte	.LASF84
 896 066e 04       		.byte	0x4
 897 066f 6E03     		.2byte	0x36e
 898 0671 0F       		.byte	0xf
 899 0672 98000000 		.4byte	0x98
 900 0676 03       		.byte	0x3
 901 0677 23       		.byte	0x23
 902 0678 9401     		.uleb128 0x94
 903 067a 09       		.uleb128 0x9
 904 067b 50523200 		.ascii	"PR2\000"
 905 067f 04       		.byte	0x4
 906 0680 6F03     		.2byte	0x36f
 907 0682 0F       		.byte	0xf
 908 0683 98000000 		.4byte	0x98
 909 0687 03       		.byte	0x3
 910 0688 23       		.byte	0x23
 911 0689 9801     		.uleb128 0x98
 912 068b 08       		.uleb128 0x8
ARM GAS  C:\Users\nicx5\AppData\Local\Temp\ccNPfpFO.s 			page 17


 913 068c 8C040000 		.4byte	.LASF41
 914 0690 04       		.byte	0x4
 915 0691 7003     		.2byte	0x370
 916 0693 0F       		.byte	0xf
 917 0694 8C000000 		.4byte	0x8c
 918 0698 03       		.byte	0x3
 919 0699 23       		.byte	0x23
 920 069a 9C01     		.uleb128 0x9c
 921 069c 08       		.uleb128 0x8
 922 069d ED020000 		.4byte	.LASF85
 923 06a1 04       		.byte	0x4
 924 06a2 7103     		.2byte	0x371
 925 06a4 0F       		.byte	0xf
 926 06a5 98000000 		.4byte	0x98
 927 06a9 03       		.byte	0x3
 928 06aa 23       		.byte	0x23
 929 06ab A001     		.uleb128 0xa0
 930 06ad 08       		.uleb128 0x8
 931 06ae 63050000 		.4byte	.LASF86
 932 06b2 04       		.byte	0x4
 933 06b3 7203     		.2byte	0x372
 934 06b5 0F       		.byte	0xf
 935 06b6 98000000 		.4byte	0x98
 936 06ba 03       		.byte	0x3
 937 06bb 23       		.byte	0x23
 938 06bc A401     		.uleb128 0xa4
 939 06be 09       		.uleb128 0x9
 940 06bf 50523300 		.ascii	"PR3\000"
 941 06c3 04       		.byte	0x4
 942 06c4 7303     		.2byte	0x373
 943 06c6 0F       		.byte	0xf
 944 06c7 98000000 		.4byte	0x98
 945 06cb 03       		.byte	0x3
 946 06cc 23       		.byte	0x23
 947 06cd A801     		.uleb128 0xa8
 948 06cf 00       		.byte	0
 949 06d0 0C       		.uleb128 0xc
 950 06d1 E4050000 		.4byte	.LASF87
 951 06d5 04       		.byte	0x4
 952 06d6 7403     		.2byte	0x374
 953 06d8 02       		.byte	0x2
 954 06d9 BA040000 		.4byte	0x4ba
 955 06dd 0D       		.uleb128 0xd
 956 06de 2C       		.byte	0x2c
 957 06df 04       		.byte	0x4
 958 06e0 BB04     		.2byte	0x4bb
 959 06e2 09       		.byte	0x9
 960 06e3 98070000 		.4byte	0x798
 961 06e7 09       		.uleb128 0x9
 962 06e8 43523100 		.ascii	"CR1\000"
 963 06ec 04       		.byte	0x4
 964 06ed BD04     		.2byte	0x4bd
 965 06ef 11       		.byte	0x11
 966 06f0 98000000 		.4byte	0x98
 967 06f4 02       		.byte	0x2
 968 06f5 23       		.byte	0x23
 969 06f6 00       		.uleb128 0
ARM GAS  C:\Users\nicx5\AppData\Local\Temp\ccNPfpFO.s 			page 18


 970 06f7 08       		.uleb128 0x8
 971 06f8 FC050000 		.4byte	.LASF88
 972 06fc 04       		.byte	0x4
 973 06fd BE04     		.2byte	0x4be
 974 06ff 11       		.byte	0x11
 975 0700 98000000 		.4byte	0x98
 976 0704 02       		.byte	0x2
 977 0705 23       		.byte	0x23
 978 0706 04       		.uleb128 0x4
 979 0707 09       		.uleb128 0x9
 980 0708 43523200 		.ascii	"CR2\000"
 981 070c 04       		.byte	0x4
 982 070d BF04     		.2byte	0x4bf
 983 070f 11       		.byte	0x11
 984 0710 98000000 		.4byte	0x98
 985 0714 02       		.byte	0x2
 986 0715 23       		.byte	0x23
 987 0716 08       		.uleb128 0x8
 988 0717 09       		.uleb128 0x9
 989 0718 43523300 		.ascii	"CR3\000"
 990 071c 04       		.byte	0x4
 991 071d C004     		.2byte	0x4c0
 992 071f 11       		.byte	0x11
 993 0720 98000000 		.4byte	0x98
 994 0724 02       		.byte	0x2
 995 0725 23       		.byte	0x23
 996 0726 0C       		.uleb128 0xc
 997 0727 08       		.uleb128 0x8
 998 0728 7E020000 		.4byte	.LASF89
 999 072c 04       		.byte	0x4
 1000 072d C104     		.2byte	0x4c1
 1001 072f 11       		.byte	0x11
 1002 0730 98000000 		.4byte	0x98
 1003 0734 02       		.byte	0x2
 1004 0735 23       		.byte	0x23
 1005 0736 10       		.uleb128 0x10
 1006 0737 08       		.uleb128 0x8
 1007 0738 AE030000 		.4byte	.LASF30
 1008 073c 04       		.byte	0x4
 1009 073d C204     		.2byte	0x4c2
 1010 073f 11       		.byte	0x11
 1011 0740 8C000000 		.4byte	0x8c
 1012 0744 02       		.byte	0x2
 1013 0745 23       		.byte	0x23
 1014 0746 14       		.uleb128 0x14
 1015 0747 08       		.uleb128 0x8
 1016 0748 9F040000 		.4byte	.LASF90
 1017 074c 04       		.byte	0x4
 1018 074d C304     		.2byte	0x4c3
 1019 074f 11       		.byte	0x11
 1020 0750 98000000 		.4byte	0x98
 1021 0754 02       		.byte	0x2
 1022 0755 23       		.byte	0x23
 1023 0756 18       		.uleb128 0x18
 1024 0757 08       		.uleb128 0x8
 1025 0758 B8030000 		.4byte	.LASF67
 1026 075c 04       		.byte	0x4
ARM GAS  C:\Users\nicx5\AppData\Local\Temp\ccNPfpFO.s 			page 19


 1027 075d C404     		.2byte	0x4c4
 1028 075f 11       		.byte	0x11
 1029 0760 8C000000 		.4byte	0x8c
 1030 0764 02       		.byte	0x2
 1031 0765 23       		.byte	0x23
 1032 0766 1C       		.uleb128 0x1c
 1033 0767 08       		.uleb128 0x8
 1034 0768 7E010000 		.4byte	.LASF91
 1035 076c 04       		.byte	0x4
 1036 076d C504     		.2byte	0x4c5
 1037 076f 11       		.byte	0x11
 1038 0770 98000000 		.4byte	0x98
 1039 0774 02       		.byte	0x2
 1040 0775 23       		.byte	0x23
 1041 0776 20       		.uleb128 0x20
 1042 0777 08       		.uleb128 0x8
 1043 0778 70030000 		.4byte	.LASF92
 1044 077c 04       		.byte	0x4
 1045 077d C604     		.2byte	0x4c6
 1046 077f 11       		.byte	0x11
 1047 0780 98000000 		.4byte	0x98
 1048 0784 02       		.byte	0x2
 1049 0785 23       		.byte	0x23
 1050 0786 24       		.uleb128 0x24
 1051 0787 08       		.uleb128 0x8
 1052 0788 67020000 		.4byte	.LASF93
 1053 078c 04       		.byte	0x4
 1054 078d C704     		.2byte	0x4c7
 1055 078f 11       		.byte	0x11
 1056 0790 98000000 		.4byte	0x98
 1057 0794 02       		.byte	0x2
 1058 0795 23       		.byte	0x23
 1059 0796 28       		.uleb128 0x28
 1060 0797 00       		.byte	0
 1061 0798 0C       		.uleb128 0xc
 1062 0799 97010000 		.4byte	.LASF94
 1063 079d 04       		.byte	0x4
 1064 079e C804     		.2byte	0x4c8
 1065 07a0 03       		.byte	0x3
 1066 07a1 DD060000 		.4byte	0x6dd
 1067 07a5 02       		.uleb128 0x2
 1068 07a6 08       		.byte	0x8
 1069 07a7 04       		.byte	0x4
 1070 07a8 C6040000 		.4byte	.LASF95
 1071 07ac 02       		.uleb128 0x2
 1072 07ad 01       		.byte	0x1
 1073 07ae 08       		.byte	0x8
 1074 07af D2040000 		.4byte	.LASF96
 1075 07b3 02       		.uleb128 0x2
 1076 07b4 04       		.byte	0x4
 1077 07b5 04       		.byte	0x4
 1078 07b6 84030000 		.4byte	.LASF97
 1079 07ba 02       		.uleb128 0x2
 1080 07bb 08       		.byte	0x8
 1081 07bc 04       		.byte	0x4
 1082 07bd DA010000 		.4byte	.LASF98
 1083 07c1 0E       		.uleb128 0xe
ARM GAS  C:\Users\nicx5\AppData\Local\Temp\ccNPfpFO.s 			page 20


 1084 07c2 08       		.byte	0x8
 1085 07c3 05       		.byte	0x5
 1086 07c4 2F       		.byte	0x2f
 1087 07c5 09       		.byte	0x9
 1088 07c6 E9070000 		.4byte	0x7e9
 1089 07ca 0F       		.uleb128 0xf
 1090 07cb 48010000 		.4byte	.LASF99
 1091 07cf 05       		.byte	0x5
 1092 07d0 31       		.byte	0x31
 1093 07d1 0C       		.byte	0xc
 1094 07d2 8C000000 		.4byte	0x8c
 1095 07d6 02       		.byte	0x2
 1096 07d7 23       		.byte	0x23
 1097 07d8 00       		.uleb128 0
 1098 07d9 0F       		.uleb128 0xf
 1099 07da 18020000 		.4byte	.LASF100
 1100 07de 05       		.byte	0x5
 1101 07df 36       		.byte	0x36
 1102 07e0 0C       		.byte	0xc
 1103 07e1 8C000000 		.4byte	0x8c
 1104 07e5 02       		.byte	0x2
 1105 07e6 23       		.byte	0x23
 1106 07e7 04       		.uleb128 0x4
 1107 07e8 00       		.byte	0
 1108 07e9 03       		.uleb128 0x3
 1109 07ea AF040000 		.4byte	.LASF101
 1110 07ee 05       		.byte	0x5
 1111 07ef 3A       		.byte	0x3a
 1112 07f0 02       		.byte	0x2
 1113 07f1 C1070000 		.4byte	0x7c1
 1114 07f5 10       		.uleb128 0x10
 1115 07f6 01       		.byte	0x1
 1116 07f7 21030000 		.4byte	.LASF102
 1117 07fb 06       		.byte	0x6
 1118 07fc 5503     		.2byte	0x355
 1119 07fe 0D       		.byte	0xd
 1120 07ff 01       		.byte	0x1
 1121 0800 10       		.uleb128 0x10
 1122 0801 01       		.byte	0x1
 1123 0802 29050000 		.4byte	.LASF103
 1124 0806 06       		.byte	0x6
 1125 0807 2803     		.2byte	0x328
 1126 0809 06       		.byte	0x6
 1127 080a 01       		.byte	0x1
 1128 080b 10       		.uleb128 0x10
 1129 080c 01       		.byte	0x1
 1130 080d FC030000 		.4byte	.LASF104
 1131 0811 06       		.byte	0x6
 1132 0812 0B03     		.2byte	0x30b
 1133 0814 06       		.byte	0x6
 1134 0815 01       		.byte	0x1
 1135 0816 10       		.uleb128 0x10
 1136 0817 01       		.byte	0x1
 1137 0818 D7040000 		.4byte	.LASF105
 1138 081c 06       		.byte	0x6
 1139 081d FF02     		.2byte	0x2ff
 1140 081f 06       		.byte	0x6
ARM GAS  C:\Users\nicx5\AppData\Local\Temp\ccNPfpFO.s 			page 21


 1141 0820 01       		.byte	0x1
 1142 0821 10       		.uleb128 0x10
 1143 0822 01       		.byte	0x1
 1144 0823 68050000 		.4byte	.LASF106
 1145 0827 06       		.byte	0x6
 1146 0828 F202     		.2byte	0x2f2
 1147 082a 06       		.byte	0x6
 1148 082b 01       		.byte	0x1
 1149 082c 10       		.uleb128 0x10
 1150 082d 01       		.byte	0x1
 1151 082e 72040000 		.4byte	.LASF107
 1152 0832 06       		.byte	0x6
 1153 0833 E502     		.2byte	0x2e5
 1154 0835 06       		.byte	0x6
 1155 0836 01       		.byte	0x1
 1156 0837 10       		.uleb128 0x10
 1157 0838 01       		.byte	0x1
 1158 0839 B3010000 		.4byte	.LASF108
 1159 083d 06       		.byte	0x6
 1160 083e B102     		.2byte	0x2b1
 1161 0840 06       		.byte	0x6
 1162 0841 01       		.byte	0x1
 1163 0842 11       		.uleb128 0x11
 1164 0843 01       		.byte	0x1
 1165 0844 35030000 		.4byte	.LASF111
 1166 0848 06       		.byte	0x6
 1167 0849 6A02     		.2byte	0x26a
 1168 084b 06       		.byte	0x6
 1169 084c 01       		.byte	0x1
 1170 084d 6C080000 		.4byte	0x86c
 1171 0851 12       		.uleb128 0x12
 1172 0852 83050000 		.4byte	.LASF109
 1173 0856 06       		.byte	0x6
 1174 0857 6A02     		.2byte	0x26a
 1175 0859 26       		.byte	0x26
 1176 085a 8C000000 		.4byte	0x8c
 1177 085e 12       		.uleb128 0x12
 1178 085f A5050000 		.4byte	.LASF110
 1179 0863 06       		.byte	0x6
 1180 0864 6A02     		.2byte	0x26a
 1181 0866 39       		.byte	0x39
 1182 0867 7B000000 		.4byte	0x7b
 1183 086b 00       		.byte	0
 1184 086c 11       		.uleb128 0x11
 1185 086d 01       		.byte	0x1
 1186 086e 32040000 		.4byte	.LASF112
 1187 0872 06       		.byte	0x6
 1188 0873 3402     		.2byte	0x234
 1189 0875 06       		.byte	0x6
 1190 0876 01       		.byte	0x1
 1191 0877 96080000 		.4byte	0x896
 1192 087b 12       		.uleb128 0x12
 1193 087c 83050000 		.4byte	.LASF109
 1194 0880 06       		.byte	0x6
 1195 0881 3402     		.2byte	0x234
 1196 0883 27       		.byte	0x27
 1197 0884 8C000000 		.4byte	0x8c
ARM GAS  C:\Users\nicx5\AppData\Local\Temp\ccNPfpFO.s 			page 22


 1198 0888 12       		.uleb128 0x12
 1199 0889 0A030000 		.4byte	.LASF113
 1200 088d 06       		.byte	0x6
 1201 088e 3402     		.2byte	0x234
 1202 0890 3A       		.byte	0x3a
 1203 0891 7B000000 		.4byte	0x7b
 1204 0895 00       		.byte	0
 1205 0896 11       		.uleb128 0x11
 1206 0897 01       		.byte	0x1
 1207 0898 1D020000 		.4byte	.LASF114
 1208 089c 06       		.byte	0x6
 1209 089d 1802     		.2byte	0x218
 1210 089f 06       		.byte	0x6
 1211 08a0 01       		.byte	0x1
 1212 08a1 B3080000 		.4byte	0x8b3
 1213 08a5 12       		.uleb128 0x12
 1214 08a6 1A010000 		.4byte	.LASF115
 1215 08aa 06       		.byte	0x6
 1216 08ab 1802     		.2byte	0x218
 1217 08ad 29       		.byte	0x29
 1218 08ae 8C000000 		.4byte	0x8c
 1219 08b2 00       		.byte	0
 1220 08b3 11       		.uleb128 0x11
 1221 08b4 01       		.byte	0x1
 1222 08b5 B7050000 		.4byte	.LASF116
 1223 08b9 06       		.byte	0x6
 1224 08ba FB01     		.2byte	0x1fb
 1225 08bc 06       		.byte	0x6
 1226 08bd 01       		.byte	0x1
 1227 08be D0080000 		.4byte	0x8d0
 1228 08c2 12       		.uleb128 0x12
 1229 08c3 8A030000 		.4byte	.LASF117
 1230 08c7 06       		.byte	0x6
 1231 08c8 FB01     		.2byte	0x1fb
 1232 08ca 28       		.byte	0x28
 1233 08cb 8C000000 		.4byte	0x8c
 1234 08cf 00       		.byte	0
 1235 08d0 10       		.uleb128 0x10
 1236 08d1 01       		.byte	0x1
 1237 08d2 0E050000 		.4byte	.LASF118
 1238 08d6 06       		.byte	0x6
 1239 08d7 E001     		.2byte	0x1e0
 1240 08d9 06       		.byte	0x6
 1241 08da 01       		.byte	0x1
 1242 08db 10       		.uleb128 0x10
 1243 08dc 01       		.byte	0x1
 1244 08dd 52030000 		.4byte	.LASF119
 1245 08e1 06       		.byte	0x6
 1246 08e2 D601     		.2byte	0x1d6
 1247 08e4 06       		.byte	0x6
 1248 08e5 01       		.byte	0x1
 1249 08e6 11       		.uleb128 0x11
 1250 08e7 01       		.byte	0x1
 1251 08e8 84020000 		.4byte	.LASF120
 1252 08ec 06       		.byte	0x6
 1253 08ed 9F01     		.2byte	0x19f
 1254 08ef 06       		.byte	0x6
ARM GAS  C:\Users\nicx5\AppData\Local\Temp\ccNPfpFO.s 			page 23


 1255 08f0 01       		.byte	0x1
 1256 08f1 03090000 		.4byte	0x903
 1257 08f5 12       		.uleb128 0x12
 1258 08f6 A4040000 		.4byte	.LASF121
 1259 08fa 06       		.byte	0x6
 1260 08fb 9F01     		.2byte	0x19f
 1261 08fd 29       		.byte	0x29
 1262 08fe 03090000 		.4byte	0x903
 1263 0902 00       		.byte	0
 1264 0903 13       		.uleb128 0x13
 1265 0904 04       		.byte	0x4
 1266 0905 E9070000 		.4byte	0x7e9
 1267 0909 14       		.uleb128 0x14
 1268 090a 01       		.byte	0x1
 1269 090b E1010000 		.4byte	.LASF122
 1270 090f 06       		.byte	0x6
 1271 0910 F9       		.byte	0xf9
 1272 0911 06       		.byte	0x6
 1273 0912 01       		.byte	0x1
 1274 0913 14       		.uleb128 0x14
 1275 0914 01       		.byte	0x1
 1276 0915 EF040000 		.4byte	.LASF123
 1277 0919 06       		.byte	0x6
 1278 091a EC       		.byte	0xec
 1279 091b 06       		.byte	0x6
 1280 091c 01       		.byte	0x1
 1281 091d 14       		.uleb128 0x14
 1282 091e 01       		.byte	0x1
 1283 091f 40050000 		.4byte	.LASF124
 1284 0923 06       		.byte	0x6
 1285 0924 E1       		.byte	0xe1
 1286 0925 06       		.byte	0x6
 1287 0926 01       		.byte	0x1
 1288 0927 15       		.uleb128 0x15
 1289 0928 1B030000 		.4byte	.LASF125
 1290 092c 07       		.byte	0x7
 1291 092d B003     		.2byte	0x3b0
 1292 092f 1B       		.byte	0x1b
 1293 0930 01       		.byte	0x1
 1294 0931 15       		.uleb128 0x15
 1295 0932 77030000 		.4byte	.LASF126
 1296 0936 07       		.byte	0x7
 1297 0937 A503     		.2byte	0x3a5
 1298 0939 1B       		.byte	0x1b
 1299 093a 01       		.byte	0x1
 1300 093b 00       		.byte	0
 1301              		.section	.gnu.debuglto_.debug_abbrev,"e",%progbits
 1302              	.Ldebug_abbrev0:
 1303 0000 01       		.uleb128 0x1
 1304 0001 11       		.uleb128 0x11
 1305 0002 01       		.byte	0x1
 1306 0003 25       		.uleb128 0x25
 1307 0004 0E       		.uleb128 0xe
 1308 0005 13       		.uleb128 0x13
 1309 0006 0B       		.uleb128 0xb
 1310 0007 03       		.uleb128 0x3
 1311 0008 0E       		.uleb128 0xe
ARM GAS  C:\Users\nicx5\AppData\Local\Temp\ccNPfpFO.s 			page 24


 1312 0009 1B       		.uleb128 0x1b
 1313 000a 0E       		.uleb128 0xe
 1314 000b 10       		.uleb128 0x10
 1315 000c 06       		.uleb128 0x6
 1316 000d 00       		.byte	0
 1317 000e 00       		.byte	0
 1318 000f 02       		.uleb128 0x2
 1319 0010 24       		.uleb128 0x24
 1320 0011 00       		.byte	0
 1321 0012 0B       		.uleb128 0xb
 1322 0013 0B       		.uleb128 0xb
 1323 0014 3E       		.uleb128 0x3e
 1324 0015 0B       		.uleb128 0xb
 1325 0016 03       		.uleb128 0x3
 1326 0017 0E       		.uleb128 0xe
 1327 0018 00       		.byte	0
 1328 0019 00       		.byte	0
 1329 001a 03       		.uleb128 0x3
 1330 001b 16       		.uleb128 0x16
 1331 001c 00       		.byte	0
 1332 001d 03       		.uleb128 0x3
 1333 001e 0E       		.uleb128 0xe
 1334 001f 3A       		.uleb128 0x3a
 1335 0020 0B       		.uleb128 0xb
 1336 0021 3B       		.uleb128 0x3b
 1337 0022 0B       		.uleb128 0xb
 1338 0023 39       		.uleb128 0x39
 1339 0024 0B       		.uleb128 0xb
 1340 0025 49       		.uleb128 0x49
 1341 0026 13       		.uleb128 0x13
 1342 0027 00       		.byte	0
 1343 0028 00       		.byte	0
 1344 0029 04       		.uleb128 0x4
 1345 002a 24       		.uleb128 0x24
 1346 002b 00       		.byte	0
 1347 002c 0B       		.uleb128 0xb
 1348 002d 0B       		.uleb128 0xb
 1349 002e 3E       		.uleb128 0x3e
 1350 002f 0B       		.uleb128 0xb
 1351 0030 03       		.uleb128 0x3
 1352 0031 08       		.uleb128 0x8
 1353 0032 00       		.byte	0
 1354 0033 00       		.byte	0
 1355 0034 05       		.uleb128 0x5
 1356 0035 35       		.uleb128 0x35
 1357 0036 00       		.byte	0
 1358 0037 49       		.uleb128 0x49
 1359 0038 13       		.uleb128 0x13
 1360 0039 00       		.byte	0
 1361 003a 00       		.byte	0
 1362 003b 06       		.uleb128 0x6
 1363 003c 26       		.uleb128 0x26
 1364 003d 00       		.byte	0
 1365 003e 49       		.uleb128 0x49
 1366 003f 13       		.uleb128 0x13
 1367 0040 00       		.byte	0
 1368 0041 00       		.byte	0
ARM GAS  C:\Users\nicx5\AppData\Local\Temp\ccNPfpFO.s 			page 25


 1369 0042 07       		.uleb128 0x7
 1370 0043 13       		.uleb128 0x13
 1371 0044 01       		.byte	0x1
 1372 0045 0B       		.uleb128 0xb
 1373 0046 05       		.uleb128 0x5
 1374 0047 3A       		.uleb128 0x3a
 1375 0048 0B       		.uleb128 0xb
 1376 0049 3B       		.uleb128 0x3b
 1377 004a 05       		.uleb128 0x5
 1378 004b 39       		.uleb128 0x39
 1379 004c 0B       		.uleb128 0xb
 1380 004d 01       		.uleb128 0x1
 1381 004e 13       		.uleb128 0x13
 1382 004f 00       		.byte	0
 1383 0050 00       		.byte	0
 1384 0051 08       		.uleb128 0x8
 1385 0052 0D       		.uleb128 0xd
 1386 0053 00       		.byte	0
 1387 0054 03       		.uleb128 0x3
 1388 0055 0E       		.uleb128 0xe
 1389 0056 3A       		.uleb128 0x3a
 1390 0057 0B       		.uleb128 0xb
 1391 0058 3B       		.uleb128 0x3b
 1392 0059 05       		.uleb128 0x5
 1393 005a 39       		.uleb128 0x39
 1394 005b 0B       		.uleb128 0xb
 1395 005c 49       		.uleb128 0x49
 1396 005d 13       		.uleb128 0x13
 1397 005e 38       		.uleb128 0x38
 1398 005f 0A       		.uleb128 0xa
 1399 0060 00       		.byte	0
 1400 0061 00       		.byte	0
 1401 0062 09       		.uleb128 0x9
 1402 0063 0D       		.uleb128 0xd
 1403 0064 00       		.byte	0
 1404 0065 03       		.uleb128 0x3
 1405 0066 08       		.uleb128 0x8
 1406 0067 3A       		.uleb128 0x3a
 1407 0068 0B       		.uleb128 0xb
 1408 0069 3B       		.uleb128 0x3b
 1409 006a 05       		.uleb128 0x5
 1410 006b 39       		.uleb128 0x39
 1411 006c 0B       		.uleb128 0xb
 1412 006d 49       		.uleb128 0x49
 1413 006e 13       		.uleb128 0x13
 1414 006f 38       		.uleb128 0x38
 1415 0070 0A       		.uleb128 0xa
 1416 0071 00       		.byte	0
 1417 0072 00       		.byte	0
 1418 0073 0A       		.uleb128 0xa
 1419 0074 01       		.uleb128 0x1
 1420 0075 01       		.byte	0x1
 1421 0076 49       		.uleb128 0x49
 1422 0077 13       		.uleb128 0x13
 1423 0078 01       		.uleb128 0x1
 1424 0079 13       		.uleb128 0x13
 1425 007a 00       		.byte	0
ARM GAS  C:\Users\nicx5\AppData\Local\Temp\ccNPfpFO.s 			page 26


 1426 007b 00       		.byte	0
 1427 007c 0B       		.uleb128 0xb
 1428 007d 21       		.uleb128 0x21
 1429 007e 00       		.byte	0
 1430 007f 49       		.uleb128 0x49
 1431 0080 13       		.uleb128 0x13
 1432 0081 2F       		.uleb128 0x2f
 1433 0082 0B       		.uleb128 0xb
 1434 0083 00       		.byte	0
 1435 0084 00       		.byte	0
 1436 0085 0C       		.uleb128 0xc
 1437 0086 16       		.uleb128 0x16
 1438 0087 00       		.byte	0
 1439 0088 03       		.uleb128 0x3
 1440 0089 0E       		.uleb128 0xe
 1441 008a 3A       		.uleb128 0x3a
 1442 008b 0B       		.uleb128 0xb
 1443 008c 3B       		.uleb128 0x3b
 1444 008d 05       		.uleb128 0x5
 1445 008e 39       		.uleb128 0x39
 1446 008f 0B       		.uleb128 0xb
 1447 0090 49       		.uleb128 0x49
 1448 0091 13       		.uleb128 0x13
 1449 0092 00       		.byte	0
 1450 0093 00       		.byte	0
 1451 0094 0D       		.uleb128 0xd
 1452 0095 13       		.uleb128 0x13
 1453 0096 01       		.byte	0x1
 1454 0097 0B       		.uleb128 0xb
 1455 0098 0B       		.uleb128 0xb
 1456 0099 3A       		.uleb128 0x3a
 1457 009a 0B       		.uleb128 0xb
 1458 009b 3B       		.uleb128 0x3b
 1459 009c 05       		.uleb128 0x5
 1460 009d 39       		.uleb128 0x39
 1461 009e 0B       		.uleb128 0xb
 1462 009f 01       		.uleb128 0x1
 1463 00a0 13       		.uleb128 0x13
 1464 00a1 00       		.byte	0
 1465 00a2 00       		.byte	0
 1466 00a3 0E       		.uleb128 0xe
 1467 00a4 13       		.uleb128 0x13
 1468 00a5 01       		.byte	0x1
 1469 00a6 0B       		.uleb128 0xb
 1470 00a7 0B       		.uleb128 0xb
 1471 00a8 3A       		.uleb128 0x3a
 1472 00a9 0B       		.uleb128 0xb
 1473 00aa 3B       		.uleb128 0x3b
 1474 00ab 0B       		.uleb128 0xb
 1475 00ac 39       		.uleb128 0x39
 1476 00ad 0B       		.uleb128 0xb
 1477 00ae 01       		.uleb128 0x1
 1478 00af 13       		.uleb128 0x13
 1479 00b0 00       		.byte	0
 1480 00b1 00       		.byte	0
 1481 00b2 0F       		.uleb128 0xf
 1482 00b3 0D       		.uleb128 0xd
ARM GAS  C:\Users\nicx5\AppData\Local\Temp\ccNPfpFO.s 			page 27


 1483 00b4 00       		.byte	0
 1484 00b5 03       		.uleb128 0x3
 1485 00b6 0E       		.uleb128 0xe
 1486 00b7 3A       		.uleb128 0x3a
 1487 00b8 0B       		.uleb128 0xb
 1488 00b9 3B       		.uleb128 0x3b
 1489 00ba 0B       		.uleb128 0xb
 1490 00bb 39       		.uleb128 0x39
 1491 00bc 0B       		.uleb128 0xb
 1492 00bd 49       		.uleb128 0x49
 1493 00be 13       		.uleb128 0x13
 1494 00bf 38       		.uleb128 0x38
 1495 00c0 0A       		.uleb128 0xa
 1496 00c1 00       		.byte	0
 1497 00c2 00       		.byte	0
 1498 00c3 10       		.uleb128 0x10
 1499 00c4 2E       		.uleb128 0x2e
 1500 00c5 00       		.byte	0
 1501 00c6 3F       		.uleb128 0x3f
 1502 00c7 0C       		.uleb128 0xc
 1503 00c8 03       		.uleb128 0x3
 1504 00c9 0E       		.uleb128 0xe
 1505 00ca 3A       		.uleb128 0x3a
 1506 00cb 0B       		.uleb128 0xb
 1507 00cc 3B       		.uleb128 0x3b
 1508 00cd 05       		.uleb128 0x5
 1509 00ce 39       		.uleb128 0x39
 1510 00cf 0B       		.uleb128 0xb
 1511 00d0 27       		.uleb128 0x27
 1512 00d1 0C       		.uleb128 0xc
 1513 00d2 00       		.byte	0
 1514 00d3 00       		.byte	0
 1515 00d4 11       		.uleb128 0x11
 1516 00d5 2E       		.uleb128 0x2e
 1517 00d6 01       		.byte	0x1
 1518 00d7 3F       		.uleb128 0x3f
 1519 00d8 0C       		.uleb128 0xc
 1520 00d9 03       		.uleb128 0x3
 1521 00da 0E       		.uleb128 0xe
 1522 00db 3A       		.uleb128 0x3a
 1523 00dc 0B       		.uleb128 0xb
 1524 00dd 3B       		.uleb128 0x3b
 1525 00de 05       		.uleb128 0x5
 1526 00df 39       		.uleb128 0x39
 1527 00e0 0B       		.uleb128 0xb
 1528 00e1 27       		.uleb128 0x27
 1529 00e2 0C       		.uleb128 0xc
 1530 00e3 01       		.uleb128 0x1
 1531 00e4 13       		.uleb128 0x13
 1532 00e5 00       		.byte	0
 1533 00e6 00       		.byte	0
 1534 00e7 12       		.uleb128 0x12
 1535 00e8 05       		.uleb128 0x5
 1536 00e9 00       		.byte	0
 1537 00ea 03       		.uleb128 0x3
 1538 00eb 0E       		.uleb128 0xe
 1539 00ec 3A       		.uleb128 0x3a
ARM GAS  C:\Users\nicx5\AppData\Local\Temp\ccNPfpFO.s 			page 28


 1540 00ed 0B       		.uleb128 0xb
 1541 00ee 3B       		.uleb128 0x3b
 1542 00ef 05       		.uleb128 0x5
 1543 00f0 39       		.uleb128 0x39
 1544 00f1 0B       		.uleb128 0xb
 1545 00f2 49       		.uleb128 0x49
 1546 00f3 13       		.uleb128 0x13
 1547 00f4 00       		.byte	0
 1548 00f5 00       		.byte	0
 1549 00f6 13       		.uleb128 0x13
 1550 00f7 0F       		.uleb128 0xf
 1551 00f8 00       		.byte	0
 1552 00f9 0B       		.uleb128 0xb
 1553 00fa 0B       		.uleb128 0xb
 1554 00fb 49       		.uleb128 0x49
 1555 00fc 13       		.uleb128 0x13
 1556 00fd 00       		.byte	0
 1557 00fe 00       		.byte	0
 1558 00ff 14       		.uleb128 0x14
 1559 0100 2E       		.uleb128 0x2e
 1560 0101 00       		.byte	0
 1561 0102 3F       		.uleb128 0x3f
 1562 0103 0C       		.uleb128 0xc
 1563 0104 03       		.uleb128 0x3
 1564 0105 0E       		.uleb128 0xe
 1565 0106 3A       		.uleb128 0x3a
 1566 0107 0B       		.uleb128 0xb
 1567 0108 3B       		.uleb128 0x3b
 1568 0109 0B       		.uleb128 0xb
 1569 010a 39       		.uleb128 0x39
 1570 010b 0B       		.uleb128 0xb
 1571 010c 27       		.uleb128 0x27
 1572 010d 0C       		.uleb128 0xc
 1573 010e 00       		.byte	0
 1574 010f 00       		.byte	0
 1575 0110 15       		.uleb128 0x15
 1576 0111 2E       		.uleb128 0x2e
 1577 0112 00       		.byte	0
 1578 0113 03       		.uleb128 0x3
 1579 0114 0E       		.uleb128 0xe
 1580 0115 3A       		.uleb128 0x3a
 1581 0116 0B       		.uleb128 0xb
 1582 0117 3B       		.uleb128 0x3b
 1583 0118 05       		.uleb128 0x5
 1584 0119 39       		.uleb128 0x39
 1585 011a 0B       		.uleb128 0xb
 1586 011b 27       		.uleb128 0x27
 1587 011c 0C       		.uleb128 0xc
 1588 011d 00       		.byte	0
 1589 011e 00       		.byte	0
 1590 011f 00       		.byte	0
 1591              		.section	.gnu.debuglto_.debug_line,"e",%progbits
 1592              	.Ldebug_line0:
 1593 0000 90010000 		.4byte	.LELT0-.LSLT0
 1594              	.LSLT0:
 1595 0004 0200     		.2byte	0x2
 1596 0006 8A010000 		.4byte	.LELTP0-.LASLTP0
ARM GAS  C:\Users\nicx5\AppData\Local\Temp\ccNPfpFO.s 			page 29


 1597              	.LASLTP0:
 1598 000a 01       		.byte	0x1
 1599 000b 01       		.byte	0x1
 1600 000c F6       		.byte	0xf6
 1601 000d F2       		.byte	0xf2
 1602 000e 0D       		.byte	0xd
 1603 000f 00       		.byte	0
 1604 0010 01       		.byte	0x1
 1605 0011 01       		.byte	0x1
 1606 0012 01       		.byte	0x1
 1607 0013 01       		.byte	0x1
 1608 0014 00       		.byte	0
 1609 0015 00       		.byte	0
 1610 0016 00       		.byte	0
 1611 0017 01       		.byte	0x1
 1612 0018 00       		.byte	0
 1613 0019 00       		.byte	0
 1614 001a 01       		.byte	0x1
 1615 001b 443A2F50 		.ascii	"D:/Program Files/msys64/mingw64/arm-none-eabi/inclu"
 1615      726F6772 
 1615      616D2046 
 1615      696C6573 
 1615      2F6D7379 
 1616 004e 64652F6D 		.ascii	"de/machine"
 1616      61636869 
 1616      6E65
 1617 0058 00       		.byte	0
 1618 0059 443A2F50 		.ascii	"D:/Program Files/msys64/mingw64/arm-none-eabi/inclu"
 1618      726F6772 
 1618      616D2046 
 1618      696C6573 
 1618      2F6D7379 
 1619 008c 64652F73 		.ascii	"de/sys"
 1619      7973
 1620 0092 00       		.byte	0
 1621 0093 44726976 		.ascii	"Drivers/CMSIS/Device/ST/STM32H7xx/Include"
 1621      6572732F 
 1621      434D5349 
 1621      532F4465 
 1621      76696365 
 1622 00bc 00       		.byte	0
 1623 00bd 44726976 		.ascii	"Drivers/CMSIS/Include"
 1623      6572732F 
 1623      434D5349 
 1623      532F496E 
 1623      636C7564 
 1624 00d2 00       		.byte	0
 1625 00d3 44726976 		.ascii	"Drivers/STM32H7xx_HAL_Driver/Inc"
 1625      6572732F 
 1625      53544D33 
 1625      32483778 
 1625      785F4841 
 1626 00f3 00       		.byte	0
 1627 00f4 44726976 		.ascii	"Drivers/STM32H7xx_HAL_Driver/Src"
 1627      6572732F 
 1627      53544D33 
 1627      32483778 
ARM GAS  C:\Users\nicx5\AppData\Local\Temp\ccNPfpFO.s 			page 30


 1627      785F4841 
 1628 0114 00       		.byte	0
 1629 0115 00       		.byte	0
 1630 0116 5F646566 		.ascii	"_default_types.h\000"
 1630      61756C74 
 1630      5F747970 
 1630      65732E68 
 1630      00
 1631 0127 01       		.uleb128 0x1
 1632 0128 00       		.uleb128 0
 1633 0129 00       		.uleb128 0
 1634 012a 5F737464 		.ascii	"_stdint.h\000"
 1634      696E742E 
 1634      6800
 1635 0134 02       		.uleb128 0x2
 1636 0135 00       		.uleb128 0
 1637 0136 00       		.uleb128 0
 1638 0137 636F7265 		.ascii	"core_cm7.h\000"
 1638      5F636D37 
 1638      2E6800
 1639 0142 04       		.uleb128 0x4
 1640 0143 00       		.uleb128 0
 1641 0144 00       		.uleb128 0
 1642 0145 73746D33 		.ascii	"stm32h750xx.h\000"
 1642      32683735 
 1642      3078782E 
 1642      6800
 1643 0153 03       		.uleb128 0x3
 1644 0154 00       		.uleb128 0
 1645 0155 00       		.uleb128 0
 1646 0156 73746D33 		.ascii	"stm32h7xx_hal_pwr.h\000"
 1646      32683778 
 1646      785F6861 
 1646      6C5F7077 
 1646      722E6800 
 1647 016a 05       		.uleb128 0x5
 1648 016b 00       		.uleb128 0
 1649 016c 00       		.uleb128 0
 1650 016d 73746D33 		.ascii	"stm32h7xx_hal_pwr.c\000"
 1650      32683778 
 1650      785F6861 
 1650      6C5F7077 
 1650      722E6300 
 1651 0181 06       		.uleb128 0x6
 1652 0182 00       		.uleb128 0
 1653 0183 00       		.uleb128 0
 1654 0184 636D7369 		.ascii	"cmsis_gcc.h\000"
 1654      735F6763 
 1654      632E6800 
 1655 0190 04       		.uleb128 0x4
 1656 0191 00       		.uleb128 0
 1657 0192 00       		.uleb128 0
 1658 0193 00       		.byte	0
 1659              	.LELTP0:
 1660              	.LELT0:
 1661              		.section	.gnu.debuglto_.debug_str,"eMS",%progbits,1
 1662              	.LASF80:
ARM GAS  C:\Users\nicx5\AppData\Local\Temp\ccNPfpFO.s 			page 31


 1663 0000 44335043 		.ascii	"D3PCR3H\000"
 1663      52334800 
 1664              	.LASF17:
 1665 0008 53485052 		.ascii	"SHPR\000"
 1665      00
 1666              	.LASF79:
 1667 000d 44335043 		.ascii	"D3PCR3L\000"
 1667      52334C00 
 1668              	.LASF57:
 1669 0015 41484253 		.ascii	"AHBSCR\000"
 1669      435200
 1670              	.LASF127:
 1671 001c 474E5520 		.ascii	"GNU C17 13.3.0 -mcpu=cortex-m7 -mthumb -mfpu=fpv5-d"
 1671      43313720 
 1671      31332E33 
 1671      2E30202D 
 1671      6D637075 
 1672 004f 3136202D 		.ascii	"16 -mfloat-abi=hard -march=armv7e-m+fp.dp -g -gdwar"
 1672      6D666C6F 
 1672      61742D61 
 1672      62693D68 
 1672      61726420 
 1673 0082 662D3220 		.ascii	"f-2 -Os -fdata-sections -ffunction-sections -flto -"
 1673      2D4F7320 
 1673      2D666461 
 1673      74612D73 
 1673      65637469 
 1674 00b5 666D6572 		.ascii	"fmerge-constants -fno-unwind-tables -fno-asynchrono"
 1674      67652D63 
 1674      6F6E7374 
 1674      616E7473 
 1674      202D666E 
 1675 00e8 75732D75 		.ascii	"us-unwind-tables\000"
 1675      6E77696E 
 1675      642D7461 
 1675      626C6573 
 1675      00
 1676              	.LASF5:
 1677 00f9 5F5F7569 		.ascii	"__uint8_t\000"
 1677      6E74385F 
 1677      7400
 1678              	.LASF36:
 1679 0103 53544952 		.ascii	"STIR\000"
 1679      00
 1680              	.LASF62:
 1681 0108 46545352 		.ascii	"FTSR1\000"
 1681      3100
 1682              	.LASF69:
 1683 010e 46545352 		.ascii	"FTSR2\000"
 1683      3200
 1684              	.LASF76:
 1685 0114 46545352 		.ascii	"FTSR3\000"
 1685      3300
 1686              	.LASF115:
 1687 011a 57616B65 		.ascii	"WakeUpPinx\000"
 1687      55705069 
 1687      6E7800
ARM GAS  C:\Users\nicx5\AppData\Local\Temp\ccNPfpFO.s 			page 32


 1688              	.LASF9:
 1689 0125 6C6F6E67 		.ascii	"long long unsigned int\000"
 1689      206C6F6E 
 1689      6720756E 
 1689      7369676E 
 1689      65642069 
 1690              	.LASF31:
 1691 013c 434C4944 		.ascii	"CLIDR\000"
 1691      5200
 1692              	.LASF13:
 1693 0142 43505549 		.ascii	"CPUID\000"
 1693      4400
 1694              	.LASF99:
 1695 0148 5056444C 		.ascii	"PVDLevel\000"
 1695      6576656C 
 1695      00
 1696              	.LASF63:
 1697 0151 53574945 		.ascii	"SWIER1\000"
 1697      523100
 1698              	.LASF70:
 1699 0158 53574945 		.ascii	"SWIER2\000"
 1699      523200
 1700              	.LASF77:
 1701 015f 53574945 		.ascii	"SWIER3\000"
 1701      523300
 1702              	.LASF25:
 1703 0166 49445F50 		.ascii	"ID_PFR\000"
 1703      465200
 1704              	.LASF14:
 1705 016d 49435352 		.ascii	"ICSR\000"
 1705      00
 1706              	.LASF1:
 1707 0172 7369676E 		.ascii	"signed char\000"
 1707      65642063 
 1707      68617200 
 1708              	.LASF91:
 1709 017e 574B5550 		.ascii	"WKUPCR\000"
 1709      435200
 1710              	.LASF7:
 1711 0185 6C6F6E67 		.ascii	"long unsigned int\000"
 1711      20756E73 
 1711      69676E65 
 1711      6420696E 
 1711      7400
 1712              	.LASF94:
 1713 0197 5057525F 		.ascii	"PWR_TypeDef\000"
 1713      54797065 
 1713      44656600 
 1714              	.LASF4:
 1715 01a3 6C6F6E67 		.ascii	"long int\000"
 1715      20696E74 
 1715      00
 1716              	.LASF54:
 1717 01ac 4454434D 		.ascii	"DTCMCR\000"
 1717      435200
 1718              	.LASF108:
 1719 01b3 48414C5F 		.ascii	"HAL_PWR_EnterSTANDBYMode\000"
ARM GAS  C:\Users\nicx5\AppData\Local\Temp\ccNPfpFO.s 			page 33


 1719      5057525F 
 1719      456E7465 
 1719      72535441 
 1719      4E444259 
 1720              	.LASF8:
 1721 01cc 6C6F6E67 		.ascii	"long long int\000"
 1721      206C6F6E 
 1721      6720696E 
 1721      7400
 1722              	.LASF98:
 1723 01da 646F7562 		.ascii	"double\000"
 1723      6C6500
 1724              	.LASF122:
 1725 01e1 48414C5F 		.ascii	"HAL_PWR_DisableBkUpAccess\000"
 1725      5057525F 
 1725      44697361 
 1725      626C6542 
 1725      6B557041 
 1726              	.LASF42:
 1727 01fb 49434941 		.ascii	"ICIALLU\000"
 1727      4C4C5500 
 1728              	.LASF23:
 1729 0203 42464152 		.ascii	"BFAR\000"
 1729      00
 1730              	.LASF24:
 1731 0208 41465352 		.ascii	"AFSR\000"
 1731      00
 1732              	.LASF6:
 1733 020d 5F5F7569 		.ascii	"__uint32_t\000"
 1733      6E743332 
 1733      5F7400
 1734              	.LASF100:
 1735 0218 4D6F6465 		.ascii	"Mode\000"
 1735      00
 1736              	.LASF114:
 1737 021d 48414C5F 		.ascii	"HAL_PWR_DisableWakeUpPin\000"
 1737      5057525F 
 1737      44697361 
 1737      626C6557 
 1737      616B6555 
 1738              	.LASF60:
 1739 0236 5343425F 		.ascii	"SCB_Type\000"
 1739      54797065 
 1739      00
 1740              	.LASF26:
 1741 023f 49445F44 		.ascii	"ID_DFR\000"
 1741      465200
 1742              	.LASF48:
 1743 0246 4443434D 		.ascii	"DCCMVAC\000"
 1743      56414300 
 1744              	.LASF56:
 1745 024e 43414352 		.ascii	"CACR\000"
 1745      00
 1746              	.LASF33:
 1747 0253 43535345 		.ascii	"CSSELR\000"
 1747      4C5200
 1748              	.LASF10:
ARM GAS  C:\Users\nicx5\AppData\Local\Temp\ccNPfpFO.s 			page 34


 1749 025a 756E7369 		.ascii	"unsigned int\000"
 1749      676E6564 
 1749      20696E74 
 1749      00
 1750              	.LASF93:
 1751 0267 574B5550 		.ascii	"WKUPEPR\000"
 1751      45505200 
 1752              	.LASF47:
 1753 026f 4443434D 		.ascii	"DCCMVAU\000"
 1753      56415500 
 1754              	.LASF51:
 1755 0277 44434349 		.ascii	"DCCISW\000"
 1755      535700
 1756              	.LASF89:
 1757 027e 43505543 		.ascii	"CPUCR\000"
 1757      5200
 1758              	.LASF120:
 1759 0284 48414C5F 		.ascii	"HAL_PWR_ConfigPVD\000"
 1759      5057525F 
 1759      436F6E66 
 1759      69675056 
 1759      4400
 1760              	.LASF15:
 1761 0296 56544F52 		.ascii	"VTOR\000"
 1761      00
 1762              	.LASF3:
 1763 029b 73686F72 		.ascii	"short unsigned int\000"
 1763      7420756E 
 1763      7369676E 
 1763      65642069 
 1763      6E7400
 1764              	.LASF128:
 1765 02ae 44726976 		.ascii	"Drivers/STM32H7xx_HAL_Driver/Src/stm32h7xx_hal_pwr."
 1765      6572732F 
 1765      53544D33 
 1765      32483778 
 1765      785F4841 
 1766 02e1 6300     		.ascii	"c\000"
 1767              	.LASF81:
 1768 02e3 494D5231 		.ascii	"IMR1\000"
 1768      00
 1769              	.LASF83:
 1770 02e8 494D5232 		.ascii	"IMR2\000"
 1770      00
 1771              	.LASF85:
 1772 02ed 494D5233 		.ascii	"IMR3\000"
 1772      00
 1773              	.LASF16:
 1774 02f2 41495243 		.ascii	"AIRCR\000"
 1774      5200
 1775              	.LASF21:
 1776 02f8 44465352 		.ascii	"DFSR\000"
 1776      00
 1777              	.LASF53:
 1778 02fd 4954434D 		.ascii	"ITCMCR\000"
 1778      435200
 1779              	.LASF22:
ARM GAS  C:\Users\nicx5\AppData\Local\Temp\ccNPfpFO.s 			page 35


 1780 0304 4D4D4641 		.ascii	"MMFAR\000"
 1780      5200
 1781              	.LASF113:
 1782 030a 534C4545 		.ascii	"SLEEPEntry\000"
 1782      50456E74 
 1782      727900
 1783              	.LASF59:
 1784 0315 41424653 		.ascii	"ABFSR\000"
 1784      5200
 1785              	.LASF125:
 1786 031b 5F5F4453 		.ascii	"__DSB\000"
 1786      4200
 1787              	.LASF102:
 1788 0321 48414C5F 		.ascii	"HAL_PWR_PVDCallback\000"
 1788      5057525F 
 1788      50564443 
 1788      616C6C62 
 1788      61636B00 
 1789              	.LASF111:
 1790 0335 48414C5F 		.ascii	"HAL_PWR_EnterSTOPMode\000"
 1790      5057525F 
 1790      456E7465 
 1790      7253544F 
 1790      504D6F64 
 1791              	.LASF32:
 1792 034b 43435349 		.ascii	"CCSIDR\000"
 1792      445200
 1793              	.LASF119:
 1794 0352 48414C5F 		.ascii	"HAL_PWR_EnablePVD\000"
 1794      5057525F 
 1794      456E6162 
 1794      6C655056 
 1794      4400
 1795              	.LASF19:
 1796 0364 43465352 		.ascii	"CFSR\000"
 1796      00
 1797              	.LASF27:
 1798 0369 49445F41 		.ascii	"ID_AFR\000"
 1798      465200
 1799              	.LASF92:
 1800 0370 574B5550 		.ascii	"WKUPFR\000"
 1800      465200
 1801              	.LASF126:
 1802 0377 5F5F4953 		.ascii	"__ISB\000"
 1802      4200
 1803              	.LASF55:
 1804 037d 41484250 		.ascii	"AHBPCR\000"
 1804      435200
 1805              	.LASF97:
 1806 0384 666C6F61 		.ascii	"float\000"
 1806      7400
 1807              	.LASF117:
 1808 038a 57616B65 		.ascii	"WakeUpPinPolarity\000"
 1808      55705069 
 1808      6E506F6C 
 1808      61726974 
 1808      7900
ARM GAS  C:\Users\nicx5\AppData\Local\Temp\ccNPfpFO.s 			page 36


 1809              	.LASF38:
 1810 039c 4D564652 		.ascii	"MVFR0\000"
 1810      3000
 1811              	.LASF39:
 1812 03a2 4D564652 		.ascii	"MVFR1\000"
 1812      3100
 1813              	.LASF40:
 1814 03a8 4D564652 		.ascii	"MVFR2\000"
 1814      3200
 1815              	.LASF30:
 1816 03ae 52455345 		.ascii	"RESERVED0\000"
 1816      52564544 
 1816      3000
 1817              	.LASF67:
 1818 03b8 52455345 		.ascii	"RESERVED1\000"
 1818      52564544 
 1818      3100
 1819              	.LASF74:
 1820 03c2 52455345 		.ascii	"RESERVED2\000"
 1820      52564544 
 1820      3200
 1821              	.LASF61:
 1822 03cc 52545352 		.ascii	"RTSR1\000"
 1822      3100
 1823              	.LASF68:
 1824 03d2 52545352 		.ascii	"RTSR2\000"
 1824      3200
 1825              	.LASF75:
 1826 03d8 52545352 		.ascii	"RTSR3\000"
 1826      3300
 1827              	.LASF43:
 1828 03de 52455345 		.ascii	"RESERVED6\000"
 1828      52564544 
 1828      3600
 1829              	.LASF52:
 1830 03e8 52455345 		.ascii	"RESERVED7\000"
 1830      52564544 
 1830      3700
 1831              	.LASF58:
 1832 03f2 52455345 		.ascii	"RESERVED8\000"
 1832      52564544 
 1832      3800
 1833              	.LASF104:
 1834 03fc 48414C5F 		.ascii	"HAL_PWR_DisableSEVOnPend\000"
 1834      5057525F 
 1834      44697361 
 1834      626C6553 
 1834      45564F6E 
 1835              	.LASF2:
 1836 0415 756E7369 		.ascii	"unsigned char\000"
 1836      676E6564 
 1836      20636861 
 1836      7200
 1837              	.LASF18:
 1838 0423 53484353 		.ascii	"SHCSR\000"
 1838      5200
 1839              	.LASF50:
ARM GAS  C:\Users\nicx5\AppData\Local\Temp\ccNPfpFO.s 			page 37


 1840 0429 44434349 		.ascii	"DCCIMVAC\000"
 1840      4D564143 
 1840      00
 1841              	.LASF112:
 1842 0432 48414C5F 		.ascii	"HAL_PWR_EnterSLEEPMode\000"
 1842      5057525F 
 1842      456E7465 
 1842      72534C45 
 1842      45504D6F 
 1843              	.LASF0:
 1844 0449 73686F72 		.ascii	"short int\000"
 1844      7420696E 
 1844      7400
 1845              	.LASF28:
 1846 0453 49445F4D 		.ascii	"ID_MFR\000"
 1846      465200
 1847              	.LASF44:
 1848 045a 4943494D 		.ascii	"ICIMVAU\000"
 1848      56415500 
 1849              	.LASF46:
 1850 0462 44434953 		.ascii	"DCISW\000"
 1850      5700
 1851              	.LASF35:
 1852 0468 52455345 		.ascii	"RESERVED3\000"
 1852      52564544 
 1852      3300
 1853              	.LASF107:
 1854 0472 48414C5F 		.ascii	"HAL_PWR_EnableSleepOnExit\000"
 1854      5057525F 
 1854      456E6162 
 1854      6C65536C 
 1854      6565704F 
 1855              	.LASF41:
 1856 048c 52455345 		.ascii	"RESERVED5\000"
 1856      52564544 
 1856      3500
 1857              	.LASF12:
 1858 0496 75696E74 		.ascii	"uint32_t\000"
 1858      33325F74 
 1858      00
 1859              	.LASF90:
 1860 049f 44334352 		.ascii	"D3CR\000"
 1860      00
 1861              	.LASF121:
 1862 04a4 73436F6E 		.ascii	"sConfigPVD\000"
 1862      66696750 
 1862      564400
 1863              	.LASF101:
 1864 04af 5057525F 		.ascii	"PWR_PVDTypeDef\000"
 1864      50564454 
 1864      79706544 
 1864      656600
 1865              	.LASF65:
 1866 04be 44335043 		.ascii	"D3PCR1L\000"
 1866      52314C00 
 1867              	.LASF95:
 1868 04c6 6C6F6E67 		.ascii	"long double\000"
ARM GAS  C:\Users\nicx5\AppData\Local\Temp\ccNPfpFO.s 			page 38


 1868      20646F75 
 1868      626C6500 
 1869              	.LASF96:
 1870 04d2 63686172 		.ascii	"char\000"
 1870      00
 1871              	.LASF105:
 1872 04d7 48414C5F 		.ascii	"HAL_PWR_EnableSEVOnPend\000"
 1872      5057525F 
 1872      456E6162 
 1872      6C655345 
 1872      564F6E50 
 1873              	.LASF123:
 1874 04ef 48414C5F 		.ascii	"HAL_PWR_EnableBkUpAccess\000"
 1874      5057525F 
 1874      456E6162 
 1874      6C65426B 
 1874      55704163 
 1875              	.LASF49:
 1876 0508 44434353 		.ascii	"DCCSW\000"
 1876      5700
 1877              	.LASF118:
 1878 050e 48414C5F 		.ascii	"HAL_PWR_DisablePVD\000"
 1878      5057525F 
 1878      44697361 
 1878      626C6550 
 1878      564400
 1879              	.LASF45:
 1880 0521 4443494D 		.ascii	"DCIMVAC\000"
 1880      56414300 
 1881              	.LASF103:
 1882 0529 48414C5F 		.ascii	"HAL_PWR_PVD_IRQHandler\000"
 1882      5057525F 
 1882      5056445F 
 1882      49525148 
 1882      616E646C 
 1883              	.LASF124:
 1884 0540 48414C5F 		.ascii	"HAL_PWR_DeInit\000"
 1884      5057525F 
 1884      4465496E 
 1884      697400
 1885              	.LASF37:
 1886 054f 52455345 		.ascii	"RESERVED4\000"
 1886      52564544 
 1886      3400
 1887              	.LASF82:
 1888 0559 454D5231 		.ascii	"EMR1\000"
 1888      00
 1889              	.LASF84:
 1890 055e 454D5232 		.ascii	"EMR2\000"
 1890      00
 1891              	.LASF86:
 1892 0563 454D5233 		.ascii	"EMR3\000"
 1892      00
 1893              	.LASF106:
 1894 0568 48414C5F 		.ascii	"HAL_PWR_DisableSleepOnExit\000"
 1894      5057525F 
 1894      44697361 
ARM GAS  C:\Users\nicx5\AppData\Local\Temp\ccNPfpFO.s 			page 39


 1894      626C6553 
 1894      6C656570 
 1895              	.LASF109:
 1896 0583 52656775 		.ascii	"Regulator\000"
 1896      6C61746F 
 1896      7200
 1897              	.LASF73:
 1898 058d 44335043 		.ascii	"D3PCR2H\000"
 1898      52324800 
 1899              	.LASF72:
 1900 0595 44335043 		.ascii	"D3PCR2L\000"
 1900      52324C00 
 1901              	.LASF11:
 1902 059d 75696E74 		.ascii	"uint8_t\000"
 1902      385F7400 
 1903              	.LASF110:
 1904 05a5 53544F50 		.ascii	"STOPEntry\000"
 1904      456E7472 
 1904      7900
 1905              	.LASF29:
 1906 05af 49445F49 		.ascii	"ID_ISAR\000"
 1906      53415200 
 1907              	.LASF116:
 1908 05b7 48414C5F 		.ascii	"HAL_PWR_EnableWakeUpPin\000"
 1908      5057525F 
 1908      456E6162 
 1908      6C655761 
 1908      6B655570 
 1909              	.LASF64:
 1910 05cf 4433504D 		.ascii	"D3PMR1\000"
 1910      523100
 1911              	.LASF71:
 1912 05d6 4433504D 		.ascii	"D3PMR2\000"
 1912      523200
 1913              	.LASF78:
 1914 05dd 4433504D 		.ascii	"D3PMR3\000"
 1914      523300
 1915              	.LASF87:
 1916 05e4 45585449 		.ascii	"EXTI_TypeDef\000"
 1916      5F547970 
 1916      65446566 
 1916      00
 1917              	.LASF34:
 1918 05f1 43504143 		.ascii	"CPACR\000"
 1918      5200
 1919              	.LASF20:
 1920 05f7 48465352 		.ascii	"HFSR\000"
 1920      00
 1921              	.LASF88:
 1922 05fc 43535231 		.ascii	"CSR1\000"
 1922      00
 1923              	.LASF129:
 1924 0601 453A5C57 		.ascii	"E:\\Works\\STM32\\HBox\000"
 1924      6F726B73 
 1924      5C53544D 
 1924      33325C48 
 1924      426F7800 
ARM GAS  C:\Users\nicx5\AppData\Local\Temp\ccNPfpFO.s 			page 40


 1925              	.LASF66:
 1926 0615 44335043 		.ascii	"D3PCR1H\000"
 1926      52314800 
 1927              		.text
 1928              		.section	.gnu.lto_.profile.1f2f1714,"e",%progbits
 1929 0000 28B52FFD 		.ascii	"(\265/\375 \0061\000\000\002\000\000\000\000\000"
 1929      20063100 
 1929      00020000 
 1929      000000
 1930              		.text
 1931              		.section	.gnu.lto_.icf.1f2f1714,"e",%progbits
 1932 0000 28B52FFD 		.ascii	"(\265/\375`~\000\375\005\000\004\010r\001\000\022\000"
 1932      607E00FD 
 1932      05000408 
 1932      72010012 
 1932      00
 1933 0011 AFD7E8C5 		.ascii	"\257\327\350\305\014\000\001\325\216\220\234\003\004"
 1933      0C0001D5 
 1933      8E909C03 
 1933      04
 1934 001e 02000201 		.ascii	"\002\000\002\001\357\207\362\256\013\003\374\225\250"
 1934      EF87F2AE 
 1934      0B03FC95 
 1934      A8
 1935 002b 31280002 		.ascii	"1(\000\002\002\003\002\003\004\241\341\373\341\016\005"
 1935      02030203 
 1935      04A1E1FB 
 1935      E10E05
 1936 003a DA93BBEA 		.ascii	"\332\223\273\352\005\006\244\325\274\225\002\007\242"
 1936      0506A4D5 
 1936      BC950207 
 1936      A2
 1937 0047 EB8CF50C 		.ascii	"\353\214\365\014\010\210\331\317\246\003\004\011\336"
 1937      0888D9CF 
 1937      A6030409 
 1937      DE
 1938 0054 93C8CC03 		.ascii	"\223\310\314\003\024\004\012\253\202\313\201\017\014"
 1938      14040AAB 
 1938      82CB810F 
 1938      0C
 1939 0061 0B8FD2D3 		.ascii	"\013\217\322\323\216\015\014\277\241\274\334\005\015"
 1939      8E0D0CBF 
 1939      A1BCDC05 
 1939      0D
 1940 006e FE98E625 		.ascii	"\376\230\346%\016\356\364\305\350\012\017\020\334\256"
 1940      0EEEF4C5 
 1940      E80A0F10 
 1940      DCAE
 1941 007c 8CA80A03 		.ascii	"\214\250\012\003\021\331\217\243\322\001\002\002\000"
 1941      11D98FA3 
 1941      D2010202 
 1941      00
 1942 0089 0203001B 		.ascii	"\002\003\000\033\000\273\020\020Jj\215+\263\224\230"
 1942      00BB1010 
 1942      4A6A8D2B 
 1942      B39498
 1943 0098 45CB2CA5 		.ascii	"E\313,\245\252*p\000,`Tg\200\273]\007\260 (b\252\"\200"
ARM GAS  C:\Users\nicx5\AppData\Local\Temp\ccNPfpFO.s 			page 41


 1943      AA2A7000 
 1943      2C605467 
 1943      80BB5D07 
 1943      B0202862 
 1944 00af 504029A0 		.ascii	"P@)\240\024\231RP\\\330P\315\355\032[I\307\263A\231"
 1944      14995250 
 1944      5CD850CD 
 1944      ED1A5B49 
 1944      C7B34199 
 1945 00c3 FAEE9AD5 		.ascii	"\372\356\232\325\200\033"
 1945      801B
 1946              		.text
 1947              		.section	.gnu.lto_.ipa_sra.1f2f1714,"e",%progbits
 1948 0000 28B52FFD 		.ascii	"(\265/\375 d\005\002\000\002D\013\023\200I\313\0013"
 1948      20640502 
 1948      0002440B 
 1948      138049CB 
 1948      0133
 1949 0012 30037329 		.ascii	"0\003s)\200\177\300\214l\263M\266L\001\333BK\350\240"
 1949      807FC08C 
 1949      6CB34DB6 
 1949      4C01DB42 
 1949      4BE8A0
 1950 0025 82060AE8 		.ascii	"\202\006\012\350R%\223d\220\243F\213\236\316#jZ\033"
 1950      52259364 
 1950      90A3468B 
 1950      9ECE236A 
 1950      5A1B
 1951 0037 1E020600 		.ascii	"\036\002\006\000^\321\\\025 %`\225\031\300\014c\003"
 1951      5ED15C15 
 1951      20256095 
 1951      19C00C63 
 1951      03
 1952 0048 6D       		.ascii	"m"
 1953              		.text
 1954              		.section	.gnu.lto_.inline.1f2f1714,"e",%progbits
 1955 0000 28B52FFD 		.ascii	"(\265/\375`\026\003\235\013\000V\02195@\305&\351\357"
 1955      6016039D 
 1955      0B005611 
 1955      393540C5 
 1955      26E9EF
 1956 0013 EBB71F51 		.ascii	"\353\267\037Q\320\217\304\241\350% \020X\031\214\355"
 1956      D08FC4A1 
 1956      E8252010 
 1956      58198CED 
 1957 0023 CC8DF7A2 		.ascii	"\314\215\367\242\026\007~\350\333\313\3102\014\020\014"
 1957      16077EE8 
 1957      DBCBC832 
 1957      0C100C
 1958 0032 0F10E772 		.ascii	"\017\020\347rL\310\242\037\332[$\2154B\344N\001(\000"
 1958      4CC8A21F 
 1958      DA5B248D 
 1958      3442E44E 
 1958      012800
 1959 0045 2A002800 		.ascii	"*\000(\000G\265\260b\243\305E\345\240\203k9\277\261"
 1959      47B5B062 
 1959      A3C545E5 
ARM GAS  C:\Users\nicx5\AppData\Local\Temp\ccNPfpFO.s 			page 42


 1959      A0836B39 
 1959      BFB1
 1960 0057 A111032C 		.ascii	"\241\021\003,@\012\263Z,\323\016~\335?d&\304\367\321"
 1960      400AB35A 
 1960      2CD30E7E 
 1960      DD3F6426 
 1960      C4F7D1
 1961 006a 6A6626FB 		.ascii	"jf&\373\203\333\024\036\215\020w\273\372\361\011\221"
 1961      83DB141E 
 1961      8D1077BB 
 1961      FAF10991 
 1962 007a 546E6B79 		.ascii	"Tnky\333\232\267a\000\340\355v\261\012\014O\200j\314"
 1962      DB9AB761 
 1962      00E0ED76 
 1962      B10A0C4F 
 1962      806ACC
 1963 008d DBE48AED 		.ascii	"\333\344\212\355\212-^|\270\201-\023-.\024\235\212~"
 1963      8A2D5E7C 
 1963      B8812D13 
 1963      2D2E149D 
 1963      8A7E
 1964 009f A9E88152 		.ascii	"\251\350\201R9\370\210\033'u\203l\274:\375\330\343["
 1964      39F8881B 
 1964      2775836C 
 1964      BC3AFDD8 
 1964      E35B
 1965 00b1 CAF43169 		.ascii	"\312\3641i\027\265\313\355R\335*\352F\275\333c(G\377"
 1965      17B5CBED 
 1965      52DD2AEA 
 1965      46BDDB63 
 1965      2847FF
 1966 00c4 4F780152 		.ascii	"Ox\001R\222\3616\230\320r\"\024\245\200`2p!\\\214\362"
 1966      92F13698 
 1966      D0722214 
 1966      A5806032 
 1966      70215C8C 
 1967 00d9 A4E94466 		.ascii	"\244\351Df&h* 3+\013\374\230\202$::\375\375\026\372"
 1967      26682A20 
 1967      332B0BFC 
 1967      9882243A 
 1967      3AFDFD16 
 1968 00ee 098D043E 		.ascii	"\011\215\004> \220\242\271)\272\001\031Z\000\2740b\005"
 1968      2090A2B9 
 1968      29BA0119 
 1968      5A00BC30 
 1968      6205
 1969 0100 28B25ED9 		.ascii	"(\262^\331f\356\235\\\314\344\220b\201<\222\314\351"
 1969      66EE9D5C 
 1969      CCE49062 
 1969      813C92CC 
 1969      E9
 1970 0111 A498BC91 		.ascii	"\244\230\274\221yB\303_[\243G\006\026\301\325\001\302"
 1970      7942C35F 
 1970      5BA34706 
 1970      16C1D501 
 1970      C2
 1971 0122 66E2468B 		.ascii	"f\342F\213-\303&\037\214c\014I\0278\"\200\364\351t\264"
ARM GAS  C:\Users\nicx5\AppData\Local\Temp\ccNPfpFO.s 			page 43


 1971      2DC3261F 
 1971      8C630C49 
 1971      17382280 
 1971      F4E974B4 
 1972 0136 DC3942C1 		.ascii	"\3349B\301\000\221`\247rB\2125\"\317\227\011SD\344\012"
 1972      009160A7 
 1972      72428A35 
 1972      22CF9709 
 1972      5344E40A 
 1973 014a A110B892 		.ascii	"\241\020\270\222H(\2606\030\254H\361~X\276\016\267\213"
 1973      4828B036 
 1973      18AC48F1 
 1973      7E58BE0E 
 1973      B78B
 1974 015c 74ECAF2F 		.ascii	"t\354\257/^5=\263fq\363\2001V\324\012\230\024\007\210"
 1974      5E353DB3 
 1974      6671F380 
 1974      3156D40A 
 1974      98140788 
 1975 0170 2E17CE36 		.ascii	".\027\3166\206=\346\272\334x\024\305\015"
 1975      863DE6BA 
 1975      DC7814C5 
 1975      0D
 1976              		.text
 1977              		.section	.gnu.lto_.jmpfuncs.1f2f1714,"e",%progbits
 1978 0000 28B52FFD 		.ascii	"(\265/\375 b\005\002\000\202D\014\023\260\2515\014\223"
 1978      20620502 
 1978      0082440C 
 1978      13B0A935 
 1978      0C93
 1979 0012 0EC3804B 		.ascii	"\016\303\200Kl\011\267\264m\227\220-e\012\237\034Y}"
 1979      6C09B7B4 
 1979      6D97902D 
 1979      650A9F1C 
 1979      597D
 1980 0024 6C9C2E26 		.ascii	"l\234.&\2262\273\001\335:7\231\235\200\3169\030\270"
 1980      9632BB01 
 1980      DD3A3799 
 1980      9D80CE39 
 1980      18B8
 1981 0036 5BC6CC7C 		.ascii	"[\306\314|\333\225K\004\000]\304R\031\014\314;6\320"
 1981      DB954B04 
 1981      005DC452 
 1981      190CCC3B 
 1981      36D0
 1982 0048 06       		.ascii	"\006"
 1983              		.text
 1984              		.section	.gnu.lto_.pureconst.1f2f1714,"e",%progbits
 1985 0000 28B52FFD 		.ascii	"(\265/\375 ;\331\001\0007\000\000\000\022\000\200\004"
 1985      203BD901 
 1985      00370000 
 1985      00120080 
 1985      04
 1986 0011 019A0402 		.ascii	"\001\232\004\002\232\004\003\232\004\004\232\004\005"
 1986      9A04039A 
 1986      04049A04 
 1986      05
ARM GAS  C:\Users\nicx5\AppData\Local\Temp\ccNPfpFO.s 			page 44


 1987 001e 9A04069A 		.ascii	"\232\004\006\232\004\007\232\004\010\272\005\011\272"
 1987      04079A04 
 1987      08BA0509 
 1987      BA
 1988 002b 050ABA05 		.ascii	"\005\012\272\005\013\232\004\014\232\004\015\232\004"
 1988      0B9A040C 
 1988      9A040D9A 
 1988      04
 1989 0038 0E9A040F 		.ascii	"\016\232\004\017\230\004\020\232\004\021\232\004"
 1989      9804109A 
 1989      04119A04 
 1990              		.text
 1991              		.section	.gnu.lto_.ipa_modref.1f2f1714,"e",%progbits
 1992 0000 28B52FFD 		.ascii	"(\265/\375`\234\000\035\004\000\242D\017\031\260%\351"
 1992      609C001D 
 1992      0400A244 
 1992      0F19B025 
 1992      E9
 1993 0011 80C30096 		.ascii	"\200\303\000\226$I\222\012\0269X\322Z\333\244\021\322"
 1993      2449920A 
 1993      163958D2 
 1993      5ADBA411 
 1993      D2
 1994 0022 646B44CA 		.ascii	"dkD\312\024\367\001]J\220\252\243\252\252\320<\275\004"
 1994      14F7015D 
 1994      4A90AAA3 
 1994      AAAAD03C 
 1994      BD04
 1995 0034 D2142586 		.ascii	"\322\024%\206r\304\013\202\337\273\334\006\313\037X"
 1995      72C40B82 
 1995      DFBBDC06 
 1995      CB1F58
 1996 0043 6177B80D 		.ascii	"aw\270\015\227\336 \036\000=%\266`d,\275\024c\\\033"
 1996      97DE201E 
 1996      003D25B6 
 1996      60642CBD 
 1996      14635C1B 
 1997 0057 AC2C0A4B 		.ascii	"\254,\012K\0009P\030\030\002\310\201\302\300\020@\016"
 1997      00395018 
 1997      1802C881 
 1997      C2C01040 
 1997      0E
 1998 0068 0A5BC310 		.ascii	"\012[\303\0200\233X\336P`9\260\260\236E\\xaM\022\210"
 1998      309B58DE 
 1998      506039B0 
 1998      B09E455C 
 1998      78614D12 
 1999 007d 2AB8CEB1 		.ascii	"*\270\316\261\260\"L\317\005\2670\2774\246\0017"
 1999      B0224CCF 
 1999      05B730BF 
 1999      34A60137 
 2000              		.text
 2001              		.section	.gnu.lto_.lto.1f2f1714,"e",%progbits
 2002 0000 0D000100 		.ascii	"\015\000\001\000\001\000\001\000"
 2002      01000100 
 2003              		.text
 2004              		.section	.gnu.lto_HAL_PWR_DeInit.335.1f2f1714,"e",%progbits
ARM GAS  C:\Users\nicx5\AppData\Local\Temp\ccNPfpFO.s 			page 45


 2005 0000 28B52FFD 		.ascii	"(\265/\375 \344]\006\000B\313+2PM\324\001\2105\247\325"
 2005      20E45D06 
 2005      0042CB2B 
 2005      32504DD4 
 2005      018835A7 
 2006 0015 551494AA 		.ascii	"U\024\224\252`\272\375\242.v/U#\033e\370\260\2618o\244"
 2006      60BAFDA2 
 2006      2E762F55 
 2006      231B65F8 
 2006      B0B1386F 
 2007 002a 56A373F3 		.ascii	"V\243s\363\214 \277\250\034k\003\001O\305*\316\037>"
 2007      8C20BFA8 
 2007      1C6B0301 
 2007      4FC52ACE 
 2007      1F3E
 2008 003c D95BA6A6 		.ascii	"\331[\246\246\014\352\006\306d1QU\215s\221\201Q\252"
 2008      0CEA06C6 
 2008      64315155 
 2008      8D739181 
 2008      51AA
 2009 004e 46748216 		.ascii	"Ft\202\026\236)\313\020\036\212U\012\015\2536\0348\273"
 2009      9E29CB10 
 2009      1E8A550A 
 2009      0DAB361C 
 2009      38BB
 2010 0060 181EA971 		.ascii	"\030\036\251q\036\"\"\011\253\250\227\204\224\340\020"
 2010      1E222209 
 2010      ABA89784 
 2010      94E010
 2011 006f 603BFC32 		.ascii	"`;\3742\237\337\000\307\3540\301\345\350p\2233\304\313"
 2011      9FDF00C7 
 2011      EC30C1E5 
 2011      E8709333 
 2011      C4CB
 2012 0081 FCBFE767 		.ascii	"\374\277\347gK\001\020\245!\371?F\361'\025\023\021\333"
 2012      4B0110A5 
 2012      21F93F46 
 2012      F1271513 
 2012      11DB
 2013 0093 7BB166A7 		.ascii	"{\261f\247l\010r\010\317\243D\374O'\270\332J\315\273"
 2013      6C087208 
 2013      CFA344FC 
 2013      4F27B8DA 
 2013      4ACDBB
 2014 00a6 230BC075 		.ascii	"#\013\300u\333J\213\302\177K\256\363\326sm\027\330\206"
 2014      DB4A8BC2 
 2014      7F4BAEF3 
 2014      D6736D17 
 2014      D886
 2015 00b8 6C5B0109 		.ascii	"l[\001\011\000<\203\3179\3077\367\\4L\340\226\326\202"
 2015      003C83CF 
 2015      39C737F7 
 2015      5C344CE0 
 2015      96D682
 2016 00cb FF65DC71 		.ascii	"\377e\334q9\026\355$\003"
 2016      3916ED24 
 2016      03
ARM GAS  C:\Users\nicx5\AppData\Local\Temp\ccNPfpFO.s 			page 46


 2017              		.text
 2018              		.section	.gnu.lto_HAL_PWR_EnableBkUpAccess.336.1f2f1714,"e",%progbits
 2019 0000 28B52FFD 		.ascii	"(\265/\375`U\000\365\010\000\006\220=: \221\323\001"
 2019      605500F5 
 2019      08000690 
 2019      3D3A2091 
 2019      D301
 2020 0012 214A2200 		.ascii	"!J\"\000G\013\227\024` 5Ur\311^\203\013\340\203y\315"
 2020      470B9714 
 2020      60203555 
 2020      72C95E83 
 2020      0BE08379 
 2021 0027 41C7DB99 		.ascii	"A\307\333\231\002Q\323\263\017\007C\022UY\\\201\016"
 2021      0251D3B3 
 2021      0F074312 
 2021      55595C81 
 2021      0E
 2022 0038 A308E2A8 		.ascii	"\243\010\342\250P\000\023p\241P\346h_\356\224\002)\000"
 2022      50001370 
 2022      A150E668 
 2022      5FEE9402 
 2022      2900
 2023 004a 2B002B00 		.ascii	"+\000+\000\027\260h\347\274TY\211\026\023\032\331\356"
 2023      17B068E7 
 2023      BC545989 
 2023      16131AD9 
 2023      EE
 2024 005b 6E0ABBF8 		.ascii	"n\012\273\370)\372w\371\000\311R}\0020\354\256'\311"
 2024      29FA77F9 
 2024      00C9527D 
 2024      0230ECAE 
 2024      27C9
 2025 006d 22B9F5B6 		.ascii	"\"\271\365\266\015l\223l\333\004 \237k\327\000\231\031"
 2025      0D6C936C 
 2025      DB04209F 
 2025      6BD70099 
 2025      19
 2026 007e 1DAD273B 		.ascii	"\035\255';7;g.USW|\317\356\256\365e\177z~\372Z\001\012"
 2026      373B672E 
 2026      5553577C 
 2026      CFEEAEF5 
 2026      657F7A7E 
 2027 0096 CE2865B7 		.ascii	"\316(e\2675\223mL\253a\261\035{\317\352\353-W,DW\236"
 2027      35936D4C 
 2027      AB61B11D 
 2027      7BCFEAEB 
 2027      2D572C44 
 2028 00ac 5A9ED499 		.ascii	"Z\236\324\231\373\203\317u\352W%\243\216\266;\036\223"
 2028      FB83CF75 
 2028      EA5725A3 
 2028      8EB63B1E 
 2028      93
 2029 00bd 02EDBA14 		.ascii	"\002\355\272\024\374\227\303|\200`\327\264Rdd\3756!"
 2029      FC97C37C 
 2029      8060D7B4 
 2029      526464FD 
 2029      3621
ARM GAS  C:\Users\nicx5\AppData\Local\Temp\ccNPfpFO.s 			page 47


 2030 00cf 7CA90D2F 		.ascii	"|\251\015/\243\342t\012\21148\300\315\364\2256\217\324"
 2030      A3E2740A 
 2030      893438C0 
 2030      CDF49536 
 2030      8FD4
 2031 00e1 C0796138 		.ascii	"\300ya8\3426\360\263\360\270\370\036\022\034\242\034"
 2031      E236F0B3 
 2031      F0B8F81E 
 2031      121CA21C 
 2032 00f1 B82E248A 		.ascii	"\270.$\212\230(u \306\207\242\350\026 \010l\227\001"
 2032      98287520 
 2032      C687A2E8 
 2032      1620086C 
 2032      9701
 2033 0103 0E003C83 		.ascii	"\016\000<\203\3179\3077\36744\\{\215`\275Si\210\010"
 2033      CF39C737 
 2033      F734345C 
 2033      7B8D60BD 
 2033      53698808 
 2034 0117 7E08B338 		.ascii	"~\010\2638)b\254e\350\227!\306\345X\264\223\014"
 2034      2962AC65 
 2034      E89721C6 
 2034      E558B493 
 2034      0C
 2035              		.text
 2036              		.section	.gnu.lto_HAL_PWR_DisableBkUpAccess.337.1f2f1714,"e",%progbits
 2037 0000 28B52FFD 		.ascii	"(\265/\375`X\000\035\011\0006\320>< \005)\035\301\334"
 2037      6058001D 
 2037      090036D0 
 2037      3E3C2005 
 2037      291DC1DC 
 2038 0014 612A00F8 		.ascii	"a*\000\370\324\005\224\002\202\324\012\340Q\211\340"
 2038      D4059402 
 2038      82D40AE0 
 2038      5189E0
 2039 0023 08378C19 		.ascii	"\0107\214\031\313P[\026\023D\255\010\365m\351\006K\014"
 2039      CB505B16 
 2039      1344AD08 
 2039      F56DE906 
 2039      4B0C
 2040 0035 34E10A14 		.ascii	"4\341\012\024\242\011\015:\307\024\030\0113Ct\321\223"
 2040      A2090D3A 
 2040      C7141809 
 2040      334374D1 
 2040      93
 2041 0046 26774A01 		.ascii	"&wJ\001)\000+\000.\000\376\200E{\347$\313Z\310Rlf\273"
 2041      29002B00 
 2041      2E00FE80 
 2041      457BE724 
 2041      CB5AC852 
 2042 005d BB29ECE2 		.ascii	"\273)\354\342\247\350\377\345\005\254\226\3523\000b"
 2042      A7E8FFE5 
 2042      05AC96EA 
 2042      330062
 2043 006c 773D592D 		.ascii	"w=Y-\224[o\033\3016\3116N>\011\350\332U`\206FG\253\213"
 2043      945B6F1B 
 2043      C136C936 
ARM GAS  C:\Users\nicx5\AppData\Local\Temp\ccNPfpFO.s 			page 48


 2043      4E3E09E8 
 2043      DA556086 
 2044 0084 27676769 		.ascii	"'ggiR5\265\305\377\354\356Z_\366\247\347\247\257\035"
 2044      5235B5C5 
 2044      FFECEE5A 
 2044      5FF6A7E7 
 2044      A7AF1D
 2045 0097 F4E83CD4 		.ascii	"\364\350<\324\354\272\312\331\306\264\033\027;\373\317"
 2045      ECBACAD9 
 2045      C6B41B17 
 2045      3BFBCF
 2046 00a6 EAEB2E00 		.ascii	"\352\353.\000\261\022]y*y\226\214\240,\003\224O\000"
 2046      B1125D79 
 2046      2A79968C 
 2046      A02C0394 
 2046      4F00
 2047 00b8 5DA77EA5 		.ascii	"]\247~\2452\352h;\3442\251\320\356\012\203\017\363\230"
 2047      32EA683B 
 2047      E432A9D0 
 2047      EE0A830F 
 2047      F398
 2048 00ca 9110EC9A 		.ascii	"\221\020\354\232F\232\234l6)|\251\017\257#\343t\022"
 2048      469A9C6C 
 2048      36297CA9 
 2048      0FAF23E3 
 2048      7412
 2049 00dc 8D3C40C0 		.ascii	"\215<@\300\315\364\2256\217\024\301ya\330\300m\340\247"
 2049      CDF49536 
 2049      8F14C179 
 2049      61D8C06D 
 2049      E0A7
 2050 00ee 21B2F14D 		.ascii	"!\262\361M,8DIp\235hTqQ\352@\216\017\205\3219P\030\330"
 2050      2C384449 
 2050      709D6854 
 2050      7151EA40 
 2050      8E0F85D1 
 2051 0106 26030E00 		.ascii	"&\003\016\000<\203\3179\3077\367:4\214{\215`\275Vi\364"
 2051      3C83CF39 
 2051      C737F73A 
 2051      348C7B8D 
 2051      60BD5669 
 2052 011b 087E08B3 		.ascii	"\010~\010\2638)b\254e\350\227!\306\345X\264\223\014"
 2052      382962AC 
 2052      65E89721 
 2052      C6E558B4 
 2052      930C
 2053              		.text
 2054              		.section	.gnu.lto_HAL_PWR_ConfigPVD.338.1f2f1714,"e",%progbits
 2055 0000 28B52FFD 		.ascii	"(\265/\375`\026\0065\033\000Vm\240E\240\232M:q-\216"
 2055      60160635 
 2055      1B00566D 
 2055      A045A09A 
 2055      4D3A712D 
 2056 0015 F4053747 		.ascii	"\364\0057G\011\206\014\321\243P\337\307\012\205\254"
 2056      09860CD1 
 2056      A350DFC7 
 2056      0A85AC
ARM GAS  C:\Users\nicx5\AppData\Local\Temp\ccNPfpFO.s 			page 49


 2057 0024 1FF9454E 		.ascii	"\037\371EN\205\265\264\2631\352Mj\217Z\241\022\375\225"
 2057      85B5B4B3 
 2057      31EA4D6A 
 2057      8F5AA112 
 2057      FD95
 2058 0036 6071CD10 		.ascii	"`q\315\020\22209\360\202\267\036\302\266\016\273g\274"
 2058      923039F0 
 2058      82B71EC2 
 2058      B60EBB67 
 2058      BC
 2059 0047 3406E6EA 		.ascii	"4\006\346\352\241\326\010!\233\310$S\215\000q\000\221"
 2059      A1D60821 
 2059      9BC82453 
 2059      8D007100 
 2059      91
 2060 0058 0036909C 		.ascii	"\0006\220\234\014z[\231h\223*\355R\341\2409\353\034"
 2060      0C7A5B99 
 2060      68932AED 
 2060      52E1A039 
 2060      EB1C
 2061 006a D93227AF 		.ascii	"\3312'\257\200'\210*\003\350\020\250\362S\032\250\322"
 2061      8027882A 
 2061      03E810A8 
 2061      F2531AA8 
 2061      D2
 2062 007b 55361BE5 		.ascii	"U6\033\345\015\231\032\302r\\\2413\347TZ\"Z\245\243"
 2062      0D991AC2 
 2062      725CA133 
 2062      E7545A22 
 2062      5AA5A3
 2063 008e 2C2686A0 		.ascii	",&\206\240\374\366UV\331n\205\216Y*\313\332\361\230"
 2063      FCF65556 
 2063      D96E858E 
 2063      592ACBDA 
 2063      F198
 2064 00a0 801F3574 		.ascii	"\200\0375t\250\010v\245\003\353a\016\005u\352\245\227"
 2064      A80876A5 
 2064      03EB610E 
 2064      0575EAA5 
 2064      97
 2065 00b1 B1737179 		.ascii	"\261sqyC\277\331\256\305\027`\3169\356X|\277\004\\/"
 2065      43BFD9AE 
 2065      C51760CE 
 2065      39EE587C 
 2065      BF045C2F 
 2066 00c5 B2CC76B9 		.ascii	"\262\314v\271o\2542\007\211z\251\200#WY\177\310`\316"
 2066      6FAC3207 
 2066      897AA980 
 2066      2357597F 
 2066      C860CE
 2067 00d8 E9C7D8D5 		.ascii	"\351\307\330\325P\363\250m)\266M\330\222K\2663\313e"
 2067      50F3A86D 
 2067      29B64DD8 
 2067      924BB633 
 2067      CB65
 2068 00ea 66811891 		.ascii	"f\201\030\221\242fw\313\266\012\020ikQ\324\260x\230"
 2068      A26677CB 
ARM GAS  C:\Users\nicx5\AppData\Local\Temp\ccNPfpFO.s 			page 50


 2068      B60A1069 
 2068      6B51D4B0 
 2068      7898
 2069 00fc D54B695C 		.ascii	"\325Ki\\Z`\363=\363V|\267\254\337\234sz\265l\355RE\372"
 2069      5A60F33D 
 2069      F3567CB7 
 2069      ACDF9C73 
 2069      7AB56CED 
 2070 0113 7DF4DBE8 		.ascii	"}\364\333\350w\321o\242\337C\277\205~\323~\007\375\006"
 2070      77D16FA2 
 2070      DF43BF85 
 2070      7ED37E07 
 2070      FD06
 2071 0125 FAFDF3DB 		.ascii	"\372\375\363\333\347\367\354w\317o\236\337\343o\331"
 2071      E7F7EC77 
 2071      CF6F9EDF 
 2071      E36FD9
 2072 0134 EFD86FF1 		.ascii	"\357\330o\361w\370\033\374-\177\177\277\367\367\177"
 2072      77F81BFC 
 2072      2D7F7FBF 
 2072      F7F77F
 2073 0143 EB80D0CB 		.ascii	"\353\200\320\313\014\0345\032s\362\350\321\231ed\227"
 2073      0C1C351A 
 2073      73F2E8D1 
 2073      99656497 
 2074 0153 22B6750C 		.ascii	"\"\266u\014I`\317\3166\274\241\303rR1=K@\353\313\352"
 2074      4960CFCE 
 2074      36BCA1C3 
 2074      7252313D 
 2074      4B40EBCB 
 2075 0168 0CCF8619 		.ascii	"\014\317\206\031\227\347I\301\214Id\373%\2662(\365\022"
 2075      97E749C1 
 2075      8C4964FB 
 2075      25B63228 
 2075      F512
 2076 017a 33226E17 		.ascii	"3\"n\027\305\242\341\212\034tK\030\004\\-vz=M\002\345"
 2076      C5A2E18A 
 2076      1C744B18 
 2076      045C2D76 
 2076      7A3D4D02 
 2077 018f 821EF44A 		.ascii	"\202\036\364J\025\265\022%%\005\252\224K=\276\245\242"
 2077      15B51225 
 2077      2505AA94 
 2077      4B3DBEA5 
 2077      A2
 2078 01a0 31E2EC7E 		.ascii	"1\342\354~\277U\235\215\020:e\312fu\342\200\304n\354"
 2078      BF559D8D 
 2078      103A65CA 
 2078      6675E280 
 2078      C46EEC
 2079 01b3 CB6A73F6 		.ascii	"\313js\366\351\365\302xh\022\250\373U\035Vns\266q\012"
 2079      E9F5C278 
 2079      6812A8FB 
 2079      551D566E 
 2079      73B6710A 
 2080 01c7 C58438A7 		.ascii	"\305\2048\247\017\233\225\247OP\210sN%\242R\362`\\M"
 2080      0F9B95A7 
ARM GAS  C:\Users\nicx5\AppData\Local\Temp\ccNPfpFO.s 			page 51


 2080      4F508873 
 2080      4E25A252 
 2080      F2605C4D 
 2081 01db 4DA12940 		.ascii	"M\241)@\225\272\261/(\233\263\355M\336p\340\251\303"
 2081      95BAB12F 
 2081      289BB3ED 
 2081      4DDE70E0 
 2081      A9C3
 2082 01ed 92CD5633 		.ascii	"\222\315V3\000\000\302\005\012\036\242:\210\230z\200"
 2082      0000C205 
 2082      0A1EA23A 
 2082      88987A80 
 2083 01fd 9319CAC0 		.ascii	"\223\031\312\300\015\305\010'\020O\037>\324\020\204"
 2083      0DC50827 
 2083      104F1F3E 
 2083      D41084
 2084 020c 28815382 		.ascii	"(\201S\202\272UPr\222\320\200\311\211\212j\211I\011"
 2084      BA555072 
 2084      92D080C9 
 2084      898A6A89 
 2084      4909
 2085 021e 77E37022 		.ascii	"w\343p\"\352\006A\201\251\246\03405\325\020L\260P\241"
 2085      EA064181 
 2085      A9A61C30 
 2085      35D5104C 
 2085      B050A1
 2086 0231 0927759B 		.ascii	"\011'u\233\302\320\264 \202\220m\336\324o\256\226\031"
 2086      C2D0B420 
 2086      82906DDE 
 2086      D46FAE96 
 2086      19
 2087 0242 58AD6E3C 		.ascii	"X\255n<Z8F{\344\306\250\216\254\350EpbD\313fh\211\326"
 2087      5A38467B 
 2087      E4C6A88E 
 2087      ACE84570 
 2087      6244CB66 
 2088 0259 0C991185 		.ascii	"\014\231\021\205T\250kIH\3334AKC\023\324%\004\334-2"
 2088      54A86B49 
 2088      48DB3441 
 2088      4B4313D4 
 2088      2504DC2D 
 2089 026e 0A240229 		.ascii	"\012$\002)\271#\177\300\306\250\317\376\224\361\221"
 2089      B9237FC0 
 2089      C6A8CFFE 
 2089      94F191
 2090 027d 4ADA2817 		.ascii	"J\332(\0270?\222|I\340lkQ\326|sjz\250\201T\210\315\220"
 2090      303F927C 
 2090      49E06C6B 
 2090      51D67C73 
 2090      6A7AA881 
 2091 0295 84094A52 		.ascii	"\204\011JR\224B\032\003\340\002\021)\252m\021\3004g"
 2091      94421A03 
 2091      E0021129 
 2091      AA6D11C0 
 2091      3467
 2092 02a7 A82A210A 		.ascii	"\250*!\012\212b\217\342\306\201\317Y=s\247/E\377=\327"
 2092      8A628FE2 
ARM GAS  C:\Users\nicx5\AppData\Local\Temp\ccNPfpFO.s 			page 52


 2092      C681CF59 
 2092      3D73A72F 
 2092      45FF3DD7 
 2093 02bb B6549B8C 		.ascii	"\266T\233\214\236@\014w\2327\204)\307\222\340\020Q\010"
 2093      9E400C77 
 2093      9A378429 
 2093      C792E010 
 2093      5108
 2094 02cd DAF38BE2 		.ascii	"\332\363\213\342\236nCpeq\213\236`<q\262\317\037\010"
 2094      9E6E4370 
 2094      65718B9E 
 2094      603C71B2 
 2094      CF1F08
 2095 02e0 10E19CE5 		.ascii	"\020\341\234\345\273`J\033\004\221\257\304\376!$\301"
 2095      BB604A1B 
 2095      0491AFC4 
 2095      FE2124C1 
 2096 02f0 98FA7F9B 		.ascii	"\230\372\177\233\241\2711\242'\304\217\015|6S\304F&"
 2096      A1B931A2 
 2096      27C48F0D 
 2096      7C3653C4 
 2096      4626
 2097 0302 8F07A311 		.ascii	"\217\007\243\021?7\204\001\232\330\324(\346\207\316"
 2097      3F378401 
 2097      9AD8D428 
 2097      E687CE
 2098 0311 0CDA4822 		.ascii	"\014\332H\"\030\345\322D\264%\202G\230\201t[o\335\326"
 2098      18E5D244 
 2098      B4258247 
 2098      9881745B 
 2098      6FDDD6
 2099 0324 D0C87060 		.ascii	"\320\310p`\343p[&\360\202\227b\240.\212\374\214\372"
 2099      E3705B26 
 2099      F0829762 
 2099      A02E8AFC 
 2099      8CFA
 2100 0336 CEA3F091 		.ascii	"\316\243\360\221\356\001\006\275\034\373\352\200D{\301"
 2100      EE0106BD 
 2100      1CFBEA80 
 2100      447BC1
 2101 0345 2A467B52 		.ascii	"*F{R\237\017\263\256\036\027J\332\250ZY\037\376d\322"
 2101      9F0FB3AE 
 2101      1E174ADA 
 2101      A85A591F 
 2101      FE64D2
 2102 0358 548551D0 		.ascii	"T\205Q\320\344o\3465E\241F&-y9\313\216\374\3724\275"
 2102      E46FE635 
 2102      45A14626 
 2102      2D7939CB 
 2102      8EFCFA34 
 2103 036d 43A801   		.ascii	"C\250\001"
 2104              		.text
 2105              		.section	.gnu.lto_HAL_PWR_EnablePVD.339.1f2f1714,"e",%progbits
 2106 0000 28B52FFD 		.ascii	"(\265/\375`T\000\265\010\000\362\217;: s\323\001\240"
 2106      605400B5 
 2106      0800F28F 
 2106      3B3A2073 
ARM GAS  C:\Users\nicx5\AppData\Local\Temp\ccNPfpFO.s 			page 53


 2106      D301A0
 2107 0013 C208CE76 		.ascii	"\302\010\316vXL\005\204al'\244N\310:(\030u\034q\322"
 2107      584C0584 
 2107      616C27A4 
 2107      4EC83A28 
 2107      18751C71 
 2108 0028 DA6C0CF1 		.ascii	"\332l\014\361\272hm\020\343\335\007\007\370\217Q\003"
 2108      BA686D10 
 2108      E3DD0707 
 2108      F88F5103 
 2109 0038 71C10EE5 		.ascii	"q\301\016\345\313\315\200)\016\321\367o_\356\224\002"
 2109      CBCD8029 
 2109      0ED1F76F 
 2109      5FEE9402 
 2110 0048 3E257C2A 		.ascii	">%|*\017\217\003\003\205\032\221:>\300\355\364\2316"
 2110      0F8F0303 
 2110      851A913A 
 2110      3EC0EDF4 
 2110      9936
 2111 005a AF04C179 		.ascii	"\257\004\301ya\310\300m\340\227\021\242\361I(8LEp\335"
 2111      61C8C06D 
 2111      E09711A2 
 2111      F1492838 
 2111      4C4570DD 
 2112 006e 88445161 		.ascii	"\210DQa\352\300\215/e\3215L\024\330.\367\240U\327a="
 2112      EAC08D2F 
 2112      65D1354C 
 2112      14D82EF7 
 2112      A055D761 
 2113 0083 31126579 		.ascii	"1\022eyjy\362g\340\007\241\353\324\263PF\035m\203\034"
 2113      6A79F267 
 2113      E007A1EB 
 2113      D4B35046 
 2113      1D6D831C 
 2114 0097 A612EDAE 		.ascii	"\246\022\355\256,\3700\217\021\021\275\256ie\211\311"
 2114      2CF8308F 
 2114      1111BDAE 
 2114      696589C9 
 2115 00a7 FA23A16B 		.ascii	"\372#\241k\327\000\231\031\035\255\260\034\234\2353"
 2115      D7009919 
 2115      1DADB01C 
 2115      9C9D33
 2116 00b6 97ABA92D 		.ascii	"\227\253\251->hw\327\352\262?=?}\315\201g\007AgWe&\333"
 2116      3E6877D7 
 2116      EAB23F3D 
 2116      3F7DCD81 
 2116      67074167 
 2117 00ce 9856E362 		.ascii	"\230V\343b\373\002\026m\237\227,{q\223B#\333\335M_\027"
 2117      FB02166D 
 2117      9F972C7B 
 2117      71934223 
 2117      DBDD4D5F 
 2118 00e3 3F45FF2F 		.ascii	"?E\377/' [\253O\200\207\335\365$['\267\336\266\201\355"
 2118      27205BAB 
 2118      4F8087DD 
 2118      F5245B27 
 2118      B7DEB681 
ARM GAS  C:\Users\nicx5\AppData\Local\Temp\ccNPfpFO.s 			page 54


 2119 00f8 926D9B0E 		.ascii	"\222m\233\016\000<\203\3179\3077\36724L{\215`\275Ri"
 2119      003C83CF 
 2119      39C737F7 
 2119      32344C7B 
 2119      8D60BD52 
 2120 010d 64087E08 		.ascii	"d\010~\010\2638)b\254e\350\227!\306\345X\264\223\014"
 2120      B3382962 
 2120      AC65E897 
 2120      21C6E558 
 2120      B4930C
 2121              		.text
 2122              		.section	.gnu.lto_HAL_PWR_DisablePVD.340.1f2f1714,"e",%progbits
 2123 0000 28B52FFD 		.ascii	"(\265/\375`X\000\025\011\0006\220><\020\0059\035\000"
 2123      60580015 
 2123      09003690 
 2123      3E3C1005 
 2123      391D00
 2124 0013 7401390A 		.ascii	"t\0019\012\034\230@\341\002\016q\014\240\237\326\376"
 2124      1C9840E1 
 2124      020E710C 
 2124      A09FD6FE 
 2125 0023 798157E7 		.ascii	"y\201W\3477\247\311c~\243Q\370\366\354f\0211\204\363"
 2125      37A7C963 
 2125      7EA351F8 
 2125      F6EC6611 
 2125      3184F3
 2126 0036 C7F4E425 		.ascii	"\307\364\344%/\274\372\230Z\305\021@\316\005\331\200"
 2126      2FBCFA98 
 2126      5AC51140 
 2126      CE05D980 
 2127 0046 7CB9530A 		.ascii	"|\271S\012)\000+\000.\000\376\200E{\347\344\312z+\023"
 2127      29002B00 
 2127      2E00FE80 
 2127      457BE7E4 
 2127      CA7A2B13 
 2128 005a 9BD8EE6A 		.ascii	"\233\330\356j\352\272\370)\372\217y\201\212\205\372"
 2128      EABAF829 
 2128      FA8F7981 
 2128      8A85FA
 2129 0069 0C78D85D 		.ascii	"\014x\330]O\025\253\344\326\333>\260-\262\215\023\276"
 2129      4F15ABE4 
 2129      D6DB3EB0 
 2129      2DB28D13 
 2129      BE
 2130 007a C8E7D955 		.ascii	"\310\347\331U\340U\243\243\365\325\222\263\2634\211"
 2130      E055A3A3 
 2130      F5D592B3 
 2130      B33489
 2131 0089 9ACAE27B 		.ascii	"\232\312\342{vw\255-\373\323\363\323\317\034^t6\225"
 2131      7677AD2D 
 2131      FBD3F3D3 
 2131      CF1C5E74 
 2131      3695
 2132 009b 5D9432B6 		.ascii	"]\2242\266\260\354\306\305\016{\317j\353/\030\330\210"
 2132      B0ECC6C5 
 2132      0E7BCF6A 
 2132      EB2F18D8 
ARM GAS  C:\Users\nicx5\AppData\Local\Temp\ccNPfpFO.s 			page 55


 2132      88
 2133 00ac A63C95BC 		.ascii	"\246<\225\274*\000AY\226\000\216\360\271N}\352d\324"
 2133      2A004159 
 2133      96008EF0 
 2133      B94E7DEA 
 2133      64D4
 2134 00be D1F6C769 		.ascii	"\321\366\307iN\240\335\224\005_\3463! \327\263\214$"
 2134      4EA0DD94 
 2134      055FE633 
 2134      2120D7B3 
 2134      8C24
 2135 00d0 596D2625 		.ascii	"Ym&%|\247\016o\343\242T\332B\034\036\240F\372F\232'"
 2135      7CA70E6F 
 2135      E3A254DA 
 2135      421C1EA0 
 2135      46FA469A 
 2136 00e5 82E0BC30 		.ascii	"\202\340\2740d\3404\360\303\000\311\370$\024\034\232"
 2136      64E034F0 
 2136      C300C9F8 
 2136      24141C9A 
 2137 00f5 22B86E0B 		.ascii	"\"\270n\013QT\214:P\3433Yt\015\023\006\266\311\016\000"
 2137      51548C3A 
 2137      50E33359 
 2137      740D1306 
 2137      B6C90E00 
 2138 0109 3C83CF39 		.ascii	"<\203\3179\3077\367:4\214{\215`\275Vi\364\010~\010\263"
 2138      C737F73A 
 2138      348C7B8D 
 2138      60BD5669 
 2138      F4087E08 
 2139 011e 382962AC 		.ascii	"8)b\254e\350\227!\306\345X\264\223\014"
 2139      65E89721 
 2139      C6E558B4 
 2139      930C
 2140              		.text
 2141              		.section	.gnu.lto_HAL_PWR_EnableWakeUpPin.341.1f2f1714,"e",%progbits
 2142 0000 28B52FFD 		.ascii	"(\265/\375`\322\000\005\014\000VVTD\020Q\225\016\000"
 2142      60D20005 
 2142      0C005656 
 2142      54441051 
 2142      950E00
 2143 0013 60894211 		.ascii	"`\211B\021\216\002P\250\207CDOL5\212\375M\350Q\010\374"
 2143      8E0250A8 
 2143      8743444F 
 2143      4C358AFD 
 2143      4DE85108 
 2144 0028 E27A1178 		.ascii	"\342z\021x\345A\230\245o\025\241\000\340\363\\\233\004"
 2144      E54198A5 
 2144      6F15A100 
 2144      E0F35C9B 
 2144      04
 2145 0039 4244ED72 		.ascii	"BD\355r?\252\037S\300\270\200\227KIds\202A\306Zn$wJ"
 2145      3FAA1F53 
 2145      C0B88097 
 2145      4B496473 
 2145      8241C65A 
 2146 0051 013D003F 		.ascii	"\001=\000?\000>\000\026\260\213\"bcwd`\317\345\023\301"
ARM GAS  C:\Users\nicx5\AppData\Local\Temp\ccNPfpFO.s 			page 56


 2146      003E0016 
 2146      B08B2262 
 2146      63776460 
 2146      CFE513C1 
 2147 0065 0B689F95 		.ascii	"\013h\237\225\017\320>\035\3329>\252\330n\307\007\215"
 2147      0FD03E1D 
 2147      DA393EAA 
 2147      D86EC707 
 2147      8D
 2148 0076 93DDE534 		.ascii	"\223\335\3454\344\341e\350\037\306\267\230\354ui\211"
 2148      E4E165E8 
 2148      1FC6B798 
 2148      EC756989 
 2149 0086 B0BB9631 		.ascii	"\260\273\2261Y\211[o;\201\355\017\366\025\004\0361J"
 2149      59895B6F 
 2149      3B81ED0F 
 2149      F615041E 
 2149      314A
 2150 0098 54F46722 		.ascii	"T\364g\"J\202\202ce\212\307\227\324\025~ew\327\012b"
 2150      4A828263 
 2150      658AC797 
 2150      D4157E65 
 2150      77D70A62 
 2151 00ac 7FE49F52 		.ascii	"\177\344\237RZ\245\264\224\322\267\030\230Q\343\003"
 2151      5AA5B494 
 2151      D2B71898 
 2151      51E303
 2152 00bb C2885D14 		.ascii	"\302\210]\024)'k2o\260\260}\000\366V\322]\332w\361\027"
 2152      29276B32 
 2152      6FB0B07D 
 2152      00F656D2 
 2152      5DDA77F1 
 2153 00d0 E1474004 		.ascii	"\341G@\004\025\010\330\036\367\225U\020o\263\026&!\024"
 2153      1508D81E 
 2153      F7955510 
 2153      6FB31626 
 2153      2114
 2154 00e2 66D5D963 		.ascii	"f\325\331c:\246JU=\314D\200\025_\343\027hW\251\207\235"
 2154      3AA64A55 
 2154      3DCC4480 
 2154      155FE317 
 2154      6857A987 
 2155 00f7 1055B40D 		.ascii	"\020U\264\015^F\207\313n\212\215O\362\221u\011\371\234"
 2155      5E4687CB 
 2155      6E8A8D4F 
 2155      F2917509 
 2155      F99C
 2156 0109 A308127B 		.ascii	"\243\010\022{\327]\332\3475\316\320\300\323\300\331"
 2156      D75DDAE7 
 2156      35CED0C0 
 2156      D3C0D9
 2157 0118 6C329803 		.ascii	"l2\230\003\256\225\351\363P\251\017\007\323G\205\201"
 2157      AE95E9F3 
 2157      50A90F07 
 2157      D3478581 
 2158 0128 74F2429B 		.ascii	"t\362B\233G\230\217\245\352P^\251\224\321lX\201\334"
 2158      47988FA5 
ARM GAS  C:\Users\nicx5\AppData\Local\Temp\ccNPfpFO.s 			page 57


 2158      EA505EA9 
 2158      94D16C58 
 2158      81DC
 2159 013a E803719D 		.ascii	"\350\003q\235\005\011\235\256\325\342t8\360#y0}\024"
 2159      05099DAE 
 2159      D5E27438 
 2159      F0237930 
 2159      7D14
 2160 014c 1CB8959A 		.ascii	"\034\270\225\232\320\021e4\236\013 \021x\372R!\321\203"
 2160      D0116534 
 2160      9E0B2011 
 2160      78FA5221 
 2160      D183
 2161 015e 11002995 		.ascii	"\021\000)\225\216g\3609\347\370\346\236\212\015\343"
 2161      8E67F039 
 2161      E7F8E69E 
 2161      8A0DE3
 2162 016d CCC16243 		.ascii	"\314\301bC\220\243\002\313\332,)\376v\022\263\326\212"
 2162      90A302CB 
 2162      DA2C29FE 
 2162      7612B3D6 
 2162      8A
 2163 017e 40D532A0 		.ascii	"@\3252\240\265\2322\356\360\242\235d"
 2163      B59A32EE 
 2163      F0A29D64 
 2164              		.text
 2165              		.section	.gnu.lto_HAL_PWR_DisableWakeUpPin.342.1f2f1714,"e",%progbits
 2166 0000 28B52FFD 		.ascii	"(\265/\375`\330\000\375\013\000v\026TB\020s4\034\012"
 2166      60D800FD 
 2166      0B007616 
 2166      54421073 
 2166      341C0A
 2167 0013 68113770 		.ascii	"h\0217p\010\"\260\242\300\0311\332\0150~\247\312\012"
 2167      0822B0A2 
 2167      C01931DA 
 2167      0D307EA7 
 2167      CA0A
 2168 0025 EF0131DE 		.ascii	"\357\0011\336\025\302\242\357\346\344\325\352\233\360"
 2168      15C2A2EF 
 2168      E6E4D5EA 
 2168      9BF0
 2169 0033 B73ABC2C 		.ascii	"\267:\274,s\014\010\303\011\365\323\350X\001\234\337"
 2169      730C08C3 
 2169      09F5D3E8 
 2169      58019CDF 
 2170 0043 2218292C 		.ascii	"\"\030),Jr8\033\355\275\245L)>\000=\000>\000\003vYd"
 2170      4A72381B 
 2170      EDBDA54C 
 2170      293E003D 
 2170      003E0003 
 2171 005a ECD81D19 		.ascii	"\354\330\035\031\330\303]Kp\003\333\265\354\004\266"
 2171      D8C35D4B 
 2171      7003DBB5 
 2171      EC04B6
 2172 0069 6B0EED1E 		.ascii	"k\016\355\036\007J\354r+?T\350\210\355n\247'\017\237"
 2172      074AEC72 
 2172      2B3F54E8 
ARM GAS  C:\Users\nicx5\AppData\Local\Temp\ccNPfpFO.s 			page 58


 2172      88ED6EA7 
 2172      270F9F
 2173 007c A1FF1ABF 		.ascii	"\241\377\032\277\274HD\236!\023v\327\371\"Iq\353m+\260"
 2173      BC48449E 
 2173      211376D7 
 2173      F9224971 
 2173      EB6D2BB0 
 2174 0090 BDB2FF20 		.ascii	"\275\262\377 )*\372\260\230\003\230\217\225\315\026"
 2174      292AFAB0 
 2174      9803988F 
 2174      95CD16
 2175 009f 8F22A92F 		.ascii	"\217\"\251/\374l\325\304>\312\277e:\313\264f:3}NO\260"
 2175      FC6CD5C4 
 2175      3ECABF65 
 2175      3ACBB466 
 2175      3A337D4E 
 2176 00b5 A4946060 		.ascii	"\244\224``\354\262h\211\255\212\306#\206\355\013\260"
 2176      ECB26889 
 2176      AD8AC623 
 2176      86ED0BB0 
 2177 00c5 2F2E383C 		.ascii	"/.8<\355\3178\215\360($\034\253&\276\300\202\250\214"
 2177      EDCF388D 
 2177      F028241C 
 2177      AB26BEC0 
 2177      82A88C
 2178 00d8 A8CB99E6 		.ascii	"\250\313\231\346\370\013\210\3525KU\275k\305\210\212"
 2178      F80B88EA 
 2178      354B55BD 
 2178      6BC5888A 
 2179 00e8 96F005DB 		.ascii	"\226\360\005\333\246\251w\225\210*\332\376\216c\305"
 2179      A6A97795 
 2179      882ADAFE 
 2179      8E63C5
 2180 00f7 EDB6D8F8 		.ascii	"\355\266\330\3707>\262\270\335\375\3115m4\201b\337z"
 2180      373EB2B8 
 2180      DDFDC935 
 2180      6D348162 
 2180      DF7A
 2181 0109 6BBB7605 		.ascii	"k\273v\005`#\356\320`\344\201\263\331d0\010\300\020"
 2181      6023EED0 
 2181      60E481B3 
 2181      D9643008 
 2181      C010
 2182 011b A70CAA0D 		.ascii	"\247\014\252\015%\324\010\024\300$\214\307R\211>\214"
 2182      25D40814 
 2182      C0248CC7 
 2182      52893E8C 
 2183 012b 4CA68C06 		.ascii	"L\246\214\006\204\210\257#y\237N\204\201BG\004\202\234"
 2183      8488AF23 
 2183      799F4E84 
 2183      81424704 
 2183      829C
 2184 013d 4EF779A5 		.ascii	"N\367y\245\021'\317\002\004\203\251\012\235PF\343\321"
 2184      1127CF02 
 2184      0483A90A 
 2184      9D5046E3 
 2184      D1
ARM GAS  C:\Users\nicx5\AppData\Local\Temp\ccNPfpFO.s 			page 59


 2185 014e F0097D28 		.ascii	"\360\011}(/\005\012E\270P\300\366\270\317\002\021\000"
 2185      2F050A45 
 2185      B850C0F6 
 2185      B8CF0211 
 2185      00
 2186 015f 86CAC633 		.ascii	"\206\312\3063\370\234s|s/\306\206q\346`1%\310m\201="
 2186      F89C737C 
 2186      732FC686 
 2186      71E66031 
 2186      25C86D81 
 2187 0174 EDF9EDF2 		.ascii	"\355\371\355\362\026X\021\2755\346\033\023\212\265\032"
 2187      165811BD 
 2187      35E61B13 
 2187      8AB51A
 2188 0183 0DEEF2A2 		.ascii	"\015\356\362\242\235d"
 2188      9D64
 2189              		.text
 2190              		.section	.gnu.lto_HAL_PWR_EnterSLEEPMode.343.1f2f1714,"e",%progbits
 2191 0000 28B52FFD 		.ascii	"(\265/\375`\223\001\035\020\000\326\034mI\260T\231t"
 2191      6093011D 
 2191      1000D61C 
 2191      6D49B054 
 2191      9974
 2192 0012 70C94669 		.ascii	"p\311Fi\305\370\253\373\267~i\013\274K\273\2028\352"
 2192      C5F8ABFB 
 2192      B77E690B 
 2192      BC4BBB82 
 2192      38EA
 2193 0024 B575FADD 		.ascii	"\265u\372\335\316~\025\325\230\263f\275s\355i\023\373"
 2193      CE7E15D5 
 2193      98B366BD 
 2193      73ED6913 
 2193      FB
 2194 0035 413BE908 		.ascii	"A;\351\010\212a\342\346?\220T\235\251\305V?!8.\265O"
 2194      8A61E2E6 
 2194      3F90549D 
 2194      A9C5563F 
 2194      21382EB5 
 2195 004a CEE58FB9 		.ascii	"\316\345\217\271xT\006UB\366\336)\005T\000T\000Y\000"
 2195      78540655 
 2195      42F6DE29 
 2195      05540054 
 2195      005900
 2196 005d EB63E016 		.ascii	"\353c\340\026\320G\004?!?\326\023 ?\272f\017\015\324"
 2196      D047043F 
 2196      213FD613 
 2196      203FBA66 
 2196      0F0DD4
 2197 0070 EC827CE4 		.ascii	"\354\202|\344@Q\203\270\273#\312{\355c\245\263\346\237"
 2197      405183B8 
 2197      BB23CA7B 
 2197      ED63A5B3 
 2197      E69F
 2198 0082 E7225C8E 		.ascii	"\347\"\\\216\346\343\315kI\356\346\264.\320\3618a\222"
 2198      E6E3CD6B 
 2198      49EEE6B4 
 2198      2ED0F138 
ARM GAS  C:\Users\nicx5\AppData\Local\Temp\ccNPfpFO.s 			page 60


 2198      6192
 2199 0094 BBD5139F 		.ascii	"\273\325\023\237\025\303\363|\226\310\331\346$\211\260"
 2199      15C3F37C 
 2199      96C8D9E6 
 2199      2489B0
 2200 00a3 BB9EB89C 		.ascii	"\273\236\270\234\211\233\274m\027\333$\354\363\002?"
 2200      899BBC6D 
 2200      17DB24EC 
 2200      F3023F
 2201 00b2 6AF381C4 		.ascii	"j\363\201\304\341\201B\007@\031=v\026\355\243\231t\347"
 2201      E1814207 
 2201      40193D76 
 2201      16EDA399 
 2201      74E7
 2202 00c4 D7A53AF6 		.ascii	"\327\245:\366{?I\247'\235~\210\246\320\361\303\201\260"
 2202      7B3F49A7 
 2202      279D7E88 
 2202      A6D0F1C3 
 2202      81B0
 2203 00d6 B3ABA248 		.ascii	"\263\253\242H\\\341\210\243\205\355\003\260E#Rs\332"
 2203      5CE188A3 
 2203      85ED03B0 
 2203      45235273 
 2203      DA
 2204 00e7 2495DA7B 		.ascii	"$\225\332{3&w\205\020\221\201>\012\370I}\332\177q\030"
 2204      33267785 
 2204      1091813E 
 2204      0AF8497D 
 2204      DA7F7118 
 2205 00fb B5C708E1 		.ascii	"\265\307\010\341\001\273Ft66\242`\020\241\010j3\326"
 2205      01BB4674 
 2205      3636A260 
 2205      10A1086A 
 2205      33D6
 2206 010d 3CF863DE 		.ascii	"<\370c\336(\342\223S\351n\023,\275\331B\320\305wp:!"
 2206      28E29353 
 2206      E96E132C 
 2206      BDD942D0 
 2206      C577703A 
 2207 0122 A53BFF33 		.ascii	"\245;\3773$II=@n\363\210\037d1)\215\343\206\004(\026"
 2207      2449493D 
 2207      406EF388 
 2207      1F643129 
 2207      8DE38604 
 2208 0138 8B3F5740 		.ascii	"\213?W@\236Nz\033\034\033\265\331\366\360\036\030h7"
 2208      9E4E7A1B 
 2208      1C1BB5D9 
 2208      F6F01E18 
 2208      6837
 2209 014a A7E4CFF8 		.ascii	"\247\344\317\370O\006\342}4Y\333\216\375\3543\362\343"
 2209      4F06E27D 
 2209      3459DB8E 
 2209      FDEC33F2 
 2209      E3
 2210 015b 69A8176E 		.ascii	"i\250\027n\271f\3251\256Y\005Q\3068\230*\230L,\250\022"
 2210      B966D531 
 2210      AE590551 
ARM GAS  C:\Users\nicx5\AppData\Local\Temp\ccNPfpFO.s 			page 61


 2210      C638982A 
 2210      984C2CA8 
 2211 0170 6368C072 		.ascii	"ch\300r\255\224J$\224\003\345+\306\222\221eh\271\204"
 2211      AD944A24 
 2211      9403E52B 
 2211      C6929165 
 2211      68B984
 2212 0183 FC8252CE 		.ascii	"\374\202R\316:\254dX00\244\224\0151\330\350\245D\215"
 2212      3AAC6458 
 2212      3030A494 
 2212      0D31D8E8 
 2212      A5448D
 2213 0196 562C124E 		.ascii	"V,\022N+\032m\3454\202\225\255\0171%\005\025\323^\023"
 2213      2B1A6DE5 
 2213      348295AD 
 2213      0F312505 
 2213      15D35E13 
 2214 01aa 4E2A524A 		.ascii	"N*RJ\313\005\224\012\246\241|\245T\017L\005l\373\366"
 2214      CB05940A 
 2214      A6A17CA5 
 2214      540F4C05 
 2214      6CFBF6
 2215 01bd 75A98E03 		.ascii	"u\251\216\003\037\000\205J\3063\370\234s|s\217\3706"
 2215      1F00854A 
 2215      C633F89C 
 2215      737C738F 
 2215      F836
 2216 01cf 80B00637 		.ascii	"\200\260\0067\345\300`\2408\242(\032\025\342'p\327#"
 2216      E5C060A0 
 2216      38A2281A 
 2216      15E22770 
 2216      D723
 2217 01e1 1E8F1530 		.ascii	"\036\217\0250\207\300bV\311\365\010&s\333\216g\326\002"
 2217      87C06256 
 2217      C9F50826 
 2217      73DB8E67 
 2217      D602
 2218 01f3 77818C95 		.ascii	"w\201\214\225\213Zc\376\265\360\\a\264\0135e\334\345"
 2218      8B5A63FE 
 2218      B5F05C61 
 2218      B40B3565 
 2218      DCE5
 2219 0205 9E4D3EA5 		.ascii	"\236M>\245\256F\253\366"
 2219      AE46ABF6 
 2220              		.text
 2221              		.section	.gnu.lto_HAL_PWR_EnterSTOPMode.344.1f2f1714,"e",%progbits
 2222 0000 28B52FFD 		.ascii	"(\265/\375`B\004=\032\000&.\246G\220\232Q:\202\233\017"
 2222      6042043D 
 2222      1A00262E 
 2222      A647909A 
 2222      513A829B 
 2223 0015 4FA24286 		.ascii	"O\242B\206\372\270@L\276gn\217\234\344\326\300y\252"
 2223      FAB8404C 
 2223      BE676E8F 
 2223      9CE4D6C0 
 2223      79AA
 2224 0027 DB81CA9B 		.ascii	"\333\201\312\233\037HY\354\336]\343A\374~\322\352\313"
ARM GAS  C:\Users\nicx5\AppData\Local\Temp\ccNPfpFO.s 			page 62


 2224      1F4859EC 
 2224      DE5DE341 
 2224      FC7ED2EA 
 2224      CB
 2225 0038 944D2EA1 		.ascii	"\224M.\241\333\336\261\241\313\223\027\007\274\352\031"
 2225      DBDEB1A1 
 2225      CB931707 
 2225      BCEA19
 2226 0047 1BE5D5BC 		.ascii	"\033\345\325\2747\025`\254\344\223M\344N)\212\000\201"
 2226      371560AC 
 2226      E4934DE4 
 2226      4E298A00 
 2226      81
 2227 0058 00970000 		.ascii	"\000\227\000\000\220D%\251\265\316N\375&M\366\354t\316"
 2227      904425A9 
 2227      B5CE4EFD 
 2227      264DF6EC 
 2227      74CE
 2228 006a 6C016084 		.ascii	"l\001`\204\346\264m>\300_\2510Y+\2324K\345\251\200-"
 2228      E6B46D3E 
 2228      C05FA930 
 2228      592B9A34 
 2228      4BE5A980 
 2229 007f A14FFB4A 		.ascii	"\241O\373J\276\004x\253\025&P+\230\016+\265\016\037"
 2229      BE0478AB 
 2229      1526502B 
 2229      980E2BB5 
 2229      0E1F
 2230 0091 38A83C5D 		.ascii	"8\250<]p\003\344\351\370\035\362\324@\373\353\200\213"
 2230      7003E4E9 
 2230      F81DF2D4 
 2230      40FBEB80 
 2230      8B
 2231 00a2 5A4B3247 		.ascii	"ZK2GnL)\326Zk;\344\300\323q'\320?\326\007@\011Y\234"
 2231      6E4C29D6 
 2231      5A6B3BE4 
 2231      C0D37127 
 2231      D03FD607 
 2232 00ba DAF89823 		.ascii	"\332\370\230#\264\361\035\035Dy\251\241#t\032\015x\371"
 2232      B4F11D1D 
 2232      4479A9A1 
 2232      23741A0D 
 2232      78F9
 2233 00cc F83AD667 		.ascii	"\370:\326g\014ap\316X\205Z\253'\224\220\306M\336v\010"
 2233      0C6170CE 
 2233      58855AAB 
 2233      279490C6 
 2233      4DDE7608 
 2234 00e0 DB59F6A8 		.ascii	"\333Y\366\250 qN#\277s\377\204#\270A\333\273K\341\225"
 2234      20714E23 
 2234      BF73FF84 
 2234      23B841DB 
 2234      BB4BE195 
 2235 00f4 B5F2F8F1 		.ascii	"\265\362\370\361\241<\012\212r\310)\035\302\230Q\357"
 2235      A13C0A8A 
 2235      72C8291D 
 2235      C29851EF 
ARM GAS  C:\Users\nicx5\AppData\Local\Temp\ccNPfpFO.s 			page 63


 2236 0104 237DE4E9 		.ascii	"#}\344\351WvE\334\240_\345\307\265\212\021\264\326\210"
 2236      577645DC 
 2236      A05FE5C7 
 2236      B58A11B4 
 2236      D688
 2237 0116 A933CCC3 		.ascii	"\2513\314\303\340\\*\177\254\265V\357\224\375\253\177"
 2237      E05C2A7F 
 2237      ACB556EF 
 2237      94FDAB7F 
 2238 0126 E756BF0E 		.ascii	"\347V\277\016\235\236\321\351\034:-\243\323%\235\216"
 2238      9D9ED1E9 
 2238      1C3A2DA3 
 2238      D3259D8E 
 2239 0136 D169924E 		.ascii	"\321i\222NS:=\322\351\245\323\223N\037\301\012\001#"
 2239      533A3DD2 
 2239      E9A5D393 
 2239      4E1FC10A 
 2239      0123
 2240 0148 E6F83953 		.ascii	"\346\3709S\253TX\261v\321+El\337\177\362\254\337\207"
 2240      AB5458B1 
 2240      76D12B45 
 2240      6CDF7FF2 
 2240      ACDF87
 2241 015b F691C2F1 		.ascii	"\366\221\302\361\344g\237\330\364\241\003`\264\311\271"
 2241      E4679FD8 
 2241      F4A10360 
 2241      B4C9B9
 2242 016a CACCAD35 		.ascii	"\312\314\2555^<\306\245\262jP\327\311 \270\220\234\010"
 2242      5E3CC6A5 
 2242      B26A50D7 
 2242      C920B890 
 2242      9C08
 2243 017c 5454D72E 		.ascii	"TT\327.\325\257\202\334Y\233\0233N3\016\025\321\313"
 2243      D5AF82DC 
 2243      599B1333 
 2243      4E330E15 
 2243      D1CB
 2244 018e 48D66715 		.ascii	"H\326g\025\033&<Ul\216`\3752\200\210)\246\361\303\330"
 2244      1B263C55 
 2244      6C8E60FD 
 2244      32808829 
 2244      A6F1C3D8 
 2245 01a2 96E1CA17 		.ascii	"\226\341\312\027\027\302s\372\036\276\315\200\305:\371"
 2245      17C273FA 
 2245      1EBECD80 
 2245      C53AF9
 2246 01b1 C4CFAA36 		.ascii	"\304\317\2526S<UmvH\201\251y\226\242l\277\214\247\221"
 2246      533C556D 
 2246      764881A9 
 2246      7996A26C 
 2246      BF8CA791 
 2247 01c5 E5CA72EF 		.ascii	"\345\312r\357\262\345\\\216tj\260K\275NG\236\226_1-"
 2247      B2E55C8E 
 2247      746AB04B 
 2247      BD4E479E 
 2247      965F312D 
 2248 01d9 704E23C9 		.ascii	"pN#\311\215a!\223\320\335rs\0329.-q\2551K\220]*\207"
ARM GAS  C:\Users\nicx5\AppData\Local\Temp\ccNPfpFO.s 			page 64


 2248      8D612193 
 2248      D0DD7273 
 2248      1A392E2D 
 2248      71AD314B 
 2249 01f1 4AA3B373 		.ascii	"J\243\263sw\377T#@XXX\316\031\375F\353\214~\243\256"
 2249      77FF5423 
 2249      40585858 
 2249      CE19FD46 
 2249      EB8C7EA3 
 2250 0206 74538FB7 		.ascii	"tS\217\267\313\355b\336\300\004a\301\010\037\211\322"
 2250      CBED62DE 
 2250      C00461C1 
 2250      081F89D2 
 2251 0216 483D38DC 		.ascii	"H=8\334\021\221O\347\333\341j9\022KI8\023\034j7\016"
 2251      11914FE7 
 2251      DBE16A39 
 2251      124B4938 
 2251      131C6A37 
 2252 022b B7200C0C 		.ascii	"\267 \014\014\232zJ&4|\360 \342&\363\010\010EF\023~"
 2252      9A7A4A26 
 2252      347CF020 
 2252      E226F308 
 2252      08454613 
 2253 0240 7E6C3D09 		.ascii	"~l=\011z<\245\242\244\245\243\\\010\231q=\275\337\011"
 2253      7A3CA5A2 
 2253      A4A5A35C 
 2253      0899713D 
 2253      BDDF09
 2254 0253 A2A42224 		.ascii	"\242\244\"$$\233\204\235\222\257\206\353\335jD\035,"
 2254      249B849D 
 2254      92AF86EB 
 2254      DD6A441D 
 2254      2C
 2255 0264 00113131 		.ascii	"\000\02111M\000\252\371z\271\024\272^\006\0373\361."
 2255      4D00AAF9 
 2255      7AB914BA 
 2255      5E061F33 
 2255      F12E
 2256 0276 000DD924 		.ascii	"\000\015\331$\004\211\270\015\371J\364xBC\0244\024\260"
 2256      0489B80D 
 2256      F94AF478 
 2256      42431434 
 2256      14B0
 2257 0288 3D6CF1B1 		.ascii	"=l\361\261\356\224\007p\301\351j\261O\236-\2317\247"
 2257      EE940770 
 2257      C1E96AB1 
 2257      4F9E2D99 
 2257      37A7
 2258 029a 91393B1B 		.ascii	"\2219;\033\223\263\262\253\010\\\001N\250q4\006\021"
 2258      93B3B2AB 
 2258      085C014E 
 2258      A8713406 
 2258      11
 2259 02ab 210ED18C 		.ascii	"!\016\321\214$I#\211:\240\002\021\272\032\017\021@\261"
 2259      24492389 
 2259      3AA00211 
 2259      BA1A0F11 
ARM GAS  C:\Users\nicx5\AppData\Local\Temp\ccNPfpFO.s 			page 65


 2259      40B1
 2260 02bd 23144D40 		.ascii	"#\024M@\013\212k\332\016\245\361_i\247\360\017/;\033"
 2260      0B8A6BDA 
 2260      0EA5F15F 
 2260      69A7F00F 
 2260      2F3B1B
 2261 02d0 EF9B5CDB 		.ascii	"\357\233\\\333\251\347{\221u\214\357s\342\302\310$d"
 2261      A9E77B91 
 2261      758CEF73 
 2261      E2C2C824 
 2261      64
 2262 02e1 5958AE53 		.ascii	"YX\256S\302J \311\316\224\000ml\2219CC\214\210\356\257"
 2262      C24A20C9 
 2262      CE94006D 
 2262      6C913943 
 2262      438C88EE 
 2263 02f6 5B8C371A 		.ascii	"[\2147\032\020\301\223\304\034 \232l2{\226@\011\022"
 2263      10C193C4 
 2263      1C209A6C 
 2263      327B9640 
 2263      0912
 2264 0308 F8A49038 		.ascii	"\370\244\2208\311\250\211\200bt\300U\370\361\254\344"
 2264      C9A88980 
 2264      6274C055 
 2264      F8F1ACE4 
 2265 0318 424C1FA6 		.ascii	"BL\037\246\255\210\204U&\243+\223;\301\037\331\200\006"
 2265      AD888455 
 2265      26A32B93 
 2265      3BC11FD9 
 2265      8006
 2266 032a 33ECA7B6 		.ascii	"3\354\247\266\256Q:E\230\"\346@4C\010\254V4w\350R&#"
 2266      AE513A45 
 2266      9822E640 
 2266      344308AC 
 2266      563477E8 
 2267 0341 14EAFAFD 		.ascii	"\024\352\372\375\005\364?\347tO\337Ej U\015"
 2267      05F43FE7 
 2267      744FDF45 
 2267      6A20550D 
 2268              		.text
 2269              		.section	.gnu.lto_HAL_PWR_EnterSTANDBYMode.345.1f2f1714,"e",%progbits
 2270 0000 28B52FFD 		.ascii	"(\265/\375`>\002m\021\000\026^oI\320\362&\035\000\300"
 2270      603E026D 
 2270      1100165E 
 2270      6F49D0F2 
 2270      261D00C0 
 2271 0014 938B928B 		.ascii	"\223\213\222\213\2407\204<r\035e\363\203\032\202t)\364"
 2271      A037843C 
 2271      721D65F3 
 2271      831A8274 
 2271      29F4
 2272 0026 414FA93F 		.ascii	"AO\251?TE\312`\013\255\363 D\353W\270\232}\275\036\360"
 2272      5445CA60 
 2272      0BADF320 
 2272      44EB57B8 
 2272      9A7DBD1E 
 2273 003b 58C43818 		.ascii	"X\3048\030R\224@\314\\\2323^\222\314\006\015\007\264"
ARM GAS  C:\Users\nicx5\AppData\Local\Temp\ccNPfpFO.s 			page 66


 2273      529440CC 
 2273      5C9A335E 
 2273      92CC060D 
 2273      07B4
 2274 004d 3B26089C 		.ascii	";&\010\234 \262\211\334)\005U\000S\000]\000G\273'\242"
 2274      20B289DC 
 2274      29055500 
 2274      53005D00 
 2274      47BB27A2 
 2275 0061 A0766922 		.ascii	"\240vi\"\261\260}_\350C5\377q\012\216\204P\215\375 "
 2275      B1B07D5F 
 2275      E84335FF 
 2275      710A8E84 
 2275      508DFD20 
 2276 0075 9BFF1880 		.ascii	"\233\377\030\200\013\025/v7\365\351\003\331\330\251"
 2276      0B152F76 
 2276      37F5E903 
 2276      D9D8A9
 2277 0084 4F99F28D 		.ascii	"O\231\362\215\355C\300\206\335\257\007\322\010#\250"
 2277      ED43C086 
 2277      DDAF07D2 
 2277      0823A8
 2278 0093 DD05B5E7 		.ascii	"\335\005\265\3477\2277\376}Nr\333\251]\206$\330]\313"
 2278      379737FE 
 2278      7D4E72DB 
 2278      A95D8624 
 2278      D85DCB
 2279 00a6 DB4E885B 		.ascii	"\333N\210[o\233\200\355\017\266\254\005OZ\222:\343\267"
 2279      6F9B80ED 
 2279      0FB6AC05 
 2279      4F5A923A 
 2279      E3B7
 2280 00b8 A6F99577 		.ascii	"\246\371\225w\225z\035\0216\265\331\306p\031\343\267"
 2280      957A1D11 
 2280      36B5D9C6 
 2280      7019E3B7 
 2281 00c8 8B02811F 		.ascii	"\213\002\201\037\343E3\337\356\276\347s\022u\000\261"
 2281      E34533DF 
 2281      EEBEE773 
 2281      127500B1 
 2282 00d8 9F7933EF 		.ascii	"\237y3\357\363*\"T\2446\033H\312\355X\031e\"\233\324"
 2282      F32A2254 
 2282      A4361B48 
 2282      CAED5819 
 2282      65229BD4 
 2283 00ec 157EB78A 		.ascii	"\025~\267\212\263U\332S\351\251\322\235J\253JK\225\376"
 2283      B355DA53 
 2283      E9A9D29D 
 2283      4AAB4A4B 
 2283      95FE
 2284 00fe 8802DD28 		.ascii	"\210\002\335(2\241\022\2538\022%\246%\034\325\361o^"
 2284      32A112AB 
 2284      381225A6 
 2284      251CD5F1 
 2284      6F5E
 2285 0110 CDF991E3 		.ascii	"\315\371\221\343\265\241\313\234\023\014U\316\251\205"
 2285      B5A1CB9C 
ARM GAS  C:\Users\nicx5\AppData\Local\Temp\ccNPfpFO.s 			page 67


 2285      130C55CE 
 2285      A985
 2286 011e CFEF8147 		.ascii	"\317\357\201G\012\250&\037\207m\021\330\307\201F\365"
 2286      0AA8261F 
 2286      876D11D8 
 2286      C78146F5 
 2287 012e 29E3DB25 		.ascii	")\343\333%5\315\361\203.sO8U\356\211\247\004\023\220"
 2287      35CDF183 
 2287      2E734F38 
 2287      55EE89A7 
 2287      041390
 2288 0141 2BF1788A 		.ascii	"+\361x\212\324}\345M\365`n\243\306\217b#k\323\261\227"
 2288      D47DE54D 
 2288      F5606EA3 
 2288      C68F6223 
 2288      6BD3B197 
 2289 0155 C9BCCF19 		.ascii	"\311\274\317\031\2443\222_y\252\035\015\015\206U\230"
 2289      A433925F 
 2289      79AA1D0D 
 2289      0D865598 
 2290 0165 75B0CF34 		.ascii	"u\260\3174\242,\346\022\013\361\003Z\201\001\024\306"
 2290      A22CE612 
 2290      0BF1035A 
 2290      810114C6 
 2291 0175 96CF2F26 		.ascii	"\226\317/&ah\3415\302\306X\010\272\264\314\304\204\027"
 2291      6168E135 
 2291      C2C65808 
 2291      BAB4CCC4 
 2291      8417
 2292 0187 56C0D64A 		.ascii	"V\300\326J\213\205A\211C\023q&\363\212\231\360\362r"
 2292      8B854189 
 2292      43137126 
 2292      F38A99F0 
 2292      F272
 2293 0199 8212CB30 		.ascii	"\202\022\3130\202\241\330\002_\020\024\260^4Z\012\013"
 2293      82A1D802 
 2293      5F1014B0 
 2293      5E345A0A 
 2293      0B
 2294 01aa 1C45170D 		.ascii	"\034E\027\0150\261\301\001\323d\013X\256\023\024\226"
 2294      30B1C101 
 2294      D3640B58 
 2294      AE131496 
 2295 01ba 082DD708 		.ascii	"\010-\327\010#\312$\270T\034\004\260M\204\363.1 \300"
 2295      23CA24B8 
 2295      541C04B0 
 2295      4D84F32E 
 2295      3120C0
 2296 01cd 0219B2E2 		.ascii	"\002\031\262\342\006%s\311E\223\025f\302H\237\034y\225"
 2296      062573C9 
 2296      45931566 
 2296      C2489F1C 
 2296      7995
 2297 01df D6B6A49E 		.ascii	"\326\266\244\236\212.\007\026\227;0\230-3\300,K\004"
 2297      8A2E0716 
 2297      973B3098 
 2297      2D33C02C 
ARM GAS  C:\Users\nicx5\AppData\Local\Temp\ccNPfpFO.s 			page 68


 2297      4B04
 2298 01f1 11FF307C 		.ascii	"\021\3770|`\001X7\314(\306\321\341,\2269{7\367\230\220"
 2298      60015837 
 2298      CC28C6D1 
 2298      E12C9639 
 2298      7B37F798 
 2299 0206 90397655 		.ascii	"\2209vU1O\264\327\301\272\036Z\317EY\235kIC $i\300\020"
 2299      314FB4D7 
 2299      C1BA1E5A 
 2299      CF45599D 
 2299      6B494320 
 2300 021e 86685DAD 		.ascii	"\206h]\255\204\346d\030\024\266f\220\020\315`\004\307"
 2300      84E66418 
 2300      14B66690 
 2300      10CD6004 
 2300      C7
 2301 022f F8BA023A 		.ascii	"\370\272\002:\335\242\025O"
 2301      DDA2154F 
 2302              		.text
 2303              		.section	.gnu.lto_HAL_PWR_EnableSleepOnExit.346.1f2f1714,"e",%progbits
 2304 0000 28B52FFD 		.ascii	"(\265/\375`V\000\315\010\000\322\317;: \223\322\001"
 2304      605600CD 
 2304      0800D2CF 
 2304      3B3A2093 
 2304      D201
 2305 0012 A0D04127 		.ascii	"\240\320A'\177S\221\010F\012\306=\210\242\227H\301X"
 2305      7F539108 
 2305      460AC63D 
 2305      88A29748 
 2305      C158
 2306 0024 D2EDAA30 		.ascii	"\322\355\2520\232\215\001\357\017R\033b,CH\234\365\313"
 2306      9A8D01EF 
 2306      0F521B62 
 2306      2C43489C 
 2306      F5CB
 2307 0036 C8ED7440 		.ascii	"\310\355t@\307#'D:\211\242\363y\2144\271S\0126%\210"
 2307      C7232744 
 2307      3A89A2F3 
 2307      798C34B9 
 2307      530A3625 
 2308 004b A98E70E3 		.ascii	"\251\216p\343\342t\032y\034\036cg\022K]H\202\370B\222"
 2308      E2741A79 
 2308      1C1E6367 
 2308      124B5D48 
 2308      82F84292 
 2309 005f 6CF8BA51 		.ascii	"l\370\272Q\304\000\311\020%\026L\242\">p\344QT\224\300"
 2309      C400C910 
 2309      25164CA2 
 2309      223E70E4 
 2309      515494C0 
 2310 0073 51434459 		.ascii	"QCDY\200\016\023\004\266c{\320\352K$\343\231\215(\313"
 2310      800E1304 
 2310      B6637BD0 
 2310      EA4B24E3 
 2310      998D28CB 
 2311 0087 53636FF9 		.ascii	"Sco\371\314#\204\256S\3172)\265\264\375\361\230\024"
 2311      CC2384AE 
ARM GAS  C:\Users\nicx5\AppData\Local\Temp\ccNPfpFO.s 			page 69


 2311      53CF3229 
 2311      B5B4FDF1 
 2311      9814
 2312 0099 B7BBC2E0 		.ascii	"\267\273\302\340\277\034&\204\203}\033\330\022g}\221"
 2312      BF1C2684 
 2312      837D1BD8 
 2312      12677D91 
 2313 00a9 D0B76B80 		.ascii	"\320\267k\200\314\214\226V\220\351\354\354\374ql5\225"
 2313      CC8C9656 
 2313      90E9ECEC 
 2313      FC716C35 
 2313      95
 2314 00ba C507ADBE 		.ascii	"\305\007\255\276\354O\317O\1773\240\331\244x4\273*?"
 2314      EC4FCF4F 
 2314      7F33A0D9 
 2314      A47834BB 
 2314      2A3F
 2315 00cc B59D6D37 		.ascii	"\265\235m7-\266/`\225M+ \331\345zPNjj\273\333)\354\252"
 2315      2DB62F60 
 2315      954D2B20 
 2315      D9E57A50 
 2315      4E6A6ABB 
 2316 00e4 4F957F97 		.ascii	"O\225\177\227\213Z\256\325'\300\303\356z\266\\%\267"
 2316      8B5AAED5 
 2316      27C0C3EE 
 2316      7AB65C25 
 2316      B7
 2317 00f5 DEF6816D 		.ascii	"\336\366\201m\222\355\234\017\000<\203\3179\3077\367"
 2317      92ED9C0F 
 2317      003C83CF 
 2317      39C737F7 
 2318 0105 32345C7B 		.ascii	"24\\{\215`\275Rid\010~\012\2638)b\264fG\014\341_\306"
 2318      8D60BD52 
 2318      6964087E 
 2318      0AB33829 
 2318      62B46647 
 2319 011d 05976ED1 		.ascii	"\005\227n\321\316'"
 2319      CE27
 2320              		.text
 2321              		.section	.gnu.lto_HAL_PWR_DisableSleepOnExit.347.1f2f1714,"e",%progbits
 2322 0000 28B52FFD 		.ascii	"(\265/\375`Z\000U\011\000\024\020\337\000\000\000L\000"
 2322      605A0055 
 2322      09001410 
 2322      DF000000 
 2322      4C00
 2323 0012 00002300 		.ascii	"\000\000#\000\000\000\001\003\000\001\222\221\212\002"
 2323      00000103 
 2323      00019291 
 2323      8A02
 2324 0020 00808080 		.ascii	"\000\200\200\200@\007\002\001\201\221\212\021\001\271"
 2324      40070201 
 2324      81918A11 
 2324      01B9
 2325 002e 0101007F 		.ascii	"\001\001\000\177\002\001\177\001\254\003/\200\200\200"
 2325      02017F01 
 2325      AC032F80 
 2325      8080
ARM GAS  C:\Users\nicx5\AppData\Local\Temp\ccNPfpFO.s 			page 70


 2326 003c F8CB97D4 		.ascii	"\370\313\227\324\357\010\200\200\205\030\354\000\000"
 2326      EF088080 
 2326      8518EC00 
 2326      00
 2327 0049 7F000B01 		.ascii	"\177\000\013\001\000\000\000\257\322\005\340\200\370"
 2327      000000AF 
 2327      D205E080 
 2327      F8
 2328 0056 FF9F8080 		.ascii	"\377\237\200\200\346:\233\214\367\033\005\001\000\002"
 2328      E63A9B8C 
 2328      F71B0501 
 2328      0002
 2329 0064 01020002 		.ascii	"\001\002\000\002\001\000\000\251\003\200\004\001\000"
 2329      010000A9 
 2329      03800401 
 2329      00
 2330 0071 AA030281 		.ascii	"\252\003\002\201\300\000\377\002\200\342\265\3371\000"
 2330      C000FF02 
 2330      80E2B5DF 
 2330      3100
 2331 007f 8303C2BE 		.ascii	"\203\003\302\276\011\003\001\005\001\006{\001\000\200"
 2331      09030105 
 2331      01067B01 
 2331      0080
 2332 008d DA83800E 		.ascii	"\332\203\200\016\005\001\254\010y\274\001\273\001\000"
 2332      0501AC08 
 2332      79BC01BB 
 2332      0100
 2333 009b 36A18080 		.ascii	"6\241\200\200\010w\275\001u\000\000\000\203\003\203"
 2333      0877BD01 
 2333      75000000 
 2333      830383
 2334 00aa 98870103 		.ascii	"\230\207\001\003\002\003\001\006(\001\375\377\377\377"
 2334      02030106 
 2334      2801FDFF 
 2334      FFFF
 2335 00b8 0FF28A01 		.ascii	"\017\362\212\001\300\003\002\000\207\003\202\340\271"
 2335      C0030200 
 2335      870382E0 
 2335      B9
 2336 00c5 DF11A903 		.ascii	"\337\021\251\003\200\004\001\200\300\000\000\000\024"
 2336      80040180 
 2336      C0000000 
 2336      14
 2337 00d2 453A5C57 		.ascii	"E:\\Works\\STM32\\HBox\0005Drivers/H7xx_HAL_/Src/st"
 2337      6F726B73 
 2337      5C53544D 
 2337      33325C48 
 2337      426F7800 
 2338 00ff 6D333268 		.ascii	"m32hhal_pwr.c\000\017\000<\203\3179\3077\367:4\234{"
 2338      68616C5F 
 2338      7077722E 
 2338      63000F00 
 2338      3C83CF39 
 2339 011a 8D60BD56 		.ascii	"\215`\275Vi\364\010~\012\2638)b\264fG\014\341_\306\005"
 2339      69F4087E 
 2339      0AB33829 
ARM GAS  C:\Users\nicx5\AppData\Local\Temp\ccNPfpFO.s 			page 71


 2339      62B46647 
 2339      0CE15FC6 
 2340 012f 976ED1CE 		.ascii	"\227n\321\316'"
 2340      27
 2341              		.text
 2342              		.section	.gnu.lto_HAL_PWR_EnableSEVOnPend.348.1f2f1714,"e",%progbits
 2343 0000 28B52FFD 		.ascii	"(\265/\375`V\000\325\010\000\322\017<: \223\322\001"
 2343      605600D5 
 2343      0800D20F 
 2343      3C3A2093 
 2343      D201
 2344 0012 B1D0E1A0 		.ascii	"\261\320\341\240\320e\030e(*\220\010\202$\005\011\373"
 2344      D0651865 
 2344      282A9008 
 2344      82240509 
 2344      FB
 2345 0023 00AABCAB 		.ascii	"\000\252\274\253dfc\300\373\203\324\206\030\313\020"
 2345      646663C0 
 2345      FB83D486 
 2345      18CB10
 2346 0032 1267FD32 		.ascii	"\022g\3752r;\035p\367r\202\214H\310\340\303<F\232\334"
 2346      723B1D70 
 2346      F772828C 
 2346      48C8E0C3 
 2346      3C469ADC 
 2347 0046 2905462D 		.ascii	")\005F-\210\253\217\260##\225\"\225<@F\017%\236\274"
 2347      88AB8FB0 
 2347      23239522 
 2347      953C4046 
 2347      0F259EBC 
 2348 005a D024F185 		.ascii	"\320$\361\205$\371\360y\243\250!\262!R4\230TM| \251"
 2348      24F9F079 
 2348      A3A821B2 
 2348      21523498 
 2348      544D7C20 
 2349 006f 64717102 		.ascii	"dqq\002G\016Q\205\001BT\024\330\236\355C\253\261Q\355"
 2349      470E5185 
 2349      01425414 
 2349      D89EED43 
 2349      ABB151ED 
 2350 0083 8556A22E 		.ascii	"\205V\242.O\235\375\005Dp\005\321u\352])\245\226\266"
 2350      4F9DFD05 
 2350      447005D1 
 2350      75EA5D29 
 2350      A596B6
 2351 0096 434EB3EA 		.ascii	"CN\263\352v[\034|\231\317\214t\262s\003[\356\254O\""
 2351      765B1C7C 
 2351      99CF8C74 
 2351      B273035B 
 2351      EEAC4F22 
 2352 00aa 3A770DA8 		.ascii	":w\015\250\261\321\322\014\265X\317\316\233g\255\251"
 2352      B1D1D20C 
 2352      B558CFCE 
 2352      9B67ADA9 
 2353 00ba 2E7E6835 		.ascii	".~h5f\177z~\372\334\301M\316\012\302\311.\313\315\266"
 2353      667F7A7E 
 2353      FADCC14D 
ARM GAS  C:\Users\nicx5\AppData\Local\Temp\ccNPfpFO.s 			page 72


 2353      CE0AC2C9 
 2353      2ECBCDB6 
 2354 00ce 344E07C6 		.ascii	"4N\007\306\366\005\314\262}\014Lv\273\237 \025\034\333"
 2354      F605CCB2 
 2354      7D0C4C76 
 2354      BB9F2015 
 2354      1CDB
 2355 00e0 EE7A2A3B 		.ascii	"\356z*;\353\223\345?\346\243\027\254\365\011\020\261"
 2355      EB93E53F 
 2355      E6A317AC 
 2355      F50910B1 
 2356 00f0 BB9E2F18 		.ascii	"\273\236/\030\312\255\267\235`\333d\233'\017\000<\203"
 2356      CAADB79D 
 2356      60DB649B 
 2356      270F003C 
 2356      83
 2357 0101 CF39C737 		.ascii	"\3179\3077\36724\\{\215`\275Rid\010~\012\2638)b\264"
 2357      F732345C 
 2357      7B8D60BD 
 2357      52696408 
 2357      7E0AB338 
 2358 0118 66470CE1 		.ascii	"fG\014\341_\306\005\227n\321\316'"
 2358      5FC60597 
 2358      6ED1CE27 
 2359              		.text
 2360              		.section	.gnu.lto_HAL_PWR_DisableSEVOnPend.349.1f2f1714,"e",%progbits
 2361 0000 28B52FFD 		.ascii	"(\265/\375`Z\0005\011\000V\220?: \223\322\001\201cx"
 2361      605A0035 
 2361      09005690 
 2361      3F3A2093 
 2361      D2018163 
 2362 0015 8858A422 		.ascii	"\210X\244\"8\214t\032A\000!\017\265\004e\014\020\252"
 2362      388C741A 
 2362      4100210F 
 2362      B504650C 
 2362      10AA
 2363 0027 C6633686 		.ascii	"\306c6\206\3475\272\026T\227!$\316\372e\344v:\340\356"
 2363      E735BA16 
 2363      54972124 
 2363      CEFA65E4 
 2363      763AE0EE 
 2364 003b E5688189 		.ascii	"\345h\201\211\340R8DF\232\334)\005+\000.\000.\000\276"
 2364      E0523844 
 2364      469ADC29 
 2364      052B002E 
 2364      002E00BE 
 2365 004f 805DB68F 		.ascii	"\200]\266\217\201\311\256\207\203I\271\311\355\356\247"
 2365      81C9AE87 
 2365      8349B9C9 
 2365      EDEEA7
 2366 005e B4BB3E5D 		.ascii	"\264\273>]\376c>\212\311^\237\000\021\273\353\031\223"
 2366      FE633E8A 
 2366      C95E9F00 
 2366      11BBEB19 
 2366      93
 2367 006f A1DC7ADB 		.ascii	"\241\334z\333\010\266M\266y\002K\356\254O\"zw\015\250"
 2367      08B64DB6 
ARM GAS  C:\Users\nicx5\AppData\Local\Temp\ccNPfpFO.s 			page 73


 2367      79024BEE 
 2367      AC4F227A 
 2367      770DA8
 2368 0082 B151D20C 		.ascii	"\261Q\322\0147\240\236\235\245k\257\251.~huf\177z~\372"
 2368      37A09E9D 
 2368      A56BAFA9 
 2368      2E7E6875 
 2368      667F7A7E 
 2369 0097 DD410ECE 		.ascii	"\335A\016\316J\302\311.K\231[[\247\363b\007\265}hu6"
 2369      4AC2C92E 
 2369      4B995B5B 
 2369      A7F36207 
 2369      B57D6875 
 2370 00ac BA05D94A 		.ascii	"\272\005\331J\024\346\251\265\307p\004eY\376\\At\235"
 2370      14E6A9B5 
 2370      C7700465 
 2370      59FE5C41 
 2370      749D
 2371 00be 7A980AA9 		.ascii	"z\230\012\251\244\355\220\323\260\274\335\026\007_\346"
 2371      A4ED90D3 
 2371      B0BCDD16 
 2371      075FE6
 2372 00cd 3323DEEE 		.ascii	"3#\336\356\236\366n F-\214\254\017\261##\225\"\225<"
 2372      9EF66E20 
 2372      462D8CAC 
 2372      0FB12323 
 2372      9522953C 
 2373 00e1 40561F6A 		.ascii	"@V\037j<}\242I\002\024[\255\007\360[\215\032\"\033#"
 2373      3C7DA249 
 2373      02145BAD 
 2373      07F05B8D 
 2373      1A221B23 
 2374 00f5 45835BAA 		.ascii	"E\203[\252\0110$\225,.N\341\212cTa\204\020\025\005\266"
 2374      09302495 
 2374      2C2E4EE1 
 2374      8A635461 
 2374      84101505 
 2375 010a 030E003C 		.ascii	"\003\016\000<\203\3179\3077\367:4\234{\215`\275Vi\304"
 2375      83CF39C7 
 2375      37F73A34 
 2375      9C7B8D60 
 2375      BD5669C4 
 2376 011e 11182445 		.ascii	"\021\030$E\214\326\354\210!\374\313\270\340\322-\332"
 2376      8CD6EC88 
 2376      21FCCBB8 
 2376      E0D22DDA 
 2377 012e F904     		.ascii	"\371\004"
 2378              		.text
 2379              		.section	.gnu.lto_HAL_PWR_PVD_IRQHandler.350.1f2f1714,"e",%progbits
 2380 0000 28B52FFD 		.ascii	"(\265/\375`\223\000\025\013\000\006TMD\000\351*\035"
 2380      60930015 
 2380      0B000654 
 2380      4D4400E9 
 2380      2A1D
 2381 0012 1B18C343 		.ascii	"\033\030\303C\010LT\372\011\3006\363\360\301\011?9\276"
 2381      084C54FA 
 2381      09C036F3 
ARM GAS  C:\Users\nicx5\AppData\Local\Temp\ccNPfpFO.s 			page 74


 2381      F0C1093F 
 2381      39BE
 2382 0024 66D83E05 		.ascii	"f\330>\005\272\"!\272H\321\0065B\213\035\264\207\366"
 2382      BA2221BA 
 2382      48D10635 
 2382      428B1DB4 
 2382      87F6
 2383 0036 1FA5F435 		.ascii	"\037\245\3645\273\353,\225\227\001\331\317\210\366x"
 2383      BBEB2C95 
 2383      9701D9CF 
 2383      88F678
 2384 0045 577F3F2C 		.ascii	"W\177?,v\316\000\202\010\331r\313\0247\0008\0008\000"
 2384      76CE0082 
 2384      08D972CB 
 2384      14370038 
 2384      003800
 2385 0058 005E10E8 		.ascii	"\000^\020\350\272;\344\331\222[\231\222\337\245m\307"
 2385      BA3BE4D9 
 2385      925B9992 
 2385      DFA56DC7 
 2386 0068 3C5B5B41 		.ascii	"<[[A\227\345\012\201c\220[8]\265\201\305\306\\\332\322"
 2386      97E50A81 
 2386      63905B38 
 2386      5DB581C5 
 2386      C65CDAD2 
 2387 007c 95B3A494 		.ascii	"\225\263\244\224c\321\335\247\346\331\262\367\366\277"
 2387      63D1DDA7 
 2387      E6D9B2F7 
 2387      F6BF
 2388 008a E83FE97F 		.ascii	"\350?\351\177.\353Q\346\304\012\030\340\362\0227\232"
 2388      2EEB51E6 
 2388      C40A18E0 
 2388      F212379A 
 2389 009a 83A6BBD7 		.ascii	"\203\246\273\327Z\224e\337\332\034\373\227\236\227\236"
 2389      5A9465DF 
 2389      DA1CFB97 
 2389      9E979E
 2390 00a9 7E0F0A12 		.ascii	"~\017\012\022\304\204h\272ev\272\266y\015n\376\357\277"
 2390      C48468BA 
 2390      6576BAB6 
 2390      790D6EFE 
 2390      EFBF
 2391 00bb 01C85FE1 		.ascii	"\001\310_\341\344\177sxu\203\020\002\364'\031\351\232"
 2391      E47F7378 
 2391      75831002 
 2391      F42719E9 
 2391      9A
 2392 00cc 677E6D4D 		.ascii	"g~mM\004\334\002f\331\327\3631\177\016<p\321\011\257"
 2392      04DC0266 
 2392      D9D7F331 
 2392      7F0E3C70 
 2392      D109AF
 2393 00df DDEBF928 		.ascii	"\335\353\371(3/\014\246\344\362\277\311\022X\201\335"
 2393      332F0CA6 
 2393      E4F2BFC9 
 2393      125881DD 
 2394 00ef 33A1AF80 		.ascii	"3\241\257\200\035\200\002\316\326\363j\335\375M\371"
ARM GAS  C:\Users\nicx5\AppData\Local\Temp\ccNPfpFO.s 			page 75


 2394      1D8002CE 
 2394      D6F36ADD 
 2394      FD4DF9
 2395 00fe 02474588 		.ascii	"\002GE\210\253\221SHG*\365\001\211\224\214!J,\205'\322"
 2395      AB915348 
 2395      472AF501 
 2395      89948C21 
 2395      4A2C8527 
 2396 0113 C5E8C462 		.ascii	"\305\350\304bQ\214\302Q\3648\371\0203&\316Ra\214L\037"
 2396      518CC251 
 2396      F438F910 
 2396      3326CE52 
 2396      618C4C1F 
 2397 0127 90C646C9 		.ascii	"\220\306F\3114\202\210*\016S\205\210\341\177\255\267"
 2397      3482882A 
 2397      0E538588 
 2397      E17FADB7 
 2398 0137 36C7DEB9 		.ascii	"6\307\336\271I\260\2510\254\202\001\020\000<\203\317"
 2398      49B0A930 
 2398      AC820110 
 2398      003C83CF 
 2399 0147 39C737F7 		.ascii	"9\3077\367dl\303\252\265\203\251\353\347\376\212v\276"
 2399      646CC3AA 
 2399      B583A9EB 
 2399      E7FE8A76 
 2399      BE
 2400 0158 795D5856 		.ascii	"y]XV,E\340\326\354\224!\024q\231c6I\003S{"
 2400      2C45E0D6 
 2400      EC942114 
 2400      71996336 
 2400      4903537B 
 2401              		.text
 2402              		.section	.gnu.lto_HAL_PWR_PVDCallback.351.1f2f1714,"e",%progbits
 2403 0000 28B52FFD 		.ascii	"(\265/\375 \350\235\006\000\204\013m\000\000\000L\000"
 2403      20E89D06 
 2403      00840B6D 
 2403      0000004C 
 2403      00
 2404 0011 00002300 		.ascii	"\000\000#\000\000\000\001\003\000\001\222\221\212\002"
 2404      00000103 
 2404      00019291 
 2404      8A02
 2405 001f 00808080 		.ascii	"\000\200\200\200@\007\002\001\201\221\212\021\001\271"
 2405      40070201 
 2405      81918A11 
 2405      01B9
 2406 002d 0101007F 		.ascii	"\001\001\000\177\002\001\177\001\254\003/\200\200\200"
 2406      02017F01 
 2406      AC032F80 
 2406      8080
 2407 003b F8CB97DA 		.ascii	"\370\313\227\332\366@\201\200\320\200\003\354\000\000"
 2407      F6408180 
 2407      D08003EC 
 2407      0000
 2408 0049 7F000B01 		.ascii	"\177\000\013\001\000\000\000\257\322\005\340\200\370"
 2408      000000AF 
 2408      D205E080 
ARM GAS  C:\Users\nicx5\AppData\Local\Temp\ccNPfpFO.s 			page 76


 2408      F8
 2409 0056 FF9F8080 		.ascii	"\377\237\200\200\316+\235\302\321\333\003\002\000\000"
 2409      CE2B9DC2 
 2409      D1DB0302 
 2409      0000
 2410 0064 A9030080 		.ascii	"\251\003\000\200\200\200\200\004\001\000\252\003\002"
 2410      80808004 
 2410      0100AA03 
 2410      02
 2411 0071 81C000FF 		.ascii	"\201\300\000\377\002\200\"\000\207\003\202 \251\003"
 2411      02802200 
 2411      87038220 
 2411      A903
 2412 007f 80040180 		.ascii	"\200\004\001\200\300\000\000\000\024E:\\Works\\STM3"
 2412      C0000000 
 2412      14453A5C 
 2412      576F726B 
 2412      735C5354 
 2413 0095 325C4842 		.ascii	"2\\HBox\0005Drivers/H7xx_HAL_/Src/stm32hhal_pwr.c\000"
 2413      6F780035 
 2413      44726976 
 2413      6572732F 
 2413      48377878 
 2414 00c3 09003C83 		.ascii	"\011\000<\203\3179\3077\367d4l\340\226\332\202\377e"
 2414      CF39C737 
 2414      F764346C 
 2414      E096DA82 
 2414      FF65
 2415 00d5 DC70E916 		.ascii	"\334p\351\026\355|\002"
 2415      ED7C02
 2416              		.text
 2417              		.section	.gnu.lto_HAL_PWR_PVD_IRQHandler.part.0.354.1f2f1714,"e",%progbits
 2418 0000 28B52FFD 		.ascii	"(\265/\375`\253\000\275\012\000\346\223H> \345*\035"
 2418      60AB00BD 
 2418      0A00E693 
 2418      483E20E5 
 2418      2A1D
 2419 0012 41317D14 		.ascii	"A1}\024\020J\235\000B\213\004\200\242\037H\006\317\252"
 2419      104A9D00 
 2419      428B0480 
 2419      A21F4806 
 2419      CFAA
 2420 0024 499FDF66 		.ascii	"I\237\337f\216\367\301\250\330\\\254\301\240\215\007"
 2420      8EF7C1A8 
 2420      D85CACC1 
 2420      A08D07
 2421 0033 313ED8B6 		.ascii	"1>\330\266\324\\RK\030\025\277\317\362\004D\243\021"
 2421      D45C524B 
 2421      1815BFCF 
 2421      F20444A3 
 2421      11
 2422 0044 550056DF 		.ascii	"U\000V\337\010\221;\2454\0004\0004\000.uk\026\305\243"
 2422      08913BA5 
 2422      34003400 
 2422      34002E75 
 2422      6B16C5A3 
 2423 0058 5D22B876 		.ascii	"]\"\270v9\006^Tht\273\013\376S\333\307\353\364F\377"
ARM GAS  C:\Users\nicx5\AppData\Local\Temp\ccNPfpFO.s 			page 77


 2423      39065E54 
 2423      6874BB0B 
 2423      FE53DBC7 
 2423      EBF446FF 
 2424 006c B77F6031 		.ascii	"\267\177`1\223kA,\345\323\340\036A\304\356\232#\273"
 2424      936B412C 
 2424      E5D3E01E 
 2424      41C4EE9A 
 2424      23BB
 2425 007e BFDB16D9 		.ascii	"\277\333\026\331&\331W\010\332\301\345\224\364E9@\300"
 2425      26D95708 
 2425      DAC1E594 
 2425      F4453940 
 2425      C0
 2426 008f CEDDD49A 		.ascii	"\316\335\324\232zJ\363\275\335]+\315\236\323sN\177\223"
 2426      7A4AF3BD 
 2426      DD5D2BCD 
 2426      9ED3734E 
 2426      7F93
 2427 00a1 F0D9CAEE 		.ascii	"\360\331\312\356l\247[\226\017\200\213\375[\313\366"
 2427      6CA75B96 
 2427      0F808BFD 
 2427      5BCBF6
 2428 00b0 F8B7D1F6 		.ascii	"\370\267\321\366\374;\214\355\226\0035\333\235i\253"
 2428      FC3B8CED 
 2428      960335DB 
 2428      9D69AB
 2429 00bf 42E6615E 		.ascii	"B\346a^ \325\345\227\004<5wX\001o\367\014\233\353\324"
 2429      20D5E597 
 2429      043C3577 
 2429      58016FF7 
 2429      0C9BEBD4 
 2430 00d3 BF64A492 		.ascii	"\277d\244\222\266\305\313\214pv[\034\374\230\343V\276"
 2430      B6C5CB8C 
 2430      70765B1C 
 2430      FC98E356 
 2430      BE
 2431 00e4 EDDF37B3 		.ascii	"\355\3377\263\273~\311\346\337\003F5\204+\220\223\207"
 2431      BB7EC9E6 
 2431      DF034635 
 2431      842B9093 
 2431      87
 2432 00f5 462A050A 		.ascii	"F*\005\012}\210\210 *,\201'\222\304\350\304b=\214@1"
 2432      7D888820 
 2432      2A2C8127 
 2432      92C4E8C4 
 2432      623D8C40 
 2433 010a DC20E108 		.ascii	"\334 \341\010)Df\251&F&P\310\002\243d\022;BU\206\011"
 2433      294466A9 
 2433      26462650 
 2433      C802A364 
 2433      123B4255 
 2434 0120 A2E2C09E 		.ascii	"\242\342\300\236\367Vi\376\224\007\002\234\350K5\024"
 2434      F75669FE 
 2434      9407029C 
 2434      E84B3514 
 2435 0130 003C83CF 		.ascii	"\000<\203\3179\2077\367\002\3170n9\026\313\221\006s"
ARM GAS  C:\Users\nicx5\AppData\Local\Temp\ccNPfpFO.s 			page 78


 2435      398737F7 
 2435      02CF306E 
 2435      3916CB91 
 2435      0673
 2436 0142 C0125167 		.ascii	"\300\022QgP\010\254L\021\027\344\354\226ys\306\002B"
 2436      5008AC4C 
 2436      1117E4EC 
 2436      967973C6 
 2436      0242
 2437 0154 770600EE 		.ascii	"w\006\000\356^\314vZD\277\253\214\001"
 2437      5ECC765A 
 2437      44BFAB8C 
 2437      01
 2438              		.text
 2439              		.section	.gnu.lto_.symbol_nodes.1f2f1714,"e",%progbits
 2440 0000 28B52FFD 		.ascii	"(\265/\375`\340\000\015\005\000RG\034(pM\322\001\374"
 2440      60E0000D 
 2440      05005247 
 2440      1C28704D 
 2440      D201FC
 2441 0013 F5513082 		.ascii	"\365Q0\202 \010\202\322\001\024CC\251+D\217@\376\377"
 2441      200882D2 
 2441      01144343 
 2441      A92B448F 
 2441      40FEFF
 2442 0026 FFFFFF7F 		.ascii	"\377\377\377\177\263$I\222$1\026\224\216ni\357\230\223"
 2442      B3244992 
 2442      24311694 
 2442      8E6E69EF 
 2442      9893
 2443 0038 4CCA4A95 		.ascii	"L\312J\225\265\313\312K\263 \375\024q\357I*\217\236"
 2443      B5CBCA4B 
 2443      B320FD14 
 2443      71EF492A 
 2443      8F9E
 2444 004a 727454A3 		.ascii	"rtT\243\233\030\275\264\350$E\037%\272\010\321C\207"
 2444      9B18BDB4 
 2444      E824451F 
 2444      25BA08D1 
 2444      4387
 2445 005c 0E32F44F 		.ascii	"\0162\364O\241{\010\275suN\353\233A\327\010z\366\303"
 2445      A17B08BD 
 2445      73754EEB 
 2445      9B41D708 
 2445      7AF6C3
 2446 006f 2C8845C4 		.ascii	",\210E\304`\011p\316\271@\317\214\210Y\012\024\000\223"
 2446      600970CE 
 2446      B940CF8C 
 2446      88590A14 
 2446      0093
 2447 0081 2BC340A4 		.ascii	"+\303@\244r\261\005\034\004|\004|\004|\004|\004|\004"
 2447      72B1051C 
 2447      047C047C 
 2447      047C047C 
 2447      047C04
 2448 0094 7C047C04 		.ascii	"|\004|\004|\004|\004|\004|\004|\004|\004|\004<\231\255"
 2448      7C047C04 
ARM GAS  C:\Users\nicx5\AppData\Local\Temp\ccNPfpFO.s 			page 79


 2448      7C047C04 
 2448      7C047C04 
 2448      7C043C99 
 2449 00a9 3906     		.ascii	"9\006"
 2450              		.text
 2451              		.section	.gnu.lto_.refs.1f2f1714,"e",%progbits
 2452 0000 28B52FFD 		.ascii	"(\265/\375 \005)\000\000\001\000\000\000\000"
 2452      20052900 
 2452      00010000 
 2452      0000
 2453              		.text
 2454              		.section	.gnu.lto_.decls.1f2f1714,"e",%progbits
 2455 0000 28B52FFD 		.ascii	"(\265/\375`;#5\213\000J\334\2640N0\220\322\351\236`"
 2455      603B2335 
 2455      8B004ADC 
 2455      B4304E30 
 2455      90D2E99E 
 2456 0015 DDCAF9CE 		.ascii	"\335\312\371\316\240\236A\340\237jH\016\360\314\223"
 2456      A09E41E0 
 2456      9F6A480E 
 2456      F0CC93
 2457 0024 3D3180C6 		.ascii	"=1\200\306\235\020\3063\241\257\232\377\277\0305I\346"
 2457      9D10C633 
 2457      A1AF9AFF 
 2457      BF183549 
 2457      E6
 2458 0035 9977BBA8 		.ascii	"\231w\273\250}\353\030\267*WC\374\317\232\263\243\266"
 2458      7DEB18B7 
 2458      2A5743FC 
 2458      CF9AB3A3 
 2458      B6
 2459 0046 28786058 		.ascii	"(x`X\245(\326\210\034\030Q\232\252\374\0009\037J\333"
 2459      A528D688 
 2459      1C18519A 
 2459      AAFC0039 
 2459      1F4ADB
 2460 0059 4DCA9452 		.ascii	"M\312\224R\252\002\353\002\011\003VD\3224<\305\212\372"
 2460      AA02EB02 
 2460      09035644 
 2460      D2343CC5 
 2460      8AFA
 2461 006b DF077138 		.ascii	"\337\007q8\031\307\334\215\251\030W\221\021\30136UF"
 2461      19C7DC8D 
 2461      A9185791 
 2461      11C13336 
 2461      5546
 2462 007d 8A6EDF21 		.ascii	"\212n\337!x\307\223\\/\334\367\211\373f\341\276U\270"
 2462      78C7935C 
 2462      2FDCF789 
 2462      FB66E1BE 
 2462      55B8
 2463 008f EF12B705 		.ascii	"\357\022\267\005\304m\373p\333<\334\026\015nK\207\333"
 2463      C46DFB70 
 2463      DB3CDC16 
 2463      0D6E4B87 
 2463      DB
 2464 00a0 C2E1B66D 		.ascii	"\302\341\266m\330\304[5\036#d\011\225\277B\302~\036"
ARM GAS  C:\Users\nicx5\AppData\Local\Temp\ccNPfpFO.s 			page 80


 2464      D8C45B35 
 2464      1E236409 
 2464      95BF42C2 
 2464      7E1E
 2465 00b2 C12F2654 		.ascii	"\301/&TT\177\333\246\341\024f\270m\031n)\014\270\355"
 2465      547FDBA6 
 2465      E11466B8 
 2465      6D196E29 
 2465      0CB8ED
 2466 00c5 12DC6943 		.ascii	"\022\334iCp[(n\266Wz\034O\273R\001x\302\000\231\315"
 2466      705B286E 
 2466      B6577A1C 
 2466      4FBB5201 
 2466      78C20099 
 2467 00da BF9F85FD 		.ascii	"\277\237\205\375\311\237\017S9{\350\240\004\213\030"
 2467      C99F0F53 
 2467      397BE8A0 
 2467      048B18
 2468 00e9 237F75B4 		.ascii	"#\177u\264\360\277Y\341\266T\330\263\225\302\375\200"
 2468      F0BF59E1 
 2468      B654D8B3 
 2468      95C2FD80 
 2469 00f9 D89953DC 		.ascii	"\330\231S\334\257\207\275\311\006\367\227\301\356|1"
 2469      AF87BDC9 
 2469      06F797C1 
 2469      EE7C31
 2470 0108 B81F0EBB 		.ascii	"\270\037\016\273\227\377\250^DM\232\015h\224wn\177\375"
 2470      97FFA85E 
 2470      444D9A0D 
 2470      6894776E 
 2470      7FFD
 2471 011a CE42EBD4 		.ascii	"\316B\353\324\240\177\373\257`;?\343f\216\306\315\264"
 2471      A07FFBAF 
 2471      603B3FE3 
 2471      668EC6CD 
 2471      B4
 2472 012b 93D5791A 		.ascii	"\223\325y\032v~\310\371M\234\020\215\227\361\264[\265"
 2472      767EC8F9 
 2472      4D9C108D 
 2472      97F1B45B 
 2472      B5
 2473 013c 94662809 		.ascii	"\224f(\011mB\304\200F\214\320\231\016\201a\251\336\376"
 2473      6D42C480 
 2473      468CD099 
 2473      0E8161A9 
 2473      DEFE
 2474 014e 266EA983 		.ascii	"&n\251\203P\373Y\300\335N\206.G\307\024\273\276\277"
 2474      50FB59C0 
 2474      DD4E862E 
 2474      47C714BB 
 2474      BEBF
 2475 0160 3E078467 		.ascii	">\007\204g\270\272\"\366\267\035\016n'c\003\264\202"
 2475      B8BA22F6 
 2475      B71D0E6E 
 2475      276303B4 
 2475      82
 2476 0171 E654C382 		.ascii	"\346T\303\202U\346\006\215\"\303\222\347\032\015M\241"
ARM GAS  C:\Users\nicx5\AppData\Local\Temp\ccNPfpFO.s 			page 81


 2476      55E6068D 
 2476      22C392E7 
 2476      1A0D4DA1 
 2477 0181 16247F6A 		.ascii	"\026$\177jW<M+\232\263\264\235\254\333\243H\341\012"
 2477      573C4D2B 
 2477      9AB3B49D 
 2477      ACDBA348 
 2477      E10A
 2478 0193 E36F1EE7 		.ascii	"\343o\036\347b\274\213\177q9\007\343\\|\214\303\271"
 2478      62BC8B7F 
 2478      713907E3 
 2478      5C7C8CC3 
 2478      B9
 2479 01a4 997BE9F6 		.ascii	"\231{\351\3666\337\322:9\347e\316\331\312\014~F$M\363"
 2479      36DFD23A 
 2479      39E765CE 
 2479      D9CA0C7E 
 2479      46244DF3 
 2480 01b8 364BB6A2 		.ascii	"6K\266\2429\317\365P\267\257\271\027\317\342g/\245\364"
 2480      39CFF550 
 2480      B7AFB917 
 2480      CFE2672F 
 2480      A5F4
 2481 01ca CA56B9ED 		.ascii	"\312V\271\355\310\012hT[S\277\234\347F\000\215\030\341"
 2481      C80A6854 
 2481      5B53BF9C 
 2481      E746008D 
 2481      18E1
 2482 01dc 5DF8B098 		.ascii	"]\370\260\230\001\272\355B\360\217q\020j\004_\270\235"
 2482      01BAED42 
 2482      F08F7110 
 2482      6A045FB8 
 2482      9D
 2483 01ed 0BB73B71 		.ascii	"\013\267;q\273\026\306\316\003\267/q\317\012R\017<\200"
 2483      BB16C6CE 
 2483      03B72F71 
 2483      CF0A520F 
 2483      3C80
 2484 01ff 58DCD4FC 		.ascii	"X\334\324\374\355\0220\020\024\366).u\263 \257\322\037"
 2484      ED123010 
 2484      14F6292E 
 2484      75B320AF 
 2484      D21F
 2485 0211 A6F2180F 		.ascii	"\246\362\030\017\230\256J\336\224\277\215\304<\031t"
 2485      98AE4ADE 
 2485      94BF8DC4 
 2485      3C1974
 2486 0220 536904CC 		.ascii	"Si\004\314\362\211\326\301\355A\252\007\017R\373\261"
 2486      F289D6C1 
 2486      ED41AA07 
 2486      0F52FBB1 
 2487 0230 08FF5183 		.ascii	"\010\377Q\203b\350v(N\026\244\263\224f\277\234\245>"
 2487      62E87628 
 2487      4E16A4B3 
 2487      9466BF9C 
 2487      A53E
 2488 0242 5E4398A4 		.ascii	"^C\230\244\362\257\010\007\241^\377Q{v\272\357\0037"
ARM GAS  C:\Users\nicx5\AppData\Local\Temp\ccNPfpFO.s 			page 82


 2488      F2AF0807 
 2488      A15EFF51 
 2488      7B76BAEF 
 2488      0337
 2489 0254 816E37C3 		.ascii	"\201n7\303@\267_\320:\335\327\201\015\003\354\200\300"
 2489      40B75FD0 
 2489      3ADDD781 
 2489      0D03EC80 
 2489      C0
 2490 0265 3E97436F 		.ascii	">\227Co\350\276:\335\277@\230/\240\373\201<t\337`\267"
 2490      E8BE3ADD 
 2490      BF40982F 
 2490      A0FB813C 
 2490      74DF60B7 
 2491 0279 6769DC7D 		.ascii	"gi\334}\035\316\264\273\343\320:\247\333\356\271I\263"
 2491      1DCEB4BB 
 2491      E3D03AA7 
 2491      DBEEB949 
 2491      B3
 2492 028a 77A6BBCF 		.ascii	"w\246\273\317t{\003\335nA\267C\320\355\010\324\265O"
 2492      747B03DD 
 2492      6E41B743 
 2492      D0ED08D4 
 2492      B54F
 2493 029c B72573C7 		.ascii	"\267%s\307\245\273\277\264\332m\265t\333\265\356\377"
 2493      A5BBBFB4 
 2493      DA6DB574 
 2493      DBB5EEFF 
 2494 02ac E97E00BA 		.ascii	"\351~\000\272\277\247\3737t\377N\367\343\356W\273\377"
 2494      BFA7FB37 
 2494      74FF4EF7 
 2494      E3EE57BB 
 2494      FF
 2495 02bd 76FF777F 		.ascii	"v\377w\177w;\234n\177\323\355n\272}\257\333\333t\373"
 2495      773B9C6E 
 2495      7FD3ED6E 
 2495      BA7DAFDB 
 2495      DB74FB
 2496 02d0 5DB7DB75 		.ascii	"]\267\333u{]\267\313u;Qw\337uw\225\356\236\353v \335"
 2496      7B5DB7CB 
 2496      753B5177 
 2496      DF757795 
 2496      EE9EEB76 
 2497 02e6 8DD6DD0E 		.ascii	"\215\326\335\016t\273\230n/\352\3564\335M\327\335d\335"
 2497      74BB986E 
 2497      2FEAEE34 
 2497      DD4DD7DD 
 2497      64DD
 2498 02f8 8D40777B 		.ascii	"\215@w{\351\356\237\300\300\300\300n;AwP\255\273\000"
 2498      E9EE9FC0 
 2498      C0C0C06E 
 2498      3B417750 
 2498      ADBB00
 2499 030b 09024D38 		.ascii	"\011\002M8\265\277\"\227\346\333tm\331\241\351\342:"
 2499      B5BF2297 
 2499      E6DB746D 
 2499      D9A1E9E2 
ARM GAS  C:\Users\nicx5\AppData\Local\Temp\ccNPfpFO.s 			page 83


 2499      3A
 2500 031c B347F82C 		.ascii	"\263G\370,\234\335ay\310\311Es\026\"f\314\030\035\031"
 2500      9CDD6179 
 2500      C8C94573 
 2500      162266CC 
 2500      181D19
 2501 032f 31352C71 		.ascii	"15,q]\336\332\312\262\334\272xq\263D\302\354\356\236"
 2501      5DDEDACA 
 2501      B2DCBA78 
 2501      71B344C2 
 2501      ECEE9E
 2502 0342 6B59DE86 		.ascii	"kY\336\206\210\245\261p\356\367y\316\2700e2\274\025"
 2502      88A5B170 
 2502      EEF779CE 
 2502      B8306532 
 2502      BC15
 2503 0354 3D295B95 		.ascii	"=)[\225\347d\256\367i\3215!N\376\340@\001\315|]\027"
 2503      E764AEF7 
 2503      69D13521 
 2503      4EFEE040 
 2503      01CD7C5D 
 2504 0369 94EECB74 		.ascii	"\224\356\313t\205\211\231s\302f\341\276\355\271d1]\252"
 2504      85899973 
 2504      C266E1BE 
 2504      EDB96431 
 2504      5DAA
 2505 037b ACE2AC0E 		.ascii	"\254\342\254\016=\031f\310\273z\233b\375\275_W\323\266"
 2505      3D1966C8 
 2505      BB7A9B62 
 2505      FDBD5F57 
 2505      D3B6
 2506 038d E0676CFE 		.ascii	"\340gl\376&\316\037\340\237\271UK\021\331\012\372\027"
 2506      26CE1FE0 
 2506      9FB9554B 
 2506      11D90AFA 
 2506      17
 2507 039e CDD9CC7F 		.ascii	"\315\331\314\177\261p\017Gw\374K\262)\303\341K\226\275"
 2507      B1700F47 
 2507      77FC4BB2 
 2507      29C3E14B 
 2507      96BD
 2508 03b0 BB17B755 		.ascii	"\273\027\267U2xD0I\030\334\352\033nu\013nu\015\267:"
 2508      32784430 
 2508      4918DCEA 
 2508      1B6E750B 
 2508      6E750DB7 
 2509 03c5 036E5506 		.ascii	"\003nU\006\354\365arZ\270\232\220y\302\375m\333\325"
 2509      ECF56172 
 2509      5AB89A90 
 2509      79C2FD6D 
 2509      DBD5
 2510 03d7 6DB76C0F 		.ascii	"m\267l\017\013\365\234,.fm\376\332\037\226\313\315B"
 2510      0BF59C2C 
 2510      2E666DFE 
 2510      DA1F96CB 
 2510      CD42
 2511 03e9 58202D74 		.ascii	"X -t\242U\034\312\234g\225\330\361\311E\301\355!T\017"
ARM GAS  C:\Users\nicx5\AppData\Local\Temp\ccNPfpFO.s 			page 84


 2511      A2551CCA 
 2511      9C6795D8 
 2511      F1C945C1 
 2511      ED21540F 
 2512 03fd F410AAF5 		.ascii	"\364\020\252\365!l\373\\\322Bt\307_\2361\334\033\324"
 2512      216CFB5C 
 2512      D24274C7 
 2512      5F9E31DC 
 2512      1BD4
 2513 040f 30DCAA12 		.ascii	"0\334\252\022\334j\021\334j\020\334*\020\334\252\023"
 2513      DC6A11DC 
 2513      6A10DC2A 
 2513      10DCAA13 
 2514 041f B79A8577 		.ascii	"\267\232\205w\224@\361\022\375\333j\025n5\007\356`\034"
 2514      9440F112 
 2514      FDDB6A15 
 2514      6E3507EE 
 2514      601C
 2515 0431 7C93D034 		.ascii	"|\223\3204=\376\266\235\2629\324/\026\240P\376Z\026"
 2515      3DFEB69D 
 2515      B239D42F 
 2515      16A050FE 
 2515      5A16
 2516 0443 846D991B 		.ascii	"\204m\231\033\250\302\314h\375\265S\020\352\237Q\327"
 2516      A8C2CC68 
 2516      FDB55310 
 2516      EA9F51D7 
 2517 0453 C061FBFB 		.ascii	"\300a\373\373\333\026G\367\007\332\034\364\353b\333"
 2517      DB1647F7 
 2517      07DA1CF4 
 2517      EB62DB
 2518 0462 F2D7A108 		.ascii	"\362\327\241\010\333*\355Z \336\024\036v\000\306\344"
 2518      DB2AED5A 
 2518      20DE141E 
 2518      7600C6E4 
 2519 0472 A1C11D34 		.ascii	"\241\301\0354\203\333O\016w\320\013\356\240\026\334"
 2519      83DB4F0E 
 2519      77D00BEE 
 2519      A016DC
 2520 0481 DFD7FD7A 		.ascii	"\337\327\375z\277\347J\356\320\204\374}>a\277\233'k"
 2520      BFE74AEE 
 2520      D084FC7D 
 2520      3E61BF9B 
 2520      276B
 2521 0493 B890FCED 		.ascii	"\270\220\374\3558\377Q\005\360r\020\352\363a\301\375"
 2521      38FF5105 
 2521      F07210EA 
 2521      F361C1FD 
 2522 04a3 79DDAFE6 		.ascii	"y\335\257\346\327p\250C#%\360\357\263\021\366\343\271"
 2522      D770A843 
 2522      2325F0EF 
 2522      B311F6E3 
 2522      B9
 2523 04b4 0F31276C 		.ascii	"\0171'l\376v\360\037\325^\340?\352\315A+\270\203R|\245"
 2523      FE76F01F 
 2523      D55EE03F 
 2523      EACD412B 
ARM GAS  C:\Users\nicx5\AppData\Local\Temp\ccNPfpFO.s 			page 85


 2523      B883527C 
 2524 04c9 3967653B 		.ascii	"9ge;\244\177;H\206oZ\030\356`\021|\331\274p\007\235"
 2524      A47F3B48 
 2524      866F5A18 
 2524      EE60117C 
 2524      D9BC7007 
 2525 04de F8BE05B1 		.ascii	"\370\276\005\261p\007\251\360\035\023T\342\276\200\370"
 2525      7007A9F0 
 2525      1D1354E2 
 2525      BE80F8
 2526 04ed DAEDE1BE 		.ascii	"\332\355\341\276j\360\315{.\257e\251B]\026\350\337\337"
 2526      6AF0CD7B 
 2526      2EAF65A9 
 2526      425D16E8 
 2526      DFDF
 2527 04ff 22EC77BB 		.ascii	"\"\354w\273\313\261\374\374\033\244\303.\365\003\203"
 2527      CBB1FCFC 
 2527      1BA4C32E 
 2527      F50383
 2528 050e FBBAE160 		.ascii	"\373\272\341`s\015\367M\303A'\025\334\237\346\347Y<"
 2528      730DF74D 
 2528      C3412715 
 2528      DC9FE6E7 
 2528      593C
 2529 0520 9000F92B 		.ascii	"\220\000\371+\024\366\243\355\004\306\301\372{\202\203"
 2529      14F6A3ED 
 2529      04C6C1FA 
 2529      7B8283
 2530 052f C1AFF266 		.ascii	"\301\257\362f\301\256\265\251 \177\237\012\207'\314"
 2530      C1AEB5A9 
 2530      207F9F0A 
 2530      8727CC
 2531 053e 1C4CFEF6 		.ascii	"\034L\376\366=\202\313\262\000}\310m\365\365M\375\215"
 2531      3D82CBB2 
 2531      007DC86D 
 2531      F5F54DFD 
 2531      8D
 2532 054f 13AEBEB7 		.ascii	"\023\256\276\267\346_5q,\247\3205]]\3308\236[\033=6"
 2532      E65F3571 
 2532      2CA7D035 
 2532      5D5DD838 
 2532      9E5B1B3D 
 2533 0564 9FBA9FA7 		.ascii	"\237\272\237\247\215\371\236\024)\026\246\317\265\177"
 2533      8DF99E14 
 2533      2916A6CF 
 2533      B57F
 2534 0572 F6C5B1C9 		.ascii	"\366\305\261\311k\343\363>2g\336\324\353\320\372)\252"
 2534      6BE3F33E 
 2534      3267DED4 
 2534      EBD0FA29 
 2534      AA
 2535 0583 E9169FBB 		.ascii	"\351\026\237\273\231\226\3759\3404,J\013~=\372\364\036"
 2535      9996FD39 
 2535      E0342C4A 
 2535      0B7E3DFA 
 2535      F41E
 2536 0595 478E2957 		.ascii	"G\216)W\023+\216\360\007\234\025G\353\343\213\226i\345"
ARM GAS  C:\Users\nicx5\AppData\Local\Temp\ccNPfpFO.s 			page 86


 2536      132B8EF0 
 2536      079C1547 
 2536      EBE38B96 
 2536      69E5
 2537 05a7 F5FDBDD4 		.ascii	"\365\375\275\3243\363\246\316\207\362c\037\366O\036"
 2537      33F3A6CE 
 2537      87F2631F 
 2537      F64F1E
 2538 05b6 8657F24C 		.ascii	"\206W\362L\336\311Gy\257O\362`O\366F^\354]\370%\377"
 2538      DEC94779 
 2538      AF4FF260 
 2538      4FF6465E 
 2538      EC5DF825 
 2539 05cb C27F7D0C 		.ascii	"\302\177}\014_\344\245/\344\221\274\224\037\362G>\372"
 2539      5FE4A52F 
 2539      E491BC94 
 2539      1FF2473E 
 2539      FA
 2540 05dc 53BEC913 		.ascii	"S\276\311\023\37127\373 \335\017\344\2415|\020\017|"
 2540      F93237FB 
 2540      20DD0FE4 
 2540      A1357C10 
 2540      0F7C
 2541 05ee 65349A73 		.ascii	"e4\232s\376\252\017\362;>URz\270w\334\260\0077<\372"
 2541      FEAA0FF2 
 2541      3B3E5552 
 2541      7AB877DC 
 2541      B007373C 
 2542 0603 3679D83A 		.ascii	"6y\330:\014rfje;g\327\007\227\227\233\316 \236)S\264"
 2542      0C72666A 
 2542      653B67D7 
 2542      0797979B 
 2542      CE209E29 
 2543 0619 94B956DD 		.ascii	"\224\271V\335:X\013 W4\013\356\235\030p\217\216\252"
 2543      3A580B20 
 2543      57340BEE 
 2543      9D18708F 
 2543      8EAA
 2544 062b 2A3D2773 		.ascii	"*='s9\015\036\030\356\331\242\242\212\303\227\007\347"
 2544      390D1E18 
 2544      EED9A2A2 
 2544      8AC39707 
 2544      E7
 2545 063c 6FEF50E1 		.ascii	"o\357P\341\236/&\323\215C\013WM|\340\341\236$RRxO[\305"
 2545      9E2F26D3 
 2545      8D430B57 
 2545      4D7CE0E1 
 2545      9E245252 
 2546 0654 6CEE8B0B 		.ascii	"l\356\213\013\356y\262\\\332\2724m\356\026%\216I\031"
 2546      EE79B25C 
 2546      DABA346D 
 2546      EE16258E 
 2546      4919
 2547 0666 EE31BBCA 		.ascii	"\3561\273\312\253<#\306\366G\344m\010\356QSC\0157\223"
 2547      AB3C23C6 
 2547      F647E46D 
 2547      08EE5153 
ARM GAS  C:\Users\nicx5\AppData\Local\Temp\ccNPfpFO.s 			page 87


 2547      430D3793 
 2548 067a 79ABCBD0 		.ascii	"y\253\313\320\300\276\331\255\015\354\257\215\343i\034"
 2548      C0BED9AD 
 2548      0DECAF8D 
 2548      E3691C
 2549 0689 7290894D 		.ascii	"r\220\211M\241\335\255\303\203E\347\305\356o\353Xa\237"
 2549      A1DDADC3 
 2549      8345E7C5 
 2549      EE6FEB58 
 2549      619F
 2550 069b 2D380DC7 		.ascii	"-8\015\307\276\361\"\236G\227wD\013\014w}\330\247\311"
 2550      BEF1229E 
 2550      47977744 
 2550      0B0C777D 
 2550      D8A7C9
 2551 06ae 746ADF74 		.ascii	"tj\337t\365\235\370\342\341\364k\373fgk\315_\232\247"
 2551      F59DF8E2 
 2551      E1F46BFB 
 2551      66676BCD 
 2551      5F9AA7
 2552 06c1 D92457D4 		.ascii	"\331$W\324|\310a\03767nx\276\330\304\275\271\202}\300"
 2552      7CC8611F 
 2552      36376E78 
 2552      BED8C4BD 
 2552      B9827DC0 
 2553 06d5 ECEDD9BA 		.ascii	"\354\355\331\272\0344\346[\033(\330\247N\215\032\333"
 2553      1C34E65B 
 2553      1B28D8A7 
 2553      4E8D1ADB 
 2554 06e5 E619C7EE 		.ascii	"\346\031\307\356\370\021\310f\363\332\266\011*\327\222"
 2554      F811C866 
 2554      F3DAB609 
 2554      2AD792
 2555 06f4 5C7F7BCF 		.ascii	"\\\177{\317\342\335-5\2742xl\324\267\"sg~\267\023\347"
 2555      E2DD2D35 
 2555      BC32786C 
 2555      D4B72273 
 2555      677EB713 
 2556 0709 8D19B2BF 		.ascii	"\215\031\262\277k\272\235\007\223\034`\210\340\017S"
 2556      6BBA9D07 
 2556      931C6088 
 2556      E00F53
 2557 0718 77777A3E 		.ascii	"wwz>ud\212w\340\017Yvv\"\262\225\325X4;\235A:e?\260"
 2557      75648A77 
 2557      E00F5976 
 2557      7622B295 
 2557      D558343B 
 2558 0732 90F0E10F 		.ascii	"\220\360\341\017@2\260s\226\256-\0313K\306\326ai\206"
 2558      4032B073 
 2558      96AE2D19 
 2558      334BC6D6 
 2558      616986
 2559 0745 0AF5BEA6 		.ascii	"\012\365\276\246~~\331\311\025\224\343\306\015\213n"
 2559      7E7ED9C9 
 2559      1594E3C6 
 2559      0D8B6E
 2560 0754 AF6D5DB7 		.ascii	"\257m]\267-c\315\264\232\240\234\371r\316\006x\223."
ARM GAS  C:\Users\nicx5\AppData\Local\Temp\ccNPfpFO.s 			page 88


 2560      2D63CDB4 
 2560      9AA09CF9 
 2560      72CE0678 
 2560      932E
 2561 0766 5B6F7F7B 		.ascii	"[o\177{r^\300=\0004\2751h\366\264\247\340L\272\211\362"
 2561      725EC03D 
 2561      0034BD31 
 2561      68F6B4A7 
 2561      E04CBA89 
 2562 077b 5D2FBF67 		.ascii	"]/\277g\340\337\2333\033s\351\225?\311\224z%\231q\312"
 2562      E0DF9B33 
 2562      1B73E995 
 2562      3FC9947A 
 2562      259971CA 
 2563 078f 2B1FE672 		.ascii	"+\037\346ry\325\303<\223&\231\313\334\364,U6sV6qV^1"
 2563      79D5C33C 
 2563      932699CB 
 2563      DCF42C55 
 2563      36735636 
 2564 07a7 CFC09ACD 		.ascii	"\317\300\232\315\234s\017gfeff\257dO>\273\352aJ\225"
 2564      9C730F67 
 2564      66656666 
 2564      AF644F3E 
 2564      BBEA614A 
 2565 07bc 57CE3CF3 		.ascii	"W\316<\363\272\362\311K\345\327\365\272b\306y]\3413"
 2565      BAF2C94B 
 2565      E5D7F5BA 
 2565      62C6795D 
 2565      E133
 2566 07ce E515     		.ascii	"\345\025"
 2567 07d0 7309963D 		.ascii	"s\011\226=K\251\3149\221\274\364j\216aJ\277<)\315bI"
 2567      4BA9CC39 
 2567      91BCF46A 
 2567      8E614ABF 
 2567      3C29CD62 
 2568 07e5 CFCC1CCD 		.ascii	"\317\314\034\315\231)\315BI)\351\325\230\224\324\012"
 2568      9929CD42 
 2568      4929E9D5 
 2568      9894D40A 
 2569 07f5 C6188FE8 		.ascii	"\306\030\217\350T\316Y\015{\366\344eNJ\243\313\247\210"
 2569      54CE590D 
 2569      7BF6E465 
 2569      4E4AA3CB 
 2569      A788
 2570 0807 9CC570E4 		.ascii	"\234\305p\344,\2269\270W\225\024W\006\252\3129\231s"
 2570      2C9639B8 
 2570      57951457 
 2570      06AACA39 
 2570      9973
 2571 0819 7EAA4969 		.ascii	"~\252Ii\316Y\351\356\225\231_fU\371\371\014!\372\314"
 2571      CE59E9EE 
 2571      95995F66 
 2571      55F9F90C 
 2571      21FACC
 2572 082c 6338C080 		.ascii	"c8\300\200r\316I\346\031\330\323\356\250\022\363\312"
 2572      72CE49E6 
 2572      19D8D3EE 
ARM GAS  C:\Users\nicx5\AppData\Local\Temp\ccNPfpFO.s 			page 89


 2572      A812F3CA 
 2573 083c 63D9E9C9 		.ascii	"c\331\351\311\263,\225w,\3012>KJsZ\316\331\367:H\337"
 2573      B32C9577 
 2573      2CC1323E 
 2573      4B4A735A 
 2573      CED9F73A 
 2574 0852 483132C6 		.ascii	"H12\306\212\321\271\023\353A\303_+\027\304sb\345\350"
 2574      8AD1B913 
 2574      EB41C35F 
 2574      2B17C473 
 2574      62E5E8
 2575 0865 C03D64B5 		.ascii	"\300=d\265\240S\013\347\201\337\247\265F\003\234\275"
 2575      A0530BE7 
 2575      81DFA7B5 
 2575      46039CBD 
 2576 0875 62A3D830 		.ascii	"b\243\3300K\203E\263`,\025\013\203=\263V,\022\313\305"
 2576      4B8345B3 
 2576      602C150B 
 2576      833DB356 
 2576      2C12CBC5 
 2577 0889 4AB16F76 		.ascii	"J\261ov\006\353\304\246\331'6\006;f\261X3;\305\256\331"
 2577      06EBC4A6 
 2577      D9273606 
 2577      3B66B158 
 2577      333BC5AE 
 2578 089e 381BB52F 		.ascii	"8\033\265/X%\026\212Mb\333\354\026\373\3056\261eV\315"
 2578      5825168A 
 2578      4D62DBEC 
 2578      16FBC536 
 2578      B16556CD 
 2579 08b2 8AD92C96 		.ascii	"\212\331,\226\211u\2632\3300v\211\355b\275X6\253\305"
 2579      8975B332 
 2579      D8307689 
 2579      ED62BD58 
 2579      36ABC5
 2580 08c5 9259A9AD 		.ascii	"\222Y\251\255\342f\026\256\333\026\261FpX8+e\251\370"
 2580      E26616AE 
 2580      DB16B146 
 2580      7058382B 
 2580      65A9F8
 2581 08d8 E2E4C8C0 		.ascii	"\342\344\310\300\312\340\254\323~\335\252\244\224h\316"
 2581      CAE0ACD3 
 2581      7EDDAAA4 
 2581      9468CE
 2582 08e7 5F5FC048 		.ascii	"__\300H\301\352\022\307\302\331\244]\366\325\340W\240"
 2582      C1EA12C7 
 2582      C2D9A45D 
 2582      F6D5E057 
 2582      A0
 2583 08f8 7E6B2E8C 		.ascii	"~k.\214\331 P\262\252QL0\232n\321\261\270\264\024l\030"
 2583      D92050B2 
 2583      AA514C30 
 2583      9A6ED1B1 
 2583      B8B4146C 
 2584 090d 249A9A46 		.ascii	"$\232\232FX\252\341TC\206\002H(\247'(\247\245\032(0"
 2584      58AAE154 
 2584      43860248 
ARM GAS  C:\Users\nicx5\AppData\Local\Temp\ccNPfpFO.s 			page 90


 2584      28A72728 
 2584      A7A51A28 
 2585 0922 9DF0C4C4 		.ascii	"\235\360\304\304\241\350H\\Z\012\232 a#\212\211\006"
 2585      A1E8485C 
 2585      5A0A9A20 
 2585      61238A89 
 2585      06
 2586 0933 8928E493 		.ascii	"\211(\344\223\013(&\025\035\254\305\245\0201\230\220"
 2586      0B282615 
 2586      1DACC5A5 
 2586      10319890 
 2587 0943 27DC184D 		.ascii	"'\334\030ML\"<=1\015\211J\306\037\027PH#\024\007JFG"
 2587      4C223C3D 
 2587      310D894A 
 2587      C61F1750 
 2587      48231407 
 2588 095a 0108B0E1 		.ascii	"\001\010\260\341t\303\010\212\003\032H\344\323q\200"
 2588      74C3088A 
 2588      031A48E4 
 2588      D37180
 2589 0969 0F8A881B 		.ascii	"\017\212\210\033\020\001q\220\004\302hd\264\342\030"
 2589      10017190 
 2589      04C26864 
 2589      B4E218
 2590 0978 85B40165 		.ascii	"\205\264\001e\024\000\224\223\221\006\013d\014\246\026"
 2590      14009493 
 2590      91060B64 
 2590      0CA616
 2591 0987 0210958C 		.ascii	"\002\020\225\214\037\210JF\242\222q\004\247\027P3\206"
 2591      1F884A46 
 2591      A2927104 
 2591      A7175033 
 2591      86
 2592 0998 3E359C88 		.ascii	">5\234\210\003\324\250\201lj\"\242\301\"F\021\362I\004"
 2592      03D4A881 
 2592      6C6A22A2 
 2592      C1224611 
 2592      F24904
 2593 09ab 262823A0 		.ascii	"&(#\240\266\341\004UD\022;4\012\031\022\334@\332\210"
 2593      B6E10455 
 2593      44123B34 
 2593      0A1912DC 
 2593      40DA88
 2594 09be 9AD1B4D3 		.ascii	"\232\321\264\3234\\\220\240\361\002\002\031\022 Q\230"
 2594      345C90A0 
 2594      F1020219 
 2594      12205198 
 2595 09ce 20238AC9 		.ascii	" #\212\311C\321\360\210\033\006\011\0242\232\226\220"
 2595      43D1F088 
 2595      1B060914 
 2595      329A9690 
 2596 09de 51339A12 		.ascii	"Q3\232\022X\217GEDAb\221\305qX\274+\007IJw\035\256E"
 2596      588F4745 
 2596      44416291 
 2596      C57158BC 
 2596      2B07494A 
 2597 09f6 A2E03A3C 		.ascii	"\242\340:<\332u8\2646\226R\344\254F\025\307\273\036"
ARM GAS  C:\Users\nicx5\AppData\Local\Temp\ccNPfpFO.s 			page 91


 2597      DA7538B4 
 2597      369652E4 
 2597      AC4615C7 
 2597      BB1E
 2598 0a08 872A8EC1 		.ascii	"\207*\216\301\365x4TA\274+\321\021\022Rp%:*\272\353"
 2598      F5783454 
 2598      41BC2BD1 
 2598      11125270 
 2598      253A2ABA 
 2599 0a1d F188E8AE 		.ascii	"\361\210\350\256GF\"\321\021\322\022\261\250\256D\307"
 2599      474622D1 
 2599      11D212B1 
 2599      A8AE44C7 
 2600 0a2d E212B198 		.ascii	"\342\022\261\230\263\022\213+\206\3015ihWb\3618\034"
 2600      B3128B2B 
 2600      86C13569 
 2600      685762F1 
 2600      381C
 2601 0a3f AAEB0AA3 		.ascii	"\252\353\012\243\343qh\034\006\327b\322\361\232\020"
 2601      E371681C 
 2601      06D762D2 
 2601      F19A10
 2602 0a4e 0AAD474A 		.ascii	"\012\255GJHA\026+V\020Q\300\242\230C\314!\006Y\014\207"
 2602      4841162B 
 2602      561051C0 
 2602      A29843CC 
 2602      2106590C 
 2603 0a63 C49C16C7 		.ascii	"\304\234\026\307\341\220\030\034\022)!\341\026\307\342"
 2603      E190181C 
 2603      122921E1 
 2603      16C7E2
 2604 0a72 70485451 		.ascii	"pHTQ\024\325u\2104L\"\252\353\320\270\016\211\206w\035"
 2604      14D57588 
 2604      344C22AA 
 2604      EBD0B80E 
 2604      8986771D 
 2605 0a86 1E8B5410 		.ascii	"\036\213T\020\251)\212I\036\030m\030Z\215V(\024\012"
 2605      A9298A49 
 2605      1E186D18 
 2605      5A8D5628 
 2605      140A
 2606 0a98 85422121 		.ascii	"\205B!!!!!\24158\264\036\223\216\202C\253Q\261\305Q"
 2606      212121A1 
 2606      3538B41E 
 2606      938E8243 
 2606      AB51B1C5 
 2607 0aad 1D5A918C 		.ascii	"\035Z\221\214CDu\205\212\241uh\034\"\346\014\011\205"
 2607      43447585 
 2607      8AA17568 
 2607      1C22E60C 
 2607      0985
 2608 0abf C2D56827 		.ascii	"\302\325h'\020\022\022Z\215\366\304\320\212T\274C+\222"
 2608      1012125A 
 2608      8DF6C4D0 
 2608      8A54BC43 
 2608      2B92
 2609 0ad1 D1252A19 		.ascii	"\321%*\031;4\014\250\342\011\244\213\031H\367\011i\002"
ARM GAS  C:\Users\nicx5\AppData\Local\Temp\ccNPfpFO.s 			page 92


 2609      3B340CA8 
 2609      E209A48B 
 2609      1948F709 
 2609      6902
 2610 0ae3 720551C9 		.ascii	"r\005Q\311\210_ \211H\032($-\255-\214<\015\203\304\215"
 2610      885F2089 
 2610      481A2824 
 2610      2DAD2D8C 
 2610      3C0D83C4 
 2611 0af8 1B264E20 		.ascii	"\033&N ]\224\360\324\004U,\221t,\201lr2\001I,q,\036"
 2611      5D94F0D4 
 2611      04552C91 
 2611      742C816C 
 2611      72320149 
 2612 0b10 918629FA 		.ascii	"\221\206)\372\306\214\"\025 \200P#F\324\214\026 T`\004"
 2612      C68C2215 
 2612      20805023 
 2612      46D48C16 
 2612      20546004 
 2613 0b24 C06A34CA 		.ascii	"\300j4\312\021\256C+\\\217\303+\264\016\355\320:\264"
 2613      11AE432B 
 2613      5C8FC32B 
 2613      B40EEDD0 
 2613      3AB4
 2614 0b36 EB908571 		.ascii	"\353\220\205q\03041D\274B\242\221\322jt4Zu\326\241\215"
 2614      18343144 
 2614      BC42A291 
 2614      D26A7434 
 2614      5A75D6A1 
 2615 0b4b 25A1211B 		.ascii	"%\241!\033PN%\340\026\301\004\323\013\024\024P D\"D"
 2615      504E25E0 
 2615      16C104D3 
 2615      0B141450 
 2615      20442244 
 2616 0b5f A3100E45 		.ascii	"\243\020\016E\260\330 \003\334D\"\352\004\032KOL0`\010"
 2616      B0D82003 
 2616      DC4422EA 
 2616      041A4B4F 
 2616      4C306008 
 2617 0b73 0DC9B051 		.ascii	"\015\311\260Q\243DS\324\261\304\322\012\"\025K7n\240"
 2617      A34453D4 
 2617      B1C4D20A 
 2617      22154B37 
 2617      6EA0
 2618 0b85 50213484 		.ascii	"P!4\204\224t,Q#\012i\202S\024q\202\365\310\310B\203"
 2618      94742C51 
 2618      230A6982 
 2618      53147182 
 2618      F5C8C842 
 2619 0b9a 166A77DF 		.ascii	"\026jw\337!u\367\211\266\345\012\351\276]\327\353\202"
 2619      2175F789 
 2619      B6E50AE9 
 2619      BE5DD7EB 
 2619      82
 2620 0bab 791BB820 		.ascii	"y\033\270 e\177/\330_0\004\000sV\336 \327\205\276`\367"
 2620      657F2FD8 
 2620      5F300400 
ARM GAS  C:\Users\nicx5\AppData\Local\Temp\ccNPfpFO.s 			page 93


 2620      7356DE20 
 2620      D785BE60 
 2621 0bc0 CB3D01F7 		.ascii	"\313=\001\367\004<lPS\342e\251\267y\254\340\024\016"
 2621      043C6C50 
 2621      53E265A9 
 2621      B779ACE0 
 2621      140E
 2622 0bd2 42CD0122 		.ascii	"B\315\001\"\354\013E\362\265\225\366W\365\037\365\003"
 2622      EC0B45F2 
 2622      B595F657 
 2622      F51FF503 
 2623 0be2 93E7E5BA 		.ascii	"\223\347\345\272?\236\266.\330l\302yF\245\370\003\221"
 2623      3F9EB62E 
 2623      D86CC279 
 2623      46A5F803 
 2623      91
 2624 0bf3 ADEBE33A 		.ascii	"\255\353\343:\267l]\257\312\234s\344\\\026\203\0072"
 2624      B76C5DAF 
 2624      CA9C73E4 
 2624      5C168307 
 2624      32
 2625 0c04 A51B3EBF 		.ascii	"\245\033>\277\356\333\243[G\345\252b\246\343o\363X\341"
 2625      EEDBA35B 
 2625      47E5AA62 
 2625      A6E36FF3 
 2625      58E1
 2626 0c16 E699C28D 		.ascii	"\346\231\302\215\205e\3536\344\034\314\322\262fv6\203"
 2626      8565EB36 
 2626      E41CCCD2 
 2626      B2667636 
 2626      83
 2627 0c27 7A72D6D5 		.ascii	"zr\326\325\272Y\266\356fiNz\035\020\335\213\346]'W\202"
 2627      BA59B6EE 
 2627      66694E7A 
 2627      1D10DD8B 
 2627      E65D2757 
 2628 0c3c E1A85249 		.ascii	"\341\250RIA\346\2342\314\314\314\310\310H\222\244\003"
 2628      41E69C32 
 2628      CCCCCCC8 
 2628      C84892A4 
 2628      03
 2629 0c4d 620B1086 		.ascii	"b\013\020\206\303i\230J\347\001\022@\3630\317\203\235"
 2629      C369984A 
 2629      E7011240 
 2629      F330CF83 
 2629      9D
 2630 0c5e 12111949 		.ascii	"\022\021\031IJRR\310~\215\0017h\200\342\305(\360\225"
 2630      4A5252C8 
 2630      7E8D0137 
 2630      6880E2C5 
 2630      28F095
 2631 0c71 B978E7EE 		.ascii	"\271x\347\356dg\221\354\2132\013\036\222\027\301L\225"
 2631      646791EC 
 2631      8B320B1E 
 2631      9217C14C 
 2631      95
 2632 0c82 9E64A5EC 		.ascii	"\236d\245\354;\366\334\275bMtB\371\204\301g\270V)\274"
ARM GAS  C:\Users\nicx5\AppData\Local\Temp\ccNPfpFO.s 			page 94


 2632      3BF6DCBD 
 2632      624D7442 
 2632      F984C167 
 2632      B85629BC 
 2633 0c96 8000C2B2 		.ascii	"\200\000\302\262\005\342X\370!I\254\014\346\277\216"
 2633      05E258F8 
 2633      2149AC0C 
 2633      E6BF8E
 2634 0ca5 DD338508 		.ascii	"\3353\205\010a\207[w\203\225\3765\032\200\313jgL<\226"
 2634      61875B77 
 2634      8395FE35 
 2634      1A80CB6A 
 2634      674C3C96 
 2635 0cb9 A6AB52E6 		.ascii	"\246\253R\346Wt\257\017ug[\017T\362\3174\271%Ve\330"
 2635      5774AF0F 
 2635      75675B0F 
 2635      54F2CF34 
 2635      B9255665 
 2636 0cce 2011D553 		.ascii	" \021\325S_\001\211x\257\206Sa\244\201\223\001qtT\011"
 2636      5F018978 
 2636      AF865361 
 2636      A4819301 
 2636      71745409 
 2637 0ce2 572C9200 		.ascii	"W,\222\000\365\0122\313\234i\231\351QAl\236\000\276"
 2637      F50A32CB 
 2637      9C6999E9 
 2637      51416C9E 
 2637      00BE
 2638 0cf4 C6EEDC87 		.ascii	"\306\356\334\207\343\264:\030\001\350\030\372\323F\022"
 2638      E3B43A18 
 2638      01E818FA 
 2638      D34612
 2639 0d03 97808CFD 		.ascii	"\227\200\214\375\265\2628}\322\321zH5\302VYF(\322\377"
 2639      B5B2387D 
 2639      D2D17A48 
 2639      35C25659 
 2639      4628D2FF 
 2640 0d17 9958C21B 		.ascii	"\231X\302\033\316(\333\317\244\345.x\362M\367\033p/"
 2640      CE28DBCF 
 2640      A4E52E78 
 2640      F24DF71B 
 2640      702F
 2641 0d29 9F8A2D3F 		.ascii	"\237\212-?\202mQDH\211\337= \244\005\355\261\013\345"
 2641      826D5144 
 2641      4889DF3D 
 2641      20A405ED 
 2641      B10BE5
 2642 0d3c A368095A 		.ascii	"\243h\011Z\021\362n}\325h\217\364\254X\364\211I\034"
 2642      11F26E7D 
 2642      D5688FF4 
 2642      AC58F489 
 2642      491C
 2643 0d4e 2181238C 		.ascii	"!\201#\214\027\177/\361\261\375{`\351\023\026a\243\362"
 2643      177F2FF1 
 2643      B1FD7B60 
 2643      E9131661 
 2643      A3F2
ARM GAS  C:\Users\nicx5\AppData\Local\Temp\ccNPfpFO.s 			page 95


 2644 0d60 7D9092DE 		.ascii	"}\220\222\336\255\306\326p\227\350\310Q0\334(\242yr"
 2644      ADC6D670 
 2644      97E8C851 
 2644      30DC28A2 
 2644      7972
 2645 0d72 0245CD73 		.ascii	"\002E\315s(MnU\376x}\253|Z\355c\010\341\327\210^\355"
 2645      284D6E55 
 2645      FE787DAB 
 2645      7C5AED63 
 2645      08E1D788 
 2646 0d88 CFCC465E 		.ascii	"\317\314F^\271\366\254\021\"\242\367h\250(\221\"!\351"
 2646      B9F6AC11 
 2646      22A2F768 
 2646      A8289122 
 2646      21E9
 2647 0d9a E717CFC6 		.ascii	"\347\027\317\306\261*\257\004\203W/\374/\376\3230$R"
 2647      B12AAF04 
 2647      83572FFC 
 2647      2FFED330 
 2647      2452
 2648 0dac DD60C3F5 		.ascii	"\335`\303\365\240k\231\306\251%\211\245,\317\340X\374"
 2648      A06B99C6 
 2648      A92589A5 
 2648      2CCFE058 
 2648      FC
 2649 0dbd 40D0D6B9 		.ascii	"@\320\326\271jV\276\303&\201\023C\227:_\212\323\025"
 2649      6A56BEC3 
 2649      26811343 
 2649      973A5F8A 
 2649      D315
 2650 0dcf 8C1E7887 		.ascii	"\214\036x\207\251@\345\222\300y\362.\342\021\235>W\374"
 2650      A940E592 
 2650      C079F22E 
 2650      E2119D3E 
 2650      57FC
 2651 0de1 789EB166 		.ascii	"x\236\261f\357\0303\373Kpu\020e\314\333\033\207\323"
 2651      EF1833FB 
 2651      4B707510 
 2651      65CCDB1B 
 2651      87D3
 2652 0df3 1831AF6B 		.ascii	"\0301\257k\314\330\207\211F\346\226\020\204\340\251"
 2652      CCD88789 
 2652      46E69610 
 2652      84E0A9
 2653 0e02 AAF3073A 		.ascii	"\252\363\007:\220#8\013\221c\201\271b\235\201\006\177"
 2653      9023380B 
 2653      916381B9 
 2653      629D8106 
 2653      7F
 2654 0e13 815A52D1 		.ascii	"\201ZR\321\204\260\26282\335\370\026\305\266@}\244-"
 2654      84B0B238 
 2654      32DDF816 
 2654      C5B6407D 
 2654      A42D
 2655 0e25 ECF5961C 		.ascii	"\354\365\226\034eW\002\231\253*GP\202\355\363#4\312"
 2655      65570299 
 2655      AB2A4750 
ARM GAS  C:\Users\nicx5\AppData\Local\Temp\ccNPfpFO.s 			page 96


 2655      82EDF323 
 2655      34CA
 2656 0e37 89B0E4A4 		.ascii	"\211\260\344\244\261\363\203\002e\376\363\027\223\253"
 2656      B1F38302 
 2656      65FEF317 
 2656      93AB
 2657 0e45 90BAFB3D 		.ascii	"\220\272\373=\"\351\350\210\2562\331\313n\305\305\314"
 2657      22E9E888 
 2657      AE32D9CB 
 2657      6EC5C5CC 
 2658 0e55 D753A734 		.ascii	"\327S\2474\331\"^\265\021\232\364\324\335W\336\254\220"
 2658      D9225EB5 
 2658      119AF4D4 
 2658      DD57DEAC 
 2658      90
 2659 0e66 66A74F2D 		.ascii	"f\247O-\002!\335\233\212T7i+\034\274\3744\342\353hV"
 2659      0221DD9B 
 2659      8A543769 
 2659      2B1CBCFC 
 2659      34E2EB68 
 2660 0e7b EA43E706 		.ascii	"\352C\347\006\222\000\011DL\243\354\305=\201Q\274;\306"
 2660      92000944 
 2660      4CA3ECC5 
 2660      3D8151BC 
 2660      3BC6
 2661 0e8d 2B3229C9 		.ascii	"+2)\311\342\374\226V\203\240\347h\222\223\352\255Q\371"
 2661      E2FC9656 
 2661      83A0E768 
 2661      9293EAAD 
 2661      51F9
 2662 0e9f 863C4585 		.ascii	"\206<E\205v\340{\307\177\011\305\312\314\262rq<\200"
 2662      76E07BC7 
 2662      7F09C5CA 
 2662      CCB27271 
 2662      3C80
 2663 0eb1 84D94F80 		.ascii	"\204\331O\200K\222\206m`\310\231Fv\205i\2441\240\231"
 2663      4B92866D 
 2663      60C89946 
 2663      768569A4 
 2663      31A099
 2664 0ec4 4E2FC35A 		.ascii	"N/\303Z9<\300GP\371\177^ft\006\315S\225\031\003\312"
 2664      393CC047 
 2664      50F97F5E 
 2664      667406CD 
 2664      53951903 
 2665 0ed9 90B3067F 		.ascii	"\220\263\006\177A^\342\274\341\334\020-\244D\\?\320"
 2665      415EE2BC 
 2665      E1DC102D 
 2665      A4445C3F 
 2665      D0
 2666 0eea 7D8DBC25 		.ascii	"}\215\274%\247\302C\310h\270\327\307Y\207\347,H\335"
 2666      A7C243C8 
 2666      68B8D7C7 
 2666      5987E72C 
 2666      48DD
 2667 0efc CF7D1121 		.ascii	"\317}\021!\3004\377`85\250/U]\0110\321w\242\367\037"
 2667      C034FF60 
ARM GAS  C:\Users\nicx5\AppData\Local\Temp\ccNPfpFO.s 			page 97


 2667      3835A82F 
 2667      555D0930 
 2667      D177A2F7 
 2668 0f11 3973E819 		.ascii	"9s\350\031\330\360-\225\242\004\277y\326g\302e\026\273"
 2668      D8F02D95 
 2668      A204BF79 
 2668      D667C265 
 2668      16BB
 2669 0f23 297BB40F 		.ascii	"){\264\017\017W\317\312\234\340\006\357\212\365\015"
 2669      0F57CFCA 
 2669      9CE006EF 
 2669      8AF50D
 2670 0f32 E13E26E8 		.ascii	"\341>&\3500\204,\223- #\236\203\210\313\366\017 \\-"
 2670      30842C93 
 2670      2D20239E 
 2670      8388CBF6 
 2670      0F205C2D 
 2671 0f46 F1D758EB 		.ascii	"\361\327X\353\250\027\214\272\216I\020\342\272H\032"
 2671      A8178CBA 
 2671      8E4910E2 
 2671      BA481A
 2672 0f55 3D34B130 		.ascii	"=4\2610\001\327c\237\214\0068\271B`\307j\310\222=\206"
 2672      01D7639F 
 2672      8C0638B9 
 2672      4260C76A 
 2672      C8923D86 
 2673 0f69 6F107C30 		.ascii	"o\020|0X\004\224\3470\016\344\231F\211@2\244\253z\025"
 2673      580494E7 
 2673      300EE499 
 2673      46894032 
 2673      A4AB7A15 
 2674 0f7d FCAFAA8A 		.ascii	"\374\257\252\212d\312\316|\0252\0367=H\233\270dr\211"
 2674      64CACE7C 
 2674      15321E37 
 2674      3D489BB8 
 2674      647289
 2675 0f90 800FE8F8 		.ascii	"\200\017\350\370C\222\360&\306\017\023\2229x\344\002"
 2675      4392F026 
 2675      C60F1392 
 2675      3978E402 
 2676 0fa0 5C55B1EB 		.ascii	"\\U\261\353\016\246\207oMr1\003\312\217\020\351\310"
 2676      0EA6876F 
 2676      4D723103 
 2676      CA8F10E9 
 2676      C8
 2677 0fb1 1E003B49 		.ascii	"\036\000;I\200]\234\236`d\201(\364\321^6\207r\203\302"
 2677      805D9C9E 
 2677      60648128 
 2677      F4D15E36 
 2677      877283C2 
 2678 0fc5 7DFF145B 		.ascii	"}\377\024[e\272\206\222=\227\227\005\\e\025\036U\361"
 2678      65BA8692 
 2678      3D979705 
 2678      5C65151E 
 2678      55F1
 2679 0fd7 F4DE5BB3 		.ascii	"\364\336[\263V\233@\202\300\310\037_\013DVi\212\363"
 2679      569B4082 
ARM GAS  C:\Users\nicx5\AppData\Local\Temp\ccNPfpFO.s 			page 98


 2679      C0C81F5F 
 2679      0B445669 
 2679      8AF3
 2680 0fe9 3ACA91A7 		.ascii	":\312\221\247'\237\020\035\260u\330\000\271\001_?-1"
 2680      279F101D 
 2680      B075D800 
 2680      B9015F3F 
 2680      2D31
 2681 0ffb 4D476C0B 		.ascii	"MGl\013Hf&\251\210n\006\374\036\337\"\256\330D\310\024"
 2681      486626A9 
 2681      886E06FC 
 2681      1EDF22AE 
 2681      D844C814 
 2682 100f 4FF0DDDA 		.ascii	"O\360\335\332k\204\011D\3239\332\241\317\014\216\321"
 2682      6B840944 
 2682      D339DAA1 
 2682      CF0C8ED1 
 2683 101f D650E14B 		.ascii	"\326P\341K\335R\261\023\326\3528\330\271\021X\206m\262"
 2683      DD52B113 
 2683      D6EA38D8 
 2683      B9115886 
 2683      6DB2
 2684 1031 B8A4F54D 		.ascii	"\270\244\365M\033^\002\231\014@\313sV\216\351\025\300"
 2684      1B5E0299 
 2684      0C40CB73 
 2684      568EE915 
 2684      C0
 2685 1042 9EA4A090 		.ascii	"\236\244\240\220(\375\303\236\314G\373-\351\372\030"
 2685      28FDC39E 
 2685      CC47FB2D 
 2685      E9FA18
 2686 1051 9603EA66 		.ascii	"\226\003\352f\006\255x\304\362\261\333{\264\022]\013"
 2686      06AD78C4 
 2686      F2B1DB7B 
 2686      B4125D0B 
 2687 1061 E8D20C17 		.ascii	"\350\322\014\027\277a\346\020S$\032hCU]T7\201\025\203"
 2687      BF61E610 
 2687      53241A68 
 2687      43555D54 
 2687      37811583 
 2688 1075 E8474208 		.ascii	"\350GB\010\241\337\031\247<\243\261\177z\217z\017\240"
 2688      A1DF19A7 
 2688      3CA3B17F 
 2688      7A8F7A0F 
 2688      A0
 2689 1086 DF16438B 		.ascii	"\337\026C\213\205\017\241\244(\343\014!i\266cTS\222"
 2689      850FA1A4 
 2689      28E30C21 
 2689      69B66354 
 2689      5392
 2690 1098 9C8A7BDC 		.ascii	"\234\212{\334\374\340)\224\237\335\351>=9\004\361d\337"
 2690      FCE02994 
 2690      9FDDE93E 
 2690      3D3904F1 
 2690      64DF
 2691 10aa C77C47E9 		.ascii	"\307|G\351uh@ \022\232<t\2246\013\012v\262v\2308\004"
 2691      75684020 
ARM GAS  C:\Users\nicx5\AppData\Local\Temp\ccNPfpFO.s 			page 99


 2691      129A3C74 
 2691      94360B0A 
 2691      76B27698 
 2692 10c0 A585BE9A 		.ascii	"\245\205\276\232\373toEZ\222F{\3619!\361CQoG\210\261"
 2692      FB746F45 
 2692      5A92467B 
 2692      F13921F1 
 2692      43516F47 
 2693 10d6 75217018 		.ascii	"u!p\030\012\000]\001\214\370.\277\352\250\204\347D8"
 2693      0A005D01 
 2693      8CF82EBF 
 2693      EAA884E7 
 2693      4438
 2694 10e8 FBFB8AC4 		.ascii	"\373\373\212\304\203s`\236\327\337\201\327c\253\304"
 2694      8373609E 
 2694      D7DF81D7 
 2694      63ABC4
 2695 10f7 60C096F0 		.ascii	"`\300\226\360W\235\264\333\015\356\0200&\235\323\354"
 2695      579DB4DB 
 2695      0DEE1030 
 2695      269DD3EC 
 2696 1107 C3E5F6F3 		.ascii	"\303\345\366\363\261\214\245Ly\214\261\372\246\252f"
 2696      B18CA54C 
 2696      798CB1FA 
 2696      A6AA66
 2697 1116 ACCAC7F8 		.ascii	"\254\312\307\370h}\346.\307\271\211\366_G\267\332\203"
 2697      687DE62E 
 2697      C7B989F6 
 2697      5F47B7DA 
 2697      83
 2698 1127 028FC327 		.ascii	"\002\217\303'N\215\277\342+\001\312\210M\253E\224\247"
 2698      4E8DBFE2 
 2698      2B01CA88 
 2698      4DAB4594 
 2698      A7
 2699 1138 29B6BB93 		.ascii	")\266\273\223\351\203\231B,\242\316\004?\250o\342\270"
 2699      E9839942 
 2699      2CA2CE04 
 2699      3FA86FE2 
 2699      B8
 2700 1149 5B435596 		.ascii	"[CU\226\375f\233~\277\307n\215\216\012\340A\3409P\023"
 2700      FD669B7E 
 2700      BFC76E8D 
 2700      8E0AE041 
 2700      E0395013 
 2701 115d EA67365A 		.ascii	"\352g6Z\377\374/\231\203\362\337\340O\014\300\221|`"
 2701      FFFC2F99 
 2701      83F2DFE0 
 2701      4F0CC091 
 2701      7C60
 2702 116f 2B       		.ascii	"+"
 2703              		.text
 2704              		.section	.gnu.lto_.symtab.1f2f1714,"e",%progbits
 2705 0000 48414C5F 		.ascii	"HAL_PWR_DeInit\000"
 2705      5057525F 
 2705      4465496E 
 2705      697400
ARM GAS  C:\Users\nicx5\AppData\Local\Temp\ccNPfpFO.s 			page 100


 2706 000f 00       		.ascii	"\000"
 2707 0010 00       		.ascii	"\000"
 2708 0011 00       		.ascii	"\000"
 2709 0012 00000000 		.ascii	"\000\000\000\000\000\000\000\000"
 2709      00000000 
 2710 001a E6010000 		.ascii	"\346\001\000\000"
 2711 001e 48414C5F 		.ascii	"HAL_PWR_EnableBkUpAccess\000"
 2711      5057525F 
 2711      456E6162 
 2711      6C65426B 
 2711      55704163 
 2712 0037 00       		.ascii	"\000"
 2713 0038 00       		.ascii	"\000"
 2714 0039 00       		.ascii	"\000"
 2715 003a 00000000 		.ascii	"\000\000\000\000\000\000\000\000"
 2715      00000000 
 2716 0042 E8010000 		.ascii	"\350\001\000\000"
 2717 0046 48414C5F 		.ascii	"HAL_PWR_DisableBkUpAccess\000"
 2717      5057525F 
 2717      44697361 
 2717      626C6542 
 2717      6B557041 
 2718 0060 00       		.ascii	"\000"
 2719 0061 00       		.ascii	"\000"
 2720 0062 00       		.ascii	"\000"
 2721 0063 00000000 		.ascii	"\000\000\000\000\000\000\000\000"
 2721      00000000 
 2722 006b EA010000 		.ascii	"\352\001\000\000"
 2723 006f 48414C5F 		.ascii	"HAL_PWR_ConfigPVD\000"
 2723      5057525F 
 2723      436F6E66 
 2723      69675056 
 2723      4400
 2724 0081 00       		.ascii	"\000"
 2725 0082 00       		.ascii	"\000"
 2726 0083 00       		.ascii	"\000"
 2727 0084 00000000 		.ascii	"\000\000\000\000\000\000\000\000"
 2727      00000000 
 2728 008c F1010000 		.ascii	"\361\001\000\000"
 2729 0090 48414C5F 		.ascii	"HAL_PWR_EnablePVD\000"
 2729      5057525F 
 2729      456E6162 
 2729      6C655056 
 2729      4400
 2730 00a2 00       		.ascii	"\000"
 2731 00a3 00       		.ascii	"\000"
 2732 00a4 00       		.ascii	"\000"
 2733 00a5 00000000 		.ascii	"\000\000\000\000\000\000\000\000"
 2733      00000000 
 2734 00ad F3010000 		.ascii	"\363\001\000\000"
 2735 00b1 48414C5F 		.ascii	"HAL_PWR_DisablePVD\000"
 2735      5057525F 
 2735      44697361 
 2735      626C6550 
 2735      564400
 2736 00c4 00       		.ascii	"\000"
 2737 00c5 00       		.ascii	"\000"
ARM GAS  C:\Users\nicx5\AppData\Local\Temp\ccNPfpFO.s 			page 101


 2738 00c6 00       		.ascii	"\000"
 2739 00c7 00000000 		.ascii	"\000\000\000\000\000\000\000\000"
 2739      00000000 
 2740 00cf F5010000 		.ascii	"\365\001\000\000"
 2741 00d3 48414C5F 		.ascii	"HAL_PWR_EnableWakeUpPin\000"
 2741      5057525F 
 2741      456E6162 
 2741      6C655761 
 2741      6B655570 
 2742 00eb 00       		.ascii	"\000"
 2743 00ec 00       		.ascii	"\000"
 2744 00ed 00       		.ascii	"\000"
 2745 00ee 00000000 		.ascii	"\000\000\000\000\000\000\000\000"
 2745      00000000 
 2746 00f6 F9010000 		.ascii	"\371\001\000\000"
 2747 00fa 48414C5F 		.ascii	"HAL_PWR_DisableWakeUpPin\000"
 2747      5057525F 
 2747      44697361 
 2747      626C6557 
 2747      616B6555 
 2748 0113 00       		.ascii	"\000"
 2749 0114 00       		.ascii	"\000"
 2750 0115 00       		.ascii	"\000"
 2751 0116 00000000 		.ascii	"\000\000\000\000\000\000\000\000"
 2751      00000000 
 2752 011e FB010000 		.ascii	"\373\001\000\000"
 2753 0122 48414C5F 		.ascii	"HAL_PWR_EnterSLEEPMode\000"
 2753      5057525F 
 2753      456E7465 
 2753      72534C45 
 2753      45504D6F 
 2754 0139 00       		.ascii	"\000"
 2755 013a 00       		.ascii	"\000"
 2756 013b 00       		.ascii	"\000"
 2757 013c 00000000 		.ascii	"\000\000\000\000\000\000\000\000"
 2757      00000000 
 2758 0144 00020000 		.ascii	"\000\002\000\000"
 2759 0148 48414C5F 		.ascii	"HAL_PWR_EnterSTOPMode\000"
 2759      5057525F 
 2759      456E7465 
 2759      7253544F 
 2759      504D6F64 
 2760 015e 00       		.ascii	"\000"
 2761 015f 00       		.ascii	"\000"
 2762 0160 00       		.ascii	"\000"
 2763 0161 00000000 		.ascii	"\000\000\000\000\000\000\000\000"
 2763      00000000 
 2764 0169 02020000 		.ascii	"\002\002\000\000"
 2765 016d 48414C5F 		.ascii	"HAL_PWR_EnterSTANDBYMode\000"
 2765      5057525F 
 2765      456E7465 
 2765      72535441 
 2765      4E444259 
 2766 0186 00       		.ascii	"\000"
 2767 0187 00       		.ascii	"\000"
 2768 0188 00       		.ascii	"\000"
 2769 0189 00000000 		.ascii	"\000\000\000\000\000\000\000\000"
ARM GAS  C:\Users\nicx5\AppData\Local\Temp\ccNPfpFO.s 			page 102


 2769      00000000 
 2770 0191 04020000 		.ascii	"\004\002\000\000"
 2771 0195 48414C5F 		.ascii	"HAL_PWR_EnableSleepOnExit\000"
 2771      5057525F 
 2771      456E6162 
 2771      6C65536C 
 2771      6565704F 
 2772 01af 00       		.ascii	"\000"
 2773 01b0 00       		.ascii	"\000"
 2774 01b1 00       		.ascii	"\000"
 2775 01b2 00000000 		.ascii	"\000\000\000\000\000\000\000\000"
 2775      00000000 
 2776 01ba 06020000 		.ascii	"\006\002\000\000"
 2777 01be 48414C5F 		.ascii	"HAL_PWR_DisableSleepOnExit\000"
 2777      5057525F 
 2777      44697361 
 2777      626C6553 
 2777      6C656570 
 2778 01d9 00       		.ascii	"\000"
 2779 01da 00       		.ascii	"\000"
 2780 01db 00       		.ascii	"\000"
 2781 01dc 00000000 		.ascii	"\000\000\000\000\000\000\000\000"
 2781      00000000 
 2782 01e4 08020000 		.ascii	"\010\002\000\000"
 2783 01e8 48414C5F 		.ascii	"HAL_PWR_EnableSEVOnPend\000"
 2783      5057525F 
 2783      456E6162 
 2783      6C655345 
 2783      564F6E50 
 2784 0200 00       		.ascii	"\000"
 2785 0201 00       		.ascii	"\000"
 2786 0202 00       		.ascii	"\000"
 2787 0203 00000000 		.ascii	"\000\000\000\000\000\000\000\000"
 2787      00000000 
 2788 020b 0A020000 		.ascii	"\012\002\000\000"
 2789 020f 48414C5F 		.ascii	"HAL_PWR_DisableSEVOnPend\000"
 2789      5057525F 
 2789      44697361 
 2789      626C6553 
 2789      45564F6E 
 2790 0228 00       		.ascii	"\000"
 2791 0229 00       		.ascii	"\000"
 2792 022a 00       		.ascii	"\000"
 2793 022b 00000000 		.ascii	"\000\000\000\000\000\000\000\000"
 2793      00000000 
 2794 0233 0C020000 		.ascii	"\014\002\000\000"
 2795 0237 48414C5F 		.ascii	"HAL_PWR_PVDCallback\000"
 2795      5057525F 
 2795      50564443 
 2795      616C6C62 
 2795      61636B00 
 2796 024b 00       		.ascii	"\000"
 2797 024c 01       		.ascii	"\001"
 2798 024d 00       		.ascii	"\000"
 2799 024e 00000000 		.ascii	"\000\000\000\000\000\000\000\000"
 2799      00000000 
 2800 0256 10020000 		.ascii	"\020\002\000\000"
ARM GAS  C:\Users\nicx5\AppData\Local\Temp\ccNPfpFO.s 			page 103


 2801 025a 48414C5F 		.ascii	"HAL_PWR_PVD_IRQHandler\000"
 2801      5057525F 
 2801      5056445F 
 2801      49525148 
 2801      616E646C 
 2802 0271 00       		.ascii	"\000"
 2803 0272 00       		.ascii	"\000"
 2804 0273 00       		.ascii	"\000"
 2805 0274 00000000 		.ascii	"\000\000\000\000\000\000\000\000"
 2805      00000000 
 2806 027c 13020000 		.ascii	"\023\002\000\000"
 2807              		.text
 2808              		.section	.gnu.lto_.ext_symtab.1f2f1714,"e",%progbits
 2809 0000 01       		.ascii	"\001"
 2810 0001 01       		.ascii	"\001"
 2811 0002 00       		.ascii	"\000"
 2812 0003 01       		.ascii	"\001"
 2813 0004 00       		.ascii	"\000"
 2814 0005 01       		.ascii	"\001"
 2815 0006 00       		.ascii	"\000"
 2816 0007 01       		.ascii	"\001"
 2817 0008 00       		.ascii	"\000"
 2818 0009 01       		.ascii	"\001"
 2819 000a 00       		.ascii	"\000"
 2820 000b 01       		.ascii	"\001"
 2821 000c 00       		.ascii	"\000"
 2822 000d 01       		.ascii	"\001"
 2823 000e 00       		.ascii	"\000"
 2824 000f 01       		.ascii	"\001"
 2825 0010 00       		.ascii	"\000"
 2826 0011 01       		.ascii	"\001"
 2827 0012 00       		.ascii	"\000"
 2828 0013 01       		.ascii	"\001"
 2829 0014 00       		.ascii	"\000"
 2830 0015 01       		.ascii	"\001"
 2831 0016 00       		.ascii	"\000"
 2832 0017 01       		.ascii	"\001"
 2833 0018 00       		.ascii	"\000"
 2834 0019 01       		.ascii	"\001"
 2835 001a 00       		.ascii	"\000"
 2836 001b 01       		.ascii	"\001"
 2837 001c 00       		.ascii	"\000"
 2838 001d 01       		.ascii	"\001"
 2839 001e 00       		.ascii	"\000"
 2840 001f 01       		.ascii	"\001"
 2841 0020 00       		.ascii	"\000"
 2842 0021 01       		.ascii	"\001"
 2843 0022 00       		.ascii	"\000"
 2844              		.text
 2845              		.section	.gnu.lto_.opts,"e",%progbits
 2846 0000 272D666E 		.ascii	"'-fno-openmp' '-fno-openacc' '-fno-pie' '-fcf-prote"
 2846      6F2D6F70 
 2846      656E6D70 
 2846      2720272D 
 2846      666E6F2D 
 2847 0033 6374696F 		.ascii	"ction=none' '-g' '-mcpu=cortex-m7' '-mthumb' '-mfpu"
 2847      6E3D6E6F 
ARM GAS  C:\Users\nicx5\AppData\Local\Temp\ccNPfpFO.s 			page 104


 2847      6E652720 
 2847      272D6727 
 2847      20272D6D 
 2848 0066 3D667076 		.ascii	"=fpv5-d16' '-mfloat-abi=hard' '-mlibarch=armv7e-m+f"
 2848      352D6431 
 2848      36272027 
 2848      2D6D666C 
 2848      6F61742D 
 2849 0099 702E6470 		.ascii	"p.dp' '-march=armv7e-m+fp.dp' '-Os' '-fdata-section"
 2849      2720272D 
 2849      6D617263 
 2849      683D6172 
 2849      6D763765 
 2850 00cc 73272027 		.ascii	"s' '-ffunction-sections' '-flto' '-fmerge-constants"
 2850      2D666675 
 2850      6E637469 
 2850      6F6E2D73 
 2850      65637469 
 2851 00ff 2720272D 		.ascii	"' '-fno-unwind-tables' '-fno-asynchronous-unwind-ta"
 2851      666E6F2D 
 2851      756E7769 
 2851      6E642D74 
 2851      61626C65 
 2852 0132 626C6573 		.ascii	"bles' '-Xassembler' '-a' '-Xassembler' '-ad' '-Xass"
 2852      2720272D 
 2852      58617373 
 2852      656D626C 
 2852      65722720 
 2853 0165 656D626C 		.ascii	"embler' '-alms=build_bootloader/stm32h7xx_hal_pwr.l"
 2853      65722720 
 2853      272D616C 
 2853      6D733D62 
 2853      75696C64 
 2854 0198 73742700 		.ascii	"st'\000"
 2855              		.text
 2856              		.comm	__gnu_lto_slim,1,1
 2857              		.ident	"GCC: (GNU) 13.3.0"
ARM GAS  C:\Users\nicx5\AppData\Local\Temp\ccNPfpFO.s 			page 105


DEFINED SYMBOLS
                            *ABS*:00000000 stm32h7xx_hal_pwr.c
C:\Users\nicx5\AppData\Local\Temp\ccNPfpFO.s:26     .gnu.debuglto_.debug_info:00000000 stm32h7xx_hal_pwr.c.2667fa0b
                            *COM*:00000001 __gnu_lto_slim

NO UNDEFINED SYMBOLS
