ARM GAS  C:\Users\nicx5\AppData\Local\Temp\ccXYfuNk.s 			page 1


   1              		.cpu cortex-m7
   2              		.arch armv7e-m
   3              		.fpu fpv5-d16
   4              		.eabi_attribute 28, 1
   5              		.eabi_attribute 20, 1
   6              		.eabi_attribute 21, 1
   7              		.eabi_attribute 23, 3
   8              		.eabi_attribute 24, 1
   9              		.eabi_attribute 25, 1
  10              		.eabi_attribute 26, 1
  11              		.eabi_attribute 30, 4
  12              		.eabi_attribute 34, 1
  13              		.eabi_attribute 18, 4
  14              		.file	"system_config.c"
  15              		.file 1 "D:/Program Files/msys64/mingw64/arm-none-eabi/include/machine/_default_types.h"
  16              		.file 2 "D:/Program Files/msys64/mingw64/arm-none-eabi/include/sys/_stdint.h"
  17              		.file 3 "Drivers/CMSIS/Device/ST/STM32H7xx/Include/stm32h750xx.h"
  18              		.file 4 "Drivers/STM32H7xx_HAL_Driver/Inc/stm32h7xx_hal_def.h"
  19              		.file 5 "Drivers/STM32H7xx_HAL_Driver/Inc/stm32h7xx_hal_rcc.h"
  20              		.file 6 "Drivers/STM32H7xx_HAL_Driver/Inc/stm32h7xx_hal_pwr_ex.h"
  21              		.file 7 "Bootloader/Src/system_config.c"
  22              		.file 8 "Core/Inc/main.h"
  23              		.section	.gnu.debuglto_.debug_info,"e",%progbits
  24              	.Ldebug_info0:
  25              		.hidden	system_config.c.53b5793a
  26              		.weak	system_config.c.53b5793a
  27              	system_config.c.53b5793a:
  28 0000 57060000 		.4byte	0x657
  29 0004 0200     		.2byte	0x2
  30 0006 00000000 		.4byte	.Ldebug_abbrev0
  31 000a 04       		.byte	0x4
  32 000b 01       		.uleb128 0x1
  33 000c 54000000 		.4byte	.LASF85
  34 0010 0C       		.byte	0xc
  35 0011 93010000 		.4byte	.LASF86
  36 0015 D3010000 		.4byte	.LASF87
  37 0019 00000000 		.4byte	.Ldebug_line0
  38 001d 02       		.uleb128 0x2
  39 001e 02       		.byte	0x2
  40 001f 05       		.byte	0x5
  41 0020 69010000 		.4byte	.LASF0
  42 0024 02       		.uleb128 0x2
  43 0025 01       		.byte	0x1
  44 0026 06       		.byte	0x6
  45 0027 0E030000 		.4byte	.LASF1
  46 002b 02       		.uleb128 0x2
  47 002c 01       		.byte	0x1
  48 002d 08       		.byte	0x8
  49 002e E0020000 		.4byte	.LASF2
  50 0032 02       		.uleb128 0x2
  51 0033 02       		.byte	0x2
  52 0034 07       		.byte	0x7
  53 0035 86030000 		.4byte	.LASF3
  54 0039 02       		.uleb128 0x2
  55 003a 04       		.byte	0x4
  56 003b 05       		.byte	0x5
  57 003c 8C020000 		.4byte	.LASF4
ARM GAS  C:\Users\nicx5\AppData\Local\Temp\ccXYfuNk.s 			page 2


  58 0040 03       		.uleb128 0x3
  59 0041 C8010000 		.4byte	.LASF9
  60 0045 01       		.byte	0x1
  61 0046 4F       		.byte	0x4f
  62 0047 19       		.byte	0x19
  63 0048 4C000000 		.4byte	0x4c
  64 004c 02       		.uleb128 0x2
  65 004d 04       		.byte	0x4
  66 004e 07       		.byte	0x7
  67 004f 06040000 		.4byte	.LASF5
  68 0053 02       		.uleb128 0x2
  69 0054 08       		.byte	0x8
  70 0055 05       		.byte	0x5
  71 0056 46040000 		.4byte	.LASF6
  72 005a 02       		.uleb128 0x2
  73 005b 08       		.byte	0x8
  74 005c 07       		.byte	0x7
  75 005d 1A030000 		.4byte	.LASF7
  76 0061 04       		.uleb128 0x4
  77 0062 04       		.byte	0x4
  78 0063 05       		.byte	0x5
  79 0064 696E7400 		.ascii	"int\000"
  80 0068 02       		.uleb128 0x2
  81 0069 04       		.byte	0x4
  82 006a 07       		.byte	0x7
  83 006b 48030000 		.4byte	.LASF8
  84 006f 03       		.uleb128 0x3
  85 0070 3A030000 		.4byte	.LASF10
  86 0074 02       		.byte	0x2
  87 0075 30       		.byte	0x30
  88 0076 14       		.byte	0x14
  89 0077 40000000 		.4byte	0x40
  90 007b 05       		.uleb128 0x5
  91 007c 6F000000 		.4byte	0x6f
  92 0080 06       		.uleb128 0x6
  93 0081 7B000000 		.4byte	0x7b
  94 0085 90000000 		.4byte	0x90
  95 0089 07       		.uleb128 0x7
  96 008a 68000000 		.4byte	0x68
  97 008e 03       		.byte	0x3
  98 008f 00       		.byte	0
  99 0090 05       		.uleb128 0x5
 100 0091 80000000 		.4byte	0x80
 101 0095 08       		.uleb128 0x8
 102 0096 4803     		.2byte	0x348
 103 0098 03       		.byte	0x3
 104 0099 1E04     		.2byte	0x41e
 105 009b 09       		.byte	0x9
 106 009c 95020000 		.4byte	0x295
 107 00a0 09       		.uleb128 0x9
 108 00a1 DE030000 		.4byte	.LASF11
 109 00a5 03       		.byte	0x3
 110 00a6 2004     		.2byte	0x420
 111 00a8 0B       		.byte	0xb
 112 00a9 6F000000 		.4byte	0x6f
 113 00ad 02       		.byte	0x2
 114 00ae 23       		.byte	0x23
ARM GAS  C:\Users\nicx5\AppData\Local\Temp\ccXYfuNk.s 			page 3


 115 00af 00       		.uleb128 0
 116 00b0 09       		.uleb128 0x9
 117 00b1 CF030000 		.4byte	.LASF12
 118 00b5 03       		.byte	0x3
 119 00b6 2104     		.2byte	0x421
 120 00b8 10       		.byte	0x10
 121 00b9 7B000000 		.4byte	0x7b
 122 00bd 02       		.byte	0x2
 123 00be 23       		.byte	0x23
 124 00bf 04       		.uleb128 0x4
 125 00c0 09       		.uleb128 0x9
 126 00c1 90040000 		.4byte	.LASF13
 127 00c5 03       		.byte	0x3
 128 00c6 2204     		.2byte	0x422
 129 00c8 10       		.byte	0x10
 130 00c9 90000000 		.4byte	0x90
 131 00cd 02       		.byte	0x2
 132 00ce 23       		.byte	0x23
 133 00cf 08       		.uleb128 0x8
 134 00d0 09       		.uleb128 0x9
 135 00d1 97040000 		.4byte	.LASF14
 136 00d5 03       		.byte	0x3
 137 00d6 2304     		.2byte	0x423
 138 00d8 10       		.byte	0x10
 139 00d9 7B000000 		.4byte	0x7b
 140 00dd 02       		.byte	0x2
 141 00de 23       		.byte	0x23
 142 00df 18       		.uleb128 0x18
 143 00e0 09       		.uleb128 0x9
 144 00e1 E8030000 		.4byte	.LASF15
 145 00e5 03       		.byte	0x3
 146 00e6 2404     		.2byte	0x424
 147 00e8 0B       		.byte	0xb
 148 00e9 6F000000 		.4byte	0x6f
 149 00ed 02       		.byte	0x2
 150 00ee 23       		.byte	0x23
 151 00ef 1C       		.uleb128 0x1c
 152 00f0 09       		.uleb128 0x9
 153 00f1 9E030000 		.4byte	.LASF16
 154 00f5 03       		.byte	0x3
 155 00f6 2504     		.2byte	0x425
 156 00f8 10       		.byte	0x10
 157 00f9 7B000000 		.4byte	0x7b
 158 00fd 02       		.byte	0x2
 159 00fe 23       		.byte	0x23
 160 00ff 20       		.uleb128 0x20
 161 0100 09       		.uleb128 0x9
 162 0101 5A030000 		.4byte	.LASF17
 163 0105 03       		.byte	0x3
 164 0106 2604     		.2byte	0x426
 165 0108 10       		.byte	0x10
 166 0109 7B000000 		.4byte	0x7b
 167 010d 02       		.byte	0x2
 168 010e 23       		.byte	0x23
 169 010f 24       		.uleb128 0x24
 170 0110 09       		.uleb128 0x9
 171 0111 EE020000 		.4byte	.LASF18
ARM GAS  C:\Users\nicx5\AppData\Local\Temp\ccXYfuNk.s 			page 4


 172 0115 03       		.byte	0x3
 173 0116 2704     		.2byte	0x427
 174 0118 10       		.byte	0x10
 175 0119 7B000000 		.4byte	0x7b
 176 011d 02       		.byte	0x2
 177 011e 23       		.byte	0x23
 178 011f 28       		.uleb128 0x28
 179 0120 09       		.uleb128 0x9
 180 0121 E7010000 		.4byte	.LASF19
 181 0125 03       		.byte	0x3
 182 0126 2804     		.2byte	0x428
 183 0128 10       		.byte	0x10
 184 0129 7B000000 		.4byte	0x7b
 185 012d 02       		.byte	0x2
 186 012e 23       		.byte	0x23
 187 012f 2C       		.uleb128 0x2c
 188 0130 09       		.uleb128 0x9
 189 0131 F2030000 		.4byte	.LASF20
 190 0135 03       		.byte	0x3
 191 0136 2904     		.2byte	0x429
 192 0138 10       		.byte	0x10
 193 0139 95020000 		.4byte	0x295
 194 013d 02       		.byte	0x2
 195 013e 23       		.byte	0x23
 196 013f 30       		.uleb128 0x30
 197 0140 09       		.uleb128 0x9
 198 0141 00000000 		.4byte	.LASF21
 199 0145 03       		.byte	0x3
 200 0146 2A04     		.2byte	0x42a
 201 0148 11       		.byte	0x11
 202 0149 7B000000 		.4byte	0x7b
 203 014d 03       		.byte	0x3
 204 014e 23       		.byte	0x23
 205 014f A402     		.uleb128 0x124
 206 0151 09       		.uleb128 0x9
 207 0152 FC030000 		.4byte	.LASF22
 208 0156 03       		.byte	0x3
 209 0157 2B04     		.2byte	0x42b
 210 0159 10       		.byte	0x10
 211 015a A5020000 		.4byte	0x2a5
 212 015e 03       		.byte	0x3
 213 015f 23       		.byte	0x23
 214 0160 A802     		.uleb128 0x128
 215 0162 0A       		.uleb128 0xa
 216 0163 55523000 		.ascii	"UR0\000"
 217 0167 03       		.byte	0x3
 218 0168 2C04     		.2byte	0x42c
 219 016a 10       		.byte	0x10
 220 016b 7B000000 		.4byte	0x7b
 221 016f 03       		.byte	0x3
 222 0170 23       		.byte	0x23
 223 0171 8006     		.uleb128 0x300
 224 0173 0A       		.uleb128 0xa
 225 0174 55523100 		.ascii	"UR1\000"
 226 0178 03       		.byte	0x3
 227 0179 2D04     		.2byte	0x42d
 228 017b 10       		.byte	0x10
ARM GAS  C:\Users\nicx5\AppData\Local\Temp\ccXYfuNk.s 			page 5


 229 017c 7B000000 		.4byte	0x7b
 230 0180 03       		.byte	0x3
 231 0181 23       		.byte	0x23
 232 0182 8406     		.uleb128 0x304
 233 0184 0A       		.uleb128 0xa
 234 0185 55523200 		.ascii	"UR2\000"
 235 0189 03       		.byte	0x3
 236 018a 2E04     		.2byte	0x42e
 237 018c 10       		.byte	0x10
 238 018d 7B000000 		.4byte	0x7b
 239 0191 03       		.byte	0x3
 240 0192 23       		.byte	0x23
 241 0193 8806     		.uleb128 0x308
 242 0195 0A       		.uleb128 0xa
 243 0196 55523300 		.ascii	"UR3\000"
 244 019a 03       		.byte	0x3
 245 019b 2F04     		.2byte	0x42f
 246 019d 10       		.byte	0x10
 247 019e 7B000000 		.4byte	0x7b
 248 01a2 03       		.byte	0x3
 249 01a3 23       		.byte	0x23
 250 01a4 8C06     		.uleb128 0x30c
 251 01a6 0A       		.uleb128 0xa
 252 01a7 55523400 		.ascii	"UR4\000"
 253 01ab 03       		.byte	0x3
 254 01ac 3004     		.2byte	0x430
 255 01ae 10       		.byte	0x10
 256 01af 7B000000 		.4byte	0x7b
 257 01b3 03       		.byte	0x3
 258 01b4 23       		.byte	0x23
 259 01b5 9006     		.uleb128 0x310
 260 01b7 0A       		.uleb128 0xa
 261 01b8 55523500 		.ascii	"UR5\000"
 262 01bc 03       		.byte	0x3
 263 01bd 3104     		.2byte	0x431
 264 01bf 10       		.byte	0x10
 265 01c0 7B000000 		.4byte	0x7b
 266 01c4 03       		.byte	0x3
 267 01c5 23       		.byte	0x23
 268 01c6 9406     		.uleb128 0x314
 269 01c8 0A       		.uleb128 0xa
 270 01c9 55523600 		.ascii	"UR6\000"
 271 01cd 03       		.byte	0x3
 272 01ce 3204     		.2byte	0x432
 273 01d0 10       		.byte	0x10
 274 01d1 7B000000 		.4byte	0x7b
 275 01d5 03       		.byte	0x3
 276 01d6 23       		.byte	0x23
 277 01d7 9806     		.uleb128 0x318
 278 01d9 0A       		.uleb128 0xa
 279 01da 55523700 		.ascii	"UR7\000"
 280 01de 03       		.byte	0x3
 281 01df 3304     		.2byte	0x433
 282 01e1 10       		.byte	0x10
 283 01e2 7B000000 		.4byte	0x7b
 284 01e6 03       		.byte	0x3
 285 01e7 23       		.byte	0x23
ARM GAS  C:\Users\nicx5\AppData\Local\Temp\ccXYfuNk.s 			page 6


 286 01e8 9C06     		.uleb128 0x31c
 287 01ea 0A       		.uleb128 0xa
 288 01eb 55523800 		.ascii	"UR8\000"
 289 01ef 03       		.byte	0x3
 290 01f0 3404     		.2byte	0x434
 291 01f2 10       		.byte	0x10
 292 01f3 7B000000 		.4byte	0x7b
 293 01f7 03       		.byte	0x3
 294 01f8 23       		.byte	0x23
 295 01f9 A006     		.uleb128 0x320
 296 01fb 0A       		.uleb128 0xa
 297 01fc 55523900 		.ascii	"UR9\000"
 298 0200 03       		.byte	0x3
 299 0201 3504     		.2byte	0x435
 300 0203 10       		.byte	0x10
 301 0204 7B000000 		.4byte	0x7b
 302 0208 03       		.byte	0x3
 303 0209 23       		.byte	0x23
 304 020a A406     		.uleb128 0x324
 305 020c 09       		.uleb128 0x9
 306 020d D6020000 		.4byte	.LASF23
 307 0211 03       		.byte	0x3
 308 0212 3604     		.2byte	0x436
 309 0214 10       		.byte	0x10
 310 0215 7B000000 		.4byte	0x7b
 311 0219 03       		.byte	0x3
 312 021a 23       		.byte	0x23
 313 021b A806     		.uleb128 0x328
 314 021d 09       		.uleb128 0x9
 315 021e DB020000 		.4byte	.LASF24
 316 0222 03       		.byte	0x3
 317 0223 3704     		.2byte	0x437
 318 0225 10       		.byte	0x10
 319 0226 7B000000 		.4byte	0x7b
 320 022a 03       		.byte	0x3
 321 022b 23       		.byte	0x23
 322 022c AC06     		.uleb128 0x32c
 323 022e 09       		.uleb128 0x9
 324 022f 4F000000 		.4byte	.LASF25
 325 0233 03       		.byte	0x3
 326 0234 3804     		.2byte	0x438
 327 0236 10       		.byte	0x10
 328 0237 7B000000 		.4byte	0x7b
 329 023b 03       		.byte	0x3
 330 023c 23       		.byte	0x23
 331 023d B006     		.uleb128 0x330
 332 023f 09       		.uleb128 0x9
 333 0240 99030000 		.4byte	.LASF26
 334 0244 03       		.byte	0x3
 335 0245 3904     		.2byte	0x439
 336 0247 10       		.byte	0x10
 337 0248 7B000000 		.4byte	0x7b
 338 024c 03       		.byte	0x3
 339 024d 23       		.byte	0x23
 340 024e B406     		.uleb128 0x334
 341 0250 09       		.uleb128 0x9
 342 0251 F3020000 		.4byte	.LASF27
ARM GAS  C:\Users\nicx5\AppData\Local\Temp\ccXYfuNk.s 			page 7


 343 0255 03       		.byte	0x3
 344 0256 3A04     		.2byte	0x43a
 345 0258 10       		.byte	0x10
 346 0259 7B000000 		.4byte	0x7b
 347 025d 03       		.byte	0x3
 348 025e 23       		.byte	0x23
 349 025f B806     		.uleb128 0x338
 350 0261 09       		.uleb128 0x9
 351 0262 F8020000 		.4byte	.LASF28
 352 0266 03       		.byte	0x3
 353 0267 3B04     		.2byte	0x43b
 354 0269 10       		.byte	0x10
 355 026a 7B000000 		.4byte	0x7b
 356 026e 03       		.byte	0x3
 357 026f 23       		.byte	0x23
 358 0270 BC06     		.uleb128 0x33c
 359 0272 09       		.uleb128 0x9
 360 0273 FD020000 		.4byte	.LASF29
 361 0277 03       		.byte	0x3
 362 0278 3C04     		.2byte	0x43c
 363 027a 10       		.byte	0x10
 364 027b 7B000000 		.4byte	0x7b
 365 027f 03       		.byte	0x3
 366 0280 23       		.byte	0x23
 367 0281 C006     		.uleb128 0x340
 368 0283 09       		.uleb128 0x9
 369 0284 54040000 		.4byte	.LASF30
 370 0288 03       		.byte	0x3
 371 0289 3D04     		.2byte	0x43d
 372 028b 10       		.byte	0x10
 373 028c 7B000000 		.4byte	0x7b
 374 0290 03       		.byte	0x3
 375 0291 23       		.byte	0x23
 376 0292 C406     		.uleb128 0x344
 377 0294 00       		.byte	0
 378 0295 06       		.uleb128 0x6
 379 0296 6F000000 		.4byte	0x6f
 380 029a A5020000 		.4byte	0x2a5
 381 029e 07       		.uleb128 0x7
 382 029f 68000000 		.4byte	0x68
 383 02a3 3C       		.byte	0x3c
 384 02a4 00       		.byte	0
 385 02a5 06       		.uleb128 0x6
 386 02a6 6F000000 		.4byte	0x6f
 387 02aa B5020000 		.4byte	0x2b5
 388 02ae 07       		.uleb128 0x7
 389 02af 68000000 		.4byte	0x68
 390 02b3 75       		.byte	0x75
 391 02b4 00       		.byte	0
 392 02b5 0B       		.uleb128 0xb
 393 02b6 38000000 		.4byte	.LASF31
 394 02ba 03       		.byte	0x3
 395 02bb 3F04     		.2byte	0x43f
 396 02bd 03       		.byte	0x3
 397 02be 95000000 		.4byte	0x95
 398 02c2 0C       		.uleb128 0xc
 399 02c3 2C       		.byte	0x2c
ARM GAS  C:\Users\nicx5\AppData\Local\Temp\ccXYfuNk.s 			page 8


 400 02c4 03       		.byte	0x3
 401 02c5 BB04     		.2byte	0x4bb
 402 02c7 09       		.byte	0x9
 403 02c8 7D030000 		.4byte	0x37d
 404 02cc 0A       		.uleb128 0xa
 405 02cd 43523100 		.ascii	"CR1\000"
 406 02d1 03       		.byte	0x3
 407 02d2 BD04     		.2byte	0x4bd
 408 02d4 11       		.byte	0x11
 409 02d5 7B000000 		.4byte	0x7b
 410 02d9 02       		.byte	0x2
 411 02da 23       		.byte	0x23
 412 02db 00       		.uleb128 0
 413 02dc 09       		.uleb128 0x9
 414 02dd 09030000 		.4byte	.LASF32
 415 02e1 03       		.byte	0x3
 416 02e2 BE04     		.2byte	0x4be
 417 02e4 11       		.byte	0x11
 418 02e5 7B000000 		.4byte	0x7b
 419 02e9 02       		.byte	0x2
 420 02ea 23       		.byte	0x23
 421 02eb 04       		.uleb128 0x4
 422 02ec 0A       		.uleb128 0xa
 423 02ed 43523200 		.ascii	"CR2\000"
 424 02f1 03       		.byte	0x3
 425 02f2 BF04     		.2byte	0x4bf
 426 02f4 11       		.byte	0x11
 427 02f5 7B000000 		.4byte	0x7b
 428 02f9 02       		.byte	0x2
 429 02fa 23       		.byte	0x23
 430 02fb 08       		.uleb128 0x8
 431 02fc 0A       		.uleb128 0xa
 432 02fd 43523300 		.ascii	"CR3\000"
 433 0301 03       		.byte	0x3
 434 0302 C004     		.2byte	0x4c0
 435 0304 11       		.byte	0x11
 436 0305 7B000000 		.4byte	0x7b
 437 0309 02       		.byte	0x2
 438 030a 23       		.byte	0x23
 439 030b 0C       		.uleb128 0xc
 440 030c 09       		.uleb128 0x9
 441 030d AD030000 		.4byte	.LASF33
 442 0311 03       		.byte	0x3
 443 0312 C104     		.2byte	0x4c1
 444 0314 11       		.byte	0x11
 445 0315 7B000000 		.4byte	0x7b
 446 0319 02       		.byte	0x2
 447 031a 23       		.byte	0x23
 448 031b 10       		.uleb128 0x10
 449 031c 09       		.uleb128 0x9
 450 031d D4030000 		.4byte	.LASF34
 451 0321 03       		.byte	0x3
 452 0322 C204     		.2byte	0x4c2
 453 0324 11       		.byte	0x11
 454 0325 6F000000 		.4byte	0x6f
 455 0329 02       		.byte	0x2
 456 032a 23       		.byte	0x23
ARM GAS  C:\Users\nicx5\AppData\Local\Temp\ccXYfuNk.s 			page 9


 457 032b 14       		.uleb128 0x14
 458 032c 09       		.uleb128 0x9
 459 032d 81030000 		.4byte	.LASF35
 460 0331 03       		.byte	0x3
 461 0332 C304     		.2byte	0x4c3
 462 0334 11       		.byte	0x11
 463 0335 7B000000 		.4byte	0x7b
 464 0339 02       		.byte	0x2
 465 033a 23       		.byte	0x23
 466 033b 18       		.uleb128 0x18
 467 033c 09       		.uleb128 0x9
 468 033d DE030000 		.4byte	.LASF11
 469 0341 03       		.byte	0x3
 470 0342 C404     		.2byte	0x4c4
 471 0344 11       		.byte	0x11
 472 0345 6F000000 		.4byte	0x6f
 473 0349 02       		.byte	0x2
 474 034a 23       		.byte	0x23
 475 034b 1C       		.uleb128 0x1c
 476 034c 09       		.uleb128 0x9
 477 034d 02030000 		.4byte	.LASF36
 478 0351 03       		.byte	0x3
 479 0352 C504     		.2byte	0x4c5
 480 0354 11       		.byte	0x11
 481 0355 7B000000 		.4byte	0x7b
 482 0359 02       		.byte	0x2
 483 035a 23       		.byte	0x23
 484 035b 20       		.uleb128 0x20
 485 035c 09       		.uleb128 0x9
 486 035d 56020000 		.4byte	.LASF37
 487 0361 03       		.byte	0x3
 488 0362 C604     		.2byte	0x4c6
 489 0364 11       		.byte	0x11
 490 0365 7B000000 		.4byte	0x7b
 491 0369 02       		.byte	0x2
 492 036a 23       		.byte	0x23
 493 036b 24       		.uleb128 0x24
 494 036c 09       		.uleb128 0x9
 495 036d 47000000 		.4byte	.LASF38
 496 0371 03       		.byte	0x3
 497 0372 C704     		.2byte	0x4c7
 498 0374 11       		.byte	0x11
 499 0375 7B000000 		.4byte	0x7b
 500 0379 02       		.byte	0x2
 501 037a 23       		.byte	0x23
 502 037b 28       		.uleb128 0x28
 503 037c 00       		.byte	0
 504 037d 0B       		.uleb128 0xb
 505 037e B2010000 		.4byte	.LASF39
 506 0382 03       		.byte	0x3
 507 0383 C804     		.2byte	0x4c8
 508 0385 03       		.byte	0x3
 509 0386 C2020000 		.4byte	0x2c2
 510 038a 02       		.uleb128 0x2
 511 038b 08       		.byte	0x8
 512 038c 04       		.byte	0x4
 513 038d CA020000 		.4byte	.LASF40
ARM GAS  C:\Users\nicx5\AppData\Local\Temp\ccXYfuNk.s 			page 10


 514 0391 02       		.uleb128 0x2
 515 0392 01       		.byte	0x1
 516 0393 08       		.byte	0x8
 517 0394 7C020000 		.4byte	.LASF41
 518 0398 02       		.uleb128 0x2
 519 0399 04       		.byte	0x4
 520 039a 04       		.byte	0x4
 521 039b 5D020000 		.4byte	.LASF42
 522 039f 02       		.uleb128 0x2
 523 03a0 08       		.byte	0x8
 524 03a1 04       		.byte	0x4
 525 03a2 21040000 		.4byte	.LASF43
 526 03a6 0D       		.uleb128 0xd
 527 03a7 07       		.byte	0x7
 528 03a8 01       		.byte	0x1
 529 03a9 2B000000 		.4byte	0x2b
 530 03ad 04       		.byte	0x4
 531 03ae 28       		.byte	0x28
 532 03af 01       		.byte	0x1
 533 03b0 CD030000 		.4byte	0x3cd
 534 03b4 0E       		.uleb128 0xe
 535 03b5 F6010000 		.4byte	.LASF44
 536 03b9 00       		.byte	0
 537 03ba 0E       		.uleb128 0xe
 538 03bb 05000000 		.4byte	.LASF45
 539 03bf 01       		.byte	0x1
 540 03c0 0E       		.uleb128 0xe
 541 03c1 30020000 		.4byte	.LASF46
 542 03c5 02       		.byte	0x2
 543 03c6 0E       		.uleb128 0xe
 544 03c7 0F000000 		.4byte	.LASF47
 545 03cb 03       		.byte	0x3
 546 03cc 00       		.byte	0
 547 03cd 03       		.uleb128 0x3
 548 03ce A2020000 		.4byte	.LASF48
 549 03d2 04       		.byte	0x4
 550 03d3 2D       		.byte	0x2d
 551 03d4 03       		.byte	0x3
 552 03d5 A6030000 		.4byte	0x3a6
 553 03d9 0F       		.uleb128 0xf
 554 03da 28       		.byte	0x28
 555 03db 05       		.byte	0x5
 556 03dc 2E       		.byte	0x2e
 557 03dd 09       		.byte	0x9
 558 03de 79040000 		.4byte	0x479
 559 03e2 10       		.uleb128 0x10
 560 03e3 ED010000 		.4byte	.LASF49
 561 03e7 05       		.byte	0x5
 562 03e8 30       		.byte	0x30
 563 03e9 0C       		.byte	0xc
 564 03ea 6F000000 		.4byte	0x6f
 565 03ee 02       		.byte	0x2
 566 03ef 23       		.byte	0x23
 567 03f0 00       		.uleb128 0
 568 03f1 10       		.uleb128 0x10
 569 03f2 BE010000 		.4byte	.LASF50
 570 03f6 05       		.byte	0x5
ARM GAS  C:\Users\nicx5\AppData\Local\Temp\ccXYfuNk.s 			page 11


 571 03f7 33       		.byte	0x33
 572 03f8 0C       		.byte	0xc
 573 03f9 6F000000 		.4byte	0x6f
 574 03fd 02       		.byte	0x2
 575 03fe 23       		.byte	0x23
 576 03ff 04       		.uleb128 0x4
 577 0400 10       		.uleb128 0x10
 578 0401 43030000 		.4byte	.LASF51
 579 0405 05       		.byte	0x5
 580 0406 36       		.byte	0x36
 581 0407 0C       		.byte	0xc
 582 0408 6F000000 		.4byte	0x6f
 583 040c 02       		.byte	0x2
 584 040d 23       		.byte	0x23
 585 040e 08       		.uleb128 0x8
 586 040f 10       		.uleb128 0x10
 587 0410 55030000 		.4byte	.LASF52
 588 0414 05       		.byte	0x5
 589 0415 39       		.byte	0x39
 590 0416 0C       		.byte	0xc
 591 0417 6F000000 		.4byte	0x6f
 592 041b 02       		.byte	0x2
 593 041c 23       		.byte	0x23
 594 041d 0C       		.uleb128 0xc
 595 041e 10       		.uleb128 0x10
 596 041f 5F030000 		.4byte	.LASF53
 597 0423 05       		.byte	0x5
 598 0424 3E       		.byte	0x3e
 599 0425 0C       		.byte	0xc
 600 0426 6F000000 		.4byte	0x6f
 601 042a 02       		.byte	0x2
 602 042b 23       		.byte	0x23
 603 042c 10       		.uleb128 0x10
 604 042d 10       		.uleb128 0x10
 605 042e 64030000 		.4byte	.LASF54
 606 0432 05       		.byte	0x5
 607 0433 42       		.byte	0x42
 608 0434 0C       		.byte	0xc
 609 0435 6F000000 		.4byte	0x6f
 610 0439 02       		.byte	0x2
 611 043a 23       		.byte	0x23
 612 043b 14       		.uleb128 0x14
 613 043c 10       		.uleb128 0x10
 614 043d 69030000 		.4byte	.LASF55
 615 0441 05       		.byte	0x5
 616 0442 45       		.byte	0x45
 617 0443 0C       		.byte	0xc
 618 0444 6F000000 		.4byte	0x6f
 619 0448 02       		.byte	0x2
 620 0449 23       		.byte	0x23
 621 044a 18       		.uleb128 0x18
 622 044b 10       		.uleb128 0x10
 623 044c 76040000 		.4byte	.LASF56
 624 0450 05       		.byte	0x5
 625 0451 47       		.byte	0x47
 626 0452 0C       		.byte	0xc
 627 0453 6F000000 		.4byte	0x6f
ARM GAS  C:\Users\nicx5\AppData\Local\Temp\ccXYfuNk.s 			page 12


 628 0457 02       		.byte	0x2
 629 0458 23       		.byte	0x23
 630 0459 1C       		.uleb128 0x1c
 631 045a 10       		.uleb128 0x10
 632 045b 72020000 		.4byte	.LASF57
 633 045f 05       		.byte	0x5
 634 0460 49       		.byte	0x49
 635 0461 0C       		.byte	0xc
 636 0462 6F000000 		.4byte	0x6f
 637 0466 02       		.byte	0x2
 638 0467 23       		.byte	0x23
 639 0468 20       		.uleb128 0x20
 640 0469 10       		.uleb128 0x10
 641 046a 6D040000 		.4byte	.LASF58
 642 046e 05       		.byte	0x5
 643 046f 4C       		.byte	0x4c
 644 0470 0C       		.byte	0xc
 645 0471 6F000000 		.4byte	0x6f
 646 0475 02       		.byte	0x2
 647 0476 23       		.byte	0x23
 648 0477 24       		.uleb128 0x24
 649 0478 00       		.byte	0
 650 0479 03       		.uleb128 0x3
 651 047a 6E030000 		.4byte	.LASF59
 652 047e 05       		.byte	0x5
 653 047f 4F       		.byte	0x4f
 654 0480 03       		.byte	0x3
 655 0481 D9030000 		.4byte	0x3d9
 656 0485 0F       		.uleb128 0xf
 657 0486 4C       		.byte	0x4c
 658 0487 05       		.byte	0x5
 659 0488 54       		.byte	0x54
 660 0489 09       		.byte	0x9
 661 048a 25050000 		.4byte	0x525
 662 048e 10       		.uleb128 0x10
 663 048f 63020000 		.4byte	.LASF60
 664 0493 05       		.byte	0x5
 665 0494 56       		.byte	0x56
 666 0495 0C       		.byte	0xc
 667 0496 6F000000 		.4byte	0x6f
 668 049a 02       		.byte	0x2
 669 049b 23       		.byte	0x23
 670 049c 00       		.uleb128 0
 671 049d 10       		.uleb128 0x10
 672 049e 4D020000 		.4byte	.LASF61
 673 04a2 05       		.byte	0x5
 674 04a3 59       		.byte	0x59
 675 04a4 0C       		.byte	0xc
 676 04a5 6F000000 		.4byte	0x6f
 677 04a9 02       		.byte	0x2
 678 04aa 23       		.byte	0x23
 679 04ab 04       		.uleb128 0x4
 680 04ac 10       		.uleb128 0x10
 681 04ad B3030000 		.4byte	.LASF62
 682 04b1 05       		.byte	0x5
 683 04b2 5C       		.byte	0x5c
 684 04b3 0C       		.byte	0xc
ARM GAS  C:\Users\nicx5\AppData\Local\Temp\ccXYfuNk.s 			page 13


 685 04b4 6F000000 		.4byte	0x6f
 686 04b8 02       		.byte	0x2
 687 04b9 23       		.byte	0x23
 688 04ba 08       		.uleb128 0x8
 689 04bb 10       		.uleb128 0x10
 690 04bc 18040000 		.4byte	.LASF63
 691 04c0 05       		.byte	0x5
 692 04c1 5F       		.byte	0x5f
 693 04c2 0C       		.byte	0xc
 694 04c3 6F000000 		.4byte	0x6f
 695 04c7 02       		.byte	0x2
 696 04c8 23       		.byte	0x23
 697 04c9 0C       		.uleb128 0xc
 698 04ca 10       		.uleb128 0x10
 699 04cb 59040000 		.4byte	.LASF64
 700 04cf 05       		.byte	0x5
 701 04d0 62       		.byte	0x62
 702 04d1 0C       		.byte	0xc
 703 04d2 6F000000 		.4byte	0x6f
 704 04d6 02       		.byte	0x2
 705 04d7 23       		.byte	0x23
 706 04d8 10       		.uleb128 0x10
 707 04d9 10       		.uleb128 0x10
 708 04da A4030000 		.4byte	.LASF65
 709 04de 05       		.byte	0x5
 710 04df 66       		.byte	0x66
 711 04e0 0C       		.byte	0xc
 712 04e1 6F000000 		.4byte	0x6f
 713 04e5 02       		.byte	0x2
 714 04e6 23       		.byte	0x23
 715 04e7 14       		.uleb128 0x14
 716 04e8 10       		.uleb128 0x10
 717 04e9 81020000 		.4byte	.LASF66
 718 04ed 05       		.byte	0x5
 719 04ee 69       		.byte	0x69
 720 04ef 0C       		.byte	0xc
 721 04f0 6F000000 		.4byte	0x6f
 722 04f4 02       		.byte	0x2
 723 04f5 23       		.byte	0x23
 724 04f6 18       		.uleb128 0x18
 725 04f7 10       		.uleb128 0x10
 726 04f8 31030000 		.4byte	.LASF67
 727 04fc 05       		.byte	0x5
 728 04fd 6C       		.byte	0x6c
 729 04fe 0C       		.byte	0xc
 730 04ff 6F000000 		.4byte	0x6f
 731 0503 02       		.byte	0x2
 732 0504 23       		.byte	0x23
 733 0505 1C       		.uleb128 0x1c
 734 0506 10       		.uleb128 0x10
 735 0507 28040000 		.4byte	.LASF68
 736 050b 05       		.byte	0x5
 737 050c 6F       		.byte	0x6f
 738 050d 0C       		.byte	0xc
 739 050e 6F000000 		.4byte	0x6f
 740 0512 02       		.byte	0x2
 741 0513 23       		.byte	0x23
ARM GAS  C:\Users\nicx5\AppData\Local\Temp\ccXYfuNk.s 			page 14


 742 0514 20       		.uleb128 0x20
 743 0515 11       		.uleb128 0x11
 744 0516 504C4C00 		.ascii	"PLL\000"
 745 051a 05       		.byte	0x5
 746 051b 73       		.byte	0x73
 747 051c 16       		.byte	0x16
 748 051d 79040000 		.4byte	0x479
 749 0521 02       		.byte	0x2
 750 0522 23       		.byte	0x23
 751 0523 24       		.uleb128 0x24
 752 0524 00       		.byte	0
 753 0525 03       		.uleb128 0x3
 754 0526 7D040000 		.4byte	.LASF69
 755 052a 05       		.byte	0x5
 756 052b 75       		.byte	0x75
 757 052c 03       		.byte	0x3
 758 052d 85040000 		.4byte	0x485
 759 0531 0F       		.uleb128 0xf
 760 0532 20       		.byte	0x20
 761 0533 05       		.byte	0x5
 762 0534 7A       		.byte	0x7a
 763 0535 09       		.byte	0x9
 764 0536 B3050000 		.4byte	0x5b3
 765 053a 10       		.uleb128 0x10
 766 053b 3C040000 		.4byte	.LASF70
 767 053f 05       		.byte	0x5
 768 0540 7C       		.byte	0x7c
 769 0541 0C       		.byte	0xc
 770 0542 6F000000 		.4byte	0x6f
 771 0546 02       		.byte	0x2
 772 0547 23       		.byte	0x23
 773 0548 00       		.uleb128 0
 774 0549 10       		.uleb128 0x10
 775 054a 95020000 		.4byte	.LASF71
 776 054e 05       		.byte	0x5
 777 054f 7F       		.byte	0x7f
 778 0550 0C       		.byte	0xc
 779 0551 6F000000 		.4byte	0x6f
 780 0555 02       		.byte	0x2
 781 0556 23       		.byte	0x23
 782 0557 04       		.uleb128 0x4
 783 0558 10       		.uleb128 0x10
 784 0559 1B000000 		.4byte	.LASF72
 785 055d 05       		.byte	0x5
 786 055e 82       		.byte	0x82
 787 055f 0C       		.byte	0xc
 788 0560 6F000000 		.4byte	0x6f
 789 0564 02       		.byte	0x2
 790 0565 23       		.byte	0x23
 791 0566 08       		.uleb128 0x8
 792 0567 10       		.uleb128 0x10
 793 0568 85010000 		.4byte	.LASF73
 794 056c 05       		.byte	0x5
 795 056d 85       		.byte	0x85
 796 056e 0C       		.byte	0xc
 797 056f 6F000000 		.4byte	0x6f
 798 0573 02       		.byte	0x2
ARM GAS  C:\Users\nicx5\AppData\Local\Temp\ccXYfuNk.s 			page 15


 799 0574 23       		.byte	0x23
 800 0575 0C       		.uleb128 0xc
 801 0576 10       		.uleb128 0x10
 802 0577 9C040000 		.4byte	.LASF74
 803 057b 05       		.byte	0x5
 804 057c 88       		.byte	0x88
 805 057d 0C       		.byte	0xc
 806 057e 6F000000 		.4byte	0x6f
 807 0582 02       		.byte	0x2
 808 0583 23       		.byte	0x23
 809 0584 10       		.uleb128 0x10
 810 0585 10       		.uleb128 0x10
 811 0586 29000000 		.4byte	.LASF75
 812 058a 05       		.byte	0x5
 813 058b 8B       		.byte	0x8b
 814 058c 0C       		.byte	0xc
 815 058d 6F000000 		.4byte	0x6f
 816 0591 02       		.byte	0x2
 817 0592 23       		.byte	0x23
 818 0593 14       		.uleb128 0x14
 819 0594 10       		.uleb128 0x10
 820 0595 B4020000 		.4byte	.LASF76
 821 0599 05       		.byte	0x5
 822 059a 8D       		.byte	0x8d
 823 059b 0C       		.byte	0xc
 824 059c 6F000000 		.4byte	0x6f
 825 05a0 02       		.byte	0x2
 826 05a1 23       		.byte	0x23
 827 05a2 18       		.uleb128 0x18
 828 05a3 10       		.uleb128 0x10
 829 05a4 0F020000 		.4byte	.LASF77
 830 05a8 05       		.byte	0x5
 831 05a9 8F       		.byte	0x8f
 832 05aa 0C       		.byte	0xc
 833 05ab 6F000000 		.4byte	0x6f
 834 05af 02       		.byte	0x2
 835 05b0 23       		.byte	0x23
 836 05b1 1C       		.uleb128 0x1c
 837 05b2 00       		.byte	0
 838 05b3 03       		.uleb128 0x3
 839 05b4 31010000 		.4byte	.LASF78
 840 05b8 05       		.byte	0x5
 841 05b9 91       		.byte	0x91
 842 05ba 03       		.byte	0x3
 843 05bb 31050000 		.4byte	0x531
 844 05bf 12       		.uleb128 0x12
 845 05c0 01       		.byte	0x1
 846 05c1 39020000 		.4byte	.LASF79
 847 05c5 05       		.byte	0x5
 848 05c6 231F     		.2byte	0x1f23
 849 05c8 13       		.byte	0x13
 850 05c9 01       		.byte	0x1
 851 05ca CD030000 		.4byte	0x3cd
 852 05ce 01       		.byte	0x1
 853 05cf DE050000 		.4byte	0x5de
 854 05d3 13       		.uleb128 0x13
 855 05d4 DE050000 		.4byte	0x5de
ARM GAS  C:\Users\nicx5\AppData\Local\Temp\ccXYfuNk.s 			page 16


 856 05d8 13       		.uleb128 0x13
 857 05d9 6F000000 		.4byte	0x6f
 858 05dd 00       		.byte	0
 859 05de 14       		.uleb128 0x14
 860 05df 04       		.byte	0x4
 861 05e0 B3050000 		.4byte	0x5b3
 862 05e4 15       		.uleb128 0x15
 863 05e5 01       		.byte	0x1
 864 05e6 44010000 		.4byte	.LASF88
 865 05ea 08       		.byte	0x8
 866 05eb 35       		.byte	0x35
 867 05ec 06       		.byte	0x6
 868 05ed 01       		.byte	0x1
 869 05ee 01       		.byte	0x1
 870 05ef 12       		.uleb128 0x12
 871 05f0 01       		.byte	0x1
 872 05f1 FD010000 		.4byte	.LASF80
 873 05f5 05       		.byte	0x5
 874 05f6 221F     		.2byte	0x1f22
 875 05f8 13       		.byte	0x13
 876 05f9 01       		.byte	0x1
 877 05fa CD030000 		.4byte	0x3cd
 878 05fe 01       		.byte	0x1
 879 05ff 09060000 		.4byte	0x609
 880 0603 13       		.uleb128 0x13
 881 0604 09060000 		.4byte	0x609
 882 0608 00       		.byte	0
 883 0609 14       		.uleb128 0x14
 884 060a 04       		.byte	0x4
 885 060b 25050000 		.4byte	0x525
 886 060f 12       		.uleb128 0x12
 887 0610 01       		.byte	0x1
 888 0611 52010000 		.4byte	.LASF81
 889 0615 06       		.byte	0x6
 890 0616 FD01     		.2byte	0x1fd
 891 0618 13       		.byte	0x13
 892 0619 01       		.byte	0x1
 893 061a CD030000 		.4byte	0x3cd
 894 061e 01       		.byte	0x1
 895 061f 29060000 		.4byte	0x629
 896 0623 13       		.uleb128 0x13
 897 0624 6F000000 		.4byte	0x6f
 898 0628 00       		.byte	0
 899 0629 16       		.uleb128 0x16
 900 062a 01       		.byte	0x1
 901 062b BC030000 		.4byte	.LASF89
 902 062f 07       		.byte	0x7
 903 0630 03       		.byte	0x3
 904 0631 06       		.byte	0x6
 905 0632 01       		.byte	0x1
 906 0633 17       		.uleb128 0x17
 907 0634 1E020000 		.4byte	.LASF82
 908 0638 07       		.byte	0x7
 909 0639 05       		.byte	0x5
 910 063a 16       		.byte	0x16
 911 063b 25050000 		.4byte	0x525
 912 063f 17       		.uleb128 0x17
ARM GAS  C:\Users\nicx5\AppData\Local\Temp\ccXYfuNk.s 			page 17


 913 0640 73010000 		.4byte	.LASF83
 914 0644 07       		.byte	0x7
 915 0645 06       		.byte	0x6
 916 0646 16       		.byte	0x16
 917 0647 B3050000 		.4byte	0x5b3
 918 064b 18       		.uleb128 0x18
 919 064c 17       		.uleb128 0x17
 920 064d C3020000 		.4byte	.LASF84
 921 0651 07       		.byte	0x7
 922 0652 0E       		.byte	0xe
 923 0653 03       		.byte	0x3
 924 0654 7B000000 		.4byte	0x7b
 925 0658 00       		.byte	0
 926 0659 00       		.byte	0
 927 065a 00       		.byte	0
 928              		.section	.gnu.debuglto_.debug_abbrev,"e",%progbits
 929              	.Ldebug_abbrev0:
 930 0000 01       		.uleb128 0x1
 931 0001 11       		.uleb128 0x11
 932 0002 01       		.byte	0x1
 933 0003 25       		.uleb128 0x25
 934 0004 0E       		.uleb128 0xe
 935 0005 13       		.uleb128 0x13
 936 0006 0B       		.uleb128 0xb
 937 0007 03       		.uleb128 0x3
 938 0008 0E       		.uleb128 0xe
 939 0009 1B       		.uleb128 0x1b
 940 000a 0E       		.uleb128 0xe
 941 000b 10       		.uleb128 0x10
 942 000c 06       		.uleb128 0x6
 943 000d 00       		.byte	0
 944 000e 00       		.byte	0
 945 000f 02       		.uleb128 0x2
 946 0010 24       		.uleb128 0x24
 947 0011 00       		.byte	0
 948 0012 0B       		.uleb128 0xb
 949 0013 0B       		.uleb128 0xb
 950 0014 3E       		.uleb128 0x3e
 951 0015 0B       		.uleb128 0xb
 952 0016 03       		.uleb128 0x3
 953 0017 0E       		.uleb128 0xe
 954 0018 00       		.byte	0
 955 0019 00       		.byte	0
 956 001a 03       		.uleb128 0x3
 957 001b 16       		.uleb128 0x16
 958 001c 00       		.byte	0
 959 001d 03       		.uleb128 0x3
 960 001e 0E       		.uleb128 0xe
 961 001f 3A       		.uleb128 0x3a
 962 0020 0B       		.uleb128 0xb
 963 0021 3B       		.uleb128 0x3b
 964 0022 0B       		.uleb128 0xb
 965 0023 39       		.uleb128 0x39
 966 0024 0B       		.uleb128 0xb
 967 0025 49       		.uleb128 0x49
 968 0026 13       		.uleb128 0x13
 969 0027 00       		.byte	0
ARM GAS  C:\Users\nicx5\AppData\Local\Temp\ccXYfuNk.s 			page 18


 970 0028 00       		.byte	0
 971 0029 04       		.uleb128 0x4
 972 002a 24       		.uleb128 0x24
 973 002b 00       		.byte	0
 974 002c 0B       		.uleb128 0xb
 975 002d 0B       		.uleb128 0xb
 976 002e 3E       		.uleb128 0x3e
 977 002f 0B       		.uleb128 0xb
 978 0030 03       		.uleb128 0x3
 979 0031 08       		.uleb128 0x8
 980 0032 00       		.byte	0
 981 0033 00       		.byte	0
 982 0034 05       		.uleb128 0x5
 983 0035 35       		.uleb128 0x35
 984 0036 00       		.byte	0
 985 0037 49       		.uleb128 0x49
 986 0038 13       		.uleb128 0x13
 987 0039 00       		.byte	0
 988 003a 00       		.byte	0
 989 003b 06       		.uleb128 0x6
 990 003c 01       		.uleb128 0x1
 991 003d 01       		.byte	0x1
 992 003e 49       		.uleb128 0x49
 993 003f 13       		.uleb128 0x13
 994 0040 01       		.uleb128 0x1
 995 0041 13       		.uleb128 0x13
 996 0042 00       		.byte	0
 997 0043 00       		.byte	0
 998 0044 07       		.uleb128 0x7
 999 0045 21       		.uleb128 0x21
 1000 0046 00       		.byte	0
 1001 0047 49       		.uleb128 0x49
 1002 0048 13       		.uleb128 0x13
 1003 0049 2F       		.uleb128 0x2f
 1004 004a 0B       		.uleb128 0xb
 1005 004b 00       		.byte	0
 1006 004c 00       		.byte	0
 1007 004d 08       		.uleb128 0x8
 1008 004e 13       		.uleb128 0x13
 1009 004f 01       		.byte	0x1
 1010 0050 0B       		.uleb128 0xb
 1011 0051 05       		.uleb128 0x5
 1012 0052 3A       		.uleb128 0x3a
 1013 0053 0B       		.uleb128 0xb
 1014 0054 3B       		.uleb128 0x3b
 1015 0055 05       		.uleb128 0x5
 1016 0056 39       		.uleb128 0x39
 1017 0057 0B       		.uleb128 0xb
 1018 0058 01       		.uleb128 0x1
 1019 0059 13       		.uleb128 0x13
 1020 005a 00       		.byte	0
 1021 005b 00       		.byte	0
 1022 005c 09       		.uleb128 0x9
 1023 005d 0D       		.uleb128 0xd
 1024 005e 00       		.byte	0
 1025 005f 03       		.uleb128 0x3
 1026 0060 0E       		.uleb128 0xe
ARM GAS  C:\Users\nicx5\AppData\Local\Temp\ccXYfuNk.s 			page 19


 1027 0061 3A       		.uleb128 0x3a
 1028 0062 0B       		.uleb128 0xb
 1029 0063 3B       		.uleb128 0x3b
 1030 0064 05       		.uleb128 0x5
 1031 0065 39       		.uleb128 0x39
 1032 0066 0B       		.uleb128 0xb
 1033 0067 49       		.uleb128 0x49
 1034 0068 13       		.uleb128 0x13
 1035 0069 38       		.uleb128 0x38
 1036 006a 0A       		.uleb128 0xa
 1037 006b 00       		.byte	0
 1038 006c 00       		.byte	0
 1039 006d 0A       		.uleb128 0xa
 1040 006e 0D       		.uleb128 0xd
 1041 006f 00       		.byte	0
 1042 0070 03       		.uleb128 0x3
 1043 0071 08       		.uleb128 0x8
 1044 0072 3A       		.uleb128 0x3a
 1045 0073 0B       		.uleb128 0xb
 1046 0074 3B       		.uleb128 0x3b
 1047 0075 05       		.uleb128 0x5
 1048 0076 39       		.uleb128 0x39
 1049 0077 0B       		.uleb128 0xb
 1050 0078 49       		.uleb128 0x49
 1051 0079 13       		.uleb128 0x13
 1052 007a 38       		.uleb128 0x38
 1053 007b 0A       		.uleb128 0xa
 1054 007c 00       		.byte	0
 1055 007d 00       		.byte	0
 1056 007e 0B       		.uleb128 0xb
 1057 007f 16       		.uleb128 0x16
 1058 0080 00       		.byte	0
 1059 0081 03       		.uleb128 0x3
 1060 0082 0E       		.uleb128 0xe
 1061 0083 3A       		.uleb128 0x3a
 1062 0084 0B       		.uleb128 0xb
 1063 0085 3B       		.uleb128 0x3b
 1064 0086 05       		.uleb128 0x5
 1065 0087 39       		.uleb128 0x39
 1066 0088 0B       		.uleb128 0xb
 1067 0089 49       		.uleb128 0x49
 1068 008a 13       		.uleb128 0x13
 1069 008b 00       		.byte	0
 1070 008c 00       		.byte	0
 1071 008d 0C       		.uleb128 0xc
 1072 008e 13       		.uleb128 0x13
 1073 008f 01       		.byte	0x1
 1074 0090 0B       		.uleb128 0xb
 1075 0091 0B       		.uleb128 0xb
 1076 0092 3A       		.uleb128 0x3a
 1077 0093 0B       		.uleb128 0xb
 1078 0094 3B       		.uleb128 0x3b
 1079 0095 05       		.uleb128 0x5
 1080 0096 39       		.uleb128 0x39
 1081 0097 0B       		.uleb128 0xb
 1082 0098 01       		.uleb128 0x1
 1083 0099 13       		.uleb128 0x13
ARM GAS  C:\Users\nicx5\AppData\Local\Temp\ccXYfuNk.s 			page 20


 1084 009a 00       		.byte	0
 1085 009b 00       		.byte	0
 1086 009c 0D       		.uleb128 0xd
 1087 009d 04       		.uleb128 0x4
 1088 009e 01       		.byte	0x1
 1089 009f 3E       		.uleb128 0x3e
 1090 00a0 0B       		.uleb128 0xb
 1091 00a1 0B       		.uleb128 0xb
 1092 00a2 0B       		.uleb128 0xb
 1093 00a3 49       		.uleb128 0x49
 1094 00a4 13       		.uleb128 0x13
 1095 00a5 3A       		.uleb128 0x3a
 1096 00a6 0B       		.uleb128 0xb
 1097 00a7 3B       		.uleb128 0x3b
 1098 00a8 0B       		.uleb128 0xb
 1099 00a9 39       		.uleb128 0x39
 1100 00aa 0B       		.uleb128 0xb
 1101 00ab 01       		.uleb128 0x1
 1102 00ac 13       		.uleb128 0x13
 1103 00ad 00       		.byte	0
 1104 00ae 00       		.byte	0
 1105 00af 0E       		.uleb128 0xe
 1106 00b0 28       		.uleb128 0x28
 1107 00b1 00       		.byte	0
 1108 00b2 03       		.uleb128 0x3
 1109 00b3 0E       		.uleb128 0xe
 1110 00b4 1C       		.uleb128 0x1c
 1111 00b5 0B       		.uleb128 0xb
 1112 00b6 00       		.byte	0
 1113 00b7 00       		.byte	0
 1114 00b8 0F       		.uleb128 0xf
 1115 00b9 13       		.uleb128 0x13
 1116 00ba 01       		.byte	0x1
 1117 00bb 0B       		.uleb128 0xb
 1118 00bc 0B       		.uleb128 0xb
 1119 00bd 3A       		.uleb128 0x3a
 1120 00be 0B       		.uleb128 0xb
 1121 00bf 3B       		.uleb128 0x3b
 1122 00c0 0B       		.uleb128 0xb
 1123 00c1 39       		.uleb128 0x39
 1124 00c2 0B       		.uleb128 0xb
 1125 00c3 01       		.uleb128 0x1
 1126 00c4 13       		.uleb128 0x13
 1127 00c5 00       		.byte	0
 1128 00c6 00       		.byte	0
 1129 00c7 10       		.uleb128 0x10
 1130 00c8 0D       		.uleb128 0xd
 1131 00c9 00       		.byte	0
 1132 00ca 03       		.uleb128 0x3
 1133 00cb 0E       		.uleb128 0xe
 1134 00cc 3A       		.uleb128 0x3a
 1135 00cd 0B       		.uleb128 0xb
 1136 00ce 3B       		.uleb128 0x3b
 1137 00cf 0B       		.uleb128 0xb
 1138 00d0 39       		.uleb128 0x39
 1139 00d1 0B       		.uleb128 0xb
 1140 00d2 49       		.uleb128 0x49
ARM GAS  C:\Users\nicx5\AppData\Local\Temp\ccXYfuNk.s 			page 21


 1141 00d3 13       		.uleb128 0x13
 1142 00d4 38       		.uleb128 0x38
 1143 00d5 0A       		.uleb128 0xa
 1144 00d6 00       		.byte	0
 1145 00d7 00       		.byte	0
 1146 00d8 11       		.uleb128 0x11
 1147 00d9 0D       		.uleb128 0xd
 1148 00da 00       		.byte	0
 1149 00db 03       		.uleb128 0x3
 1150 00dc 08       		.uleb128 0x8
 1151 00dd 3A       		.uleb128 0x3a
 1152 00de 0B       		.uleb128 0xb
 1153 00df 3B       		.uleb128 0x3b
 1154 00e0 0B       		.uleb128 0xb
 1155 00e1 39       		.uleb128 0x39
 1156 00e2 0B       		.uleb128 0xb
 1157 00e3 49       		.uleb128 0x49
 1158 00e4 13       		.uleb128 0x13
 1159 00e5 38       		.uleb128 0x38
 1160 00e6 0A       		.uleb128 0xa
 1161 00e7 00       		.byte	0
 1162 00e8 00       		.byte	0
 1163 00e9 12       		.uleb128 0x12
 1164 00ea 2E       		.uleb128 0x2e
 1165 00eb 01       		.byte	0x1
 1166 00ec 3F       		.uleb128 0x3f
 1167 00ed 0C       		.uleb128 0xc
 1168 00ee 03       		.uleb128 0x3
 1169 00ef 0E       		.uleb128 0xe
 1170 00f0 3A       		.uleb128 0x3a
 1171 00f1 0B       		.uleb128 0xb
 1172 00f2 3B       		.uleb128 0x3b
 1173 00f3 05       		.uleb128 0x5
 1174 00f4 39       		.uleb128 0x39
 1175 00f5 0B       		.uleb128 0xb
 1176 00f6 27       		.uleb128 0x27
 1177 00f7 0C       		.uleb128 0xc
 1178 00f8 49       		.uleb128 0x49
 1179 00f9 13       		.uleb128 0x13
 1180 00fa 3C       		.uleb128 0x3c
 1181 00fb 0C       		.uleb128 0xc
 1182 00fc 01       		.uleb128 0x1
 1183 00fd 13       		.uleb128 0x13
 1184 00fe 00       		.byte	0
 1185 00ff 00       		.byte	0
 1186 0100 13       		.uleb128 0x13
 1187 0101 05       		.uleb128 0x5
 1188 0102 00       		.byte	0
 1189 0103 49       		.uleb128 0x49
 1190 0104 13       		.uleb128 0x13
 1191 0105 00       		.byte	0
 1192 0106 00       		.byte	0
 1193 0107 14       		.uleb128 0x14
 1194 0108 0F       		.uleb128 0xf
 1195 0109 00       		.byte	0
 1196 010a 0B       		.uleb128 0xb
 1197 010b 0B       		.uleb128 0xb
ARM GAS  C:\Users\nicx5\AppData\Local\Temp\ccXYfuNk.s 			page 22


 1198 010c 49       		.uleb128 0x49
 1199 010d 13       		.uleb128 0x13
 1200 010e 00       		.byte	0
 1201 010f 00       		.byte	0
 1202 0110 15       		.uleb128 0x15
 1203 0111 2E       		.uleb128 0x2e
 1204 0112 00       		.byte	0
 1205 0113 3F       		.uleb128 0x3f
 1206 0114 0C       		.uleb128 0xc
 1207 0115 03       		.uleb128 0x3
 1208 0116 0E       		.uleb128 0xe
 1209 0117 3A       		.uleb128 0x3a
 1210 0118 0B       		.uleb128 0xb
 1211 0119 3B       		.uleb128 0x3b
 1212 011a 0B       		.uleb128 0xb
 1213 011b 39       		.uleb128 0x39
 1214 011c 0B       		.uleb128 0xb
 1215 011d 27       		.uleb128 0x27
 1216 011e 0C       		.uleb128 0xc
 1217 011f 3C       		.uleb128 0x3c
 1218 0120 0C       		.uleb128 0xc
 1219 0121 00       		.byte	0
 1220 0122 00       		.byte	0
 1221 0123 16       		.uleb128 0x16
 1222 0124 2E       		.uleb128 0x2e
 1223 0125 01       		.byte	0x1
 1224 0126 3F       		.uleb128 0x3f
 1225 0127 0C       		.uleb128 0xc
 1226 0128 03       		.uleb128 0x3
 1227 0129 0E       		.uleb128 0xe
 1228 012a 3A       		.uleb128 0x3a
 1229 012b 0B       		.uleb128 0xb
 1230 012c 3B       		.uleb128 0x3b
 1231 012d 0B       		.uleb128 0xb
 1232 012e 39       		.uleb128 0x39
 1233 012f 0B       		.uleb128 0xb
 1234 0130 27       		.uleb128 0x27
 1235 0131 0C       		.uleb128 0xc
 1236 0132 00       		.byte	0
 1237 0133 00       		.byte	0
 1238 0134 17       		.uleb128 0x17
 1239 0135 34       		.uleb128 0x34
 1240 0136 00       		.byte	0
 1241 0137 03       		.uleb128 0x3
 1242 0138 0E       		.uleb128 0xe
 1243 0139 3A       		.uleb128 0x3a
 1244 013a 0B       		.uleb128 0xb
 1245 013b 3B       		.uleb128 0x3b
 1246 013c 0B       		.uleb128 0xb
 1247 013d 39       		.uleb128 0x39
 1248 013e 0B       		.uleb128 0xb
 1249 013f 49       		.uleb128 0x49
 1250 0140 13       		.uleb128 0x13
 1251 0141 00       		.byte	0
 1252 0142 00       		.byte	0
 1253 0143 18       		.uleb128 0x18
 1254 0144 0B       		.uleb128 0xb
ARM GAS  C:\Users\nicx5\AppData\Local\Temp\ccXYfuNk.s 			page 23


 1255 0145 01       		.byte	0x1
 1256 0146 00       		.byte	0
 1257 0147 00       		.byte	0
 1258 0148 00       		.byte	0
 1259              		.section	.gnu.debuglto_.debug_line,"e",%progbits
 1260              	.Ldebug_line0:
 1261 0000 8B010000 		.4byte	.LELT0-.LSLT0
 1262              	.LSLT0:
 1263 0004 0200     		.2byte	0x2
 1264 0006 85010000 		.4byte	.LELTP0-.LASLTP0
 1265              	.LASLTP0:
 1266 000a 01       		.byte	0x1
 1267 000b 01       		.byte	0x1
 1268 000c F6       		.byte	0xf6
 1269 000d F2       		.byte	0xf2
 1270 000e 0D       		.byte	0xd
 1271 000f 00       		.byte	0
 1272 0010 01       		.byte	0x1
 1273 0011 01       		.byte	0x1
 1274 0012 01       		.byte	0x1
 1275 0013 01       		.byte	0x1
 1276 0014 00       		.byte	0
 1277 0015 00       		.byte	0
 1278 0016 00       		.byte	0
 1279 0017 01       		.byte	0x1
 1280 0018 00       		.byte	0
 1281 0019 00       		.byte	0
 1282 001a 01       		.byte	0x1
 1283 001b 443A2F50 		.ascii	"D:/Program Files/msys64/mingw64/arm-none-eabi/inclu"
 1283      726F6772 
 1283      616D2046 
 1283      696C6573 
 1283      2F6D7379 
 1284 004e 64652F6D 		.ascii	"de/machine"
 1284      61636869 
 1284      6E65
 1285 0058 00       		.byte	0
 1286 0059 443A2F50 		.ascii	"D:/Program Files/msys64/mingw64/arm-none-eabi/inclu"
 1286      726F6772 
 1286      616D2046 
 1286      696C6573 
 1286      2F6D7379 
 1287 008c 64652F73 		.ascii	"de/sys"
 1287      7973
 1288 0092 00       		.byte	0
 1289 0093 426F6F74 		.ascii	"Bootloader/Src"
 1289      6C6F6164 
 1289      65722F53 
 1289      7263
 1290 00a1 00       		.byte	0
 1291 00a2 436F7265 		.ascii	"Core/Inc"
 1291      2F496E63 
 1292 00aa 00       		.byte	0
 1293 00ab 44726976 		.ascii	"Drivers/CMSIS/Device/ST/STM32H7xx/Include"
 1293      6572732F 
 1293      434D5349 
 1293      532F4465 
ARM GAS  C:\Users\nicx5\AppData\Local\Temp\ccXYfuNk.s 			page 24


 1293      76696365 
 1294 00d4 00       		.byte	0
 1295 00d5 44726976 		.ascii	"Drivers/STM32H7xx_HAL_Driver/Inc"
 1295      6572732F 
 1295      53544D33 
 1295      32483778 
 1295      785F4841 
 1296 00f5 00       		.byte	0
 1297 00f6 00       		.byte	0
 1298 00f7 5F646566 		.ascii	"_default_types.h\000"
 1298      61756C74 
 1298      5F747970 
 1298      65732E68 
 1298      00
 1299 0108 01       		.uleb128 0x1
 1300 0109 00       		.uleb128 0
 1301 010a 00       		.uleb128 0
 1302 010b 5F737464 		.ascii	"_stdint.h\000"
 1302      696E742E 
 1302      6800
 1303 0115 02       		.uleb128 0x2
 1304 0116 00       		.uleb128 0
 1305 0117 00       		.uleb128 0
 1306 0118 73746D33 		.ascii	"stm32h750xx.h\000"
 1306      32683735 
 1306      3078782E 
 1306      6800
 1307 0126 05       		.uleb128 0x5
 1308 0127 00       		.uleb128 0
 1309 0128 00       		.uleb128 0
 1310 0129 73746D33 		.ascii	"stm32h7xx_hal_def.h\000"
 1310      32683778 
 1310      785F6861 
 1310      6C5F6465 
 1310      662E6800 
 1311 013d 06       		.uleb128 0x6
 1312 013e 00       		.uleb128 0
 1313 013f 00       		.uleb128 0
 1314 0140 73746D33 		.ascii	"stm32h7xx_hal_rcc.h\000"
 1314      32683778 
 1314      785F6861 
 1314      6C5F7263 
 1314      632E6800 
 1315 0154 06       		.uleb128 0x6
 1316 0155 00       		.uleb128 0
 1317 0156 00       		.uleb128 0
 1318 0157 73746D33 		.ascii	"stm32h7xx_hal_pwr_ex.h\000"
 1318      32683778 
 1318      785F6861 
 1318      6C5F7077 
 1318      725F6578 
 1319 016e 06       		.uleb128 0x6
 1320 016f 00       		.uleb128 0
 1321 0170 00       		.uleb128 0
 1322 0171 73797374 		.ascii	"system_config.c\000"
 1322      656D5F63 
 1322      6F6E6669 
ARM GAS  C:\Users\nicx5\AppData\Local\Temp\ccXYfuNk.s 			page 25


 1322      672E6300 
 1323 0181 03       		.uleb128 0x3
 1324 0182 00       		.uleb128 0
 1325 0183 00       		.uleb128 0
 1326 0184 6D61696E 		.ascii	"main.h\000"
 1326      2E6800
 1327 018b 04       		.uleb128 0x4
 1328 018c 00       		.uleb128 0
 1329 018d 00       		.uleb128 0
 1330 018e 00       		.byte	0
 1331              	.LELTP0:
 1332              	.LELT0:
 1333              		.section	.gnu.debuglto_.debug_str,"eMS",%progbits,1
 1334              	.LASF21:
 1335 0000 504B4752 		.ascii	"PKGR\000"
 1335      00
 1336              	.LASF45:
 1337 0005 48414C5F 		.ascii	"HAL_ERROR\000"
 1337      4552524F 
 1337      5200
 1338              	.LASF47:
 1339 000f 48414C5F 		.ascii	"HAL_TIMEOUT\000"
 1339      54494D45 
 1339      4F555400 
 1340              	.LASF72:
 1341 001b 53595343 		.ascii	"SYSCLKDivider\000"
 1341      4C4B4469 
 1341      76696465 
 1341      7200
 1342              	.LASF75:
 1343 0029 41504231 		.ascii	"APB1CLKDivider\000"
 1343      434C4B44 
 1343      69766964 
 1343      657200
 1344              	.LASF31:
 1345 0038 53595343 		.ascii	"SYSCFG_TypeDef\000"
 1345      46475F54 
 1345      79706544 
 1345      656600
 1346              	.LASF38:
 1347 0047 574B5550 		.ascii	"WKUPEPR\000"
 1347      45505200 
 1348              	.LASF25:
 1349 004f 55523132 		.ascii	"UR12\000"
 1349      00
 1350              	.LASF85:
 1351 0054 474E5520 		.ascii	"GNU C17 13.3.0 -mcpu=cortex-m7 -mthumb -mfpu=fpv5-d"
 1351      43313720 
 1351      31332E33 
 1351      2E30202D 
 1351      6D637075 
 1352 0087 3136202D 		.ascii	"16 -mfloat-abi=hard -march=armv7e-m+fp.dp -g -gdwar"
 1352      6D666C6F 
 1352      61742D61 
 1352      62693D68 
 1352      61726420 
 1353 00ba 662D3220 		.ascii	"f-2 -Os -fdata-sections -ffunction-sections -flto -"
ARM GAS  C:\Users\nicx5\AppData\Local\Temp\ccXYfuNk.s 			page 26


 1353      2D4F7320 
 1353      2D666461 
 1353      74612D73 
 1353      65637469 
 1354 00ed 666D6572 		.ascii	"fmerge-constants -fno-unwind-tables -fno-asynchrono"
 1354      67652D63 
 1354      6F6E7374 
 1354      616E7473 
 1354      202D666E 
 1355 0120 75732D75 		.ascii	"us-unwind-tables\000"
 1355      6E77696E 
 1355      642D7461 
 1355      626C6573 
 1355      00
 1356              	.LASF78:
 1357 0131 5243435F 		.ascii	"RCC_ClkInitTypeDef\000"
 1357      436C6B49 
 1357      6E697454 
 1357      79706544 
 1357      656600
 1358              	.LASF88:
 1359 0144 4572726F 		.ascii	"Error_Handler\000"
 1359      725F4861 
 1359      6E646C65 
 1359      7200
 1360              	.LASF81:
 1361 0152 48414C5F 		.ascii	"HAL_PWREx_ConfigSupply\000"
 1361      50575245 
 1361      785F436F 
 1361      6E666967 
 1361      53757070 
 1362              	.LASF0:
 1363 0169 73686F72 		.ascii	"short int\000"
 1363      7420696E 
 1363      7400
 1364              	.LASF83:
 1365 0173 5243435F 		.ascii	"RCC_ClkInitStruct\000"
 1365      436C6B49 
 1365      6E697453 
 1365      74727563 
 1365      7400
 1366              	.LASF73:
 1367 0185 41484243 		.ascii	"AHBCLKDivider\000"
 1367      4C4B4469 
 1367      76696465 
 1367      7200
 1368              	.LASF86:
 1369 0193 426F6F74 		.ascii	"Bootloader/Src/system_config.c\000"
 1369      6C6F6164 
 1369      65722F53 
 1369      72632F73 
 1369      79737465 
 1370              	.LASF39:
 1371 01b2 5057525F 		.ascii	"PWR_TypeDef\000"
 1371      54797065 
 1371      44656600 
 1372              	.LASF50:
ARM GAS  C:\Users\nicx5\AppData\Local\Temp\ccXYfuNk.s 			page 27


 1373 01be 504C4C53 		.ascii	"PLLSource\000"
 1373      6F757263 
 1373      6500
 1374              	.LASF9:
 1375 01c8 5F5F7569 		.ascii	"__uint32_t\000"
 1375      6E743332 
 1375      5F7400
 1376              	.LASF87:
 1377 01d3 453A5C57 		.ascii	"E:\\Works\\STM32\\HBox\000"
 1377      6F726B73 
 1377      5C53544D 
 1377      33325C48 
 1377      426F7800 
 1378              	.LASF19:
 1379 01e7 50575243 		.ascii	"PWRCR\000"
 1379      5200
 1380              	.LASF49:
 1381 01ed 504C4C53 		.ascii	"PLLState\000"
 1381      74617465 
 1381      00
 1382              	.LASF44:
 1383 01f6 48414C5F 		.ascii	"HAL_OK\000"
 1383      4F4B00
 1384              	.LASF80:
 1385 01fd 48414C5F 		.ascii	"HAL_RCC_OscConfig\000"
 1385      5243435F 
 1385      4F736343 
 1385      6F6E6669 
 1385      6700
 1386              	.LASF77:
 1387 020f 41504234 		.ascii	"APB4CLKDivider\000"
 1387      434C4B44 
 1387      69766964 
 1387      657200
 1388              	.LASF82:
 1389 021e 5243435F 		.ascii	"RCC_OscInitStruct\000"
 1389      4F736349 
 1389      6E697453 
 1389      74727563 
 1389      7400
 1390              	.LASF46:
 1391 0230 48414C5F 		.ascii	"HAL_BUSY\000"
 1391      42555359 
 1391      00
 1392              	.LASF79:
 1393 0239 48414C5F 		.ascii	"HAL_RCC_ClockConfig\000"
 1393      5243435F 
 1393      436C6F63 
 1393      6B436F6E 
 1393      66696700 
 1394              	.LASF61:
 1395 024d 48534553 		.ascii	"HSEState\000"
 1395      74617465 
 1395      00
 1396              	.LASF37:
 1397 0256 574B5550 		.ascii	"WKUPFR\000"
 1397      465200
ARM GAS  C:\Users\nicx5\AppData\Local\Temp\ccXYfuNk.s 			page 28


 1398              	.LASF42:
 1399 025d 666C6F61 		.ascii	"float\000"
 1399      7400
 1400              	.LASF60:
 1401 0263 4F736369 		.ascii	"OscillatorType\000"
 1401      6C6C6174 
 1401      6F725479 
 1401      706500
 1402              	.LASF57:
 1403 0272 504C4C56 		.ascii	"PLLVCOSEL\000"
 1403      434F5345 
 1403      4C00
 1404              	.LASF41:
 1405 027c 63686172 		.ascii	"char\000"
 1405      00
 1406              	.LASF66:
 1407 0281 48534934 		.ascii	"HSI48State\000"
 1407      38537461 
 1407      746500
 1408              	.LASF4:
 1409 028c 6C6F6E67 		.ascii	"long int\000"
 1409      20696E74 
 1409      00
 1410              	.LASF71:
 1411 0295 53595343 		.ascii	"SYSCLKSource\000"
 1411      4C4B536F 
 1411      75726365 
 1411      00
 1412              	.LASF48:
 1413 02a2 48414C5F 		.ascii	"HAL_StatusTypeDef\000"
 1413      53746174 
 1413      75735479 
 1413      70654465 
 1413      6600
 1414              	.LASF76:
 1415 02b4 41504232 		.ascii	"APB2CLKDivider\000"
 1415      434C4B44 
 1415      69766964 
 1415      657200
 1416              	.LASF84:
 1417 02c3 746D7072 		.ascii	"tmpreg\000"
 1417      656700
 1418              	.LASF40:
 1419 02ca 6C6F6E67 		.ascii	"long double\000"
 1419      20646F75 
 1419      626C6500 
 1420              	.LASF23:
 1421 02d6 55523130 		.ascii	"UR10\000"
 1421      00
 1422              	.LASF24:
 1423 02db 55523131 		.ascii	"UR11\000"
 1423      00
 1424              	.LASF2:
 1425 02e0 756E7369 		.ascii	"unsigned char\000"
 1425      676E6564 
 1425      20636861 
 1425      7200
ARM GAS  C:\Users\nicx5\AppData\Local\Temp\ccXYfuNk.s 			page 29


 1426              	.LASF18:
 1427 02ee 43434352 		.ascii	"CCCR\000"
 1427      00
 1428              	.LASF27:
 1429 02f3 55523134 		.ascii	"UR14\000"
 1429      00
 1430              	.LASF28:
 1431 02f8 55523135 		.ascii	"UR15\000"
 1431      00
 1432              	.LASF29:
 1433 02fd 55523136 		.ascii	"UR16\000"
 1433      00
 1434              	.LASF36:
 1435 0302 574B5550 		.ascii	"WKUPCR\000"
 1435      435200
 1436              	.LASF32:
 1437 0309 43535231 		.ascii	"CSR1\000"
 1437      00
 1438              	.LASF1:
 1439 030e 7369676E 		.ascii	"signed char\000"
 1439      65642063 
 1439      68617200 
 1440              	.LASF7:
 1441 031a 6C6F6E67 		.ascii	"long long unsigned int\000"
 1441      206C6F6E 
 1441      6720756E 
 1441      7369676E 
 1441      65642069 
 1442              	.LASF67:
 1443 0331 43534953 		.ascii	"CSIState\000"
 1443      74617465 
 1443      00
 1444              	.LASF10:
 1445 033a 75696E74 		.ascii	"uint32_t\000"
 1445      33325F74 
 1445      00
 1446              	.LASF51:
 1447 0343 504C4C4D 		.ascii	"PLLM\000"
 1447      00
 1448              	.LASF8:
 1449 0348 756E7369 		.ascii	"unsigned int\000"
 1449      676E6564 
 1449      20696E74 
 1449      00
 1450              	.LASF52:
 1451 0355 504C4C4E 		.ascii	"PLLN\000"
 1451      00
 1452              	.LASF17:
 1453 035a 43435652 		.ascii	"CCVR\000"
 1453      00
 1454              	.LASF53:
 1455 035f 504C4C50 		.ascii	"PLLP\000"
 1455      00
 1456              	.LASF54:
 1457 0364 504C4C51 		.ascii	"PLLQ\000"
 1457      00
 1458              	.LASF55:
ARM GAS  C:\Users\nicx5\AppData\Local\Temp\ccXYfuNk.s 			page 30


 1459 0369 504C4C52 		.ascii	"PLLR\000"
 1459      00
 1460              	.LASF59:
 1461 036e 5243435F 		.ascii	"RCC_PLLInitTypeDef\000"
 1461      504C4C49 
 1461      6E697454 
 1461      79706544 
 1461      656600
 1462              	.LASF35:
 1463 0381 44334352 		.ascii	"D3CR\000"
 1463      00
 1464              	.LASF3:
 1465 0386 73686F72 		.ascii	"short unsigned int\000"
 1465      7420756E 
 1465      7369676E 
 1465      65642069 
 1465      6E7400
 1466              	.LASF26:
 1467 0399 55523133 		.ascii	"UR13\000"
 1467      00
 1468              	.LASF16:
 1469 039e 43434353 		.ascii	"CCCSR\000"
 1469      5200
 1470              	.LASF65:
 1471 03a4 4C534953 		.ascii	"LSIState\000"
 1471      74617465 
 1471      00
 1472              	.LASF33:
 1473 03ad 43505543 		.ascii	"CPUCR\000"
 1473      5200
 1474              	.LASF62:
 1475 03b3 4C534553 		.ascii	"LSEState\000"
 1475      74617465 
 1475      00
 1476              	.LASF89:
 1477 03bc 53797374 		.ascii	"SystemClock_Config\000"
 1477      656D436C 
 1477      6F636B5F 
 1477      436F6E66 
 1477      696700
 1478              	.LASF12:
 1479 03cf 504D4352 		.ascii	"PMCR\000"
 1479      00
 1480              	.LASF34:
 1481 03d4 52455345 		.ascii	"RESERVED0\000"
 1481      52564544 
 1481      3000
 1482              	.LASF11:
 1483 03de 52455345 		.ascii	"RESERVED1\000"
 1483      52564544 
 1483      3100
 1484              	.LASF15:
 1485 03e8 52455345 		.ascii	"RESERVED2\000"
 1485      52564544 
 1485      3200
 1486              	.LASF20:
 1487 03f2 52455345 		.ascii	"RESERVED3\000"
ARM GAS  C:\Users\nicx5\AppData\Local\Temp\ccXYfuNk.s 			page 31


 1487      52564544 
 1487      3300
 1488              	.LASF22:
 1489 03fc 52455345 		.ascii	"RESERVED4\000"
 1489      52564544 
 1489      3400
 1490              	.LASF5:
 1491 0406 6C6F6E67 		.ascii	"long unsigned int\000"
 1491      20756E73 
 1491      69676E65 
 1491      6420696E 
 1491      7400
 1492              	.LASF63:
 1493 0418 48534953 		.ascii	"HSIState\000"
 1493      74617465 
 1493      00
 1494              	.LASF43:
 1495 0421 646F7562 		.ascii	"double\000"
 1495      6C6500
 1496              	.LASF68:
 1497 0428 43534943 		.ascii	"CSICalibrationValue\000"
 1497      616C6962 
 1497      72617469 
 1497      6F6E5661 
 1497      6C756500 
 1498              	.LASF70:
 1499 043c 436C6F63 		.ascii	"ClockType\000"
 1499      6B547970 
 1499      6500
 1500              	.LASF6:
 1501 0446 6C6F6E67 		.ascii	"long long int\000"
 1501      206C6F6E 
 1501      6720696E 
 1501      7400
 1502              	.LASF30:
 1503 0454 55523137 		.ascii	"UR17\000"
 1503      00
 1504              	.LASF64:
 1505 0459 48534943 		.ascii	"HSICalibrationValue\000"
 1505      616C6962 
 1505      72617469 
 1505      6F6E5661 
 1505      6C756500 
 1506              	.LASF58:
 1507 046d 504C4C46 		.ascii	"PLLFRACN\000"
 1507      5241434E 
 1507      00
 1508              	.LASF56:
 1509 0476 504C4C52 		.ascii	"PLLRGE\000"
 1509      474500
 1510              	.LASF69:
 1511 047d 5243435F 		.ascii	"RCC_OscInitTypeDef\000"
 1511      4F736349 
 1511      6E697454 
 1511      79706544 
 1511      656600
 1512              	.LASF13:
ARM GAS  C:\Users\nicx5\AppData\Local\Temp\ccXYfuNk.s 			page 32


 1513 0490 45585449 		.ascii	"EXTICR\000"
 1513      435200
 1514              	.LASF14:
 1515 0497 43464752 		.ascii	"CFGR\000"
 1515      00
 1516              	.LASF74:
 1517 049c 41504233 		.ascii	"APB3CLKDivider\000"
 1517      434C4B44 
 1517      69766964 
 1517      657200
 1518              		.text
 1519              		.section	.gnu.lto_.profile.1f2fd209,"e",%progbits
 1520 0000 28B52FFD 		.ascii	"(\265/\375 \0061\000\000\002\000\000\000\000\000"
 1520      20063100 
 1520      00020000 
 1520      000000
 1521              		.text
 1522              		.section	.gnu.lto_.icf.1f2fd209,"e",%progbits
 1523 0000 28B52FFD 		.ascii	"(\265/\375 \241\255\001\000\370\225\000\001\000\364"
 1523      20A1AD01 
 1523      00F89500 
 1523      0100F4
 1524 000f 9086A302 		.ascii	"\220\206\243\002F\002\000\002\000\002\001\002\001\002"
 1524      46020002 
 1524      00020102 
 1524      0102
 1525 001d 03040001 		.ascii	"\003\004\000\001\000\002\000\002\001\002\001\000\011"
 1525      00020002 
 1525      01020100 
 1525      09
 1526 002a 00E01676 		.ascii	"\000\340\026vqC\331\000\004vv \304\316\334`\254\015"
 1526      7143D900 
 1526      04767620 
 1526      C4CEDC60 
 1526      AC0D
 1527 003c 6001     		.ascii	"`\001"
 1528              		.text
 1529              		.section	.gnu.lto_.ipa_sra.1f2fd209,"e",%progbits
 1530 0000 28B52FFD 		.ascii	"(\265/\375 '\005\001\000\300\033\000\001\000\000\001"
 1530      20270501 
 1530      00C01B00 
 1530      01000001 
 1531 0010 00010200 		.ascii	"\000\001\002\000\010\000 \000\001\001\000\010\000L\000"
 1531      08002000 
 1531      01010008 
 1531      004C00
 1532 001f 00010002 		.ascii	"\000\001\000\002\000@\244\015`\001"
 1532      0040A40D 
 1532      6001
 1533              		.text
 1534              		.section	.gnu.lto_.inline.1f2fd209,"e",%progbits
 1535 0000 28B52FFD 		.ascii	"(\265/\375 ZE\002\000\002D\016\033\300%\255\001w3\374"
 1535      205A4502 
 1535      0002440E 
 1535      1BC025AD 
 1535      017733FC 
 1536 0014 AF2650E9 		.ascii	"\257&P\351\266\366\357\353~\034T\325P\010Y\304\223-"
ARM GAS  C:\Users\nicx5\AppData\Local\Temp\ccXYfuNk.s 			page 33


 1536      B6F6EFEB 
 1536      7E1C54D5 
 1536      500859C4 
 1536      932D
 1537 0026 650AAF1B 		.ascii	"e\012\257\033V\217S\355\310P\324[CvwG\234,\320(\013"
 1537      568F53ED 
 1537      C850D45B 
 1537      43767747 
 1537      9C2CD028 
 1538 003b B22B9D82 		.ascii	"\262+\235\202\200!\004\034\254I\004\000>\003\236I<)"
 1538      8021041C 
 1538      AC490400 
 1538      3E039E49 
 1538      3C29
 1539 004d A16CA00D 		.ascii	"\241l\240\015"
 1540              		.text
 1541              		.section	.gnu.lto_.jmpfuncs.1f2fd209,"e",%progbits
 1542 0000 28B52FFD 		.ascii	"(\265/\375`\026\000-\005\000\022\311\032\"\2205I\007"
 1542      6016002D 
 1542      050012C9 
 1542      1A229035 
 1542      4907
 1543 0012 E05D5777 		.ascii	"\340]Ww\305\325~}\351g\335u\275\266\256\304.=\372\025"
 1543      C5D57E7D 
 1543      E967DD75 
 1543      BDB6AEC4 
 1543      2E3DFA15 
 1544 0026 DD83F8AF 		.ascii	"\335\203\370\257)\"7\221i\007U\265\035\311\033\3178"
 1544      29223791 
 1544      690755B5 
 1544      1DC91BCF 
 1544      38
 1545 0037 F1A67843 		.ascii	"\361\246xC\313\031\245\374\014*\273\224\003<\257$\225"
 1545      CB19A5FC 
 1545      0C2ABB94 
 1545      033CAF24 
 1545      95
 1546 0048 D2105A50 		.ascii	"\322\020ZP\254\262\262\221\303tr>9|\220R\012\330\256"
 1546      ACB2B291 
 1546      C374723E 
 1546      397C9052 
 1546      0AD8AE
 1547 005b B67B290F 		.ascii	"\266{)\017t\345\213_)\353F\345q(\313P\232\2213\241,"
 1547      74E58B5F 
 1547      29EB46E5 
 1547      7128CB50 
 1547      9A9133A1 
 1548 0070 8C3857F9 		.ascii	"\2148W\371QV\007\002\030\000 \202b\201eL\003h\000\226"
 1548      51560702 
 1548      18002082 
 1548      6281654C 
 1548      03680096 
 1549 0084 0CB51438 		.ascii	"\014\265\0248\266\342\204O,=M\323t\322\3612p\367\016"
 1549      B6E2844F 
 1549      2C3D4DD3 
 1549      74D2F132 
 1549      70F70E
ARM GAS  C:\Users\nicx5\AppData\Local\Temp\ccXYfuNk.s 			page 34


 1550 0097 AF482D23 		.ascii	"\257H-#j\341\230K\000yk\336\347i\032\0309\323\332\245"
 1550      6AE1984B 
 1550      00796BDE 
 1550      E7691A18 
 1550      39D3DAA5 
 1551 00ab 010D0C01 		.ascii	"\001\015\014\001"
 1552              		.text
 1553              		.section	.gnu.lto_.pureconst.1f2fd209,"e",%progbits
 1554 0000 28B52FFD 		.ascii	"(\265/\375 \010A\000\000\004\000\000\000\001\000\232"
 1554      20084100 
 1554      00040000 
 1554      0001009A 
 1555 0010 04       		.ascii	"\004"
 1556              		.text
 1557              		.section	.gnu.lto_.ipa_modref.1f2fd209,"e",%progbits
 1558 0000 28B52FFD 		.ascii	"(\265/\375 8\355\000\000\210,\000\001\000\002\002\007"
 1558      2038ED00 
 1558      00882C00 
 1558      01000202 
 1558      07
 1559 0011 00010208 		.ascii	"\000\001\002\010\001\000\002\011\006\000\004\0005\023"
 1559      01000209 
 1559      06000400 
 1559      3513
 1560 001f 58190F02 		.ascii	"X\031\017\002\336\000\026"
 1560      DE0016
 1561              		.text
 1562              		.section	.gnu.lto_.lto.1f2fd209,"e",%progbits
 1563 0000 0D000100 		.ascii	"\015\000\001\000\001\000\001\000"
 1563      01000100 
 1564              		.text
 1565              		.section	.gnu.lto_SystemClock_Config.335.1f2fd209,"e",%progbits
 1566 0000 28B52FFD 		.ascii	"(\265/\375`\220\007\325#\000\306\371\316Hp\\N:?\"\021"
 1566      609007D5 
 1566      2300C6F9 
 1566      CE48705C 
 1566      4E3A3F22 
 1567 0015 19FFE8A1 		.ascii	"\031\377\350\241/\326'\007\215O,\332^\025\236\207\177"
 1567      2FD62707 
 1567      8D4F2CDA 
 1567      5E159E87 
 1567      7F
 1568 0026 B6A53B5A 		.ascii	"\266\245;Z\2134W\247\210\217\335\361G,\377\354\233\237"
 1568      8B3457A7 
 1568      888FDDF1 
 1568      472CFFEC 
 1568      9B9F
 1569 0038 632A3F05 		.ascii	"c*?\005\334\233\227\305r\025\374*bO~\013\277\301^\331"
 1569      DC9B97C5 
 1569      7215FC2A 
 1569      624F7E0B 
 1569      BFC15ED9 
 1570 004c 130C55D8 		.ascii	"\023\014U\330\210%d\357\235d\266\000\252\000\274\000"
 1570      882564EF 
 1570      9D64B600 
 1570      AA00BC00 
 1571 005c 57ABE2BA 		.ascii	"W\253\342\272\201l\346\374\026#\375\371\203\177\263"
ARM GAS  C:\Users\nicx5\AppData\Local\Temp\ccXYfuNk.s 			page 35


 1571      816CE6FC 
 1571      1623FDF9 
 1571      837FB3
 1572 006b 2B1B2727 		.ascii	"+\033''\311\331\321\324'\255\360\273r>\032\001\246?"
 1572      C9D9D1D4 
 1572      27ADF0BB 
 1572      723E1A01 
 1572      A63F
 1573 007d B1DB77D8 		.ascii	"\261\333w\330r\320\216\316\344M\324#\257~\264~r^ck\346"
 1573      72D08ECE 
 1573      E44DD423 
 1573      AF7EB47E 
 1573      725E636B 
 1574 0092 DCD5E067 		.ascii	"\334\325\340gSH\177\332\374\035\364\347\317\013\240"
 1574      53487FDA 
 1574      FC1DF4E7 
 1574      CF0BA0
 1575 00a1 3F5BED26 		.ascii	"?[\355&\363`]\320cm.\347\034t\211\364\265\352\323\035"
 1575      F3605DD0 
 1575      636D2EE7 
 1575      1C7489F4 
 1575      B5EAD31D 
 1576 00b5 7A62DEB5 		.ascii	"zb\336\265j\037\217\251Y\213XO\021\030sx}wf\227\327"
 1576      6A1F8FA9 
 1576      598B584F 
 1576      11187378 
 1576      7D776697 
 1577 00ca 964579FC 		.ascii	"\226Ey\374\304\014\232V\322\004(\316\300;\\E\326+om"
 1577      C40C9A56 
 1577      D20428CE 
 1577      C03B5C45 
 1577      D62B6F6D 
 1578 00de 1489160B 		.ascii	"\024\211\026\0138\242\343<\274#r\025\011P\324\302Cu"
 1578      38A2E33C 
 1578      BC237215 
 1578      0950D4C2 
 1578      4375
 1579 00f0 CDB623E9 		.ascii	"\315\266#\351\362a\357\225\347@\334Z\213:nw\030r\316"
 1579      F261EF95 
 1579      E740DC5A 
 1579      8B3A6E77 
 1579      1872CE
 1580 0103 6DD7628E 		.ascii	"m\327b\2167\200w\367\220\356\266\352\336\245\0107\347"
 1580      378077F7 
 1580      90EEB6EA 
 1580      DEA50837 
 1580      E7
 1581 0114 FFD05F7B 		.ascii	"\377\320_{{[;\206w\330\335P\247R\225\346\3745\241/\345"
 1581      7B5B3B86 
 1581      77D8DD50 
 1581      A75295E6 
 1581      FC35A12F 
 1582 0129 53A28C88 		.ascii	"S\242\214\210\374<\2235\272\362\245.uyg\313;l\324\230"
 1582      FC3C9335 
 1582      BAF2A52E 
 1582      757967CB 
 1582      3B6CD498 
ARM GAS  C:\Users\nicx5\AppData\Local\Temp\ccXYfuNk.s 			page 36


 1583 013d A05F855E 		.ascii	"\240_\205^\355\251\334\362\311\261QFj\355\177h7\014"
 1583      EDA9DCF2 
 1583      C9B15146 
 1583      6AED7F68 
 1583      370C
 1584 014f 2AFBB57F 		.ascii	"*\373\265\177\264.\261{\340\256\220\\\254\322,\242'"
 1584      B42EB17B 
 1584      E0AE905C 
 1584      ACD22CA2 
 1584      27
 1585 0160 0F24D6CC 		.ascii	"\017$\326\314\272\303>\026f\266o:\211e\357\261?\024"
 1585      BAC33E16 
 1585      66B66F3A 
 1585      8965EFB1 
 1585      3F14
 1586 0172 56D7EC2B 		.ascii	"V\327\354+\326}\332\366\235\266{\330v\017\266\315\203"
 1586      D67DDAF6 
 1586      9DB67BD8 
 1586      760FB6CD 
 1586      83
 1587 0183 6DEB60DB 		.ascii	"m\353`\333)\266\275\303\266Ql\373\304\2661\266}\261"
 1587      29B6BDC3 
 1587      B6516CFB 
 1587      C4B631B6 
 1587      7DB1
 1588 0195 6D8B6D5F 		.ascii	"m\213m_\010\245;\021G\316?\336\314e\267\263\215\354"
 1588      08A53B11 
 1588      47CE3FDE 
 1588      CC65B7B3 
 1588      8DEC
 1589 01a7 6A3FF24F 		.ascii	"j?\362O\376v?g\355\250\277\354?i\234\034\266\264;Q\003"
 1589      FE763F67 
 1589      EDA8BFEC 
 1589      3F699C1C 
 1589      B6B43B51 
 1590 01bc E9DA9DA1 		.ascii	"\351\332\235\241\310~\355]\003@|`l\336\275\341n|_\314"
 1590      C87EED5D 
 1590      03407C60 
 1590      6CDEBDE1 
 1590      6E7C5FCC 
 1591 01d0 0E5FD386 		.ascii	"\016_\323\206y\3649#:\244\247A\363\341rg@<\256L2\304"
 1591      79F43923 
 1591      3AA4A741 
 1591      F3E17267 
 1591      403CAE4C 
 1592 01e6 CD5C803B 		.ascii	"\315\\\200;\225N\006\214\230w\223\370\030\2447[\342"
 1592      954E068C 
 1592      987793F8 
 1592      18A4375B 
 1592      E2
 1593 01f7 619A86BA 		.ascii	"a\232\206\272M\\y\342\247\0073\2343\212\013K\336\204"
 1593      4D5C79E2 
 1593      A707339C 
 1593      338A0B4B 
 1593      DE84
 1594 0209 76335DD9 		.ascii	"v3]\331\344 ,\347<!)L\256W\206\357\361\277P\264\020"
 1594      E4202CE7 
ARM GAS  C:\Users\nicx5\AppData\Local\Temp\ccXYfuNk.s 			page 37


 1594      3C21294C 
 1594      AE5786EF 
 1594      F1BF50B4 
 1595 021e 8BBCFEA1 		.ascii	"\213\274\376\241=\367Q\322\340\264\254\233\356$\317"
 1595      3DF751D2 
 1595      E0B4AC9B 
 1595      EE24CF
 1596 022d EDF9C273 		.ascii	"\355\371\302s}bgNF\234 F\234s\316\367\036\273\373F\346"
 1596      7D62674E 
 1596      469C2046 
 1596      9C73CEF7 
 1596      1EBBFB46 
 1597 0242 D5AE7379 		.ascii	"\325\256sy^\004\214)\227\357n\352e\207\336.\377\241"
 1597      5E048C29 
 1597      97EF6EEA 
 1597      6587DE2E 
 1597      FFA1
 1598 0254 E74581DF 		.ascii	"\347E\201\337\222\345Z\2342\215\374\247'\364\347yyg"
 1598      92E55A9C 
 1598      328DFCA7 
 1598      27F4E779 
 1598      7967
 1599 0266 09F05DE3 		.ascii	"\011\360]\343\252\374^|{[^W\256\275m_\343\002ONS/\244"
 1599      AAFC5E7C 
 1599      7B5B5E57 
 1599      AEBD6D5F 
 1599      E3024F4E 
 1600 027d 8428900A 		.ascii	"\204(\220\012D\223P\005\012\022T\010I\000\352\011\201"
 1600      44935005 
 1600      0A125408 
 1600      4900EA09 
 1600      81
 1601 028e 31A6844A 		.ascii	"1\246\204JB(\027GQ-\212\230\212\212D\014h \320\023\024"
 1601      42281747 
 1601      512D8A98 
 1601      8A8A440C 
 1601      6820D013 
 1602 02a3 0B174120 		.ascii	"\013\027A \223\224\223\220\252\212*\0108\245\0244\345"
 1602      93949390 
 1602      AA8A2A08 
 1602      38A51434 
 1602      E5
 1603 02b4 B4A229D8 		.ascii	"\264\242)\330B\030\014j8\3202\202\032\214\226\"\010"
 1603      42180C6A 
 1603      38D03282 
 1603      1A8C9622 
 1603      08
 1604 02c5 7D18A1B4 		.ascii	"}\030\241\264D\0255\025,\261da\203N\377\212\341\230"
 1604      44153515 
 1604      2CB16461 
 1604      834EFF8A 
 1604      E198
 1605 02d7 B965DDAD 		.ascii	"\271e\335\255\276BZ\341\234\215o.\3570mP\266\273\307"
 1605      BE425AE1 
 1605      9C8D6F2E 
 1605      EF306D50 
 1605      B6BBC7
ARM GAS  C:\Users\nicx5\AppData\Local\Temp\ccXYfuNk.s 			page 38


 1606 02ea B658F741 		.ascii	"\266X\367A\260xy3\365\207\372\245\006\261_}\327\000"
 1606      B0787933 
 1606      F587FAA5 
 1606      06B15F7D 
 1606      D700
 1607 02fc 10E225B6 		.ascii	"\020\342%\266\317\030\230\017X\232\205$\371|\331U\254"
 1607      CF18980F 
 1607      589A8524 
 1607      F97CD955 
 1607      AC
 1608 030d 4DF2BF21 		.ascii	"M\362\277!IttchT2\2443\367\277#e\210\324$7#\362\275"
 1608      49747463 
 1608      685432A4 
 1608      33F7BF23 
 1608      6588D424 
 1609 0325 A10A6CB7 		.ascii	"\241\012l\267Z\246.\031^b3 c\022\210R\207<\357\261\257"
 1609      5AA62E19 
 1609      5E623320 
 1609      63128852 
 1609      873CEFB1 
 1610 033a 36417BF7 		.ascii	"6A{\367J\322\306 \260_^\251\242\005\200\243\250qH(M"
 1610      4AD2C620 
 1610      B05F5EA9 
 1610      A20580A3 
 1610      A8714828 
 1611 034f C9D08814 		.ascii	"\311\320\210\024\024$I\2411\300\002\0211\0337\021\360"
 1611      142449A1 
 1611      31C00211 
 1611      311B3711 
 1611      F0
 1612 0360 38C71822 		.ascii	"8\307\030\"!\005IIS\347@\275\320Qb\240\315 \017\323"
 1612      21054949 
 1612      53E740BD 
 1612      D05162A0 
 1612      CD200FD3 
 1613 0374 568E00A8 		.ascii	"V\216\000\250d\335\007\014\031i\012Y\\\204\315\032\333"
 1613      64DD070C 
 1613      19690A59 
 1613      5C84CD1A 
 1613      DB
 1614 0385 51DA29A6 		.ascii	"Q\332)\246\303}\367\375\240g~\323}M\214\312\005_\210"
 1614      C37DF7FD 
 1614      A0677ED3 
 1614      7D4D8CCA 
 1614      055F88
 1615 0398 5E0A3DC5 		.ascii	"^\012=\305\261\205C4\202I\364e0!I\031A;\022\344\214"
 1615      B1854334 
 1615      8249F465 
 1615      30214919 
 1615      413B12E4 
 1616 03ad CB3AC4F6 		.ascii	"\313:\304\366\312\026i\355IC!\007\"\233\324\267\312"
 1616      CA1669ED 
 1616      49432107 
 1616      229BD4B7 
 1616      CA
 1617 03be 20F207F6 		.ascii	" \362\007\366\235\221>\334\362\273\257IC\225\206H1\261"
 1617      9D913EDC 
ARM GAS  C:\Users\nicx5\AppData\Local\Temp\ccXYfuNk.s 			page 39


 1617      F2BBAF49 
 1617      43958648 
 1617      31B1
 1618 03d0 DD8142A8 		.ascii	"\335\201B\250\2704\246r\000A\343\302\277\306s\034\325"
 1618      B834A672 
 1618      0041E3C2 
 1618      BFC6731C 
 1618      D5
 1619 03e1 18CBF197 		.ascii	"\030\313\361\227\250\237|\345\340\340\3032\236\346\300"
 1619      A89F7CE5 
 1619      E0E0C332 
 1619      9EE6C0
 1620 03f0 6F383F4B 		.ascii	"o8?K\204\365C\236\240\263S\362\242\210CY\232\027\267"
 1620      84F5439E 
 1620      A0B353F2 
 1620      A2884359 
 1620      9A17B7
 1621 0403 8FDF481F 		.ascii	"\217\337H\037\036}mA\202\316\302\376\020T\2677\211P"
 1621      1E7D6D41 
 1621      82CEC2FE 
 1621      1054B737 
 1621      8950
 1622 0415 DCB68ABC 		.ascii	"\334\266\212\274\022\203l\220,\030\376b\254\014\332"
 1622      12836C90 
 1622      2C18FE62 
 1622      AC0CDA
 1623 0424 248405EF 		.ascii	"$\204\005\357J\205\031\202-\020na\254S\242\214\032\331"
 1623      4A851982 
 1623      2D106E61 
 1623      AC53A28C 
 1623      1AD9
 1624 0436 69205DFE 		.ascii	"i ]\3760sz\333\325\216zeE\374'\023vj\250\302\026hE."
 1624      30737ADB 
 1624      D58E7A65 
 1624      45FC2713 
 1624      766AA8C2 
 1625 044e FE8C0CCB 		.ascii	"\376\214\014\313\312p9M\270\270\226\262\304\265\337"
 1625      CA70394D 
 1625      B8B896B2 
 1625      C4B5DF
 1626 045d AA7FC3B2 		.ascii	"\252\177\303\262\214\256\0227\245\274\372td\260\362"
 1626      8CAE1237 
 1626      A5BCFA74 
 1626      64B0F2
 1627 046c 1444A756 		.ascii	"\024D\247V\026E\001\331\025\012b\"\253`\207M<E\024P"
 1627      164501D9 
 1627      150A6222 
 1627      AB60874D 
 1627      3C451450 
 1628 0480 1D79FD01 		.ascii	"\035y\375\001"
 1629              		.text
 1630              		.section	.gnu.lto_.symbol_nodes.1f2fd209,"e",%progbits
 1631 0000 28B52FFD 		.ascii	"(\265/\375 \300e\003\000\024\005\274\000\000\000\000"
 1631      20C06503 
 1631      001405BC 
 1631      00000000 
 1632 0010 02CF027F 		.ascii	"\002\317\002\177\012\360\372\2508\001\220\316\000\000"
ARM GAS  C:\Users\nicx5\AppData\Local\Temp\ccXYfuNk.s 			page 40


 1632      0AF0FAA8 
 1632      380190CE 
 1632      0000
 1633 001e 7F0000BA 		.ascii	"\177\000\000\272\220\202\002\000\000\000\001\322\002"
 1633      90820200 
 1633      000001D2 
 1633      02
 1634 002b 7F0BFF1F 		.ascii	"\177\013\377\037\000\000\200\220\200\323\002\177\014"
 1634      00008090 
 1634      80D3027F 
 1634      0C
 1635 0038 D1027F0D 		.ascii	"\321\002\177\015\320\002\177\016\003\000\004\304\001"
 1635      D0027F0E 
 1635      030004C4 
 1635      01
 1636 0045 030003A4 		.ascii	"\003\000\003\244\037\003\000\001\274\372\312\022\001"
 1636      1F030001 
 1636      BCFACA12 
 1636      01
 1637 0052 84620300 		.ascii	"\204b\003\000\002\304j\244k\000\012\000\200\260\233"
 1637      02C46AA4 
 1637      6B000A00 
 1637      80B09B
 1638 0061 575BED25 		.ascii	"W[\355%\214\340@\235\001H\000 ?E\201\272l\031 \003"
 1638      8CE0409D 
 1638      01480020 
 1638      3F4581BA 
 1638      6C192003 
 1639              		.text
 1640              		.section	.gnu.lto_.refs.1f2fd209,"e",%progbits
 1641 0000 28B52FFD 		.ascii	"(\265/\375 \005)\000\000\001\000\000\000\000"
 1641      20052900 
 1641      00010000 
 1641      0000
 1642              		.text
 1643              		.section	.gnu.lto_.decls.1f2fd209,"e",%progbits
 1644 0000 28B52FFD 		.ascii	"(\265/\375`\366\026\025c\000\332\240\334#N0\016\323"
 1644      60F61615 
 1644      6300DAA0 
 1644      DC234E30 
 1644      0ED3
 1645 0012 E9C5BAEE 		.ascii	"\351\305\272\356\367x\210\237\303\236!~\016c\010\323"
 1645      F778889F 
 1645      C39E217E 
 1645      0E6308D3 
 1646 0022 286ABA1B 		.ascii	"(j\272\033\215[\263\377NK\220X\011\034\206\230\222t"
 1646      8D5BB3FF 
 1646      4E4B9058 
 1646      091C8698 
 1646      9274
 1647 0034 02C228B4 		.ascii	"\002\302(\264\027\324\205Q*7\256\201\376ki\266\341\211"
 1647      17D48551 
 1647      2A37AE81 
 1647      FE6B69B6 
 1647      E189
 1648 0046 45028104 		.ascii	"E\002\201\004\317\376\256\203\372\211\013r\275 \235"
 1648      CFFEAE83 
ARM GAS  C:\Users\nicx5\AppData\Local\Temp\ccXYfuNk.s 			page 41


 1648      FA890B72 
 1648      BD209D
 1649 0055 8BB190B2 		.ascii	"\213\261\220\262\311\226)\245\356\001\032\002)\002}"
 1649      C99629A5 
 1649      EE011A02 
 1649      29027D
 1650 0064 8E6C3953 		.ascii	"\216l9S~\216D\015\337\235O\352o\335.\333\263\313\026"
 1650      7E8E440D 
 1650      DF9D4FEA 
 1650      6FDD2EDB 
 1650      B3CB16
 1651 0077 CA65EBBC 		.ascii	"\312e\353\274l\227\227-\362\262\353]v;>\235d\364?p\320"
 1651      6C97972D 
 1651      F2B2EB5D 
 1651      763B3E9D 
 1651      64F43F70 
 1652 008c FB3B66D9 		.ascii	"\373;f\331\334\024\324\014\206)uF\354\374\314H\311\221"
 1652      DC14D40C 
 1652      86297546 
 1652      ECFCCC48 
 1652      C991
 1653 009e 99D28A21 		.ascii	"\231\322\212!\357\255L\237\014\255\327{\235\246\363"
 1653      EFAD4C9F 
 1653      0CADD77B 
 1653      9DA6F3
 1654 00ad 9A4DB769 		.ascii	"\232M\267i5\275\246\361:\255\357\230\373L\243a\273k"
 1654      35BDA6F1 
 1654      3AADEF98 
 1654      FB4CA361 
 1654      BB6B
 1655 00bf BA5E2B00 		.ascii	"\272^+\000\310\324\030^\337\365\224\036\343RHg\023\231"
 1655      C8D4185E 
 1655      DFF5941E 
 1655      E3524867 
 1655      1399
 1656 00d1 82C3FB7F 		.ascii	"\202\303\373\177\022\033Z\350z\363\026@\232\3165\010"
 1656      121B5AE8 
 1656      7AF31640 
 1656      9ACE3508 
 1657 00e1 95DFDCCB 		.ascii	"\225\337\334\313e\177\273\354i\227\275\354\262\207]"
 1657      657FBBEC 
 1657      6997BDEC 
 1657      B2875D
 1658 00f0 F623973D 		.ascii	"\366#\227=\310e\247\272\334|\267\305\204\270O\260pa"
 1658      C865A7BA 
 1658      DC7CB7C5 
 1658      84B84FB0 
 1658      7061
 1659 0102 79CA5D77 		.ascii	"y\312]w\271\313\254t\011e\311\"\344\002\034[[\023m\214"
 1659      B9CBAC74 
 1659      0965C922 
 1659      E4021C5B 
 1659      5B136D8C 
 1660 0116 A805B937 		.ascii	"\250\005\2717\026\362\270t\\\313\365\227\336\322]\032"
 1660      16F2B874 
 1660      5CCBF597 
 1660      DED25D1A 
ARM GAS  C:\Users\nicx5\AppData\Local\Temp\ccXYfuNk.s 			page 42


 1661 0126 AE5F6830 		.ascii	"\256_h0\035\246\323\332\013s\237\365\012\254\363\377"
 1661      1DA6D3DA 
 1661      0B739FF5 
 1661      0AACF3FF 
 1662 0136 C9FF6722 		.ascii	"\311\377g\",\275v\231>\377p\344\230i\351\265\364Gr\304"
 1662      2CBD7699 
 1662      3EFF70E4 
 1662      9869E9B5 
 1662      F44772C4 
 1663 014a 6349419F 		.ascii	"cIA\237\377Q\3562\346v\343\366\322Wz\255\347\031\344"
 1663      FF51EE32 
 1663      E676E3F6 
 1663      D2577AAD 
 1663      E719E4
 1664 015d BFAF0715 		.ascii	"\277\257\007\025#\037rC\320H\204 A\202\304N\022(sq\001"
 1664      231F7243 
 1664      D0488420 
 1664      4182C44E 
 1664      12287371 
 1665 0172 A4DC402E 		.ascii	"\244\334@.\267\217\313#\\\346q\031\204{\233.wp{8\270"
 1665      B78FCB23 
 1665      5CE67119 
 1665      847B9B2E 
 1665      77707B38 
 1666 0187 9CC10DD1 		.ascii	"\234\301\015\321?jG\233J\247\001\265\032\267\224.c\037"
 1666      3F6A479B 
 1666      4AA701B5 
 1666      1AB7942E 
 1666      631F
 1667 0199 AAFFBEFF 		.ascii	"\252\377\276\377(\317\216\234\267.w\236\362zwRpWa\001"
 1667      28CF8E9C 
 1667      B72E779E 
 1667      F27A7752 
 1667      70576101 
 1668 01ad EABE887B 		.ascii	"\352\276\210{.7\220\312\323@*\253\227\375z\264A\250"
 1668      2E3790CA 
 1668      D3402AAB 
 1668      97FD7AB4 
 1668      41A8
 1669 01bf 403FEA88 		.ascii	"@?\352\210\006\241\246\375\323dn'M\230\033\310\334)"
 1669      06A1A6FD 
 1669      D3646E27 
 1669      4D981BC8 
 1669      DC29
 1670 01d1 73ABCC6D 		.ascii	"s\253\314m\231\333\231\233\231\331\217\231\253J`\356"
 1670      99DB999B 
 1670      99D98F99 
 1670      AB4A60EE 
 1671 01e1 22CCED25 		.ascii	"\"\314\355%\306\314[\3020s\0343kaf.\314\354\205\231"
 1671      C6CC5BC2 
 1671      30731C33 
 1671      6B61662E 
 1671      CCEC8599 
 1672 01f5 E198F90B 		.ascii	"\341\230\371\0133\203af4\314,\206\231\32503\033\022"
 1672      33836166 
 1672      34CC2C86 
 1672      99D53033 
ARM GAS  C:\Users\nicx5\AppData\Local\Temp\ccXYfuNk.s 			page 43


 1672      1B12
 1673 0207 9430616E 		.ascii	"\2240an\"\314\254@\017\346^\302C\314V\000\346\016c\356"
 1673      22CCAC40 
 1673      0FE65EC2 
 1673      43CC5600 
 1673      E60E63EE 
 1674 021b 2FE6E662 		.ascii	"/\346\346b\356+\346\266b\356g\356\015\314\215\000s'"
 1674      EE2BE6B6 
 1674      62EE67EE 
 1674      0DCC8D00 
 1674      7327
 1675 022d 99598DB9 		.ascii	"\231Y\215\271\217\314\235\000s_\346\326\300\314{\314"
 1675      8FCC9D00 
 1675      735FE6D6 
 1675      C0CC7BCC 
 1676 023d CCC3CC2F 		.ascii	"\314\303\314/0\263\377\375\375\3751w\010\346\364\000"
 1676      30B3FFFD 
 1676      FDFD3177 
 1676      08E6F400 
 1677 024d 669F2701 		.ascii	"f\237'\001_\300\262\360\376\243K\346\342<\305Jp\323"
 1677      5FC0B2F0 
 1677      FEA34BE6 
 1677      E23CC54A 
 1677      70D3
 1678 025f E6E60646 		.ascii	"\346\346\006F\206\367\004,O\215\267\361;'\34328\235"
 1678      86F7042C 
 1678      4F8DB7F1 
 1678      3B27E332 
 1678      389D
 1679 0271 EF799DBF 		.ascii	"\357y\235\277q=\227\343y\336\3473\370\237\307\3619\356"
 1679      713D97E3 
 1679      79DEE733 
 1679      F89FC7F1 
 1679      39EE
 1680 0283 C6CF781A 		.ascii	"\306\317x\032g\343~^\306\361\334\214\303\361\030\334"
 1680      67E37E5E 
 1680      C6F1DC8C 
 1680      C3F118DC 
 1681 0293 CEF97C4D 		.ascii	"\316\371|M\2479\032f\037\34308\025G\343jn%\312\363\377"
 1681      A7391A66 
 1681      1FE33038 
 1681      1547E36A 
 1681      6E25CAF3 
 1682 02a8 CDBA34D9 		.ascii	"\315\2724\331\340\300\266\266\200\275\241\3618\227S"
 1682      E0C0B6B6 
 1682      80BDA1F1 
 1682      389753
 1683 02b7 116DD301 		.ascii	"\021m\323\001\323z\376{\2115\3313\341\00409w\202\306"
 1683      D37AFE7B 
 1683      8935D933 
 1683      E1043039 
 1683      7782C6
 1684 02ca A1B8D588 		.ascii	"\241\270\325\210\271$o\353\250\200\341\341\375\323\221"
 1684      B9246FEB 
 1684      A880E1E1 
 1684      FDD391
 1685 02d9 6813CCF0 		.ascii	"h\023\314\360\255\221 e\240\336=\241\266\255\271n\325"
ARM GAS  C:\Users\nicx5\AppData\Local\Temp\ccXYfuNk.s 			page 44


 1685      AD912065 
 1685      A0DE3DA1 
 1685      B6ADB96E 
 1685      D5
 1686 02ea 73FAB0FA 		.ascii	"s\372\260\372<e\017\343/\250^S]R<\365/B\354`8T\215\225"
 1686      3C650FE3 
 1686      2FA85E53 
 1686      5D523CF5 
 1686      2F42EC60 
 1687 0302 D1F2D49A 		.ascii	"\321\362\324\232\271\015\254\273\014\214\273\014\334"
 1687      B90DACBB 
 1687      0C8CBB0C 
 1687      DC
 1688 030f 7219C8C2 		.ascii	"r\031\310\302e`\333e`\225\313\236\205\331\261\370[\012"
 1688      6560DB65 
 1688      6095CB9E 
 1688      85D9B1F8 
 1688      5B0A
 1689 0321 866B2BCC 		.ascii	"\206k+\314SoA\210\335\205\035!XUh\236F\000\275<\316"
 1689      536F4188 
 1689      DD851D21 
 1689      5855689E 
 1689      4600BD3C 
 1690 0336 06A1F65E 		.ascii	"\006\241\366^\377\250&P\270\356t+\314^\305\323z-\215"
 1690      FFA82650 
 1690      B8EE742B 
 1690      CC5EC5D3 
 1690      7A2D8D
 1691 0349 0A6093A4 		.ascii	"\012`\223\244=Y\343\251\257\011\261\263\375\370P\375"
 1691      3D59E3A9 
 1691      AF09B1B3 
 1691      FDF850FD 
 1692 0359 F37880E4 		.ascii	"\363x\200\344\331\364\224\371\304\256\010\033\327?\252"
 1692      D9F494F9 
 1692      C4AE081B 
 1692      D73FAA
 1693 0368 33517219 		.ascii	"3Qr\031\350u\325?r\031X\344\252\312!\227\201\313\253"
 1693      E875D53F 
 1693      721958E4 
 1693      AACA2197 
 1693      81CBAB
 1694 037b 665D5D06 		.ascii	"f]]\006R]\225\011\364q\031x\274\252S\316\345\364\315"
 1694      525D9509 
 1694      F4711978 
 1694      BCAA53CE 
 1694      E5F4CD
 1695 038e 5599E45D 		.ascii	"U\231\344]N\325\\\365y\346rJ\346\252\3201W\215\262\207"
 1695      4ED55CF5 
 1695      79E6724A 
 1695      E6AAD031 
 1695      578DB287 
 1696 03a2 29D16085 		.ascii	")\321`\205v\306\215\247\236\304m\211\205\314SN\267\010"
 1696      76C68DA7 
 1696      9EC46D89 
 1696      85CC534E 
 1696      B708
 1697 03b4 91C376C5 		.ascii	"\221\303v\305t\313\012rF\244\213\350G\363m\231\245\325"
ARM GAS  C:\Users\nicx5\AppData\Local\Temp\ccXYfuNk.s 			page 45


 1697      74CB0A72 
 1697      46A48BE8 
 1697      47F36D99 
 1697      A5D5
 1698 03c6 244E9761 		.ascii	"$N\227a\365\232\326\263\312\210\323\271\034\211\177"
 1698      F59AD6B3 
 1698      CA88D3B9 
 1698      1C897F
 1699 03d5 791137E2 		.ascii	"y\0217\342^\336\345L\007\363#\235\346Mf\037\342[l@\334"
 1699      5EDEE54C 
 1699      07F3239D 
 1699      E64D661F 
 1699      E25B6C40 
 1700 03ea 4A45B4AD 		.ascii	"JE\264\255\333@\331z\376\3235=\210[]&\325\377\231\030"
 1700      DB40D97A 
 1700      FED3353D 
 1700      885B5D26 
 1700      D5FF9918 
 1701 03fe 0834BA35 		.ascii	"\0104\2725\273\276\177\272\206\333{+\023\"\345ty\235"
 1701      BBBE7FBA 
 1701      86DB7B2B 
 1701      1322E574 
 1701      799D
 1702 0410 81FE5139 		.ascii	"\201\376Q9\275\272\234*/\247\311\313\351_\266q.[\274"
 1702      BDBA9C2A 
 1702      2FA7C9CB 
 1702      E95FB671 
 1702      2E5BBC
 1703 0423 CB36CD65 		.ascii	"\3136\315eKw\331\202\271s<\267.\015\017\315S\266\\."
 1703      4B77D982 
 1703      B9733CB7 
 1703      2E0D0FCD 
 1703      53B65C2E 
 1704 0437 B35301CD 		.ascii	"\263S\001\315\021sDz\312\354\312\326\022C\236[_\024"
 1704      1173447A 
 1704      CAECCAD6 
 1704      12439E5B 
 1704      5F14
 1705 0449 363753D8 		.ascii	"67S\330\336T\225\301\251z\306iJ\271\017\237\362\244"
 1705      DE5495C1 
 1705      A97AC669 
 1705      4AB90F9F 
 1705      F2A4
 1706 045b F7F063FF 		.ascii	"\367\360c\377\371w\232#\333\357m\206*\2559\001\366\353"
 1706      F9779A23 
 1706      DBEF6D86 
 1706      2AAD3901 
 1706      F6EB
 1707 046d 6A712912 		.ascii	"jq)\022\305:9T\361+\033\342D\342'E\255\313\366\330\340"
 1707      C53A3954 
 1707      F12B1BE2 
 1707      44E22745 
 1707      ADCBF6D8 
 1708 0482 F73636E6 		.ascii	"\36766\346i\227\206\350\335AK\201\305X\226\213\201\311"
 1708      699786E8 
 1708      DD414B81 
 1708      C558968B 
ARM GAS  C:\Users\nicx5\AppData\Local\Temp\ccXYfuNk.s 			page 46


 1708      81C9
 1709 0494 3F6BC2A3 		.ascii	"?k\302\243\267\265\205\327g\327\310\322@\261C\330r\331"
 1709      B7B585D7 
 1709      67D7C8D2 
 1709      40B143D8 
 1709      72D9
 1710 04a6 26962BD1 		.ascii	"&\226+\321*Om\021\015h`a\274@\271v\313\022\3514\313"
 1710      2A4F6D11 
 1710      0D686061 
 1710      BC40B976 
 1710      CB12E934 
 1711 04bb 641E2A12 		.ascii	"d\036*\022a\217Qe\007 \2310l'\210P\373\257E\2506\313"
 1711      618F5165 
 1711      07209930 
 1711      6C278850 
 1711      FBAF45A8 
 1712 04d1 6A395F16 		.ascii	"j9_\026\2257-!\352\226\335\221\351\251\015\242\222m"
 1712      95372D21 
 1712      EA96DD91 
 1712      E9A90DA2 
 1712      926D
 1713 04e3 4531E3BA 		.ascii	"E1\343\272K\346\006r\202\017\275^cf\035\353\004\313"
 1713      4BE60672 
 1713      820FBD5E 
 1713      63661DEB 
 1713      04CB
 1714 04f5 150D5377 		.ascii	"\025\015Sw\307\316^]Y\253a\224\207\313\213\015\024\372"
 1714      C7CE5E5D 
 1714      59AB6194 
 1714      87CB8B0D 
 1714      14FA
 1715 0507 CF040262 		.ascii	"\317\004\002b\361\302\227\345\314\345 \226\302J\331"
 1715      F1C297E5 
 1715      CCE52096 
 1715      C24AD9
 1716 0516 29B6CA34 		.ascii	")\266\3124\253\264V\376\317\303\244\273\233\353{&\023"
 1716      ABB456FE 
 1716      CFC3A4BB 
 1716      9BEB7B26 
 1716      13
 1717 0527 C8B598CD 		.ascii	"\310\265\230\315\351\302zl\255\230-\225\255\342;\240"
 1717      E9C27A6C 
 1717      AD982D95 
 1717      ADE23BA0 
 1718 0537 FFBDFF27 		.ascii	"\377\275\377'\240Q\200\333\212\363\264\247A\250\256"
 1718      A05180DB 
 1718      8AF3B4A7 
 1718      41A8AE
 1719 0546 A6707B00 		.ascii	"\246p{\000\310j\236 \253\207\373\211\354X\346\314^\352"
 1719      C86A9E20 
 1719      AB87FB89 
 1719      EC58E6CC 
 1719      5EEA
 1720 0558 EC6BFE79 		.ascii	"\354k\376y\232\376gQ&\235\357Ge\324yT\312!\227\037\224"
 1720      9AFE6751 
 1720      269DEF47 
 1720      65D47954 
ARM GAS  C:\Users\nicx5\AppData\Local\Temp\ccXYfuNk.s 			page 47


 1720      CA21971F 
 1721 056d C9E4B247 		.ascii	"\311\344\262G\251\026=*\223\237\325\037Ef\375#\263\356"
 1721      A9163D2A 
 1721      939FD51F 
 1721      4566FD23 
 1721      B3EE
 1722 057f 23974AB5 		.ascii	"#\227J\265\257\254\254\377'\322\312G\276\362\235\307"
 1722      AFACACFF 
 1722      27D2CA47 
 1722      BEF29DC7 
 1723 058f 9E575BF6 		.ascii	"\236W[\366(\243\310e+\325\234\313\017\237Dz\245\316"
 1723      28A3C865 
 1723      2BD59CCB 
 1723      0F9F447A 
 1723      A5CE
 1724 05a1 A552CEB9 		.ascii	"\245R\316\271\274j\310\2452\371\365\375Q*t\275\344\223"
 1724      BC6AC8A5 
 1724      32F9F5FD 
 1724      512A74BD 
 1724      E493
 1725 05b3 CEAC3965 		.ascii	"\316\2549e\324\253\217\321';\366+\377\371\257\214\376"
 1725      D4AB8FD1 
 1725      273BF62B 
 1725      FFF9AF8C 
 1725      FE
 1726 05c4 D0512ABA 		.ascii	"\320Q*\272\204JE\261n@\201<\251\376_\035k\366|\362\217"
 1726      844A45B1 
 1726      6E40813C 
 1726      A9FE5F1D 
 1726      6BF67CF2 
 1727 05d9 D167B239 		.ascii	"\321g\2629\342\237\254\307?\331wh\347\017\251\377\177"
 1727      E29FACC7 
 1727      3FD97768 
 1727      E70FA9FF 
 1727      7F
 1728 05ea 231FE2C7 		.ascii	"#\037\342\307\377\361\377\233\3521\372\377\310n\347"
 1728      FFF1FF9B 
 1728      EA31FAFF 
 1728      C86EE7
 1729 05f9 2BBDAAFC 		.ascii	"+\275\252\374\370fs\203g\363\241=\276B\374\377Q\251"
 1729      F8667383 
 1729      67F3A13D 
 1729      BE42FCFF 
 1729      51A9
 1730 060b F6D5B457 		.ascii	"\366\325\264W?\310\234\017}f\037\325^\352\257\222_\177"
 1730      3FC89C0F 
 1730      7D661FD5 
 1730      5EEAAF92 
 1730      5F7F
 1731 061d D58ED16F 		.ascii	"\325\216\321o\373\377\326\363\020\2053E\314\372H2\323"
 1731      FBFFD6F3 
 1731      10853345 
 1731      CCFA4832 
 1731      D3
 1732 062e 9459E2A9 		.ascii	"\224Y\342\251\355\261\001\310\2220a<eu\3522[\244=\272"
 1732      EDB101C8 
 1732      9230613C 
ARM GAS  C:\Users\nicx5\AppData\Local\Temp\ccXYfuNk.s 			page 48


 1732      6575EA32 
 1732      5BA43DBA 
 1733 0642 DB116811 		.ascii	"\333\021h\021O\355{\200j\035\333x\312\300\276kv6\345"
 1733      4FED7B80 
 1733      6A1DDB78 
 1733      CAC0BE6B 
 1733      7636E5
 1734 0655 79A6E539 		.ascii	"y\246\3459\005\255,\205(p\320\262,f+\234\341yaB\245"
 1734      05AD2C85 
 1734      2870D0B2 
 1734      2C662B9C 
 1734      E1796142 
 1735 066a 6C79A200 		.ascii	"ly\242\000fJ\024*$&\210\011\3171cdq)\250\320e\011\023"
 1735      664A142A 
 1735      24268809 
 1735      CF316364 
 1735      7129A8D0 
 1736 0681 B03E332E 		.ascii	"\260>3.F\2568\032g\301\263\370P\001\033\273\3525\272"
 1736      46AE381A 
 1736      67C1B3F8 
 1736      50011BBB 
 1736      EA35BA
 1737 0694 7CA34454 		.ascii	"|\243DT1\311\030\202\016\021\232t\350\330A\2142Zi\014"
 1737      31C91882 
 1737      0E119A74 
 1737      E8D8418C 
 1737      325A690C 
 1738 06a8 03587A8A 		.ascii	"\003Xz\212\361\341i\307\207\017\232\202?|\243D\016&"
 1738      F1E169C7 
 1738      870F9A82 
 1738      3F7CA344 
 1738      0E26
 1739 06ba 251C4145 		.ascii	"%\034AE\243S\260\307Xl\252\221C\351(\311\350d4\032u"
 1739      A353B0C7 
 1739      586CAA91 
 1739      43E928C9 
 1739      E864341A 
 1740 06cf 60038249 		.ascii	"`\003\202ID\037F\201\243\201\250\"\224\321ii\003\353"
 1740      441F4681 
 1740      A381A822 
 1740      94D16969 
 1740      03EB
 1741 06e1 A8514287 		.ascii	"\250QB\207\215\005p4PD\301\003\207Q\211g\351)\206\213"
 1741      8D057034 
 1741      5044C103 
 1741      87518967 
 1741      E929868B 
 1742 06f5 161E50AC 		.ascii	"\026\036P\254A\030\303t\015\276\220q\201\221\272\272"
 1742      4118C374 
 1742      0DBE9071 
 1742      8191BABA 
 1743 0705 68114C87 		.ascii	"h\021L\207\210\301`\020\270\316\010\006\3235\270\322"
 1743      88C16010 
 1743      B8CE0806 
 1743      D335B8D2 
 1744 0715 1802895C 		.ascii	"\030\002\211\\P0LO\230X\221\254\320\212d\207V$K\264"
 1744      50304C4F 
ARM GAS  C:\Users\nicx5\AppData\Local\Temp\ccXYfuNk.s 			page 49


 1744      985891AC 
 1744      D08A6487 
 1744      56244BB4 
 1745 0729 22D9132B 		.ascii	"\"\331\023+\222-Z\221\254\003+\222E\261\"\331\024+\222"
 1745      922D5A91 
 1745      AC032B92 
 1745      45B122D9 
 1745      142B92
 1746 073c 7D6045B2 		.ascii	"}`E\262&\204\206\210N\0249 \264\"\2456\212,\222V\032"
 1746      26848688 
 1746      4E143920 
 1746      B422A536 
 1746      8A2C9256 
 1747 0751 C31DBE51 		.ascii	"\303\035\276Q\"*\312DQ\261\306\216&\031\304\240\342"
 1747      222ACA44 
 1747      51B1C68E 
 1747      2619C4A0 
 1747      E2
 1748 0762 12138F22 		.ascii	"\022\023\217\"\213 \342\013\"\214`\212uh\244Ah\015Z"
 1748      8B20E20B 
 1748      228C608A 
 1748      7568A441 
 1748      680D5A
 1749 0775 A195184C 		.ascii	"\241\225\030L\207\326\240%Z\203v\015\"\015\203@\023"
 1749      87D6A025 
 1749      5A83760D 
 1749      220D8340 
 1749      13
 1750 0786 442C5221 		.ascii	"D,R!\026F3V#\242\321\252\263\006\327\026C$\012h\250"
 1750      16463356 
 1750      23A2D1AA 
 1750      B306D716 
 1750      43240A68 
 1751 079b 1F2C3935 		.ascii	"\037,95\005u8\0201 vXq\244\242\003\221\320\220\261X"
 1751      05753810 
 1751      31207658 
 1751      71A4A203 
 1751      91D090B1 
 1752 07b0 83890713 		.ascii	"\203\211\007\023\013\012\204\301\023+\206*<\030\235"
 1752      0B0A84C1 
 1752      132B862A 
 1752      3C189D
 1753 07bf A0949A9A 		.ascii	"\240\224\232\232\230\226\236bx8\272FD\341=:\372"
 1753      98969E62 
 1753      7838BA46 
 1753      44E13D3A 
 1753      FA
 1754 07d0 11DE1427 		.ascii	"\021\336\024'^\020\2176\274 \006oqG\223\322\214\034"
 1754      5E108F36 
 1754      BC20066F 
 1754      714793D2 
 1754      8C1C
 1755 07e2 4E4C504A 		.ascii	"NLPJF\016\230\232\224\202/\210\301\037\033E\026E\035"
 1755      460E989A 
 1755      94822F88 
 1755      C11F1B45 
 1755      16451D
ARM GAS  C:\Users\nicx5\AppData\Local\Temp\ccXYfuNk.s 			page 50


 1756 07f5 22C88062 		.ascii	"\"\310\200b\312\361B(\034&\005\203\253\017\337(\261"
 1756      CAF14228 
 1756      1C260583 
 1756      AB0FDF28 
 1756      B1
 1757 0806 B4644C6A 		.ascii	"\264dLjR\272qc\210\010\007\324S\320R\216\027AIB\025"
 1757      52BA7163 
 1757      880807D4 
 1757      53D0528E 
 1757      17414942 
 1758 081b 47495151 		.ascii	"GIQQ(\216\202\236\214E\036LF\026E\034\345\264\342H\203"
 1758      288E829E 
 1758      8C451E4C 
 1758      4616451C 
 1758      E5B4E248 
 1759 0830 21221832 		.ascii	"!\"\0302\210\032<}`t\242\241\001\004F\000T\020T\261"
 1759      881A3C7D 
 1759      6074A2A1 
 1759      01044600 
 1759      541054B1 
 1760 0844 B6805282 		.ascii	"\266\200R\202\"\012\205\303[\\2\356p\"\302\250`hAj\344"
 1760      220A85C3 
 1760      5B5C32EE 
 1760      7022C2A8 
 1760      6068416A 
 1761 0859 62150A87 		.ascii	"b\025\012\207*T\322\020\021T\016\246\035\227\225\210"
 1761      2A54D210 
 1761      11540EA6 
 1761      1D979588 
 1762 0869 1E4051C4 		.ascii	"\036@Q\304\001QQ\211\001\030\205Pp\004R\005.\356R\211"
 1762      01515189 
 1762      01188550 
 1762      70045205 
 1762      2EEE5289 
 1763 087d 0E986CE4 		.ascii	"\016\230l\344pZJ\302Q\204z\022\341)h\311H\0142\026k"
 1763      705A4AC2 
 1763      51847A12 
 1763      E12968C9 
 1763      480C3216 
 1764 0892 28393541 		.ascii	"(95A99\255(@hD\214\021\234!\024\016u\204\302\241}\302"
 1764      3939AD28 
 1764      4068448C 
 1764      119C2114 
 1764      0E7584C2 
 1765 08a9 04A88299 		.ascii	"\004\250\202\2319L\234p\351\350\331M!ib\2256\255p\251"
 1765      394C9C70 
 1765      E9E8D94D 
 1765      21696295 
 1765      36AD70A9 
 1766 08bd 2BE10BB8 		.ascii	"+\341\013\270\202\0228N\304lX\325\035\2271\236\332 "
 1766      8212384E 
 1766      C46C58D5 
 1766      1D97319E 
 1766      DA20
 1767 08cf 3A6D7D44 		.ascii	":m}D\322<\345\200\225$\211\015\363*\337e\377\274\374"
 1767      D23CE580 
 1767      9524890D 
ARM GAS  C:\Users\nicx5\AppData\Local\Temp\ccXYfuNk.s 			page 51


 1767      F32ADF65 
 1767      FFBCFC
 1768 08e2 ECA06D49 		.ascii	"\354\240mI\277+J\330\206\331\260\2742O\266\334\0356"
 1768      BF2B4AD8 
 1768      86D9B0BC 
 1768      324FB6DC 
 1768      1D36
 1769 08f4 478ED8AF 		.ascii	"G\216\330\257\366*\000KO\353\331aoB\200xq\201\327\250"
 1769      F62A004B 
 1769      4FEBD961 
 1769      6F428078 
 1769      7181D7A8 
 1770 0908 A150678C 		.ascii	"\241Pg\21422\"\"\"\222$I:\221\005\204\030\010\035V\007"
 1770      32322222 
 1770      22922449 
 1770      3A910584 
 1770      18081D56 
 1771 091d 12E01321 		.ascii	"\022\340\023!\213\263\251\021\222\244\240$\245B\373"
 1771      8BB3A911 
 1771      92A4A024 
 1771      A542FB
 1772 092c 1D402786 		.ascii	"\035@'\206\015\233\336K\317\345\\\273&\304\225(\023"
 1772      0D9BDE4B 
 1772      CFE55CBB 
 1772      26C49528 
 1772      13
 1773 093d 6106AA4C 		.ascii	"a\006\252LK\221\013\305\326\251\213CV\303\305\014\226"
 1773      4B910BC5 
 1773      D6A98B43 
 1773      56C3C50C 
 1773      96
 1774 094e 8698C24E 		.ascii	"\206\230\302NW<zZ\007\301\312H\226\244F\261\007+\257"
 1774      573C7A5A 
 1774      07C1CA48 
 1774      96A446B1 
 1774      072BAF
 1775 0961 26BC98A4 		.ascii	"&\274\230\244\364C\031\211),_1\274>\262\365\257\014"
 1775      F4431989 
 1775      292C5F31 
 1775      BC3EB2F5 
 1775      AF0C
 1776 0973 E6677132 		.ascii	"\346gq2y\342uF\014py\340\360] n_<\234\032\211L\222#"
 1776      79E27546 
 1776      0C7079E0 
 1776      F05D206E 
 1776      5F3C9C1A 
 1777 098b 39831C26 		.ascii	"9\203\034&\3638c\275\177kb\236\365\270\345x%\313B\243"
 1777      F33863BD 
 1777      7F6B629E 
 1777      F5B8E578 
 1777      25CB42A3 
 1778 099f 747F9EAA 		.ascii	"t\177\236\252\307y\035\236*'\3333\265\334%\2428\202"
 1778      C7791D9E 
 1778      2A27DB33 
 1778      B5DC25A2 
 1778      3882
 1779 09b1 43EE880E 		.ascii	"C\356\210\0163\302\232\012\377\330:\3747\343\244\373"
ARM GAS  C:\Users\nicx5\AppData\Local\Temp\ccXYfuNk.s 			page 52


 1779      33C29A0A 
 1779      FFD83AFC 
 1779      37E3A4FB 
 1780 09c1 5E3269A4 		.ascii	"^2i\244F\367qxhl~\230\025\316\221U\001d\025X>@\325d"
 1780      46F77178 
 1780      686C7E98 
 1780      15CE9155 
 1780      01641558 
 1781 09d9 4391593C 		.ascii	"C\221Y<\214\255R\333\005Nv`\031\210\010\353b\032\206"
 1781      8CAD52DB 
 1781      054E7660 
 1781      198808EB 
 1781      621A86
 1782 09ec E1CDE7D4 		.ascii	"\341\315\347\324\3243\212[\025[O\222q\362\223&\033A"
 1782      D4338A5B 
 1782      155B4F92 
 1782      71F29326 
 1782      1B41
 1783 09fe 5ABD841B 		.ascii	"Z\275\204\0333\221\312\271]*\003\221\307u\240_E\315"
 1783      3391CAB9 
 1783      5D2A0391 
 1783      C775A05F 
 1783      45CD
 1784 0a10 575976F5 		.ascii	"WYv\365p\266\003\012J\304v\035\242\362\0066e\246\000"
 1784      70B6030A 
 1784      4AC4761D 
 1784      A2F20636 
 1784      65A600
 1785 0a23 2454C608 		.ascii	"$T\306\010r\257\364\221\365\322\302Y\250\003\277\231"
 1785      72AFF491 
 1785      F5D2C259 
 1785      A803BF99 
 1786 0a33 13921C49 		.ascii	"\023\222\034Iy\334P\031\323\030@\030\355%\236\013\023"
 1786      79DC5019 
 1786      D3184018 
 1786      ED259E0B 
 1786      13
 1787 0a44 1F5CC306 		.ascii	"\037\\\303\006>\311\345\322\342\232._*!\263G:hj\021"
 1787      3EC9E5D2 
 1787      E29A2E5F 
 1787      2A21B347 
 1787      3A686A11 
 1788 0a58 A58BBEA2 		.ascii	"\245\213\276\242Ns\"\000\027F\277\336\363\217\305\202"
 1788      4E732200 
 1788      1746BFDE 
 1788      F38FC582 
 1789 0a68 97A22ECC 		.ascii	"\227\242.\314\261Jl\254c\371\312\201\012\211)&\270\327"
 1789      B14A6CAC 
 1789      63F9CA81 
 1789      0A892926 
 1789      B8D7
 1790 0a7a 953DCF80 		.ascii	"\225=\317\200\177\366h\375\225~\006\277\210\203\334"
 1790      7FF668FD 
 1790      957E06BF 
 1790      8883DC
 1791 0a89 A0CF5B14 		.ascii	"\240\317[\024\016L\004\356\033\"LO\355,(\035\212T\333"
 1791      0E4C04EE 
ARM GAS  C:\Users\nicx5\AppData\Local\Temp\ccXYfuNk.s 			page 53


 1791      1B224C4F 
 1791      ED2C281D 
 1791      8A54DB
 1792 0a9c 80FA8748 		.ascii	"\200\372\207H\005\035\342A\012\006`\002\030^[^\254w"
 1792      051DE241 
 1792      0A066002 
 1792      185E5B5E 
 1792      AC77
 1793 0aae A032784F 		.ascii	"\2402xO\313\366h]h\037G\326\267\321U\233\201\312\255"
 1793      CBF6685D 
 1793      681F47D6 
 1793      B7D1559B 
 1793      81CAAD
 1794 0ac1 51C32C2B 		.ascii	"Q\303,+2,\257\361\303\362h\241\366\020\017\204\306\255"
 1794      322CAFF1 
 1794      C3F268A1 
 1794      F6100F84 
 1794      C6AD
 1795 0ad3 F84FF162 		.ascii	"\370O\361b\007\261\252o\253\024q\244\331%\230\364\337"
 1795      07B1AA6F 
 1795      AB1471A4 
 1795      D92598F4 
 1795      DF
 1796 0ae4 4B7B10F9 		.ascii	"K{\020\371m\033\204\327!\231\235\321\2148#\246\327\242"
 1796      6D1B84D7 
 1796      21999DD1 
 1796      8C3823A6 
 1796      D7A2
 1797 0af6 47001AF5 		.ascii	"G\000\032\365\231Z\203\356\315WC|T\232\035\356\015\006"
 1797      995A83EE 
 1797      CD57437C 
 1797      549A1DEE 
 1797      0D06
 1798 0b08 96A902A2 		.ascii	"\226\251\002\242\254\274\357\344\005\007\244\012h|\037"
 1798      ACBCEFE4 
 1798      0507A40A 
 1798      687C1F
 1799 0b17 291ED20C 		.ascii	")\036\322\014\367\204O\0074z\255O\345\221\311\264n\200"
 1799      F7844F07 
 1799      347AAD4F 
 1799      E591C9B4 
 1799      6E80
 1800 0b29 A89939A6 		.ascii	"\250\2319\246y5\344>\331P\011\011\001 \010\353\326Z"
 1800      7935E43E 
 1800      D9500909 
 1800      012008EB 
 1800      D65A
 1801 0b3b 579FE2F5 		.ascii	"W\237\342\365\270\206\\\323\353\273\356\353\270\343"
 1801      B8865CD3 
 1801      EBBBEEEB 
 1801      B8E3
 1802 0b49 62788788 		.ascii	"bx\207\210p\015i\000A\233\212\254\035\330[2*\027\012"
 1802      700D6900 
 1802      419B8AAC 
 1802      1DD85B32 
 1802      2A170A
 1803 0b5c 97EDAF33 		.ascii	"\227\355\2573\006\226\271\305F\006\330\311\321l\035"
ARM GAS  C:\Users\nicx5\AppData\Local\Temp\ccXYfuNk.s 			page 54


 1803      0696B9C5 
 1803      4606D8C9 
 1803      D16C1D
 1804 0b6b 200DE677 		.ascii	" \015\346w\375\201Q\263\214P\021\324\\\244I\314\020"
 1804      FD8151B3 
 1804      8C5011D4 
 1804      5CA449CC 
 1804      10
 1805 0b7c 2EDD4D03 		.ascii	".\335M\003r-\200\015|A\010\000_\265\222\011\257\210"
 1805      722D800D 
 1805      7C410800 
 1805      5FB59209 
 1805      AF88
 1806 0b8e FC5789BA 		.ascii	"\374W\211\272\236\200\370\020\342!-\233\305h,k\232w"
 1806      9E80F810 
 1806      E2212D9B 
 1806      C5682C6B 
 1806      9A77
 1807 0ba0 E8042947 		.ascii	"\350\004)GQ\307k\365\003\034\331\353\020\013Uc\335M"
 1807      51C76BF5 
 1807      031CD9EB 
 1807      100B5563 
 1807      DD4D
 1808 0bb2 77BBFE01 		.ascii	"w\273\376\001o\263~\300%\270Z^\204\233\016\354\244\365"
 1808      6FB37EC0 
 1808      25B85A5E 
 1808      849B0EEC 
 1808      A4F5
 1809 0bc4 D72B7D05 		.ascii	"\327+}\0053\347\221\205\316hN\237\315=\036P\022\177"
 1809      33E79185 
 1809      CE684E9F 
 1809      CD3D1E50 
 1809      127F
 1810 0bd6 80629668 		.ascii	"\200b\226h\001Z\207YP8\340\204\344n9\366}\245\221\\"
 1810      015A8759 
 1810      5038E084 
 1810      E46E39F6 
 1810      7DA5915C 
 1811 0bea 14C662A9 		.ascii	"\024\306b\251\004\006S\327L\013&\000\336:\227>a\263"
 1811      040653D7 
 1811      4C0B2600 
 1811      DE3A973E 
 1811      61B3
 1812 0bfc 08F85E57 		.ascii	"\010\370^W\254|\260^\332\362\363\336\015\023@\243\021"
 1812      AC7CB05E 
 1812      DAF2F3DE 
 1812      0D1340A3 
 1812      11
 1813 0c0d FCB5698B 		.ascii	"\374\265i\213w\360]c\3453\215\273d2'\310Q\220\270|\304"
 1813      77F05D63 
 1813      E5338DBB 
 1813      643227C8 
 1813      5190B87C 
 1814 0c22 A530E890 		.ascii	"\2450\350\220\247\224:i\214\301m\017\2045\304T\242X"
 1814      A7943A69 
 1814      8CC16D0F 
 1814      8435C454 
ARM GAS  C:\Users\nicx5\AppData\Local\Temp\ccXYfuNk.s 			page 55


 1814      A258
 1815 0c34 A7636E75 		.ascii	"\247cnu\307*\310\251\243\274,>\247\034\004\365H8G\326"
 1815      C72AC8A9 
 1815      A3BC2C3E 
 1815      A71C04F5 
 1815      483847D6 
 1816 0c48 C7464C4B 		.ascii	"\307FLK\336V\261\252\372\362\331\243^\354\317\372\215"
 1816      DE56B1AA 
 1816      FAF2D9A3 
 1816      5EECCFFA 
 1816      8D
 1817 0c59 BE2E4FCA 		.ascii	"\276.O\312C\371\351\366\243\273\353Q\223\312\350=\304"
 1817      43F9E9F6 
 1817      A3BBEB51 
 1817      93CAE83D 
 1817      C4
 1818 0c6a AB02     		.ascii	"\253\002"
 1819              		.text
 1820              		.section	.gnu.lto_.symtab.1f2fd209,"e",%progbits
 1821 0000 53797374 		.ascii	"SystemClock_Config\000"
 1821      656D436C 
 1821      6F636B5F 
 1821      436F6E66 
 1821      696700
 1822 0013 00       		.ascii	"\000"
 1823 0014 00       		.ascii	"\000"
 1824 0015 00       		.ascii	"\000"
 1825 0016 00000000 		.ascii	"\000\000\000\000\000\000\000\000"
 1825      00000000 
 1826 001e 8B010000 		.ascii	"\213\001\000\000"
 1827 0022 4572726F 		.ascii	"Error_Handler\000"
 1827      725F4861 
 1827      6E646C65 
 1827      7200
 1828 0030 00       		.ascii	"\000"
 1829 0031 02       		.ascii	"\002"
 1830 0032 00       		.ascii	"\000"
 1831 0033 00000000 		.ascii	"\000\000\000\000\000\000\000\000"
 1831      00000000 
 1832 003b 8D010000 		.ascii	"\215\001\000\000"
 1833 003f 48414C5F 		.ascii	"HAL_RCC_ClockConfig\000"
 1833      5243435F 
 1833      436C6F63 
 1833      6B436F6E 
 1833      66696700 
 1834 0053 00       		.ascii	"\000"
 1835 0054 02       		.ascii	"\002"
 1836 0055 00       		.ascii	"\000"
 1837 0056 00000000 		.ascii	"\000\000\000\000\000\000\000\000"
 1837      00000000 
 1838 005e 9B010000 		.ascii	"\233\001\000\000"
 1839 0062 48414C5F 		.ascii	"HAL_RCC_OscConfig\000"
 1839      5243435F 
 1839      4F736343 
 1839      6F6E6669 
 1839      6700
 1840 0074 00       		.ascii	"\000"
ARM GAS  C:\Users\nicx5\AppData\Local\Temp\ccXYfuNk.s 			page 56


 1841 0075 02       		.ascii	"\002"
 1842 0076 00       		.ascii	"\000"
 1843 0077 00000000 		.ascii	"\000\000\000\000\000\000\000\000"
 1843      00000000 
 1844 007f A2010000 		.ascii	"\242\001\000\000"
 1845 0083 48414C5F 		.ascii	"HAL_PWREx_ConfigSupply\000"
 1845      50575245 
 1845      785F436F 
 1845      6E666967 
 1845      53757070 
 1846 009a 00       		.ascii	"\000"
 1847 009b 02       		.ascii	"\002"
 1848 009c 00       		.ascii	"\000"
 1849 009d 00000000 		.ascii	"\000\000\000\000\000\000\000\000"
 1849      00000000 
 1850 00a5 A6010000 		.ascii	"\246\001\000\000"
 1851              		.text
 1852              		.section	.gnu.lto_.ext_symtab.1f2fd209,"e",%progbits
 1853 0000 01       		.ascii	"\001"
 1854 0001 01       		.ascii	"\001"
 1855 0002 00       		.ascii	"\000"
 1856 0003 01       		.ascii	"\001"
 1857 0004 00       		.ascii	"\000"
 1858 0005 01       		.ascii	"\001"
 1859 0006 00       		.ascii	"\000"
 1860 0007 01       		.ascii	"\001"
 1861 0008 00       		.ascii	"\000"
 1862 0009 01       		.ascii	"\001"
 1863 000a 00       		.ascii	"\000"
 1864              		.text
 1865              		.section	.gnu.lto_.opts,"e",%progbits
 1866 0000 272D666E 		.ascii	"'-fno-openmp' '-fno-openacc' '-fno-pie' '-fcf-prote"
 1866      6F2D6F70 
 1866      656E6D70 
 1866      2720272D 
 1866      666E6F2D 
 1867 0033 6374696F 		.ascii	"ction=none' '-g' '-mcpu=cortex-m7' '-mthumb' '-mfpu"
 1867      6E3D6E6F 
 1867      6E652720 
 1867      272D6727 
 1867      20272D6D 
 1868 0066 3D667076 		.ascii	"=fpv5-d16' '-mfloat-abi=hard' '-mlibarch=armv7e-m+f"
 1868      352D6431 
 1868      36272027 
 1868      2D6D666C 
 1868      6F61742D 
 1869 0099 702E6470 		.ascii	"p.dp' '-march=armv7e-m+fp.dp' '-Os' '-fdata-section"
 1869      2720272D 
 1869      6D617263 
 1869      683D6172 
 1869      6D763765 
 1870 00cc 73272027 		.ascii	"s' '-ffunction-sections' '-flto' '-fmerge-constants"
 1870      2D666675 
 1870      6E637469 
 1870      6F6E2D73 
 1870      65637469 
 1871 00ff 2720272D 		.ascii	"' '-fno-unwind-tables' '-fno-asynchronous-unwind-ta"
ARM GAS  C:\Users\nicx5\AppData\Local\Temp\ccXYfuNk.s 			page 57


 1871      666E6F2D 
 1871      756E7769 
 1871      6E642D74 
 1871      61626C65 
 1872 0132 626C6573 		.ascii	"bles' '-Xassembler' '-a' '-Xassembler' '-ad' '-Xass"
 1872      2720272D 
 1872      58617373 
 1872      656D626C 
 1872      65722720 
 1873 0165 656D626C 		.ascii	"embler' '-alms=build_bootloader/system_config.lst'\000"
 1873      65722720 
 1873      272D616C 
 1873      6D733D62 
 1873      75696C64 
 1874              		.text
 1875              		.comm	__gnu_lto_slim,1,1
 1876              		.ident	"GCC: (GNU) 13.3.0"
ARM GAS  C:\Users\nicx5\AppData\Local\Temp\ccXYfuNk.s 			page 58


DEFINED SYMBOLS
                            *ABS*:00000000 system_config.c
C:\Users\nicx5\AppData\Local\Temp\ccXYfuNk.s:27     .gnu.debuglto_.debug_info:00000000 system_config.c.53b5793a
                            *COM*:00000001 __gnu_lto_slim

NO UNDEFINED SYMBOLS
